發生年度,發生月,發生日,發生時-Hours,發生分,區序,肇事地點,死亡人數,2-30日死亡人數,受傷人數,當事人序號,車種,天候,光線,道路類別,速限-速度限制,道路型態,事故位置,路面狀況1,路面狀況2,路面狀況3,道路障礙1,道路障礙2,號誌1,號誌2,車道劃分-分向,車道劃分-分道1,車道劃分-分道2,車道劃分-分道3,事故類型及型態,性別,年齡,受傷程度,主要傷處,保護裝置,行動電話,車輛用途,當事者行動狀態,駕駛資格情形,駕駛執照種類,飲酒情形,車輛撞擊部位1,肇因碼-個別,個人肇逃否,職業,座標-X,座標-Y
114,01,06,17,52,01大同區,大同區延平北路2段與延平北路2段210巷口,0,0,2,1,C03,7,5,5,50,3,2,1,5,4,5,13,2,1,5,4,5,2,13,2,46,2,9,5,4,7,9,1,10,1,11,108,1,21,121.5115668,25.0596879
114,01,06,17,54,03中山區,中山區錦西街與民生西路3巷口,0,0,1,1,B03,7,5,5,30,4,1,1,5,4,5,13,4,4,8,5,5,2,15,2,75,3,10,7,1,7,9,1,8,1,8,72,1,22,121.5218614,25.0602961
114,01,06,18,00,10文山區,文山區福興路24號,0,0,1,1,F01,7,5,5,50,14,9,1,5,4,5,13,4,4,5,5,5,2,17,1,13,2,8,4,1,7,9,8,20,1,11,108,1,15,121.5511096,25.002959
114,01,06,18,08,05中正區,中正區羅斯福路1段8號前,0,0,1,1,C03,8,5,5,50,14,7,1,5,4,5,13,4,4,2,4,4,2,13,1,34,2,7,6,1,7,9,1,10,2,11,16,1,22,121.5184122,25.0324134
114,01,06,18,19,10文山區,文山區木新路3段278巷與木新路3段232巷7弄口口,0,0,1,1,C03,8,5,5,30,3,1,1,5,4,5,13,4,4,10,5,5,2,16,2,42,2,7,5,1,7,9,1,10,1,11,44,1,21,121.5580388,24.9816289
114,01,06,18,44,06松山區,松山區健康路與塔悠路口,0,0,1,1,C03,7,5,5,50,3,1,1,5,4,5,13,2,1,9,4,5,2,17,1,61,3,10,5,1,7,5,1,10,1,13,8,1,22,121.5699317,25.0544382
114,01,06,18,58,12內湖區,內湖區行善路417巷與金莊路口,0,0,1,1,B03,7,5,5,50,3,1,1,5,4,5,13,1,1,8,3,5,1,1,2,49,4,11,3,4,7,5,1,8,11,15,70,2,21,121.5876824,25.06454179
114,01,06,19,30,11南港區,南港區南港路3段53號,0,0,1,1,B03,7,5,5,50,14,7,1,5,4,5,13,2,1,5,4,5,2,13,1,28,3,10,7,1,7,9,3,18,11,5,16,2,21,121.5896109,25.0532947
114,01,06,20,10,08士林區,士林區中山北路6段405巷與中山北路6段441巷46弄口,0,0,1,1,B03,7,5,5,50,4,1,1,5,4,5,13,4,4,9,5,5,1,16,1,49,3,10,7,1,7,11,1,8,1,8,10,1,22,121.5260636,25.1173706
114,01,06,20,15,03中山區,中山區中山北路2段18號,0,0,2,1,C03,7,5,6,50,14,9,1,5,3,5,13,4,4,5,4,3,2,12,2,24,2,9,5,4,7,1,1,10,1,14,19,1,21,121.5232453,25.0528396
114,01,06,20,19,08士林區,士林區社子街63巷1號,0,0,1,1,H02,8,5,5,50,14,9,1,5,4,5,13,4,4,4,1,5,1,9,2,49,3,10,7,5,7,20,8,20,10,16,126,1,21,121.5069377,25.0876904
114,01,06,21,06,05中正區,中正區中華路2段33號,0,0,1,1,C03,7,5,5,50,14,9,1,5,4,5,13,4,4,1,4,5,2,17,2,38,2,8,5,1,7,6,1,10,1,12,9,1,22,121.5064739,25.0353834
114,01,06,21,20,12內湖區,內湖區內湖路1段323巷與內湖路1段285巷65弄口,0,0,1,1,B03,8,5,5,50,3,1,1,5,4,5,13,4,4,9,5,5,2,17,1,58,3,10,3,4,7,6,1,8,1,17,72,1,21,121.5681253,25.0844662
114,01,06,21,52,03中山區,中山區民族東路與中山北路3段口,0,0,1,1,B01,7,5,5,50,4,1,1,5,4,5,13,1,1,5,4,5,2,16,1,62,3,10,3,4,7,5,1,4,2,1,44,1,21,121.5240682,25.07262029
114,01,06,21,55,05中正區,中正區林森南路與林森南路61巷口,0,0,1,1,B03,8,5,5,50,5,2,1,5,4,5,13,1,1,4,4,5,2,17,2,42,3,10,7,1,7,8,1,8,1,2,100,1,21,121.5217881,25.03955492
114,01,06,22,02,09北投區,北投區光明路174號,0,0,1,1,B03,7,5,5,50,14,9,1,5,4,5,13,4,4,5,5,5,2,12,1,26,3,10,7,1,7,1,1,8,2,8,19,1,21,121.5030536,25.1355854
114,01,06,22,14,03中山區,中山區農安街與松江路469巷口,0,0,2,1,B03,7,5,5,50,4,1,1,5,4,5,13,4,4,5,4,5,2,17,1,30,3,10,7,1,7,5,1,8,1,5,80,1,21,121.5360793,25.06465841
114,01,06,22,43,12內湖區,內湖區成功路2段312巷17號前,0,0,2,1,C03,8,5,5,30,11,9,1,5,4,3,13,4,4,10,5,5,2,11,2,62,2,9,6,1,7,9,1,10,1,14,17,1,21,121.5896728,25.0671688
114,01,07,01,20,03中山區,中山區南京東路3段與復興北路口,0,0,1,1,,7,5,5,50,4,2,1,5,4,5,13,2,1,1,4,4,2,17,4,0,4,11,3,4,7,21,7,19,11,17,119,2,22,121.5438004,25.0517696
114,01,07,05,40,01大同區,大同區延平北路3段與昌吉街口口,0,0,2,1,F01,8,5,5,50,4,1,1,5,4,5,13,2,1,5,5,5,2,15,1,68,2,1,4,1,7,9,8,20,2,11,81,1,21,121.5109991,25.0660174
114,01,07,06,09,08士林區,士林區仰德大道2段與仰德大道2段29巷口,0,0,1,1,B03,7,5,5,40,3,2,1,5,4,5,13,4,4,4,5,5,1,12,1,49,3,10,7,1,7,9,1,8,1,2,108,1,29,121.5425103,25.103916
114,01,07,07,17,07信義區,信義區基隆路2段與嘉興街127巷口,0,0,1,1,B13,8,6,5,50,3,1,1,5,4,5,13,4,4,2,4,5,2,17,1,35,3,10,7,1,7,6,1,8,2,6,9,1,21,121.5573662,25.0291081
114,01,07,07,20,10文山區,文山區羅斯福路6段246號,0,0,1,1,A02,8,6,5,50,14,9,1,5,4,5,13,4,4,1,4,5,2,12,1,63,3,10,7,1,7,9,1,2,1,2,17,1,21,121.5403529,24.9919763
114,01,07,07,22,10文山區,文山區木柵路4段與木柵路4段149巷口,0,0,1,1,B03,8,7,5,50,3,1,1,5,4,5,13,1,1,5,4,5,2,16,2,67,3,10,7,1,7,6,1,8,1,6,9,1,21,121.5749962,24.9987441
114,01,07,07,51,07信義區,信義區中坡南路與中坡南路31巷口,0,0,1,1,C03,8,7,5,30,4,1,1,5,4,5,13,4,4,9,4,4,2,15,1,56,3,10,5,4,7,9,1,10,1,17,80,1,21,121.5831779,25.0430803
114,01,07,07,55,09北投區,北投區文林北路與北科路口,0,0,2,1,C03,8,6,5,40,14,8,1,5,4,5,13,4,4,1,4,4,2,17,2,26,2,9,6,1,7,9,1,10,2,11,108,1,26,121.5186586,25.1043994
114,01,07,08,03,10文山區,文山區木柵路4段149巷與木柵路4段149巷口無名巷口,0,0,1,1,B03,8,7,5,30,3,2,1,5,4,5,13,4,4,10,5,5,2,13,1,60,3,10,7,1,7,6,1,8,1,5,9,1,21,121.5748967,24.999375
114,01,07,08,43,01大同區,大同區民權西路216號,0,0,1,1,C03,8,5,5,50,14,9,1,5,4,5,13,4,4,9,4,5,1,16,1,45,3,10,3,4,7,9,1,10,1,14,17,1,21,121.5140245,25.0628958
114,01,07,08,44,02萬華區,萬華區興義街與西園路2段320巷口,0,0,1,1,B03,8,7,5,30,4,2,1,5,4,5,13,4,4,10,5,5,2,17,1,26,3,10,7,1,7,9,1,8,1,5,72,1,21,121.4919308,25.0265315
114,01,07,08,47,03中山區,中山區民生東路1段61巷與民生東路口,0,0,2,1,C03,7,7,5,30,4,1,1,5,4,5,13,4,4,8,5,5,2,16,1,48,2,8,5,1,7,5,1,10,1,12,72,1,22,121.5264962,25.0580363
114,01,07,08,47,06松山區,松山區民權東路5段與撫遠街口口,0,0,1,1,A02,8,6,5,50,4,1,1,5,4,5,13,1,1,8,3,4,2,17,1,27,3,10,7,1,7,5,1,2,1,5,44,1,21,121.5660112,25.063292
114,01,07,08,48,04大安區,大安區樂利路與安和路2段171巷口,0,0,2,1,C03,8,6,8,40,4,1,1,5,4,5,13,1,1,5,5,5,2,17,2,30,2,9,6,1,7,5,1,10,1,12,71,1,21,121.5510694,25.0281811
114,01,07,08,55,07信義區,信義區永吉路89號,0,0,2,1,C03,8,7,5,50,14,9,1,5,4,5,13,4,4,9,4,5,2,13,2,35,2,8,5,4,7,9,1,10,1,11,16,1,21,121.5699726,25.0457506
114,01,07,08,58,05中正區,中正區中山北路1段與市民大道1段口,0,0,1,1,C03,8,6,5,40,4,2,1,5,4,5,13,1,1,1,4,5,2,16,2,32,2,9,6,1,7,7,1,10,2,14,100,1,22,121.52043,25.0480534
114,01,07,09,08,03中山區,中山區市民大道3段與八德路2段210巷口,0,0,1,1,B01,8,6,5,40,3,1,1,5,4,5,13,2,1,1,4,5,2,16,1,62,3,10,7,1,7,6,1,4,1,6,9,1,21,121.5395841,25.0447832
114,01,07,09,10,04大安區,大安區復興南路2段104號,0,0,1,1,C03,8,6,5,50,14,9,1,5,4,5,13,4,4,1,4,5,2,17,2,65,3,10,5,1,7,9,1,10,1,11,44,1,22,121.5434055,25.0296333
114,01,07,09,41,05中正區,中正區重慶南路1段與重慶南路1段126巷口,0,0,1,1,B03,8,5,5,50,3,2,1,5,4,5,13,4,4,9,5,5,2,17,2,48,3,10,7,1,7,5,1,8,1,5,74,1,21,121.5126,25.03714091
114,01,07,09,44,08士林區,士林區士東路120巷20弄7號,0,0,1,1,C03,8,6,5,30,14,9,1,5,4,5,13,4,4,10,5,5,1,3,1,58,3,10,5,1,7,9,1,10,11,11,108,1,21,121.5292282,25.1115139
114,01,07,09,46,02萬華區,萬華區廣州街245號,0,0,1,1,B03,7,6,5,50,14,9,1,5,4,5,13,4,4,8,3,5,2,2,1,45,3,10,3,4,7,9,3,18,1,1,108,1,22,121.4978593,25.0367709
114,01,07,09,50,03中山區,中山區中山北路4段圓山飯店下方機慢車專用道,0,0,1,1,C03,7,5,5,25,14,11,1,5,4,5,13,4,4,10,5,4,1,12,1,30,3,10,5,1,7,9,1,21,1,12,17,1,22,121.5257183,25.0750147
114,01,07,09,57,10文山區,文山區羅斯福路6段與羅斯福路6段166巷口,0,0,1,1,B03,8,6,5,50,4,1,1,5,4,5,13,2,1,1,4,5,2,16,1,31,3,10,7,1,7,5,1,1,1,2,71,1,21,121.5411247,24.9949181
114,01,07,10,01,03中山區,中山區松江路362巷與民權東路2段92巷口,0,0,1,1,B01,8,6,5,30,4,1,1,5,4,5,13,4,4,10,5,5,2,8,1,67,3,10,7,1,7,2,1,4,1,7,12,1,21,121.5317101,25.0619367
114,01,07,10,01,10文山區,文山區興隆路3段與興德路口,0,0,2,1,C03,8,6,5,50,3,2,1,5,4,5,13,2,1,1,4,5,2,16,2,52,2,7,6,1,7,5,1,10,1,12,74,1,21,121.5552201,25.000675
114,01,07,10,04,08士林區,士林區忠誠路2段178巷與忠誠路2段166巷28弄口,0,0,1,1,B03,8,5,5,30,4,2,1,5,4,5,13,4,4,10,5,5,2,16,2,73,3,10,2,1,7,9,1,8,1,1,75,1,21,121.532705,25.11644553
114,01,07,10,40,11南港區,南港區忠孝東路7段與忠孝東路7段265巷口,0,0,1,1,C03,8,6,5,50,3,1,1,5,4,5,13,2,1,1,3,4,2,13,1,35,2,8,3,4,7,9,1,10,1,11,16,1,21,121.603703,25.0517797
114,01,07,11,00,08士林區,士林區雨聲街105號旁,0,0,1,1,B03,8,6,5,30,14,9,1,5,4,5,13,4,4,5,2,5,1,16,1,53,3,10,7,1,7,6,1,8,1,2,9,1,21,121.5302289,25.1045967
114,01,07,11,32,02萬華區,萬華區環河南路1段與漢口街2段口,0,0,1,1,B01,7,7,5,50,3,1,1,5,4,5,13,3,1,8,3,5,1,13,1,58,3,10,3,4,7,9,1,4,1,1,76,1,22,121.5034841,25.0463829
114,01,07,11,45,09北投區,北投區中和街222號對面,0,0,1,1,B03,8,6,5,50,14,9,1,5,4,5,13,4,4,5,5,5,2,17,1,56,3,10,7,1,7,8,1,8,1,2,100,1,26,121.5017868,25.1389697
114,01,07,11,54,04大安區,大安區市民大道4段196號,0,0,1,1,B13,8,5,5,40,3,1,1,5,4,5,13,4,4,1,4,5,2,16,1,30,3,10,7,1,7,6,1,8,1,5,9,1,21,121.5550814,25.0444332
114,01,07,12,10,05中正區,中正區辛亥車行地下道往建高,0,0,1,1,B03,8,5,5,40,7,7,1,5,4,5,13,4,4,2,4,5,2,13,1,31,3,10,7,1,7,9,1,8,1,1,108,1,21,121.5335294,25.0158001
114,01,07,12,13,02萬華區,萬華區漢口街2段90巷與漢口街2段90巷8弄口,0,0,1,1,C03,7,6,5,30,4,1,1,5,4,5,13,4,4,10,5,5,1,17,2,36,2,9,3,4,7,9,1,10,1,12,75,1,22,121.5042296,25.0458138
114,01,07,12,19,08士林區,士林區士商路110號對面,0,0,1,1,C03,8,6,5,50,14,9,1,5,4,5,13,4,4,5,2,5,1,16,1,42,3,10,5,1,7,11,1,10,1,12,92,1,21,121.5190667,25.0920317
114,01,07,12,35,06松山區,松山區南京東路5段與寶清街口,0,0,3,1,C03,7,7,5,50,4,1,1,5,4,5,13,1,1,9,4,5,2,16,1,37,2,9,5,1,7,5,1,10,1,14,8,1,21,121.5683131,25.05146101
114,01,07,12,53,02萬華區,萬華區東園街73巷與東園街73巷40弄口,0,0,1,1,B12,7,7,5,30,4,1,1,5,4,5,13,4,4,10,5,5,2,15,1,59,3,10,3,4,7,9,1,8,2,8,72,1,22,121.4975965,25.0263561
114,01,07,13,03,02萬華區,萬華區富民路91巷與富民路14巷15弄口,0,0,1,1,B12,8,7,5,30,4,1,1,5,4,5,13,4,4,9,5,5,2,15,1,39,3,10,7,1,7,9,1,8,1,1,14,1,22,121.4992265,25.0191725
114,01,07,13,30,05中正區,中正區許昌街28號,0,0,1,1,B03,8,7,5,30,14,9,1,5,4,5,13,4,4,10,5,5,2,17,1,43,3,10,7,1,7,14,1,8,2,2,40,1,21,121.515904,25.0454995
114,01,07,13,35,11南港區,南港區舊莊街1段21號,0,0,1,1,B12,8,6,5,50,14,9,1,5,4,5,13,4,4,9,5,5,2,12,1,50,3,10,3,4,7,4,6,8,1,2,108,1,22,121.6178899,25.0416896
114,01,07,13,56,04大安區,大安區仁愛路3段與復興南路1段口,0,0,1,1,B03,8,5,5,50,4,1,1,5,4,5,13,2,1,1,4,5,2,17,1,34,3,10,7,1,7,6,1,8,1,5,17,1,21,121.5435368,25.038187
114,01,07,13,59,11南港區,南港區忠孝東路6段與東新街口,0,0,2,1,C03,8,5,5,50,4,1,1,5,4,5,13,1,1,1,3,5,2,13,1,28,2,7,3,4,7,9,1,10,1,11,16,1,21,121.5850793,25.0478759
114,01,07,14,05,08士林區,士林區延平北路7段106巷327弄與延平北路7段106巷口,0,0,2,1,C03,7,7,5,30,3,1,1,5,4,5,13,1,1,10,5,5,2,17,1,39,2,9,6,1,7,5,1,10,1,12,71,1,21,121.4959173,25.1045008
114,01,07,14,22,09北投區,北投區大興街與清江路口,0,0,1,1,C03,7,6,5,30,4,1,1,5,4,5,13,2,1,5,4,5,2,16,1,55,3,10,5,1,7,5,3,18,9,11,83,2,26,121.5021847,25.13083452
114,01,07,14,24,05中正區,中正區重慶南路3段與廈門街66巷口,0,0,3,1,C03,8,6,5,50,3,2,1,5,4,5,13,4,4,3,4,5,2,17,2,45,2,9,5,1,7,9,1,10,2,14,72,1,21,121.5166519,25.0250585
114,01,07,14,25,08士林區,士林區通河街76巷與承德路4段10巷口,0,0,1,1,C03,8,6,5,30,4,2,1,5,4,5,13,4,4,9,5,5,1,15,1,48,2,9,5,1,7,9,1,10,1,12,72,1,21,121.5201204,25.0801251
114,01,07,14,27,11南港區,南港區南港路1段174號,0,0,2,1,C03,8,6,5,50,14,9,1,5,4,5,13,4,4,5,3,5,2,16,2,64,2,9,6,1,7,1,1,10,1,11,19,1,21,121.6116523,25.0552194
114,01,07,14,37,08士林區,士林區福華路139號,0,0,1,1,B03,8,6,5,50,14,9,1,5,4,5,13,4,4,1,4,5,2,17,2,70,3,10,7,1,7,3,1,8,1,8,18,1,21,121.5222867,25.1027206
114,01,07,14,38,01大同區,大同區環河堤外便道近3號水門,0,0,1,1,A03,7,7,5,40,14,9,1,5,4,5,13,4,4,9,4,5,2,17,1,53,3,10,7,1,7,1,1,6,1,17,19,1,21,121.5063169,25.0515958
114,01,07,14,42,02萬華區,萬華區康定路與武昌街2段口,0,0,2,1,C03,8,6,5,50,4,1,1,5,4,5,13,2,1,9,4,4,2,16,2,48,2,8,6,1,7,5,1,10,1,11,71,1,22,121.5031459,25.045576
114,01,07,14,42,04大安區,大安區復興南路2段335號,0,0,1,1,C03,8,5,5,40,14,8,1,5,4,5,13,2,1,2,4,4,2,13,1,37,2,9,3,4,7,9,1,10,1,11,16,1,21,121.5434788,25.0234812
114,01,07,14,48,08士林區,士林區士東路339號,0,0,2,1,C03,8,6,5,50,14,9,1,5,4,5,13,2,1,1,4,5,1,13,2,41,2,1,5,1,7,9,1,10,11,11,118,1,21,121.539229,25.1142113
114,01,07,15,16,04大安區,大安區安和路2段171巷與樂利路口,0,0,1,1,B03,8,6,5,40,4,1,1,5,4,5,13,1,1,5,5,5,2,17,1,48,3,10,7,1,7,5,1,8,1,6,74,1,21,121.5510805,25.0281532
114,01,07,15,17,08士林區,士林區德行西路與磺溪街口,0,0,1,1,B03,8,7,5,50,3,2,1,5,4,5,13,2,1,9,4,5,1,17,2,36,3,10,7,1,7,9,1,8,2,2,108,1,21,121.5237846,25.10580596
114,01,07,15,40,03中山區,中山區長安東路2段與建國北路1段口,0,0,1,1,B03,8,7,7,50,4,1,1,5,4,5,13,2,1,5,2,5,2,17,1,18,3,10,7,1,7,6,1,8,1,2,44,1,21,121.5365613,25.0483275
114,01,07,15,50,01大同區,大同區重慶北路3段與民族西路口,0,0,1,1,A04,8,6,5,50,4,2,1,5,4,5,13,4,4,1,4,5,2,17,1,56,3,10,3,4,7,8,1,2,2,2,100,1,21,121.5135978,25.0683782
114,01,07,16,07,02萬華區,萬華區西園路2段與艋舺大道口,0,0,1,1,H01,8,6,5,50,4,1,1,5,4,5,13,2,1,1,4,5,2,3,1,84,3,10,4,5,8,16,8,20,10,16,121,1,22,121.497977,25.0330235
114,01,07,16,41,01大同區,大同區太原路與太原路92巷口,0,0,2,1,B03,8,5,5,50,14,9,1,5,4,5,13,4,4,9,4,5,1,16,1,34,3,10,3,4,7,5,1,8,1,8,44,1,21,121.5157148,25.0522257
114,01,07,16,42,01大同區,大同區重慶北路2段與重慶北路2段46巷口,0,0,1,1,B01,8,6,5,50,5,2,1,5,4,5,13,2,1,1,4,5,2,17,1,61,3,10,7,1,7,9,1,4,1,5,108,1,21,121.5140928,25.0549193
114,01,07,17,30,03中山區,中山區民權東路3段75巷與民權東路3段口,0,0,1,1,B01,7,5,5,50,3,1,1,5,4,5,13,4,4,3,4,4,2,16,1,69,3,10,3,4,7,6,1,4,1,5,9,1,21,121.5435824,25.0624667
114,01,07,17,42,10文山區,文山區和平東路4段近莊敬隧道,0,0,1,1,C03,7,6,5,40,14,9,1,5,4,5,13,4,4,5,5,5,2,17,1,62,3,10,6,1,7,9,1,10,9,17,118,1,21,121.5663017,25.0070774
114,01,07,17,46,04大安區,大安區基隆路2段與臨江街口,0,0,1,1,C03,8,5,5,50,14,9,1,5,4,5,13,4,4,1,5,5,2,12,2,29,2,9,3,4,7,1,1,10,1,14,19,1,21,121.5572577,25.0293463
114,01,07,17,49,02萬華區,萬華區華中橋機車道上橋處往新北,0,0,1,1,C03,7,5,7,40,10,11,1,5,4,5,13,4,4,10,4,5,2,13,1,75,3,10,5,1,7,12,1,10,1,13,16,1,21,121.4956012,25.0167582
114,01,07,17,57,12內湖區,內湖區洲子街12號旁（停車場出入口）,0,0,1,1,C03,8,5,5,30,14,9,1,5,4,3,13,4,4,5,4,5,2,16,2,27,2,9,6,1,7,1,1,10,1,12,19,1,21,121.5753755,25.078392
114,01,07,18,02,09北投區,北投區秀山路與秀山路46巷附近口,0,0,2,1,C03,8,5,5,50,14,19,1,5,4,5,13,4,4,5,5,5,2,9,1,51,2,9,6,1,7,9,1,10,2,11,70,1,22,121.4926094,25.1451025
114,01,07,18,03,10文山區,文山區興隆路2段與景華街口,0,0,1,1,C03,7,5,5,50,5,1,1,5,4,5,12,2,1,5,5,5,2,15,2,42,3,10,5,1,7,11,1,10,1,11,85,1,21,121.5473572,24.9994818
114,01,07,18,14,01大同區,大同區錦西街與錦西街52巷口,0,0,1,1,F01,7,5,5,50,3,1,1,5,4,5,13,4,4,5,5,5,2,17,2,40,3,10,4,4,7,5,8,20,1,17,72,1,22,121.5198032,25.0603349
114,01,07,18,20,03中山區,中山區民權西路68號前,0,0,3,1,C03,8,7,5,50,14,7,1,5,4,5,13,4,4,1,4,4,2,17,1,24,2,9,3,4,7,9,1,10,1,11,42,1,21,121.51977,25.0627892
114,01,07,18,25,05中正區,中正區羅斯福路4段與羅斯福路4段196巷口,0,0,1,1,B01,8,5,5,50,3,1,1,5,4,5,13,4,4,1,4,5,2,17,1,65,3,10,7,1,7,6,1,4,2,2,9,1,21,121.5366498,25.011779
114,01,07,18,31,05中正區,中正區青島東路與鎮江街口,0,0,3,1,C03,7,5,5,50,4,1,1,5,4,5,13,1,1,9,4,4,2,16,2,27,2,8,5,1,7,5,1,10,1,12,8,1,21,121.5212438,25.04402622
114,01,07,18,32,07信義區,信義區大道路139號,0,0,1,1,C03,8,5,5,50,14,9,1,5,4,5,13,4,4,5,5,5,2,13,2,49,2,8,3,4,7,9,1,10,2,11,108,1,21,121.5834048,25.038769
114,01,07,18,35,04大安區,大安區金華街251號,0,0,3,1,F01,7,5,5,50,14,9,1,5,4,5,13,4,4,5,5,5,2,16,1,15,2,1,2,1,7,5,8,20,1,14,44,1,21,121.5311555,25.0299166
114,01,07,18,40,08士林區,士林區福港街252號,0,0,1,1,C03,7,5,5,30,14,9,1,5,4,5,13,4,4,8,5,5,1,3,2,73,3,10,6,1,7,9,1,10,1,11,108,1,21,121.5175939,25.08394494
114,01,07,18,47,02萬華區,萬華區華江橋機慢車專用道往新北,0,0,3,1,C03,7,5,7,40,10,11,1,5,4,5,13,4,4,10,4,5,2,13,1,74,3,10,5,1,7,15,1,10,1,17,42,1,21,121.4890425,25.0357552
114,01,07,19,00,12內湖區,內湖區內湖路1段與文湖街口,0,0,2,1,C03,7,5,6,50,3,1,1,5,4,5,13,4,4,10,5,5,2,16,2,52,2,9,6,1,7,9,1,10,2,12,44,1,21,121.559787,25.08498612
114,01,07,19,33,04大安區,大安區市民大道3段與八德路2段210巷口(南側),0,0,1,1,,8,5,5,0,14,9,1,4,4,5,13,1,1,1,3,5,2,27,3,61,,,,,,,,,,,66,1,,121.5394408,25.0444971
114,01,07,19,52,09北投區,北投區學園路與學園路口,0,0,1,1,C03,8,5,5,30,4,1,1,5,4,5,13,1,1,10,5,5,2,17,1,22,3,10,6,1,7,5,1,10,9,17,71,2,25,121.4672379,25.1329699
114,01,07,21,35,01大同區,大同區市民高架道440燈桿,0,0,2,1,B03,8,5,5,60,14,7,1,5,4,5,13,4,4,1,5,5,1,13,1,36,3,10,7,1,7,9,1,8,2,1,108,1,21,121.5186165,25.048495
114,01,07,21,46,06松山區,松山區松河街70號,0,0,2,1,C03,7,5,5,40,14,9,1,4,4,5,13,4,4,5,5,5,2,16,1,40,2,9,6,4,7,5,1,10,1,12,8,1,22,121.5747774,25.05097913
114,01,07,22,10,03中山區,中山區民權東路1段21號前,0,0,1,1,B01,7,5,5,50,14,9,1,5,4,5,13,4,4,1,4,4,2,17,1,60,3,10,3,4,7,4,1,4,1,2,108,1,21,121.523851,25.0628288
114,01,07,22,34,07信義區,信義區松德路267號,0,0,3,1,C03,7,5,5,40,14,7,1,5,4,5,13,4,4,9,4,4,2,17,2,59,2,1,5,1,7,5,3,18,1,11,80,1,22,121.5746279,25.0329964
114,01,07,22,51,02萬華區,萬華區萬大路與艋舺大道口,0,0,1,1,C03,8,5,5,50,4,2,1,5,4,5,13,2,1,5,4,5,2,12,1,70,2,8,6,1,7,8,1,10,1,13,100,1,21,121.5005423,25.0327425
114,01,07,22,52,12內湖區,內湖區成美橋與新明路口,0,0,1,1,C03,7,5,5,50,4,1,1,5,4,5,13,1,1,3,4,5,2,16,1,24,2,9,5,1,7,6,1,10,1,12,9,1,21,121.5822784,25.0556673
114,01,07,23,11,04大安區,大安區市民大道4段110號,0,0,1,1,C03,8,5,5,40,14,9,1,5,4,5,13,4,4,1,4,5,1,12,1,23,2,9,3,4,7,4,1,10,1,12,13,1,21,121.5505172,25.0445614
114,01,07,23,45,10文山區,文山區木柵路4段與木柵路4段111巷口,0,0,1,1,B02,7,6,5,50,3,1,1,5,4,5,13,1,1,10,5,5,2,16,1,28,3,10,7,1,7,5,1,8,2,2,8,1,21,121.5741224,24.9978063
114,01,08,00,01,02萬華區,萬華區西寧南路與成都路口,0,0,1,1,B03,7,5,5,50,4,1,1,5,4,5,13,2,1,10,4,5,2,17,1,20,4,11,3,4,7,6,7,19,11,15,17,2,22,121.5058179,25.0428181
114,01,08,00,30,01大同區,大同區承德路1段與太原路97巷口口,0,0,2,1,C03,8,5,5,30,4,1,1,5,4,5,13,3,1,1,5,5,1,15,2,54,2,9,6,1,7,9,1,10,1,11,4,1,21,121.5172042,25.0519299
114,01,08,01,19,10文山區,文山區辛亥路4段與萬美街2段口,0,0,1,1,B03,8,5,5,50,3,2,1,5,4,5,13,1,1,5,2,5,2,12,1,33,3,10,7,1,7,7,1,8,2,6,108,1,21,121.5579822,25.0060605
114,01,08,01,50,02萬華區,萬華區西園路2段320巷36弄35號,0,0,1,1,F02,7,7,5,30,14,9,1,5,4,5,13,4,4,10,5,5,2,18,2,43,2,9,4,1,7,9,8,20,4,17,42,1,21,121.4908369,25.0272983
114,01,08,04,14,02萬華區,萬華區青年路152巷與富民路145巷35弄口,0,0,2,1,C03,7,5,5,30,4,1,1,5,4,5,13,4,4,10,5,5,2,15,2,23,2,9,5,1,7,9,1,10,1,11,72,1,21,121.5007218,25.0197111
114,01,08,06,53,05中正區,中正區重慶南路1段與襄陽路口,0,0,2,1,C03,7,5,5,50,3,1,1,5,4,5,13,1,1,9,2,5,2,17,1,23,2,9,5,1,7,6,1,10,2,11,16,1,21,121.513265,25.0433587
114,01,08,07,18,02萬華區,萬華區萬大路與華中橋口下涵洞,0,0,2,1,C03,7,6,5,30,3,2,1,5,4,5,13,4,4,10,5,5,2,15,1,60,2,9,5,1,7,15,6,10,9,12,72,1,22,121.4965627,25.0179328
114,01,08,07,32,04大安區,大安區基隆路2段291巷與樂業街94巷口口,0,0,1,1,C03,7,6,5,30,3,1,1,5,4,5,13,4,4,10,5,5,2,13,1,42,2,8,5,1,7,9,1,9,1,11,42,1,22,121.5503496,25.0205648
114,01,08,07,32,05中正區,中正區博愛路與重慶南路1段136巷口,0,0,1,1,B01,7,6,5,30,3,1,1,5,4,5,13,4,4,7,4,5,2,16,1,56,3,10,7,1,7,6,1,1,2,8,72,1,21,121.51093,25.0364566
114,01,08,07,54,04大安區,大安區辛亥路3段157巷與臥龍街151巷口口,0,0,2,1,C03,7,6,5,50,5,1,1,5,4,5,13,2,1,9,4,5,2,17,1,29,2,9,5,1,7,15,1,10,1,11,108,1,21,121.5508354,25.018246
114,01,08,07,55,03中山區,中山區南京東路3段87號與南京東路3段89巷口,0,0,1,1,B03,7,7,5,50,3,2,1,5,4,5,13,4,4,10,3,5,2,15,1,50,3,10,3,1,7,1,1,8,1,1,108,1,22,121.5387939,25.0521713