發生年度,發生月,發生日,發生時-Hours,發生分,區序,肇事地點,死亡人數,2-30日死亡人數,受傷人數,當事人序號,車種,天候,光線,道路類別,速限-速度限制,道路型態,事故位置,路面狀況1,路面狀況2,路面狀況3,道路障礙1,道路障礙2,號誌1,號誌2,車道劃分-分向,車道劃分-分道1,車道劃分-分道2,車道劃分-分道3,事故類型及型態,性別,年齡,受傷程度,主要傷處,保護裝置,行動電話,車輛用途,當事者行動狀態,駕駛資格情形,駕駛執照種類,飲酒情形,車輛撞擊部位1,肇因碼-個別,個人肇逃否,職業,座標-X,座標-Y
114,01,13,12,53,02萬華區,萬華區萬大路534巷與武成街56巷口,0,0,2,1,C03,8,7,5,30,4,1,1,5,4,5,13,4,4,9,5,5,1,16,1,24,2,7,3,4,7,5,1,10,2,11,72,1,22,121.4951591,25.0193617
114,01,13,13,13,06松山區,松山區復興北路與五常街口,0,0,1,1,B03,8,6,5,50,4,1,1,5,4,5,13,1,1,1,4,5,2,15,1,44,3,10,7,1,7,9,1,8,2,4,81,1,22,121.5443076,25.0642922
114,01,13,13,23,07信義區,信義區嘉興街127巷與基隆路2段口,0,0,1,1,C03,8,6,5,50,3,1,1,5,4,5,13,1,1,2,4,5,2,13,1,28,2,8,5,1,7,9,1,10,2,14,81,1,21,121.5572411,25.0290971
114,01,13,13,30,05中正區,中正區信義路1段與中山南路口,0,0,2,1,C03,8,6,5,40,5,2,1,5,4,5,13,1,1,1,1,1,2,16,1,37,2,7,6,1,7,6,1,10,1,11,9,1,22,121.5180677,25.0384167
114,01,13,13,35,06松山區,松山區市民大道5段29號,0,0,2,1,C03,7,6,5,40,14,9,1,5,4,5,13,4,4,1,4,5,2,12,1,22,2,9,6,1,7,9,1,10,1,14,108,1,21,121.559074,25.0457144
114,01,13,13,47,06松山區,松山區民生東路5段與塔悠路口,0,0,2,1,C03,7,6,5,50,3,1,1,5,4,5,13,2,1,1,3,5,2,17,1,62,2,9,6,1,7,9,1,10,1,12,118,1,21,121.569092,25.059326
114,01,13,13,50,03中山區,中山區民權東路2段95號,0,0,1,1,B03,8,7,5,50,14,9,1,5,4,5,13,4,4,1,4,5,2,12,1,70,3,10,7,1,7,9,1,8,1,2,108,1,21,121.5326001,25.0626132
114,01,13,13,57,02萬華區,萬華區環河南路1段與成都路口口旁無名巷,0,0,1,1,B03,8,6,5,50,3,1,1,5,4,5,13,4,4,8,3,5,1,17,1,49,3,10,7,1,7,6,1,8,1,5,9,1,21,121.5010125,25.0442483
114,01,13,14,12,10文山區,文山區仙岩路21號,0,0,2,1,C03,8,6,5,50,14,9,1,5,4,5,13,4,4,9,5,5,2,12,1,43,2,9,5,1,7,9,1,10,1,12,44,1,21,121.5487062,24.99885541
114,01,13,14,34,09北投區,北投區石牌路2段與石牌路2段343巷口,0,0,2,1,C03,8,6,6,30,4,1,1,5,4,5,13,4,4,10,5,5,2,16,2,43,3,10,5,1,7,5,1,11,2,11,72,1,21,121.5248504,25.1230974
114,01,13,14,44,12內湖區,內湖區文德路279號,0,0,1,1,B03,8,6,5,50,14,9,1,5,4,5,13,4,4,1,4,5,2,17,2,35,3,10,7,1,7,8,1,8,1,5,100,1,21,121.5894952,25.07909436
114,01,13,14,46,08士林區,士林區延平北路5段與中正路口,0,0,2,1,A02,8,6,5,50,4,2,1,5,4,5,13,2,1,10,2,5,2,9,2,55,3,10,7,1,7,9,1,2,1,17,42,1,26,121.5099343,25.0868196
114,01,13,14,47,02萬華區,萬華區莒光路與興寧街66巷口,0,0,1,1,C03,7,7,5,50,3,1,1,5,4,5,13,4,4,3,2,5,2,17,1,21,2,9,6,1,7,9,1,10,1,11,13,1,22,121.5000487,25.0311814
114,01,13,14,55,12內湖區,內湖區文德路208巷與陽光街92巷25弄口,0,0,1,1,B03,7,5,8,30,3,1,1,5,4,5,13,3,1,4,5,5,1,16,2,61,3,10,3,4,7,6,1,8,1,8,72,1,21,121.5836063,25.0760574
114,01,13,14,57,05中正區,中正區重慶南路2段與愛國西路口,0,0,1,1,B03,8,6,8,50,4,1,1,5,4,5,13,1,1,1,4,5,2,17,1,27,3,10,7,1,7,6,1,8,2,2,9,1,21,121.5124866,25.0350207
114,01,13,15,24,04大安區,大安區忠孝東路4段205巷與市民大道4段口,0,0,1,1,C03,7,5,5,0,14,9,1,5,4,5,13,4,4,1,4,1,1,12,1,37,4,11,3,4,7,8,7,19,11,14,100,2,22,121.5522049,25.0443731
114,01,13,15,30,03中山區,中山區長春路與一江街口,0,0,2,1,C03,7,5,5,50,4,1,1,5,4,5,13,1,1,8,5,5,2,16,1,47,2,9,5,1,7,5,1,10,1,12,71,1,22,121.5315346,25.0548232
114,01,13,15,44,09北投區,北投區承德路7段3號,0,0,1,1,B12,8,7,5,60,14,9,1,5,4,5,13,4,4,1,4,5,2,16,1,22,3,10,7,1,7,6,3,18,2,6,9,1,22,121.5101829,25.1113811
114,01,13,16,07,09北投區,北投區承德路7段與承德路7段393巷口,0,0,1,1,C03,8,6,5,60,14,9,1,5,4,5,13,4,4,1,4,5,2,18,1,28,2,9,5,1,7,9,1,10,1,14,118,1,21,121.5012022,25.1196071
114,01,13,16,12,03中山區,中山區樂群二路與樂群二路116巷口,0,0,1,1,F01,8,7,5,0,3,1,1,5,4,5,13,4,4,1,4,5,2,17,1,23,2,8,4,1,7,9,8,20,1,17,42,1,21,121.555491,25.07998442
114,01,13,16,14,02萬華區,萬華區中華路2段與西藏路口,0,0,1,1,B03,8,5,5,50,4,1,1,5,4,5,13,1,1,5,4,4,2,17,1,56,3,10,7,4,7,9,1,8,1,7,108,1,21,121.5043502,25.0296543
114,01,13,16,15,12內湖區,內湖區康寧路1段195巷3弄與星雲街168巷口,0,0,1,1,C03,8,7,5,50,3,1,1,5,4,5,13,4,4,9,5,5,2,17,2,27,2,7,5,1,7,6,1,9,1,11,9,1,21,121.5973367,25.0794356
114,01,13,16,19,06松山區,松山區三民路與三民路107巷口,0,0,1,1,C03,8,7,5,50,14,9,1,5,4,5,13,4,4,9,4,4,2,13,1,49,2,9,6,1,7,7,1,10,2,11,108,1,22,121.5634889,25.0577089
114,01,13,16,20,08士林區,士林區延平北路6段308號,0,0,3,1,C03,7,6,5,50,14,9,1,5,4,5,13,2,1,9,4,5,1,13,1,17,2,9,3,4,7,9,2,18,2,11,16,1,21,121.5026739,25.0897359
114,01,13,16,29,04大安區,大安區忠孝東路4段與敦化南路1段口,0,0,2,1,C03,8,7,5,50,14,9,1,5,4,5,13,1,1,1,4,5,2,17,1,29,2,9,6,1,7,15,1,10,1,14,17,1,21,121.5486124,25.0409229
114,01,13,16,30,03中山區,中山區民權東路2段88號,0,0,2,1,C03,7,5,5,50,14,9,1,5,4,5,13,1,1,8,5,5,2,12,1,47,2,9,5,1,7,9,1,10,1,12,16,1,21,121.5314654,25.0624219
114,01,13,16,47,12內湖區,內湖區麗山街348巷20之1號,0,0,1,1,B03,8,7,5,30,14,9,1,5,4,5,13,4,4,9,4,5,2,17,2,42,3,10,7,1,7,3,1,8,2,3,18,1,21,121.5736876,25.0820938
114,01,13,16,55,05中正區,中正區水源快速道路127號燈桿處,0,0,1,1,B03,8,6,5,50,14,7,1,5,4,5,13,4,4,3,4,5,1,13,1,63,3,10,7,1,7,9,1,8,1,8,108,1,21,121.5232124,25.019485
114,01,13,17,14,05中正區,中正區重慶南路3段145號,0,0,1,1,C03,7,6,5,50,14,9,1,5,4,5,13,4,4,1,4,5,2,12,1,18,2,7,5,4,7,9,1,10,1,11,118,1,21,121.5169142,25.0233727
114,01,13,17,15,12內湖區,內湖區金湖路270號旁（汽車停車格）,0,0,3,1,C03,7,5,5,40,14,8,1,5,4,5,13,4,4,1,5,4,2,12,2,25,2,9,6,1,7,12,1,10,1,11,108,1,21,121.6013613,25.0753691
114,01,13,17,41,11南港區,南港區向陽路與南港路2段口,0,0,1,1,C03,8,5,5,50,4,2,1,5,4,5,13,1,1,1,4,5,2,13,1,21,2,7,5,1,7,9,1,10,1,14,42,1,21,121.5946021,25.054614
114,01,13,17,54,12內湖區,內湖區民權東路6段與民權東路6段90巷口,0,0,1,1,B03,8,5,6,50,5,1,1,5,4,5,13,2,1,1,4,5,2,16,1,70,3,10,3,4,7,5,1,8,2,1,71,1,21,121.5860083,25.0688577
114,01,13,17,55,12內湖區,內湖區金龍路與金龍路112巷口口,0,0,1,1,C03,8,5,5,50,4,1,1,5,4,5,13,2,1,5,4,5,2,16,1,32,3,10,5,1,7,5,1,10,1,12,74,1,21,121.5892703,25.0862507
114,01,13,18,00,12內湖區,內湖區安康路與安康路22巷口口,0,0,1,1,C03,7,5,5,50,14,9,1,5,4,5,13,2,1,5,5,5,2,13,1,22,3,10,5,1,7,14,1,10,9,13,44,1,21,121.5935952,25.0623427
114,01,13,18,19,12內湖區,內湖區民權大橋機車道內湖往松山,0,0,1,1,C03,8,5,5,40,8,11,1,5,4,5,13,4,4,1,4,4,2,13,1,37,3,10,5,1,7,9,1,10,1,11,108,1,21,121.5771716,25.0664536
114,01,13,18,25,08士林區,士林區百齡橋,0,0,1,1,C03,7,5,5,50,14,9,1,5,4,5,13,4,4,3,3,5,2,29,1,51,2,8,6,1,7,9,1,10,1,11,44,1,21,121.5114131,25.0878394
114,01,13,18,29,07信義區,信義區中坡南路與中坡南路98巷口,0,0,1,1,B03,8,5,5,50,3,2,1,5,4,5,13,1,1,4,3,4,2,16,1,56,3,10,3,4,7,11,1,2,1,7,10,1,21,121.5844151,25.0421703
114,01,13,18,40,06松山區,松山區健康路305號,0,0,1,1,B03,8,5,5,40,14,8,1,5,4,5,13,4,4,9,4,4,1,12,1,52,3,10,7,1,7,3,1,8,1,4,18,1,22,121.5650178,25.0542798
114,01,13,18,46,05中正區,中正區濟南路2段與杭州南路1段口,0,0,2,1,C03,7,5,5,50,4,2,1,5,4,5,13,1,1,10,5,5,2,16,1,55,2,8,6,1,7,6,1,10,2,17,9,1,21,121.5262597,25.041575
114,01,13,18,55,09北投區,北投區中央北路1段42-1號,0,0,1,1,B03,7,5,8,0,22,20,4,5,4,5,13,4,4,10,5,5,2,9,1,66,3,10,7,1,7,9,1,8,9,1,118,1,21,121.5007241,25.134069
114,01,13,19,04,12內湖區,內湖區民權東路6段50號,0,0,1,1,B03,8,5,5,40,14,8,1,5,4,5,13,4,4,1,4,4,2,16,1,28,3,10,7,1,7,6,1,8,1,5,9,1,21,121.5832648,25.0683764
114,01,13,19,09,10文山區,文山區景興路與景中街口,0,0,2,1,C03,8,5,5,50,4,1,1,5,4,5,13,2,1,1,2,5,2,16,1,22,2,3,6,1,7,5,1,10,1,11,8,1,21,121.5441863,24.9926292
114,01,13,19,20,06松山區,松山區民生東路4段80巷與民生東路4段56巷3弄口,0,0,1,1,B03,7,5,5,30,5,1,1,5,4,3,10,4,4,5,4,5,2,15,1,35,3,10,7,1,7,9,1,6,2,8,72,1,22,121.5529951,25.0572229
114,01,13,19,31,12內湖區,內湖區舊宗路1段與民權東路6段口,0,0,2,1,C03,8,5,5,50,14,9,1,5,4,5,13,2,1,1,4,5,2,17,1,29,2,8,6,1,7,9,1,10,2,12,108,1,21,121.5754241,25.06518096
114,01,13,20,44,08士林區,士林區環河北路3段與中正路口,0,0,1,1,C03,7,5,5,50,5,2,1,5,4,5,13,2,1,1,3,5,2,17,2,70,2,9,6,1,7,11,1,11,2,11,10,1,21,121.5057869,25.0854774
114,01,13,21,14,10文山區,文山區興隆路2段與景華街口,0,0,1,1,B03,7,5,5,50,4,18,1,5,4,5,13,2,1,1,4,5,2,3,1,40,3,10,7,1,7,5,1,8,2,8,70,1,21,121.5473232,24.9992459
114,01,13,21,15,07信義區,信義區市民大道6段與松山路口,0,0,2,1,C03,7,5,5,40,4,1,1,5,4,5,13,1,1,10,4,5,2,16,2,18,2,9,6,1,7,5,1,10,1,14,8,1,21,121.5778233,25.0489344
114,01,13,21,18,04大安區,大安區安和路2段與安和路2段171巷口,0,0,2,1,C03,8,5,5,50,4,1,1,5,4,5,13,2,1,5,4,5,2,17,1,35,2,5,6,1,7,5,1,10,1,11,8,1,21,121.5499479,25.0281849
114,01,13,21,35,03中山區,中山區林森北路與新生北路3段56巷口,0,0,1,1,C03,8,5,5,50,4,1,1,5,4,5,13,4,4,5,2,5,2,17,2,36,3,10,5,1,7,9,1,10,1,11,16,1,21,121.5257026,25.0653461
114,01,13,21,55,05中正區,中正區重慶南路1段與貴陽街1段口,0,0,2,1,C03,7,5,5,50,4,1,1,5,4,5,13,1,1,5,4,5,2,13,2,20,2,8,5,1,7,9,1,10,1,11,108,1,21,121.5127845,25.0389928
114,01,13,22,00,08士林區,士林區承德路5段54號,0,0,2,1,C03,7,5,8,40,22,22,1,5,4,5,13,4,4,10,5,5,1,17,1,19,2,9,5,1,7,9,1,10,1,11,44,1,21,121.5144965,25.09331655
114,01,13,22,17,04大安區,大安區仁愛路4段與忠孝東路4段26巷口,0,0,2,1,B02,7,5,5,50,3,1,1,5,4,5,13,4,4,1,5,1,2,16,1,30,3,10,3,4,7,6,1,8,1,5,9,1,21,121.5444053,25.0381791
114,01,13,22,22,02萬華區,萬華區西園路2段316號,0,0,2,1,C03,7,5,5,50,11,9,1,5,4,5,13,1,1,3,3,5,2,13,1,26,2,9,5,4,7,9,1,10,1,11,16,1,22,121.4926425,25.0260809
114,01,13,22,25,05中正區,中正區中華路1段與中華路1段91巷口,0,0,1,1,B01,8,6,6,50,3,1,1,5,4,5,13,4,4,1,3,1,2,17,1,67,3,10,7,1,7,8,1,4,2,17,100,1,26,121.5073429,25.0380701
114,01,13,22,25,05中正區,中正區惠安街與西藏路口,0,0,1,1,B01,7,5,5,30,4,2,1,5,4,5,13,1,1,10,5,5,2,13,1,57,3,10,7,1,7,9,1,4,1,1,108,1,22,121.506017,25.0302094
114,01,13,22,31,03中山區,中山區南京東路1段與南京東路1段1巷口,0,0,2,1,B01,7,5,5,50,3,2,1,5,4,5,13,2,1,1,3,4,2,16,1,58,3,10,3,4,7,6,1,4,2,8,72,1,22,121.5229245,25.0523897
114,01,14,03,11,03中山區,中山區民權東路2段與民權東路2段92巷口,0,0,1,1,B01,8,5,5,50,4,4,1,5,4,5,13,2,1,1,3,5,2,13,1,39,3,10,3,4,7,1,1,4,2,1,108,1,22,121.531935,25.0624412
114,01,14,06,20,07信義區,信義區松仁路165號,0,0,1,1,C03,7,5,5,50,14,9,1,5,4,5,13,4,4,9,4,5,2,13,1,58,2,9,6,4,7,9,1,10,1,11,118,1,21,121.5683503,25.0283181
114,01,14,07,04,02萬華區,萬華區萬大路與萬大路186巷口,0,0,1,1,C03,7,6,5,30,4,2,1,5,4,5,13,2,1,1,4,5,1,17,1,30,2,8,3,4,7,5,3,18,11,12,99,1,22,121.5003919,25.0278598
114,01,14,07,11,01大同區,大同區重慶北路3段2號0800857燈桿,0,0,1,1,B01,8,5,5,50,14,9,1,5,4,5,13,4,4,9,4,4,2,12,1,57,3,10,7,1,7,10,1,8,1,2,100,1,21,121.5135239,25.0644707
114,01,14,07,25,06松山區,松山區民權東路4段西往東0202155燈桿,0,0,3,1,C03,8,6,5,40,14,8,1,5,4,5,13,4,4,1,4,4,2,13,2,46,2,9,6,1,7,9,1,10,1,11,108,1,22,121.5572319,25.06202161
114,01,14,07,27,06松山區,松山區健康路158號,0,0,1,1,B03,7,7,5,50,14,9,1,5,4,5,13,1,1,7,4,5,2,17,2,45,3,10,7,1,7,7,1,8,1,17,100,1,22,121.5576954,25.0536943
114,01,14,07,33,10文山區,文山區指南路1段55-1號,0,0,1,1,B03,8,6,5,50,14,9,2,5,4,5,13,2,1,5,5,5,2,17,2,69,3,10,3,4,7,9,1,8,1,1,16,1,21,121.5708739,24.9877292
114,01,14,07,34,05中正區,中正區重慶南路1段與漢口街1段口,0,0,2,1,C03,8,6,5,50,4,1,1,5,4,5,13,2,1,10,2,5,2,16,1,31,2,9,5,1,7,5,1,10,2,13,8,1,22,121.5132115,25.04521427
114,01,14,07,43,03中山區,中山區市民大道2段與松江路口,0,0,1,1,B03,8,7,5,50,4,2,1,5,4,5,13,1,1,1,4,5,2,16,1,32,3,10,7,1,7,8,1,8,11,6,100,1,22,121.5327515,25.0456061
114,01,14,07,45,04大安區,大安區復興南路1段與市民大道3段口,0,0,1,1,C03,7,6,5,50,4,1,1,5,4,5,13,1,1,1,4,5,1,12,1,64,3,10,6,1,7,8,1,10,1,17,100,1,21,121.5436744,25.044739
114,01,14,07,49,05中正區,中正區中華路1段與中華路1段21巷口,0,0,1,1,B03,8,7,5,30,3,2,1,5,4,5,13,4,4,10,5,5,1,15,1,30,3,10,7,1,7,1,1,8,2,1,108,1,22,121.5097821,25.0465213
114,01,14,08,05,11南港區,南港區南港橋,0,0,1,1,C03,7,7,5,50,14,9,1,5,4,5,13,4,4,1,3,5,2,13,1,27,2,8,5,1,7,7,1,10,1,11,100,1,21,121.6206655,25.0548971
114,01,14,08,19,06松山區,松山區八德路2段383號,0,0,2,1,F01,8,6,5,50,14,9,1,5,4,5,13,4,4,5,4,5,2,17,1,55,2,8,4,4,7,8,8,20,2,14,100,1,22,121.5451755,25.04787151
114,01,14,08,20,09北投區,北投區自強街120巷與自強街120巷15弄口,0,0,1,1,C03,8,6,5,30,4,1,1,5,4,5,8,4,4,10,5,5,2,15,2,34,2,8,6,1,7,9,1,10,1,12,75,1,21,121.5158571,25.1103722
114,01,14,08,22,05中正區,中正區汀州路2段與汀州路2段178巷口,0,0,3,1,C03,8,6,5,30,4,1,1,5,4,5,13,4,4,5,2,5,2,15,2,38,2,9,5,1,7,9,1,9,2,11,108,1,21,121.5223027,25.0236656
114,01,14,08,25,02萬華區,萬華區堤外便道(龍山040號燈桿前),0,0,3,1,C03,7,6,7,40,14,11,1,5,4,5,13,4,4,1,4,5,1,17,2,35,2,9,3,4,7,9,1,10,1,11,16,1,22,121.4997233,25.0419954
114,01,14,08,30,12內湖區,內湖區文德路53號,0,0,2,1,C03,8,6,5,50,4,1,1,5,4,5,13,2,1,1,4,4,2,17,2,62,2,9,6,1,7,1,1,10,1,12,19,1,21,121.5811564,25.0785394
114,01,14,08,34,04大安區,大安區羅斯福路4段131之1號,0,0,2,1,C03,8,5,5,50,14,9,1,5,4,5,13,4,4,10,5,5,2,13,1,32,2,9,3,4,7,9,1,10,1,11,16,1,21,121.5373876,25.0103644
114,01,14,08,40,09北投區,北投區公館路與公館路85巷口,0,0,1,1,B03,8,6,5,50,4,1,1,5,4,5,13,2,1,9,5,5,2,15,1,73,3,10,7,1,7,9,1,8,1,4,81,1,21,121.5046151,25.1311467
114,01,14,08,50,08士林區,士林區通河街與通河街1巷口,0,0,1,1,B12,8,6,5,30,4,1,1,5,4,5,13,3,1,9,2,5,1,16,1,56,3,10,7,1,7,5,1,8,1,5,72,1,21,121.5237611,25.079887
114,01,14,08,58,03中山區,中山區敬業三路161巷與明水路526巷口,0,0,1,1,C03,8,7,5,30,4,1,1,5,4,5,13,4,4,8,3,5,1,15,1,40,2,9,5,1,7,9,1,10,1,11,72,1,21,121.5543976,25.079296
114,01,14,08,58,07信義區,信義區忠孝東路5段743巷21弄與永吉路502巷口,0,0,1,1,B03,8,6,6,30,3,1,1,5,4,5,13,4,4,9,5,5,2,16,2,42,3,10,3,4,7,5,1,8,1,8,72,1,21,121.5800572,25.0437902
114,01,14,09,14,12內湖區,內湖區潭美街331號,0,0,2,1,B03,8,7,5,40,14,9,1,5,4,5,13,2,1,9,4,5,2,12,1,33,3,10,7,1,7,9,1,8,2,2,108,1,21,121.5902137,25.0590865
114,01,14,09,26,09北投區,北投區中和街367號前,0,0,1,1,B01,8,6,5,50,14,9,1,5,4,5,13,4,4,9,5,5,2,17,1,77,3,10,7,1,7,11,3,18,1,8,10,1,21,121.4987275,25.14219
114,01,14,09,35,12內湖區,內湖區行善路52號,0,0,2,1,C03,8,6,5,50,14,9,1,5,4,5,13,4,4,9,4,5,2,16,1,31,2,8,6,1,7,11,1,9,1,14,10,1,21,121.5779472,25.0575841
114,01,14,09,39,09北投區,北投區中和街386號與中和街口,0,0,2,1,C03,8,6,5,50,3,2,1,5,4,5,13,4,4,9,5,5,2,3,2,56,2,9,6,1,7,9,1,10,1,11,70,1,21,121.4983095,25.1430149
114,01,14,09,45,03中山區,中山區中山北路2段37-1號,0,0,2,1,B02,8,7,5,50,14,9,1,5,4,5,13,4,4,1,4,5,2,16,1,70,3,10,7,1,7,1,1,8,1,8,19,1,22,121.5234124,25.05421212
114,01,14,09,50,06松山區,松山區塔悠路北往南（燈桿0204259）,0,0,1,1,B03,8,6,5,50,14,9,1,5,4,5,13,4,4,3,4,5,2,17,1,49,3,10,3,4,7,8,1,8,11,17,100,1,22,121.5698789,25.05351187
114,01,14,09,53,01大同區,大同區環河北路2段與環河北路2段145巷口,0,0,1,1,B03,8,6,5,50,3,2,1,5,4,5,13,4,4,9,4,5,2,17,1,25,3,10,7,4,7,6,1,8,1,6,9,1,22,121.5090621,25.0671724
114,01,14,09,55,03中山區,中山區遼寧街與龍江路229巷口,0,0,1,1,B03,8,7,5,50,3,1,1,5,4,5,13,4,4,9,4,5,2,12,1,60,3,10,7,1,7,5,1,8,1,4,8,1,21,121.5421759,25.0574144
114,01,14,10,15,01大同區,大同區延平北路3段與民權西路口,0,0,1,1,C03,8,6,5,50,4,1,1,5,4,5,13,2,1,1,4,5,2,17,1,36,3,10,5,4,7,15,1,10,1,13,100,1,22,121.5112722,25.0629372
114,01,14,10,40,04大安區,大安區敦化南路1段223號,0,0,6,1,B03,8,5,5,50,14,9,1,5,4,5,13,4,4,8,3,5,1,16,2,46,3,10,7,1,7,7,1,8,1,17,100,1,21,121.5491011,25.0409674
114,01,14,11,07,07信義區,信義區信義路6段76巷與信義路口側附近6段口,0,0,1,1,B12,8,7,5,50,4,1,1,5,4,5,13,2,1,9,4,5,2,11,1,27,3,10,7,1,7,15,1,8,1,2,17,1,22,121.5767983,25.0351658
114,01,14,11,10,07信義區,信義區松仁路與松平路口,0,0,2,1,C03,8,6,5,50,4,2,1,5,4,5,13,2,1,5,4,5,2,13,2,21,2,8,6,1,7,9,1,10,2,11,16,1,21,121.5683589,25.0304797
114,01,14,11,21,11南港區,南港區忠孝東路6段92號,,,,1,,7,,,,,,,,,,,,,,,,,,4,,,,,,,,,,11,,,,,121.5841597,25.0471079
114,01,14,11,21,11南港區,南港區忠孝東路6段92號,0,0,2,1,B13,8,7,5,50,14,9,1,5,4,5,13,4,4,1,3,5,2,13,1,49,3,10,7,1,7,7,1,8,11,17,100,1,21,121.5845995,25.0471211
114,01,14,11,30,05中正區,中正區重慶北路1段與北平西路口,0,0,1,1,C03,8,7,5,50,14,9,2,5,4,5,13,4,4,4,3,4,2,17,1,27,3,10,6,1,7,9,1,10,2,12,44,1,21,121.5133115,25.04878695
114,01,14,11,31,09北投區,北投區石牌路2段與石牌路2段75巷口,0,0,1,1,C03,8,6,5,50,4,1,1,5,4,5,13,2,1,10,5,5,2,16,1,77,2,7,5,1,7,5,1,10,1,11,71,1,21,121.5161519,25.1167225
114,01,14,11,32,07信義區,信義區光復南路547號,0,0,1,1,C03,8,7,5,50,14,9,1,5,4,5,13,4,4,9,4,4,2,12,1,77,3,10,5,1,7,8,1,10,9,12,100,1,21,121.5575324,25.0318685
114,01,14,11,44,01大同區,大同區重慶北路3段235號,0,0,1,1,C03,8,6,5,50,14,9,1,5,4,5,13,4,4,1,4,5,2,17,1,38,2,7,6,4,7,8,1,9,1,14,100,1,22,121.5138116,25.070955
114,01,14,11,45,03中山區,中山區林森北路259巷與林森北路口,0,0,1,1,B01,8,7,5,30,4,1,1,5,4,5,13,1,1,9,4,5,2,17,1,52,3,10,7,1,7,9,1,4,1,1,44,1,21,121.5254235,25.0543567
114,01,14,11,50,06松山區,松山區延吉街與八德路3段74巷3弄口,0,0,1,1,C03,8,7,5,50,4,1,1,5,4,5,13,4,4,9,4,5,2,3,1,68,3,10,6,1,7,9,1,10,2,11,4,1,22,121.5534042,25.0477072
114,01,14,12,08,03中山區,中山區林森北路與雙城街13巷口,0,0,2,1,C04,8,6,5,50,3,1,1,5,4,5,13,2,1,5,5,5,2,15,1,49,2,8,5,4,7,1,1,10,1,14,19,1,22,121.525689,25.0640226
114,01,14,12,22,12內湖區,內湖區成功路2段與新明路口,0,0,2,1,C03,8,6,5,50,5,1,1,5,4,5,13,1,1,1,3,5,1,13,2,21,2,9,6,1,7,9,1,10,1,11,44,1,21,121.5913025,25.060405
114,01,14,12,34,12內湖區,內湖區東湖路43巷與東湖路43巷26弄口,0,0,1,1,C03,8,6,5,30,4,1,1,5,4,5,13,4,4,10,5,5,2,3,1,29,4,11,3,4,7,21,7,19,11,15,70,2,21,121.6136043,25.06977399
114,01,14,12,45,09北投區,北投區竹子湖路燈桿編號1208371,0,0,1,1,C03,8,6,5,40,14,9,1,5,4,5,13,4,4,4,5,5,2,17,1,54,2,9,5,1,7,12,1,10,1,12,16,1,21,121.540704,25.1667875
114,01,14,13,00,10文山區,文山區木柵路1段與木柵路1段59巷口,0,0,1,1,B03,8,6,5,50,14,9,2,5,4,5,13,2,1,5,4,5,2,17,1,36,3,10,3,4,7,9,1,8,1,1,16,1,21,121.5458896,24.9867129
114,01,14,13,03,12內湖區,內湖區環東大道東向西燈桿6010095,0,0,1,1,C02,8,7,5,70,14,9,1,5,4,5,13,4,4,9,4,5,2,29,2,35,2,9,6,1,7,7,1,9,1,14,13,1,21,121.591784,25.0601969
114,01,14,13,08,04大安區,大安區和平東路1段與金山南路2段口,0,0,1,1,B03,8,7,5,50,3,1,1,5,4,5,13,1,1,4,3,5,1,16,1,79,3,10,7,1,7,9,1,8,1,1,81,1,21,121.5260115,25.0267734
114,01,14,13,40,03中山區,中山區長春路408號,0,0,2,1,B13,8,6,5,50,14,9,1,5,4,5,13,4,4,9,4,5,2,17,1,38,2,7,3,4,7,9,1,8,2,1,108,1,22,121.5436267,25.0545327
114,01,14,14,01,01大同區,大同區長安西路78巷3弄4-1號,0,0,1,1,B03,8,5,5,30,14,9,1,5,4,5,13,4,4,10,4,5,2,12,1,31,3,10,7,1,7,1,1,14,1,4,118,1,21,121.5193867,25.0497628
114,01,14,14,04,09北投區,北投區竹子湖路燈桿1207706旁,0,0,1,1,B03,8,7,5,40,14,9,1,5,4,5,13,4,4,5,5,5,2,13,2,69,3,10,7,1,7,9,1,8,1,5,108,1,21,121.5358923,25.17807803
114,01,14,15,00,01大同區,大同區承德路1段與長安西路口,0,0,1,1,C03,8,6,5,50,5,1,1,5,4,5,13,4,4,1,5,5,2,12,1,60,3,10,6,1,7,7,6,18,2,14,100,1,21,121.5170042,25.0510792
114,01,14,15,07,09北投區,北投區立德路與立德路120巷口,0,0,1,1,C03,8,7,5,50,4,2,1,5,4,5,13,2,1,5,4,5,2,13,2,64,2,9,5,1,7,7,1,10,1,11,100,1,21,121.4717944,25.1264494
114,01,14,15,10,10文山區,文山區指南路2段83號,0,0,2,1,C03,8,6,5,40,14,9,1,5,4,5,13,4,4,9,5,5,2,9,2,30,2,9,6,1,7,9,1,10,2,11,44,1,21,121.5752041,24.9877841
114,01,14,15,39,05中正區,中正區和平西路1段與南昌路2段口,0,0,2,1,C03,8,6,5,50,4,1,1,5,4,5,13,1,1,3,4,4,2,13,2,31,2,8,5,1,7,9,1,10,1,11,16,1,21,121.5208451,25.0268256
114,01,14,15,49,09北投區,北投區立賢路111號,0,0,1,1,A41,8,7,5,50,14,9,1,5,4,5,13,4,4,1,4,5,2,16,1,30,3,10,7,1,1,6,1,1,1,5,118,1,26,121.5020581,25.1140345
114,01,14,16,01,10文山區,文山區羅斯福路6段166巷8弄與羅斯福路6段166巷口,0,0,1,1,C03,8,6,5,30,4,1,1,5,4,5,13,4,4,10,5,5,2,15,1,63,2,9,6,1,7,9,1,10,1,11,75,1,21,121.5405788,24.9948942