發生年度,發生月,發生日,發生時-Hours,發生分,區序,肇事地點,死亡人數,2-30日死亡人數,受傷人數,當事人序號,車種,天候,光線,道路類別,速限-速度限制,道路型態,事故位置,路面狀況1,路面狀況2,路面狀況3,道路障礙1,道路障礙2,號誌1,號誌2,車道劃分-分向,車道劃分-分道1,車道劃分-分道2,車道劃分-分道3,事故類型及型態,性別,年齡,受傷程度,主要傷處,保護裝置,行動電話,車輛用途,當事者行動狀態,駕駛資格情形,駕駛執照種類,飲酒情形,車輛撞擊部位1,肇因碼-個別,個人肇逃否,職業,座標-X,座標-Y
114,01,14,16,06,04大安區,大安區基隆路2段與樂業街口,0,0,1,1,C04,8,5,5,50,5,2,1,5,4,5,13,2,1,8,3,5,1,16,1,30,2,7,6,1,7,5,1,10,1,14,8,1,21,121.550237,25.0223787
114,01,14,16,14,02萬華區,萬華區堤外便道往南（燈桿：龍山040）,0,0,3,1,C03,8,5,7,40,14,11,1,5,4,5,13,4,4,1,4,5,2,17,1,21,2,7,5,4,7,9,1,10,1,13,118,1,21,121.5023954,25.0463212
114,01,14,16,27,01大同區,大同區長安西路與塔城街口,0,0,1,1,C03,8,6,5,50,5,1,1,5,4,5,13,4,4,5,5,5,2,16,1,59,2,8,6,1,7,5,1,10,1,14,8,1,21,121.5105045,25.0520303
114,01,14,16,28,12內湖區,內湖區星雲街與星雲街33巷口,0,0,2,1,C03,8,7,5,40,3,2,1,5,4,5,13,2,1,9,4,5,2,16,1,47,2,8,6,1,7,5,1,10,2,12,8,1,21,121.590853,25.0785121
114,01,14,16,35,07信義區,信義區林口街與林口街10巷口,0,0,1,1,C03,8,7,5,30,4,1,1,5,4,5,13,4,4,5,4,4,2,15,1,62,3,10,5,1,7,9,1,10,1,11,72,1,21,121.5792212,25.0368765
114,01,14,16,40,07信義區,信義區松仁路與忠孝東路5段236巷2弄口,0,0,3,1,C03,7,5,5,50,3,2,1,5,4,5,13,4,4,5,5,5,2,17,2,62,2,9,5,1,7,6,1,10,2,14,72,1,21,121.5685757,25.0405499
114,01,14,17,07,04大安區,大安區延吉街與光復南路456巷口,0,0,2,1,F01,7,5,5,50,4,1,1,5,4,5,13,1,1,9,4,5,1,15,2,58,2,8,3,4,7,9,8,20,1,11,81,1,22,121.5559819,25.0351493
114,01,14,17,44,03中山區,中山區民權西路與民權西路9巷口,0,0,1,1,C03,8,5,5,50,14,9,1,5,4,5,13,4,4,1,4,5,2,13,1,29,2,9,6,1,7,9,1,10,1,14,44,1,21,121.5219197,25.0628955
114,01,14,17,49,09北投區,北投區西安街1段1201316號燈桿,0,0,1,1,C03,8,5,5,50,14,9,1,5,4,5,13,4,4,10,4,5,2,13,2,27,2,8,5,1,7,9,1,10,1,11,118,1,22,121.5175306,25.1111565
114,01,14,17,59,10文山區,文山區興隆路2段與興隆路2段22巷口,0,0,1,1,B03,8,5,5,50,3,18,1,5,4,5,13,4,4,1,4,5,2,3,1,60,3,10,7,1,7,9,1,8,11,1,70,2,21,121.5456649,24.9987634
114,01,14,18,14,04大安區,大安區安和路2段與安和路2段171巷口,0,0,1,1,C03,8,5,5,50,4,1,1,5,4,5,13,2,1,5,3,5,2,17,2,30,2,9,6,1,7,9,1,10,2,17,118,1,21,121.5500702,25.0280679
114,01,14,18,27,01大同區,大同區南京西路與民樂街口,0,0,1,1,B03,7,5,5,50,3,1,1,5,4,5,13,3,1,5,4,5,2,12,1,61,3,10,7,1,7,9,1,8,2,2,108,1,21,121.5110719,25.0538686
114,01,14,18,31,09北投區,北投區承德路7段208號對面,0,0,2,1,,8,5,5,60,22,8,1,5,4,5,13,4,4,1,4,4,2,17,4,0,,,,,,,,,,,119,2,,121.5065389,25.114723
114,01,14,18,32,02萬華區,萬華區和平西路3段與艋舺大道口,0,0,1,1,C03,7,5,5,50,4,1,1,5,4,5,13,1,1,3,3,5,2,17,1,63,3,10,3,4,7,9,1,10,1,17,30,1,22,121.5046018,25.0339593
114,01,14,18,45,01大同區,大同區承德路3段與民權西路口,0,0,1,1,C03,8,5,5,50,4,1,1,5,4,5,13,1,1,1,4,5,2,17,1,23,3,10,6,1,7,6,1,10,2,12,9,1,21,121.518193,25.0631047
114,01,14,18,50,04大安區,大安區市民大道4段與敦化南路1段口,0,0,2,1,B03,8,5,6,40,4,1,1,5,4,5,13,2,1,1,4,5,2,17,1,44,3,10,7,1,7,6,1,8,1,5,9,1,21,121.5488306,25.0447299
114,01,14,18,55,01大同區,大同區鄭州路145號,0,0,1,1,C03,7,5,5,40,14,9,1,5,4,5,13,4,4,1,4,5,2,17,2,30,2,8,5,4,7,9,1,10,1,12,44,1,21,121.5095493,25.0502709
114,01,14,19,14,11南港區,南港區南港路3段47巷與昆陽街60巷口,0,0,1,1,B03,7,5,5,50,4,1,1,5,4,4,13,3,1,4,3,5,2,15,2,41,3,10,3,4,7,9,1,8,1,2,72,1,21,121.5905856,25.0521781
114,01,14,19,20,06松山區,松山區八德路4段692號,0,0,1,1,B12,8,5,5,50,14,9,1,5,4,5,13,4,4,9,4,5,2,12,1,55,3,10,7,4,7,15,1,8,1,4,114,2,22,121.577323,25.05001667
114,01,14,19,20,09北投區,北投區知行路245巷與知行路293巷9弄口,0,0,1,1,C03,8,5,5,30,4,2,1,5,4,5,13,4,4,5,5,5,2,3,2,42,3,10,3,4,7,9,1,10,2,11,70,1,21,121.4666942,25.1207134
114,01,14,19,26,07信義區,信義區嘉興街175巷與基隆路2段口,0,0,1,1,B03,8,5,5,30,3,2,1,5,4,5,13,4,4,4,5,5,2,17,1,72,3,10,3,4,7,6,1,8,1,2,9,1,21,121.556718,25.0280054
114,01,14,19,34,05中正區,中正區南海路與重慶南路2段口口,0,0,1,1,C03,7,5,5,50,4,2,1,5,4,5,13,1,1,1,4,5,2,12,1,37,3,10,6,4,7,14,1,10,1,12,118,1,21,121.5146993,25.031933
114,01,14,20,01,05中正區,中正區信義路2段243弄15號,0,0,2,1,B02,7,5,5,30,14,9,1,5,4,5,13,4,4,9,5,5,2,38,1,73,2,2,7,1,7,2,1,8,2,3,116,1,22,121.5312138,25.0344578
114,01,14,20,04,04大安區,大安區通化街與通化街24巷口,0,0,1,1,C03,8,5,5,30,4,1,1,5,4,5,13,4,4,4,3,5,2,15,2,46,3,10,6,1,7,9,1,10,2,15,72,1,21,121.5542362,25.0316766
114,01,14,20,07,11南港區,南港區研究院路3段與研究院路3段25巷口口,0,0,1,1,B12,7,5,5,40,3,1,1,5,4,5,13,4,4,5,5,5,2,16,1,43,3,10,7,1,7,11,1,8,1,4,10,1,21,121.616384,25.0350539
114,01,14,20,10,12內湖區,內湖區成功路3段174巷與內湖路2段口,0,0,2,1,C03,8,5,5,50,4,1,1,5,4,5,13,2,1,9,4,5,2,16,1,27,3,10,6,1,7,6,1,10,1,12,9,1,21,121.590349,25.0820102
114,01,14,20,15,05中正區,中正區重慶南路1段118巷與重慶南路1段口,0,0,2,1,C03,7,5,5,30,3,2,1,5,4,5,13,4,4,5,4,5,2,16,2,32,2,8,6,4,7,6,1,10,1,14,72,1,22,121.5130813,25.0417608
114,01,14,20,24,08士林區,士林區文林路與大北路口,0,0,1,1,B03,8,5,5,50,3,2,1,5,4,5,13,4,4,9,5,5,1,17,2,21,3,10,7,1,7,9,3,18,11,1,108,1,21,121.5269427,25.0895402
114,01,14,20,30,08士林區,士林區中山北路7段150號,0,0,1,1,B03,8,5,5,50,14,9,1,5,4,5,13,4,4,1,4,5,2,17,2,70,3,10,3,4,7,9,1,8,1,5,44,1,22,121.5324274,25.12360559
114,01,14,20,40,07信義區,信義區永吉路與基隆路1段口,0,0,1,1,B03,8,5,5,50,4,1,1,5,4,5,13,2,1,1,4,5,2,13,1,28,3,10,7,1,7,6,1,8,1,5,108,1,22,121.5674768,25.0459137
114,01,14,20,42,07信義區,信義區基隆路1段200號,0,0,4,1,B03,7,5,5,50,14,9,1,5,4,5,13,4,4,1,4,5,2,17,1,57,3,10,7,1,7,7,1,8,1,17,95,1,21,121.5636962,25.0400901
114,01,14,20,57,03中山區,中山區松江路往南(新生公園旁),0,0,2,1,C03,8,5,5,50,14,16,1,5,4,5,13,4,4,1,4,5,2,13,2,48,2,9,6,1,7,9,1,10,1,11,16,1,21,121.5327098,25.071375
114,01,14,22,30,03中山區,中山區松江路276號,0,0,1,1,C03,8,5,5,50,14,9,1,5,4,5,13,4,4,1,4,5,2,13,1,33,2,9,6,1,7,9,1,10,2,11,108,1,21,121.5330437,25.0600936
114,01,14,22,38,10文山區,文山區興隆路2段220巷與興隆路2段154巷口口,0,0,1,1,C03,8,5,5,30,4,1,1,5,4,5,13,3,1,10,5,5,2,15,1,47,2,9,6,1,7,9,1,10,2,12,72,1,21,121.552251,25.0005471
114,01,14,23,03,11南港區,南港區南港路1段與興華路口口,0,0,1,1,B03,7,5,5,50,4,1,1,5,4,5,13,2,1,5,4,5,2,17,1,54,3,10,7,1,7,5,1,8,1,17,71,1,21,121.6061855,25.0542566
114,01,14,23,12,07信義區,信義區基隆路2段與光復南路口,0,0,1,1,B03,7,5,5,50,5,2,1,5,4,5,13,1,1,5,5,5,2,13,1,62,3,10,7,1,7,7,1,8,2,5,100,1,21,121.5574574,25.0296951
114,01,15,04,50,01大同區,大同區酒泉街與迪化街2段口,0,0,2,1,C04,6,5,5,50,3,2,1,4,4,5,13,4,4,5,4,5,2,15,1,30,2,8,5,1,7,9,1,10,1,11,13,1,21,121.5123934,25.072099
114,01,15,06,00,01大同區,大同區延平北路3段89號與迪化街2段149巷口,0,0,2,1,C03,6,5,5,50,4,1,1,4,4,5,13,1,1,10,5,5,2,16,1,62,2,8,6,1,7,5,1,10,1,12,83,1,21,121.5109639,25.067319
114,01,15,06,02,12內湖區,內湖區民權東路6段153巷與民權東路6段口,0,0,1,1,B03,6,5,5,50,3,2,1,4,4,5,13,4,4,1,4,5,2,12,1,73,3,10,3,4,7,6,1,8,1,5,9,1,22,121.5948764,25.0688074
114,01,15,06,12,03中山區,中山區龍江路與龍江路356巷口,0,0,1,1,C03,6,5,5,50,4,2,1,4,4,5,13,2,1,5,5,5,2,11,2,52,2,7,6,1,7,5,1,10,2,14,71,1,21,121.540951,25.0659449
114,01,15,06,45,05中正區,中正區羅斯福路2段與金門街口,0,0,1,1,B01,6,5,5,50,3,1,1,4,4,5,13,2,1,1,4,5,1,16,1,68,4,11,3,4,7,7,7,19,11,15,100,2,21,121.5248651,25.0236418
114,01,15,07,00,04大安區,大安區敦化南路2段與四維路170巷口,0,0,2,1,C03,6,5,5,50,4,1,1,4,4,5,13,2,1,1,4,5,1,15,1,57,2,8,5,1,7,9,1,10,1,11,44,1,21,121.5485258,25.0282044
114,01,15,07,05,05中正區,中正區重慶南路3段與和平西路1段口,0,0,2,1,C03,6,5,5,50,5,1,2,4,4,5,13,1,1,1,4,5,2,17,1,69,2,9,5,1,7,6,1,10,2,14,44,1,21,121.5161579,25.0271498
114,01,15,07,29,03中山區,中山區八德路2段與八德路2段312巷口,0,0,2,1,B03,7,7,5,50,3,2,1,5,4,5,13,4,4,5,4,5,2,16,1,33,2,9,7,1,7,6,1,8,1,2,9,1,22,121.5426878,25.0472004
114,01,15,07,35,10文山區,文山區木柵路2段與興隆路4段口,0,0,1,1,C03,6,5,5,30,4,2,1,4,4,5,13,2,1,10,4,5,1,13,1,46,2,8,6,1,7,9,1,10,11,11,108,1,22,121.5602938,24.9885106
114,01,15,07,40,05中正區,中正區羅斯福路1段與南海路口,0,0,1,1,C03,6,6,5,30,5,1,1,4,4,5,13,2,1,1,3,5,1,16,1,40,2,9,5,1,7,5,1,10,1,14,8,1,21,121.5181156,25.0328845
114,01,15,07,45,11南港區,南港區忠孝東路6段278巷與忠孝東路口側附近6段口,0,0,1,1,C03,6,7,5,50,3,2,1,4,4,5,13,1,1,1,3,4,2,12,2,32,3,10,5,1,7,7,1,10,1,13,100,1,21,121.5889173,25.049291
114,01,15,08,12,03中山區,中山區北安路807號,0,0,1,1,C03,7,6,5,50,14,9,1,5,4,5,13,1,1,8,3,5,1,17,2,26,2,9,6,1,7,9,1,10,1,11,13,1,21,121.5547963,25.08521641
114,01,15,08,20,12內湖區,內湖區瑞光路431號,0,0,1,1,B01,6,6,5,50,14,9,1,4,4,5,13,4,4,5,4,5,2,16,1,63,3,10,7,1,7,5,1,4,2,4,44,1,21,121.570532,25.0783867
114,01,15,08,25,06松山區,松山區民生東路5段81號,0,0,1,1,B01,6,6,5,50,14,9,1,4,4,5,13,4,4,1,4,5,2,17,1,52,3,10,7,1,7,15,1,4,1,17,100,1,22,121.5605621,25.0589447
114,01,15,08,27,05中正區,中正區愛國西路與重慶南路1段口,0,0,2,1,C03,6,6,5,50,4,2,1,4,4,5,13,1,1,3,4,4,1,13,1,51,2,9,6,1,7,9,1,10,1,14,44,1,22,121.5126539,25.0354989
114,01,15,08,35,04大安區,大安區復興南路2段與瑞安街23巷口,0,0,1,1,C02,6,5,5,50,4,2,1,4,4,5,13,2,1,1,4,5,2,17,1,27,3,10,6,1,7,6,1,9,1,17,9,1,21,121.5436613,25.0309655
114,01,15,08,41,07信義區,信義區永吉路180巷67弄與松信路口,0,0,1,1,B12,6,6,5,30,4,1,1,4,4,5,13,2,1,9,5,5,2,16,1,32,3,10,3,4,7,5,1,8,2,8,8,1,27,121.5720469,25.0435383
114,01,15,08,49,06松山區,松山區光復北路266號,0,0,1,1,C03,6,5,5,50,14,9,1,4,4,5,13,4,4,4,3,4,2,17,1,60,3,10,5,1,7,11,1,10,2,17,10,1,22,121.5550397,25.0591006
114,01,15,08,50,04大安區,大安區復興南路1段與仁愛路3段口,0,0,1,1,A02,7,5,5,50,5,2,1,5,4,5,13,2,1,8,3,5,1,9,1,58,3,10,7,1,7,7,1,2,1,17,118,1,21,121.543674,25.0383569
114,01,15,08,54,01大同區,大同區西寧北路62-3號,0,0,1,1,B03,7,5,5,50,14,9,1,4,4,5,13,4,4,9,4,5,2,16,1,51,3,10,7,1,7,11,1,8,2,2,10,1,21,121.5084483,25.0522995
114,01,15,09,00,01大同區,大同區延平北路2段與保安街口,0,0,2,1,C03,7,6,5,50,3,1,1,4,4,5,13,2,1,4,4,5,2,16,1,35,2,9,3,4,7,5,1,10,1,13,8,1,21,121.5114552,25.05902028
114,01,15,09,10,04大安區,大安區基隆路2段207號,0,0,3,1,C03,6,6,5,50,14,9,1,4,4,5,13,4,4,8,4,5,1,17,1,32,2,5,5,1,7,9,1,10,1,14,108,1,21,121.5518608,25.02361671
114,01,15,09,10,06松山區,松山區復興北路141巷與復興北路口,0,0,1,1,B03,7,6,5,50,3,2,1,4,4,5,13,2,1,1,3,5,2,17,1,32,3,10,7,1,7,5,1,8,1,15,71,1,22,121.5441879,25.0532979
114,01,15,09,20,02萬華區,萬華區光復橋往新北市方向003027燈桿,0,0,2,1,C03,6,6,5,50,8,9,1,4,4,5,13,4,4,1,4,5,2,17,1,21,2,8,6,1,7,9,1,10,1,11,108,1,21,121.4910775,25.02469914
114,01,15,09,25,06松山區,松山區民生東路3段100號,0,0,1,1,A02,6,6,5,50,14,9,1,4,4,5,13,4,4,1,4,5,2,12,1,54,3,10,7,1,7,9,1,2,1,15,5,1,21,121.5445245,25.0576503
114,01,15,09,25,11南港區,南港區市民大道8段586號,0,0,1,1,C03,6,6,5,50,14,9,1,4,4,5,13,4,4,1,4,5,2,13,2,43,2,9,6,4,7,9,1,10,2,11,16,1,21,121.6149419,25.05424
114,01,15,09,42,02萬華區,萬華區環河南路2段與環河南路2段35巷口,0,0,1,1,C03,6,5,5,50,3,1,1,4,4,5,13,4,4,9,4,5,2,17,1,72,3,10,5,4,7,6,1,10,1,13,9,1,21,121.4974638,25.0388729
114,01,15,10,10,03中山區,中山區中山北路2段與民權西路口,0,0,1,1,B01,7,7,5,50,4,2,1,4,4,5,13,2,1,1,4,5,2,13,1,64,3,10,3,4,7,9,1,4,1,1,108,1,21,121.522456,25.06303939
114,01,15,10,15,05中正區,中正區羅斯福路3段與羅斯福路3段284巷口,0,0,1,1,B03,7,7,5,50,3,1,1,5,4,5,13,2,1,1,3,5,1,16,1,42,3,10,7,1,7,7,1,8,1,5,100,1,21,121.5322574,25.0165775
114,01,15,10,21,07信義區,信義區莊敬路與莊敬路325巷口,0,0,1,1,B03,7,6,5,30,4,2,1,4,4,5,13,2,1,5,5,5,2,9,1,67,3,10,3,4,7,5,1,8,1,8,70,1,22,121.5636805,25.0280261
114,01,15,10,52,04大安區,大安區和平東路1段與和平東路1段104巷口,0,0,1,1,B01,8,6,5,50,3,2,1,5,4,5,13,4,4,3,4,5,2,17,2,22,3,10,7,1,7,5,1,4,1,2,44,1,21,121.5249533,25.0267687
114,01,15,11,31,04大安區,大安區復興南路1段378號,0,0,1,1,C03,8,7,5,50,14,9,1,5,4,5,13,4,4,1,4,4,2,13,1,21,2,9,3,4,7,9,1,10,1,11,108,1,21,121.5435145,25.0342359
114,01,15,11,42,05中正區,中正區重慶南路2段7巷與南昌路1段口口,0,0,1,1,B11,7,6,5,50,4,1,1,4,4,5,13,4,4,5,5,5,1,15,1,58,3,10,7,1,7,9,1,4,2,1,72,1,21,121.5153218,25.0339901
114,01,15,11,44,04大安區,大安區市民大道4段34號,0,0,1,1,B03,7,7,5,40,14,9,1,5,4,5,13,4,4,8,3,5,1,12,1,66,3,10,7,1,7,10,1,8,1,4,100,1,21,121.5532569,25.0442905
114,01,15,11,54,06松山區,松山區南京東路5段66巷9號,0,0,1,1,B13,7,6,5,30,14,9,1,5,4,5,13,4,4,10,5,5,2,17,1,52,3,10,3,4,7,9,1,8,1,5,108,1,22,121.5608087,25.05125272
114,01,15,11,58,08士林區,士林區中山北路6段與忠誠路1段口,0,0,1,1,B03,8,6,5,50,5,2,1,5,4,5,13,2,1,1,4,5,1,17,1,62,3,10,7,1,7,8,1,8,2,2,100,1,21,121.5247291,25.1041723
114,01,15,12,00,08士林區,士林區大南路223號,0,0,2,1,C03,7,7,5,50,14,9,1,5,4,5,13,4,4,5,1,5,2,16,1,61,2,9,5,1,7,7,1,10,1,13,100,1,21,121.5211845,25.08862483
114,01,15,12,26,09北投區,北投區石牌路2段與振興街口,0,0,1,1,B03,7,6,5,50,14,9,1,5,4,5,13,2,1,9,4,5,2,9,1,63,3,10,7,1,7,5,1,8,2,1,70,1,21,121.5213929,25.11892102
114,01,15,13,16,10文山區,文山區木新路3段312號,0,0,2,1,C03,8,6,5,50,14,9,2,5,4,5,13,2,1,5,4,5,2,17,1,23,2,9,5,4,7,7,1,10,1,11,16,1,21,121.5565872,24.9806944
114,01,15,13,22,01大同區,大同區民權西路與安西街口,0,0,1,1,B03,7,6,5,30,5,1,1,5,4,5,13,4,4,10,5,5,2,15,1,45,3,10,7,1,7,9,1,8,2,2,72,1,21,121.5098827,25.0629918
114,01,15,13,37,09北投區,北投區致遠一路2段11巷與致遠一路2段口,0,0,2,1,C03,7,7,5,30,4,1,1,5,4,5,13,4,4,10,5,5,2,15,1,58,2,9,5,1,7,9,1,10,1,11,72,1,21,121.5144295,25.1110611
114,01,15,14,24,07信義區,信義區吳興街600巷與松仁路308巷口,0,0,1,1,B03,7,7,5,30,3,1,1,5,4,5,13,4,4,10,5,5,2,17,2,45,3,10,7,3,7,5,1,8,2,8,74,1,22,121.5694693,25.0210388
114,01,15,15,15,03中山區,中山區復興北路與朱崙街口,0,0,2,1,C03,7,7,5,50,3,1,1,5,4,5,13,2,1,1,4,5,2,13,1,28,2,8,6,4,7,9,1,10,1,12,108,1,21,121.5439117,25.05034781
114,01,15,16,17,01大同區,大同區西寧北路與民生西路口,0,0,1,1,C03,7,6,5,50,4,1,1,5,4,5,13,2,1,4,4,5,2,16,2,58,2,9,3,4,7,5,1,10,1,13,118,1,21,121.5090167,25.0568834
114,01,15,16,24,01大同區,大同區延平北路2段239號(太平國小前),0,0,1,1,C03,8,6,5,50,14,9,1,5,4,5,13,4,4,5,4,5,2,17,1,77,2,9,6,1,7,9,1,10,2,14,118,1,21,121.5113577,25.0614376
114,01,15,16,51,09北投區,北投區大業路260號,0,0,1,1,B03,7,6,5,60,3,2,1,5,4,5,13,4,4,1,4,5,2,16,1,35,3,10,7,1,7,6,1,8,1,2,9,1,21,121.4984822,25.1262752
114,01,15,16,57,10文山區,文山區木柵路1段與試院路口,0,0,2,1,C03,8,5,5,50,3,1,1,5,4,5,13,1,1,10,5,5,2,16,1,18,2,9,6,1,7,5,1,10,1,12,71,1,21,121.5498944,24.9874854
114,01,15,17,16,06松山區,松山區市民大道4段與八德路2段366巷口,0,0,1,1,C03,7,5,5,40,4,1,1,5,4,5,13,1,1,1,3,5,2,16,1,23,2,9,6,1,7,6,1,10,1,12,9,1,21,121.5459088,25.0452049
114,01,15,17,30,06松山區,松山區市民大道6段與中坡北路口,0,0,1,1,B03,7,5,5,50,4,1,1,5,4,5,13,1,1,1,3,4,2,17,2,59,3,10,3,4,7,5,1,8,1,1,118,1,21,121.5802291,25.04930987
114,01,15,17,33,03中山區,中山區中山北路2段116巷2號,0,0,1,1,C03,8,5,5,30,14,9,1,5,4,5,13,4,4,10,5,5,2,17,1,43,2,9,6,4,7,9,1,10,1,17,42,1,22,121.52206,25.0609992
114,01,15,17,35,05中正區,中正區重慶南路3段182號,0,0,2,1,C03,7,5,5,40,14,9,1,5,4,5,13,4,4,2,4,5,1,17,1,44,2,9,5,1,7,15,1,10,1,12,42,1,21,121.5166845,25.0228784
114,01,15,17,43,10文山區,文山區木柵路4段與木柵路4段33巷口,0,0,2,1,C03,7,5,5,50,3,1,1,5,4,5,13,2,1,10,5,5,2,16,2,69,2,8,6,1,7,5,1,10,2,11,71,1,22,121.5715365,24.9940603
114,01,15,18,25,02萬華區,萬華區雙和街27號,0,0,1,1,C03,7,5,5,30,14,9,1,5,4,5,13,4,4,10,5,5,2,17,1,65,3,10,5,1,7,15,1,10,1,14,42,1,21,121.5021049,25.0278938
114,01,15,18,28,11南港區,南港區南湖大橋南往北,0,0,2,1,B03,7,5,5,50,14,9,1,5,4,5,13,4,4,5,4,5,2,17,1,56,3,10,7,1,7,12,1,8,1,17,14,1,21,121.6130535,25.0621159
114,01,15,18,30,05中正區,中正區重慶南路1段與襄陽路口,0,0,1,1,B03,7,5,5,50,3,2,1,5,4,5,13,1,1,5,2,5,2,13,1,36,3,10,7,4,7,9,1,8,2,1,16,1,22,121.5132105,25.04364718
114,01,15,18,34,03中山區,中山區中山北路1段與長安東路1段口,0,0,2,1,C03,8,5,5,50,14,9,1,5,4,5,13,1,1,1,3,1,1,17,1,48,2,8,5,1,7,8,1,10,1,12,108,1,21,121.5216419,25.0496086
114,01,15,18,43,10文山區,文山區木柵路4段與木柵路4段33巷口口,0,0,1,1,B03,7,5,5,50,3,1,1,5,4,5,13,2,1,10,5,5,2,16,1,47,3,10,3,4,7,5,1,8,1,2,71,1,22,121.571538,24.9940764
114,01,15,18,43,10文山區,文山區辛亥路4段與辛亥路4段21巷口口對面,0,0,1,1,C03,8,5,5,50,14,9,1,5,4,5,13,4,4,1,4,5,2,12,1,23,2,9,6,1,7,8,1,10,1,12,108,1,21,121.5583494,25.0086089
114,01,15,19,10,01大同區,大同區承德路1段1號,0,0,1,1,C03,7,5,5,50,14,9,1,5,4,5,13,2,1,8,3,5,2,16,2,29,2,8,6,1,7,15,1,10,1,14,99,1,21,121.5168153,25.0495447
114,01,15,19,30,02萬華區,萬華區中華路1段與桂林路口,0,0,1,1,C03,7,5,5,50,5,1,1,5,4,5,13,1,1,1,5,5,2,12,1,31,3,10,5,1,7,9,1,10,1,14,108,1,21,121.5067228,25.037435
114,01,15,20,06,01大同區,大同區延平北路4段231號,0,0,1,1,B01,7,5,5,50,14,9,1,5,4,5,13,4,4,5,4,5,2,17,1,68,3,10,7,4,7,11,1,4,2,17,10,1,21,121.5116508,25.07565
114,01,15,20,22,07信義區,信義區永吉路與松信路口,0,0,1,1,B03,7,5,5,50,22,16,1,5,4,5,13,1,1,9,5,5,2,12,1,45,3,10,7,1,7,15,1,8,1,2,100,1,21,121.5720462,25.045573
114,01,15,20,28,05中正區,中正區羅斯福路3段84巷與晉江街口口,0,0,2,1,C03,7,5,5,30,4,1,1,5,4,5,13,4,4,10,5,5,2,15,1,50,2,7,5,1,7,9,1,10,1,11,75,1,21,121.5262183,25.0216336
114,01,15,20,51,03中山區,中山區北安路與明水路口,0,0,1,1,B03,8,5,5,50,3,2,1,5,4,5,13,2,1,1,4,5,2,16,1,33,3,10,7,1,7,6,1,8,1,2,9,1,21,121.5390615,25.0777997
114,01,15,22,09,01大同區,大同區長安西路與西寧北路口,0,0,1,1,C03,7,5,5,50,4,1,1,5,4,5,13,1,1,5,4,5,2,16,2,30,2,6,6,1,7,5,1,10,1,14,8,1,21,121.5085224,25.05201
114,01,15,23,57,03中山區,中山區龍江路329號,0,0,1,1,F01,8,5,5,50,14,9,1,5,4,5,13,4,4,9,5,5,2,12,1,60,3,10,4,1,7,9,8,20,8,14,21,1,21,121.5408882,25.0629492
114,01,16,02,40,01大同區,大同區民生西路與環河北路1段口,0,0,1,1,,7,5,5,50,4,1,1,5,4,5,13,1,1,5,4,5,2,16,4,0,,,,,7,6,7,19,11,15,119,2,21,121.5083491,25.0568413
114,01,16,07,05,12內湖區,內湖區舊宗路2段與五汐南下口,0,0,1,1,B01,7,5,5,50,4,1,1,5,4,5,13,1,1,1,4,5,2,16,1,52,2,7,7,1,7,6,1,4,1,8,74,1,21,121.5748098,25.0708156
114,01,16,07,20,12內湖區,內湖區民權東路6段296巷60號,0,0,1,1,H01,7,5,5,30,14,9,1,5,4,5,13,4,4,6,3,5,1,3,1,15,2,9,4,5,8,18,8,20,10,16,121,1,21,121.6082222,25.0706794
114,01,16,07,20,12內湖區,內湖區東湖路與東湖路7巷口,0,0,1,1,B03,7,6,5,50,3,1,1,5,4,5,13,4,4,10,5,5,2,16,1,69,3,10,7,1,7,6,1,8,2,5,9,1,21,121.6122184,25.0688823
114,01,16,07,22,10文山區,文山區木柵路1段與辛亥路7段口路口,0,0,2,1,B02,8,6,5,50,4,1,1,5,4,5,13,2,1,10,5,5,2,16,2,22,3,10,7,1,7,5,1,8,1,8,71,1,21,121.5523557,24.9877512
114,01,16,07,32,12內湖區,內湖區成功路5段458號,0,0,1,1,C03,7,6,5,40,14,8,1,5,4,5,13,4,4,1,4,4,2,13,1,45,3,10,5,1,7,9,6,10,1,11,16,1,21,121.6063534,25.0739759
114,01,16,07,35,11南港區,南港區向陽路258巷與重陽路39巷口,0,0,1,1,B03,7,6,5,40,3,1,1,5,4,5,13,1,1,5,4,5,2,16,2,42,3,10,7,1,7,6,1,8,1,6,9,1,21,121.5938365,25.0582771
114,01,16,07,36,05中正區,中正區西藏路與汀州路1段口口,0,0,1,1,C03,8,6,5,50,4,1,1,5,4,1,13,1,1,1,4,5,1,17,1,42,3,10,6,1,7,7,1,10,1,14,100,1,21,121.507639,25.0307101
114,01,16,07,39,02萬華區,萬華區西園路2段與西藏路口,0,0,2,1,C03,7,6,5,50,4,2,1,5,4,5,13,2,1,1,4,5,1,17,2,21,2,9,3,4,7,8,1,10,1,13,100,1,22,121.4954674,25.0286305
114,01,16,07,49,10文山區,文山區辛亥路7段與忠順街1段口,0,0,1,1,B03,8,6,5,50,14,7,2,5,4,5,13,2,1,10,5,4,2,17,1,64,3,10,3,4,7,5,1,8,1,1,118,1,21,121.5541032,24.9832366
114,01,16,08,23,10文山區,文山區萬芳路3號,0,0,1,1,C03,7,5,5,50,14,9,1,5,4,5,13,4,4,5,4,5,2,16,1,29,2,8,6,1,7,5,6,18,1,11,8,1,21,121.5713893,24.9950628