發生年度,發生月,發生日,發生時-Hours,發生分,區序,肇事地點,死亡人數,2-30日死亡人數,受傷人數,當事人序號,車種,天候,光線,道路類別,速限-速度限制,道路型態,事故位置,路面狀況1,路面狀況2,路面狀況3,道路障礙1,道路障礙2,號誌1,號誌2,車道劃分-分向,車道劃分-分道1,車道劃分-分道2,車道劃分-分道3,事故類型及型態,性別,年齡,受傷程度,主要傷處,保護裝置,行動電話,車輛用途,當事者行動狀態,駕駛資格情形,駕駛執照種類,飲酒情形,車輛撞擊部位1,肇因碼-個別,個人肇逃否,職業,座標-X,座標-Y
114,01,19,01,07,09北投區,北投區承德路6段No.1203713燈桿,0,0,2,1,C03,6,5,5,60,14,9,1,4,4,5,13,4,4,1,4,5,2,12,1,46,2,9,6,1,7,9,1,10,1,14,108,1,22,121.5116465,25.1091722
114,01,19,03,39,01大同區,大同區鄭州路與塔城街口,0,0,2,1,C03,6,5,5,40,14,9,1,4,4,5,13,4,4,9,4,5,2,12,1,25,2,9,5,1,7,7,3,18,1,15,100,1,21,121.5108409,25.0502942
114,01,19,04,08,04大安區,大安區通化街36號前,0,0,1,1,B03,6,5,5,50,14,9,1,4,4,5,13,4,4,10,5,5,2,9,1,57,3,10,7,1,7,1,1,8,11,15,118,1,21,121.55419,25.0309855
114,01,19,04,30,01大同區,大同區民權西路與延平北路3段口,0,0,1,1,B03,6,5,5,50,4,1,1,4,4,5,13,2,1,1,4,5,2,12,1,34,3,10,7,1,7,9,1,8,1,2,108,1,21,121.5120776,25.0631881
114,01,19,04,47,12內湖區,內湖區南京東路6段368巷與南京東路6段口,0,0,1,1,A12,6,5,5,50,3,2,1,4,4,5,13,2,1,9,4,5,2,13,1,32,3,10,7,1,7,9,1,7,2,1,108,1,21,121.5860167,25.0594025
114,01,19,05,29,03中山區,中山區民生東路1段58號,0,0,1,1,B01,7,5,5,50,14,9,1,4,4,5,13,4,4,5,4,5,2,12,1,64,3,10,7,1,7,8,1,4,1,2,100,1,21,121.5252958,25.05811211
114,01,19,07,25,08士林區,士林區延平北路7段155號對面,0,0,1,1,B03,7,6,5,50,14,9,1,4,4,5,13,4,4,10,5,5,1,16,1,45,3,10,7,1,7,6,1,8,1,2,9,1,21,121.4929232,25.0985614
114,01,19,07,30,12內湖區,內湖區安康路與東湖路口口,0,0,1,1,B01,6,7,5,50,4,19,1,4,4,5,13,2,1,5,5,5,2,3,1,60,3,10,7,1,7,5,1,4,9,4,108,1,21,121.6160366,25.0683039
114,01,19,07,40,10文山區,文山區木柵路4段77號,0,0,2,1,B03,6,7,5,50,14,9,1,4,4,5,13,1,1,10,5,5,2,16,2,55,3,10,7,1,7,5,1,4,1,5,80,1,21,121.572021,24.9958833
114,01,19,07,50,03中山區,中山區錦州街與民權東路3段60巷口,0,0,1,1,B03,7,6,5,50,4,1,1,4,4,5,13,4,4,5,4,5,2,15,1,45,3,10,3,4,7,9,1,8,1,4,44,1,21,121.5432963,25.0599896
114,01,19,08,51,04大安區,大安區忠孝東路4段216巷與敦化南路1段233巷口,0,0,1,1,B03,7,6,5,30,4,1,1,4,4,5,13,4,4,10,5,5,1,15,1,53,3,10,3,4,7,9,1,8,1,1,72,1,21,121.5529162,25.0403498
114,01,19,08,51,06松山區,松山區八德路4段與東興路口,0,0,1,1,B03,7,6,5,50,4,1,1,4,4,5,13,2,1,9,4,5,2,17,1,51,3,10,3,4,7,15,1,8,11,17,100,2,21,121.5655486,25.0491011
114,01,19,10,24,10文山區,文山區木柵路2段138巷與興隆路4段101巷口,0,0,2,1,C03,6,6,5,30,4,1,1,4,4,5,13,3,1,5,5,5,2,15,1,39,3,10,5,1,7,9,1,10,2,12,44,1,21,121.5620067,24.9883465
114,01,19,10,45,04大安區,大安區信義路4段374號,0,0,1,1,B03,6,6,5,50,14,9,1,4,4,5,13,4,4,1,4,5,2,17,2,67,3,10,7,1,7,9,1,8,11,17,44,1,21,121.5556474,25.0330491
114,01,19,10,50,07信義區,信義區福德街268巷29弄與福德街268巷口,0,0,2,1,C03,7,6,5,30,4,1,1,5,4,5,13,4,4,10,5,5,2,16,1,74,2,9,5,1,7,9,1,10,2,11,72,1,21,121.5856098,25.0401039
114,01,19,10,54,04大安區,大安區建國南路1段270巷與建國南路1段口,0,0,1,1,B01,6,5,5,50,3,2,1,4,4,5,13,1,1,1,3,5,1,17,1,51,3,10,7,1,7,15,1,4,1,17,100,1,21,121.537418,25.036448
114,01,19,11,27,10文山區,文山區景隆街12號前,0,0,1,1,B03,6,6,5,50,14,9,1,4,4,5,13,4,4,5,5,5,2,17,1,72,3,10,7,1,7,14,1,8,1,2,40,1,21,121.5403647,24.9998604
114,01,19,12,00,07信義區,信義區信安街15巷與吳興街156巷65弄口,0,0,2,1,C03,7,5,5,30,4,2,1,4,4,5,13,4,4,5,4,5,2,17,2,76,2,8,5,1,7,9,3,18,1,14,89,1,22,121.5590998,25.0278602
114,01,19,12,02,02萬華區,萬華區西園路2段與艋舺大道口,0,0,1,1,C03,8,6,5,50,4,1,1,5,4,5,13,2,1,1,5,5,2,13,1,56,3,10,5,1,7,9,1,10,9,11,16,1,26,121.4985513,25.03434903
114,01,19,12,26,05中正區,中正區新生南路1段與臨沂街3巷口,0,0,1,1,B01,6,6,5,50,3,1,1,4,4,5,13,4,4,3,4,5,1,9,1,64,3,10,7,1,7,14,1,4,2,2,40,1,21,121.5327291,25.0429638
114,01,19,12,28,01大同區,大同區重慶北路2段與民生西路口,0,0,3,1,C03,7,6,5,50,4,1,1,5,4,5,13,1,1,5,4,5,2,16,1,35,2,7,6,1,7,5,1,10,2,14,8,1,21,121.5137513,25.0569845
114,01,19,13,15,07信義區,信義區基隆路2段155號,0,0,1,1,C03,7,6,8,50,14,7,1,5,4,5,13,4,4,8,3,5,2,17,1,49,2,9,3,4,7,9,1,10,1,11,13,1,21,121.5550168,25.0265252
114,01,19,14,05,01大同區,大同區塔城街30號,0,0,1,1,C03,7,6,5,50,14,9,1,5,4,5,13,4,4,5,4,5,2,17,1,56,2,7,5,4,7,2,1,10,1,12,12,1,21,121.5103346,25.0517391
114,01,19,14,25,09北投區,北投區中央北路2段與豐年路2段口,0,0,1,1,C03,7,5,5,50,3,1,1,5,4,5,13,1,1,10,5,5,2,16,1,51,2,9,5,1,7,9,1,10,1,11,108,1,21,121.4930417,25.1377926
114,01,19,14,26,07信義區,信義區松山路123號,0,0,1,1,B12,8,6,5,50,14,9,1,5,4,5,13,4,4,10,5,5,2,17,1,36,3,10,3,4,7,13,1,8,1,4,40,1,21,121.5778674,25.0474066
114,01,19,15,10,07信義區,信義區松壽路與市府路口,0,0,1,1,B03,8,6,5,50,4,2,1,5,4,5,13,2,1,4,3,5,2,16,2,50,3,10,3,4,7,6,1,8,1,2,9,1,21,121.5636899,25.0359784
114,01,19,15,15,05中正區,中正區新生南路1段170巷與新生南路1段口,0,0,1,1,C03,7,7,5,50,3,2,1,5,4,5,13,4,4,1,4,5,2,18,1,27,2,9,5,1,7,9,1,10,1,14,118,1,21,121.5325518,25.0343603
114,01,19,16,35,09北投區,北投區登山路157-1號與無名巷口,0,0,1,1,C03,7,6,5,30,3,1,1,5,4,5,13,4,4,5,5,5,1,16,1,54,2,8,5,1,7,4,1,10,2,11,1,1,21,121.5210855,25.1500196
114,01,19,16,45,05中正區,中正區金門街與金門街24巷口,0,0,2,1,C03,7,6,5,30,4,1,1,5,4,5,13,4,4,10,5,5,1,15,1,47,2,9,5,1,7,9,1,10,1,11,72,1,21,121.5231033,25.0214954
114,01,19,18,05,12內湖區,內湖區瑞光路與瑞光路7巷口,0,0,1,1,B03,8,5,5,50,3,1,1,5,4,5,13,4,4,5,4,5,2,17,1,33,3,10,7,1,7,5,1,8,1,8,80,1,21,121.5838117,25.069208
114,01,19,18,10,10文山區,文山區羅斯福路6段與車前路口,0,0,1,1,C03,7,5,5,50,3,2,1,5,4,5,13,2,1,1,4,5,2,12,1,33,2,9,6,1,7,9,1,10,1,14,17,1,21,121.5404397,24.99178
114,01,19,20,19,07信義區,信義區虎林街132巷與忠孝東路5段372巷口,0,0,1,1,C03,8,5,5,30,4,18,1,5,4,5,13,4,4,5,5,5,2,9,1,53,4,11,3,4,7,6,1,10,11,15,70,2,22,121.5740345,25.0403197
114,01,19,20,27,08士林區,士林區忠誠路2段與德行東路口,0,0,2,1,B03,7,5,5,50,4,1,1,5,4,5,13,2,1,1,4,5,1,17,1,33,3,10,7,1,7,5,1,8,2,5,44,1,21,121.5303833,25.1084607
114,01,19,20,40,11南港區,南港區向陽路94號,0,0,2,1,B01,8,5,5,50,14,9,1,5,4,5,13,4,4,1,3,5,2,13,1,43,3,10,3,4,7,12,1,4,1,1,108,1,22,121.5949991,25.0537016
114,01,19,22,37,09北投區,北投區中央北路4段與學園路口,0,0,1,1,C03,7,5,5,50,3,1,1,5,4,5,13,1,1,9,4,5,2,18,1,18,2,9,6,1,7,6,1,10,1,14,42,1,21,121.466016,25.126671
114,01,19,22,44,12內湖區,內湖區舊宗路2段臨158號前號,0,0,2,1,C03,8,5,5,50,14,9,1,5,4,5,13,2,1,9,4,4,2,13,2,21,2,9,5,1,7,8,3,18,2,11,100,1,25,121.5749522,25.0702503
114,01,19,23,02,04大安區,大安區文昌街與信義路4段378巷口,0,0,2,1,C03,8,5,5,30,4,1,1,5,4,5,13,4,4,1,5,5,2,15,1,19,2,9,5,1,7,9,1,10,1,12,75,1,21,121.5557453,25.0322857
114,01,19,23,44,08士林區,士林區中山北路6段與福國路口,0,0,2,1,C03,8,5,5,50,3,1,1,5,4,5,13,2,1,3,2,5,1,17,1,38,2,9,6,1,7,5,1,10,1,14,8,1,21,121.5255567,25.1025692
114,01,19,23,55,07信義區,信義區松仁路與莊敬路423巷8弄口,0,0,2,1,C03,7,5,5,50,4,1,1,5,4,5,13,1,1,5,4,5,2,16,1,48,2,9,6,1,7,5,1,10,1,11,8,1,21,121.5683583,25.0285996
114,01,20,00,05,05中正區,中正區中華路1段與忠孝西路1段口,0,0,1,1,A02,8,5,5,50,4,1,1,5,4,5,13,1,1,1,4,1,1,9,1,40,3,10,7,1,7,6,1,2,2,2,70,1,21,121.5103221,25.0480536
114,01,20,00,20,04大安區,大安區基隆路3段與辛亥路1段口口,0,0,1,1,B03,7,5,5,50,4,1,1,5,4,5,13,2,1,1,4,5,2,16,1,40,3,10,3,4,7,6,1,8,1,5,9,1,22,121.5469042,25.0189124
114,01,20,00,28,05中正區,中正區水源路與廈門街口,0,0,1,1,B03,7,6,5,30,3,1,1,5,4,5,13,4,4,3,4,5,2,16,1,36,3,10,7,1,7,6,1,8,1,4,73,1,21,121.5175766,25.02155733
114,01,20,07,00,01大同區,大同區寧夏路與民生西路口,0,0,3,1,C03,8,6,5,50,4,2,1,5,4,5,13,1,1,5,4,5,2,17,2,61,2,9,6,1,7,9,1,10,1,11,16,1,21,121.5153196,25.0570139
114,01,20,07,05,07信義區,信義區基隆路2段115號,0,0,1,1,B03,7,5,5,50,14,9,1,5,4,5,13,4,4,5,5,5,2,13,1,60,3,10,7,1,7,9,1,8,2,6,108,1,21,121.5571294,25.0288822
114,01,20,07,18,07信義區,信義區信義路6段60號,0,0,1,1,C03,8,6,5,50,14,9,1,5,4,5,13,4,4,8,4,5,2,12,1,59,2,9,6,1,7,7,3,18,1,14,100,1,22,121.5764056,25.0349207
114,01,20,07,21,10文山區,文山區興隆路4段與興隆路4段105巷口,0,0,1,1,B03,7,5,5,50,4,1,1,5,4,5,13,2,1,10,5,5,2,16,1,43,3,10,7,1,7,5,1,8,2,5,71,1,22,121.5606175,24.987671
114,01,20,07,30,03中山區,中山區林森北路416巷與林森北路口,0,0,1,1,B01,7,5,5,50,3,1,1,5,4,5,13,4,4,5,5,5,2,16,1,59,3,10,3,4,7,1,1,4,1,8,19,1,21,121.5222683,25.05796151
114,01,20,07,30,12內湖區,內湖區文德路279號,0,0,1,1,B03,8,6,5,50,14,9,1,5,4,5,13,4,4,1,4,5,2,17,1,55,3,10,7,1,7,6,6,18,1,2,9,1,21,121.589409,25.079465
114,01,20,08,00,08士林區,士林區延平北路8段2巷153弄與無名巷口,0,0,2,1,C03,7,6,5,30,4,2,1,5,4,5,13,4,4,10,5,5,1,16,2,23,2,9,3,4,7,5,1,10,1,11,72,1,21,121.484819,25.1103819
114,01,20,08,01,08士林區,士林區承德路4段與劍潭路口,0,0,1,1,C03,7,7,5,50,14,8,1,5,4,5,13,2,1,8,3,4,2,12,1,24,2,9,5,1,7,9,1,10,1,11,16,1,22,121.5234149,25.0845113
114,01,20,08,10,03中山區,中山區龍江路298巷與龍江路口,0,0,1,1,B01,8,5,5,50,14,9,1,5,4,5,13,4,4,10,4,5,2,16,1,49,3,10,7,1,7,11,1,4,1,4,10,1,21,121.5407751,25.0618662
114,01,20,08,10,08士林區,士林區通河西街2段232號,0,0,1,1,B03,8,7,5,50,14,9,1,5,4,5,13,4,4,7,4,5,1,16,2,29,3,10,7,1,7,11,1,8,1,4,10,1,21,121.5004298,25.0939035
114,01,20,08,14,07信義區,信義區崇德街155號與崇德街146巷口,0,0,1,1,C03,8,6,5,30,4,2,1,5,4,5,13,4,4,10,5,5,2,16,1,61,2,9,3,4,7,5,1,10,2,11,72,1,21,121.5568173,25.0236031
114,01,20,08,27,08士林區,士林區通河西街1段堤外 士林機車考照練習場旁,0,0,2,1,C03,8,6,5,40,14,9,1,5,4,5,13,4,4,9,5,5,1,17,2,39,2,9,5,1,7,11,1,10,2,14,10,1,21,121.5194476,25.09620153
114,01,20,08,30,03中山區,中山區民生東路2段115巷與吉林路161巷口,0,0,1,1,C03,7,5,5,30,4,1,1,5,4,5,13,4,4,9,5,5,2,15,1,56,3,10,6,1,7,9,1,10,1,11,72,1,22,121.531645,25.0589399
114,01,20,08,30,12內湖區,內湖區瑞光路26巷20弄,0,0,2,1,C03,8,6,5,50,14,9,1,5,4,5,13,4,4,5,5,5,2,17,2,22,2,8,6,1,7,5,1,10,1,14,42,1,21,121.5826545,25.0694429
114,01,20,08,34,04大安區,大安區信義路2段與新生南路2段口,0,0,1,1,C03,8,7,5,50,14,9,1,5,4,5,13,2,1,1,4,5,2,12,1,38,2,9,3,4,7,7,1,10,1,14,100,1,21,121.5324471,25.0335394
114,01,20,08,37,12內湖區,內湖區堤頂大道1段與南京東路6段口,0,0,1,1,B01,8,6,5,50,4,1,1,5,4,5,13,1,1,1,4,5,2,15,1,50,3,10,7,1,7,9,1,4,1,1,81,1,21,121.5760441,25.0546414
114,01,20,08,43,04大安區,大安區羅斯福路4段與基隆路4段口,0,0,1,1,C03,8,7,5,50,5,1,1,5,4,5,13,1,1,8,3,5,1,16,1,62,4,11,3,4,7,5,7,19,11,14,96,2,22,121.5374496,25.0111109
114,01,20,08,49,03中山區,中山區松江路與建國北路口側附近3段口,0,0,1,1,B03,8,7,5,50,4,1,1,5,4,5,13,1,2,1,4,5,2,17,1,24,3,10,3,4,7,6,1,8,9,2,9,1,29,121.5331953,25.0676953
114,01,20,08,53,07信義區,信義區永吉路30巷與永吉路30巷157弄口,0,0,1,1,F01,7,6,5,30,4,1,2,5,4,5,13,4,4,8,5,5,2,15,2,46,2,8,4,1,7,9,8,20,1,14,72,1,22,121.5687525,25.0423386
114,01,20,08,59,03中山區,中山區松江路7號,0,0,2,1,C03,8,6,5,50,14,9,1,5,4,5,13,4,4,1,4,5,2,13,1,60,2,7,6,1,7,9,1,10,1,11,16,1,21,121.5330448,25.0462493
114,01,20,09,05,08士林區,士林區通河東街1段與大南路口,0,0,1,1,C03,8,6,5,30,5,2,1,5,4,5,13,2,1,9,5,5,1,17,2,68,3,10,5,1,7,9,1,10,1,13,33,2,21,121.5158985,25.08670485
114,01,20,09,10,01大同區,大同區延平北路3段與延平北路3段61巷口,0,0,1,1,C03,8,6,5,50,3,1,1,5,4,5,13,4,4,5,4,5,2,17,2,59,4,11,3,4,7,15,7,19,11,15,114,2,22,121.5110239,25.065704
114,01,20,09,19,06松山區,松山區延吉街與八德路3段口,0,0,2,1,C03,8,7,5,50,14,9,1,5,4,5,13,2,1,5,4,5,2,17,1,55,2,9,6,1,7,11,1,10,2,13,10,1,22,121.5533839,25.0478866
114,01,20,09,40,09北投區,北投區石牌路2段與石牌路2段97巷口,0,0,1,1,B01,8,7,5,50,3,1,1,5,4,5,13,4,4,5,4,5,2,15,1,44,3,10,3,4,7,9,1,4,1,8,72,1,26,121.5165563,25.1175216
114,01,20,09,50,11南港區,南港區忠孝東路6段360號與忠孝東路6段口對面,0,0,1,1,B03,8,7,5,50,5,2,1,5,4,5,13,1,1,1,3,5,2,13,1,37,3,10,7,1,7,6,1,8,1,2,9,1,21,121.5911847,25.0498734
114,01,20,09,59,01大同區,大同區環河北路1段與鄭州路口,0,0,1,1,B03,8,6,5,50,4,1,1,5,4,5,13,1,1,1,2,5,2,16,2,46,3,10,7,1,7,6,1,8,1,6,9,1,21,121.5068762,25.050629
114,01,20,10,23,03中山區,中山區內湖路1段與堤頂大道2段口,0,0,1,1,B03,8,7,5,50,3,2,1,5,4,5,13,1,1,1,4,5,2,12,1,48,3,10,7,1,7,9,1,8,1,2,108,1,21,121.560254,25.0845777
114,01,20,10,32,06松山區,松山區三民路與三民路29巷口,0,0,1,1,B03,8,6,5,50,4,1,1,5,4,5,13,4,4,4,3,5,2,3,1,63,4,11,3,4,7,5,1,8,11,5,70,2,21,121.5637796,25.0550685
114,01,20,10,52,01大同區,大同區重慶北路2段與保安街口,0,0,1,1,B03,8,6,5,50,4,18,1,5,4,5,13,2,1,1,4,5,2,3,1,41,3,10,7,4,7,6,1,8,1,5,9,1,21,121.5139094,25.0598862
114,01,20,11,22,08士林區,士林區故宮路與力行街口,0,0,2,1,B03,8,6,5,40,3,2,1,5,4,5,13,3,1,1,4,5,1,17,1,79,3,10,7,1,7,6,1,8,2,6,9,1,21,121.548557,25.0958421
114,01,20,11,25,10文山區,文山區木柵路1段331之3號,0,0,2,1,C03,8,5,5,50,14,9,1,5,4,5,13,4,4,5,4,5,2,16,1,76,2,9,6,1,7,7,1,10,1,11,100,1,21,121.5568393,24.9885678
114,01,20,11,28,06松山區,松山區八德路3段與八德路3段12巷口,0,0,1,1,B03,8,6,5,50,4,1,1,5,4,5,13,1,1,1,3,5,2,16,1,64,3,10,3,4,7,5,1,8,1,2,71,1,21,121.5505499,25.0482289
114,01,20,11,38,10文山區,文山區興隆路3段與興隆路3段192巷8弄口,0,0,1,1,C03,8,6,5,50,4,1,1,5,4,5,13,2,1,1,4,5,2,16,1,35,3,10,6,1,7,7,1,10,1,12,100,1,21,121.5598306,24.99676
114,01,20,11,53,08士林區,士林區中山北路6段與中山北路6段2巷口口,0,0,1,1,C03,8,6,5,30,3,1,1,5,4,5,13,3,1,10,5,5,2,16,1,71,2,9,6,1,7,5,1,10,1,12,72,1,21,121.5264208,25.10266523
114,01,20,11,59,03中山區,中山區錦西街與天祥路口,0,0,1,1,C03,8,6,5,50,4,1,1,5,4,5,13,4,4,9,5,5,2,3,1,68,3,10,6,1,7,9,1,10,2,11,70,1,21,121.5209068,25.0603292
114,01,20,12,08,01大同區,大同區市民大道1段209號,0,0,1,1,B12,8,6,5,40,22,6,1,5,4,5,13,4,4,1,5,5,2,17,1,44,3,10,7,4,7,11,1,8,1,8,10,1,21,121.5192046,25.0483633
114,01,20,12,10,01大同區,大同區承德路3段122巷12號,0,0,1,1,B03,8,6,5,30,14,9,1,5,4,5,13,4,4,5,5,5,2,17,2,62,3,10,2,1,7,13,1,8,2,4,40,1,21,121.5176692,25.0672935
114,01,20,12,25,03中山區,中山區林森北路與中山北路2段59巷口,0,0,1,1,C03,8,7,5,50,3,2,1,5,4,5,13,4,4,9,5,5,2,16,1,21,3,10,6,1,7,5,1,10,2,11,74,1,21,121.5254388,25.0558491
114,01,20,12,38,01大同區,大同區民權西路與重慶北路2段口口,0,0,1,1,C03,7,5,5,50,5,1,1,5,4,5,13,2,1,9,5,5,2,13,2,27,3,10,5,1,7,15,1,10,9,13,114,2,22,121.5133803,25.0629266
114,01,20,12,45,08士林區,士林區中山北路6段與忠誠路1段口,0,0,1,1,C03,8,6,5,50,4,1,1,5,4,5,13,1,1,1,5,4,1,16,2,40,2,9,5,1,7,1,1,10,2,14,19,1,21,121.5266395,25.1041851
114,01,20,12,54,03中山區,中山區復興北路與錦州街口,0,0,1,1,B03,8,6,5,50,4,1,1,5,4,5,13,2,1,1,4,5,2,12,1,68,3,10,3,4,7,9,1,8,9,2,17,1,21,121.5441049,25.0602892
114,01,20,13,08,01大同區,大同區鄭州路與塔城街口,0,0,1,1,C03,7,5,5,40,14,9,1,5,4,5,13,2,1,9,4,5,1,16,1,26,4,11,3,4,7,1,1,10,11,12,19,2,21,121.5107183,25.0502449
114,01,20,13,08,10文山區,文山區興隆路4段62巷與無名巷口,0,0,2,1,C03,8,6,5,30,4,1,1,5,4,5,13,4,4,10,5,5,2,15,1,50,2,9,6,1,7,9,1,10,1,11,72,1,21,121.560646,24.9850584
114,01,20,13,20,03中山區,中山區中山橋往南,0,0,2,1,C03,8,7,5,50,8,9,1,5,4,5,13,4,4,8,3,5,2,13,1,24,2,7,6,4,7,7,1,10,1,13,100,1,22,121.5258026,25.0747486
114,01,20,13,44,03中山區,中山區興安街與遼寧街口,0,0,2,1,B02,8,7,5,50,4,1,1,5,4,5,13,2,1,5,4,4,2,15,1,28,2,9,7,1,7,9,1,8,2,1,81,1,21,121.5421694,25.0560694
114,01,20,13,55,04大安區,大安區龍泉街與雲和街口,0,0,1,1,B03,7,5,5,30,4,2,1,5,4,5,13,4,4,10,5,5,2,15,1,47,3,10,7,1,7,9,1,8,1,2,72,1,21,121.5293621,25.0235577
114,01,20,14,01,05中正區,中正區羅斯福路1段36號,0,0,1,1,C03,8,7,5,50,14,9,1,5,4,5,13,4,4,1,4,5,2,13,1,23,2,9,6,1,7,9,1,10,1,11,16,1,21,121.5192176,25.0313454
114,01,20,14,08,01大同區,大同區大龍街46巷與大龍街口,0,0,1,1,B03,8,6,5,30,5,1,1,5,4,5,13,4,4,10,5,5,2,16,1,54,3,10,7,1,7,5,1,8,2,4,8,1,21,121.5160246,25.06477172
114,01,20,14,15,06松山區,松山區民權東路4段與光復北路口,0,0,1,1,C03,7,6,5,50,4,1,1,5,4,5,13,1,1,1,3,5,2,16,2,59,2,9,6,1,7,6,1,10,1,11,99,1,21,121.5546653,25.0620265
114,01,20,14,45,05中正區,中正區重慶南路1段與凱達格蘭大道口,0,0,1,1,B01,7,7,5,50,3,1,1,5,4,5,13,1,1,5,4,5,2,17,1,60,3,10,7,1,7,15,1,3,1,4,40,1,21,121.5128542,25.0397719
114,01,20,14,50,06松山區,松山區塔悠路與撫遠街口,0,0,2,1,B03,8,5,5,50,4,1,1,5,4,5,13,1,1,1,4,4,2,17,2,48,3,10,7,1,7,6,1,8,1,5,98,1,21,121.5681575,25.0683048
114,01,20,14,57,01大同區,大同區鄭州路與西寧北路口,0,0,1,1,B03,8,6,5,40,4,1,1,5,4,5,13,1,1,1,4,5,2,17,1,49,3,10,7,1,7,9,1,8,2,1,99,1,21,121.5081984,25.05059873
114,01,20,15,23,05中正區,中正區中山北路1段與北平西路口,0,0,1,1,C03,7,6,5,50,4,2,1,5,4,5,13,1,1,1,4,5,2,13,1,46,2,7,6,1,7,9,1,10,1,11,108,1,22,121.5203744,25.0475781
114,01,20,15,25,12內湖區,內湖區南京東路6段131號,0,0,1,1,C03,7,5,5,30,14,9,1,5,4,5,13,4,4,10,4,5,2,17,1,18,2,9,5,1,7,1,1,10,1,13,19,1,21,121.5779752,25.0556133
114,01,20,15,30,11南港區,南港區重陽路187巷與松河街口口,0,0,1,1,F03,8,6,5,40,14,9,1,5,4,5,13,4,4,5,5,5,2,13,2,14,2,9,5,1,7,9,8,20,1,11,108,1,21,121.5979744,25.0583109
114,01,20,15,48,04大安區,大安區建國南路1段與市民大道3段口,0,0,1,1,C03,8,7,5,50,4,2,1,5,4,5,13,2,1,1,4,4,2,17,2,43,2,9,3,4,7,6,1,10,1,11,99,1,21,121.5369616,25.0446071
114,01,20,16,20,01大同區,大同區鄭州路145號,0,0,1,1,C03,7,5,5,40,14,9,1,5,4,5,13,4,4,9,4,5,1,16,1,22,4,11,3,4,7,15,6,10,11,15,108,2,22,121.5094324,25.050455
114,01,20,16,20,03中山區,中山區市民大道3段與八德路2段210巷口,0,0,1,1,B03,7,5,5,40,3,1,1,5,4,5,13,1,1,1,4,5,2,16,2,62,3,10,3,4,7,6,1,8,1,2,9,1,21,121.5395252,25.04492482
114,01,20,16,38,06松山區,松山區松山路11號旁,0,0,1,1,C03,7,6,5,40,14,9,1,5,4,5,13,4,4,10,4,5,2,16,2,39,2,9,6,1,7,9,1,10,1,14,44,1,21,121.5783603,25.0494916
114,01,20,16,39,12內湖區,內湖區民權東路6段21巷與瑞光路76巷口,0,0,1,1,B03,7,6,5,50,3,1,1,5,4,5,13,4,4,9,4,5,2,16,1,36,3,10,7,1,7,5,1,8,2,5,74,1,21,121.580423,25.0699111
114,01,20,16,50,09北投區,北投區泉源路與中和街口,0,0,1,1,B03,8,6,5,50,4,1,1,5,4,5,13,1,1,5,4,5,2,16,1,54,3,10,7,1,7,6,1,8,2,5,9,1,21,121.5035843,25.1372925
114,01,20,16,52,07信義區,信義區永吉路與松隆路口,0,0,1,1,B03,7,7,5,50,14,9,1,5,4,5,13,1,1,3,4,5,2,12,1,68,3,10,3,4,7,6,1,8,1,5,9,1,21,121.570277,25.0454963
114,01,20,17,04,05中正區,中正區重慶南路2段與愛國西路口,0,0,2,1,C03,8,5,5,50,4,2,1,5,4,5,13,1,1,1,4,5,2,16,2,33,2,8,5,1,7,6,1,10,1,11,9,1,21,121.512517,25.0348942
114,01,20,17,12,04大安區,大安區大安路1段與仁愛路4段口,0,0,1,1,C03,8,7,5,50,4,1,1,5,4,5,13,1,1,5,2,5,2,17,2,60,2,9,3,4,7,5,1,10,1,11,4,1,21,121.5458845,25.0377337
114,01,20,17,18,03中山區,中山區松江路與建國北路3段口,0,0,1,1,B03,7,6,5,50,14,9,1,5,4,5,13,4,4,1,5,5,1,9,1,22,3,10,3,4,7,9,1,8,11,15,89,2,21,121.5333395,25.06839486
114,01,20,17,19,10文山區,文山區新光路2段捷運機廠前,0,0,1,1,C03,7,6,5,50,18,9,1,5,4,5,13,3,1,10,5,5,2,17,1,20,3,10,6,1,7,9,1,10,1,12,108,1,21,121.5835064,25.0004527
114,01,20,17,51,04大安區,大安區羅斯福路2段與和平東路1段口,0,0,1,1,C03,8,6,5,50,5,1,1,5,4,5,13,1,1,3,4,5,2,13,1,42,2,8,6,4,7,9,1,10,1,11,16,1,21,121.523005,25.0271081
114,01,20,18,01,03中山區,中山區市民大道2段與林森北路口,0,0,1,1,C03,8,5,5,50,4,1,1,5,4,5,13,1,1,5,4,5,1,17,1,30,3,10,3,1,7,8,1,10,1,12,100,1,22,121.5241945,25.0476987
114,01,20,18,10,05中正區,中正區市民大道2段與長安東路1段52巷口,0,0,1,1,C03,7,5,5,40,14,9,1,5,4,5,13,1,1,1,4,5,2,13,1,29,2,9,5,1,7,9,1,10,2,12,16,1,21,121.5275259,25.0468453
114,01,20,18,15,07信義區,信義區忠孝東路4段515號,0,0,1,1,C03,7,5,5,50,14,9,1,5,4,5,13,4,4,3,4,5,2,18,2,29,2,9,6,4,7,9,1,10,1,12,42,1,21,121.5585236,25.0414379
114,01,20,18,23,06松山區,松山區民權東路4段與光復北路口,0,0,1,1,B02,8,5,5,50,4,1,1,5,4,5,13,1,1,1,4,5,2,17,1,25,3,10,7,1,7,6,1,8,1,2,9,1,21,121.554614,25.0619851