發生年度,發生月,發生日,發生時-Hours,發生分,區序,肇事地點,死亡人數,2-30日死亡人數,受傷人數,當事人序號,車種,天候,光線,道路類別,速限-速度限制,道路型態,事故位置,路面狀況1,路面狀況2,路面狀況3,道路障礙1,道路障礙2,號誌1,號誌2,車道劃分-分向,車道劃分-分道1,車道劃分-分道2,車道劃分-分道3,事故類型及型態,性別,年齡,受傷程度,主要傷處,保護裝置,行動電話,車輛用途,當事者行動狀態,駕駛資格情形,駕駛執照種類,飲酒情形,車輛撞擊部位1,肇因碼-個別,個人肇逃否,職業,座標-X,座標-Y
114,01,20,18,34,04大安區,大安區辛亥路2段與新生南路3段口,0,0,1,1,B02,8,5,5,50,4,1,1,5,4,5,13,2,1,1,4,5,2,13,1,58,3,10,7,1,7,6,1,8,1,1,108,1,22,121.5347075,25.0226763
114,01,20,18,48,07信義區,信義區信安街與嘉興街175巷9弄口,0,0,1,1,C03,7,5,5,20,4,1,1,5,4,5,13,4,4,9,5,5,2,15,2,52,3,10,5,1,7,9,1,10,1,12,72,1,21,121.5581316,25.0278507
114,01,20,18,50,12內湖區,內湖區瑞光路與瑞光路513巷口,0,0,2,1,C03,8,5,5,50,4,1,1,5,4,5,13,1,1,5,4,5,2,12,2,23,2,8,5,1,7,15,1,8,1,12,100,1,21,121.5675731,25.0797549
114,01,20,19,03,05中正區,中正區林森南路地下道,0,0,2,1,C03,7,5,5,50,14,9,1,5,4,5,13,4,4,7,4,5,2,13,2,36,2,9,5,1,7,9,1,10,1,11,16,1,21,121.5195947,25.03452085
114,01,20,19,10,11南港區,南港區研究院路4段180號,0,0,2,1,C03,7,5,5,50,14,9,1,5,4,5,13,4,4,5,4,5,2,9,1,33,2,7,5,1,7,9,1,10,1,12,108,1,21,121.5984545,25.024329
114,01,20,19,48,09北投區,北投區崗山路與崗山路5巷口,0,0,2,1,C03,8,5,5,30,4,1,1,5,4,5,13,4,4,10,5,5,2,15,1,19,2,9,5,1,7,9,1,10,1,12,72,1,21,121.4868,25.1403022
114,01,20,19,55,08士林區,士林區福港街129巷與福港街129巷10弄口,0,0,1,1,C03,7,5,5,30,3,1,1,5,4,5,13,4,4,10,5,5,2,4,1,35,2,8,6,1,7,6,1,10,2,11,44,1,23,121.5185969,25.0879764
114,01,20,20,04,01大同區,大同區台北橋往東(大龍街匝道),0,0,1,1,B03,7,5,5,40,8,9,1,5,4,5,13,4,4,4,1,5,1,13,1,37,3,10,3,4,7,9,1,8,2,1,16,1,22,121.5149312,25.0629457
114,01,20,20,50,10文山區,文山區景福街與羅斯福路6段口,0,0,1,1,B03,8,5,5,50,4,1,1,5,4,5,13,2,1,5,5,5,2,16,1,63,3,10,7,1,7,6,1,8,1,6,9,1,21,121.5408018,24.9932102
114,01,20,21,21,03中山區,中山區林森北路379號,0,0,1,1,C03,8,5,5,50,14,9,1,5,4,5,13,4,4,5,4,5,2,16,1,33,3,10,5,1,7,11,3,18,1,11,94,1,22,121.525561,25.05842201
114,01,20,21,35,03中山區,中山區民生東路1段70巷與新生北路2段76巷口,0,0,1,1,C03,7,5,5,30,4,1,1,5,4,5,13,4,4,8,5,5,1,15,1,22,3,10,3,4,7,9,1,10,1,11,72,1,21,121.5264275,25.0574268
114,01,20,21,48,02萬華區,萬華區萬大路96號,0,0,1,1,B01,8,6,5,50,14,9,1,5,4,5,13,4,4,3,4,5,2,12,1,46,3,10,3,4,7,1,1,4,1,4,19,1,21,121.5004745,25.0301928
114,01,20,22,15,06松山區,松山區民生東路3段130巷5弄與民生東路3段140巷口,0,0,2,1,C03,7,5,5,30,4,1,1,5,4,5,13,4,4,10,5,5,2,15,1,33,2,9,5,1,7,9,1,10,1,11,75,1,21,121.5472883,25.05701
114,01,20,22,16,07信義區,信義區忠孝東路5段與松仁路口,0,0,1,1,B03,7,5,5,50,4,1,1,5,4,5,13,2,1,1,4,5,2,16,2,20,3,10,7,1,7,6,1,8,2,8,9,1,21,121.5687386,25.0410234
114,01,20,22,39,05中正區,中正區愛國西路與公園路口,0,0,1,1,B03,8,5,5,50,4,1,1,5,4,5,13,1,1,1,4,5,2,17,1,66,3,10,7,1,7,6,1,8,2,2,9,1,21,121.5145712,25.0347881
114,01,20,23,50,08士林區,士林區文林路與福國路口,0,0,1,1,B03,7,5,5,50,5,1,1,5,4,5,13,1,1,5,3,5,2,16,1,32,3,10,3,4,7,5,1,8,2,6,8,1,21,121.5207474,25.10203661
114,01,21,00,40,06松山區,松山區八德路4段與塔悠路口,0,0,1,1,C03,8,5,5,50,4,1,1,5,4,5,13,2,1,1,4,5,1,17,2,31,2,8,6,1,7,9,1,10,1,17,44,1,21,121.5724801,25.0500159
114,01,21,06,58,12內湖區,內湖區成功路2段與成功路2段323巷口,0,0,2,1,C03,8,6,5,50,3,18,1,5,4,5,13,2,1,1,4,5,2,3,1,42,2,9,5,1,7,9,1,10,2,11,70,1,21,121.5901871,25.0703084
114,01,21,07,31,08士林區,士林區中山北路5段465號福林加油站出口前,0,0,1,1,C03,8,6,5,40,14,9,1,5,4,5,13,4,4,1,5,5,1,17,1,35,4,11,3,4,7,1,7,19,9,15,19,2,21,121.5276554,25.09224285
114,01,21,07,45,04大安區,大安區新生南路2段56號,0,0,2,1,C03,8,6,5,40,14,9,1,5,4,5,13,4,4,6,1,5,1,13,2,33,2,9,5,1,7,9,1,10,1,11,16,1,21,121.5342332,25.0286064
114,01,21,08,20,12內湖區,內湖區民權大橋往松山,0,0,2,1,C03,8,6,5,50,8,11,1,5,4,5,13,4,4,1,4,5,2,13,1,51,3,10,6,1,7,9,1,10,2,11,16,1,21,121.5690712,25.064431
114,01,21,08,23,08士林區,士林區德行東路132巷與德行東路132巷3弄口,0,0,1,1,C03,8,5,5,30,4,1,1,5,4,5,13,4,4,10,5,5,1,15,2,27,2,9,5,1,7,9,1,10,2,11,72,1,21,121.5292657,25.1074695
114,01,21,08,35,03中山區,中山區大直橋往北（國道一號下方）,0,0,3,1,C03,8,7,5,50,8,9,1,5,4,5,13,4,4,1,4,5,2,13,2,41,2,9,6,1,7,9,1,10,1,11,108,1,21,121.5442138,25.07265875
114,01,21,08,35,04大安區,大安區和平東路2段與臥龍街口,0,0,1,1,B03,8,6,5,50,4,2,1,5,4,5,13,2,1,1,4,5,2,17,1,44,3,10,7,1,7,9,1,8,1,5,108,1,21,121.5466235,25.0246167
114,01,21,08,53,12內湖區,內湖區民權東路6段與民權東路6段56巷口,0,0,1,1,C04,8,6,5,50,4,2,1,5,4,5,13,2,1,1,4,5,2,17,2,47,3,10,5,1,7,9,1,11,1,14,81,1,21,121.5843434,25.068688
114,01,21,09,00,06松山區,松山區民權東路5段72號,0,0,1,1,C03,8,7,5,40,14,11,1,5,4,5,13,4,4,9,4,4,2,13,2,41,2,9,6,1,7,9,1,10,1,14,16,1,22,121.5663364,25.0632033
114,01,21,09,04,07信義區,信義區光復南路346巷與光復南路口,0,0,1,1,C03,8,6,5,50,3,2,1,5,4,5,13,4,4,1,4,4,2,16,1,38,3,10,6,1,7,5,1,10,1,14,118,1,21,121.5576131,25.0383946
114,01,21,09,10,12內湖區,內湖區康寧路3段245巷與康寧路3段265巷口,0,0,2,1,C03,7,7,5,40,3,1,1,5,4,5,13,4,4,5,5,5,2,17,2,47,2,9,5,1,7,14,1,10,1,13,27,1,21,121.6127967,25.0666695
114,01,21,09,12,09北投區,北投區承德路6段359號,0,0,1,1,B03,8,6,5,60,14,8,1,5,4,5,13,4,4,9,4,4,2,16,1,63,3,10,7,1,7,8,1,8,2,5,100,1,21,121.5115949,25.1066916
114,01,21,09,19,10文山區,文山區羅斯福路6段與景隆街口,0,0,1,1,B03,8,6,5,50,4,1,1,5,4,5,13,2,1,1,4,5,2,17,1,43,3,10,7,1,7,6,1,8,11,17,9,1,21,121.5399925,24.9996733
114,01,21,09,24,10文山區,文山區木柵路3段102巷與木柵路3段口,0,0,1,1,B03,7,6,8,30,22,22,1,5,4,5,13,1,1,10,5,5,2,17,1,50,3,10,3,4,7,1,1,8,9,15,44,1,22,121.5675021,24.9885707
114,01,21,09,54,06松山區,松山區三民路與三民路29巷口,0,0,2,1,C04,8,7,5,50,4,1,1,5,4,5,13,4,4,5,4,5,2,17,1,34,2,7,6,1,7,9,1,8,11,11,108,2,21,121.5637278,25.055068
114,01,21,10,00,07信義區,信義區松智路與松智路31巷口,0,0,2,1,C03,8,6,5,50,14,9,1,5,4,5,13,4,4,9,5,5,2,16,2,58,2,8,6,1,7,11,1,10,2,14,10,1,22,121.5656547,25.0309236
114,01,21,10,15,03中山區,中山區中山北路4段與圓山涵洞口,0,0,1,1,B01,8,7,5,50,14,9,1,5,4,5,13,4,4,1,4,5,2,12,1,61,3,10,7,1,7,7,1,4,1,8,100,1,21,121.5253444,25.07652992
114,01,21,10,27,01大同區,大同區民樂街與南京西路口,0,0,2,1,C03,8,6,5,50,5,1,1,5,4,5,13,3,1,5,5,5,2,17,1,53,2,9,6,1,7,5,1,10,2,14,72,1,21,121.5110257,25.0538468
114,01,21,10,30,12內湖區,內湖區成功路2段456巷與成功路2段456巷口,0,0,1,1,B01,7,5,5,30,3,1,1,5,4,5,13,4,4,10,5,5,2,17,1,57,3,10,7,1,7,5,1,10,1,8,8,1,21,121.5886349,25.0731185
114,01,21,10,31,07信義區,信義區忠孝東路5段275巷與虎林街120巷口,0,0,2,1,B12,8,6,5,30,4,1,1,5,4,5,13,4,4,10,5,5,1,15,1,51,3,10,3,4,7,9,1,8,1,5,72,1,22,121.5713952,25.0422541
114,01,21,10,44,08士林區,士林區通河西街1段堤外便道,1,0,0,1,C03,8,7,5,50,14,9,1,5,4,5,13,4,4,9,5,5,2,17,1,40,1,9,6,1,7,9,1,10,1,11,16,1,21,121.5151085,25.079969
114,01,21,10,56,04大安區,大安區復興南路1段129號,0,0,1,1,B03,8,7,5,50,14,9,1,5,4,5,13,1,1,8,3,5,2,17,1,34,3,10,3,4,7,8,1,8,1,17,44,1,21,121.5439363,25.0429547
114,01,21,11,09,08士林區,士林區通河西街2段與無名巷口,0,0,1,1,B12,8,5,5,30,3,1,1,5,4,5,13,4,4,9,5,5,2,17,2,32,4,11,3,4,7,21,6,4,9,15,72,2,22,121.5181541,25.08708523
114,01,21,11,11,01大同區,大同區鄭州路(地下街Y28),0,0,1,1,B03,8,6,5,40,14,9,1,5,4,5,13,4,4,1,4,5,2,17,1,51,3,10,7,4,7,12,1,8,1,6,44,1,21,121.511586,25.0497082
114,01,21,11,33,05中正區,中正區市民大道1段168號與市民大道1段口迴轉道,0,0,1,1,B03,7,7,5,40,3,1,1,5,4,5,13,4,4,1,4,5,2,17,1,65,3,10,7,1,7,11,1,8,2,8,103,1,21,121.5186408,25.0483333
114,01,21,11,59,01大同區,大同區鄭州路與延平北路1段口,0,0,1,1,B03,8,6,5,40,4,2,1,5,4,5,13,2,1,1,4,5,2,13,1,40,3,10,7,4,7,9,1,8,1,1,16,1,21,121.5124333,25.0500602
114,01,21,12,05,12內湖區,內湖區成功路2段與南京東路6段口南向北,0,0,1,1,C03,7,6,5,50,3,1,1,5,4,5,13,4,4,1,4,5,2,13,2,58,2,9,6,1,7,9,1,10,1,11,16,1,22,121.5909054,25.0628376
114,01,21,12,06,12內湖區,內湖區舊宗路1段與行善路口,0,0,1,1,B03,8,6,5,50,4,1,1,5,4,5,13,2,1,9,4,5,2,16,1,34,3,10,7,1,7,5,1,8,1,2,71,1,21,121.5803234,25.0589216
114,01,21,12,20,03中山區,中山區中山橋,0,0,2,1,C03,7,6,5,30,14,11,1,5,4,5,13,4,4,3,4,4,2,13,2,20,2,9,5,4,7,9,1,10,1,11,16,1,21,121.5252979,25.0743805
114,01,21,12,50,06松山區,松山區光復北路與富錦街口,0,0,1,1,B03,8,7,5,50,3,1,1,5,4,5,13,1,1,9,4,4,1,17,1,48,3,10,7,4,7,5,1,8,1,1,71,1,22,121.5549036,25.0602624
114,01,21,13,06,08士林區,士林區中山北路5段與中山北路5段699巷口,0,0,2,1,C03,8,5,5,50,5,1,1,5,4,5,13,2,1,1,4,5,2,16,1,51,2,7,3,4,7,6,1,10,1,12,9,1,22,121.5271988,25.0976838
114,01,21,13,08,08士林區,士林區承德路5段78號,0,0,2,1,C03,8,6,5,40,14,9,1,5,4,5,13,4,4,1,4,1,1,13,1,48,2,9,5,1,7,9,1,10,1,11,16,1,21,121.5147137,25.0937116
114,01,21,13,08,09北投區,北投區中央北路2段與中央北路2段95巷口西往東方向,0,0,1,1,C03,8,5,5,50,4,2,1,5,4,5,13,1,1,9,4,5,1,12,2,64,2,1,6,1,7,10,1,10,1,14,100,1,21,121.4953988,25.1368339
114,01,21,13,27,07信義區,信義區忠孝東路5段236巷2弄與松勇路口,0,0,1,1,B03,8,6,5,50,14,9,1,5,4,5,13,4,4,9,5,5,2,17,1,42,3,10,7,1,7,1,1,8,2,4,19,1,22,121.5698127,25.0404816
114,01,21,13,30,09北投區,北投區致遠一路1段46巷與自強街180巷口,0,0,1,1,C03,8,6,5,30,4,1,1,5,4,5,13,4,4,10,5,5,2,15,2,49,3,10,5,1,7,9,1,10,2,11,75,1,21,121.5179212,25.1103469
114,01,21,13,42,05中正區,中正區仁愛路2段14巷與杭州南路1段101巷口,0,0,1,1,B13,8,5,5,30,4,1,1,5,4,5,13,4,4,10,5,5,2,15,2,31,3,10,7,1,7,9,1,8,1,2,72,1,21,121.5260045,25.03770413
114,01,21,13,51,04大安區,大安區和平東路1段12巷與和平東路1段口,0,0,1,1,C03,8,7,5,30,3,1,1,5,4,5,13,4,4,8,3,5,2,15,1,62,3,10,3,4,7,15,1,10,1,15,72,1,21,121.5234637,25.0268917
114,01,21,14,07,07信義區,信義區忠孝東路5段790巷與忠孝東路5段790巷23弄口,0,0,2,1,C04,8,6,5,30,4,1,1,5,4,5,13,4,4,10,5,5,2,16,2,63,2,9,5,1,7,9,1,11,2,12,72,1,21,121.582462,25.0426754
114,01,21,14,11,07信義區,信義區和平東路3段667號,0,0,1,1,B03,8,6,5,40,11,9,1,5,4,5,13,4,4,9,5,5,2,17,1,67,3,10,7,1,7,9,1,8,1,2,44,1,22,121.5634327,25.0120064
114,01,21,14,35,10文山區,文山區萬壽橋與木柵路4段口,0,0,1,1,B03,8,5,5,50,4,2,1,5,4,5,13,2,1,10,5,5,1,16,2,26,3,10,7,1,7,6,1,8,1,8,82,1,21,121.5712132,24.9918162
114,01,21,14,46,02萬華區,萬華區萬大路493巷48弄20號與萬大路493巷48弄口25號口,0,0,2,1,B13,8,6,5,30,5,2,1,5,4,3,12,4,4,10,5,5,2,15,1,24,3,10,7,1,7,13,1,4,1,17,38,1,21,121.4992192,25.0193055
114,01,21,15,45,06松山區,松山區八德路4段與南京東路5段66巷22弄口,0,0,2,1,A05,8,5,6,50,4,1,1,5,4,5,13,4,4,9,4,5,2,1,1,58,3,10,7,1,7,9,1,2,1,5,70,1,21,121.5593694,25.0483383
114,01,21,16,02,05中正區,中正區重慶南路2段與南海路口,0,0,1,1,B03,8,7,5,50,4,1,1,5,4,5,13,1,1,1,4,5,2,17,1,33,3,10,7,1,7,5,1,8,1,6,71,1,22,121.5143219,25.0318846
114,01,21,16,20,04大安區,大安區信義路4段30巷與信義路3段30巷7弄口,0,0,1,1,C03,8,6,5,30,4,1,1,5,4,5,13,4,4,10,5,5,2,15,1,55,2,9,6,1,7,9,1,10,1,12,72,1,21,121.5446405,25.0328024
114,01,21,16,25,10文山區,文山區新光路2段燈桿059號旁,0,0,1,1,C03,8,6,5,40,11,9,1,5,4,5,13,4,4,5,5,5,2,20,2,25,2,8,5,1,7,9,1,10,1,11,108,1,21,121.5938778,24.9962846
114,01,21,16,30,10文山區,文山區興隆路4段木柵公園前,0,0,1,1,F03,7,5,5,50,14,9,1,5,4,5,13,1,1,1,4,5,1,12,1,77,2,9,6,1,7,9,8,20,1,11,5,1,22,121.5607584,24.9869887
114,01,21,16,30,11南港區,南港區南港路2段與南港路2段178巷口往東70公尺處,0,0,2,1,H01,8,6,5,40,14,8,1,5,4,5,13,4,4,5,4,5,2,3,1,81,2,9,4,5,8,18,8,20,10,16,121,1,21,121.6001963,25.0533582
114,01,21,16,45,02萬華區,萬華區內江街81巷與昆明街178巷口,0,0,2,1,C03,7,5,8,30,4,1,1,5,4,5,13,4,4,10,5,5,2,15,1,54,2,8,5,1,7,9,1,10,1,11,44,1,21,121.5042554,25.0418455
114,01,21,17,05,09北投區,北投區立農街2段與立農街2段202弄口,0,0,1,1,C03,7,5,5,50,4,2,1,5,4,5,13,2,1,5,4,5,2,12,2,69,2,8,3,4,7,7,1,10,1,14,100,1,26,121.5143369,25.1188501
114,01,21,17,12,07信義區,信義區松仁路100號,0,0,1,1,B03,8,7,5,50,14,9,1,5,4,5,13,2,1,9,4,5,2,17,1,59,3,10,7,1,7,9,1,8,2,5,44,1,21,121.5682771,25.0346482
114,01,21,17,23,03中山區,中山區長安東路2段與建國北路1段口,0,0,1,1,C04,7,5,5,50,4,1,1,5,4,5,13,1,1,1,4,5,2,15,2,59,2,8,3,4,7,9,1,11,1,11,81,1,21,121.536441,25.0484315
114,01,21,17,50,03中山區,中山區中山北路2段與民權東路1段口,0,0,1,1,F01,7,5,5,0,4,1,1,5,4,5,13,1,1,8,5,5,2,17,2,29,2,9,5,1,7,9,8,20,1,14,118,1,21,121.5225602,25.0625787
114,01,21,18,00,03中山區,中山區林森北路304號前,0,0,1,1,B03,7,5,5,50,14,9,1,5,4,5,13,4,4,9,5,5,2,17,1,58,3,10,3,4,7,9,1,8,1,5,44,1,21,121.5254491,25.0560073
114,01,21,18,06,11南港區,南港區興中路與興中路12巷口,0,0,1,1,C03,7,5,5,50,3,2,1,5,4,5,13,4,4,5,5,5,2,13,2,23,3,10,6,1,7,9,1,10,2,11,16,1,21,121.6074245,25.0549379
114,01,21,18,12,06松山區,松山區市民大道6段與松山路口,0,0,1,1,C03,7,5,5,40,4,1,1,5,4,5,13,2,1,1,4,5,2,12,2,73,2,7,6,1,7,8,1,10,1,14,100,1,21,121.5777389,25.0495274
114,01,21,18,15,01大同區,大同區延平北路2段與延平北路2段210巷口,0,0,2,1,C03,8,5,5,50,3,1,1,5,4,5,13,2,1,8,3,5,2,2,1,65,2,9,6,1,7,9,1,10,1,11,108,1,21,121.5113817,25.0593606
114,01,21,18,25,03中山區,中山區中山北路2段與錦西街口,0,0,2,1,C03,8,5,5,50,4,1,1,5,4,5,13,2,1,1,4,5,2,17,2,51,2,7,6,4,7,7,1,10,1,14,100,1,21,121.52288,25.06057538
114,01,21,18,28,12內湖區,內湖區民權大橋東向西,0,0,2,1,C03,7,5,5,50,14,11,1,5,4,5,13,1,1,1,3,4,2,13,2,29,2,9,6,1,7,9,1,10,1,11,16,1,21,121.5778764,25.0666615
114,01,21,19,05,08士林區,士林區光華路61巷4弄024燈桿(下山),0,0,3,1,B02,8,5,5,40,11,9,1,5,4,5,13,4,4,10,5,5,1,9,2,24,2,9,7,1,7,9,1,10,1,1,42,1,25,121.5231736,25.11602953
114,01,21,19,23,02萬華區,萬華區內江街87號,0,0,1,1,C03,7,5,6,50,3,1,1,5,4,5,13,2,1,10,4,5,2,17,1,21,3,10,6,1,7,8,1,10,1,17,100,1,22,121.5034925,25.0415915
114,01,21,19,25,02萬華區,萬華區昆明街220號,0,0,1,1,C03,8,5,5,50,14,9,1,5,4,5,13,1,1,9,4,5,2,17,2,27,2,9,5,4,7,15,1,10,1,13,27,1,21,121.5043506,25.04058149
114,01,21,19,26,12內湖區,內湖區文德路22巷46號號,0,0,1,1,B03,8,5,5,30,14,9,1,5,4,5,13,4,4,10,5,5,2,10,1,34,3,10,7,1,7,9,1,8,2,1,5,1,21,121.580168,25.0766293
114,01,21,21,24,10文山區,文山區羅斯福路5段218巷與萬隆街口,0,0,3,1,C03,8,5,5,30,4,1,1,5,4,5,13,4,4,10,5,5,2,15,1,31,2,8,5,1,7,9,6,18,1,12,72,1,21,121.5368222,25.0021208
114,01,21,21,46,03中山區,中山區民生東路2段與吉林路口,0,0,2,1,B03,8,5,5,50,4,1,1,5,4,5,13,1,1,9,4,5,2,11,1,38,3,10,7,1,7,7,1,8,1,2,72,1,21,121.5302254,25.0580248
114,01,21,21,58,12內湖區,內湖區康寧路3段與康寧路3段165巷口,0,0,2,1,C03,8,5,5,50,4,1,1,5,4,5,13,2,1,1,5,5,2,16,1,33,2,9,6,1,7,5,1,10,1,12,71,1,21,121.6113055,25.0704842
114,01,21,23,51,02萬華區,萬華區西寧南路與洛陽街口,0,0,1,1,B01,8,5,5,30,4,1,1,5,4,5,13,1,1,4,3,5,2,3,1,62,3,10,7,1,7,5,1,4,1,4,70,1,22,121.5072915,25.0476124
114,01,22,00,00,02萬華區,萬華區武成街35巷與萬大路618巷口,0,0,2,1,C03,7,5,5,30,4,1,1,5,4,5,13,4,4,9,5,5,1,15,1,22,2,7,3,4,7,9,1,10,1,12,75,1,22,121.4948105,25.0176919
114,01,22,00,45,08士林區,士林區百齡橋西向東(7510211號燈桿),0,0,2,1,C03,8,5,5,50,14,12,1,5,4,5,13,4,4,1,4,5,1,13,1,48,2,8,3,4,7,9,1,10,2,11,118,1,22,121.5138786,25.08913282
114,01,22,04,21,02萬華區,萬華區西寧南路107號,0,0,1,1,C03,7,5,5,50,14,9,1,5,4,5,13,4,4,10,4,5,2,17,2,21,2,9,6,1,7,9,1,10,1,17,42,1,22,121.5066833,25.0452837
114,01,22,06,05,01大同區,大同區承德路1段與太原路133巷口,0,0,2,1,C03,7,6,5,50,3,2,1,5,4,5,13,4,4,10,4,5,2,16,1,69,2,9,3,4,7,6,1,10,1,12,9,1,21,121.5174766,25.0528866
114,01,22,07,50,10文山區,文山區辛亥路7段與忠順街1段口,0,0,1,1,C03,7,6,5,50,3,1,1,5,4,5,13,1,1,5,4,5,1,16,2,28,2,9,5,1,7,5,1,10,1,13,8,1,21,121.554018,24.9832515
114,01,22,08,15,08士林區,士林區延平北路5段136巷與延平北路5段136巷27弄口,0,0,3,1,C03,7,6,5,30,4,1,1,5,4,5,13,4,4,10,5,5,2,15,2,28,2,8,5,1,7,9,1,10,1,12,14,1,21,121.5115551,25.08225085
114,01,22,08,19,06松山區,松山區復興南路1段與復興南路1段47巷口,0,0,1,1,B03,7,6,5,50,3,2,1,5,4,5,13,4,4,1,3,5,2,16,1,61,3,10,3,4,7,10,1,8,1,2,100,1,21,121.5440155,25.0455487
114,01,22,08,39,03中山區,中山區南京東路3段與南京東路3段109巷口,0,0,1,1,C03,7,5,5,50,14,9,1,5,4,5,13,4,4,1,4,4,2,12,1,18,2,9,3,4,7,7,1,10,1,14,100,1,21,121.539864,25.05195292
114,01,22,08,51,12內湖區,內湖區康寧路3段245巷與安康路口,0,0,2,1,C03,7,6,5,50,4,1,1,5,4,5,13,1,1,10,5,5,2,16,1,32,2,9,6,1,7,5,1,9,2,14,44,1,21,121.6145296,25.0662496
114,01,22,09,08,07信義區,信義區吳興街284巷24弄14號,0,0,1,1,B03,8,7,5,30,14,9,1,5,4,5,13,4,4,10,5,5,2,2,1,43,3,10,7,1,7,9,1,8,1,2,108,1,21,121.5632407,25.0242951
114,01,22,09,14,03中山區,中山區長安東路2段與伊通街口,0,0,1,1,C03,8,6,5,50,4,1,1,5,4,5,13,1,1,5,4,5,2,17,2,39,3,10,6,1,7,5,1,10,1,12,71,1,21,121.5183568,25.04847309
114,01,22,09,23,08士林區,士林區至善路2段西向東,0,0,1,1,C03,8,6,5,50,14,9,1,5,4,5,13,4,4,10,3,4,1,13,1,23,2,9,5,1,7,9,1,10,1,11,16,1,21,121.5432433,25.0970694
114,01,22,09,25,01大同區,大同區延平北路3段與民權西路口,0,0,2,1,C03,7,6,5,50,4,1,1,5,4,5,13,2,1,8,3,5,1,16,1,85,2,9,6,1,7,9,1,10,1,12,81,1,21,121.5112445,25.0628354
114,01,22,09,27,10文山區,文山區辛亥路4段240號,0,0,1,1,C04,8,6,5,50,14,9,1,5,4,5,13,4,4,1,4,5,2,12,2,57,2,9,6,1,7,7,1,11,1,14,100,1,21,121.5516282,25.00565046
114,01,22,09,35,08士林區,士林區大南路49-1號與大南路口,0,0,3,1,C03,7,7,5,30,4,1,1,5,4,5,13,4,4,10,5,5,1,17,2,24,2,9,5,1,7,9,1,10,1,14,17,1,21,121.5248201,25.0893675
114,01,22,09,50,07信義區,信義區基隆路2段與信義路5段口,0,0,1,1,B03,7,6,5,50,5,3,1,5,4,5,13,2,1,3,3,4,2,13,1,64,3,10,7,1,7,8,1,8,1,5,108,1,22,121.5595083,25.0328541
114,01,22,10,05,10文山區,文山區福興路57號,0,0,1,1,C03,8,6,5,30,14,18,1,5,4,5,13,4,4,10,5,5,2,3,1,41,3,10,6,1,7,9,1,10,2,11,70,1,21,121.550319,25.0034557
114,01,22,10,13,05中正區,中正區愛國西路與羅斯福路1段口口,0,0,1,1,C03,8,6,5,50,4,1,1,5,4,5,13,1,1,1,4,5,1,13,2,30,3,10,6,1,7,9,1,10,2,11,16,1,21,121.5172631,25.0344666
114,01,22,10,21,10文山區,文山區辛亥路4段與興德路66巷口,0,0,2,1,C03,8,6,5,30,3,2,1,5,4,5,13,3,1,5,5,5,2,16,1,76,2,8,5,1,7,6,1,10,1,13,72,1,21,121.5568365,25.0044572
114,01,22,10,35,10文山區,文山區木新路3段172巷與木新路3段172巷2弄口,0,0,2,1,C03,7,6,5,30,4,1,1,5,4,5,13,4,4,10,5,5,2,15,1,40,2,9,3,4,7,9,1,10,2,11,72,1,22,121.5605545,24.98221967
114,01,22,11,10,12內湖區,內湖區內湖路1段285巷67弄1號斜對面,0,0,1,1,B03,8,6,5,30,14,9,1,5,4,5,13,4,4,10,5,5,1,17,1,61,3,10,7,1,7,9,1,8,9,5,108,1,21,121.566932,25.0840508
114,01,22,11,26,06松山區,松山區民權東路4段100號,0,0,3,1,B03,8,6,6,50,14,8,1,5,4,5,13,4,4,8,3,4,1,16,2,76,3,10,3,1,7,10,1,8,1,2,100,1,21,121.5554747,25.0618011
114,01,22,11,28,05中正區,中正區仁愛路2段與新生南路1段口,0,0,2,1,C03,7,5,5,50,4,2,1,5,4,5,13,1,1,9,2,4,2,17,1,46,2,3,5,1,7,9,1,10,2,11,85,1,21,121.5325668,25.0383112
114,01,22,11,36,08士林區,士林區延平北路6段116巷40號,0,0,2,1,F01,8,6,5,30,14,9,1,5,4,3,13,4,4,10,5,5,1,17,2,79,2,9,2,1,7,1,8,20,2,14,19,1,21,121.5194424,25.09620988
114,01,22,11,58,03中山區,中山區吉林路與松江路362巷口,0,0,1,1,C03,7,6,5,50,4,1,1,5,4,5,13,4,4,9,4,4,2,16,1,22,3,10,6,1,7,11,1,10,1,12,10,1,22,121.5303277,25.0619973
114,01,22,12,21,09北投區,北投區中和街與大業路口口,0,0,2,1,C03,7,6,5,50,4,1,1,5,4,5,13,4,4,5,5,5,2,13,1,56,2,7,5,1,7,9,1,10,2,11,16,1,21,121.5031808,25.1376405
114,01,22,12,56,09北投區,北投區北投路1段與中央南路1段口,0,0,1,1,C03,8,6,5,50,4,1,1,5,4,5,13,1,1,9,4,5,2,16,1,72,2,9,5,1,7,9,1,10,9,11,4,1,21,121.500421,25.1278303
114,01,22,12,57,04大安區,大安區信義路3段128號,0,0,1,1,C03,7,6,5,50,14,9,1,5,4,5,13,4,4,1,4,5,2,17,1,26,3,10,6,4,7,7,1,10,1,14,100,1,22,121.5391339,25.0333605
114,01,22,13,18,11南港區,南港區中坡北路與松隆路口,0,0,1,1,C03,7,6,5,50,3,2,1,5,4,5,13,1,1,5,4,5,2,12,2,63,2,9,5,1,7,7,1,10,1,14,103,1,21,121.5802239,25.0481089
114,01,22,13,33,05中正區,中正區衡陽路與延平南路口,0,0,1,1,B02,8,6,5,50,4,1,1,5,4,5,13,1,1,10,5,5,2,13,2,30,3,10,7,1,7,9,1,8,2,8,108,1,22,121.5096261,25.0422655