發生年度,發生月,發生日,發生時-Hours,發生分,區序,肇事地點,死亡人數,2-30日死亡人數,受傷人數,當事人序號,車種,天候,光線,道路類別,速限-速度限制,道路型態,事故位置,路面狀況1,路面狀況2,路面狀況3,道路障礙1,道路障礙2,號誌1,號誌2,車道劃分-分向,車道劃分-分道1,車道劃分-分道2,車道劃分-分道3,事故類型及型態,性別,年齡,受傷程度,主要傷處,保護裝置,行動電話,車輛用途,當事者行動狀態,駕駛資格情形,駕駛執照種類,飲酒情形,車輛撞擊部位1,肇因碼-個別,個人肇逃否,職業,座標-X,座標-Y
114,01,24,11,30,12內湖區,內湖區內湖路2段316號旁,0,0,2,1,C03,7,5,5,50,14,9,1,5,4,5,13,4,4,9,5,5,2,16,1,18,2,9,6,1,7,11,1,10,1,14,10,1,21,121.5882799,25.0815413
114,01,24,11,33,04大安區,大安區通化街39巷50弄與通化街143巷口,0,0,1,1,F02,7,6,5,30,4,1,1,5,4,5,13,4,4,7,5,5,2,17,1,54,2,9,5,1,7,6,8,20,1,11,108,1,21,121.5547715,25.0286884
114,01,24,11,40,12內湖區,內湖區永保街與安康路口,0,0,1,1,B03,7,5,5,50,3,1,1,5,4,5,13,4,4,5,5,5,1,16,1,51,3,10,7,1,7,6,1,8,1,4,72,1,21,121.6070529,25.0645347
114,01,24,12,00,12內湖區,內湖區安康路142號前,0,0,2,1,B03,8,7,8,50,14,9,2,5,4,5,13,4,4,9,4,5,2,17,1,37,3,10,3,4,7,1,1,8,1,1,19,1,21,121.5996606,25.06314666
114,01,24,12,08,05中正區,中正區重慶南路3段與汀州路2段口,0,0,2,1,C03,8,6,5,50,4,1,1,5,4,5,13,1,2,3,4,5,2,17,1,57,2,9,5,1,7,8,1,10,2,12,100,1,21,121.5165123,25.0255971
114,01,24,12,10,06松山區,松山區吉祥路與八德路4段口,0,0,1,1,F01,7,7,5,50,14,9,1,5,4,5,13,4,4,9,5,5,2,12,2,70,2,9,4,1,7,7,8,20,1,15,17,1,22,121.5626233,25.0488834
114,01,24,12,25,04大安區,大安區羅斯福路4段125號,0,0,2,1,C03,8,5,5,50,14,9,1,5,4,5,13,2,2,1,4,5,2,13,2,29,2,9,3,4,7,9,1,10,1,11,108,1,21,121.5373302,25.0107341
114,01,24,12,43,11南港區,南港區市民大道8段313號,0,0,1,1,B01,7,6,8,50,22,22,1,5,4,5,13,4,4,1,4,5,2,5,1,33,3,10,3,4,7,1,1,4,9,8,19,2,21,121.6060199,25.0530235
114,01,24,12,48,01大同區,大同區酒泉街與酒泉街103巷口,0,0,1,1,F01,8,6,5,50,3,2,1,5,4,5,13,4,4,5,2,5,2,17,1,60,2,9,4,1,7,11,8,20,1,11,11,1,21,121.5148855,25.07199536
114,01,24,12,50,12內湖區,內湖區內湖路1段737巷與內湖路1段口,0,0,1,1,C03,8,6,5,50,14,9,1,5,4,5,13,4,4,9,4,5,1,17,1,62,3,10,5,1,7,9,1,10,2,11,44,1,22,121.5783321,25.0790293
114,01,24,13,24,10文山區,文山區興隆路1段137巷無名巷,0,0,1,1,C03,8,6,5,50,14,9,1,5,4,5,13,4,4,9,5,5,2,16,2,51,2,9,6,1,7,1,1,10,2,12,19,1,21,121.5421407,25.0020971
114,01,24,13,42,12內湖區,內湖區康寧路1段238號,0,0,2,1,C03,8,6,5,30,14,9,1,5,4,5,13,4,4,9,5,5,2,3,1,22,2,9,6,1,7,9,1,10,2,11,108,1,21,121.5961675,25.0783477
114,01,24,14,01,02萬華區,萬華區和平西路3段與環河南路2段口,0,0,2,1,B12,8,5,5,50,4,1,1,5,4,5,13,1,1,9,4,5,2,17,1,30,2,7,7,4,7,6,1,8,1,8,44,1,21,121.4963726,25.03687872
114,01,24,14,15,01大同區,大同區環河北路2段與敦煌路口,0,0,1,1,B02,8,6,5,50,4,1,1,5,4,5,13,1,1,1,4,5,2,17,1,63,3,10,7,1,7,9,1,8,1,5,81,1,21,121.5095308,25.0763298
114,01,24,14,20,06松山區,松山區南京東路4段1號,0,0,2,1,F01,8,7,5,0,14,20,4,5,4,5,13,4,4,10,5,5,2,9,1,12,2,8,4,1,7,9,8,20,1,11,70,1,21,121.5493286,25.05182575
114,01,24,14,25,08士林區,士林區延平北路6段30號,0,0,1,1,B03,7,5,5,50,14,9,1,5,4,5,13,4,4,5,4,5,2,17,1,53,3,10,7,1,7,9,1,8,1,2,108,1,22,121.5091196,25.0873603
114,01,24,14,33,02萬華區,萬華區忠孝西路2段與昆明街口,0,0,2,1,B03,8,5,5,50,4,1,1,5,4,5,13,1,1,5,5,5,2,15,1,70,3,10,7,4,7,9,1,8,1,1,81,1,21,121.5064279,25.0487464
114,01,24,14,36,12內湖區,內湖區潭美街與成功路2段口口,0,0,2,1,C03,7,5,5,40,14,9,1,5,4,5,13,1,1,5,5,5,2,13,2,41,2,9,6,1,7,12,1,10,1,11,16,1,21,121.5918776,25.0601926
114,01,24,14,50,04大安區,大安區復興南路2段373號,0,0,2,1,B03,8,7,5,40,14,8,1,5,4,5,13,4,4,1,4,4,2,12,1,29,3,10,7,1,7,14,3,18,1,4,40,1,21,121.5434563,25.0225114
114,01,24,14,54,07信義區,信義區松仁路7號,0,0,1,1,B01,8,7,5,50,14,9,1,5,4,5,13,4,4,3,4,5,2,16,1,68,3,10,3,4,7,7,1,4,1,7,100,1,22,121.5684811,25.0380059
114,01,24,15,09,04大安區,大安區金華街183巷5號,0,0,1,1,C03,8,6,8,50,14,9,1,5,4,5,13,4,4,5,5,5,2,16,1,68,3,10,6,1,7,11,1,10,1,14,10,1,21,121.527363,25.0312156
114,01,24,15,36,09北投區,北投區公館路與民族街口,0,0,1,1,B12,7,5,5,50,3,2,1,5,4,5,13,4,4,5,4,5,2,17,1,73,3,10,7,1,7,13,1,8,1,4,40,1,21,121.5038469,25.13240532
114,01,24,16,00,12內湖區,內湖區東湖路115號與安康路口,0,0,2,1,C03,8,6,6,50,3,2,1,5,4,5,13,1,1,5,4,5,1,9,2,22,2,9,5,1,7,5,1,10,1,11,70,1,25,121.6159685,25.0682657
114,01,24,16,08,12內湖區,內湖區成功路2段456巷1號,0,0,2,1,C05,8,6,5,30,14,9,1,5,4,5,13,4,4,10,5,5,2,17,2,55,2,7,5,1,7,9,1,8,9,15,17,1,21,121.5888309,25.07304654
114,01,24,16,18,09北投區,北投區石牌路1段71巷與石牌路1段口,0,0,1,1,C03,8,6,5,50,3,1,1,5,4,5,13,4,4,5,4,5,2,16,1,30,2,8,6,1,7,11,1,9,1,13,10,1,21,121.5113291,25.1135798
114,01,24,16,22,01大同區,大同區重慶北路3段與民族西路口,0,0,1,1,C03,8,5,5,50,14,9,1,5,4,5,13,4,4,1,4,5,2,12,1,37,2,9,5,1,7,9,1,10,2,14,118,1,21,121.5130819,25.0689546
114,01,24,16,48,04大安區,大安區敦化南路2段與四維路170巷口,0,0,1,1,B01,7,6,5,40,4,1,1,5,4,5,13,1,1,1,2,5,2,17,1,41,3,10,3,4,7,11,1,4,1,17,10,1,21,121.5485277,25.0281591
114,01,24,16,52,11南港區,南港區研究院路1段與大坑街口,0,0,1,1,A02,6,5,5,50,4,2,1,4,4,5,13,1,1,1,4,5,2,13,1,37,3,10,7,1,7,9,1,2,1,5,108,1,21,121.6158902,25.0489603
114,01,24,16,55,03中山區,中山區龍江路288號與龍江路286巷口,0,0,1,1,B03,7,5,5,50,5,2,2,5,4,5,13,4,4,10,3,5,1,17,1,33,3,10,7,1,7,11,1,8,1,2,10,1,21,121.5407409,25.0610638
114,01,24,16,58,07信義區,信義區信義路6段20號,0,0,1,1,C03,6,6,5,50,14,9,1,4,4,5,13,4,4,9,4,5,2,29,1,68,2,9,6,1,7,9,1,10,1,14,42,1,21,121.5751953,25.03395
114,01,24,17,10,08士林區,士林區德行東路109巷與德行東路109巷64弄口,0,0,1,1,B03,8,6,5,30,4,1,1,5,4,5,13,4,4,9,5,5,2,15,1,32,3,10,7,1,7,9,1,8,1,1,72,1,21,121.5284773,25.1095359
114,01,24,17,30,04大安區,大安區辛亥路3段與芳蘭路口,0,0,1,1,B03,8,6,8,50,4,1,1,5,4,5,13,2,1,2,1,5,2,16,2,38,4,11,3,4,7,6,1,8,11,7,44,2,22,121.5489775,25.0168154
114,01,24,17,41,09北投區,北投區承德路7段與承德路7段344巷口,0,0,1,1,A02,7,5,5,60,3,1,1,5,4,5,13,2,1,1,4,4,2,11,1,47,3,10,7,1,7,1,1,1,9,7,19,2,26,121.5036736,25.1173486
114,01,24,17,48,01大同區,大同區承德路2段與錦西街口,0,0,1,1,B03,7,5,5,50,4,2,1,5,4,5,13,1,1,5,2,5,2,17,1,24,3,10,7,1,7,6,1,8,1,5,9,1,21,121.5182942,25.06019034
114,01,24,17,48,08士林區,士林區福華路與福華路128巷口口,0,0,2,1,C03,8,6,5,50,14,9,1,5,4,5,13,4,4,10,4,5,2,13,2,19,2,8,6,1,7,9,1,10,1,11,16,1,21,121.5227669,25.1027339
114,01,24,17,54,07信義區,信義區忠孝東路4段553巷與忠孝東路口側附近4段口,0,0,1,1,C03,8,7,5,50,3,1,1,5,4,5,13,2,1,3,4,5,2,17,1,46,3,10,3,4,7,5,1,10,1,14,44,1,22,121.5627174,25.0411554
114,01,24,18,15,04大安區,大安區敦化南路1段161巷75號,0,0,1,1,C03,8,5,5,30,14,9,1,5,4,5,13,4,4,10,5,5,2,3,1,48,3,10,6,1,7,9,1,10,1,14,108,1,21,121.5527536,25.0434738
114,01,24,18,30,09北投區,北投區石牌路2段與石牌路2段315巷口,0,0,1,1,B03,7,5,5,50,3,1,1,5,4,5,13,4,4,10,5,5,2,16,1,46,3,10,7,1,7,11,1,8,1,8,10,1,22,121.5237297,25.12177592
114,01,24,18,35,08士林區,士林區承德橋南向北,0,0,2,1,C03,7,5,5,40,8,11,1,5,4,5,13,4,4,4,4,4,1,17,2,54,2,7,3,4,7,9,1,10,2,13,44,1,21,121.5218064,25.079376
114,01,24,18,57,03中山區,中山區龍江路與龍江路223巷口,0,0,2,1,B03,8,5,5,30,4,2,1,5,4,5,13,4,4,10,5,5,2,15,2,71,3,10,7,1,7,9,1,8,1,5,72,1,21,121.5405763,25.0568823
114,01,24,19,36,07信義區,信義區忠孝東路5段與忠孝東路5段423巷口口,0,0,2,1,C03,8,5,5,50,4,1,1,5,4,5,13,2,1,1,4,5,2,17,1,43,3,10,6,4,7,6,1,10,1,13,9,1,26,121.575374,25.0409608
114,01,24,20,04,05中正區,中正區羅斯福路1段與福州街口口,0,0,2,1,C03,7,5,5,50,5,1,1,5,4,5,13,1,1,1,4,5,2,16,1,22,2,7,5,1,7,5,1,10,2,11,8,1,29,121.5203912,25.0299845
114,01,24,20,40,11南港區,南港區南深路37號附近,0,0,2,1,B03,6,5,5,30,11,9,1,4,4,5,13,4,4,4,3,5,1,10,1,16,2,1,3,4,7,9,2,18,2,1,13,1,21,121.6225941,25.0277406
114,01,24,20,45,05中正區,中正區羅斯福路1段與林森南路地下道口,0,0,2,1,C03,8,5,5,30,5,1,1,5,4,5,13,2,1,10,4,5,2,12,1,24,2,8,5,1,7,10,1,10,1,14,100,1,21,121.5181615,25.032952
114,01,24,22,06,10文山區,文山區指南路1段53號,0,0,1,1,B03,7,5,5,50,14,9,1,5,4,5,13,4,4,5,4,5,2,17,1,45,3,10,7,1,7,5,1,8,2,1,94,1,21,121.570711,24.9880435
114,01,24,23,25,04大安區,大安區忠孝東路4段223巷與忠孝東路4段205巷7弄口,0,0,3,1,C03,8,5,5,30,4,1,1,5,4,5,13,4,4,5,4,5,2,17,2,29,2,8,6,1,7,5,1,10,1,14,72,1,21,121.552934,25.0420962
114,01,24,23,29,08士林區,士林區中山北路6段與中山北路6段450巷口,0,0,1,1,B03,8,5,5,50,4,1,1,5,4,5,13,1,1,1,4,5,2,17,1,26,3,10,3,4,7,6,1,8,1,5,9,1,21,121.5274034,25.1142741
114,01,24,23,29,07信義區,信義區松信路與永吉路200巷56弄口,0,0,1,1,B03,8,5,5,50,4,2,1,5,4,5,13,1,1,9,4,5,2,17,1,65,3,10,7,1,7,7,1,8,1,17,100,1,21,121.5720439,25.0432783
114,01,25,00,20,03中山區,中山區民權東路2段與建國北路3段口,0,0,2,1,C03,8,5,5,50,14,9,1,5,4,5,13,2,1,8,3,5,2,13,1,78,3,10,6,4,7,9,3,18,2,11,16,1,22,121.5369781,25.0624697
114,01,25,01,25,10文山區,文山區景興路137巷與景華街82巷口口,0,0,2,1,F03,8,5,5,30,4,1,1,5,4,5,13,4,4,10,5,5,2,29,1,14,2,9,6,1,7,9,8,20,1,12,108,1,21,121.5453482,24.99419745
114,01,25,01,50,02萬華區,萬華區桂林路246巷與和平西路3段口,0,0,1,1,B03,7,7,5,50,14,9,1,5,4,5,13,4,4,10,5,5,2,12,1,32,3,10,7,1,7,1,1,8,1,8,19,1,21,121.4912062,25.0359019
114,01,25,03,32,02萬華區,萬華區萬大路與環河南路3段口華中橋下迴轉道,1,0,1,1,C03,8,5,5,30,11,6,1,5,4,5,13,4,4,10,5,5,2,9,1,29,2,8,3,4,7,15,1,10,2,11,42,1,21,121.4959155,25.0169163
114,01,25,05,58,07信義區,信義區信義路6段與松山路口口,0,0,1,1,B03,8,5,5,50,4,1,1,5,4,5,13,2,1,5,4,5,2,9,2,31,3,10,3,4,7,5,1,8,2,1,70,1,22,121.5784592,25.0363906
114,01,25,06,17,01大同區,大同區大稻埕堤外便道,0,0,2,1,C03,7,6,5,30,14,9,1,5,4,5,13,4,4,10,5,5,2,17,1,64,2,9,5,4,7,5,1,10,1,14,8,1,21,121.5078211,25.0554669
114,01,25,06,57,03中山區,中山區市民大道3段與松江路口,0,0,1,1,B03,8,7,5,40,4,1,1,5,4,5,13,1,1,5,4,5,2,15,1,64,3,10,7,1,7,9,1,8,1,1,81,1,22,121.5331123,25.0453969
114,01,25,07,40,09北投區,北投區承德路7段與承德路7段344巷口,0,0,2,1,C03,7,6,5,60,3,1,1,5,4,5,13,2,1,1,4,4,2,13,1,55,3,10,5,1,7,12,1,10,9,15,42,2,21,121.5036552,25.1173929
114,01,25,08,03,03中山區,中山區民族東路410巷與民族東路口,0,0,2,1,B03,7,6,5,50,4,1,1,5,4,5,13,2,1,1,4,5,2,3,1,68,3,10,3,4,7,5,1,8,2,1,70,1,21,121.5383075,25.068138
114,01,25,08,13,05中正區,中正區和平西路1段與牯嶺街口,0,0,1,1,C03,8,6,5,50,4,1,1,5,4,5,13,1,1,1,4,5,2,17,1,37,3,10,5,1,7,8,1,10,1,17,100,1,21,121.5191417,25.0265181
114,01,25,08,41,05中正區,中正區和平西路1段59號,0,0,1,1,B03,8,6,5,50,14,9,1,5,4,5,13,4,4,1,4,5,2,12,1,50,3,10,7,1,7,10,1,8,1,5,100,1,21,121.5197783,25.026631
114,01,25,09,20,03中山區,中山區市民大道2段與林森北路口,0,0,1,1,B01,7,5,5,40,14,9,1,5,4,5,13,4,4,10,5,5,2,17,1,47,3,10,7,1,7,5,1,8,1,5,72,1,22,121.5237468,25.0478884
114,01,25,09,38,10文山區,文山區秀明路2段8號,0,0,1,1,A02,8,6,5,50,14,9,2,5,4,5,13,4,4,5,4,5,2,9,1,54,3,10,7,1,7,3,1,2,1,17,44,1,21,121.5740321,24.9916205
114,01,25,09,50,07信義區,信義區吳興街220巷與吳興街220巷37弄口,0,0,1,1,C03,7,6,5,30,4,1,1,5,4,5,13,1,1,4,5,5,2,16,2,41,3,10,5,1,7,5,3,18,1,12,71,1,21,121.5621876,25.0270021
114,01,25,10,18,10文山區,文山區富山路與富山路1巷口,0,0,1,1,B03,7,6,5,30,4,1,1,5,4,5,13,4,4,10,5,5,2,17,1,23,3,10,7,1,7,6,1,8,1,6,44,1,21,121.5537322,24.9883664
114,01,25,10,38,04大安區,大安區信義路4段294巷與信義路4段口,0,0,2,1,C03,7,6,5,50,4,1,1,5,4,5,13,1,1,9,4,5,2,16,2,27,2,9,6,4,7,6,1,10,9,12,9,1,21,121.5542565,25.0330181
114,01,25,10,50,08士林區,士林區德行東路與忠誠路2段口,0,0,1,1,C03,7,6,5,50,4,1,1,5,4,5,13,1,1,5,5,5,2,17,2,29,2,8,6,1,7,6,1,10,1,12,9,1,22,121.5306328,25.1085333
114,01,25,11,05,05中正區,中正區汀州路1段與汀州路1段198巷口口,0,0,3,1,C03,8,6,5,50,4,1,1,5,4,5,13,4,4,5,5,5,1,13,1,82,2,8,6,1,7,9,1,9,2,11,108,1,21,121.5104005,25.0274354
114,01,25,11,06,03中山區,中山區民權東路3段與建國北路2段口,0,0,2,1,C04,7,6,5,50,4,1,1,5,4,5,13,1,1,10,4,5,2,16,1,47,2,7,5,1,7,6,1,10,1,14,99,1,21,121.5391405,25.06146709
114,01,25,11,10,08士林區,士林區中山北路5段與至誠路2段口口,0,0,1,1,B03,8,5,5,50,5,2,1,5,4,5,13,3,1,1,5,1,1,17,2,62,3,10,7,1,7,6,1,8,1,5,9,1,21,121.5270617,25.1012301
114,01,25,11,30,09北投區,北投區承德路7段與實踐街口,0,0,2,1,B03,7,6,5,60,4,2,1,2,4,5,13,2,1,1,3,4,2,17,1,46,3,10,7,1,7,5,1,8,9,17,30,1,21,121.5071975,25.1141832
114,01,25,11,32,07信義區,信義區松高路12號,0,0,1,1,B03,7,6,5,50,14,9,1,5,4,5,13,4,4,9,2,5,1,16,1,64,3,10,3,4,7,11,1,8,1,8,10,1,22,121.5664595,25.0381066
114,01,25,11,35,02萬華區,萬華區長沙街2段與貴陽街2段29巷口,0,0,4,1,C04,8,7,7,50,3,1,1,5,4,5,13,4,4,6,5,5,2,12,2,47,2,9,6,1,7,5,1,10,1,14,8,1,22,121.5051809,25.0405275
114,01,25,11,46,05中正區,中正區重慶南路2段與愛國西路口,0,0,1,1,C03,8,6,5,50,4,1,1,5,4,5,13,1,1,1,4,5,2,17,1,26,2,9,5,1,7,9,1,10,1,12,42,1,21,121.512599,25.0351177
114,01,25,11,55,06松山區,松山區東興路與市民大道5段口,0,0,1,1,B03,8,7,5,50,4,1,1,5,4,5,13,1,1,9,4,5,2,16,1,36,3,10,7,1,7,6,1,8,1,4,9,1,22,121.565713,25.0483216
114,01,25,12,00,08士林區,士林區格致路與凱旋路口,0,0,1,1,B03,6,7,5,40,5,2,1,4,4,5,13,1,1,10,4,5,1,17,1,45,3,10,7,1,7,6,1,8,1,6,9,1,21,121.5464955,25.13758416
114,01,25,12,02,08士林區,士林區福德路48巷與基河路251巷口,0,0,2,1,C03,7,6,8,30,3,2,1,5,4,5,13,4,4,10,5,5,1,17,1,22,3,10,6,1,7,9,1,10,1,11,13,1,21,121.5227557,25.09266657
114,01,25,12,19,04大安區,大安區和平東路3段228巷與安居街8巷口,0,0,2,1,C04,8,6,5,30,3,1,1,5,4,5,13,4,4,10,5,5,2,17,2,73,2,9,5,1,7,5,3,18,1,13,72,1,21,121.5542217,25.0218684
114,01,25,13,55,06松山區,松山區南京東路5段23巷與南京東路5段23巷7弄口口,0,0,1,1,C03,8,6,5,30,4,2,1,5,4,5,13,4,4,10,5,5,2,15,1,22,2,9,5,1,7,9,1,10,1,11,72,1,21,121.5580101,25.0521526
114,01,25,14,13,04大安區,大安區基隆路2段112號,0,0,1,1,B03,7,6,5,50,14,9,1,5,4,5,13,4,4,2,4,5,2,17,1,43,3,10,7,4,7,1,1,4,1,8,19,1,21,121.5569721,25.0288679
114,01,25,14,28,08士林區,(近東山路),0,0,2,1,B03,7,5,5,20,12,9,1,5,4,5,13,4,4,5,5,5,1,17,2,21,2,2,7,1,7,4,1,8,1,4,95,1,21,121.5393755,25.1164635
114,01,25,14,36,02萬華區,萬華區環河南路2段與環河南路2段175巷口,0,0,1,1,B01,8,5,8,50,22,22,1,5,4,5,13,4,4,10,5,5,2,9,1,62,3,10,3,4,7,14,1,4,1,2,38,1,21,121.4922987,25.0328063
114,01,25,14,40,04大安區,大安區復興南路2段319號,0,0,1,1,B03,8,7,5,50,14,8,1,5,3,5,13,4,4,1,4,4,2,12,1,63,3,10,3,4,7,8,1,8,1,5,100,1,21,121.5434947,25.0242379
114,01,25,14,40,09北投區,北投區中央南路1段與大興街口,0,0,1,1,C03,8,6,5,50,4,1,1,5,4,5,13,1,1,5,5,5,2,12,2,68,2,9,6,1,7,15,1,10,2,14,100,1,21,121.5011701,25.1305495
114,01,25,14,46,10文山區,信義區崇德街燈桿編號062旁,0,0,1,1,B03,7,6,5,30,11,9,1,5,4,5,13,4,4,10,5,5,2,17,2,24,3,10,7,1,7,9,1,8,1,4,5,1,21,121.571831,25.0114047
114,01,25,15,05,05中正區,中正區羅斯福路3段284巷與羅斯福路3段244巷10弄口,0,0,1,1,C03,7,6,5,30,4,1,1,5,4,5,13,4,4,10,5,5,1,15,1,35,2,9,5,1,7,9,1,10,2,12,72,1,21,121.5307586,25.0167448
114,01,25,15,10,03中山區,中山區中山北路1段與南京東路1段口,0,0,1,1,F01,7,7,8,0,14,23,4,5,4,5,13,4,4,10,5,5,2,11,4,0,,,,,,,,,,,119,2,,121.5231378,25.0523705
114,01,25,15,12,12內湖區,內湖區安康路328巷與潭美街口,0,0,1,1,C03,6,7,5,30,3,2,1,4,4,5,13,4,4,10,5,5,2,17,1,42,2,9,5,1,7,9,1,10,1,12,42,1,21,121.6111111,25.0638524
114,01,25,15,14,12內湖區,內湖區民權東路6段0306089燈桿旁,0,0,2,1,C03,7,6,5,50,14,9,1,5,4,5,13,4,4,10,3,5,1,12,1,54,2,8,6,1,7,8,1,10,1,12,100,1,21,121.572856,25.0647756
114,01,25,15,20,08士林區,士林區中山北路5段與中山北路5段699巷口,0,0,1,1,C03,7,5,5,50,4,2,1,5,4,5,13,2,1,1,2,1,2,13,1,27,2,9,6,1,7,9,1,10,1,11,16,1,21,121.5272855,25.0976059
114,01,25,15,30,12內湖區,內湖區五分街12號,0,0,1,1,B03,6,5,5,40,14,9,1,4,4,5,13,4,4,5,5,5,1,3,1,48,3,10,7,1,7,1,1,8,2,5,19,1,21,121.6134613,25.0675301
114,01,25,15,38,03中山區,中山區民族東路與濱江街180巷口,0,0,1,1,B02,7,6,6,50,4,1,1,5,4,5,13,2,1,1,4,5,2,16,1,45,3,10,7,1,7,5,1,4,2,2,98,1,21,121.5379116,25.0682783
114,01,25,16,30,03中山區,中山區龍江路與龍江路106巷口,0,0,1,1,B03,8,7,5,50,4,1,1,5,4,5,13,4,4,5,5,5,2,16,2,49,3,10,7,1,7,5,1,8,1,8,8,1,22,121.540458,25.05283011
114,01,25,17,01,06松山區,松山區光復北路與延壽街口,0,0,1,1,B03,7,6,5,50,4,1,1,5,4,5,13,2,1,5,4,5,2,16,2,44,3,10,3,4,7,5,1,8,2,6,74,1,21,121.5556569,25.0562666
114,01,25,17,20,08士林區,士林區中山北路5段與中山北路5段699巷口,0,0,1,1,B03,7,5,5,50,5,1,1,5,4,5,13,2,1,1,2,1,2,13,1,75,3,10,7,1,7,5,1,8,1,8,108,1,21,121.5272321,25.0977657
114,01,25,17,23,01大同區,大同區重慶北路2段與民生西路口,0,0,1,1,C04,8,5,5,50,4,1,1,5,4,5,13,2,1,5,4,5,2,16,2,52,2,8,5,1,7,5,1,11,1,11,71,1,21,121.513178,25.0571813
114,01,25,17,23,02萬華區,萬華區廣州街與南寧路口,0,0,1,1,C03,8,5,8,50,22,22,1,5,4,5,13,1,1,10,5,5,2,17,1,41,2,9,3,4,7,6,1,10,1,12,9,1,21,121.5050571,25.0365025
114,01,25,17,25,08士林區,士林區至善路2段113巷與故宮路口,0,0,1,1,C03,7,5,5,50,5,1,1,5,4,5,13,2,1,9,4,5,1,17,2,73,2,9,6,1,7,5,1,10,1,12,8,1,21,121.5463262,25.098191
114,01,25,17,28,01大同區,大同區涼州街與重慶北路2段口,0,0,1,1,B03,7,6,5,50,5,1,1,5,4,5,13,4,4,5,5,5,2,16,1,29,3,10,7,1,7,6,1,8,1,5,9,1,21,121.5134244,25.0607378
114,01,25,17,45,12內湖區,內湖區民權東路6段與民權東路6段46巷口,0,0,1,1,B03,7,5,5,50,4,1,1,4,4,5,13,2,1,9,4,5,2,17,1,45,3,10,7,1,7,5,1,8,2,17,71,1,21,121.5822219,25.0681976
114,01,25,18,01,05中正區,中正區中山南路與信義路1段口,0,0,1,1,C03,7,5,5,50,5,1,1,5,4,5,13,1,1,10,4,5,2,16,2,30,2,8,6,4,7,15,1,9,1,14,108,1,22,121.5178941,25.03859717
114,01,25,18,45,02萬華區,萬華區內江街與漢中街口,0,0,1,1,C03,7,5,5,50,3,1,1,5,4,5,13,2,1,9,4,5,2,17,2,31,2,9,6,1,7,1,1,10,9,14,118,1,22,121.5068427,25.0413771
114,01,25,18,48,06松山區,松山區撫遠街與撫遠街255巷口,0,0,1,1,B01,7,5,5,50,3,1,1,5,4,5,13,3,1,1,4,5,2,3,1,44,3,10,7,1,7,11,1,4,2,1,70,1,21,121.5671382,25.06064915
114,01,25,19,15,07信義區,信義區光復南路271號,0,0,1,1,B03,8,5,5,50,14,9,1,5,4,5,13,4,4,1,4,5,2,12,1,52,3,10,7,1,7,8,1,8,2,6,118,1,21,121.5576949,25.0397443
114,01,25,19,16,01大同區,大同區鄭州路與西寧北路口,0,0,1,1,B03,7,6,5,40,14,9,1,5,4,5,13,2,1,8,3,5,1,16,1,25,3,10,3,4,7,9,1,8,1,4,108,1,21,121.5080064,25.0506475
114,01,25,19,31,02萬華區,萬華區西藏路與萬大路口,0,0,1,1,C03,7,5,5,30,14,9,1,5,4,5,13,4,4,1,4,5,1,17,1,60,2,9,3,4,7,9,1,10,1,14,17,1,22,121.5004531,25.0290727
114,01,25,20,29,01大同區,大同區昌吉街7號,0,0,1,1,C03,7,5,5,50,14,9,1,5,4,5,13,4,4,9,4,5,2,17,1,33,3,10,3,4,7,7,1,10,1,14,100,1,21,121.517694,25.0658694
114,01,25,20,30,08士林區,士林區重慶北路4段49巷與重慶北路4段49巷40弄口,0,0,3,1,C03,8,5,5,30,4,2,1,5,4,5,13,4,4,10,5,5,1,15,1,71,2,9,5,1,7,9,1,10,1,12,72,1,21,121.5116381,25.08105727
114,01,25,21,06,08士林區,士林區中山北路5段與劍潭路口,0,0,2,1,C03,7,5,5,50,4,2,1,5,4,5,13,2,1,1,4,5,1,17,2,24,2,8,5,1,7,4,1,10,1,11,77,1,21,121.5253364,25.0843019
114,01,25,21,14,08士林區,士林區德行東路109巷與忠誠路2段10巷口,0,0,1,1,B03,8,5,5,30,4,2,1,5,4,5,13,4,4,9,5,5,1,17,2,62,3,10,7,1,7,11,1,8,1,8,10,1,21,121.5283541,25.1090643
114,01,25,21,29,07信義區,信義區基隆路1段與東興路口,0,0,1,1,C03,8,5,5,50,4,2,1,5,4,5,13,2,1,1,4,5,2,12,2,25,2,8,6,1,7,9,1,10,2,14,17,1,21,121.566937,25.0460211
114,01,25,21,50,02萬華區,萬華區永福街與貴陽街2段114巷口,0,0,2,1,C03,8,5,5,30,4,1,1,5,4,5,13,4,4,10,5,5,2,15,1,63,2,9,5,1,7,9,1,10,1,14,72,1,21,121.5026275,25.03891668
114,01,25,22,48,03中山區,中山區中山北路3段與民族東路口,0,0,1,1,B03,7,5,5,50,4,2,1,5,4,5,13,2,1,5,5,1,2,16,2,42,3,10,7,1,7,6,1,8,1,2,9,1,22,121.5229865,25.0683718
114,01,25,23,03,05中正區,中正區水源路與水源路63巷口口,0,0,1,1,B03,7,5,5,50,3,1,1,5,4,5,13,4,4,10,4,5,2,13,1,56,3,10,3,4,7,9,1,8,2,5,108,1,21,121.5210581,25.020751
114,01,25,23,19,04大安區,大安區基隆路3段與辛亥路3段口口,0,0,3,1,C03,7,5,5,50,4,1,1,5,4,5,13,2,1,1,3,4,2,13,1,23,2,9,5,1,7,6,1,10,1,12,9,1,22,121.5467387,25.0194027