發生年度,發生月,發生日,發生時-Hours,發生分,區序,肇事地點,死亡人數,2-30日死亡人數,受傷人數,當事人序號,車種,天候,光線,道路類別,速限-速度限制,道路型態,事故位置,路面狀況1,路面狀況2,路面狀況3,道路障礙1,道路障礙2,號誌1,號誌2,車道劃分-分向,車道劃分-分道1,車道劃分-分道2,車道劃分-分道3,事故類型及型態,性別,年齡,受傷程度,主要傷處,保護裝置,行動電話,車輛用途,當事者行動狀態,駕駛資格情形,駕駛執照種類,飲酒情形,車輛撞擊部位1,肇因碼-個別,個人肇逃否,職業,座標-X,座標-Y
114,01,26,06,58,02萬華區,萬華區康定路與長沙街2段口,0,0,2,1,F01,7,7,5,50,4,1,1,5,4,5,13,1,1,9,5,5,2,15,1,75,2,9,4,1,7,9,8,20,1,11,81,1,21,121.5020864,25.040502
114,01,26,08,50,05中正區,中正區中山南路3號,0,0,2,1,C03,7,6,5,50,14,9,1,5,4,5,13,4,4,1,4,5,2,13,2,46,2,9,6,1,7,9,1,10,2,11,44,1,22,121.5191415,25.0436161
114,01,26,09,44,07信義區,信義區松高路18號,0,0,2,1,F02,7,7,5,0,14,9,1,5,4,5,13,2,1,9,4,5,2,16,2,66,2,8,5,4,7,11,8,20,1,13,11,1,22,121.5670973,25.0390168
114,01,26,09,45,11南港區,南港區10808013河濱道路(長壽橋下),0,0,2,1,F01,7,7,5,30,14,9,1,5,4,5,13,4,4,10,5,5,2,9,1,28,2,1,6,1,7,9,8,20,1,14,108,1,21,121.5814287,25.0525148
114,01,26,10,06,05中正區,中正區晉江街160號,0,0,1,1,C03,8,6,5,30,11,9,1,5,4,4,12,4,4,10,5,5,1,17,1,48,3,10,5,1,7,1,1,10,2,17,19,1,21,121.5267335,25.021175
114,01,26,10,22,03中山區,中山區中山北路4段與新生高架道口往南閘道,0,0,2,1,C03,8,7,5,50,4,1,1,5,4,5,13,1,1,1,4,5,2,16,1,58,2,9,5,1,7,8,1,10,1,12,100,1,22,121.5252326,25.0765845
114,01,26,10,26,08士林區,士林區基河路與中正路口,0,0,1,1,B03,8,6,5,50,14,9,1,5,4,5,13,2,1,9,2,5,1,12,1,47,3,10,7,1,7,10,1,8,2,2,100,1,21,121.5202596,25.0931503
114,01,26,10,42,01大同區,大同區通河西街1段與通河西街1段口(自行車專用道百齡左岸路燈039),0,0,1,1,F02,7,6,7,0,14,23,1,5,4,5,13,4,4,10,5,5,1,10,1,12,3,10,4,1,7,9,8,20,1,11,5,1,21,121.5160919,25.0794477
114,01,26,11,20,09北投區,北投區泉源路與泉源路21巷口,0,0,2,1,C03,7,5,5,30,4,2,1,5,4,5,13,3,1,5,4,5,2,16,1,64,2,9,3,4,7,5,1,10,2,11,8,1,22,121.5048967,25.138413
114,01,26,12,03,07信義區,信義區和平東路3段631巷50號前清水祖師廟公車站牌,0,0,1,1,B03,8,7,5,30,11,9,1,5,4,5,13,4,4,5,5,5,2,9,1,73,3,10,3,4,7,6,1,8,2,8,46,1,22,121.5682757,25.0120634
114,01,26,12,29,05中正區,中正區丹陽街與杭州南路1段口,0,0,1,1,B03,8,6,5,30,4,1,1,5,4,5,13,4,4,10,4,5,2,3,1,69,3,10,7,1,7,5,1,8,2,8,108,1,22,121.5253698,25.03907864
114,01,26,12,51,07信義區,信義區吳興街284巷22弄與吳興街284巷24弄口,0,0,1,1,B03,7,6,5,30,4,1,1,5,4,5,13,4,4,5,5,5,1,15,1,49,3,10,3,4,7,9,1,8,1,4,72,1,22,121.561378,25.0234479
114,01,26,13,00,09北投區,北投區大興街與清江路口,0,0,1,1,C03,8,5,8,30,22,22,1,5,4,5,13,4,4,10,5,5,2,8,2,63,3,10,5,1,7,1,1,10,1,14,19,1,21,121.5020154,25.1308923
114,01,26,14,37,09北投區,北投區東華街1段與東陽街口,0,0,1,1,C03,6,7,5,30,3,2,1,4,4,5,13,1,1,10,5,5,2,18,2,63,2,9,5,1,7,9,1,10,2,14,42,1,22,121.5175188,25.1122474
114,01,26,15,10,11南港區,南港區經貿二路與三重路口,0,0,3,1,B03,7,6,5,50,5,2,1,4,4,5,13,1,1,5,4,5,2,17,1,60,3,10,7,1,7,6,1,8,1,5,44,1,21,121.6143711,25.060396
114,01,26,16,00,01大同區,大同區民生西路與重慶北路2段口口,0,0,1,1,B03,6,6,5,50,4,1,1,4,4,5,13,2,1,5,5,5,2,17,1,57,3,10,7,1,7,6,1,8,1,17,9,1,21,121.5138199,25.0570659
114,01,26,16,15,09北投區,北投區承德路7段1205042號燈桿,0,0,3,1,C03,6,7,5,60,14,9,1,4,4,5,13,4,4,1,4,5,2,13,1,26,2,8,5,1,7,9,1,10,2,11,108,1,22,121.5104088,25.1116412
114,01,26,16,30,05中正區,中正區中華路2段與和平西路2段口,0,0,1,1,B03,6,6,5,50,4,1,1,4,4,5,13,2,1,2,4,5,1,16,2,28,3,10,7,1,7,5,1,8,2,1,108,1,21,121.5053753,25.0333062
114,01,26,17,09,07信義區,信義區忠孝東路5段與基隆路1段口,0,0,1,1,A02,6,5,5,50,4,1,1,4,4,5,13,2,1,1,4,5,1,17,1,57,3,10,3,4,7,6,1,2,1,2,17,1,21,121.5644887,25.0414527
114,01,26,17,20,07信義區,信義區大道路95號,0,0,3,1,C03,6,7,5,50,22,18,1,4,4,5,13,4,4,5,5,5,2,9,1,18,2,8,5,1,7,9,1,10,2,11,70,1,21,121.5828285,25.0401414
114,01,26,17,35,02萬華區,萬華區康定路與康定路188巷口,0,0,1,1,C03,6,5,5,50,4,1,1,4,4,5,13,2,1,5,5,5,2,3,1,46,3,10,5,1,7,9,1,10,1,11,108,1,26,121.5018272,25.03906435
114,01,26,18,10,03中山區,中山區中山北路1段與長安東路1段口,0,0,1,1,B03,6,5,5,50,4,1,1,4,4,5,13,1,1,1,4,5,2,16,2,25,3,10,3,4,7,7,1,8,1,8,100,1,22,121.521657,25.0496733
114,01,26,18,15,03中山區,中山區八德路2段300巷與市民大道3段口,0,0,2,1,H01,6,5,5,40,4,1,1,4,4,5,13,4,4,9,4,5,2,9,1,80,2,9,4,5,8,16,8,20,10,16,123,1,21,121.5445017,25.03737905
114,01,26,18,34,05中正區,中正區重慶北路1段與北平西路口,0,0,2,1,C03,6,5,6,50,11,9,1,4,4,5,13,4,4,1,4,5,2,12,2,46,2,9,5,1,7,10,1,10,1,14,100,1,21,121.5132525,25.0486527
114,01,26,18,34,07信義區,信義區信義路5段與松智路口,0,0,1,1,B01,6,6,5,50,4,18,1,4,4,5,13,2,1,1,4,5,2,3,1,65,3,10,7,1,7,5,1,4,2,8,70,1,21,121.565549,25.0328582
114,01,26,18,54,07信義區,信義區和平東路3段163號,0,0,1,1,B03,6,5,5,50,14,9,1,4,4,5,13,4,4,10,5,5,2,16,2,48,3,10,3,4,7,6,1,8,1,5,9,1,21,121.552971,25.0243407
114,01,26,19,10,12內湖區,內湖區康寧路3段與康寧路3段165巷口,0,0,1,1,B03,6,5,5,50,4,1,1,4,4,5,13,1,1,1,3,5,1,17,1,38,3,10,7,1,7,5,1,8,2,17,74,1,21,121.6113365,25.0704417
114,01,26,19,29,10文山區,文山區老泉街45巷(樟湖幹43-B7026-FB71),0,0,1,1,C03,6,5,5,30,14,9,2,4,4,5,13,4,4,10,5,5,2,17,2,46,2,9,5,4,7,9,1,10,1,11,44,1,21,121.5183568,25.04847309
114,01,26,19,35,04大安區,大安區師大路59巷口側附近,0,0,1,1,C03,6,5,5,50,14,19,1,4,4,3,13,4,4,9,4,5,2,3,1,20,3,10,3,4,7,9,1,10,1,11,70,1,21,121.5285396,25.0240385
114,01,26,20,20,08士林區,士林區中山北路7段與中山北路7段114巷口,0,0,1,1,B03,6,6,5,50,3,2,1,4,4,5,13,2,1,1,4,5,1,17,1,71,3,10,7,1,7,5,1,8,1,8,83,1,21,121.5317325,25.12213368
114,01,26,20,55,06松山區,松山區光復北路11巷31號,0,0,1,1,H01,6,5,5,0,14,9,1,4,4,5,13,4,4,8,5,5,2,3,1,65,2,9,4,5,8,16,8,20,1,16,121,1,22,121.5592772,25.0496351
114,01,26,21,10,05中正區,中正區重慶南路2段與愛國西路口,0,0,3,1,C03,6,5,5,50,4,18,1,4,4,5,13,2,1,1,4,5,2,3,1,32,2,8,5,4,7,6,1,10,2,11,9,1,21,121.5125246,25.0348779
114,01,26,22,45,05中正區,中正區重慶南路1段與襄陽路口,0,0,2,1,C03,6,6,5,50,3,1,1,4,4,5,13,1,1,10,5,5,2,17,1,29,2,1,5,1,7,6,1,10,2,12,44,1,26,121.513348,25.0434438
114,01,26,22,45,06松山區,松山區復興北路與敦化北路4巷口,0,0,1,1,B01,6,5,5,50,3,1,1,4,4,5,12,1,1,1,4,5,2,16,1,63,3,10,7,1,7,5,1,4,1,1,8,1,21,121.5440886,25.050204
114,01,26,22,50,08士林區,士林區至誠路1段與雨聲街口,0,0,1,1,C03,6,5,5,50,3,1,1,4,4,5,13,3,1,5,5,5,1,17,1,20,3,10,6,1,7,5,1,10,1,17,72,1,21,121.5337703,25.1012968
114,01,26,23,00,06松山區,松山區八德路4段與東興路口,0,0,3,1,B03,6,5,5,50,4,2,1,4,4,5,13,2,1,4,3,5,2,11,1,32,2,9,7,1,7,15,1,8,2,1,42,1,22,121.5658514,25.0490127
114,01,26,23,19,01大同區,大同區南京西路與太原路口,0,0,1,1,B03,6,6,5,50,4,18,1,4,4,5,13,2,1,8,3,5,1,3,1,49,3,10,3,4,7,6,1,8,2,5,70,1,21,121.5160697,25.0534912
114,01,26,23,43,02萬華區,萬華區西園路1段與廣州街口,0,0,1,1,B03,6,5,8,50,4,19,1,4,4,5,13,1,1,10,5,5,2,9,1,67,3,10,3,4,7,5,1,8,1,1,70,1,21,121.4994589,25.03667679
114,01,27,02,08,03中山區,中山區八德路2段174巷11弄與八德路2段210巷口,0,0,2,1,B01,6,5,5,30,4,1,1,4,4,5,13,4,4,10,5,5,2,15,1,55,2,9,7,1,7,9,1,4,1,2,72,1,21,121.5393823,25.0453616
114,01,27,05,11,02萬華區,萬華區西藏路與艋舺大道口,0,0,1,1,C03,6,5,5,50,4,2,1,4,4,5,13,2,1,1,4,5,2,9,1,42,3,10,6,1,7,6,1,10,1,12,70,1,22,121.4915665,25.0292466
114,01,27,06,25,08士林區,士林區承德路4段與劍潭路口,0,0,1,1,B03,6,5,5,50,4,1,1,4,4,5,13,2,1,1,4,5,2,3,2,53,3,10,3,4,7,6,1,8,1,1,70,1,22,121.5236249,25.0843439
114,01,27,07,35,05中正區,中正區公園路與愛國西路口,0,0,2,1,C03,6,5,5,50,5,2,1,4,4,5,13,2,1,1,4,1,2,16,1,63,2,9,5,1,7,6,1,10,2,11,9,1,21,121.5150902,25.0356075
114,01,27,08,05,03中山區,中山區長春路258巷2弄與長春路口,0,0,1,1,B01,6,7,5,50,3,1,1,4,4,5,13,4,4,5,1,5,2,17,1,59,3,10,7,1,7,11,1,4,2,4,10,1,21,121.5385274,25.0546995
114,01,27,08,55,02萬華區,萬華區和平西路3段與環河南路2段口,0,0,1,1,C03,6,7,5,50,5,2,1,4,4,5,13,1,1,1,3,5,2,16,1,71,3,10,5,1,7,6,6,18,1,11,108,1,21,121.4947105,25.035322
114,01,27,10,07,10文山區,文山區忠順街1段26巷與忠順街1段26巷12弄口口,0,0,1,1,B12,6,5,5,30,4,1,1,4,4,5,13,4,4,10,5,5,2,16,1,40,3,10,7,1,7,5,1,8,1,8,44,1,21,121.5592965,24.9836086
114,01,27,10,10,05中正區,中正區和平西路2段與延平南路口口,0,0,2,1,C03,6,6,5,50,3,1,1,4,4,5,13,1,1,1,4,5,1,17,1,72,2,8,6,1,7,9,1,10,1,14,81,1,21,121.5071274,25.0316963
114,01,27,11,20,08士林區,士林區承德路5段與百齡橋口,0,0,1,1,B03,8,6,5,30,8,9,1,5,4,5,13,4,4,1,4,4,1,12,1,44,3,10,7,1,7,9,1,8,1,8,80,1,21,121.5151966,25.0903346
114,01,27,11,35,04大安區,大安區市民大道3段156號,0,0,2,1,C03,6,7,5,40,14,8,1,4,4,5,13,4,4,1,4,4,2,12,2,19,2,9,6,1,7,9,1,10,1,11,16,1,21,121.5354022,25.0447123
114,01,27,11,59,03中山區,中山區林森北路460號,0,0,1,1,B03,7,6,5,50,14,9,1,5,4,5,13,4,4,9,5,5,2,12,1,76,3,10,7,1,7,1,1,8,1,8,19,1,22,121.5255699,25.0610375
114,01,27,12,02,12內湖區,內湖區東湖路160巷與五分街72巷口,0,0,1,1,C03,7,6,5,50,3,1,1,5,4,5,13,4,4,8,3,5,1,16,2,51,3,10,6,1,7,6,3,18,2,12,9,1,21,121.616388,25.0672073
114,01,27,12,55,01大同區,大同區南京西路187號,0,0,1,1,B03,7,6,5,50,14,9,1,5,4,5,13,4,4,4,4,5,2,17,1,46,3,10,3,4,7,13,1,8,1,4,40,1,21,121.512183,25.0539707
114,01,27,13,03,01大同區,大同區民權西路與蘭州街口,0,0,1,1,C03,7,6,5,50,4,1,1,4,4,5,13,2,1,1,2,5,2,17,2,66,3,10,6,1,7,9,1,10,11,17,118,2,22,121.5147254,25.0628609
114,01,27,13,25,08士林區,士林區文林路與美崙街口,0,0,1,1,B03,7,6,5,50,4,1,1,5,4,5,13,1,1,5,5,5,2,17,1,55,3,10,7,1,7,5,1,8,2,1,8,1,22,121.5239493,25.0973304
114,01,27,13,30,11南港區,南港區忠孝東路7段576號,0,0,1,1,B01,8,6,5,50,14,8,1,5,4,5,13,4,4,1,3,4,2,11,1,55,2,3,3,4,7,9,1,4,2,1,108,1,22,121.6132548,25.0527314
114,01,27,13,31,09北投區,北投區公館路與崇仁路1段166巷口,0,0,2,1,C04,8,7,5,50,4,1,1,5,4,5,13,2,1,10,4,5,1,17,2,61,2,9,5,1,7,9,1,8,7,14,13,1,22,121.5026862,25.1220276
114,01,27,13,54,03中山區,中山區中原街與錦州街口,0,0,1,1,C03,8,7,5,50,14,9,1,5,4,5,13,2,1,5,5,5,2,17,2,54,2,8,6,1,7,2,1,10,1,13,80,1,21,121.5288987,25.0605051
114,01,27,14,01,09北投區,北投區承德路6段與福國路口,0,0,1,1,C03,8,7,5,60,4,2,1,5,4,5,13,1,1,1,4,5,2,16,2,19,2,9,6,1,7,7,1,10,1,14,100,1,22,121.5125236,25.1011257
114,01,27,14,21,03中山區,中山區民權東路1段與雙城街口,0,0,1,1,B03,7,6,5,50,3,1,1,5,4,5,13,1,1,1,5,5,2,16,1,59,3,10,7,1,7,6,1,8,1,2,9,1,22,121.5243471,25.0628899
114,01,27,14,23,05中正區,中正區市民大道1段168號,0,0,1,1,B03,8,6,5,40,22,6,1,5,4,5,13,4,4,1,4,5,2,16,1,47,3,10,7,1,7,11,1,8,2,2,72,1,22,121.5188701,25.04826175
114,01,27,15,31,12內湖區,內湖區瑞光路231號,0,0,1,1,B03,8,7,5,0,14,9,1,5,4,5,13,4,4,5,5,5,1,17,1,48,3,10,7,1,7,1,1,8,1,1,19,1,21,121.5783076,25.0745483
114,01,27,15,50,04大安區,大安區大安路1段176巷與復興南路1段279巷30弄口,0,0,1,1,C03,8,6,5,30,4,1,1,5,4,5,13,4,4,10,5,5,2,15,2,25,2,9,5,1,7,9,1,10,1,11,75,1,22,121.5451585,25.0364675
114,01,27,16,10,05中正區,中正區中山南路與凱達格蘭大道口,0,0,1,1,C03,7,7,5,50,5,1,1,5,4,5,13,1,1,1,4,5,2,17,2,44,2,8,5,1,7,6,1,10,1,12,9,1,21,121.5173462,25.0387454
114,01,27,16,27,09北投區,北投區中和街493巷11弄與無名路口,0,0,2,1,C03,8,7,5,30,4,1,1,5,4,5,13,4,4,10,5,5,2,15,2,44,2,9,6,1,7,9,1,10,1,14,72,1,22,121.4952614,25.1434844
114,01,27,16,48,05中正區,中正區思源街1號(自來水園區前),0,0,1,1,B03,8,6,5,50,3,1,1,5,3,5,13,1,1,5,4,5,2,17,1,39,3,10,7,1,7,5,1,8,2,6,71,1,21,121.5301804,25.0135531
114,01,27,16,51,09北投區,北投區大業路與大興街口口,0,0,1,1,B03,8,6,5,50,4,1,1,5,4,5,13,2,1,1,4,5,2,17,1,22,3,10,7,1,7,5,1,8,2,5,8,1,22,121.4970791,25.1296009
114,01,27,17,42,07信義區,信義區莊敬路與吳興街345巷口,0,0,1,1,B03,7,6,5,30,3,1,1,5,4,5,13,2,1,9,4,5,1,9,1,42,3,10,3,4,7,5,1,8,1,1,70,1,21,121.5663095,25.0272735
114,01,27,17,51,10文山區,文山區忠順街1段與忠順街1段26巷口,0,0,1,1,B01,7,6,5,50,3,2,1,5,4,5,13,1,1,10,5,5,2,17,1,61,3,10,7,1,7,1,1,4,1,17,117,1,21,121.5590317,24.9840646
114,01,27,17,55,01大同區,大同區市民高架道與環河北路1段口,0,0,1,1,C03,7,5,5,50,5,1,1,5,4,5,13,2,1,1,2,5,1,12,1,18,2,8,5,1,7,8,1,10,1,14,100,1,22,121.5065904,25.0504224
114,01,27,18,20,08士林區,士林區天母東路22巷與天母東路8巷31弄口,0,0,1,1,C03,8,5,5,50,3,1,1,5,4,5,13,4,4,5,5,5,2,3,1,57,3,10,5,1,7,9,1,10,9,11,70,2,21,121.5326031,25.1168603
114,01,27,19,10,10文山區,文山區興隆路4段30號,0,0,1,1,C03,8,5,5,50,14,9,1,5,4,5,13,2,1,1,4,5,2,12,1,64,2,9,5,1,7,7,1,10,1,14,100,1,21,121.5601839,24.9886112
114,01,27,19,42,07信義區,信義區吳興街173號,0,0,2,1,C03,8,5,5,50,14,9,1,5,4,5,13,4,4,8,5,5,2,17,1,53,2,8,5,4,7,11,1,10,1,14,10,1,21,121.5622669,25.0287719
114,01,27,20,58,08士林區,士林區文昌路95號,0,0,2,1,C03,8,5,5,50,14,9,1,5,4,5,13,1,1,5,4,5,2,17,1,22,2,9,3,4,7,1,1,10,1,11,19,1,21,121.5212519,25.0960875
114,01,27,21,18,04大安區,大安區信義路4段與四維路口,0,0,1,1,B01,7,5,5,30,3,1,1,5,4,5,13,4,4,1,5,1,2,15,1,55,3,10,7,1,7,21,1,4,1,1,108,1,21,121.5480418,25.0332318
114,01,27,23,11,06松山區,松山區延吉街與市民大道4段口,0,0,2,1,C04,7,5,5,40,4,1,1,5,4,5,13,1,1,1,4,4,2,17,2,23,2,8,6,1,7,5,1,10,1,13,96,1,21,121.5537861,25.0444892
114,01,28,06,51,02萬華區,萬華區環河南路1段與內江街口,0,0,2,1,C03,8,7,5,50,5,1,1,5,4,5,13,1,1,8,3,5,2,16,1,64,2,9,5,1,7,10,1,10,1,11,100,1,21,121.5001386,25.0419351
114,01,28,09,15,02萬華區,萬華區堤外便道DSR205,0,0,3,1,H01,7,7,5,40,14,9,1,5,4,5,13,4,4,10,5,5,2,9,2,47,2,9,4,5,8,16,8,20,10,16,53,1,21,121.488778,25.0330821
114,01,28,09,15,04大安區,大安區忠孝東路4段67號,0,0,2,1,C03,8,6,8,0,22,20,4,5,4,5,13,4,4,10,5,5,2,9,1,35,2,8,5,1,7,9,1,10,2,15,88,1,22,121.5466487,25.04181819
114,01,28,09,37,02萬華區,萬華區青年路42號,0,0,2,1,C03,8,7,5,30,14,9,1,5,4,5,13,4,4,8,3,5,2,16,1,75,2,9,5,1,7,5,1,10,2,14,8,1,21,121.5043577,25.025413
114,01,28,09,55,03中山區,中山區林森北路107巷與南京東路1段132巷口,0,0,1,1,B03,8,7,5,30,4,1,1,5,4,5,13,4,4,10,5,5,2,15,1,21,3,10,7,1,7,9,3,18,1,2,72,1,21,121.5267122,25.0499376
114,01,28,09,57,03中山區,中山區民權東路3段22號,0,0,1,1,B03,8,6,5,50,14,9,1,5,4,5,13,2,1,1,5,5,1,16,1,62,3,10,3,4,7,8,1,8,1,6,100,1,21,121.5407338,25.06228502
114,01,28,10,43,10文山區,文山區興隆路2段123巷與興隆路2段153巷1弄口,0,0,1,1,C03,8,6,5,30,3,1,1,5,4,5,10,4,4,10,5,5,2,15,2,81,2,9,6,1,7,9,1,10,2,12,72,1,21,121.5476071,25.00021136
114,01,28,10,47,07信義區,信義區信安街15巷46弄與吳興街220巷59弄口,0,0,1,1,C03,8,6,5,30,3,1,1,5,4,5,13,4,4,9,5,5,1,13,1,74,2,8,3,4,7,6,1,10,1,11,108,1,22,121.5604637,25.0271435
114,01,28,11,05,01大同區,大同區民權西路245巷與延平北路3段18巷口,0,0,2,1,C03,7,6,5,30,4,1,1,5,4,5,13,4,4,10,5,5,2,15,1,61,2,9,3,4,7,9,1,10,1,11,72,1,21,121.5103547,25.063934
114,01,28,11,15,07信義區,信義區忠孝東路5段與虎林街口口,0,0,2,1,C03,8,7,5,50,4,1,1,5,4,5,13,2,1,1,4,5,2,13,1,24,2,9,6,1,7,7,1,10,1,11,16,1,22,121.5771258,25.0408744
114,01,28,11,25,07信義區,信義區松信路與虎林街120巷口,0,0,1,1,B03,7,7,5,30,14,9,1,5,4,5,13,1,1,9,4,5,2,10,1,72,3,10,3,4,7,1,1,8,2,5,19,1,21,121.5721466,25.0422607
114,01,28,12,08,06松山區,松山區八德路3段12巷62弄1號,0,0,1,1,C03,7,6,5,30,14,9,1,5,4,5,13,4,4,10,5,5,2,16,2,80,2,9,5,1,7,6,1,10,1,12,72,1,21,121.5507183,25.0461179
114,01,28,12,29,03中山區,中山區民權東路3段與龍江路口,0,0,1,1,H01,8,6,5,40,4,19,1,5,4,5,13,1,1,3,4,5,2,3,2,42,2,8,4,5,8,18,8,20,10,16,121,1,21,121.540556,25.06246432
114,01,28,12,59,05中正區,中正區汀州路3段40號(汀州三總前),0,0,1,1,C03,8,6,5,50,14,9,1,5,4,5,13,1,1,5,2,5,2,13,1,51,2,3,5,1,7,9,1,10,2,11,108,1,21,121.5292044,25.0171698
114,01,28,13,24,12內湖區,內湖區民權東路6段與行愛路口,0,0,2,1,C02,8,6,5,50,5,1,1,5,4,5,13,1,1,1,3,5,1,16,1,53,2,7,6,1,7,8,1,9,1,12,100,1,21,121.5791199,25.0667788
114,01,28,13,56,05中正區,中正區師大路與水源路口,0,0,1,1,B03,8,6,5,50,5,2,1,5,4,5,13,2,1,2,4,5,1,12,1,44,3,10,7,1,7,4,1,8,1,2,108,1,21,121.5225245,25.0204822
114,01,28,14,35,08士林區,士林區芝玉路1段210-1號,0,0,1,1,F01,8,6,5,30,14,9,1,5,4,5,13,4,4,10,5,5,2,17,2,14,2,8,4,1,7,9,8,20,1,11,108,1,21,121.5337935,25.1084823
114,01,28,15,16,03中山區,中山區建國北路2段與錦州街口,0,0,1,1,C03,8,6,5,50,4,1,1,5,4,5,13,2,1,1,4,5,2,16,2,69,2,9,6,1,7,1,1,10,1,14,19,1,21,121.5426755,25.0791589
114,01,28,15,34,08士林區,士林區中正路與福港街口,0,0,1,1,B03,8,6,6,50,3,1,1,5,4,1,11,2,1,4,4,5,2,15,1,53,3,10,7,1,7,9,1,8,2,1,81,1,21,121.5177274,25.0918087
114,01,28,15,38,01大同區,大同區承德路2段235-1號,0,0,1,1,B02,8,5,5,50,14,9,1,5,4,5,13,4,4,5,5,5,2,16,1,45,3,10,7,1,7,5,1,8,1,1,8,1,21,121.5199468,25.0603727
114,01,28,15,43,04大安區,大安區基隆路3段與辛亥路3段口,0,0,1,1,B03,8,6,5,50,4,1,1,5,4,5,13,2,1,1,3,4,2,2,1,33,3,10,7,1,7,6,1,8,1,5,70,1,22,121.5470168,25.0193267
114,01,28,17,05,10文山區,文山區木柵路3段49巷與木柵路3段49巷5弄口口,0,0,1,1,C03,7,5,5,30,4,1,1,5,4,5,13,4,4,10,5,5,2,15,1,70,2,9,5,4,7,9,1,10,1,12,75,1,22,121.5660683,24.988935
114,01,28,17,12,03中山區,中山區中山北路1段與長安東路1段口,0,0,1,1,B03,8,6,5,50,14,8,1,5,4,5,13,2,1,1,1,1,1,13,2,35,3,10,3,4,7,9,1,8,1,1,108,1,21,121.5216427,25.04959274
114,01,28,17,17,02萬華區,萬華區艋舺大道與西園路1段口,0,0,1,1,C03,8,5,8,50,22,22,1,5,4,5,13,1,1,10,5,5,2,17,1,18,3,10,3,4,7,6,1,10,1,13,9,1,21,121.4982119,25.03327896
114,01,28,17,32,03中山區,中山區中山北路2段與民生西路口,0,0,3,1,C03,7,5,5,50,4,2,1,5,4,5,13,1,1,5,4,5,2,17,2,39,2,9,3,4,7,8,1,10,1,12,100,1,21,121.5227406,25.0582904
114,01,28,17,43,09北投區,北投區文林北路與建民路口,0,0,2,1,C03,8,7,5,50,14,7,1,5,4,5,13,4,4,1,4,4,2,16,1,51,2,9,6,1,7,8,1,15,1,13,100,1,22,121.5150364,25.1074913
114,01,28,20,17,10文山區,文山區木柵路1段與試院路口口,0,0,1,1,B03,8,5,5,50,3,1,1,5,4,5,13,2,1,5,4,5,2,16,1,67,3,10,7,1,7,6,1,8,1,2,9,1,21,121.5499314,24.9875149
114,01,28,21,07,08士林區,士林區中正路與承德路5段口,0,0,2,1,B03,7,5,5,50,4,1,1,5,4,1,11,2,1,1,4,5,2,16,1,62,3,10,7,1,7,6,1,8,1,6,9,1,21,121.5164283,25.0911597
114,01,28,21,32,01大同區,大同區環河北路1段,0,0,1,1,B03,7,5,5,50,14,9,1,5,4,5,13,4,4,5,4,5,2,12,1,42,3,10,7,4,7,10,1,8,1,8,100,1,21,121.5067121,25.050002
114,01,28,22,10,04大安區,大安區新生南路1段163號,0,0,1,1,C03,8,5,5,50,14,9,1,5,4,3,13,4,4,1,4,5,2,13,1,68,2,9,3,4,7,9,1,10,1,11,130,1,21,121.5328908,25.0347224
114,01,28,22,10,08士林區,士林區承德路4段與後港街口,0,0,1,1,C03,8,5,5,50,5,1,1,5,4,5,13,1,1,1,4,4,2,17,1,18,2,8,6,1,7,5,1,10,1,13,98,1,21,121.5231119,25.0823394
114,01,28,22,50,03中山區,中山區松江路與錦州街口,0,0,1,1,B03,8,5,5,50,4,1,1,5,4,5,13,1,1,5,5,5,2,17,1,66,3,10,7,1,7,9,1,8,1,17,85,1,22,121.5330996,25.0603561
114,01,28,23,40,03中山區,中山區錦州街與民權東路2段92巷口,0,0,1,1,B12,7,5,5,30,4,1,1,5,4,5,13,4,4,10,5,5,2,15,1,59,3,10,7,1,7,9,1,8,1,8,72,1,21,121.5316844,25.0603462
114,01,29,06,43,05中正區,中正區北平西路與中山北路1段口,0,0,1,1,B02,7,5,5,50,5,1,1,5,4,5,13,2,1,1,2,1,2,16,1,63,3,10,7,1,7,5,1,6,2,2,85,1,21,121.5202536,25.0473121
114,01,29,08,30,09北投區,北投區知行路與知行路201弄口,0,0,1,1,B03,8,7,5,50,14,9,1,5,4,5,13,4,4,5,5,5,2,16,1,51,3,10,3,4,7,6,1,8,1,5,9,1,21,121.4663939,25.1191937
114,01,29,08,55,01大同區,大同區民權西路與重慶北路2段口,0,0,1,1,B01,8,6,5,40,5,1,1,5,4,5,13,1,1,1,5,5,2,16,1,55,3,10,7,1,7,6,1,4,2,5,82,1,21,121.5134861,25.0628957
114,01,29,09,10,02萬華區,萬華區華中橋南往北機車道,0,0,1,1,C03,8,7,7,30,11,11,1,5,4,5,13,4,4,10,5,5,2,18,2,71,2,9,5,1,7,15,1,10,1,12,42,1,21,121.4958028,25.0157364
114,01,29,09,37,09北投區,北投區三合街1段與三合街1段118巷口,0,0,1,1,B03,8,7,5,30,4,1,1,5,4,5,13,3,1,10,5,5,2,15,2,43,3,10,7,1,7,9,1,8,1,2,72,1,22,121.504159,25.1267715
114,01,29,09,43,09北投區,北投區大度路3段與知行路口,0,0,2,1,C03,8,7,5,50,4,1,1,5,4,5,13,2,1,5,4,5,2,15,1,66,2,9,3,4,7,9,1,10,2,11,81,1,21,121.4668849,25.1230597