發生年度,發生月,發生日,發生時-Hours,發生分,區序,肇事地點,死亡人數,2-30日死亡人數,受傷人數,當事人序號,車種,天候,光線,道路類別,速限-速度限制,道路型態,事故位置,路面狀況1,路面狀況2,路面狀況3,道路障礙1,道路障礙2,號誌1,號誌2,車道劃分-分向,車道劃分-分道1,車道劃分-分道2,車道劃分-分道3,事故類型及型態,性別,年齡,受傷程度,主要傷處,保護裝置,行動電話,車輛用途,當事者行動狀態,駕駛資格情形,駕駛執照種類,飲酒情形,車輛撞擊部位1,肇因碼-個別,個人肇逃否,職業,座標-X,座標-Y
114,02,04,12,15,03中山區,中山區新生北路3段49號,0,0,1,1,B03,8,7,5,50,14,9,1,5,4,5,13,4,4,1,4,5,2,12,1,32,3,10,7,1,7,9,1,8,2,2,44,1,21,121.5280934,25.06580353
114,02,04,12,17,10文山區,文山區景中街與景美街口,0,0,2,1,C03,8,6,5,50,4,18,1,5,4,5,13,4,4,1,4,5,2,3,1,57,2,8,6,1,7,9,1,10,2,11,70,1,21,121.5416712,24.9928916
114,02,04,12,18,03中山區,中山區新生北路3段49號,0,0,1,1,C03,8,7,5,50,14,9,1,5,4,5,13,4,4,1,4,5,2,13,1,36,2,9,5,1,7,9,1,10,2,11,108,1,21,121.5280737,25.06585211
114,02,04,12,40,06松山區,松山區市民大道6段與基隆路1段口,0,0,3,1,C03,8,7,5,40,4,1,1,5,4,4,13,1,1,9,4,5,2,17,1,43,2,9,6,1,7,5,3,18,1,14,86,1,22,121.5693414,25.049125
114,02,04,13,00,08士林區,士林區中正路201號,0,0,2,1,C03,7,5,8,50,22,22,1,5,4,5,13,4,4,1,4,5,1,17,1,51,3,10,5,1,7,7,1,10,1,15,100,1,21,121.5272134,25.0956404
114,02,04,13,02,03中山區,中山區八德路2段167巷與建國北路1段23巷口,0,0,1,1,C03,7,5,5,30,4,1,1,5,4,5,13,4,4,10,5,5,2,15,1,34,2,9,5,1,7,9,1,10,1,12,72,1,21,121.5379603,25.0473474
114,02,04,13,07,03中山區,中山區建國北路3段86巷,0,0,1,1,C03,8,7,5,50,14,9,1,5,4,5,13,4,4,1,4,5,2,13,1,45,2,9,5,1,7,9,1,10,1,11,16,1,22,121.5356312,25.06603828
114,02,04,13,20,03中山區,中山區北安路與北安路759巷口,0,0,2,1,C03,8,7,5,40,4,2,1,5,4,5,13,2,1,1,4,5,2,12,2,62,2,9,6,4,7,9,1,10,2,12,17,1,21,121.5529001,25.08575323
114,02,04,13,29,09北投區,北投區西安街2段與石牌路1段口,0,0,2,1,C03,8,6,5,50,4,1,1,5,4,5,13,1,1,10,5,5,2,16,2,51,2,9,5,1,7,5,3,18,2,14,8,1,21,121.5148393,25.1151088
114,02,04,13,40,05中正區,中正區水源快速道路129號燈桿前,0,0,1,1,B03,8,7,5,50,14,7,1,5,4,5,13,4,4,10,4,5,2,13,1,53,3,10,7,1,7,9,1,8,1,1,108,1,22,121.5230913,25.01950411
114,02,04,13,56,12內湖區,內湖區成功路2段與成功路2段250巷口口,0,0,1,1,C03,8,5,5,50,3,1,1,5,4,5,13,1,1,1,4,5,2,12,1,18,2,9,6,1,7,8,1,10,1,14,100,1,21,121.5905685,25.0659593
114,02,04,14,00,07信義區,信義區信義路6段126號,0,0,1,1,C03,8,7,5,50,14,9,1,5,4,5,13,1,1,5,4,5,1,18,2,67,2,8,3,4,7,9,1,10,9,14,118,1,21,121.5782919,25.0361619
114,02,04,14,15,07信義區,信義區信義路6段15巷與信義路6段口口,0,0,1,1,B03,8,5,8,50,4,2,1,5,4,5,13,1,1,5,4,5,2,17,1,43,3,10,7,1,7,11,1,8,2,4,10,1,22,121.5752926,25.0340813
114,02,04,14,44,06松山區,松山區八德路4段580號市民大道六段側,0,0,1,1,F01,8,7,5,40,14,9,1,5,4,5,13,4,4,1,4,5,2,17,1,59,2,9,4,1,7,7,8,20,1,13,100,1,21,121.5714976,25.0494969
114,02,04,14,55,06松山區,松山區八德路3段與八德路3段199巷口,0,0,1,1,C03,7,6,5,50,4,1,1,5,4,5,13,2,1,5,4,5,2,16,1,22,2,9,5,1,7,9,1,10,2,11,81,1,21,121.5563585,25.0481021
114,02,04,15,35,08士林區,士林區承德路5段與士商路口,0,0,1,1,B03,7,6,5,60,4,1,1,5,4,5,13,2,1,1,3,4,2,17,1,58,3,10,7,1,7,6,1,8,1,5,9,1,21,121.5146147,25.09633147
114,02,04,16,07,09北投區,北投區知行路151號旁,0,0,1,1,C03,8,6,5,50,14,9,1,5,4,5,13,4,4,5,5,5,2,13,2,20,2,9,5,1,7,9,1,10,1,11,108,1,21,121.4654449,25.1185217
114,02,04,16,14,01大同區,大同區承德路3段與民權西路口,0,0,1,1,C03,8,5,5,50,5,2,1,5,4,5,13,2,1,1,4,5,2,13,2,57,2,9,5,1,7,9,1,10,2,11,108,1,21,121.5181913,25.0628016
114,02,04,16,38,09北投區,北投區承德路7段與立農街1段口,0,0,1,1,B03,8,6,5,30,14,9,1,5,4,5,13,4,4,9,4,4,2,16,2,25,3,10,7,1,7,5,1,8,1,8,73,1,21,121.5024873,25.11878449
114,02,04,16,50,05中正區,中正區濟南路1段2-2號,0,0,1,1,B01,8,7,8,40,22,9,1,5,4,5,13,4,4,8,4,4,2,17,1,64,3,10,7,1,7,1,1,4,2,1,19,1,21,121.5198351,25.0432621
114,02,04,16,53,03中山區,中山區中山北路2段77巷20號,0,0,2,1,C03,8,6,5,30,14,9,1,5,4,5,13,4,4,10,5,5,2,10,1,37,2,7,6,4,7,9,1,10,2,11,108,1,21,121.5248118,25.0575084
114,02,04,17,25,03中山區,中山區吉林路10巷與吉林路口,0,0,1,1,C03,8,7,5,30,3,1,1,5,4,5,13,3,1,9,2,5,2,17,2,65,3,10,5,1,7,5,1,10,1,17,72,1,21,121.5299778,25.0497562
114,02,04,17,29,05中正區,中正區南昌路1段與重慶南路2段7巷口,0,0,2,1,B03,7,6,5,50,4,1,1,5,4,5,13,4,4,5,4,5,2,17,1,39,2,9,7,1,7,9,1,8,2,1,72,1,22,121.5149193,25.0342888
114,02,04,17,33,09北投區,北投區文林北路與明德路口,0,0,2,1,C03,8,5,5,50,4,4,1,5,4,5,13,1,1,1,4,4,2,13,2,35,2,9,5,1,7,9,1,10,1,11,16,1,21,121.5163484,25.1062049
114,02,04,17,37,04大安區,大安區基隆路2段與通化街171巷口,0,0,1,1,C03,7,5,5,50,4,2,1,5,4,5,13,2,1,1,4,5,1,12,2,71,2,9,6,1,7,7,1,10,2,14,100,1,21,121.5560727,25.027574
114,02,04,17,40,12內湖區,內湖區大湖街166巷2號,0,0,2,1,C03,8,5,5,30,11,9,1,5,4,5,13,4,4,10,5,5,2,17,1,39,2,9,6,1,7,9,1,10,1,11,42,1,21,121.6008058,25.0843623
114,02,04,17,59,05中正區,中正區重慶南路3段160號,0,0,1,1,C03,7,5,5,50,14,9,1,5,4,5,13,4,4,1,4,5,2,13,1,40,2,9,5,1,7,9,1,10,2,11,16,1,22,121.5167598,25.0236421
114,02,04,18,29,12內湖區,內湖區民權大橋東向西,0,0,2,1,C03,7,5,5,30,14,11,1,5,4,5,13,4,4,1,4,4,2,13,1,27,2,9,5,1,7,9,1,10,1,11,16,1,21,121.5694392,25.0639782
114,02,04,18,35,08士林區,士林區忠誠路2段48號,0,0,1,1,B03,7,5,5,50,14,9,1,5,4,5,13,2,1,1,3,5,1,11,1,62,3,10,3,4,7,11,1,8,1,6,10,1,22,121.5305757,25.1105981
114,02,04,18,37,01大同區,大同區民生西路171巷與萬全街口,0,0,2,1,C03,7,5,5,30,5,1,1,5,4,5,13,4,4,10,5,5,2,15,1,28,2,9,6,1,7,9,1,9,2,11,72,1,21,121.5167035,25.0579789
114,02,04,18,45,12內湖區,內湖區安泰街與安泰街45巷口口,0,0,1,1,C03,7,5,5,30,4,1,1,5,4,5,13,4,4,10,5,5,2,16,1,19,3,10,5,1,7,5,1,10,1,14,74,1,21,121.6178985,25.0737759
114,02,04,18,55,07信義區,信義區松德路168巷與松德路168巷12弄口,0,0,1,1,C04,8,5,5,30,4,1,1,5,4,5,13,2,1,9,4,5,1,13,2,53,3,10,3,4,7,9,1,10,1,12,16,1,21,121.5735442,25.036516
114,02,04,19,46,05中正區,中正區重慶南路3段27巷10號,0,0,1,1,C03,8,5,5,30,14,9,1,5,4,3,10,4,4,10,5,5,2,17,1,39,2,8,5,1,7,1,1,10,2,11,19,1,21,121.5162929,25.02867332
114,02,04,19,54,02萬華區,萬華區環河南路1段與內江街口,0,0,2,1,C03,7,5,5,50,5,2,1,5,4,5,13,1,1,8,4,5,2,12,1,21,2,9,5,1,7,11,1,10,1,14,10,1,21,121.5001668,25.0420534
114,02,04,19,56,02萬華區,萬華區永福街與柳州街口,0,0,2,1,C03,7,5,5,30,4,1,1,5,4,5,13,1,1,10,5,5,2,16,1,21,2,8,6,1,7,5,1,10,1,11,8,1,21,121.5052992,25.0382505
114,02,04,21,02,04大安區,大安區信義路2段與金山南路2段口,0,0,2,1,B03,7,5,5,50,4,2,1,5,4,5,13,2,1,1,4,5,2,17,1,53,3,10,3,4,7,8,1,4,1,3,100,1,21,121.5272823,25.03368009
114,02,04,21,07,01大同區,大同區台北橋機慢車道往三重,0,0,1,1,C03,8,5,5,50,8,11,1,5,4,5,13,4,4,10,5,5,2,12,2,35,2,9,6,1,7,9,1,10,1,12,44,1,21,121.5090702,25.0634113
114,02,04,21,13,01大同區,大同區延平北路4段與迪化街2段268巷口,0,0,2,1,C03,8,5,5,40,5,2,1,5,4,5,13,4,4,5,5,4,2,16,1,33,2,9,6,1,7,11,1,9,1,14,10,1,21,121.5109008,25.0705227
114,02,04,22,10,05中正區,中正區博愛路與衡陽路口,0,0,1,1,H01,7,5,5,50,4,18,1,5,4,5,13,2,1,10,5,5,2,3,1,29,4,11,4,5,8,16,8,20,10,16,122,1,22,121.5116039,25.0422747
114,02,04,22,44,10文山區,文山區興隆路4段145巷與興隆路4段145巷22弄口,0,0,1,1,C03,7,5,5,30,4,1,1,5,4,5,13,4,4,10,5,5,2,15,2,49,2,9,6,1,7,9,1,10,1,12,72,1,21,121.5627741,24.9851978
114,02,04,23,27,04大安區,大安區新生南路2段與金華街口,0,0,2,1,C03,8,5,5,40,4,1,1,5,4,5,13,2,1,1,3,5,2,17,2,52,2,9,6,1,7,9,1,10,1,11,16,1,21,121.53357,25.0304967
114,02,05,00,03,07信義區,信義區信安街與崇德街口,0,0,1,1,F01,8,5,5,50,4,2,1,5,4,5,13,1,1,5,4,5,2,17,2,55,2,9,3,4,7,5,8,20,1,13,85,1,21,121.5558273,25.0240057
114,02,05,05,50,01大同區,大同區承德路3段與庫倫街口,0,0,1,1,B03,8,5,5,50,5,1,1,5,4,5,13,1,1,5,5,5,2,3,1,50,3,10,7,1,7,5,1,8,2,4,70,1,21,121.5187209,25.0720283
114,02,05,06,10,10文山區,文山區興隆路1段與景興路口,0,0,1,1,B03,8,5,5,50,5,18,1,5,4,5,13,2,1,1,2,5,2,3,1,49,3,10,7,1,7,5,1,8,1,1,70,1,21,121.5456696,24.99784851
114,02,05,06,42,08士林區,士林區中正路與百齡橋口機慢車專用車道燈幹7510208處,0,0,1,1,C03,7,5,5,50,8,7,1,5,4,5,13,4,4,3,4,4,2,12,1,50,3,10,5,1,7,4,1,10,1,14,108,1,21,121.5127236,25.08844181
114,02,05,06,56,09北投區,北投區大同街與中央北路1段口,0,0,1,1,C03,8,6,5,30,14,9,1,5,4,5,13,4,4,10,5,5,2,17,2,76,3,10,6,1,7,1,3,18,1,11,19,1,26,121.4986464,25.1350611
114,02,05,07,35,05中正區,中正區青島西路13號對面,0,0,1,1,A02,8,6,5,50,14,9,1,5,4,5,13,4,4,5,4,5,2,9,1,58,4,11,7,1,7,14,1,2,11,15,40,1,21,121.5174903,25.04493178
114,02,05,07,36,11南港區,南港區市民大道8段與南港路2段41巷口,0,0,2,1,C03,8,6,5,50,4,1,1,5,4,5,13,2,2,3,4,5,2,16,2,27,2,8,5,1,7,5,1,10,1,12,71,1,22,121.603305,25.0527114
114,02,05,07,50,08士林區,士林區德行東路129巷與德行東路109巷64弄口,0,0,1,1,C03,7,6,5,30,4,1,1,5,4,5,13,4,4,10,5,5,2,15,1,66,2,8,5,1,7,9,1,10,2,11,72,1,22,121.5293473,25.1094171
114,02,05,07,52,10文山區,文山區木新路2段與木新路2段79巷口,0,0,1,1,B01,8,6,5,30,3,2,1,5,4,5,13,4,4,10,5,5,2,17,1,60,3,10,7,1,7,11,1,4,1,2,10,1,21,121.5703643,24.9850818
114,02,05,08,25,03中山區,中山區龍江路394巷與五常街53巷口,0,0,1,1,F01,8,6,5,30,4,1,1,5,4,5,13,4,4,8,3,5,2,15,1,67,2,5,4,4,7,9,8,20,2,13,72,1,21,121.5396476,25.0672128
114,02,05,09,00,03中山區,中山區民生西路與中山北路2段口,0,0,2,1,C03,7,7,5,50,4,1,1,5,4,5,13,1,1,4,3,5,1,13,2,47,2,8,5,1,7,9,1,10,1,11,16,1,21,121.5226034,25.05779679
114,02,05,09,00,06松山區,松山區麥帥一橋機車道西往東(燈桿7510308),0,0,1,1,C03,8,6,5,40,8,11,1,5,4,5,13,4,4,3,4,5,2,17,1,42,4,11,6,1,7,8,1,10,11,14,100,2,22,121.5690791,25.0512986
114,02,05,09,04,05中正區,中正區市民大道3段8號,0,0,1,1,B03,7,5,5,40,14,9,1,5,4,5,13,4,4,1,4,1,2,13,1,52,3,10,7,1,7,7,1,8,1,2,100,1,21,121.5322569,25.0454943
114,02,05,09,10,08士林區,士林區環河北路3段95號,0,0,1,1,C02,7,6,5,60,14,9,1,5,4,5,13,4,4,1,4,5,2,13,1,44,2,9,6,1,7,9,1,9,1,11,16,1,22,121.5061974,25.0845223
114,02,05,09,49,09北投區,北投區大度路3段往東過立德路500公尺處,0,0,2,1,C03,8,6,5,50,14,12,1,4,4,5,13,4,4,1,4,5,1,17,2,45,2,9,6,1,7,9,1,10,2,12,13,1,21,121.4762003,25.1224096
114,02,05,09,50,03中山區,中山區樂群一路與基湖路口,0,0,1,1,B03,8,7,5,50,3,1,1,5,4,5,13,2,1,10,5,5,2,16,1,44,3,10,7,1,7,5,1,8,1,5,17,1,21,121.5564218,25.05424441
114,02,05,10,01,10文山區,文山區指南路3段38巷14-3號,0,0,1,1,F01,8,7,5,30,14,9,1,5,4,5,13,4,4,10,5,5,1,10,1,13,2,9,5,1,7,9,8,20,1,11,5,1,15,121.5839309,24.9659305
114,02,05,10,26,04大安區,大安區羅斯福路3段與師大路口,0,0,1,1,C03,8,7,5,50,4,2,1,5,4,5,13,2,1,8,3,5,1,13,1,57,2,1,5,4,7,12,1,10,1,11,108,1,26,121.5278897,25.0211283
114,02,05,10,27,05中正區,中正區臨沂街3巷與忠孝東路2段121巷口,0,0,2,1,C03,8,6,5,30,4,1,1,5,4,5,13,4,4,10,5,5,1,15,2,65,2,3,6,1,7,9,1,10,2,11,75,1,22,121.5322733,25.0431908
114,02,05,10,31,04大安區,大安區愛國東路35號,0,0,1,1,C03,8,5,5,50,14,7,1,5,4,5,13,3,1,1,3,4,1,3,1,33,3,10,6,1,7,9,1,10,2,11,70,1,21,121.5254301,25.0319557
114,02,05,10,45,02萬華區,萬華區西園路2段140巷與西園路2段口,0,0,1,1,C03,8,6,5,50,4,2,1,5,4,5,13,1,1,8,3,5,1,12,1,36,2,9,5,1,7,10,1,10,1,14,100,1,21,121.4961904,25.0297475
114,02,05,10,50,03中山區,中山區敬業三路100號,0,0,1,1,B03,7,5,5,50,14,9,1,5,4,5,13,4,4,8,5,4,1,16,1,22,3,10,7,1,7,6,1,8,1,2,9,1,21,121.5563907,25.0821953
114,02,05,10,50,08士林區,士林區中正路499號,0,0,1,1,B03,8,6,5,50,14,9,1,5,4,5,13,4,4,5,4,5,2,12,2,43,3,10,7,1,7,9,1,8,1,4,44,1,26,121.5180739,25.09195361
114,02,05,10,58,08士林區,士林區承德橋003燈桿北向南,0,0,2,1,C03,8,6,5,40,8,11,1,5,4,5,13,4,4,10,4,4,1,17,2,50,2,9,6,1,7,9,1,10,2,11,16,1,21,121.5218425,25.0799128
114,02,05,11,25,09北投區,北投區北投路1段與三合街2段口,0,0,4,1,C03,7,5,5,50,4,1,1,5,4,5,13,1,1,5,4,5,2,17,2,59,2,8,3,4,7,11,1,10,1,14,71,1,21,121.5007089,25.1262859
114,02,05,11,36,07信義區,信義區松山路261號,0,0,1,1,B03,7,7,5,50,14,9,1,5,4,5,13,4,4,5,5,5,2,12,1,50,3,10,7,1,7,1,1,8,1,8,19,1,21,121.5778619,25.0438087
114,02,05,11,46,10文山區,文山區新光路2段往西燈桿編號0707697號旁,0,0,1,1,B03,8,6,5,50,11,9,1,5,4,5,13,4,4,9,5,5,1,17,1,50,3,10,7,1,7,15,1,8,1,4,4,1,21,121.5985185,25.0022789
114,02,05,11,59,01大同區,大同區鄭州路與西寧北路口,0,0,1,1,B03,8,6,5,40,4,1,1,5,4,5,13,2,1,1,4,5,2,17,1,50,3,10,7,4,7,5,1,4,1,5,108,1,21,121.5087061,25.050228
114,02,05,12,00,12內湖區,內湖區瑞光路與陽光街口,0,0,1,1,C03,7,6,5,50,4,2,1,5,4,5,13,1,1,5,4,5,2,12,2,25,2,8,5,1,7,10,1,10,1,13,100,1,21,121.5792512,25.0736965
114,02,05,12,28,08士林區,士林區文林路587巷與美崙街152巷口,0,0,1,1,B12,8,6,5,30,3,2,1,5,4,5,13,4,4,10,4,5,1,17,1,59,3,10,7,1,7,9,1,8,1,4,13,1,21,121.5183162,25.0988738
114,02,05,12,35,02萬華區,萬華區和平西路3段與康定路口,0,0,1,1,C03,8,7,5,50,4,1,2,5,4,5,13,1,1,9,5,5,2,17,1,60,3,10,5,1,7,8,1,10,1,12,100,1,21,121.5013353,25.035351
114,02,05,13,39,02萬華區,萬華區萬大路277巷與萬大路277巷14弄口,0,0,1,1,C03,7,6,5,30,4,2,1,5,4,5,13,4,4,10,5,5,1,17,2,31,2,9,3,4,7,9,1,10,1,14,72,1,22,121.5010877,25.0254062
114,02,05,13,43,06松山區,松山區南京東路5段315號,0,0,1,1,B01,7,6,5,50,14,9,1,5,4,5,13,4,4,9,4,5,2,17,2,54,3,10,7,1,7,1,1,8,9,17,19,1,21,121.566895,25.0514075
114,02,05,13,56,06松山區,松山區民權東路3段與復興北路口,0,0,1,1,B03,8,7,5,50,3,1,1,5,4,5,13,4,4,9,4,5,2,17,1,53,3,10,7,4,7,6,1,8,1,2,9,1,22,121.5446833,25.062252
114,02,05,14,10,07信義區,信義區莊敬路468號,0,0,2,1,C03,7,6,5,50,14,9,1,5,4,5,13,4,4,5,5,5,2,11,1,45,3,10,6,1,7,7,1,10,1,11,42,1,22,121.5680617,25.0267159
114,02,05,14,20,07信義區,信義區基隆路1段與基隆路1段102巷口,0,0,1,1,B01,7,6,5,50,3,1,1,5,4,5,13,4,4,1,4,5,2,16,1,62,3,10,3,4,7,6,1,3,1,6,9,1,21,121.5668094,25.0453528
114,02,05,15,14,05中正區,中正區中華路1段與開封街1段口,0,0,1,1,B03,8,6,5,50,4,2,1,5,4,5,13,1,1,10,4,5,1,17,1,46,3,10,7,1,7,6,1,8,2,5,9,1,22,121.5095968,25.0460117
114,02,05,15,20,08士林區,士林區承德路5段78號,0,0,3,1,C03,7,6,5,50,14,9,1,5,4,5,13,4,4,1,4,5,2,16,2,37,2,7,5,1,7,7,1,10,1,14,100,1,21,121.5145907,25.09408395
114,02,05,15,32,04大安區,大安區仁愛路4段與敦化南路1段口,0,0,2,1,B03,7,7,5,50,4,1,1,5,4,5,13,1,1,1,4,5,2,17,1,81,3,10,7,1,7,5,1,8,1,8,71,1,21,121.5497224,25.0379052
114,02,05,15,36,08士林區,士林區雨聲街79號停車格旁,0,0,2,1,C03,7,6,5,50,14,9,1,5,4,5,13,4,4,4,5,5,1,16,1,61,2,9,5,1,7,7,1,10,1,12,100,1,21,121.5302971,25.104552
114,02,05,15,49,05中正區,中正區北平東路與林森北路口,0,0,1,1,B03,7,6,5,50,4,1,1,5,4,5,13,1,1,10,5,5,2,16,1,74,3,10,7,1,7,5,1,8,2,6,74,1,22,121.5237486,25.0463932
114,02,05,15,49,09北投區,北投區稻香路(燈桿1200709),0,0,1,1,C03,8,6,5,30,14,9,1,5,4,5,13,4,4,9,5,5,2,17,1,57,2,3,5,1,7,9,1,10,1,12,42,1,21,121.4907821,25.14219504
114,02,05,15,52,11南港區,南港區研究院路1段與南港路1段口,0,0,1,1,B01,7,6,5,50,4,3,1,5,4,5,13,2,1,5,2,5,2,12,1,66,3,10,7,1,7,6,1,4,11,4,99,1,21,121.6164617,25.0550988
114,02,05,16,32,06松山區,松山區寧安街與八德路3段口,0,0,1,1,B03,8,6,6,30,3,1,1,5,4,5,13,1,1,5,4,5,2,3,2,35,3,10,7,1,7,5,1,8,2,4,70,1,21,121.5542442,25.0481575
114,02,05,16,55,03中山區,中山區長春路253號與長春路口,0,0,1,1,B03,8,7,5,50,14,9,1,5,4,5,13,4,4,9,4,5,2,16,1,65,3,10,7,1,7,5,1,8,1,8,8,1,21,121.5401503,25.05480449
114,02,05,17,21,07信義區,信義區市民大道5段與基隆路1段口,0,0,2,1,C03,8,5,5,50,4,4,1,5,4,5,13,2,1,1,4,5,1,13,2,21,2,8,3,4,7,9,1,10,1,11,16,1,22,121.5687001,25.048934
114,02,05,17,23,12內湖區,內湖區新湖二路與行善路口,0,0,1,1,C03,7,6,5,50,4,1,1,5,4,5,12,1,1,7,4,5,1,17,1,30,2,9,6,1,7,5,1,10,1,13,8,1,21,121.5855088,25.0648346
114,02,05,17,30,12內湖區,內湖區新湖三路與舊宗路1段口,0,0,2,1,C04,8,5,5,50,4,1,1,5,4,5,13,1,1,1,5,5,2,12,1,30,2,8,6,1,7,8,1,10,1,12,100,1,21,121.5764637,25.06336
114,02,05,17,48,03中山區,中山區民生西路28號,0,0,2,1,C03,8,5,5,50,14,9,1,5,4,5,13,4,4,4,3,5,2,12,1,60,2,5,6,4,7,9,1,10,2,11,4,1,21,121.5217447,25.0577292
114,02,05,18,30,12內湖區,內湖區成功路2段262號,0,0,1,1,B03,8,5,5,50,14,9,1,5,4,5,13,1,1,1,5,5,2,11,2,45,3,10,7,1,7,7,1,8,2,4,108,1,21,121.5904139,25.06629042
114,02,05,18,43,06松山區,松山區復興北路與長春路口,0,0,1,1,C03,8,5,5,50,4,1,1,5,4,5,13,2,1,1,3,5,2,16,1,58,3,10,5,1,7,6,1,10,1,13,9,1,22,121.544231,25.0545045
114,02,05,18,45,07信義區,信義區忠孝東路5段與大道路口,0,0,1,1,C03,8,5,5,50,4,2,1,5,4,5,13,2,1,1,4,5,2,13,2,35,3,10,6,1,7,9,1,10,2,11,16,1,21,121.5809588,25.0428543
114,02,05,19,00,03中山區,中山區南京東路3段與建國北路1段口,0,0,1,1,B03,8,5,5,50,4,1,1,5,4,5,13,1,1,10,4,5,2,12,2,41,3,10,7,1,7,6,1,8,1,5,9,1,21,121.5370373,25.05186981
114,02,05,20,27,01大同區,大同區環河北路1段153號,0,0,1,1,C03,8,5,5,50,14,9,1,5,4,5,13,4,4,9,5,5,2,13,2,63,2,8,6,1,7,9,1,10,2,11,108,1,21,121.5077872,25.0548744
114,02,05,20,42,12內湖區,內湖區內湖路2段103巷8號對面,0,0,1,1,C03,8,5,5,50,14,9,1,5,4,5,13,4,4,9,5,5,2,17,1,42,2,9,3,4,7,21,1,10,2,15,118,1,21,121.5824389,25.0802542
114,02,05,20,58,04大安區,大安區金山南路2段211號,0,0,2,1,B01,7,5,5,50,14,9,1,5,4,5,13,4,4,1,4,5,2,12,1,57,3,10,3,4,7,1,1,4,1,8,19,1,21,121.526218,25.0279702
114,02,05,21,45,03中山區,中山區一江街與松江路124巷口,0,0,2,1,C03,8,5,5,50,4,1,1,5,4,5,13,4,4,9,5,5,2,16,1,23,2,8,5,1,7,11,1,10,1,12,80,1,21,121.531518,25.05259032
114,02,05,22,10,12內湖區,內湖區成功路4段與金湖路口口,0,0,2,1,C03,7,5,5,50,4,1,1,5,4,5,13,2,1,5,4,5,2,16,2,31,2,9,5,1,7,9,1,10,1,11,44,1,21,121.5950592,25.084115
114,02,05,22,11,07信義區,信義區仁愛路4段與逸仙路口,0,0,1,1,B03,8,6,5,50,4,1,1,5,4,5,13,2,1,1,4,5,2,16,1,40,3,10,7,1,7,6,1,8,2,2,9,1,21,121.5615731,25.0376975
114,02,05,22,19,04大安區,大安區基隆路2段198號,0,0,1,1,B01,7,5,5,50,14,9,1,5,4,5,13,4,4,2,3,4,2,13,1,54,3,10,7,1,7,8,1,4,1,6,44,1,21,121.5516544,25.0236902
114,02,05,22,23,10文山區,文山區秀明路2段與新光路1段口,0,0,1,1,B03,7,5,5,50,4,1,1,5,4,5,13,1,1,10,5,5,1,16,1,76,3,10,7,1,7,5,1,8,2,1,71,1,21,121.5737032,24.9916355
114,02,05,22,42,02萬華區,萬華區西園路1段與桂林路口,0,0,1,1,B01,7,5,5,50,4,2,1,5,4,5,13,2,1,5,4,4,2,9,1,68,3,10,7,1,7,6,1,4,1,1,70,1,21,121.4997139,25.0383716
114,02,05,23,13,04大安區,大安區光復南路與忠孝東路4段口,0,0,3,1,C04,7,5,5,50,4,3,1,5,4,5,13,2,1,10,5,5,2,13,2,59,2,7,3,4,7,15,3,18,1,12,100,1,21,121.5575775,25.041506
114,02,06,01,53,12內湖區,內湖區舊宗路2段與民權東路6段11巷口,0,0,1,1,C03,8,5,5,50,3,1,1,5,4,5,13,3,1,1,4,5,2,17,1,31,2,9,5,1,7,5,1,10,2,11,72,1,21,121.5747779,25.0674957
114,02,06,02,42,10文山區,文山區興隆路4段165巷40弄與興隆路4段165巷口,0,0,2,1,C03,7,5,5,50,4,1,1,5,4,5,13,4,4,10,5,5,2,15,2,45,2,9,6,1,7,9,1,10,2,14,72,1,21,121.5636451,24.9843064
114,02,06,05,50,06松山區,松山區南京東路5段291巷與南京東路5段291巷41弄口,0,0,1,1,C03,8,5,5,30,4,1,1,5,4,5,13,4,4,10,4,5,1,15,2,53,2,8,5,1,7,9,1,10,2,12,72,1,26,121.5662093,25.053377
114,02,06,06,18,07信義區,信義區光復南路271號,0,0,1,1,C03,7,6,5,50,14,9,1,5,4,5,13,4,4,1,4,5,1,18,1,56,2,7,3,4,7,9,1,10,1,14,42,1,21,121.5577114,25.0409057
114,02,06,06,35,04大安區,大安區基隆路3段與長興街口,0,0,1,1,B03,7,6,5,50,4,4,1,5,4,5,13,2,1,1,4,5,2,13,1,59,3,10,3,4,7,9,1,8,1,1,16,1,22,121.5442279,25.0169871
114,02,06,07,19,12內湖區,內湖區成功路4段與成功路4段324巷口,0,0,1,1,B03,7,6,5,30,4,1,1,5,4,5,13,2,1,9,4,5,2,2,1,57,3,10,7,1,7,5,1,8,2,1,70,1,21,121.5987644,25.08464798
114,02,06,07,27,05中正區,中正區寧波西街與羅斯福路1段口口,0,0,1,1,C03,8,6,5,50,4,1,1,5,4,5,13,1,1,10,2,5,1,17,1,59,2,8,6,1,7,5,1,10,1,14,8,1,21,121.5194279,25.0319477
114,02,06,07,39,08士林區,士林區承德路4段與大南路口,0,0,2,1,B03,7,5,5,50,4,1,1,5,4,5,13,2,1,1,4,5,1,17,1,67,3,10,7,1,7,8,1,8,1,17,100,1,21,121.5215858,25.0886143
114,02,06,07,46,07信義區,信義區市民大道6段與虎林街口,0,0,1,1,C03,7,6,5,40,4,2,1,5,4,5,13,1,1,1,3,5,2,17,1,34,3,10,6,1,7,1,1,10,1,17,82,1,21,121.5761876,25.0491011