發生年度,發生月,發生日,發生時-Hours,發生分,區序,肇事地點,死亡人數,2-30日死亡人數,受傷人數,當事人序號,車種,天候,光線,道路類別,速限-速度限制,道路型態,事故位置,路面狀況1,路面狀況2,路面狀況3,道路障礙1,道路障礙2,號誌1,號誌2,車道劃分-分向,車道劃分-分道1,車道劃分-分道2,車道劃分-分道3,事故類型及型態,性別,年齡,受傷程度,主要傷處,保護裝置,行動電話,車輛用途,當事者行動狀態,駕駛資格情形,駕駛執照種類,飲酒情形,車輛撞擊部位1,肇因碼-個別,個人肇逃否,職業,座標-X,座標-Y
114,02,06,07,57,05中正區,中正區市民大道3段與金山北路口,0,0,3,1,C03,7,5,5,40,4,1,1,5,4,5,13,1,1,9,4,5,2,17,1,31,2,9,5,1,7,9,1,10,2,17,44,1,21,121.5307812,25.0459105
114,02,06,08,00,08士林區,士林區後港街與劍潭路口,0,0,2,1,C03,7,6,5,30,4,1,1,5,4,5,13,4,4,10,5,5,2,15,1,39,2,9,3,4,7,9,1,10,1,14,72,1,21,121.522764,25.0841163
114,02,06,08,10,05中正區,中正區思源街1號與思源街口口,0,0,1,1,B03,8,6,5,50,3,1,1,5,4,5,13,1,1,5,4,5,1,17,2,56,3,10,7,1,7,9,1,14,1,2,108,1,21,121.530703,25.0136061
114,02,06,08,31,09北投區,北投區中央南路2段與中央南路2段91巷口,0,0,1,1,B03,7,6,5,40,3,1,1,5,4,5,13,4,4,9,5,5,2,17,1,47,3,10,3,4,7,13,1,8,2,4,40,1,21,121.5001051,25.1224843
114,02,06,08,40,11南港區,南港區南港路1段與惠民街口,0,0,3,1,C04,7,7,5,50,3,1,1,5,4,5,13,2,1,4,4,5,2,17,2,44,2,9,6,1,7,5,1,10,1,14,8,1,21,121.6102512,25.0549295
114,02,06,08,53,08士林區,士林區承德路5段與基河路口,0,0,1,1,B03,8,6,5,50,4,2,1,5,4,5,13,1,1,10,4,5,1,17,1,39,3,10,7,1,7,6,1,8,2,2,9,1,21,121.5141429,25.09611063
114,02,06,08,57,03中山區,中山區龍江路239號,0,0,1,1,H01,8,6,5,0,14,9,1,5,4,5,13,4,4,8,3,5,2,6,1,6,2,9,4,5,8,18,8,20,10,16,121,1,21,121.5407254,25.0584065
114,02,06,08,59,04大安區,大安區基隆路2段與基隆路2段291巷口,0,0,2,1,C03,7,6,5,50,3,1,1,5,4,5,13,4,4,1,4,5,2,13,1,35,2,9,6,1,7,9,1,10,1,11,16,1,21,121.5493794,25.0214231
114,02,06,09,07,09北投區,北投區稻香路與稻香路73巷口,0,0,1,1,C04,8,5,5,50,3,1,1,5,4,5,13,4,4,5,4,5,1,3,1,59,3,10,6,1,7,9,1,11,2,14,70,1,21,121.4895564,25.140467
114,02,06,09,33,04大安區,大安區和平東路3段與安和路2段口,0,0,1,1,C03,7,6,5,50,3,1,1,5,4,5,13,1,1,1,4,5,2,13,2,67,2,9,6,1,7,15,1,10,1,11,16,1,21,121.5500498,25.0244441
114,02,06,09,38,02萬華區,萬華區中華路2段416巷與萬大路277巷37弄口,0,0,1,1,F01,8,7,5,30,4,2,1,5,4,5,13,1,1,5,5,5,2,17,4,0,,,,,,,,,11,,119,2,,121.5023683,25.0266321
114,02,06,09,45,08士林區,士林區天母東路91巷1號,0,0,1,1,B01,7,5,8,30,22,22,1,5,4,5,13,4,4,10,5,5,1,17,1,48,3,10,7,1,7,5,1,4,1,1,5,1,21,121.5358098,25.1186116
114,02,06,10,22,09北投區,北投區大度路3段與立德路口往東1公里處,,,2,1,,7,,,,,,,,,,,,,,,,,,4,,,,,,,,,,11,,,,,121.4697356,25.12131166
114,02,06,10,22,09北投區,北投區大度路3段與立德路口往東1公里處,0,0,5,1,C03,7,6,5,50,14,12,1,5,4,5,13,4,4,1,4,5,1,17,2,46,2,9,6,1,7,9,1,10,1,11,108,1,21,121.4805959,25.1221516
114,02,06,10,26,07信義區,信義區忠孝東路5段與中坡南路口,0,0,1,1,B03,7,7,5,50,4,1,1,5,4,5,13,1,1,1,4,5,2,16,1,63,3,10,3,4,7,5,1,4,1,5,71,1,22,121.5819883,25.0440922
114,02,06,10,45,05中正區,中正區市民大道3段2號,0,0,1,1,C03,8,6,5,40,14,8,1,5,4,5,13,4,4,1,4,4,2,12,1,69,2,9,5,1,7,7,3,18,2,14,100,1,22,121.5310385,25.04580335
114,02,06,11,15,01大同區,大同區塔城街與鄭州路口,0,0,1,1,C03,7,7,5,50,4,1,1,5,4,5,13,1,1,5,4,5,2,13,1,39,3,10,6,1,7,9,1,10,1,11,108,1,21,121.510458,25.0503458
114,02,06,11,19,08士林區,士林區環河北路3段與社中街口,0,0,1,1,B13,7,6,6,50,4,1,1,5,4,5,13,1,1,8,3,4,1,16,1,30,3,10,7,1,7,9,1,8,1,2,81,1,21,121.5010585,25.0904077
114,02,06,11,23,06松山區,松山區延吉街與延吉街30巷口,0,0,3,1,C03,7,6,5,50,4,2,1,5,4,5,13,1,1,9,5,5,2,12,1,62,2,9,5,1,7,5,1,10,1,11,8,1,21,121.5535524,25.046273
114,02,06,11,34,08士林區,士林區中山北路6段與士東路口,0,0,2,1,C03,7,6,5,50,4,4,1,5,4,5,13,2,1,1,4,5,2,13,2,22,2,8,6,1,7,9,1,10,1,11,16,1,26,121.5259738,25.11161556
114,02,06,11,36,09北投區,北投區中央北路4段148號,0,0,1,1,B03,7,6,5,50,14,9,1,5,4,5,13,2,1,5,4,5,2,17,1,53,3,10,7,1,7,1,1,8,11,17,19,1,21,121.5123181,25.11009321
114,02,06,11,54,02萬華區,萬華區昆明街與武昌街2段口,0,0,2,1,C03,7,7,5,50,4,1,1,5,4,5,13,1,1,10,4,5,2,16,1,33,2,9,5,1,7,5,1,10,1,14,8,1,21,121.5053695,25.0450697
114,02,06,12,07,07信義區,信義區忠孝東路5段423巷5弄與忠孝東路5段345巷口,0,0,1,1,C03,7,6,5,30,4,1,1,5,4,5,13,4,4,10,5,5,2,16,1,44,2,9,5,1,7,9,1,10,1,11,72,1,21,121.5740644,25.0418009
114,02,06,12,18,09北投區,北投區大業路與無名巷口,0,0,1,1,B03,7,6,5,30,14,9,1,5,4,5,13,4,4,10,5,5,2,11,1,50,3,10,7,1,7,9,1,8,1,8,17,1,21,121.4996315,25.12335333
114,02,06,12,25,05中正區,中正區武昌街1段18號,0,0,1,1,B12,8,7,5,50,14,9,1,5,4,5,13,4,4,10,5,5,2,2,1,54,3,10,7,1,7,9,1,8,2,5,44,1,21,121.5125309,25.04410611
114,02,06,12,49,03中山區,中山區民權東路3段與龍江路口,0,0,1,1,C03,8,6,5,50,14,9,1,5,4,5,13,2,1,8,3,5,2,12,1,24,2,8,6,4,7,1,1,10,1,15,19,1,21,121.5406575,25.0622947
114,02,06,12,59,10文山區,文山區秀明路1段221號對面,0,0,1,1,C03,7,6,5,50,14,9,1,5,4,5,13,2,1,5,4,5,2,13,2,66,2,8,5,1,7,9,5,10,1,11,118,1,21,121.5709285,24.9916289
114,02,06,13,18,02萬華區,萬華區西園路1段37號,0,0,1,1,B03,7,7,5,50,14,9,1,5,4,5,13,4,4,8,3,5,2,16,1,67,3,10,7,1,7,11,1,8,1,8,10,1,21,121.4999242,25.0406993
114,02,06,14,00,12內湖區,內湖區瑞光路與港墘路口,0,0,1,1,B01,7,5,5,50,4,2,1,5,4,5,13,1,1,4,3,5,1,17,1,64,3,10,3,4,7,11,1,4,1,1,10,1,21,121.5747852,25.0765112
114,02,06,14,12,07信義區,信義區吳興街225巷與莊敬路口口,0,0,1,1,B01,7,6,5,50,4,1,1,5,4,5,13,2,1,8,5,5,2,16,1,46,3,10,3,4,7,6,1,4,1,2,9,1,22,121.5636423,25.0280465
114,02,06,14,38,01大同區,大同區延平北路2段247巷8號,0,0,2,1,C03,8,5,5,30,14,9,1,5,4,5,13,4,4,10,5,5,2,10,1,48,2,9,5,1,7,12,1,10,2,11,13,1,22,121.5116979,25.0622775
114,02,06,15,18,12內湖區,內湖區內湖路1段324號前,0,0,2,1,C03,8,5,5,50,14,8,1,5,4,5,13,4,4,1,4,4,2,17,1,24,2,9,6,1,7,12,1,10,1,11,13,1,21,121.5701509,25.0816568
114,02,06,16,24,09北投區,北投區三合街2段與崇仁路1段口,0,0,1,1,B03,7,6,5,50,14,9,1,5,4,5,13,1,1,9,4,5,2,13,1,31,3,10,7,1,7,9,1,8,1,1,44,1,21,121.5017086,25.1263957
114,02,06,16,43,03中山區,中山區長安東路1段30巷與林森北路67巷口,0,0,1,1,C03,7,6,5,30,4,1,1,5,4,5,13,4,4,10,5,5,2,15,1,39,2,9,6,1,7,9,1,10,1,12,13,1,22,121.5262358,25.0482712
114,02,06,16,57,09北投區,北投區北投路1段與公館路口,0,0,1,1,B03,7,6,5,50,4,1,1,5,4,5,13,2,1,5,4,5,2,16,1,75,3,10,7,1,7,6,1,6,9,2,9,1,21,121.5026675,25.1215529
114,02,06,17,04,05中正區,中正區和平西路1段與羅斯福路2段口口,0,0,1,1,C03,7,6,5,40,4,1,1,5,4,5,13,1,1,1,4,5,2,13,1,33,2,8,5,1,7,9,1,10,1,11,16,1,21,121.5221527,25.0269623
114,02,06,17,10,07信義區,信義區忠孝東路5段790巷24弄與大道路口,0,0,1,1,B03,8,6,5,30,4,1,1,5,4,5,13,4,4,10,5,5,1,13,1,41,3,10,3,4,7,9,1,8,1,1,108,1,22,121.5820226,25.0420129
114,02,06,18,00,03中山區,中山區吉林路與民權東路2段口,0,0,1,1,C03,7,5,5,50,4,2,1,5,4,5,13,1,1,1,4,5,2,17,1,69,3,10,3,4,7,12,1,10,1,15,118,1,21,121.5300345,25.0624859
114,02,06,18,00,12內湖區,內湖區江南街71巷與江南街71巷93弄口口,0,0,2,1,C03,7,5,5,30,3,1,1,5,4,5,13,4,4,5,5,5,2,16,1,27,2,9,6,1,7,5,1,10,1,14,72,1,21,121.5790666,25.0747167
114,02,06,18,03,02萬華區,萬華區堤外便道近光復橋,0,0,2,1,F01,7,5,5,40,11,9,1,5,4,5,13,4,4,10,5,5,2,10,1,70,2,9,4,4,7,9,8,20,1,12,5,1,22,121.4908371,25.0233584
114,02,06,18,07,12內湖區,內湖區文德路22巷44弄與文德路66巷40弄口口,0,0,1,1,F01,7,5,5,30,22,9,1,5,4,5,10,4,4,10,5,5,2,16,2,64,2,8,4,1,7,1,8,20,1,11,19,1,21,121.5814436,25.0751204
114,02,06,18,20,03中山區,中山區基湖路與樂群一路口,0,0,1,1,C02,7,5,5,50,14,9,1,5,4,5,13,4,4,3,4,5,2,13,1,49,2,8,6,1,7,15,1,9,1,11,13,1,21,121.563399,25.07752476
114,02,06,18,20,08士林區,士林區福國路與中山北路5段口,0,0,1,1,C03,8,6,5,50,3,2,1,5,4,5,13,2,1,1,5,5,1,17,2,27,3,10,5,1,7,15,1,10,1,11,99,1,21,121.525552,25.10243799
114,02,06,18,37,06松山區,松山區敦化北路與敦化北路222巷口,0,0,1,1,B03,7,5,5,30,3,1,1,5,4,5,13,4,4,1,4,5,1,17,1,47,3,10,7,1,7,6,1,8,1,5,72,1,21,121.548969,25.0585087
114,02,06,18,47,10文山區,文山區和平東路4段與萬寧街口,0,0,1,1,B03,7,5,5,40,4,1,1,5,4,5,13,2,1,5,5,5,2,16,2,67,3,10,7,1,7,6,1,8,2,6,9,2,21,121.5675935,25.0051915
114,02,06,19,01,12內湖區,內湖區內湖路1段285巷59弄口側附近,0,0,1,1,B03,7,5,5,30,14,9,1,5,4,5,13,4,4,10,5,5,2,2,1,69,3,10,7,1,7,9,1,8,1,2,108,1,21,121.5669545,25.0837151
114,02,06,19,09,03中山區,中山區建國北路3段50號與農安街口,0,0,2,1,B03,7,5,5,50,5,2,1,5,4,5,13,2,1,8,3,5,1,17,2,60,3,10,7,1,7,8,1,8,1,17,86,1,21,121.5364062,25.0648279
114,02,06,19,30,05中正區,中正區汀州路2段與汀州路2段201巷口,0,0,2,1,C03,8,5,5,30,4,1,1,5,4,5,13,4,4,9,4,5,2,15,1,23,2,9,5,1,7,9,1,10,2,11,108,1,25,121.5223332,25.0236971
114,02,06,19,50,03中山區,中山區松江路133巷與南京東路2段115巷口,0,0,1,1,B01,7,5,5,30,4,1,1,5,4,5,13,4,4,8,5,5,1,15,1,33,3,10,3,4,7,9,1,4,1,8,89,1,21,121.5336378,25.05436065
114,02,06,20,01,04大安區,大安區和平東路2段134號,0,0,1,1,A02,7,5,5,50,14,9,1,5,4,5,13,4,4,1,3,5,2,9,1,52,3,10,7,1,7,1,1,1,9,17,36,1,21,121.5456157,25.0246601
114,02,06,20,24,06松山區,松山區民權東路4段與新中街口,0,0,1,1,C03,8,5,5,50,14,7,1,5,4,5,13,2,1,3,4,4,2,13,1,24,2,9,6,4,7,7,1,10,2,11,108,1,22,121.5604295,25.0625294
114,02,06,20,50,07信義區,信義區信義路6段與信義路6段26巷口,0,0,1,1,C03,7,5,5,30,4,2,1,5,5,1,13,1,1,10,5,5,2,18,1,27,2,9,5,1,7,5,1,10,1,14,42,1,21,121.5754683,25.034056
114,02,06,20,50,07信義區,信義區松山路與信義路6段口,0,0,1,1,C03,8,7,5,50,4,1,1,5,4,5,12,1,1,9,4,5,2,15,1,71,3,10,5,1,7,9,3,18,2,11,81,1,21,121.5784495,25.0361851
114,02,06,21,15,05中正區,中正區忠孝東路2段與八德路1段口,0,0,1,1,C03,7,5,5,40,3,1,1,5,4,5,12,2,1,1,4,5,2,3,1,61,3,10,6,4,7,9,1,10,2,11,70,1,22,121.5444684,25.03751164
114,02,06,21,24,08士林區,士林區中山北路5段與中山北路5段505巷口,0,0,1,1,C03,8,5,5,40,4,4,1,5,4,5,13,2,1,5,4,1,2,13,4,0,4,11,3,4,7,21,7,19,11,15,119,2,22,121.5279165,25.0939215
114,02,06,22,00,07信義區,信義區信義路6段93號,0,0,2,1,C03,7,5,5,50,14,9,1,5,4,5,13,4,4,9,4,5,1,9,1,64,2,7,3,4,7,9,1,10,1,12,108,1,21,121.5776525,25.0359721
114,02,06,22,25,02萬華區,萬華區中華路1段與漢口街2段口,0,0,1,1,B03,7,5,5,50,4,1,1,5,4,5,13,2,1,1,3,5,1,17,1,31,3,10,3,4,7,7,1,10,1,4,100,1,22,121.5090159,25.0453173
114,02,06,22,50,01大同區,大同區延平北路3段與延平北路3段18巷口,0,0,2,1,F02,8,5,5,40,5,1,1,5,4,5,13,4,4,5,5,5,2,3,2,64,2,9,5,1,7,9,8,20,2,11,70,1,21,121.5111082,25.0639113
114,02,06,23,12,07信義區,信義區忠孝東路5段423巷與忠孝東路5段423巷3弄口,0,0,2,1,C03,6,5,5,30,4,1,1,4,4,5,13,4,4,9,5,5,1,15,2,32,2,9,3,4,7,9,1,10,1,12,72,1,22,121.5753652,25.0413926
114,02,06,23,58,03中山區,中山區林森北路85巷與長安東路1段53巷口,0,0,1,1,B01,8,5,5,30,14,9,5,5,4,5,13,4,4,10,5,5,2,9,1,64,3,10,7,1,7,9,1,4,9,15,44,1,22,121.5265918,25.0495283
114,02,07,00,40,08士林區,士林區福國路103號旁,0,0,3,1,C01,7,5,5,30,14,9,1,4,4,5,13,4,4,10,5,5,2,10,1,20,2,9,5,4,7,9,3,18,1,11,5,1,22,121.5179579,25.1014653
114,02,07,03,14,05中正區,中正區和平西路2段與寧波西街口,0,0,1,1,B03,6,5,5,50,4,1,1,4,4,5,13,1,1,1,4,5,2,3,1,38,3,10,7,1,7,9,3,18,2,5,70,1,21,121.5122662,25.028904
114,02,07,05,05,02萬華區,萬華區桂林路與西昌街口,0,0,3,1,H01,6,5,5,50,5,1,1,4,4,5,13,1,1,4,1,5,2,3,1,54,2,8,4,5,8,16,8,20,1,16,122,1,22,121.500582,25.0385071
114,02,07,06,08,12內湖區,內湖區民權東路6段與民權東路6段90巷口,0,0,2,1,C03,6,5,5,50,14,9,1,4,4,5,13,1,1,1,3,4,1,13,1,20,2,9,6,1,7,9,1,10,1,11,16,1,21,121.5857848,25.0688701
114,02,07,08,20,06松山區,松山區光復北路26巷18號,0,0,2,1,C03,6,7,5,30,14,9,1,4,4,5,13,4,4,10,5,5,2,3,2,55,2,9,5,1,7,9,3,18,1,11,108,1,26,121.556871,25.04886706
114,02,07,08,21,08士林區,士林區中正路與承德路4段口,0,0,1,1,C03,6,7,5,30,14,8,4,4,4,5,13,4,4,8,3,4,2,18,2,55,2,9,5,1,7,9,1,10,9,14,13,1,22,121.5168385,25.0910735
114,02,07,08,29,11南港區,南港區玉成街181巷2-5號,0,0,1,1,B03,7,6,5,30,14,9,1,4,4,5,13,4,4,5,5,5,2,11,1,29,3,10,3,4,7,15,1,8,9,15,17,1,21,121.5845377,25.0446281
114,02,07,08,32,04大安區,大安區安和路2段209巷與安和路2段口,0,0,1,1,B03,6,7,5,50,3,1,1,4,4,5,13,2,1,1,4,5,2,17,1,44,3,10,7,1,7,11,1,8,11,17,44,1,21,121.5499645,25.0260112
114,02,07,08,32,12內湖區,內湖區瑞湖街與瑞光路188巷口,0,0,1,1,C03,6,6,5,50,3,1,1,4,4,5,13,4,4,9,4,5,2,13,2,33,2,8,6,1,7,9,1,10,2,11,108,1,21,121.5763242,25.0735884
114,02,07,08,33,06松山區,松山區敦化北路4巷與敦化北路口,0,0,2,1,C03,6,6,5,50,4,2,1,4,4,5,13,1,1,9,4,4,2,13,1,25,2,9,6,1,7,9,1,10,1,12,16,1,21,121.5487083,25.0501969
114,02,07,08,34,07信義區,信義區基隆路1段與永吉路口,0,0,1,1,C03,6,6,5,50,4,2,1,4,4,5,13,1,1,1,3,5,2,18,1,32,2,9,6,1,7,9,1,10,1,14,42,1,21,121.5672571,25.0455673
114,02,07,08,45,10文山區,文山區新光路2段100號,0,0,1,1,C03,6,6,6,50,14,9,1,4,4,5,13,4,4,5,5,5,1,13,2,24,2,8,6,1,7,9,1,10,1,11,16,1,21,121.5962873,25.0010407
114,02,07,08,49,01大同區,大同區延平北路2段與延平北路2段272巷口,0,0,1,1,C03,7,7,5,50,3,1,1,5,4,5,13,1,1,5,4,5,2,12,2,46,4,11,6,1,7,8,1,10,11,15,100,2,21,121.5112803,25.0620395
114,02,07,08,49,09北投區,北投區立農街2段277號,0,0,1,1,C03,6,6,5,50,14,24,1,4,4,5,13,4,4,5,5,5,2,1,1,38,3,10,6,1,7,15,1,10,9,12,108,1,21,121.5152545,25.1187785
114,02,07,08,51,09北投區,北投區榮華三路與榮華三路42巷口,0,0,2,1,C03,7,7,5,30,4,1,1,5,4,5,13,4,4,5,5,5,1,15,2,39,2,9,6,1,7,9,1,10,1,11,75,1,22,121.5206814,25.114063
114,02,07,09,15,12內湖區,內湖區舊宗路2段123號,0,0,2,1,C03,7,7,5,50,14,9,1,4,4,3,13,4,4,1,4,5,2,17,2,49,2,9,5,1,7,7,1,10,1,14,44,1,21,121.5748176,25.0695849
114,02,07,09,22,01大同區,大同區承德路3段142號,0,0,1,1,B03,7,6,5,50,14,9,1,4,4,5,13,4,4,1,4,5,2,17,1,48,3,10,7,1,7,7,1,8,11,17,100,1,21,121.5183146,25.0678411
114,02,07,10,35,05中正區,中正區愛國西路與羅斯福路1段口口附近,0,0,1,1,B03,6,6,5,50,4,2,1,4,4,5,13,1,1,1,4,5,1,17,1,67,3,10,7,1,7,15,7,19,2,5,42,1,21,121.5167133,25.0344482
114,02,07,10,40,05中正區,中正區中山南路與徐州路口,0,0,1,1,B03,7,5,5,50,3,1,1,4,4,5,13,2,1,1,4,5,2,16,1,40,3,10,7,1,7,7,1,8,1,8,17,1,21,121.518423,25.0420144
114,02,07,10,45,02萬華區,萬華區和平西路3段與華江橋口機車道下橋,0,0,2,1,C03,7,7,5,50,3,2,1,5,4,5,13,1,1,10,5,5,2,13,2,30,2,9,5,1,7,9,1,10,1,11,42,1,21,121.490812,25.0355635
114,02,07,11,20,03中山區,中山區市民大道2段與林森北路口,0,0,2,1,C03,6,7,5,40,5,2,1,4,4,5,13,2,1,1,4,5,2,16,1,36,2,9,5,1,7,5,1,9,1,14,8,1,21,121.5241667,25.0479014
114,02,07,11,23,05中正區,中正區青島東路1號,0,0,1,1,B02,7,6,5,40,14,7,1,4,4,3,13,2,1,5,4,4,2,16,1,42,3,10,7,1,7,7,1,8,2,7,100,1,21,121.5208746,25.0441123
114,02,07,11,27,02萬華區,萬華區桂林路242巷與桂林路242巷8弄口,0,0,2,1,C03,7,7,5,30,3,1,1,4,4,5,13,4,4,10,5,5,2,16,1,27,2,8,5,1,7,6,1,10,1,14,9,1,21,121.4949287,25.0377133
114,02,07,11,47,09北投區,北投區大興街24巷6弄與大興街24巷5弄口,0,0,1,1,C03,7,5,8,30,4,1,1,5,4,5,13,4,4,10,4,5,1,17,1,36,3,10,6,1,7,9,1,10,2,17,72,1,21,121.4988019,25.1291211
114,02,07,12,13,11南港區,南港區南港路1段與研究院路1段口,0,0,2,1,B01,6,7,5,50,14,9,1,4,4,5,13,2,1,1,2,5,2,12,1,63,3,10,3,1,7,14,1,4,1,6,40,1,21,121.6166875,25.0548614
114,02,07,12,22,03中山區,中山區中山北路2段6號,0,0,2,1,C03,7,6,5,50,14,9,1,5,4,5,13,4,4,1,4,4,2,13,1,22,2,8,6,1,7,9,1,10,1,12,44,1,21,121.5224914,25.0527817
114,02,07,12,38,07信義區,信義區基隆路汽機車混合地下道往北,0,0,1,1,B13,6,6,5,50,7,9,1,4,4,5,13,4,4,10,2,5,2,17,1,28,3,10,3,4,7,15,1,8,2,17,89,1,22,121.5616964,25.0362416
114,02,07,12,45,03中山區,中山區民權東路3段與建國北路3段口,0,0,1,1,C03,8,6,8,50,14,9,1,5,4,5,13,4,4,1,4,5,2,11,1,63,2,9,5,4,7,9,1,10,1,14,108,1,21,121.5377169,25.0624811
114,02,07,12,50,12內湖區,內湖區南京東路6段與舊宗路1段口,0,0,1,1,B03,7,7,5,50,4,2,1,5,4,5,13,4,4,1,4,5,2,17,1,33,2,2,7,1,7,10,1,8,1,3,16,1,21,121.5819933,25.0575326
114,02,07,13,00,05中正區,中正區忠孝東路1段與天津街口,0,0,1,1,A02,7,6,5,50,4,2,1,5,4,5,13,1,1,3,4,4,1,9,1,62,3,10,7,1,7,1,1,1,2,9,116,1,21,121.5214306,25.045179
114,02,07,13,10,05中正區,中正區中山南路與凱達格蘭大道口,0,0,2,1,B03,7,7,5,50,5,1,1,5,4,5,13,1,1,1,3,4,2,17,2,46,3,10,7,1,7,9,1,8,1,2,81,1,21,121.5173742,25.03887413
114,02,07,13,15,08士林區,士林區文昌路與文昌路口新光醫院,0,0,1,1,C03,7,6,5,50,3,2,1,4,4,5,13,4,4,7,4,5,2,17,1,53,2,9,3,4,7,9,1,10,1,11,16,1,21,121.5211979,25.0960392
114,02,07,14,30,03中山區,中山區市民大道2段67巷5號,0,0,1,1,C03,7,5,5,30,14,9,1,5,4,5,13,4,4,10,5,5,2,17,1,49,2,8,3,4,7,9,1,10,9,17,44,1,21,121.529259,25.04673217
114,02,07,14,31,08士林區,士林區承德路5段與通河東街2段20巷口,0,0,1,1,B03,7,6,5,40,3,1,1,5,4,5,13,4,4,10,5,5,1,16,2,28,3,10,7,1,7,6,1,8,1,2,9,1,22,121.5151429,25.092678
114,02,07,15,09,04大安區,大安區金山南路2段與潮州街口,0,0,1,1,C03,7,7,5,50,3,1,1,5,4,5,13,1,1,8,3,5,2,12,1,36,2,8,3,4,7,9,1,10,1,11,44,1,22,121.5262607,25.0290519
114,02,07,15,12,04大安區,大安區安和路2段與安和路2段35巷口,0,0,1,1,C03,7,6,5,50,4,1,1,5,4,5,13,2,1,10,5,5,2,17,2,36,3,10,6,4,7,5,1,10,1,17,71,1,22,121.5525007,25.0316994
114,02,07,15,33,04大安區,大安區師大路91號,0,0,1,1,C03,7,6,5,50,14,9,1,5,4,5,13,4,4,5,5,5,2,13,1,42,2,8,6,1,7,9,1,10,1,11,108,1,21,121.5284424,25.0229898
114,02,07,15,50,04大安區,大安區和平東路3段168號,0,0,1,1,F01,8,6,5,0,14,20,4,5,4,5,13,4,4,10,5,5,2,9,4,0,,,,,,,,,,,119,2,,121.5527735,25.0239486
114,02,07,15,50,12內湖區,內湖區成功路2段與安康路口,0,0,1,1,A31,7,5,8,50,4,2,1,3,4,2,13,4,4,1,4,5,2,17,1,48,3,10,7,1,7,9,1,1,9,17,34,1,21,121.5913458,25.0608499
114,02,07,16,39,06松山區,松山區光復北路與南京東路4段179巷3弄口,0,0,1,1,B03,7,6,5,50,4,2,1,5,4,5,13,4,4,5,4,5,2,17,2,42,3,10,7,1,7,9,1,8,2,5,17,1,21,121.5571442,25.0520607
114,02,07,16,45,12內湖區,內湖區民權東路6段56巷9號附近側附近,0,0,1,1,B03,7,5,5,50,14,7,1,5,4,5,13,4,4,5,4,4,2,6,1,36,3,10,7,1,7,9,1,8,2,4,44,1,21,121.584984,25.0679828
114,02,07,16,52,12內湖區,內湖區瑞光路與陽光街口,0,0,1,1,B03,7,6,5,50,4,2,1,5,4,5,13,2,1,9,4,5,2,16,1,61,3,10,7,1,7,8,1,8,1,5,100,1,21,121.5792449,25.0738883
114,02,07,16,59,08士林區,士林區延平北路6段與通河西街2段口,0,0,1,1,B11,8,5,5,50,4,1,1,5,4,5,13,1,1,1,5,5,2,17,1,56,3,10,7,1,7,8,1,4,1,4,100,1,21,121.4972612,25.09463131
114,02,07,17,30,12內湖區,內湖區內湖路1段323巷15號,0,0,1,1,C03,8,5,5,50,14,9,1,5,4,5,13,4,4,9,5,5,2,16,1,67,3,10,6,1,7,5,1,10,2,12,8,1,21,121.5680365,25.0835585
114,02,07,18,09,04大安區,大安區羅斯福路4段123巷21弄與羅斯福路4段口,0,0,1,1,C03,7,5,5,50,3,1,1,5,4,5,13,4,4,10,5,5,2,13,2,40,2,8,6,4,7,9,1,10,1,12,108,1,22,121.5375199,25.0099177
114,02,07,18,15,08士林區,士林區福林路與中山北路5段口,0,0,1,1,B03,7,5,5,50,4,1,1,5,4,5,13,1,1,5,4,5,2,16,1,43,3,10,3,4,7,6,1,8,2,6,9,1,21,121.5283972,25.09439816
114,02,07,18,20,12內湖區,內湖區內湖路2段與內湖路2段235巷口,0,0,1,1,C03,6,5,5,50,3,1,1,4,4,5,13,4,4,5,4,5,1,17,1,48,3,10,6,1,7,4,1,10,9,17,94,1,21,121.5892876,25.0817855
114,02,07,18,28,04大安區,大安區信義路4段88號,0,0,1,1,B01,7,5,5,50,14,8,1,5,4,5,13,4,4,1,3,1,2,12,1,57,3,10,3,4,7,8,1,4,1,2,100,1,21,121.546875,25.033199
114,02,07,18,35,01大同區,大同區萬全街與民生西路171巷口,0,0,2,1,C03,7,5,5,30,4,1,1,5,4,5,13,4,4,10,5,5,1,17,1,22,2,9,6,4,7,9,3,18,1,14,72,1,21,121.5167035,25.0579746
114,02,07,18,35,02萬華區,萬華區西寧南路與開封街2段口,0,0,1,1,C03,7,5,5,50,4,1,1,5,4,5,13,2,1,8,3,5,1,16,2,30,3,10,3,4,7,5,1,10,1,13,71,1,22,121.5069886,25.0465454
114,02,07,18,50,04大安區,大安區基隆路3段北往南方向橋墩P402,0,0,2,1,C03,7,5,5,50,14,9,1,5,4,5,13,4,4,1,4,5,2,17,1,26,2,8,6,1,7,9,1,10,1,11,16,1,21,121.5454246,25.01829349
114,02,07,19,00,03中山區,中山區樂群二路214號,0,0,1,1,C03,7,5,5,50,14,9,1,5,4,5,13,2,1,1,5,5,1,13,1,42,2,9,3,4,7,9,1,10,1,11,108,1,21,121.5599939,25.07983536
114,02,07,19,22,11南港區,南港區興中路與南港路1段287巷2弄口,0,0,1,1,C03,7,5,5,50,3,1,1,5,4,5,13,4,4,4,4,5,2,3,2,59,3,10,5,1,7,9,1,10,9,11,70,1,21,121.6076462,25.0539277
114,02,07,19,36,08士林區,士林區天母西路38巷與天母西路50巷口,0,0,1,1,B03,6,5,5,30,4,1,1,4,4,5,13,4,4,9,5,5,1,17,1,57,3,10,7,1,7,5,1,8,2,4,72,1,21,121.526026,25.1178702