發生年度,發生月,發生日,發生時-Hours,發生分,區序,肇事地點,死亡人數,2-30日死亡人數,受傷人數,當事人序號,車種,天候,光線,道路類別,速限-速度限制,道路型態,事故位置,路面狀況1,路面狀況2,路面狀況3,道路障礙1,道路障礙2,號誌1,號誌2,車道劃分-分向,車道劃分-分道1,車道劃分-分道2,車道劃分-分道3,事故類型及型態,性別,年齡,受傷程度,主要傷處,保護裝置,行動電話,車輛用途,當事者行動狀態,駕駛資格情形,駕駛執照種類,飲酒情形,車輛撞擊部位1,肇因碼-個別,個人肇逃否,職業,座標-X,座標-Y
114,02,07,19,56,08士林區,士林區中山北路5段718號,0,0,1,1,B03,8,5,5,50,14,9,1,5,4,5,13,1,1,1,4,5,1,12,1,27,3,10,3,4,7,8,1,8,1,5,100,1,22,121.5274575,25.09778967
114,02,07,20,10,03中山區,中山區龍江路356巷與民族東路410巷口,0,0,1,1,B02,7,5,5,50,4,1,1,5,4,5,13,1,1,9,4,5,2,12,1,26,3,10,7,1,7,5,3,18,1,8,8,1,21,121.5384195,25.0660226
114,02,07,20,40,07信義區,信義區永吉路120巷與虎林街120巷口,0,0,1,1,C03,7,5,5,30,14,9,1,5,4,5,13,2,1,10,5,5,2,17,1,40,3,10,6,1,7,11,1,10,1,14,10,1,22,121.5703898,25.0422899
114,02,07,21,53,02萬華區,萬華區華中橋機車道往台北市（燈桿7010525）,1,0,1,1,C03,6,5,7,30,8,11,1,4,4,5,13,4,4,1,3,5,1,2,1,18,2,9,3,4,7,9,1,10,2,11,108,1,22,121.496045,25.0172077
114,02,07,22,24,07信義區,信義區忠孝東路5段22巷(阪急百貨地下停車場出入口),0,0,1,1,C03,6,5,5,50,14,9,1,4,4,5,13,4,4,5,4,5,2,16,2,40,2,8,6,1,7,1,1,10,2,11,19,1,21,121.5661342,25.040311
114,02,07,22,38,03中山區,中山區龍江路與龍江路318巷口,0,0,2,1,C03,6,5,5,50,4,2,1,4,4,5,13,4,4,9,4,5,2,12,2,23,2,9,5,1,7,11,1,10,2,14,10,1,21,121.5409473,25.0648467
114,02,07,23,16,05中正區,中正區愛國西路與羅斯福路1段口,0,0,2,1,C03,6,5,5,50,4,1,1,4,4,5,13,1,1,1,4,5,2,13,2,18,2,9,5,1,7,9,1,10,1,13,116,1,25,121.5162708,25.0345899
114,02,07,23,19,04大安區,大安區仁愛路4段與光復南路口,0,0,1,1,B03,6,5,5,50,5,2,1,4,4,5,13,2,1,2,4,5,2,17,1,44,3,10,3,4,7,10,1,8,1,1,100,1,21,121.5574331,25.0378522
114,02,07,23,52,03中山區,中山區農安街與建國北路3段口,0,0,1,1,B01,6,5,5,50,14,9,2,4,4,5,13,2,1,9,3,5,1,17,1,35,3,10,7,1,7,9,1,4,1,1,108,1,21,121.5366445,25.06492653
114,02,08,00,35,05中正區,中正區中山南路與凱達格蘭大道口,0,0,2,1,C03,6,5,5,50,5,1,1,4,4,5,13,1,1,1,3,4,2,17,2,24,2,9,6,1,7,9,1,10,2,14,81,1,21,121.5173621,25.0392622
114,02,08,00,36,05中正區,中正區中山北路1段與忠孝西路1段口,0,0,3,1,B03,7,5,5,50,4,1,1,4,4,5,13,1,1,5,4,5,2,16,1,25,2,5,7,4,7,10,1,8,2,2,100,1,22,121.5206368,25.04731395
114,02,08,03,00,09北投區,北投區大業路527巷,0,0,1,1,C03,7,5,5,40,11,9,1,5,4,5,13,4,4,5,5,5,2,18,1,31,2,9,5,1,7,5,1,10,9,14,118,1,21,121.4781549,25.1340058
114,02,08,04,50,07信義區,信義區松仁路與忠孝東路5段口,0,0,1,1,B01,6,5,5,50,4,2,1,4,4,5,13,1,1,9,4,5,2,12,1,64,3,10,3,4,7,9,1,4,2,5,17,1,21,121.5685653,25.0409553
114,02,08,05,20,07信義區,信義區忠孝東路4段與基隆路1段口,0,0,1,1,C03,6,5,5,50,4,1,1,4,4,5,13,1,1,9,4,5,2,18,2,20,2,9,5,1,7,8,1,10,9,12,42,1,21,121.5642175,25.041054
114,02,08,06,28,06松山區,松山區基隆路1段與八德路4段口,1,0,0,1,H01,7,7,5,50,14,7,1,5,4,5,13,1,1,9,4,5,2,3,1,80,1,9,4,5,8,16,8,20,10,16,122,1,22,121.569542,25.0496563
114,02,08,07,34,02萬華區,萬華區西園路2段140巷與雙園街67巷口,0,0,1,1,B03,8,7,5,30,5,2,1,5,4,5,13,4,4,10,5,5,2,3,1,70,3,10,7,1,7,9,1,8,1,8,108,1,21,121.4951434,25.0313789
114,02,08,07,34,10文山區,文山區指南路2段與指南路2段147巷口,0,0,2,1,B01,7,6,5,40,3,1,1,4,4,5,13,2,1,5,5,5,2,17,1,52,3,10,3,4,7,11,1,8,1,4,10,1,21,121.5771018,24.9873982
114,02,08,08,34,05中正區,中正區汀州路1段與莒光路口,0,0,1,1,B01,7,7,5,50,4,1,1,5,4,5,13,1,1,5,5,5,2,17,1,62,3,10,7,1,7,5,1,4,1,1,71,1,22,121.5067797,25.031279
114,02,08,09,09,03中山區,中山區中山北路2段與長春路口,0,0,2,1,C03,7,6,5,50,4,1,1,5,4,5,13,1,1,5,4,3,2,17,1,22,2,8,6,1,7,9,1,10,1,12,13,1,21,121.5228314,25.05510878
114,02,08,09,14,09北投區,北投區榮華三路2號旁,0,0,3,1,C03,7,6,5,30,14,9,1,5,4,5,13,4,4,9,5,5,2,16,1,46,2,8,5,1,7,1,1,10,2,14,19,1,21,121.5243138,25.1137078
114,02,08,10,05,10文山區,文山區木柵路2段138巷61號前,0,0,1,1,F06,7,6,5,30,14,9,1,4,4,5,13,4,4,5,5,5,2,17,2,44,2,9,3,4,7,9,8,20,2,12,108,1,22,121.5625837,24.9870232
114,02,08,10,12,04大安區,大安區復興南路1段與復興南路1段340巷口,0,0,2,1,B01,7,6,5,50,4,1,1,5,4,5,13,2,1,1,4,5,2,16,1,57,3,10,7,1,7,5,1,4,1,6,83,1,21,121.5435908,25.0360994
114,02,08,10,30,12內湖區,內湖區環山路3段12號,0,0,1,1,C03,7,6,5,50,3,2,1,5,4,5,13,4,4,5,4,5,2,17,1,39,2,9,6,1,7,9,1,10,1,14,44,1,21,121.5790876,25.0845417
114,02,08,10,55,07信義區,信義區信義路5段180號,0,0,3,1,B03,7,6,5,50,14,9,1,5,4,5,13,4,4,3,4,5,2,13,1,30,3,10,3,4,7,9,1,8,2,5,108,1,21,121.5738761,25.0330569
114,02,08,11,05,03中山區,中山區北安路與大直街口側附近口,0,0,1,1,B03,7,5,5,50,4,2,1,5,4,5,13,1,1,1,4,5,2,17,1,45,3,10,3,4,7,6,1,8,1,2,9,1,21,121.5472474,25.0801439
114,02,08,11,05,04大安區,大安區復興南路2段210巷與復興南路2段口口,0,0,1,1,C03,7,7,5,30,4,1,1,5,4,5,13,2,1,1,4,5,1,17,1,44,2,8,6,1,7,5,1,9,1,14,44,1,21,121.5435061,25.0265288
114,02,08,11,13,10文山區,文山區景興路與景興路46巷口,0,0,1,1,F01,8,6,5,50,4,1,1,5,4,5,13,3,1,1,4,5,2,16,2,65,2,1,4,1,7,5,8,20,2,14,8,1,21,121.5447436,24.9961718
114,02,08,11,53,08士林區,士林區雙溪街與中山北路5段口,0,0,1,1,C03,8,6,5,50,5,2,1,5,4,5,13,3,1,1,5,5,1,17,1,50,3,10,5,1,7,5,1,10,11,13,27,1,21,121.5265593,25.10080038
114,02,08,11,58,03中山區,中山區吉林路與民權東路2段口,0,0,1,1,B03,7,7,5,50,4,1,1,5,4,5,13,1,1,3,4,5,2,16,1,51,3,10,7,1,7,6,1,8,1,2,9,1,21,121.5302832,25.06218806
114,02,08,12,01,01大同區,大同區市民高架道重慶北路匝道（東往西）,0,0,1,1,B03,7,6,5,40,14,16,1,5,4,5,13,4,4,5,2,5,2,9,2,71,3,10,7,1,7,9,1,8,2,1,108,1,21,121.514468,25.04913945
114,02,08,12,05,01大同區,大同區安西街與延平北路2段272巷口,0,0,2,1,C03,7,6,5,30,4,1,1,5,4,5,13,4,4,10,4,5,2,15,2,52,2,9,3,4,7,9,1,10,1,12,72,1,21,121.5097477,25.0620786
114,02,08,12,15,03中山區,中山區龍江路與龍江路132巷口,0,0,1,1,C03,7,6,5,50,4,1,1,5,4,5,13,4,4,9,4,5,2,16,1,50,2,9,5,1,7,9,1,10,2,12,108,1,21,121.5405061,25.0541776
114,02,08,12,24,03中山區,中山區中山北路2段92號,0,0,1,1,C03,7,5,5,50,14,9,1,5,4,5,13,4,4,5,4,5,2,16,1,27,3,10,3,4,7,8,1,10,1,12,100,1,21,121.5228064,25.0595027
114,02,08,12,45,01大同區,大同區哈密街59巷56弄與哈密街59巷78弄口,0,0,1,1,C04,7,6,5,30,4,1,1,5,4,5,13,4,4,10,5,5,2,15,1,73,2,9,6,1,7,9,1,11,1,11,72,1,21,121.5145538,25.0753911
114,02,08,13,33,12內湖區,內湖區成功路2段與安康路口,0,0,1,1,A31,8,6,5,50,4,2,1,5,4,5,13,1,1,1,4,5,2,12,1,62,3,10,7,1,7,9,1,1,9,6,108,1,21,121.5912978,25.0608882
114,02,08,13,35,06松山區,松山區光復北路與光復北路11巷口,0,0,1,1,C03,7,7,5,50,4,1,1,5,4,5,13,2,1,1,4,5,2,16,2,41,2,8,5,1,7,6,1,10,1,12,9,1,21,121.5579351,25.04909
114,02,08,14,23,05中正區,中正區和平西路1段與牯嶺街口,0,0,1,1,B03,7,7,5,50,4,1,1,5,4,5,12,2,1,1,3,5,2,10,1,51,3,10,7,2,7,9,1,8,2,1,4,1,21,121.5188184,25.0264836
114,02,08,14,40,09北投區,北投區中央南路1段與清江路口口,0,0,1,1,C03,8,6,5,50,4,1,1,5,4,5,13,4,4,10,5,5,2,16,1,60,3,10,5,1,7,5,1,7,2,11,80,1,21,121.5013293,25.131745
114,02,08,14,58,03中山區,中山區龍江路132巷與長春路258巷口,0,0,1,1,B03,7,6,5,30,4,1,1,5,4,5,13,4,4,10,5,5,2,16,1,63,3,10,7,1,7,6,1,8,1,4,72,1,22,121.5390907,25.0542743
114,02,08,15,00,04大安區,大安區信義路4段199巷與安和路1段112巷口,0,0,1,1,B01,8,5,5,30,4,2,1,5,4,3,13,4,4,9,4,5,2,15,1,66,3,10,3,4,7,9,1,4,1,1,72,1,22,121.5516658,25.0338872
114,02,08,15,16,08士林區,士林區文林路與文林路404巷口,0,0,2,1,C03,7,6,5,30,3,1,1,5,4,5,13,4,4,5,5,5,1,16,1,23,2,9,6,1,7,5,1,10,1,11,44,1,22,121.5249352,25.093902
114,02,08,15,40,05中正區,中正區同安街28巷與同安街28巷7弄口,0,0,1,1,C03,7,7,5,30,4,2,1,5,4,5,13,4,4,10,5,5,2,15,1,31,2,8,5,1,7,9,1,10,1,11,75,1,22,121.5211235,25.0248229
114,02,08,15,43,01大同區,大同區延平北路2段144巷與延平北路2段144巷20弄口,0,0,1,1,C03,7,6,5,30,3,1,1,5,4,5,13,4,4,10,5,5,2,17,1,59,2,1,6,1,7,9,6,18,8,12,21,1,21,121.5109185,25.0576551
114,02,08,15,47,08士林區,士林區華齡街與華齡街178巷口,0,0,1,1,C03,8,6,5,50,14,9,1,5,4,5,13,4,4,9,4,5,1,11,2,54,3,10,5,1,7,1,1,10,2,11,19,1,21,121.5195478,25.0871834
114,02,08,16,17,01大同區,大同區重慶北路1段與華亭街15巷口,0,0,1,1,C03,7,7,5,30,3,2,1,5,4,5,13,4,4,1,4,5,2,17,1,64,2,9,3,4,7,6,1,10,1,14,72,1,21,121.5139504,25.0522797
114,02,08,17,05,04大安區,大安區安和路2段與安和路2段74巷口,0,0,1,1,B03,7,7,5,50,3,2,1,5,4,5,13,1,1,1,4,5,2,13,1,46,3,10,3,4,7,1,1,8,1,5,108,1,21,121.5518582,25.0300303
114,02,08,17,10,11南港區,南港區向陽路88號,0,0,1,1,C03,7,5,5,50,14,9,1,5,4,5,13,4,4,1,4,5,2,12,1,59,3,10,6,4,7,12,1,10,1,11,108,1,22,121.5951604,25.0532143
114,02,08,17,11,03中山區,中山區長春路211號,0,0,2,1,C03,7,6,5,50,14,9,1,5,4,5,13,4,4,9,4,5,2,3,1,18,2,9,6,1,7,9,1,10,1,11,108,1,21,121.5383446,25.05476893
114,02,08,17,30,12內湖區,內湖區成功路5段與大湖街166巷口,0,0,1,1,C03,7,6,5,50,3,2,1,5,4,5,13,4,4,1,4,4,2,13,1,35,2,9,5,1,7,9,1,10,1,11,108,1,21,121.6022617,25.0837308
114,02,08,17,36,03中山區,中山區濱江街5號,0,0,1,1,C03,7,5,5,50,14,9,1,5,4,5,13,2,1,8,5,5,1,16,1,65,2,9,3,4,7,9,1,10,1,14,86,1,21,121.5300552,25.07146878
114,02,08,17,40,03中山區,中山區錦州街與中原街口,0,0,1,1,F01,7,5,5,50,4,1,1,5,4,5,13,1,1,5,4,5,2,11,1,26,3,10,4,4,7,5,8,20,1,17,8,1,21,121.5297241,25.0603003
114,02,08,17,53,12內湖區,內湖區新湖三路好市多停車場出口,0,0,1,1,B03,8,5,8,50,14,9,1,5,4,5,13,4,4,9,4,5,2,17,1,43,3,10,7,1,7,1,1,8,1,1,19,1,21,121.5760579,25.0632414
114,02,08,17,57,03中山區,中山區松江路93巷與松江路口,0,0,1,1,B01,7,7,5,50,3,18,1,5,1,5,13,4,4,10,5,5,2,3,1,58,3,10,7,1,7,9,1,8,1,1,70,1,22,121.5331577,25.0513905
114,02,08,18,00,02萬華區,萬華區堤外便道(近燈桿龍山055),0,0,2,1,C03,7,5,5,40,14,11,1,5,4,5,13,4,4,9,4,5,2,17,1,69,2,9,6,1,7,4,1,10,1,11,99,1,22,121.4980461,25.0406767
114,02,08,18,10,05中正區,中正區重慶南路2段與愛國西路口,0,0,1,1,C03,7,5,5,50,5,1,1,5,4,5,13,2,1,1,4,5,1,17,1,38,2,9,5,1,7,9,1,10,1,11,108,1,21,121.5126628,25.0349033
114,02,08,18,11,04大安區,大安區仁愛路3段0504667燈桿,0,0,2,1,C03,8,5,5,50,14,9,1,5,4,5,13,4,4,10,4,5,2,13,1,29,2,9,6,1,7,9,1,10,1,11,16,1,21,121.540397,25.0384002
114,02,08,18,11,04大安區,大安區羅斯福路4段21號,0,0,1,1,B01,8,5,5,50,14,9,1,5,4,5,13,2,1,1,4,5,2,17,1,67,4,11,3,4,7,14,7,19,11,17,38,2,21,121.5352815,25.01401616
114,02,08,18,13,05中正區,中正區汀州路2段與廈門街口,0,0,1,1,C03,7,5,5,50,4,1,1,5,4,5,13,1,1,5,4,5,2,16,1,46,2,9,6,1,7,5,1,9,1,12,71,1,22,121.5174806,25.0254673
114,02,08,18,29,07信義區,信義區基隆路1段與基隆路1段102巷口,0,0,1,1,B12,7,5,5,50,14,9,1,5,4,5,13,4,4,1,4,5,2,16,1,50,3,10,7,1,7,6,1,8,1,2,9,1,21,121.5668052,25.0453521
114,02,08,18,47,10文山區,文山區興隆路3段與興隆路3段192巷口,0,0,4,1,C03,8,5,5,50,5,1,1,5,4,5,13,2,1,1,4,5,2,16,1,59,2,8,5,1,7,11,1,10,2,14,103,1,21,121.5588211,24.9980769
114,02,08,18,59,04大安區,大安區敦化南路2段與敦化南路2段37巷口,0,0,1,1,B03,7,5,5,50,3,1,1,5,4,5,13,4,4,1,4,5,2,16,1,50,3,10,3,4,7,8,1,8,1,6,100,1,21,121.5490455,25.0324924
114,02,08,19,15,03中山區,中山區雙城街與雙城街40巷口,0,0,2,1,B03,8,5,5,30,4,1,1,5,4,5,13,4,4,5,4,5,2,15,1,67,3,10,3,4,7,9,1,8,2,2,72,1,21,121.5243899,25.0671062
114,02,08,19,15,09北投區,北投區磺港路與清江路245巷口,0,0,1,1,,7,5,5,30,3,2,1,5,4,1,13,4,4,5,5,5,2,27,3,63,,,,,,,,,,,66,1,,121.5030787,25.126195
114,02,08,19,16,12內湖區,內湖區民權東路6段56巷3號,0,0,2,1,C03,8,5,5,40,14,18,1,5,4,5,13,4,4,5,4,4,2,3,2,22,2,7,6,1,7,9,1,10,2,12,70,1,21,121.5847513,25.0682779
114,02,08,19,40,05中正區,中正區重慶北路1段與鄭州路口,0,0,3,1,C03,7,5,5,40,14,9,1,5,4,5,13,4,4,1,4,5,2,13,1,30,2,9,6,1,7,9,1,10,1,11,16,1,22,121.5138012,25.0491782
114,02,08,19,46,07信義區,信義區基隆路1段與松壽路口,0,0,2,1,B03,7,5,5,50,4,1,1,5,4,5,13,2,1,9,4,5,2,17,1,30,3,10,7,1,7,6,1,8,1,17,9,1,22,121.5621879,25.0359724
114,02,08,20,48,01大同區,大同區民權西路與延平北路2段口,0,0,2,1,C03,8,5,5,50,4,1,1,5,4,5,13,1,1,1,4,5,2,16,1,56,3,10,6,1,7,5,1,10,2,13,8,1,21,121.5111381,25.0628369
114,02,08,21,02,03中山區,中山區北安路與大直街口,0,0,1,1,C03,7,5,5,50,4,1,1,5,4,5,13,2,1,1,4,5,2,17,1,37,2,9,5,4,7,5,3,18,2,11,96,1,21,121.5472904,25.07987849
114,02,08,21,02,07信義區,信義區松壽路與市府路口,0,0,1,1,C03,8,5,5,50,14,9,1,5,4,5,13,4,4,9,4,5,2,13,2,18,2,8,6,1,7,9,1,10,1,11,16,1,22,121.5638413,25.0359758
114,02,08,21,05,02萬華區,萬華區萬大路與萬大路423巷口,0,0,1,1,C03,7,5,5,50,4,1,1,5,4,5,13,2,1,9,5,5,2,13,2,43,2,8,6,1,7,9,1,10,1,11,108,1,22,121.4988435,25.0215354
114,02,08,21,13,08士林區,士林區中正路與福港街口,0,0,1,1,B03,8,5,5,50,3,1,1,5,4,5,13,1,1,4,4,5,1,16,2,45,3,10,3,4,7,5,1,8,1,6,74,1,22,121.5178246,25.0916996
114,02,08,21,32,11南港區,南港區舊莊街1段與南深路口,0,0,1,1,B03,7,5,5,30,3,1,1,5,4,5,13,2,1,5,5,5,2,3,1,30,3,10,3,4,7,5,1,8,2,5,70,1,21,121.6215677,25.0391736
114,02,08,21,53,06松山區,松山區敦化北路與敦化北路4巷口,0,0,1,1,B01,8,5,5,50,3,1,1,5,4,5,13,3,1,1,4,1,2,17,1,64,3,10,7,1,7,5,1,3,1,17,72,1,22,121.5488997,25.0501034
114,02,08,22,07,04大安區,大安區信義路4段265巷與安和路1段135巷口,0,0,1,1,B03,8,5,5,30,3,2,1,5,4,5,13,4,4,9,4,5,2,17,1,70,3,10,7,4,7,5,1,8,11,5,72,1,21,121.5544558,25.0342723
114,02,08,22,10,02萬華區,萬華區艋舺大道與西藏路口,0,0,1,1,C03,7,5,5,50,4,1,1,5,4,5,13,2,1,1,4,3,2,12,2,28,2,8,6,4,7,15,1,10,1,12,100,1,22,121.4913947,25.0290349
114,02,09,00,30,12內湖區,內湖區康寧路3段與安康路口,0,0,1,1,C03,7,5,5,50,4,1,1,5,4,5,13,1,1,1,3,5,2,12,1,20,3,10,5,1,7,6,1,10,1,12,9,1,22,121.6110364,25.0649206
114,02,09,06,05,12內湖區,內湖區成功路4段與金湖路口,0,0,2,1,C03,6,5,5,50,4,1,1,4,4,5,13,2,1,1,4,5,2,3,1,30,2,7,6,1,7,5,1,10,2,11,70,1,21,121.5956963,25.08434264
114,02,09,06,49,07信義區,信義區永吉路與永吉路321巷口,0,0,1,1,B03,6,6,5,50,4,18,1,4,4,5,13,1,1,9,4,5,2,3,1,43,3,10,7,1,7,5,3,18,2,4,70,1,21,121.5754189,25.0455546
114,02,09,08,02,09北投區,北投區大度路9號與大度路口,0,0,1,1,C03,8,6,5,50,3,1,1,5,4,5,13,4,4,5,4,5,2,16,1,46,3,10,5,1,7,5,1,10,1,11,8,1,21,121.4991477,25.12053072
114,02,09,08,40,09北投區,北投區大業路與大興街口,0,0,1,1,C03,6,7,5,60,3,1,1,4,4,5,13,2,1,3,4,4,2,17,2,38,2,9,6,1,7,9,1,10,1,14,13,1,22,121.4970025,25.1295209
114,02,09,09,08,03中山區,中山區中山北路2段與民權西路口,0,0,1,1,C03,6,6,5,50,4,2,1,4,4,5,13,1,1,3,4,5,2,13,1,28,3,10,5,1,7,8,1,10,1,11,16,1,21,121.5223668,25.06269444
114,02,09,09,21,02萬華區,萬華區忠孝橋往台北市,0,0,3,1,C03,6,5,5,50,8,9,1,4,4,5,13,4,4,7,5,5,2,17,1,29,2,8,5,1,7,7,1,10,1,13,100,1,21,121.5073242,25.0485757
114,02,09,09,45,08士林區,士林區重陽橋往士林機慢車道,0,0,1,1,C03,7,6,5,25,8,11,1,5,4,5,13,4,4,10,2,1,1,17,2,24,2,8,3,4,7,9,1,10,1,11,16,1,21,121.5059927,25.0845833
114,02,09,10,22,03中山區,中山區民權東路2段與建國北路2段口,0,0,2,1,C03,6,5,5,50,4,1,1,4,4,5,13,1,1,5,4,5,2,13,2,18,2,9,3,4,7,9,1,10,1,11,16,1,21,121.5370404,25.06239645
114,02,09,11,35,12內湖區,內湖區東湖路與安康路口,0,0,1,1,B03,7,5,5,50,4,1,1,4,4,5,13,2,1,5,4,5,2,16,1,53,3,10,7,1,7,7,1,8,1,15,100,1,21,121.6159984,25.0683127
114,02,09,12,10,04大安區,大安區基隆路高架道往北079號燈桿,0,0,1,1,B03,6,7,5,60,10,9,1,4,4,5,13,4,4,1,4,5,2,13,1,27,3,10,7,1,7,9,1,8,1,1,108,1,21,121.5465183,25.0208992
114,02,09,12,30,09北投區,北投區中央北路1段125號,0,0,1,1,B03,8,7,5,50,14,9,1,5,4,5,13,4,4,5,5,5,2,16,1,42,3,10,7,1,7,11,1,8,1,8,10,1,22,121.4992292,25.1350215
114,02,09,12,33,08士林區,士林區中正路與承德路4段口,0,0,1,1,C03,7,6,5,50,4,1,1,5,4,5,13,2,1,1,2,4,1,17,1,37,2,8,6,1,7,9,1,10,2,11,79,1,21,121.5167488,25.0910745
114,02,09,12,43,04大安區,大安區和平東路3段與安和路2段口,0,0,1,1,B03,7,7,5,50,3,2,1,5,4,5,13,2,1,1,4,5,1,17,1,60,3,10,7,1,7,6,1,8,1,5,9,1,21,121.5503992,25.0245771
114,02,09,12,46,04大安區,大安區信義路2段198巷與永康街13巷口,0,0,1,1,C03,7,5,5,30,4,1,1,5,4,5,13,4,4,5,3,5,1,15,2,48,2,9,5,1,7,9,1,10,1,11,72,1,21,121.5305416,25.0327583
114,02,09,12,46,11南港區,南港區港東街與港東街口經貿疏散門,0,0,1,1,F01,7,6,5,30,3,1,2,5,4,5,13,4,4,10,5,5,2,15,2,42,2,7,4,4,7,15,8,20,1,11,74,1,22,121.6199455,25.0603965
114,02,09,14,06,02萬華區,萬華區長順街14巷34號,0,0,1,1,C03,7,6,5,30,14,9,1,5,4,5,13,4,4,10,5,5,2,16,1,28,3,10,5,1,7,1,1,10,9,11,19,1,21,121.4896871,25.0309289
114,02,09,14,43,08士林區,士林區中山北路5段與劍潭路口,0,0,2,1,B03,7,6,5,50,4,1,1,5,4,5,13,1,1,1,4,5,2,17,1,43,3,10,7,1,7,6,1,8,1,6,9,1,22,121.5253617,25.0843437
114,02,09,15,12,04大安區,大安區和平東路2段與復興南路2段口口,0,0,2,1,C03,7,6,5,50,4,1,1,5,4,5,13,2,1,1,4,5,2,12,2,40,2,9,3,4,7,7,1,10,1,12,100,1,22,121.5438746,25.0246686
114,02,09,15,57,07信義區,信義區基隆路1段180號,0,0,1,1,B03,8,5,5,50,14,9,1,5,4,5,13,2,1,1,4,5,2,17,2,49,3,10,3,4,7,14,1,8,1,2,40,1,22,121.5652358,25.0427728
114,02,09,16,00,06松山區,松山區基隆路1段與市民大道5段口,0,0,1,1,B03,7,6,5,50,4,1,1,5,4,5,13,2,1,3,4,5,2,17,2,45,3,10,3,4,7,6,1,8,1,5,9,1,22,121.5689049,25.0490446
114,02,09,16,42,08士林區,士林區延平北路5段83巷與葫蘆街30巷口,0,0,2,1,F02,8,6,5,30,4,1,1,5,4,5,13,4,4,10,5,5,1,15,2,39,2,9,4,1,7,9,8,20,1,12,72,1,21,121.5099069,25.0809966
114,02,09,16,50,03中山區,中山區市民高架道往西(轉運站前),0,0,1,1,B03,7,7,5,60,14,9,1,5,4,5,13,4,4,3,4,5,2,13,1,52,3,10,7,1,7,12,1,8,1,6,118,1,21,121.5198654,25.04844968
114,02,09,17,43,03中山區,中山區市民大道3段8號對面東往西,0,0,1,1,A04,8,5,5,40,14,9,1,5,4,5,13,4,4,9,4,5,1,12,1,32,3,10,7,1,7,9,1,2,2,2,118,1,26,121.5310655,25.04657955
114,02,09,17,56,05中正區,中正區公園路與襄陽路口,0,0,2,1,C03,7,5,5,50,3,1,1,5,4,5,13,1,1,9,4,5,2,13,1,40,2,8,5,1,7,9,1,10,1,11,108,1,21,121.5166792,25.04332389
114,02,09,18,06,03中山區,中山區民生東路1段12號,0,0,2,1,C03,7,5,5,50,14,9,1,5,4,5,13,4,4,5,4,5,2,16,1,73,2,9,5,1,7,1,1,10,1,14,19,1,21,121.5232502,25.05801372
114,02,09,18,26,04大安區,大安區基隆路2段與臥龍街口口,0,0,5,1,B03,7,5,5,30,3,1,1,5,4,5,13,4,4,1,4,4,2,17,1,40,2,9,7,1,7,6,1,8,2,4,72,1,21,121.5483921,25.0204706
114,02,09,18,50,05中正區,中正區和平西路2段與莒光路口,0,0,2,1,C03,7,5,5,40,3,1,1,5,4,5,13,1,1,1,4,5,2,16,2,47,2,9,6,1,7,8,1,10,1,12,100,1,22,121.5076116,25.031388
114,02,09,19,18,11南港區,南港區重陽路與興華路口,0,0,1,1,B01,7,5,5,50,4,1,1,5,4,5,13,1,1,10,5,5,2,3,1,44,3,10,7,1,7,5,1,4,1,1,108,1,21,121.6052575,25.0578788
114,02,09,20,55,07信義區,信義區基隆路2段189號,0,0,1,1,C04,8,5,5,50,14,9,1,5,4,5,13,4,4,1,4,5,2,18,1,31,2,9,5,1,7,9,1,10,1,12,42,1,22,121.5532642,25.0249443
114,02,09,21,42,02萬華區,萬華區西寧南路與漢口街2段口,0,0,1,1,C03,7,5,5,50,4,1,1,5,4,5,13,2,1,10,4,5,2,17,1,29,2,7,6,1,7,5,1,10,1,14,8,1,22,121.5067157,25.0457181
114,02,09,22,03,06松山區,(塔悠路215號旁),0,0,1,1,B03,8,5,5,50,3,1,1,5,4,5,13,4,4,1,4,4,2,16,2,41,3,10,7,1,7,6,1,8,2,3,73,1,22,121.5691488,25.05889561
114,02,09,22,04,06松山區,松山區民生東路4段80巷1弄與民生東路4段80巷口,0,0,2,1,C03,7,5,5,30,4,1,1,5,4,5,13,4,4,8,1,5,2,15,1,40,2,2,6,1,7,9,1,10,1,11,72,1,21,121.5529746,25.0572265
114,02,09,23,26,07信義區,信義區基隆路2段155號,0,0,1,1,C03,8,5,5,50,14,9,1,5,4,5,13,2,1,1,4,5,2,17,1,20,2,9,5,1,7,9,1,10,1,14,116,1,21,121.5543734,25.0258673
114,02,10,01,50,04大安區,大安區大安路1段75巷與忠孝東路4段77巷口,0,0,1,1,C03,8,5,5,30,4,1,1,5,4,5,13,4,4,10,5,5,2,15,2,33,2,9,5,1,7,9,1,10,1,12,72,1,22,121.5471929,25.0421749
114,02,10,07,44,09北投區,北投區知行路與知行路225巷口,0,0,1,1,C03,8,7,5,50,3,2,1,5,4,5,13,4,4,5,5,5,2,16,2,23,2,9,6,1,7,5,3,18,1,12,44,1,22,121.4671035,25.120242
114,02,10,07,48,11南港區,南港區南港路2段286號,0,0,2,1,B01,7,6,6,50,14,7,1,5,4,5,13,4,4,5,2,4,2,10,2,49,3,10,7,1,7,15,1,8,11,17,100,1,22,121.5959698,25.0544006
114,02,10,07,57,05中正區,中正區仁愛路1段23巷與林森南路61巷口,0,0,2,1,C03,7,5,5,30,4,1,1,5,4,5,13,4,4,9,4,5,2,17,2,68,2,1,5,1,7,9,1,10,2,12,72,1,21,121.5232623,25.0395648