發生年度,發生月,發生日,發生時-Hours,發生分,區序,肇事地點,死亡人數,2-30日死亡人數,受傷人數,當事人序號,車種,天候,光線,道路類別,速限-速度限制,道路型態,事故位置,路面狀況1,路面狀況2,路面狀況3,道路障礙1,道路障礙2,號誌1,號誌2,車道劃分-分向,車道劃分-分道1,車道劃分-分道2,車道劃分-分道3,事故類型及型態,性別,年齡,受傷程度,主要傷處,保護裝置,行動電話,車輛用途,當事者行動狀態,駕駛資格情形,駕駛執照種類,飲酒情形,車輛撞擊部位1,肇因碼-個別,個人肇逃否,職業,座標-X,座標-Y
114,02,10,08,10,03中山區,中山區民權西路與中山北路2段口,0,0,3,1,C03,7,6,5,50,4,1,1,5,4,5,13,2,1,1,5,4,2,13,1,24,2,8,3,4,7,9,1,10,1,11,16,1,21,121.5225523,25.0627131
114,02,10,08,35,06松山區,松山區撫遠街與撫遠街211巷口,0,0,1,1,B03,8,6,5,50,4,1,1,5,4,5,13,2,1,9,4,5,2,15,1,40,3,10,7,1,7,11,1,8,1,5,10,1,22,121.5677876,25.0599713
114,02,10,08,41,03中山區,中山區建國北路3段86巷與建國北路口側附近3段口,0,0,2,1,C03,7,6,5,50,3,2,1,5,4,5,13,3,1,1,4,5,2,13,1,54,3,10,6,1,7,9,1,10,1,11,16,1,22,121.535562,25.06606356
114,02,10,09,03,09北投區,北投區公館路與西安街2段口,0,0,1,1,C03,7,6,5,50,4,1,1,5,4,5,13,2,1,5,4,5,2,16,1,71,3,10,5,1,7,5,1,10,1,12,74,1,21,121.5232328,25.11574369
114,02,10,09,14,03中山區,中山區民權西路68號,0,0,4,1,C03,8,5,5,40,14,9,1,5,4,5,13,4,4,1,4,4,2,16,2,41,2,9,3,4,7,7,1,10,1,12,100,1,21,121.5200554,25.06294145
114,02,10,09,16,05中正區,中正區羅斯福路1段7號,0,0,1,1,B01,8,6,5,50,14,7,1,5,4,5,13,4,4,3,4,4,2,17,1,61,3,10,7,1,7,12,1,4,11,17,14,2,21,121.5178071,25.0335066
114,02,10,09,21,07信義區,信義區信義路6段76巷與信義路6段76巷3弄口,0,0,1,1,C03,7,6,5,30,3,1,1,5,4,5,13,4,4,9,4,5,2,17,2,66,2,9,6,1,7,6,1,10,1,14,74,1,21,121.5771846,25.0349138
114,02,10,09,27,03中山區,中山區南京東路2段與伊通街口,0,0,2,1,C03,8,6,5,50,4,1,1,5,4,5,13,2,1,1,5,5,1,13,2,32,2,8,3,4,7,9,1,10,1,11,108,1,21,121.5347756,25.05192758
114,02,10,09,29,12內湖區,內湖區潭美街與安美街口,0,0,1,1,B03,8,6,5,40,4,1,1,5,4,5,13,1,1,5,5,5,2,13,2,69,3,10,7,1,7,9,1,8,1,1,108,1,21,121.5966335,25.0605892
114,02,10,09,30,07信義區,信義區松仁路123號,0,0,1,1,C03,7,7,5,50,14,9,1,5,4,5,13,4,4,9,4,5,2,18,2,28,2,9,5,4,7,9,1,10,1,14,116,1,22,121.5684437,25.0345997
114,02,10,09,35,05中正區,中正區市民大道2段與金山北路口西側迴轉道,0,0,1,1,A12,7,6,5,40,3,1,1,5,4,5,13,4,4,10,5,5,2,16,1,44,3,10,7,4,7,5,1,7,2,6,72,1,22,121.5289916,25.04640877
114,02,10,09,56,05中正區,中正區水源快速道路往北087燈桿,0,0,1,1,C02,8,7,5,60,10,9,1,5,4,5,13,4,4,1,4,5,2,17,1,36,2,8,6,1,7,9,1,9,2,11,118,1,22,121.5233188,25.0193461
114,02,10,10,02,02萬華區,萬華區和平西路3段382巷12弄22號,0,0,1,1,B03,8,7,5,30,14,9,1,5,4,5,13,4,4,10,5,5,2,2,1,45,3,10,7,1,7,9,1,8,1,2,108,1,21,121.4909644,25.0345428
114,02,10,10,39,09北投區,北投區立農街2段與無名路口,0,0,1,1,B03,8,7,5,30,3,1,1,5,4,5,13,2,1,10,5,5,2,16,1,68,3,10,7,1,7,5,1,8,1,5,72,1,21,121.5130227,25.1189962
114,02,10,10,40,04大安區,大安區忠孝東路3段251巷與忠孝東路3段251巷4弄口,0,0,1,1,B03,8,5,5,30,4,1,1,5,4,5,13,4,4,10,3,5,2,15,1,28,3,10,7,1,7,9,1,8,9,5,99,1,21,121.5416409,25.0423512
114,02,10,10,40,07信義區,信義區莊敬路452號,0,0,1,1,C03,7,5,5,50,14,7,1,5,4,5,13,4,4,5,5,4,2,13,2,24,2,9,6,1,7,9,1,10,1,11,108,1,21,121.5674561,25.0269127
114,02,10,10,50,06松山區,松山區基隆路1段與八德路4段口,0,0,1,1,B02,8,7,5,50,5,1,1,5,4,5,13,2,1,1,2,1,2,16,1,34,3,10,7,4,7,6,1,8,2,2,9,1,21,121.5691423,25.049371
114,02,10,11,05,01大同區,大同區民生西路與民樂街口,0,0,1,1,B03,8,7,5,50,5,2,1,5,4,5,13,2,1,5,4,5,2,9,1,48,3,10,3,4,7,5,1,8,2,1,70,1,21,121.5106579,25.0570058
114,02,10,11,17,09北投區,北投區泉源路1209702號燈桿,0,0,2,1,B03,7,6,5,40,11,9,1,5,4,5,13,4,4,4,4,5,1,10,2,60,3,10,7,1,7,9,1,8,1,8,99,1,21,121.5232862,25.11582498
114,02,10,11,20,05中正區,中正區凱達格蘭大道與懷寧街口,0,0,2,1,C03,8,7,5,50,4,1,1,5,4,5,13,4,4,10,5,5,2,13,1,25,2,1,5,1,7,9,1,10,2,11,16,1,26,121.5139585,25.0399822
114,02,10,11,28,04大安區,大安區敦化南路2段63巷與敦化南路2段口,0,0,1,1,B03,8,7,5,50,4,2,1,5,4,5,13,2,1,5,4,5,2,12,1,60,3,10,7,1,7,9,1,8,1,5,108,1,21,121.5491021,25.0309883
114,02,10,11,33,03中山區,中山區建國高架道往南八德上方,0,0,1,1,B01,8,6,5,70,14,9,1,5,4,5,13,4,4,1,5,5,1,13,1,57,3,10,3,4,7,9,1,4,1,1,16,1,21,121.5365294,25.04562579
114,02,10,11,36,08士林區,士林區中山北路6段與天母東路口,0,0,1,1,C03,7,5,5,50,4,2,1,5,4,5,13,1,1,1,2,5,2,17,1,22,2,9,6,1,7,8,1,10,1,14,100,1,22,121.5299165,25.1180391
114,02,10,11,44,01大同區,大同區承德路3段與民權西路口,0,0,1,1,C03,8,7,5,50,4,1,1,5,4,5,13,2,1,1,4,5,2,13,1,28,2,9,6,1,7,9,3,18,1,11,16,1,22,121.5182019,25.0630517
114,02,10,11,50,12內湖區,內湖區南京東路6段與南京東路6段368巷口,0,0,1,1,C03,7,5,5,50,3,1,1,5,4,5,13,1,1,1,5,5,2,17,2,51,2,9,5,1,7,5,1,10,2,14,96,1,21,121.5862169,25.0597738
114,02,10,11,58,02萬華區,萬華區中華路1段166號,0,0,1,1,A04,8,6,5,50,14,9,1,5,4,5,13,4,4,10,4,5,2,9,1,39,3,10,7,1,7,12,1,2,9,17,14,1,21,121.5078982,25.0415489
114,02,10,12,34,03中山區,中山區建國北路2段與南京東路3段口,0,0,1,1,G06,8,6,5,50,4,1,1,5,4,5,13,2,1,1,5,5,1,15,1,48,2,9,3,4,7,9,8,20,1,15,81,1,21,121.5369386,25.05213712
114,02,10,12,40,07信義區,信義區松山路331號,0,0,1,1,C04,7,5,5,50,14,9,1,5,4,5,13,1,1,1,4,5,2,17,2,63,2,9,6,1,7,7,1,8,1,12,100,1,21,121.5778782,25.0419842
114,02,10,12,41,09北投區,北投區立農街2段與立農街2段278巷口,0,0,1,1,C03,8,6,5,50,14,9,1,5,4,5,13,4,4,10,4,5,2,13,1,62,3,10,5,1,7,9,1,10,1,11,16,1,21,121.5156407,25.11869914
114,02,10,12,50,02萬華區,萬華區萬大路215號,0,0,2,1,C03,8,6,5,30,14,9,1,5,4,5,13,4,4,8,3,5,1,17,1,53,2,3,5,1,7,9,1,10,1,11,44,1,21,121.5005852,25.0270638
114,02,10,13,00,08士林區,士林區社中街與社正路口,0,0,1,1,C03,7,5,5,50,4,1,1,5,4,5,13,1,1,5,5,5,2,17,1,35,2,9,6,1,7,9,1,10,1,11,44,1,22,121.5104645,25.0889219
114,02,10,13,52,03中山區,中山區建國高架道往北濱江匝道前,0,0,4,1,B03,8,6,5,70,14,9,1,5,4,5,13,1,1,1,3,5,2,13,1,28,2,9,3,4,7,9,1,8,1,1,16,1,22,121.5411569,25.0714549
114,02,10,14,20,09北投區,北投區明德路與明德路3巷口,0,0,2,1,C03,8,7,5,50,3,2,1,5,4,5,13,4,4,5,4,5,2,16,1,24,2,9,3,4,7,5,1,10,9,14,8,1,26,121.5169932,25.10648
114,02,10,14,20,09北投區,北投區石牌路2段322號,0,0,2,1,C03,8,7,5,50,14,18,1,5,4,5,13,3,1,10,5,5,2,3,1,87,2,9,5,1,7,9,1,10,1,14,70,1,21,121.5228187,25.12084173
114,02,10,14,35,04大安區,大安區建國南路1段161號,0,0,1,1,B01,8,6,5,50,14,9,1,5,4,5,13,4,4,1,4,5,2,17,1,62,3,10,3,4,7,1,1,4,1,17,19,1,22,121.5380039,25.0409507
114,02,10,14,38,05中正區,中正區羅斯福路2段20號,0,0,1,1,A12,8,6,5,50,14,9,1,5,4,5,13,4,4,3,4,5,2,17,1,55,3,10,7,1,7,9,1,2,1,17,35,1,21,121.5212244,25.0285678
114,02,10,14,50,01大同區,大同區長安西路與塔城街口,0,0,1,1,B03,8,6,5,50,5,1,1,5,4,5,13,4,4,5,5,5,2,17,1,25,4,11,3,4,7,4,7,19,9,17,1,2,22,121.5104102,25.05202689
114,02,10,14,54,06松山區,松山區三民路與南京東路5段口,0,0,1,1,C03,8,6,5,50,4,1,1,5,4,5,13,2,1,3,4,5,2,17,1,75,2,9,6,4,7,8,1,10,2,14,100,1,22,121.5638226,25.0515442
114,02,10,15,00,09北投區,北投區承德路7段與承德路7段401巷口,0,0,1,1,C03,7,6,5,60,14,9,1,5,4,5,13,4,4,9,4,5,2,13,1,34,2,9,5,1,7,9,1,10,1,11,108,1,21,121.500353,25.1203022
114,02,10,15,12,01大同區,大同區承德路3段208巷37號,0,0,2,1,C03,7,6,5,30,14,9,1,5,4,5,13,4,4,10,5,5,2,10,1,53,2,9,6,4,7,15,6,10,8,11,13,1,22,121.5171254,25.0705704
114,02,10,15,18,03中山區,中山區民權西路70巷口側附近,0,0,1,1,C03,8,7,5,50,14,7,1,5,4,5,13,4,4,1,4,4,2,17,2,74,2,9,3,4,7,10,1,10,1,14,100,1,21,121.5196649,25.0627651
114,02,10,15,20,09北投區,北投區大度路2號,0,0,1,1,C03,8,6,5,50,14,12,1,5,4,5,13,4,4,1,4,4,1,17,1,25,2,9,6,1,7,9,1,10,1,11,108,1,22,121.4986307,25.1213728
114,02,10,15,38,08士林區,士林區環河北路3段與中正路口,0,0,1,1,B03,8,6,5,30,5,2,1,5,4,5,13,1,1,10,4,5,1,17,1,47,2,4,7,1,7,7,1,8,2,2,100,1,21,121.5056811,25.0852394
114,02,10,15,55,06松山區,松山區南京東路4段63號,0,0,2,1,C03,7,6,5,50,14,7,1,5,4,5,13,4,4,3,4,4,2,17,1,44,2,3,6,1,7,9,1,10,1,14,116,1,21,121.5529988,25.0517439
114,02,10,16,42,02萬華區,萬華區堤外便道近水門,0,0,4,1,C03,7,6,7,40,14,11,1,5,4,5,13,4,4,10,4,5,2,13,1,24,2,9,6,1,7,9,1,10,1,13,42,1,21,121.5071206,25.0351677
114,02,10,17,12,05中正區,中正區羅斯福路3段128巷與羅斯福路3段128巷36弄口,0,0,2,1,C03,8,6,5,30,4,1,1,5,4,5,13,4,4,10,5,5,1,15,1,68,2,9,6,1,7,9,3,18,2,11,75,1,21,121.5269912,25.0202611
114,02,10,17,13,10文山區,文山區羅斯福路5段218巷與汀州路4段口,0,0,1,1,C03,7,6,5,30,4,1,1,5,4,3,10,4,4,10,5,5,2,15,1,59,3,10,6,1,7,9,1,10,1,11,72,1,21,121.5364342,25.0020839
114,02,10,17,24,04大安區,大安區金山南路2段與潮州街口,0,0,2,1,B03,7,5,5,50,4,1,1,5,4,5,13,1,1,1,4,5,2,16,1,67,3,10,7,1,7,5,1,8,1,2,74,1,21,121.5262686,25.0289183
114,02,10,17,30,12內湖區,內湖區民權大橋東側附近,0,0,1,1,C03,7,5,5,50,8,11,1,5,4,5,13,4,4,4,3,4,1,12,1,62,2,9,3,4,7,9,1,10,1,12,17,1,21,121.5773044,25.0665065
114,02,10,17,35,03中山區,中山區大直街與大直街34巷口,0,0,1,1,B03,8,6,5,30,4,18,1,5,4,5,13,4,4,5,5,5,2,3,1,71,3,10,7,1,7,9,1,6,1,5,70,1,21,121.5463883,25.0817626
114,02,10,17,54,10文山區,文山區秀明路2段118巷與秀明路2段口,0,0,1,1,C03,8,5,5,30,3,1,1,5,4,5,13,4,4,10,5,5,2,16,1,73,2,9,6,1,7,5,1,10,1,11,72,1,22,121.5768735,24.9893863
114,02,10,17,56,12內湖區,內湖區內湖路1段與港墘路口,0,0,1,1,B03,7,5,5,50,4,1,1,5,4,5,13,1,2,1,4,5,1,15,1,67,3,10,7,1,7,9,1,8,1,1,108,1,21,121.57697,25.0794623
114,02,10,18,04,03中山區,中山區市民大道2段與林森北路口,0,0,1,1,C03,8,5,5,40,14,9,1,5,4,5,13,2,1,8,5,5,2,12,1,19,3,10,3,4,7,21,1,10,11,15,118,1,21,121.5244433,25.0478744
114,02,10,18,10,11南港區,南港區南深路33號,0,0,1,1,B03,7,5,5,50,12,7,1,5,4,5,12,4,4,5,5,4,1,13,2,44,3,10,3,4,7,9,1,8,2,1,108,1,21,121.6206025,25.0371389
114,02,10,18,25,01大同區,大同區延平北路1段與鄭州路口,0,0,1,1,B03,7,5,5,40,14,9,1,5,4,5,13,1,1,9,4,5,1,3,2,38,3,10,3,4,7,9,1,8,1,1,70,1,21,121.5118341,25.050006
114,02,10,18,27,11南港區,南港區經貿一路168號漢來飯店前,0,0,1,1,C02,7,5,5,50,14,8,1,5,4,5,13,4,4,1,3,4,1,17,1,47,2,8,3,4,7,9,1,9,1,17,42,1,22,121.6202826,25.0576805
114,02,10,18,50,08士林區,士林區中山北路6段21號,0,0,1,1,B01,7,5,5,50,14,9,1,5,4,5,13,4,4,1,4,5,1,17,1,48,3,10,7,1,7,8,1,4,2,2,100,1,21,121.525037,25.10332705
114,02,10,19,10,05中正區,中正區羅斯福路1段8號,0,0,2,1,C03,8,5,5,50,14,9,1,5,4,5,13,4,4,3,4,5,2,13,1,24,2,9,5,1,7,9,1,10,1,11,108,1,21,121.5184368,25.032406
114,02,10,19,20,09北投區,北投區大業路588號,0,0,1,1,C03,8,5,5,50,14,9,1,5,4,5,13,4,4,1,4,5,2,17,1,42,3,10,5,1,7,1,1,10,9,17,19,2,21,121.4970527,25.1357075
114,02,10,19,22,12內湖區,內湖區內湖路1段323巷4弄29號,0,0,1,1,H01,7,5,6,30,14,9,5,5,4,5,13,4,4,10,5,5,2,6,2,2,2,1,4,5,8,18,8,20,10,16,54,1,24,121.5671526,25.0827921
114,02,10,19,36,09北投區,北投區大度路與中央北路2段257巷口,0,0,1,1,C03,7,5,5,50,5,1,1,5,4,5,13,2,1,1,4,3,2,13,1,46,3,10,3,4,7,12,1,10,1,14,44,1,21,121.4860454,25.1221175
114,02,10,20,16,04大安區,大安區和平東路3段與敦化南路2段口,0,0,2,1,C03,7,5,5,50,4,1,1,5,4,5,13,1,1,10,5,5,2,13,1,56,2,9,5,1,7,12,1,9,1,13,108,1,21,121.5483204,25.0245356
114,02,10,20,19,09北投區,北投區公館路與東華街2段口,0,0,1,1,A12,8,5,5,50,3,2,1,5,4,5,13,2,1,5,4,4,2,17,1,62,3,10,3,4,7,5,1,3,1,4,8,1,27,121.5027908,25.1218222
114,02,10,20,35,07信義區,信義區莊敬路243號,0,0,1,1,A02,8,5,5,50,14,9,1,5,4,5,13,4,4,8,5,5,2,13,1,46,3,10,3,4,7,9,1,2,1,1,118,1,21,121.5624,25.0294363
114,02,10,21,04,04大安區,大安區光復南路116巷26號,0,0,1,1,C03,8,5,5,30,14,9,1,5,4,5,13,4,4,1,5,5,2,23,1,59,2,3,5,1,7,5,1,10,1,11,108,1,22,121.5561653,25.0429448
114,02,10,21,10,05中正區,中正區重慶南路2段與南海路口,0,0,1,1,B03,8,5,5,50,4,1,1,5,4,5,13,2,1,10,4,5,2,16,2,51,3,10,7,1,7,9,1,8,1,2,99,1,21,121.5144552,25.0318921
114,02,10,21,22,03中山區,中山區長春路53號,0,0,1,1,B01,8,5,5,40,14,7,1,5,4,5,13,4,4,8,3,4,2,12,1,53,3,10,7,4,7,3,1,4,2,4,18,1,21,121.5261989,25.0549644
114,02,11,03,00,05中正區,中正區羅斯福路3段與師大路口,0,0,1,1,C03,8,5,5,50,4,1,1,5,4,5,13,2,1,1,4,5,2,16,1,20,3,10,5,1,7,6,1,10,1,12,9,1,21,121.5274759,25.021138
114,02,11,06,35,11南港區,南港區忠孝東路7段與忠孝東路7段265巷口,0,0,2,1,C03,7,5,5,30,4,1,1,5,4,5,13,2,1,1,3,5,2,13,2,19,2,9,3,4,7,9,1,10,2,11,108,1,21,121.6036995,25.0517814
114,02,11,06,58,10文山區,文山區景文街與景文街90巷口,0,0,1,1,B03,7,6,5,40,3,1,1,5,4,5,13,4,4,5,5,4,2,16,1,65,3,10,7,1,7,11,6,7,2,4,10,1,21,121.541115,24.9903702
114,02,11,07,12,11南港區,南港區成功橋45號燈桿處,0,0,2,1,B03,8,7,5,50,8,9,1,5,4,5,13,4,4,3,4,5,1,17,2,55,3,10,7,1,7,7,1,8,2,17,100,1,21,121.5932075,25.05716462
114,02,11,07,20,09北投區,北投區尊賢街243巷21號旁,0,0,1,1,C03,8,6,5,30,3,1,1,5,4,5,13,4,4,10,5,5,2,15,1,41,3,10,6,1,7,9,1,10,1,14,72,1,21,121.50627,25.1167862
114,02,11,07,21,12內湖區,停車場出口(與內湖路2段103巷100弄口),0,0,1,1,B03,7,6,5,30,3,2,1,5,4,5,13,4,4,9,4,5,2,16,2,40,3,10,7,1,7,1,1,8,1,8,19,1,21,121.5812672,25.0839894
114,02,11,07,27,12內湖區,內湖區康寧路3段189巷與康寧路3段189巷11弄口,0,0,1,1,C03,8,6,6,30,4,1,1,5,4,5,13,4,4,10,5,5,1,13,1,50,2,9,6,1,7,5,1,10,2,12,72,1,21,121.6131986,25.0699753
114,02,11,07,30,08士林區,士林區重陽橋西向東機慢車專用道,0,0,3,1,C03,8,7,5,40,14,11,1,5,4,5,13,4,4,1,4,1,2,13,1,30,2,9,3,4,7,9,1,10,1,11,16,1,21,121.5085332,25.08643001
114,02,11,07,31,03中山區,中山區北安路與崇實路口,0,0,1,1,B03,8,6,5,50,14,9,1,5,4,5,13,4,4,5,4,5,2,12,1,44,3,10,7,1,7,14,1,8,1,6,40,1,21,121.5443459,25.0800001
114,02,11,07,38,10文山區,文山區萬芳路與萬和街口口,0,0,1,1,C03,8,6,5,50,3,1,1,5,4,5,13,2,1,5,4,5,2,16,1,47,2,9,5,1,7,5,1,11,2,14,8,1,21,121.5690797,24.9987745
114,02,11,07,40,07信義區,信義區福德街278號,0,0,1,1,A02,8,7,5,50,14,9,1,5,4,5,13,4,4,5,5,5,2,9,1,63,3,10,3,4,7,1,1,2,1,17,42,1,21,121.5862343,25.0389452
114,02,11,08,07,01大同區,大同區台北橋機慢車道往東(282595號燈桿),0,0,1,1,C03,8,6,7,40,8,11,1,5,4,5,13,4,4,1,5,1,1,13,2,46,2,9,6,4,7,9,1,10,1,11,16,1,22,121.5070803,25.0634961
114,02,11,08,15,04大安區,大安區和平東路3段與基隆路2段口,0,0,2,1,C03,7,6,5,50,4,1,1,5,4,5,13,1,1,1,4,5,2,13,1,39,2,9,5,1,7,9,1,10,1,11,44,1,21,121.552633,25.0241768
114,02,11,08,22,03中山區,中山區民權東路2段與民權東路2段152巷口,0,0,2,1,C03,7,6,5,50,5,2,1,5,4,5,13,2,1,8,3,5,1,17,2,37,2,9,5,1,7,9,1,10,1,12,108,1,21,121.5350336,25.0623497
114,02,11,08,26,02萬華區,萬華區莒光路與西園路2段13巷口,0,0,2,1,C03,7,6,8,50,3,1,1,5,4,5,13,3,1,3,4,5,2,13,1,47,2,7,5,1,7,15,1,10,1,11,16,1,22,121.4981022,25.0310575
114,02,11,08,30,12內湖區,內湖區潭美街西向東85號燈桿,0,0,3,1,C03,8,6,5,40,14,9,1,5,4,5,13,4,4,5,5,5,2,13,2,43,3,10,5,1,7,12,1,10,1,13,118,1,21,121.6069737,25.0624724
114,02,11,08,40,02萬華區,萬華區中興橋機車道往台北市方向,0,0,1,1,C03,8,5,7,30,14,11,1,5,4,5,13,4,4,10,5,5,2,13,1,20,3,10,5,4,7,9,1,10,1,11,16,1,21,121.500392,25.04301398
114,02,11,08,40,11南港區,南港區研究院路2段3巷與研究院路2段口,0,0,1,1,C03,8,6,5,30,3,2,1,5,4,5,13,4,4,10,5,5,2,16,2,51,3,10,5,4,7,5,1,10,1,11,80,1,22,121.6159395,25.0480012
114,02,11,08,46,05中正區,中正區市民大道2段附近西往東(近林森北路),0,0,1,1,C03,8,7,5,40,14,9,1,5,4,5,13,4,4,1,4,5,2,13,1,25,2,8,5,1,7,9,1,10,2,11,44,1,21,121.5234804,25.0477398
114,02,11,08,50,06松山區,松山區吉祥路與八德路4段口,0,0,2,1,C03,7,6,5,50,4,1,1,5,4,5,13,2,1,5,4,5,2,16,2,48,2,7,6,1,7,5,1,10,1,14,8,1,21,121.5627063,25.0487038
114,02,11,09,09,06松山區,松山區三民路80巷與健康路325巷25弄口口,0,0,1,1,B12,7,6,5,30,4,2,1,5,4,5,13,4,4,9,5,5,2,10,1,69,3,10,7,1,7,9,1,8,1,8,72,1,21,121.5654221,25.0563579
114,02,11,09,23,03中山區,中山區北安路海軍總部,0,0,1,1,B01,8,7,5,50,14,9,1,5,4,5,13,1,1,1,4,5,2,13,1,63,3,10,7,1,7,9,1,4,1,1,16,1,22,121.5391973,25.0776454
114,02,11,09,27,05中正區,中正區林森南路57號,0,0,1,1,B02,8,7,5,50,14,7,1,5,4,5,13,4,4,4,3,5,2,17,1,53,3,10,7,1,7,1,1,8,2,4,19,1,26,121.5219102,25.0399636
114,02,11,09,36,05中正區,中正區濟南路1段2-2號,0,0,1,1,C03,7,7,5,0,14,20,1,5,4,5,13,4,4,10,5,5,2,12,2,37,3,10,5,1,7,3,1,10,9,14,18,1,21,121.5200002,25.04302615
114,02,11,10,36,09北投區,北投區石牌路1段71巷與石牌路1段71巷9弄口,0,0,2,1,C03,8,6,5,30,4,1,1,5,4,5,13,4,4,10,5,5,2,15,1,67,2,9,6,1,7,9,1,10,1,14,72,1,21,121.5110382,25.1140955
114,02,11,10,41,05中正區,中正區愛國西路2號,0,0,1,1,C03,8,6,5,50,14,9,1,5,4,5,13,4,4,1,5,5,2,17,1,24,2,8,5,1,7,9,1,10,1,11,108,1,21,121.5159343,25.034636
114,02,11,10,43,10文山區,文山區萬壽路27號旁,0,0,1,1,B03,8,6,5,50,14,9,1,5,4,1,13,1,1,5,4,5,2,13,1,49,3,10,7,1,7,9,1,8,1,1,108,1,21,121.5769118,24.98906108
114,02,11,10,45,07信義區,信義區忠孝東路4段與忠孝東路4段553巷口,0,0,1,1,B03,8,6,5,50,14,9,1,5,4,5,13,4,4,3,3,5,2,12,4,0,,,,,,,,,,,119,2,,121.5629197,25.0412895
114,02,11,10,55,12內湖區,內湖區民權東路6段101號,0,0,2,1,B03,8,5,5,50,14,9,1,5,4,5,13,4,4,1,4,4,1,12,2,29,3,10,7,1,7,9,1,8,1,2,108,1,21,121.5903041,25.0690804
114,02,11,11,21,05中正區,中正區羅斯福路4段76-2號,0,0,2,1,A02,8,6,5,50,14,9,1,5,4,5,13,1,1,3,4,5,2,9,1,48,3,10,7,1,7,1,1,2,1,17,44,1,21,121.5346307,25.0142746
114,02,11,11,30,02萬華區,萬華區萬大路497號,0,0,1,1,A02,8,6,5,50,14,9,1,5,4,5,13,4,4,1,4,5,2,9,1,46,3,10,7,1,7,1,1,2,2,17,36,1,21,121.4977413,25.0199698
114,02,11,11,47,06松山區,松山區市民大道4段與敦化南路1段口,0,0,1,1,B11,8,6,5,40,4,2,1,5,4,5,13,2,1,1,4,5,2,16,1,43,3,10,7,1,7,6,1,4,1,2,9,1,21,121.5491692,25.0449505
114,02,11,11,50,03中山區,中山區中山北路2段與南京西路口,0,0,1,1,C03,8,7,5,50,4,2,1,5,4,5,13,1,1,1,4,5,2,12,1,18,3,10,5,1,7,9,1,10,1,12,108,1,21,121.5224817,25.0525914
114,02,11,12,12,04大安區,大安區潮州街與潮州街107巷口,0,0,1,1,C03,8,6,8,30,4,1,1,5,4,5,13,4,4,10,4,5,2,15,2,48,2,9,6,1,7,9,1,10,1,12,72,1,21,121.5275384,25.0286898
114,02,11,12,14,04大安區,大安區忠孝東路4段270號,0,0,1,1,C03,8,5,5,50,14,9,1,5,4,5,13,4,4,1,4,5,2,12,2,19,2,9,6,1,7,9,3,18,1,12,108,1,21,121.5547593,25.0412807
114,02,11,12,45,03中山區,中山區復興南路1段與市民大道3段口,0,0,1,1,B03,8,7,5,50,5,1,1,5,4,5,13,1,1,1,4,5,2,13,1,56,3,10,7,1,7,6,1,8,1,5,108,1,21,121.5436748,25.044963
114,02,11,12,45,10文山區,文山區辛亥路6段94號,0,0,1,1,C03,8,5,5,40,14,7,1,5,4,5,13,4,4,3,4,4,1,12,2,25,2,9,5,1,7,9,1,10,1,14,17,1,21,121.5523349,24.9882042
114,02,11,13,24,01大同區,大同區鄭州路與塔城街口口,0,0,3,1,C03,8,6,5,40,4,1,1,5,4,5,13,2,1,10,5,5,2,16,1,19,2,8,6,1,7,6,1,10,1,13,9,1,21,121.5106141,25.0502695
114,02,11,14,00,10文山區,文山區辛亥路7段13號旁,0,0,1,1,A04,8,6,5,50,14,9,1,5,4,5,13,4,4,5,4,5,2,12,1,57,3,10,7,1,7,8,1,2,1,2,118,1,21,121.5527887,24.9869644
114,02,11,14,18,11南港區,南港區舊莊街1段81號,0,0,1,1,C03,8,7,5,50,14,9,1,5,4,5,13,4,4,5,4,5,2,13,1,66,2,7,5,1,7,9,1,10,1,11,108,1,21,121.6191791,25.0407366
114,02,11,14,43,08士林區,士林區芝玉路1段與德行東路口,0,0,1,1,B03,8,6,5,30,5,2,1,5,4,5,13,3,1,10,5,5,1,17,1,82,3,10,7,1,7,6,1,8,11,15,118,2,21,121.518062,25.08702123
114,02,11,15,00,05中正區,中正區信義路1段國家音樂廳前,0,0,1,1,C03,8,7,5,50,14,9,1,5,4,5,13,4,4,10,4,5,2,17,2,41,2,9,5,1,7,9,1,10,2,14,42,1,21,121.519351,25.0376726
114,02,11,15,01,03中山區,中山區錦州街與中原街口,0,0,2,1,C03,7,7,5,50,4,1,1,5,4,5,13,1,1,5,4,5,2,16,1,33,2,8,6,1,7,6,1,10,1,12,9,1,22,121.5289614,25.0603762
114,02,11,15,02,04大安區,大安區和平東路2段與復興南路2段口,0,0,1,1,B03,8,5,5,50,4,1,1,5,4,5,13,1,1,1,4,5,2,16,1,42,3,10,7,1,7,6,1,8,1,5,9,1,21,121.5435128,25.0247513
114,02,11,15,28,04大安區,大安區仁愛路3段與仁愛路3段24巷口,0,0,1,1,C03,8,7,5,30,3,2,1,5,4,5,13,4,4,8,3,5,2,17,1,49,3,10,3,4,7,5,1,10,1,17,72,1,21,121.5355878,25.0377875
114,02,11,15,30,01大同區,大同區環河北路1段295號,0,0,1,1,C03,8,6,5,50,14,9,1,5,4,5,13,4,4,1,4,5,2,17,2,53,2,9,6,1,7,9,1,10,2,14,44,1,21,121.5085151,25.0590079