發生年度,發生月,發生日,發生時-Hours,發生分,區序,肇事地點,死亡人數,2-30日死亡人數,受傷人數,當事人序號,車種,天候,光線,道路類別,速限-速度限制,道路型態,事故位置,路面狀況1,路面狀況2,路面狀況3,道路障礙1,道路障礙2,號誌1,號誌2,車道劃分-分向,車道劃分-分道1,車道劃分-分道2,車道劃分-分道3,事故類型及型態,性別,年齡,受傷程度,主要傷處,保護裝置,行動電話,車輛用途,當事者行動狀態,駕駛資格情形,駕駛執照種類,飲酒情形,車輛撞擊部位1,肇因碼-個別,個人肇逃否,職業,座標-X,座標-Y
114,02,11,15,37,03中山區,中山區大佳河濱公園滑冰場,0,0,1,1,B03,8,7,5,50,14,9,1,5,4,5,13,4,4,5,5,5,2,10,2,58,3,10,7,1,7,15,1,8,1,5,86,1,22,121.5482994,25.07516304
114,02,11,16,08,07信義區,信義區吳興街345巷與莊敬路口,0,0,1,1,C03,8,6,5,40,3,2,1,5,4,5,13,1,1,9,5,5,2,3,2,79,3,10,6,1,7,9,1,10,9,11,108,1,21,121.5666965,25.0270188
114,02,11,16,09,05中正區,中正區許昌街8號,0,0,1,1,H01,8,6,5,50,14,9,1,5,4,5,13,4,4,10,5,5,1,3,2,39,2,7,4,5,8,16,8,20,10,16,121,1,22,121.5169308,25.0455057
114,02,11,16,15,09北投區,北投區大業路157號旁,0,0,2,1,C03,8,6,5,50,14,9,1,5,4,5,13,4,4,1,4,5,2,17,2,52,2,9,6,1,7,7,1,10,1,14,100,1,22,121.4988728,25.1245001
114,02,11,16,45,04大安區,大安區基隆路2段232號,0,0,1,1,B03,8,6,5,50,14,9,1,5,4,5,13,2,1,1,2,5,2,13,1,24,3,10,7,1,7,9,1,8,1,1,108,1,22,121.5507221,25.0227804
114,02,11,17,00,03中山區,中山區中山北路1段與南京西路口,0,0,1,1,F01,8,7,5,50,4,1,1,5,4,5,13,1,1,1,4,5,2,1,1,45,3,10,4,1,7,9,8,20,1,12,108,1,21,121.5225088,25.0520685
114,02,11,17,15,04大安區,大安區仁愛路3段與新生南路1段口,0,0,1,1,C03,7,6,5,50,4,1,1,5,4,5,13,1,1,1,4,5,2,16,1,55,3,10,5,1,7,8,1,10,1,14,100,1,21,121.5330525,25.038341
114,02,11,17,25,10文山區,文山區興隆路4段與興隆路4段179巷口口,0,0,1,1,B01,8,7,5,50,4,1,1,5,4,5,13,4,4,3,4,5,2,16,1,52,3,10,7,1,7,5,1,4,1,4,8,1,21,121.5619955,24.9836126
114,02,11,18,01,07信義區,信義區嘉興街與崇德街口,0,0,1,1,C03,8,5,5,50,4,1,1,5,4,5,13,1,1,9,4,5,1,17,2,63,2,8,3,4,7,9,1,10,1,12,108,1,21,121.5554855,25.0241241
114,02,11,18,10,05中正區,中正區濟南路1段與紹興南街口,0,0,1,1,B03,8,5,5,50,4,1,1,5,4,5,13,1,1,4,4,4,2,17,1,40,3,10,7,1,7,5,1,8,1,1,74,1,21,121.5244229,25.04199236
114,02,11,18,50,01大同區,大同區大龍街259巷與大龍街口,0,0,1,1,B03,8,5,5,30,14,9,1,5,4,5,13,4,4,10,5,5,2,11,1,57,3,10,7,1,7,9,1,8,1,5,108,1,21,121.516125,25.0715498
114,02,11,19,03,04大安區,大安區安和路2段與安和路2段171巷口,0,0,1,1,F01,8,5,5,50,4,2,1,5,1,5,13,1,1,10,5,5,2,16,2,18,3,10,4,1,7,5,8,20,1,14,8,1,21,121.5500322,25.0280258
114,02,11,19,09,10文山區,文山區萬芳路3號,0,0,2,1,C03,7,5,5,50,14,9,1,5,4,5,13,4,4,5,4,5,2,29,1,26,2,9,5,4,7,9,1,10,1,12,44,1,22,121.5709259,24.9953083
114,02,11,19,11,02萬華區,萬華區漢口街2段90巷與漢口街2段90巷8弄口,0,0,1,1,C03,7,5,5,30,4,1,1,5,4,5,13,4,4,10,5,5,2,15,1,66,2,9,6,4,7,9,6,18,1,11,75,1,22,121.5042163,25.0458179
114,02,11,19,24,01大同區,大同區大龍街與民族西路口,0,0,1,1,F03,8,5,6,50,4,1,1,5,4,5,13,1,1,5,4,5,2,12,1,84,2,9,5,1,7,8,8,20,2,14,100,1,21,121.5157157,25.0685796
114,02,11,19,47,07信義區,信義區信義路5段106號,0,0,1,1,C03,7,5,5,50,14,9,1,5,4,5,13,4,4,1,3,5,2,13,1,46,2,3,6,1,7,9,1,10,1,11,44,1,21,121.5658061,25.0328084
114,02,11,19,50,12內湖區,內湖區南京東路6段與新明路298巷口,0,0,1,1,F01,8,5,5,50,4,2,1,5,4,4,8,1,1,1,4,5,1,17,1,35,2,9,2,1,7,9,8,20,1,12,81,1,21,121.58142,25.0569102
114,02,11,20,13,03中山區,中山區民權東路2段134號,0,0,1,1,C03,7,5,5,50,14,9,1,5,4,5,13,2,1,1,4,5,2,16,2,52,2,9,6,1,7,5,1,10,2,14,118,1,21,121.5327546,25.0624138
114,02,11,20,28,09北投區,北投區大業路527巷與大業路527巷口北投機廠,0,0,2,1,C03,8,5,5,40,3,1,1,5,4,5,13,4,4,4,4,5,2,16,2,45,2,9,5,1,7,5,1,10,1,14,74,1,21,121.4865097,25.1356686
114,02,11,20,33,12內湖區,內湖區堤頂大道2段與基湖路口,0,0,1,1,B03,7,5,5,50,14,9,1,5,4,5,13,2,1,5,2,5,2,13,1,48,3,10,7,1,7,9,1,8,2,1,16,1,21,121.5645866,25.0795183
114,02,11,21,08,01大同區,大同區重慶北路3段與重慶北路3段313巷口,0,0,1,1,B03,8,5,5,50,3,1,1,5,4,5,13,4,4,1,4,5,2,17,1,46,3,10,7,1,7,9,1,8,2,4,102,1,22,121.5139113,25.07400029
114,02,11,21,31,01大同區,大同區大龍街51號與大龍街46巷口,0,0,1,1,C03,8,5,5,50,3,1,1,5,4,5,13,4,4,9,5,5,2,3,1,26,3,10,6,1,7,9,1,10,1,11,70,1,21,121.51606,25.0648382
114,02,11,21,33,10文山區,文山區木柵路1段與木柵路1段59巷口,0,0,1,1,C03,7,6,5,50,4,1,1,5,4,5,13,2,1,5,4,5,2,17,1,61,3,10,5,1,7,4,3,18,11,11,4,2,21,121.5459257,24.9867355
114,02,11,21,55,08士林區,士林區延平北路5段與中正路口,0,0,1,1,A02,8,5,5,50,4,2,1,5,4,5,13,2,1,1,4,5,1,17,1,41,3,10,7,1,7,5,1,2,2,5,71,1,21,121.509356,25.0866301
114,02,11,21,56,08士林區,士林區重慶北路4段與延平北路5段136巷口口,0,0,2,1,C04,7,5,5,40,14,8,1,5,4,5,13,4,4,1,1,4,1,13,2,55,2,9,6,1,7,8,1,10,1,13,100,1,21,121.5123646,25.08242915
114,02,11,22,01,09北投區,北投區承德路7段162號,0,0,2,1,C03,8,5,5,60,14,7,1,5,4,5,13,4,4,2,4,4,2,13,1,61,2,9,5,1,7,9,1,10,1,11,16,1,21,121.5088705,25.1129943
114,02,11,22,45,04大安區,大安區忠孝東路4段與忠孝東路4段216巷口,0,0,1,1,B01,8,5,5,50,14,9,1,5,4,5,13,2,1,1,4,5,2,17,1,66,3,10,7,1,7,7,1,4,1,6,100,1,26,121.5525502,25.0414213
114,02,11,23,43,03中山區,中山區長春路與合江街口,0,0,2,1,C03,7,5,5,50,4,1,1,5,4,5,13,2,1,5,4,5,2,16,1,74,2,8,6,1,7,5,1,10,1,12,71,1,21,121.5391008,25.0547536
114,02,11,23,55,07信義區,信義區松信路與永吉路口,0,0,1,1,B03,7,5,5,50,4,1,1,5,4,5,13,1,1,9,4,5,2,17,1,34,3,10,3,4,7,11,1,8,1,7,103,1,22,121.5720822,25.0457114
114,02,12,00,04,03中山區,中山區市民大道3段與八德路2段口,0,0,1,1,C03,8,5,5,40,4,2,1,5,4,5,13,2,1,8,4,5,2,16,1,18,2,9,6,4,7,9,1,10,2,11,108,1,21,121.5350989,25.0451066
114,02,12,00,17,08士林區,士林區中正路與福港街口,0,0,1,1,H01,8,5,5,50,3,2,1,5,4,5,13,2,1,1,4,5,1,9,1,46,2,9,4,5,8,16,8,20,10,16,121,1,21,121.5172136,25.09179104
114,02,12,00,55,10文山區,文山區木柵路4段與秀明路1段口口,0,0,2,1,C03,8,5,5,50,4,1,1,5,4,5,13,2,1,10,5,5,2,16,1,27,2,9,5,1,7,5,1,10,1,12,71,1,21,121.5717198,24.99334395
114,02,12,01,04,02萬華區,萬華區環河南路3段與萬大路口,0,0,1,1,B12,7,5,5,50,4,2,1,5,4,5,13,1,1,9,4,5,2,3,1,56,3,10,7,1,7,9,1,4,1,5,118,1,21,121.4952025,25.0165457
114,02,12,01,22,03中山區,中山區市民大道3段與八德路2段口,0,0,1,1,C03,8,5,5,40,4,2,1,5,4,5,13,2,1,8,3,5,2,16,1,33,2,7,6,4,7,9,1,10,2,11,108,1,21,121.5351108,25.045099
114,02,12,04,25,02萬華區,萬華區德昌街10巷與東園街73巷口,0,0,1,1,B03,8,5,5,30,5,1,1,5,4,5,13,3,1,10,5,5,2,17,1,70,3,10,7,1,7,9,1,7,1,4,72,1,21,121.4997786,25.0263744
114,02,12,06,49,05中正區,中正區羅斯福路2段與杭州南路2段口,0,0,2,1,C03,8,6,6,50,5,1,1,5,4,5,13,1,1,3,5,5,2,3,1,19,2,9,5,1,7,9,1,10,2,14,70,1,21,121.521379,25.0283381
114,02,12,06,55,03中山區,中山區民族東路512巷與民族東路512巷13弄口,0,0,1,1,C03,7,7,5,30,4,1,1,5,4,5,13,4,4,5,4,5,2,15,1,45,2,9,6,4,7,9,1,10,2,11,72,1,21,121.5420347,25.06740916
114,02,12,07,00,06松山區,松山區民生東路5段與民生東路5段260巷口,0,0,2,1,F01,7,6,5,30,4,1,1,5,4,5,13,1,1,1,4,5,2,15,2,61,2,9,4,1,7,9,8,20,2,12,81,1,21,121.5671824,25.05911429
114,02,12,07,11,04大安區,大安區通化街與通化街39巷口口,0,0,1,1,C03,7,7,5,50,4,1,1,5,4,5,13,4,4,5,5,5,1,17,2,28,2,8,6,1,7,5,1,9,1,14,8,1,21,121.5542583,25.0308218
114,02,12,07,29,08士林區,士林區故宮路35巷與故宮路口,0,0,1,1,C03,7,5,8,50,4,2,1,5,4,5,13,2,1,3,4,5,1,12,2,61,2,9,6,1,7,9,1,10,1,12,44,1,21,121.5473132,25.0965511
114,02,12,07,40,10文山區,文山區羅斯福路6段159巷與羅斯福路6段159巷1弄口,0,0,1,1,C03,7,6,5,30,4,1,1,5,4,5,13,3,1,10,5,5,2,15,1,77,2,9,6,1,7,9,1,10,1,12,72,1,21,121.54121,24.9972526
114,02,12,07,54,02萬華區,萬華區環河南路2段149巷與大理街170巷口,0,0,2,1,C03,8,5,5,30,4,1,1,5,4,5,13,4,4,10,5,5,2,15,2,47,2,9,5,4,7,9,1,11,1,11,75,1,21,121.4935675,25.03351231
114,02,12,08,11,01大同區,大同區民權西路136號,0,0,1,1,C03,7,6,5,50,14,9,1,5,4,5,13,4,4,1,4,5,2,12,1,62,3,10,5,1,7,15,6,10,1,13,17,1,21,121.5164266,25.0628143
114,02,12,08,13,10文山區,文山區興隆路2段203巷與興隆路2段203巷口(46號附近),0,0,1,1,B03,7,6,5,30,3,1,1,5,4,5,13,4,4,10,5,5,1,16,2,43,3,10,7,1,7,5,1,8,2,8,72,1,21,121.5481283,25.0021557
114,02,12,08,40,03中山區,中山區民權東路1段與民權東路1段70巷口,0,0,2,1,C03,7,7,5,50,14,9,1,5,4,5,13,4,4,1,4,5,2,13,2,56,2,9,5,1,7,9,1,10,1,11,16,1,22,121.5222691,25.05801547
114,02,12,08,45,05中正區,中正區重慶南路3段2號,0,0,1,1,C03,7,7,5,50,14,9,1,5,4,5,13,4,4,1,4,5,2,13,1,24,2,9,6,1,7,9,1,10,2,12,16,1,22,121.5152461,25.029612
114,02,12,08,47,02萬華區,萬華區環河南路2段與桂林路口,0,0,2,1,C03,7,5,5,50,4,1,1,4,4,4,13,4,4,8,3,5,2,16,2,51,3,10,5,1,7,9,1,10,1,12,108,1,21,121.4971576,25.0385318
114,02,12,08,54,01大同區,大同區延平北路3段與民權西路口,0,0,1,1,C03,7,6,5,50,4,2,1,5,4,5,13,2,1,1,4,5,2,17,1,26,2,9,3,4,7,8,1,10,2,13,100,1,21,121.5115084,25.0630407
114,02,12,09,00,03中山區,中山區南京東路2段21巷13號,0,0,2,1,C03,8,6,5,30,14,9,1,5,4,5,13,4,4,10,5,5,2,12,2,27,2,9,5,1,7,1,1,10,1,12,19,1,22,121.5287757,25.0526764
114,02,12,09,07,06松山區,松山區民生東路4段80巷與民生東路4段80巷3弄口,0,0,1,1,C03,7,6,5,50,4,2,1,5,4,5,13,4,4,9,5,5,2,17,1,31,2,9,5,1,7,11,1,10,1,12,99,1,21,121.5530064,25.0573045
114,02,12,09,08,03中山區,中山區松江路63巷與松江路口側附近口,0,0,1,1,F01,7,6,5,0,3,2,1,5,4,5,13,4,4,1,4,5,2,17,2,48,2,9,4,1,7,9,8,20,1,17,42,1,22,121.5329715,25.04934143
114,02,12,09,19,03中山區,中山區中山北路4段與中山北路4段口南往北、圓山飯店下方,0,0,1,1,B03,8,7,5,50,5,1,1,5,4,5,13,1,1,1,4,5,2,13,1,72,3,10,3,4,7,5,1,8,2,8,108,1,21,121.5261484,25.07464035
114,02,12,09,22,07信義區,信義區富陽街87巷與富陽街21巷口,0,0,1,1,C03,6,7,5,30,4,1,1,4,4,5,13,4,4,10,5,5,2,15,1,27,2,9,5,1,7,9,1,10,1,11,72,1,21,121.5576712,25.0222254
114,02,12,09,35,12內湖區,內湖區永保街與安康路106巷口,0,0,2,1,B12,7,7,5,50,3,1,1,4,4,5,13,4,4,5,5,5,2,16,1,43,3,10,7,1,7,6,1,8,1,8,72,1,21,121.5989048,25.0634932
114,02,12,09,58,11南港區,南港區忠孝東路7段481-1號對面,0,0,1,1,A31,7,6,5,50,14,9,1,5,4,5,13,4,4,3,4,5,2,16,1,47,3,10,3,4,7,6,1,1,1,5,9,1,22,121.6094551,25.0525029
114,02,12,10,57,11南港區,南港區南港路2段與向陽路120巷口,0,0,1,1,B03,7,7,5,50,5,1,1,5,4,5,13,4,4,5,3,5,2,17,1,62,3,10,7,1,7,6,1,8,1,2,44,1,21,121.595251,25.0545917
114,02,12,11,07,07信義區,信義區松壽路3號,0,0,1,1,A02,6,6,8,50,22,22,1,4,4,5,13,4,4,9,5,5,2,9,1,49,3,10,7,1,7,1,1,2,9,17,19,1,21,121.5644611,25.0359589
114,02,12,11,16,10文山區,文山區木柵路1段與試院路口（雙號）口,0,0,1,1,C03,6,6,5,50,4,1,1,4,4,5,13,2,1,5,4,5,2,12,1,63,2,8,5,1,7,9,3,18,1,11,108,1,21,121.5498119,24.9873943
114,02,12,11,29,11南港區,南港區東新街與東新街180巷口口,0,0,1,1,B12,7,7,5,30,3,1,1,5,4,5,13,4,4,5,4,5,1,17,1,45,3,10,7,1,7,6,1,8,2,4,72,1,21,121.5934709,25.0464326
114,02,12,11,40,01大同區,大同區承德路2段與民權西路102巷33弄口,0,0,2,1,C03,8,6,5,50,5,2,1,5,4,5,13,1,1,1,5,5,2,13,2,65,2,8,6,1,7,9,3,18,2,12,108,1,21,121.5181766,25.061664
114,02,12,11,47,01大同區,大同區塔城街與長安西路口口,0,0,2,1,C03,7,5,5,50,4,1,1,5,4,5,13,2,1,5,4,5,2,13,2,54,2,9,5,1,7,7,1,10,2,12,100,1,22,121.5104188,25.0520172
114,02,12,12,05,12內湖區,內湖區陽光街與陽光街202巷口,0,0,2,1,C03,7,7,5,50,3,2,1,5,4,5,13,4,4,5,5,5,2,16,2,45,2,7,5,1,7,5,1,10,1,13,8,1,21,121.5802306,25.0741718
114,02,12,12,15,05中正區,中正區貴陽街1段與重慶南路1段口,0,0,2,1,C03,7,5,5,50,14,9,1,5,4,5,13,4,4,9,4,5,2,17,2,33,3,10,5,1,7,15,1,10,1,14,100,1,21,121.5132645,25.0387244
114,02,12,12,47,05中正區,中正區重慶南路1段44號,0,0,1,1,B03,6,7,5,50,14,9,1,4,4,5,13,4,4,10,4,5,2,16,1,27,3,10,7,1,7,6,1,8,2,2,9,1,21,121.51316,25.0446497
114,02,12,13,30,05中正區,中正區許昌街與南陽街口,0,0,2,1,B03,7,6,5,30,4,2,1,5,4,5,13,4,4,10,5,5,2,16,1,61,3,10,3,4,7,15,1,8,11,5,100,1,22,121.515999,25.0455327
114,02,12,13,38,05中正區,中正區汀州路2段與廈門街口口,0,0,1,1,C03,6,6,5,50,4,1,1,4,4,5,13,1,1,5,5,5,1,17,1,56,3,10,6,1,7,6,1,10,1,12,9,1,21,121.5178651,25.0253695
114,02,12,13,45,01大同區,大同區民族西路與民族西路252巷口,0,0,1,1,C03,6,6,5,50,5,1,2,4,4,5,13,4,4,5,5,5,2,13,1,54,2,9,2,1,7,9,1,10,2,11,16,1,21,121.5120849,25.0686495
114,02,12,14,09,08士林區,士林區延平北路5段244巷與延平北路5段244巷22弄口,0,0,1,1,B03,6,6,5,30,4,1,1,4,4,5,13,4,4,10,5,5,2,15,1,57,3,10,7,1,7,9,1,4,1,8,72,1,26,121.5107637,25.0847381
114,02,12,14,11,02萬華區,萬華區西園路2段與東園街口,0,0,2,1,F01,6,6,5,50,3,1,1,4,4,5,13,2,1,1,4,5,2,17,2,75,2,9,4,1,7,9,8,20,1,14,85,1,21,121.495325,25.0281872
114,02,12,14,50,01大同區,大同區台北橋機慢車專用道往西,0,0,2,1,C03,6,6,5,50,14,9,1,4,4,5,13,4,4,10,4,5,2,16,1,20,3,10,3,4,7,8,1,10,1,14,100,1,21,121.5086711,25.0635006
114,02,12,15,20,06松山區,松山區南京東路5段286巷與南京東路5段250巷18弄口,0,0,1,1,B03,6,7,5,30,4,1,1,4,4,5,13,4,4,10,5,5,2,15,1,57,3,10,7,1,7,9,1,8,1,5,72,1,21,121.5672391,25.05024508
114,02,12,16,22,12內湖區,內湖區瑞光路30號,0,0,1,1,B03,6,5,5,50,14,9,1,4,4,5,13,4,4,5,4,5,1,12,2,39,3,10,7,1,7,8,1,8,1,6,100,1,21,121.5854589,25.06773093
114,02,12,16,43,04大安區,大安區建國南路2段35號,0,0,2,1,C03,6,5,5,50,22,6,1,4,4,5,13,3,1,10,5,5,2,9,1,44,2,7,3,4,7,9,1,10,1,11,70,1,21,121.5380632,25.0321773
114,02,12,16,46,03中山區,中山區復興北路與遼寧街185巷口,0,0,2,1,C03,6,5,5,50,4,2,1,4,4,5,13,2,1,8,3,5,2,13,1,19,2,9,5,4,7,9,1,10,2,11,16,1,21,121.5440032,25.0535209
114,02,12,16,57,10文山區,文山區木新路3段與樟新街口口,0,0,1,1,B02,6,6,5,50,3,1,1,4,4,5,13,2,1,4,5,5,1,16,1,23,3,10,7,1,7,6,1,8,1,2,9,1,21,121.5548609,24.9801714
114,02,12,17,38,05中正區,中正區重慶南路3段17號,0,0,1,1,C03,6,5,5,50,14,9,1,4,4,5,13,4,4,1,4,5,2,12,2,25,2,8,5,1,7,7,1,10,1,14,100,1,22,121.5155662,25.0289861
114,02,12,17,50,03中山區,中山區明水路與樂群一路口,0,0,1,1,B03,6,5,5,50,3,1,1,4,4,5,13,1,1,1,4,5,2,16,1,83,3,10,7,1,7,9,1,8,9,2,99,1,21,121.5507316,25.0772556
114,02,12,18,01,12內湖區,內湖區瑞光路與瑞光路76巷口,0,0,1,1,B03,6,5,5,50,3,2,1,4,4,5,13,2,1,5,4,5,2,17,1,65,3,10,7,1,7,5,1,8,1,17,71,1,21,121.5814293,25.07120087
114,02,12,18,10,12內湖區,內湖區瑞光路與瑞光路76巷口,0,0,1,1,C03,6,5,5,50,3,1,1,4,4,5,13,2,1,5,4,5,2,17,1,47,3,10,6,1,7,9,1,10,1,11,108,1,21,121.5813978,25.07114621
114,02,12,18,18,05中正區,中正區忠孝東路1段7號,0,0,1,1,C03,6,5,5,50,14,9,1,4,4,5,13,4,4,1,4,5,2,13,1,48,3,10,6,1,7,9,1,10,11,17,118,1,21,121.5229836,25.044976
114,02,12,18,28,02萬華區,萬華區西藏路與艋舺大道口,0,0,1,1,B03,6,5,5,50,4,1,1,4,4,5,13,2,1,1,5,5,2,16,1,63,3,10,7,1,7,7,1,8,1,4,100,1,26,121.4915061,25.02905501
114,02,12,18,40,02萬華區,萬華區環河南路1段與武昌街2段口,0,0,1,1,C03,6,5,5,50,3,2,1,4,4,5,13,1,1,9,5,5,2,13,1,57,3,10,5,1,7,12,1,9,1,11,44,1,21,121.5027912,25.045903
114,02,12,19,05,05中正區,中正區濟南路2段與臨沂街口,0,0,2,1,C03,6,5,5,50,4,1,1,4,4,5,13,4,4,9,5,5,2,3,1,49,2,9,5,1,7,9,1,10,1,12,70,1,21,121.5300657,25.04064406
114,02,12,19,10,05中正區,中正區羅斯福路4段與基隆路4段口,0,0,1,1,C03,6,5,5,50,5,1,1,4,4,5,13,1,1,1,4,5,2,13,2,27,2,7,5,4,7,9,1,10,1,11,16,1,21,121.5366996,25.0111165
114,02,12,19,18,07信義區,信義區松山路與松山路249巷口,0,0,1,1,B01,6,5,5,50,4,2,1,4,4,5,13,2,1,1,4,1,2,9,1,68,3,10,7,1,7,9,1,4,1,8,81,1,22,121.5778352,25.0443877
114,02,12,19,20,12內湖區,內湖區舊宗路2段213巷燈桿0303705,0,0,2,1,C03,6,5,5,50,14,9,1,4,4,5,13,4,4,9,4,5,2,16,2,29,2,9,6,1,7,1,1,10,2,14,19,1,21,121.5741387,25.0734602
114,02,12,19,20,12內湖區,內湖區內湖路1段與基湖路口,0,0,1,1,B03,6,5,5,50,4,1,1,4,4,5,13,1,1,1,4,5,1,17,1,65,3,10,7,1,7,5,1,8,1,5,85,1,21,121.5654598,25.0823456
114,02,12,19,35,04大安區,大安區建國南路2段往南,0,0,1,1,B03,6,5,5,50,14,9,1,4,4,5,13,4,4,1,4,5,2,17,1,39,3,10,3,4,7,1,1,8,1,8,19,1,21,121.5374558,25.0300029
114,02,12,19,35,06松山區,松山區民生東路5段與光復北路口,0,0,1,1,C03,6,5,5,40,4,1,1,4,4,5,13,1,1,1,4,5,2,17,1,48,2,9,6,1,7,9,1,10,2,11,42,1,21,121.5552387,25.0584921
114,02,12,19,46,11南港區,南港區重陽路與重陽路423巷口,0,0,1,1,B03,6,5,5,50,3,2,1,4,4,5,13,2,1,4,5,4,2,2,1,66,3,10,3,4,7,5,1,8,2,8,108,1,21,121.609117,25.0589791
114,02,12,20,27,12內湖區,內湖區民權東路6段296巷與民權東路6段296巷31弄口,0,0,1,1,B03,6,5,5,30,4,1,1,4,4,5,13,4,4,5,5,5,1,16,1,68,3,10,7,1,7,5,1,8,1,5,72,1,21,121.6063225,25.0721143
114,02,12,20,30,04大安區,大安區羅斯福路4段與基隆路4段口,0,0,1,1,B03,6,5,5,50,5,1,1,4,4,5,13,1,1,1,4,5,2,17,2,40,3,10,7,1,7,7,1,8,1,2,100,1,21,121.5373802,25.0109915
114,02,12,21,21,10文山區,文山區羅斯福路6段142巷與景福街口,0,0,2,1,B03,6,5,5,40,5,1,1,4,4,5,13,2,1,10,5,4,2,16,1,33,3,10,7,1,7,6,1,8,1,5,9,1,21,121.5369193,24.9981578
114,02,12,21,40,04大安區,大安區基隆路2段與和平東路3段口,0,0,1,1,C03,6,5,5,50,5,1,1,4,4,5,13,1,1,1,3,5,2,17,2,18,2,9,6,1,7,7,1,10,1,12,100,1,21,121.5523022,25.024244
114,02,12,22,35,12內湖區,內湖區內湖路3段89巷與金龍路口,0,0,1,1,B03,6,5,5,50,3,1,1,4,4,5,13,4,4,9,4,4,2,16,1,36,3,10,7,1,7,5,1,8,2,8,74,1,21,121.5911989,25.0854777
114,02,12,22,43,12內湖區,內湖區民權東路6段180巷88號,0,0,1,1,B03,6,5,5,50,14,9,1,4,4,5,13,4,4,9,5,5,2,17,1,67,3,10,7,1,7,6,1,8,1,5,9,1,21,121.5927048,25.06596662
114,02,12,22,58,05中正區,中正區懷寧街與衡陽路口,0,0,2,1,C03,6,5,5,50,3,1,1,4,4,5,13,2,1,5,5,5,2,16,1,63,2,9,5,1,7,5,1,10,2,11,74,1,22,121.5137824,25.04241018
114,02,12,23,30,10文山區,文山區木柵路2段與興隆路4段口口,0,0,2,1,B01,6,5,5,50,4,1,1,4,4,5,13,2,1,10,5,5,1,16,1,54,3,10,7,1,7,5,1,3,2,5,71,1,21,121.5602288,24.9887147
114,02,13,00,36,05中正區,中正區南海路與南昌路1段口口,0,0,1,1,B03,6,5,5,30,4,1,4,4,4,5,13,1,1,10,4,5,2,16,1,25,3,10,3,4,7,6,1,8,1,2,71,1,21,121.5162366,25.0323787
114,02,13,01,25,02萬華區,萬華區漢中街與內江街口,0,0,1,1,C03,6,5,5,50,3,1,1,4,4,5,13,3,1,4,1,5,2,16,1,31,2,7,5,1,7,5,1,10,1,12,72,1,22,121.5070498,25.0415532
114,02,13,01,59,04大安區,大安區辛亥路3段286-1號,0,0,1,1,C03,6,5,5,50,14,9,1,4,4,5,13,4,4,10,4,5,2,17,1,44,2,8,6,4,7,9,1,10,1,11,108,1,21,121.5518145,25.0148879
114,02,13,06,18,09北投區,北投區崇仁路1段與清江路245巷口,0,0,2,1,C03,6,6,5,30,14,9,1,4,4,5,13,4,4,10,4,5,2,9,2,36,2,8,5,1,7,9,1,10,2,14,70,1,21,121.5015658,25.126032
114,02,13,06,29,01大同區,大同區塔城街與南京西路口,0,0,1,1,B03,6,5,5,50,5,1,1,4,4,5,13,2,1,5,4,5,2,9,1,28,3,10,7,1,7,5,1,8,1,1,70,1,21,121.510187,25.0532936
114,02,13,07,09,01大同區,大同區民生西路與延平北路2段口口,0,0,1,1,B12,6,5,5,50,4,1,1,4,4,5,13,2,1,9,4,4,2,1,1,61,3,10,7,1,7,5,1,8,2,8,70,1,22,121.5115719,25.0570371
114,02,13,08,07,04大安區,大安區辛亥路2段與建國南路2段口,0,0,2,1,B02,6,5,5,50,4,1,1,4,4,5,13,4,4,3,4,4,2,16,1,79,3,10,3,4,7,9,1,8,1,8,72,1,21,121.5381401,25.0216949
114,02,13,08,36,07信義區,信義區忠孝東路5段與基隆路1段口,0,0,1,1,B01,6,7,5,50,14,9,1,4,4,5,13,4,4,1,4,5,2,13,1,51,3,10,7,1,7,9,1,4,1,1,118,1,21,121.5649249,25.0412225
114,02,13,08,50,11南港區,南港區八德路4段與中坡北路口,0,0,1,1,C03,6,7,5,50,14,9,1,4,4,5,13,1,1,4,3,5,2,12,2,67,2,7,5,1,7,8,1,10,1,14,100,1,21,121.5800186,25.0505368
114,02,13,08,55,12內湖區,內湖區新明路與新明路86巷口,0,0,1,1,B12,6,5,5,30,4,2,1,4,4,5,13,4,4,5,5,5,2,17,1,48,3,10,7,1,7,5,1,8,1,17,80,1,21,121.5895972,25.05954105
114,02,13,09,00,03中山區,中山區吉林路與民族東路口,0,0,1,1,B03,6,7,5,50,3,1,1,4,4,5,13,1,1,3,4,1,2,16,1,50,3,10,7,1,7,5,1,8,2,4,83,1,22,121.5303471,25.06833068
114,02,13,10,19,10文山區,文山區羅斯福路5段與羅斯福路5段211巷口口,0,0,1,1,B03,6,6,5,50,4,1,1,4,4,5,13,2,1,1,4,5,2,16,2,51,3,10,7,1,7,5,1,8,1,1,71,1,21,121.5389352,25.0022204
114,02,13,10,25,01大同區,大同區歸綏街與民樂街口,0,0,2,1,C03,7,6,5,50,4,1,1,4,4,5,13,4,4,5,4,5,2,15,1,37,2,9,5,1,7,9,1,10,1,14,72,1,21,121.5105968,25.0582649
114,02,13,11,20,02萬華區,萬華區萬大路與萬大路186巷口,0,0,3,1,C03,7,5,5,30,4,1,1,4,4,5,13,1,1,3,3,5,2,1,2,48,2,9,5,4,7,6,1,10,1,11,44,1,22,121.5005867,25.0278993
114,02,13,12,05,01大同區,大同區重慶北路2段20號,0,0,1,1,C03,6,6,5,50,14,9,1,4,4,5,13,4,4,1,4,5,2,13,1,27,2,9,3,4,7,7,1,10,1,11,16,1,21,121.5141894,25.0546189