發生年度,發生月,發生日,發生時-Hours,發生分,區序,肇事地點,死亡人數,2-30日死亡人數,受傷人數,當事人序號,車種,天候,光線,道路類別,速限-速度限制,道路型態,事故位置,路面狀況1,路面狀況2,路面狀況3,道路障礙1,道路障礙2,號誌1,號誌2,車道劃分-分向,車道劃分-分道1,車道劃分-分道2,車道劃分-分道3,事故類型及型態,性別,年齡,受傷程度,主要傷處,保護裝置,行動電話,車輛用途,當事者行動狀態,駕駛資格情形,駕駛執照種類,飲酒情形,車輛撞擊部位1,肇因碼-個別,個人肇逃否,職業,座標-X,座標-Y
114,02,13,12,46,12內湖區,南向北(瑞光路399號旁),0,0,1,1,C03,7,7,5,50,14,9,1,4,4,5,13,4,4,4,5,5,1,17,1,48,3,10,5,1,7,11,1,10,11,17,10,1,21,121.5729125,25.0776696
114,02,13,13,03,12內湖區,內湖區內湖路1段與江南街口,0,0,1,1,A02,7,6,5,50,3,1,1,5,4,5,13,2,1,9,4,5,2,13,1,58,3,10,7,1,7,9,1,2,2,1,108,1,21,121.5794122,25.078614
114,02,13,14,06,07信義區,信義區信義路5段2號,0,0,1,1,C03,7,6,5,50,11,9,1,5,4,5,13,2,1,9,4,5,2,17,1,26,2,8,6,1,7,6,1,10,1,12,42,1,22,121.5598937,25.032965
114,02,13,14,20,10文山區,文山區木柵路1段186號,0,0,2,1,C03,7,7,5,50,14,9,1,4,4,5,13,4,4,5,4,5,2,16,2,21,2,8,5,1,7,7,1,10,1,11,100,1,21,121.5525957,24.9878273
114,02,13,14,36,04大安區,大安區和平東路2段106號,0,0,1,1,C03,7,5,6,50,14,9,1,5,4,5,13,4,4,10,5,5,2,17,2,18,2,9,3,4,7,15,1,10,1,12,100,1,21,121.5418718,25.025009
114,02,13,15,02,12內湖區,內湖區瑞湖街與舊宗路2段171巷口,0,0,1,1,B03,6,7,5,50,4,1,1,4,4,5,13,2,1,9,4,5,2,17,1,63,3,10,3,4,7,6,1,8,2,17,9,1,21,121.5763451,25.0713325
114,02,13,15,23,06松山區,松山區吉祥路與南京東路5段66巷3弄口,0,0,1,1,B12,7,7,5,30,4,1,1,5,4,5,13,4,4,9,4,5,2,16,1,57,3,10,7,1,7,5,1,8,1,4,74,1,22,121.5625768,25.050813
114,02,13,15,25,06松山區,松山區民生東路4段99號,0,0,2,1,C03,7,7,5,50,14,9,1,5,4,5,13,1,1,1,4,5,2,12,1,30,2,7,6,4,7,10,1,10,1,14,100,1,21,121.5522525,25.0580336
114,02,13,15,38,03中山區,中山區民生東路2段與吉林路口,0,0,1,1,C03,7,7,5,50,4,2,1,5,4,5,13,1,1,5,4,5,2,16,1,63,3,10,5,1,7,9,1,10,1,11,108,1,22,121.5301491,25.0574636
114,02,13,16,10,08士林區,士林區延平北路5段147巷與延平北路5段口,0,0,2,1,C03,7,7,5,50,3,2,1,5,4,5,13,4,4,3,4,5,1,17,2,40,2,8,5,1,7,8,1,10,2,12,100,1,21,121.5102464,25.08234772
114,02,13,16,14,09北投區,北投區大度路3段與關渡路口,0,0,1,1,B03,7,7,5,50,3,1,1,5,4,5,13,2,1,10,5,5,2,17,1,52,3,10,7,1,7,6,1,8,1,17,9,1,21,121.4695072,25.1228944
114,02,13,17,10,01大同區,大同區鄭州路與西寧北路口,0,0,1,1,C03,7,5,5,40,5,1,1,5,4,5,13,2,1,1,4,5,2,17,1,44,3,10,6,1,7,9,6,18,1,13,118,1,21,121.5085476,25.0505816
114,02,13,17,18,03中山區,中山區民族東路與新生北路3段口,0,0,1,1,C03,6,5,5,50,4,2,1,4,4,5,13,2,1,5,4,5,2,13,1,51,2,7,6,1,7,9,1,10,1,11,16,1,21,121.5274522,25.0683132
114,02,13,17,26,08士林區,士林區中山北路6段與中山北路6段405巷口,0,0,2,1,C03,7,6,5,50,3,1,1,5,4,5,13,2,1,1,4,5,2,17,1,19,2,8,6,1,7,5,1,10,1,14,8,1,21,121.5266384,25.1129163
114,02,13,17,45,03中山區,中山區松江路74號前,0,0,2,1,C03,8,6,5,50,14,9,1,5,4,5,13,4,4,1,4,5,2,11,2,44,3,10,5,1,7,15,1,10,1,13,80,1,22,121.5328345,25.0494694
114,02,13,17,49,03中山區,中山區中山北路2段46巷與台新銀行營業部總行後方無名巷,0,0,2,1,C03,7,5,5,30,4,2,1,5,4,5,13,4,4,10,5,5,2,12,1,24,2,7,6,4,7,7,1,10,1,12,100,1,21,121.5217111,25.0555276
114,02,13,17,56,07信義區,信義區基隆路1段126號,0,0,1,1,B01,8,5,5,50,14,9,1,5,4,5,13,4,4,1,4,5,2,17,1,29,4,11,7,4,7,9,3,18,2,5,42,1,21,121.5666507,25.0450146
114,02,13,18,00,03中山區,中山區民權東路2段與新生北路3段口,0,0,1,1,B03,7,5,5,50,4,18,1,5,4,5,13,2,1,3,4,4,2,3,1,56,3,10,3,4,7,6,1,8,1,8,70,1,21,121.5278406,25.0628018
114,02,13,18,10,12內湖區,內湖區東湖路與安康路口,0,0,1,1,C03,6,5,5,50,4,1,1,4,4,5,13,1,1,5,4,5,1,17,1,41,3,10,6,1,7,5,1,9,1,11,71,1,26,121.616121,25.0682748
114,02,13,18,20,11南港區,南港區向陽路與重陽路口,0,0,2,1,C03,7,5,5,50,4,1,1,4,4,5,13,2,1,1,4,5,2,16,2,52,2,9,6,1,7,15,1,10,2,12,100,1,21,121.5944652,25.0548624
114,02,13,18,34,04大安區,大安區通化街134號,0,0,1,1,B03,8,5,5,50,14,9,1,5,4,5,13,4,4,4,5,5,2,12,2,44,3,10,7,1,7,9,1,8,1,2,108,1,21,121.5538773,25.0290867
114,02,13,18,46,03中山區,中山區北安路809號,0,0,2,1,C03,7,5,5,50,14,9,1,5,4,5,13,4,4,1,4,4,2,13,1,63,2,9,3,4,7,9,1,10,1,11,44,1,21,121.5547515,25.0850292
114,02,13,19,35,09北投區,北投區石牌路2段與天母西路口,0,0,2,1,C03,7,5,5,50,4,1,1,5,4,5,13,1,1,5,4,5,2,17,2,55,2,9,3,4,7,9,1,10,1,11,81,1,21,121.5224044,25.1191326
114,02,13,19,40,04大安區,大安區大安路1段232號,0,0,2,1,C03,8,5,5,50,14,9,1,5,4,5,13,4,4,9,4,5,2,17,1,20,2,8,3,4,7,11,1,10,1,13,10,1,21,121.545992,25.033699
114,02,13,19,43,04大安區,大安區市民大道4段與復興南路1段口,0,0,1,1,B03,8,5,5,40,4,1,1,5,4,5,13,1,1,1,3,5,2,13,1,30,3,10,7,1,7,9,1,8,2,5,16,1,21,121.544136,25.0447654
114,02,13,20,50,01大同區,大同區台北橋機慢車道(282560燈桿）,0,0,2,1,C03,7,5,7,50,14,11,1,5,4,5,13,4,4,10,5,5,2,17,1,45,4,11,5,4,7,15,1,10,11,15,114,2,21,121.5063855,25.06383115
114,02,13,20,54,12內湖區,內湖區成功路4段234號,0,0,1,1,B03,6,5,5,40,14,8,1,4,4,5,13,4,4,1,4,4,2,17,1,29,3,10,7,1,7,1,1,8,1,17,19,1,21,121.5960575,25.08443541
114,02,13,21,03,05中正區,中正區南昌路1段與南昌路1段108巷口,0,0,1,1,B03,7,5,5,50,3,1,1,5,4,5,13,4,4,9,5,5,2,16,1,49,3,10,7,4,7,1,1,8,1,8,19,1,21,121.5179496,25.0302517
114,02,13,21,27,05中正區,中正區臨沂街65巷與新生南路1段160巷口,0,0,1,1,B13,8,5,5,30,5,1,1,5,4,5,13,4,4,10,5,5,2,3,1,28,3,10,7,1,7,5,1,8,2,1,70,1,22,121.5301025,25.0346721
114,02,13,21,35,04大安區,大安區麗水街與金山南路2段31巷口,0,0,1,1,B02,8,5,5,30,4,1,1,5,4,5,13,4,4,9,4,5,2,15,2,42,3,10,3,4,7,9,1,8,1,4,72,1,21,121.5290173,25.0327273
114,02,13,22,23,01大同區,大同區民生西路與萬全街口,0,0,1,1,B03,7,5,5,50,4,2,1,5,4,5,13,1,1,5,2,5,2,17,1,34,3,10,7,1,7,9,1,8,1,8,108,1,21,121.5205413,25.0576467
114,02,13,22,40,04大安區,大安區大安路1段75巷與忠孝東路4段77巷口,0,0,2,1,C03,7,5,5,30,4,1,1,5,4,5,13,4,4,10,5,5,2,15,1,39,2,8,5,4,7,9,1,10,9,11,14,1,21,121.5472004,25.0421692
114,02,13,23,18,03中山區,中山區市民大道2段與天津街口,0,0,1,1,B03,7,5,5,40,3,2,1,5,4,5,13,4,4,1,4,5,2,12,1,23,3,10,3,4,7,7,1,8,1,6,100,1,21,121.52255,25.0477132
114,02,13,23,21,01大同區,大同區鄭州路與環河北路1段口,0,0,1,1,C03,7,5,5,40,4,1,1,5,4,5,13,1,1,3,4,5,1,16,1,57,4,11,3,4,7,9,1,10,11,11,13,2,22,121.5069627,25.0507988
114,02,13,23,36,04大安區,大安區辛亥路3段81號,0,0,1,1,B03,7,5,5,50,14,9,1,5,4,5,13,4,4,10,5,5,2,12,1,26,3,10,3,4,7,7,3,18,1,4,100,1,21,121.5463713,25.0197374
114,02,14,01,16,02萬華區,萬華區雙園街與西藏路口,0,0,1,1,B03,8,5,5,50,3,2,1,5,4,5,13,3,1,10,5,5,2,17,1,30,3,10,7,4,7,6,1,8,4,8,74,1,21,121.4951315,25.02894309
114,02,14,01,56,06松山區,松山區撫遠街389巷與塔悠路口,0,0,2,1,C03,7,5,5,30,4,1,1,5,4,5,13,3,1,1,5,5,2,3,1,49,2,8,6,1,7,6,1,10,2,11,108,1,22,121.567776,25.0652109
114,02,14,06,54,11南港區,南港區忠孝東路7段與研究院路1段口,0,0,1,1,C03,7,6,5,50,3,1,1,5,4,5,13,1,1,1,5,5,2,17,1,51,2,9,5,1,7,5,1,10,1,17,16,1,21,121.6162101,25.053155
114,02,14,06,59,05中正區,中正區延平南路與延平南路179巷口,0,0,1,1,C03,8,6,5,30,4,1,1,5,4,5,13,1,1,9,4,5,2,17,2,45,3,10,5,1,7,9,1,10,11,17,72,2,21,121.5075323,25.0344058
114,02,14,07,35,04大安區,大安區仁愛路4段63號,0,0,2,1,F01,8,6,5,0,14,20,1,5,4,5,13,4,4,10,5,5,2,9,2,14,2,8,4,1,7,9,8,20,9,11,70,1,21,121.5468715,25.0381654
114,02,14,07,46,01大同區,大同區鄭州路與西寧北路口,0,0,1,1,C03,7,5,5,50,4,1,1,5,4,5,13,1,1,5,4,5,2,13,2,48,4,11,3,4,7,21,7,19,11,11,16,2,22,121.5081686,25.0504103
114,02,14,07,47,10文山區,文山區羅斯福路6段276巷與萬慶街13巷口,0,0,1,1,C03,7,6,5,30,4,1,1,5,4,5,13,4,4,10,5,5,1,15,1,53,2,9,5,1,7,9,1,10,2,14,72,1,21,121.539558,24.9914564
114,02,14,07,49,05中正區,中正區汀州路3段與汀州路3段24巷口口,0,0,1,1,B01,8,6,5,50,3,1,1,5,4,5,13,4,4,5,5,5,1,17,1,58,3,10,7,1,7,9,1,4,1,1,44,1,21,121.5282889,25.017712
114,02,14,07,57,09北投區,北投區福國路與士科路口口旁,0,0,1,1,B03,8,6,5,50,4,2,1,5,4,5,13,4,4,5,5,5,2,17,1,42,3,10,7,1,7,9,1,8,1,6,108,1,22,121.5148231,25.1011182
114,02,14,08,11,12內湖區,內湖區民權東路6段與行愛路口,0,0,1,1,C03,7,7,8,50,4,1,1,5,4,5,13,1,1,3,4,4,2,16,1,18,3,10,5,1,7,9,3,18,1,11,81,1,21,121.5786009,25.0666873
114,02,14,08,15,06松山區,松山區塔悠路與基隆路1段口,0,0,1,1,A05,7,6,5,50,5,1,1,5,4,5,13,2,1,9,4,5,2,15,1,60,3,10,7,1,7,9,1,1,2,5,81,1,22,121.5700801,25.051128
114,02,14,08,20,03中山區,中山區中山北路1段33巷與天津街口,0,0,1,1,C03,8,7,5,50,4,1,1,5,4,5,13,4,4,9,5,5,2,3,1,22,4,11,3,4,7,9,1,10,11,15,70,2,21,121.5225975,25.0486576
114,02,14,08,22,09北投區,北投區西安街1段與西安街1段313巷口,0,0,1,1,B01,8,6,5,50,14,9,1,5,4,5,13,4,4,9,4,5,2,13,1,53,3,10,7,1,7,9,1,8,1,1,16,1,21,121.5162897,25.1130566
114,02,14,08,28,06松山區,松山區八德路3段158巷與八德路3段口,0,0,1,1,C03,7,7,5,50,14,9,1,5,4,5,13,4,4,9,4,5,2,13,1,24,2,9,5,1,7,9,1,10,1,11,16,1,25,121.5553098,25.0480214
114,02,14,08,30,04大安區,大安區市民大道3段134號,0,0,2,1,C03,7,7,5,40,14,8,1,5,4,5,13,4,4,1,4,4,1,17,2,45,2,9,6,1,7,9,1,10,1,11,16,1,21,121.5349105,25.0447871
114,02,14,08,36,03中山區,中山區中山北路2段與民生西路口,0,0,1,1,C03,8,7,5,50,4,1,1,5,4,5,13,2,1,9,4,5,2,17,2,29,2,9,5,1,7,9,1,10,1,11,108,1,21,121.5227657,25.0582145
114,02,14,08,42,01大同區,大同區延平北路2段與涼州街口,0,0,2,1,C03,7,6,5,50,4,1,1,5,4,5,13,2,1,4,4,5,2,16,1,46,2,9,3,4,7,5,1,10,1,11,74,1,21,121.5113679,25.0606805
114,02,14,08,54,03中山區,中山區中山北路2段與民權西路口,0,0,2,1,C03,8,6,5,50,14,9,1,5,4,5,13,2,1,8,3,5,2,12,2,30,2,8,6,4,7,14,1,10,1,11,113,1,21,121.5224524,25.0630743
114,02,14,09,03,06松山區,松山區南京東路5段250巷2弄33號,0,0,2,1,C03,7,7,5,30,14,9,1,5,4,5,13,4,4,10,5,5,2,16,2,46,3,10,6,1,7,5,1,10,1,11,8,1,21,121.5679576,25.0506736
114,02,14,09,15,03中山區,中山區復興北路402巷與復興北路口,0,0,2,1,H01,7,7,5,50,3,1,1,5,4,5,13,4,4,9,4,5,2,9,2,49,2,9,4,5,8,16,8,20,1,16,60,1,21,121.5561056,25.0543245
114,02,14,10,20,06松山區,松山區復興北路與五常街口,0,0,1,1,B03,8,6,5,50,4,1,1,5,4,5,13,2,1,9,4,5,2,15,1,68,3,10,7,1,7,15,1,8,2,2,71,1,22,121.5443864,25.0643366
114,02,14,10,30,04大安區,大安區市民大道3段與安東街口,0,0,2,1,C03,8,5,5,40,14,9,1,5,4,5,13,2,1,1,4,5,2,13,1,51,2,8,3,4,7,9,1,10,1,11,108,1,21,121.5419907,25.0444953
114,02,14,10,52,08士林區,士林區中山北路6段270號與中山北路6段口對向往南方向路邊停車格120號處及燈桿173號,0,0,1,1,B03,7,5,5,50,14,9,1,5,4,5,13,4,4,1,4,5,2,16,2,52,3,10,7,1,7,7,1,8,2,2,100,1,21,121.5255588,25.11015234
114,02,14,10,54,10文山區,文山區羅斯福路5段與萬盛街口,0,0,1,1,C03,8,6,5,50,4,1,1,5,4,5,13,2,1,1,4,5,2,12,2,49,2,9,6,1,7,9,1,10,1,14,44,1,21,121.5384797,25.0078223
114,02,14,11,00,08士林區,士林區延平北路5段與延平北路5段163巷口,0,0,2,1,C03,7,5,5,50,3,1,1,5,4,5,13,1,1,1,4,5,2,16,1,78,2,8,6,1,7,11,1,10,1,12,10,1,21,121.5101959,25.0825859
114,02,14,11,24,12內湖區,內湖區金湖路363巷25弄與金湖路363巷口,0,0,1,1,C03,7,6,6,30,3,1,1,5,4,5,13,3,1,5,5,5,2,16,2,24,3,10,6,1,7,5,1,10,2,14,72,1,22,121.6015193,25.0732958
114,02,14,11,29,09北投區,北投區中山北路7段219巷3弄171號與中山北路7段219巷3弄口,0,0,2,1,B03,7,6,5,30,3,1,1,5,4,5,13,4,4,10,5,5,2,16,2,47,3,10,7,1,7,5,1,8,1,5,72,1,21,121.5309692,25.12839186
114,02,14,11,44,12內湖區,內湖區康樂街與康湖路口口,0,0,1,1,C03,7,7,5,50,4,2,1,5,4,5,13,2,1,4,1,5,2,12,2,72,2,8,6,1,7,7,1,10,1,14,95,1,21,121.6229916,25.0779506
114,02,14,11,45,11南港區,南港區南港路1段與研究院路1段口,0,0,2,1,C02,8,7,5,50,4,1,1,5,4,5,13,2,1,1,4,5,1,12,1,33,2,9,3,4,7,6,1,9,1,14,99,1,21,121.6165769,25.0550713
114,02,14,11,46,10文山區,文山區木柵路3段102巷12號,0,0,1,1,B03,8,6,5,30,14,9,1,5,4,5,13,4,4,10,5,5,2,16,2,60,3,10,7,1,7,1,1,8,1,8,19,1,21,121.5676979,24.9876805
114,02,14,12,20,04大安區,大安區建國南路1段(往北)億光大樓停車場前,0,0,1,1,A12,8,5,5,40,14,8,1,5,4,5,13,2,1,1,4,5,2,17,1,47,3,10,3,4,7,6,1,1,1,5,9,1,21,121.5381866,25.0356599
114,02,14,12,45,03中山區,中山區新生北路3段76號與新生高架道口迴轉道,0,0,1,1,B02,7,7,5,30,4,1,1,5,4,5,13,2,1,2,4,5,2,17,1,45,3,10,3,4,7,5,1,8,1,8,8,1,21,121.5276801,25.06693641
114,02,14,13,08,02萬華區,萬華區東園街28巷25號,0,0,1,1,C03,7,6,5,30,3,2,1,5,4,5,13,4,4,10,5,5,2,14,1,49,3,10,6,1,7,2,6,18,1,13,12,1,22,121.494945,25.0265316
114,02,14,13,08,03中山區,中山區市民大道2段與中山北路1段口,0,0,1,1,C03,8,7,5,40,4,2,1,5,4,5,13,1,1,1,4,5,2,9,1,18,3,10,5,1,7,9,1,10,1,11,44,1,21,121.5209651,25.0481452
114,02,14,13,10,12內湖區,內湖區安康路與康寧路3段口,0,0,2,1,B03,7,6,5,50,3,1,1,5,4,5,13,2,1,9,4,5,2,16,1,36,2,7,7,1,7,5,1,8,2,4,83,1,21,121.611227,25.0646223
114,02,14,13,12,04大安區,大安區仁愛路4段與光復南路口,0,0,1,1,A02,7,5,5,50,4,2,1,5,4,5,13,2,1,1,4,1,1,16,1,44,3,10,7,1,7,6,1,2,1,2,9,1,21,121.5573996,25.0377615
114,02,14,13,19,02萬華區,萬華區萬大路100號,0,0,1,1,A02,7,6,5,50,14,9,1,5,4,5,13,4,4,1,4,5,2,12,1,59,3,10,3,4,7,9,1,2,1,2,108,1,21,121.5004906,25.0301208
114,02,14,13,30,08士林區,士林區承德路5段與士商路口,0,0,1,1,B03,7,5,5,40,4,2,1,5,4,5,13,2,1,1,4,4,2,16,2,28,3,10,2,1,7,6,1,8,1,6,9,1,21,121.5145241,25.09622832
114,02,14,13,40,03中山區,中山區中山北路2段183號,0,0,2,1,B12,8,6,5,50,14,9,1,5,4,5,13,4,4,3,4,5,2,13,1,57,3,10,3,4,7,9,1,4,1,1,16,1,21,121.5231886,25.0631613
114,02,14,13,40,03中山區,中山區新生北路2段與南京東路1段口,0,0,1,1,B03,8,6,6,50,4,1,1,5,4,5,13,1,1,1,4,5,2,16,1,41,3,10,3,4,7,6,1,8,1,5,9,1,21,121.5275053,25.0522893
114,02,14,14,06,07信義區,信義區信安街49號,0,0,1,1,B03,7,6,5,50,14,9,1,5,4,5,13,4,4,9,4,4,2,16,2,49,3,10,7,1,7,6,1,8,1,2,9,1,21,121.5588036,25.0259921
114,02,14,14,20,08士林區,士林區重慶北路4段與延平北路5段136巷口,0,0,1,1,B02,7,6,5,40,3,1,1,5,4,5,13,4,4,1,4,4,2,17,2,32,3,10,3,4,7,6,1,8,1,2,9,1,21,121.5122953,25.0824087
114,02,14,15,04,03中山區,中山區明水路與明水路397巷口,0,0,1,1,C03,8,6,5,50,14,9,1,5,4,5,13,1,1,8,3,5,2,13,1,34,3,10,6,4,7,9,1,10,1,11,108,1,21,121.547576,25.0773366
114,02,14,15,10,08士林區,士林區德行西路與磺溪街口,0,0,1,1,C03,7,5,5,50,3,1,1,5,4,5,13,1,1,5,5,5,2,17,1,77,3,10,5,1,7,6,1,10,1,14,17,1,22,121.5229234,25.1055526
114,02,14,15,15,08士林區,士林區承德路5段與士商路口,0,0,1,1,B03,7,6,5,60,4,2,1,5,4,5,13,2,1,3,4,4,2,17,2,64,3,10,3,4,7,6,1,8,1,4,9,1,21,121.5140568,25.0961936
114,02,14,15,18,11南港區,南港區東新街77巷15弄與東新街89巷口,0,0,1,1,B03,7,6,5,30,4,1,1,5,4,5,13,4,4,10,5,5,2,16,1,54,3,10,7,1,7,5,1,8,1,8,74,1,21,121.5888229,25.0473597
114,02,14,15,53,09北投區,北投區登山路第073號燈桿前,0,0,1,1,C03,7,6,5,50,11,9,5,5,4,5,13,4,4,10,5,5,1,18,1,18,2,9,5,1,7,5,1,10,2,14,108,1,21,121.472203,25.07651196
114,02,14,15,57,01大同區,大同區忠孝橋機慢車道,0,0,4,1,C03,8,6,5,40,14,11,1,5,4,5,13,4,4,10,5,5,1,13,1,25,2,8,6,1,7,9,1,10,2,11,16,1,21,121.505397,25.0495813
114,02,14,16,05,08士林區,士林區中正路與志成街口,0,0,1,1,B03,7,5,5,50,3,2,1,5,4,5,13,1,1,3,4,4,2,17,1,78,3,10,7,1,7,5,1,8,2,1,8,1,22,121.5303198,25.0962857
114,02,14,16,10,12內湖區,內湖區康寧路3段與安康路口,0,0,1,1,A11,7,6,5,50,4,1,1,5,4,5,13,2,1,5,4,5,2,17,1,64,3,10,7,1,7,6,1,1,2,2,9,1,21,121.6108435,25.0649087
114,02,14,16,31,04大安區,大安區辛亥路2段與復興南路2段口,0,0,1,1,B02,7,6,5,50,3,1,1,5,4,5,13,2,1,1,4,1,2,12,1,65,3,10,3,4,7,10,1,8,1,5,100,1,22,121.5436775,25.0210514
114,02,14,16,50,12內湖區,內湖區民權大橋附近側附近,0,0,1,1,C03,7,7,5,30,8,11,1,5,4,5,13,4,4,4,2,4,2,17,2,56,4,11,3,4,7,9,1,10,11,11,16,2,22,121.5695405,25.0640254
114,02,14,17,12,02萬華區,萬華區堤外便道機車專用道往南3014346燈桿,0,0,2,1,C03,7,5,5,40,14,11,1,5,4,5,13,4,4,1,4,5,2,12,1,27,2,9,6,1,7,9,1,10,1,11,16,1,21,121.5085611,25.0514426
114,02,14,17,18,03中山區,中山區撫順街26號,0,0,1,1,C03,7,5,5,50,14,9,1,5,4,5,13,4,4,9,4,5,2,3,1,57,3,10,5,4,7,9,1,10,1,11,108,1,21,121.5198626,25.0633753
114,02,14,17,30,04大安區,大安區樂利路與樂利路101巷口,0,0,1,1,B03,8,7,5,40,3,1,1,5,4,5,13,4,4,5,4,5,2,12,1,38,3,10,7,1,7,5,1,8,1,8,8,1,21,121.5522077,25.0252395
114,02,14,17,47,04大安區,大安區仁愛路3段與建國南路1段口,0,0,1,1,B03,7,6,5,50,4,2,1,5,4,5,13,2,1,1,4,1,2,17,1,74,3,10,3,4,7,6,1,8,1,4,118,1,22,121.5375883,25.0380502
114,02,14,18,12,03中山區,中山區北安路484號對面,0,0,1,1,B01,7,5,5,50,14,9,1,5,4,5,13,4,4,3,4,5,2,17,1,60,3,10,7,1,7,8,1,4,1,2,100,1,21,121.545367,25.0798476
114,02,14,18,42,03中山區,中山區明水路661號,0,0,2,1,B03,7,5,5,50,14,9,1,5,4,5,13,4,4,9,4,5,2,16,1,57,3,10,7,1,7,5,1,8,1,1,8,1,21,121.5505837,25.0838489
114,02,14,18,50,04大安區,大安區樂業街65巷與樂業街口,0,0,1,1,C03,7,5,5,50,4,1,1,5,4,5,13,4,4,8,3,5,1,3,2,42,3,10,5,1,7,9,1,10,1,11,70,1,21,121.5507034,25.0220327
114,02,14,19,08,05中正區,中正區貴陽街1段243號,0,0,1,1,B03,8,5,5,50,14,9,1,5,4,5,13,4,4,5,4,5,2,12,1,30,3,10,7,1,7,7,1,8,2,4,100,1,22,121.5078834,25.03917277
114,02,14,19,10,05中正區,中正區羅斯福路3段與師大路口,0,0,1,1,C03,7,5,5,50,4,2,1,5,4,5,13,1,1,1,4,5,2,12,1,18,2,8,6,1,7,7,1,10,1,14,100,1,22,121.5273888,25.0212808
114,02,14,19,28,12內湖區,內湖區金龍路與金龍路222巷口,0,0,1,1,C03,7,5,5,50,4,1,1,5,4,5,13,4,4,5,4,5,2,16,2,35,3,10,5,1,7,5,1,10,1,11,74,1,21,121.586935,25.0881945
114,02,14,19,31,06松山區,松山區三民路與富錦街口,0,0,1,1,B03,7,5,5,50,4,1,1,5,4,5,13,2,1,9,4,5,2,17,2,42,3,10,7,1,7,6,1,8,1,7,9,1,22,121.5633606,25.0609374
114,02,14,19,53,02萬華區,萬華區康定路與桂林路口,0,0,1,1,C03,7,5,5,50,4,1,1,5,4,5,13,2,1,5,4,5,2,3,1,113,4,11,3,1,7,5,7,19,11,15,70,1,21,121.5019063,25.03838242
114,02,14,20,03,03中山區,中山區復興北路與民生東路3段口,0,0,3,1,C03,7,5,5,50,4,1,1,5,4,5,13,1,1,1,4,5,2,13,1,21,2,9,6,1,7,9,1,10,1,11,16,1,21,121.5440732,25.05806357
114,02,14,20,03,03中山區,中山區林森北路275號,0,0,1,1,C03,7,5,5,50,14,9,1,5,4,5,13,4,4,5,5,5,2,13,1,44,2,8,3,4,7,9,1,10,1,11,16,1,22,121.5254853,25.05528836
114,02,14,20,58,04大安區,大安區忠孝東路3段81號,0,0,1,1,B03,8,5,5,50,14,9,1,5,4,5,13,4,4,1,3,5,2,17,1,44,3,10,7,1,7,7,1,8,2,4,100,1,21,121.538534,25.0417429
114,02,14,21,52,04大安區,大安區基隆路4段41巷68弄8號,0,0,1,1,C04,7,5,5,30,14,9,1,5,4,5,13,4,4,9,4,5,2,16,1,28,3,10,6,1,7,5,1,10,1,13,8,1,21,121.5414527,25.0116116
114,02,14,22,00,01大同區,大同區延平北路3段與迪化街2段149巷口,0,0,1,1,C03,7,5,5,50,4,2,1,5,4,5,13,1,1,5,2,5,2,17,1,48,3,10,5,1,7,5,1,10,1,13,8,1,21,121.5109425,25.06722785
114,02,14,22,04,12內湖區,內湖區瑞光路583巷與基湖路3巷口,0,0,2,1,C03,7,5,5,50,4,1,1,5,4,5,13,3,1,5,5,5,2,15,1,48,2,2,5,1,7,9,1,10,1,11,72,1,21,121.567871,25.0803456
114,02,14,22,07,10文山區,文山區萬利街2巷與萬樂街口口,0,0,1,1,B03,8,5,5,30,3,1,1,5,4,5,13,4,4,10,5,5,1,16,1,64,3,10,7,4,7,5,1,8,2,4,72,1,21,121.5683156,24.9994802
114,02,14,22,50,01大同區,大同區延平北路4段與酒泉街口,0,0,1,1,B03,8,5,5,50,4,1,1,5,4,5,13,2,1,8,3,5,2,3,1,21,3,10,7,1,7,5,1,8,1,1,70,1,21,121.5112315,25.072098
114,02,14,22,50,07信義區,信義區信義路5段100號,0,0,1,1,B12,7,5,6,50,14,9,1,5,4,5,13,4,4,9,4,5,2,16,1,21,3,10,3,4,7,11,1,8,2,8,10,1,21,121.5653907,25.0324106
114,02,14,23,35,10文山區,文山區萬美街2段與萬美街2段21巷口,0,0,1,1,C04,7,5,5,40,3,2,1,5,4,5,13,1,1,5,5,5,1,20,1,24,2,9,5,1,7,9,1,10,1,11,116,1,22,121.5615439,25.0022477
114,02,15,00,08,04大安區,大安區復興南路2段與瑞安街23巷口,0,0,1,1,C02,7,5,5,50,4,1,1,5,4,5,13,2,1,1,4,5,2,17,1,19,3,10,3,4,7,5,7,19,1,11,71,1,22,121.543625,25.0310737
114,02,15,04,33,06松山區,松山區八德路4段72巷與八德路4段72巷12弄口,0,0,1,1,B03,7,5,5,30,4,1,1,5,4,5,13,4,4,10,5,5,2,15,1,32,3,10,7,1,7,9,1,8,1,2,72,1,22,121.5602543,25.04697686
114,02,15,05,10,11南港區,南港區舊莊街1段100號,0,0,1,1,B03,7,5,5,50,14,9,1,5,4,5,13,2,1,5,2,5,2,12,1,40,2,8,3,4,7,9,3,18,2,1,107,1,26,121.6195334,25.040495
114,02,15,05,53,01大同區,大同區延平北路1段與鄭州路口,0,0,1,1,C03,8,6,5,40,4,2,1,5,4,5,13,2,1,9,4,5,2,17,2,64,2,9,6,4,7,9,1,10,1,11,81,1,22,121.5119061,25.0497754