發生年度,發生月,發生日,發生時-Hours,發生分,區序,肇事地點,死亡人數,2-30日死亡人數,受傷人數,當事人序號,車種,天候,光線,道路類別,速限-速度限制,道路型態,事故位置,路面狀況1,路面狀況2,路面狀況3,道路障礙1,道路障礙2,號誌1,號誌2,車道劃分-分向,車道劃分-分道1,車道劃分-分道2,車道劃分-分道3,事故類型及型態,性別,年齡,受傷程度,主要傷處,保護裝置,行動電話,車輛用途,當事者行動狀態,駕駛資格情形,駕駛執照種類,飲酒情形,車輛撞擊部位1,肇因碼-個別,個人肇逃否,職業,座標-X,座標-Y
114,02,15,06,27,08士林區,士林區承德橋南往北,0,0,2,1,C03,8,6,5,50,8,9,1,5,4,5,13,4,4,3,4,5,1,13,1,29,2,9,6,1,7,9,1,10,2,11,108,1,21,121.5213583,25.0784336
114,02,15,06,54,04大安區,大安區建國南路2段27號與無名巷口,0,0,1,1,F01,8,7,5,50,3,1,1,5,4,5,13,3,1,1,4,5,2,17,2,72,2,9,4,1,7,9,8,20,1,11,108,1,21,121.538015,25.0323484
114,02,15,07,34,11南港區,南港區研究院路2段與福山街口,0,0,1,1,C03,8,6,5,50,5,2,1,5,4,5,13,2,1,1,4,5,2,15,2,22,2,9,6,1,7,9,1,10,1,14,81,1,21,121.616489,25.0454596
114,02,15,08,07,11南港區,南港區研究院路2段1號,0,0,1,1,B03,8,6,5,50,14,9,1,5,4,5,13,4,4,1,4,5,2,12,1,45,3,10,3,4,7,7,1,8,1,4,100,1,22,121.6159107,25.0485585
114,02,15,08,20,05中正區,中正區和平西路2段與莒光路口,0,0,1,1,C03,8,7,5,50,3,1,1,5,4,5,13,1,1,1,2,5,2,16,2,55,2,9,6,1,7,5,1,10,1,11,8,1,22,121.5078439,25.0313433
114,02,15,08,43,03中山區,中山區松江路與民族東路口,1,0,0,1,A31,8,6,5,50,4,1,1,5,4,5,13,2,1,1,4,5,2,16,1,62,3,10,7,4,7,6,1,1,2,2,9,1,21,121.5329737,25.0683272
114,02,15,09,00,04大安區,大安區新生南路2段與新生南路2段46巷口口,0,0,1,1,B03,8,7,5,40,3,2,1,5,4,5,13,4,4,1,1,5,1,17,1,65,3,10,7,1,7,2,1,8,2,3,12,1,21,121.533937,25.0292993
114,02,15,09,09,08士林區,士林區中山北路6段與中山北路6段450巷口,0,0,1,1,B02,8,5,5,50,5,2,1,5,4,5,13,1,1,1,4,5,2,16,1,59,3,10,7,1,7,11,1,8,1,4,10,1,21,121.5273689,25.1143304
114,02,15,09,26,04大安區,大安區信義路3段與建國南路2段口,0,0,1,1,C03,8,7,5,50,4,1,1,5,4,5,13,2,1,1,4,5,2,13,1,56,2,9,6,1,7,9,1,10,1,11,108,1,21,121.5380162,25.0332727
114,02,15,09,27,02萬華區,萬華區西藏路與西園路2段口,0,0,1,1,C03,8,7,5,50,4,1,1,5,4,5,13,1,1,1,4,5,2,17,2,23,2,9,6,1,7,5,1,10,1,14,8,1,21,121.4957703,25.0287461
114,02,15,09,40,12內湖區,內湖區成功路5段與大湖山莊街口口,0,0,1,1,B03,8,5,5,40,3,1,1,5,4,5,13,4,4,1,4,4,2,16,1,45,3,10,7,1,7,6,1,8,1,6,9,1,21,121.602018,25.0840736
114,02,15,10,19,10文山區,文山區木柵路4段與萬芳路口,0,0,1,1,C03,8,5,5,50,4,2,1,5,4,5,13,2,1,5,4,5,2,13,1,58,2,9,6,1,7,9,1,10,2,11,108,1,21,121.5717504,24.99487514
114,02,15,10,27,05中正區,中正區重慶南路2段7巷與南昌路1段口口,0,0,1,1,B03,8,6,5,50,4,1,1,5,4,5,13,4,4,5,4,5,2,15,1,36,3,10,3,4,7,9,1,8,1,1,72,1,21,121.5148905,25.0342752
114,02,15,10,40,05中正區,中正區博愛路與貴陽街1段口,0,0,2,1,C03,8,6,5,50,4,1,1,5,4,5,13,1,1,10,4,5,2,16,1,52,2,9,6,4,7,6,1,10,1,12,9,1,22,121.5114256,25.03907025
114,02,15,11,22,09北投區,北投區中央北路4段與中央北路4段515巷口,0,0,2,1,C03,8,6,5,50,14,9,1,5,4,5,13,1,1,9,4,5,2,16,2,70,2,7,5,1,7,5,1,10,1,11,80,1,21,121.468394,25.1281547
114,02,15,11,40,07信義區,信義區吳興街156巷33弄與吳興街156巷口,0,0,1,1,C03,8,6,5,30,3,2,1,5,4,5,13,4,4,5,5,5,2,16,2,64,2,9,5,1,7,6,1,10,2,14,74,1,22,121.5605995,25.0284035
114,02,15,12,11,07信義區,信義區吳興街220巷11弄14號,0,0,1,1,C04,8,7,5,30,14,9,1,5,4,5,13,4,4,10,5,5,2,12,1,72,2,6,6,1,7,9,1,8,1,12,17,1,21,121.5623465,25.0278875
114,02,15,12,20,02萬華區,萬華區西園路2段與寶興街口,0,0,1,1,B03,8,5,5,50,4,1,1,5,4,5,13,2,1,1,4,5,2,16,1,25,3,10,3,4,7,6,1,8,1,2,9,1,22,121.4937584,25.0268022
114,02,15,12,25,05中正區,中正區徐州路2-2號,0,0,1,1,C03,8,6,5,50,14,9,1,5,4,5,13,4,4,9,4,4,2,13,1,33,2,9,6,1,7,9,1,10,1,11,108,1,22,121.5212486,25.0412251
114,02,15,12,43,01大同區,大同區民權西路與延平北路3段口,0,0,2,1,F02,8,6,5,50,4,2,1,5,4,5,13,2,1,8,3,5,1,16,1,13,2,9,4,1,7,5,8,20,2,14,8,1,21,121.511096,25.0630046
114,02,15,12,48,04大安區,大安區金山南路2段228號,0,0,1,1,B02,8,6,5,50,14,9,1,5,4,5,13,4,4,1,4,5,2,16,1,52,3,10,7,1,7,6,1,8,1,2,9,1,22,121.5259277,25.0273859
114,02,15,13,21,08士林區,士林區中正路與志成街口,0,0,1,1,C03,8,6,5,50,4,2,1,5,4,5,13,3,1,10,4,5,1,17,1,24,2,8,6,1,7,11,1,10,1,12,10,1,21,121.530255,25.0962223
114,02,15,13,24,02萬華區,萬華區環河南路1段與康定路口,0,0,2,1,C03,8,7,5,50,3,1,1,5,4,5,13,2,1,9,4,5,2,16,1,77,2,9,3,4,7,5,6,18,1,11,71,1,22,121.5032579,25.0461625
114,02,15,13,35,03中山區,中山區長安東路2段與松江路口,0,0,2,1,B03,8,6,5,50,4,1,1,5,4,5,13,1,1,1,4,5,2,16,1,73,3,10,7,1,7,6,1,8,2,5,9,1,22,121.5328283,25.0485566
114,02,15,14,14,10文山區,文山區指南路2段與指南路2段197巷口,0,0,1,1,B03,7,6,5,40,3,1,1,5,4,5,13,3,1,10,5,5,2,16,1,25,3,10,7,1,7,5,1,8,2,5,72,1,21,121.5782778,24.9871474
114,02,15,14,30,10文山區,文山區木新路3段95巷7弄與木新路3段95巷口,0,0,2,1,C03,8,5,5,30,4,1,1,5,4,5,13,4,4,10,5,5,1,17,2,31,2,9,5,1,7,9,1,10,1,12,72,1,21,121.5630658,24.9814709
114,02,15,15,05,03中山區,中山區北安路與自強隧道(外)口,0,0,3,1,C03,8,7,5,50,11,9,1,5,4,5,13,1,1,8,3,5,2,12,1,20,2,9,6,4,7,9,1,10,2,11,108,1,21,121.5503802,25.0848051
114,02,15,15,50,05中正區,中正區杭州南路1段23-4號,0,0,1,1,C03,8,6,5,50,14,9,1,5,4,5,13,4,4,10,4,5,2,16,1,24,2,9,5,1,7,7,1,10,2,14,100,1,22,121.5262345,25.0419705
114,02,15,16,05,08士林區,士林區中正路與志成街口,0,0,1,1,B03,7,6,5,50,3,1,1,5,4,5,13,1,1,3,4,4,2,17,1,36,3,10,7,1,7,11,1,8,2,5,10,1,22,121.5299975,25.0962288
114,02,15,16,09,12內湖區,內湖區南京東路6段與新明路380巷口口,0,0,1,1,B03,8,5,5,30,3,1,1,5,4,5,13,4,4,10,5,5,2,3,1,65,4,11,7,1,7,15,1,8,11,15,118,2,21,121.5800028,25.0559113
114,02,15,16,30,06松山區,松山區復興北路479巷與無名巷口,0,0,1,1,F01,8,6,5,30,4,1,1,5,4,5,13,4,4,10,5,5,2,16,2,66,2,9,4,1,7,7,8,20,1,11,5,1,22,121.5446519,25.06481389
114,02,15,16,45,02萬華區,萬華區柳州街與桂林路口,0,0,2,1,B01,7,6,5,50,4,2,1,5,4,5,13,2,1,5,4,4,1,17,1,69,3,10,3,4,7,9,1,8,1,8,108,1,22,121.5051771,25.0377682
114,02,15,17,09,07信義區,信義區忠孝東路5段71巷11弄18號,0,0,1,1,B03,8,6,5,30,14,9,1,5,4,5,13,4,4,10,5,5,2,2,1,41,3,10,3,4,7,9,1,8,9,2,108,1,21,121.5678684,25.04191525
114,02,15,17,48,06松山區,松山區八德路4段580號,0,0,1,1,B03,7,5,5,50,14,9,1,5,4,5,13,4,4,8,3,5,2,17,1,48,3,10,7,1,7,7,1,8,1,4,100,1,22,121.5717159,25.0498709
114,02,15,17,51,04大安區,大安區和平東路1段與羅斯福路2段口,0,0,1,1,C03,8,5,5,50,4,4,1,5,4,5,13,2,1,1,4,5,2,12,1,73,4,11,6,1,7,15,1,10,9,15,114,2,21,121.5233298,25.0270914
114,02,15,18,08,12內湖區,內湖區環山路3段與內湖路2段103巷口,0,0,1,1,B03,8,5,5,50,3,1,1,5,4,5,13,2,1,9,4,5,2,16,1,67,3,10,7,1,7,5,1,8,2,2,71,1,21,121.5812501,25.0848031
114,02,15,18,10,06松山區,松山區民權東路3段與敦化北路口,0,0,1,1,A02,8,5,5,50,4,1,1,5,4,5,13,1,1,1,4,5,2,12,1,29,3,10,7,1,7,9,1,2,2,2,13,1,22,121.5503743,25.0615315
114,02,15,18,11,08士林區,堤外與通河東街1段引道口,0,0,1,1,B03,8,5,5,30,3,1,1,5,4,5,13,4,4,10,5,5,2,16,1,41,3,10,7,1,7,5,3,18,1,8,8,1,26,121.5154312,25.0868179
114,02,15,18,33,01大同區,大同區民生西路239號,0,0,3,1,C03,7,5,5,50,14,9,1,5,4,5,13,4,4,5,5,5,2,13,1,22,2,8,6,1,7,9,1,10,1,11,108,1,21,121.5153268,25.057082
114,02,15,19,03,02萬華區,萬華區長順街底右轉堤外便道南向北,0,0,2,1,C03,8,5,5,40,14,7,1,5,4,5,13,4,4,10,5,5,2,10,1,63,2,7,6,1,7,15,1,10,1,12,102,1,22,121.4886384,25.032753
114,02,15,19,40,07信義區,信義區忠孝東路4段與逸仙路口,0,0,1,1,,7,5,8,50,3,1,1,5,4,5,13,1,1,3,4,5,2,17,4,0,,,,,,,,,,,119,2,,121.5617646,25.0413283
114,02,15,19,51,09北投區,北投區中和街與中和街57巷口,0,0,1,1,C03,7,5,5,50,3,1,1,5,4,5,13,4,4,9,5,5,2,17,1,56,2,9,6,1,7,9,1,10,9,14,118,1,21,121.502151,25.138661
114,02,15,21,35,12內湖區,內湖區洲子街與內湖路1段518巷口,0,0,2,1,C03,7,5,5,50,4,1,1,5,4,5,13,1,1,4,1,5,1,16,1,22,2,8,3,4,7,5,1,10,1,11,74,1,21,121.5735256,25.0791325
114,02,15,21,36,09北投區,北投區中央北路2段與稻香路口,0,0,1,1,C03,8,5,5,50,5,1,1,5,4,5,13,1,1,4,4,5,2,16,1,49,3,10,6,1,7,6,1,10,1,11,82,1,21,121.4914484,25.1385524
114,02,15,22,01,05中正區,中正區南昌路1段10巷與南昌路1段口,0,0,2,1,C03,8,5,5,30,3,1,1,5,4,5,13,4,4,5,2,5,2,17,1,25,2,9,5,1,7,5,1,10,2,14,8,1,21,121.5157096,25.0332527
114,02,15,22,05,03中山區,中山區民權西路53號,0,0,1,1,B03,7,5,5,50,14,9,1,5,4,5,13,4,4,3,4,5,2,12,1,29,3,10,7,1,7,9,1,8,1,2,108,1,21,121.5207147,25.0629065
114,02,15,22,51,08士林區,士林區基河路240巷與基河路口,0,0,2,1,B03,7,6,5,50,4,2,1,5,4,5,13,1,1,9,4,5,1,16,1,23,3,10,3,4,7,5,1,8,1,1,71,1,21,121.5214862,25.091324
114,02,15,23,00,07信義區,信義區松智路與松智路9巷口,0,0,1,1,C03,8,5,5,50,3,1,1,5,4,5,13,4,4,9,4,5,2,17,1,28,3,10,6,1,7,9,1,10,1,17,13,1,22,121.5655956,25.0378601
114,02,15,23,19,07信義區,信義區林口街與松山路615巷口,0,0,1,1,B03,7,5,5,40,4,1,1,5,4,5,13,4,4,9,4,4,2,16,1,46,3,10,3,4,7,6,1,8,2,2,9,1,21,121.57916,25.0368922
114,02,15,23,30,07信義區,信義區基隆路1段102巷(第14號停車格前),0,0,1,1,B03,8,5,5,50,14,9,1,5,4,5,13,4,4,9,5,5,2,17,2,75,3,10,3,4,7,2,1,8,9,3,12,1,21,121.5670364,25.03289145
114,02,16,00,05,01大同區,大同區民生西路88號,0,0,2,1,C03,7,5,5,50,14,9,1,5,4,5,13,4,4,5,2,5,2,17,1,59,3,10,5,1,7,9,1,10,1,13,44,1,21,121.5200983,25.05759194
114,02,16,01,30,09北投區,北投區中和街447號,0,0,1,1,C03,8,5,5,50,14,9,1,5,4,5,13,4,4,8,3,5,2,17,2,14,2,1,6,1,7,9,2,18,1,11,42,1,21,121.497464,25.1445175
114,02,16,01,47,03中山區,中山區中山北路3段花博公園彩虹橋下,0,0,1,1,F01,8,5,5,50,14,9,1,5,4,5,13,1,1,1,5,5,2,18,1,54,2,1,2,4,7,9,8,20,9,11,116,1,21,121.5233078,25.0706926
114,02,16,03,30,02萬華區,萬華區環河南路1段與康定路口,0,0,1,1,B02,8,5,5,50,5,1,1,5,4,5,13,3,1,5,5,5,2,16,1,32,3,10,7,1,7,5,6,4,2,5,71,1,26,121.5032411,25.04619834
114,02,16,03,37,04大安區,大安區辛亥路2段121號對面,0,0,1,1,C04,7,5,5,50,14,9,1,5,4,5,13,4,4,9,4,4,1,13,1,43,2,4,3,4,7,9,1,10,7,11,108,1,22,121.5405879,25.0210924
114,02,16,03,51,01大同區,大同區歸綏街與萬全街103巷口,0,0,2,1,C03,8,5,5,30,4,1,1,5,4,5,13,4,4,10,5,5,2,15,2,30,2,5,5,1,7,9,1,10,1,15,72,1,21,121.5162162,25.0587106
114,02,16,07,25,06松山區,松山區市民大道4段與八德路3段158巷口,0,0,2,1,C03,8,6,5,30,3,2,1,5,4,5,13,4,4,1,4,5,2,15,1,41,2,9,6,4,7,6,1,10,2,14,72,1,21,121.5554051,25.04477597
114,02,16,08,40,10文山區,文山區和平東路4段與和平東路4段155巷口口,0,0,1,1,C04,8,6,5,40,14,9,1,5,4,5,13,4,4,5,5,5,1,18,2,55,2,9,5,1,7,9,1,11,9,14,116,1,21,121.56956,25.0048742
114,02,16,10,55,10文山區,文山區木柵路1段與辛亥路6段口,0,0,2,1,C03,7,6,5,50,4,1,1,5,4,5,13,1,1,10,5,5,2,17,1,20,2,9,3,4,7,5,1,10,1,11,74,1,22,121.5523975,24.9878649
114,02,16,13,03,10文山區,文山區木新路2段與指南路1段口,0,0,1,1,B03,7,6,5,50,3,1,1,5,4,5,13,1,1,10,5,5,2,13,1,20,3,10,7,1,7,5,1,8,2,8,16,1,21,121.5706837,24.98772
114,02,16,13,19,02萬華區,萬華區寶興街與西園路2段口,0,0,2,1,C03,7,7,5,50,4,1,1,5,4,5,13,2,1,9,5,5,2,16,2,67,2,9,3,4,7,5,3,18,1,11,71,1,22,121.4937883,25.0267984
114,02,16,16,48,04大安區,大安區信義路4段294巷與文昌街口,0,0,1,1,C03,8,6,5,50,14,9,1,5,4,5,13,4,4,8,3,5,2,12,2,51,2,9,6,1,7,8,1,10,1,11,100,1,21,121.5542883,25.0325866
114,02,16,17,45,09北投區,北投區大業路與承德路7段口,0,0,2,1,C03,7,7,5,50,5,2,1,5,4,5,13,2,1,1,4,5,2,16,1,36,2,9,3,4,7,5,1,10,1,14,8,1,22,121.4995778,25.1212224
114,02,16,18,11,05中正區,中正區泰安街與泰安街3巷口,0,0,1,1,B03,8,5,5,30,4,2,1,5,4,5,13,4,4,10,5,5,2,17,1,47,3,10,7,1,7,5,1,8,2,17,72,1,26,121.5280539,25.040017
114,02,16,18,25,03中山區,中山區建國北路1段與八德路2段口,0,0,1,1,B03,7,5,5,50,4,1,1,5,4,5,13,1,1,9,4,5,2,16,1,33,3,10,7,1,7,6,1,8,1,2,9,1,21,121.5368349,25.04679163
114,02,16,18,50,06松山區,松山區塔悠路與八德路4段口,0,0,2,1,C03,7,5,5,50,5,1,1,5,4,5,13,1,1,1,3,5,2,16,1,21,2,9,6,1,7,11,1,10,1,13,10,1,25,121.5721947,25.0500762
114,02,16,21,17,08士林區,士林區重慶北路4段49巷與重慶北路4段49巷40弄口,0,0,1,1,C03,7,5,5,30,4,1,1,5,4,5,13,4,4,10,5,5,2,17,2,76,2,9,6,1,7,9,1,10,1,11,75,1,21,121.5116963,25.08099081
114,02,16,23,03,02萬華區,萬華區康定路與成都路口,0,0,1,1,B03,8,5,5,50,4,1,1,5,4,5,13,2,1,5,4,4,2,17,1,55,3,10,7,1,7,5,1,8,2,2,71,1,21,121.5025858,25.0435639
114,02,16,23,30,08士林區,士林區通河西街1段與堤外便道口槌球場停車場旁,0,0,2,1,C03,8,5,5,50,3,1,1,5,4,5,13,4,4,9,4,5,2,16,1,44,2,9,5,1,7,5,6,10,2,13,13,1,21,121.5126501,25.0859146
114,02,17,07,11,09北投區,北投區復興三路(電線桿復三幹90旁),0,0,1,1,C03,7,7,5,30,11,9,1,5,4,5,13,4,4,10,5,5,2,17,1,54,2,9,5,1,7,9,1,10,2,14,5,1,21,121.4975439,25.16161077
114,02,17,07,15,11南港區,南港區市民大道7段與向陽路口,0,0,2,1,C03,7,6,6,50,4,1,1,5,4,5,13,2,1,1,3,5,2,13,1,48,2,9,3,4,7,9,1,10,1,11,16,1,21,121.5953278,25.0514082
114,02,17,07,20,02萬華區,萬華區西園路1段與桂林路口,0,0,2,1,C03,8,7,5,40,4,2,1,5,4,5,13,2,1,9,4,4,2,17,2,21,2,8,5,1,7,12,1,10,1,14,44,1,21,121.4996187,25.0384376
114,02,17,07,25,09北投區,北投區石牌路1段58巷24號附近側附近,0,0,1,1,B03,7,7,5,30,14,9,1,5,4,5,13,4,4,10,5,5,2,2,1,66,3,10,7,1,7,9,1,8,1,5,42,1,22,121.5117818,25.112715
114,02,17,07,31,03中山區,中山區中山北路1段與南京東路1段口,0,0,2,1,,7,5,5,50,4,1,1,5,4,5,13,1,1,5,4,5,2,17,4,0,4,11,3,4,7,21,7,19,11,15,119,2,22,121.522979,25.05237477
114,02,17,07,32,12內湖區,內湖區康寧路1段與星雲街口,0,0,2,1,C03,8,7,8,50,4,1,1,5,4,5,13,1,1,5,5,5,2,16,2,50,2,9,5,1,7,5,1,10,1,11,74,1,21,121.5936699,25.0794293
114,02,17,07,43,08士林區,士林區基河路與大南路口,0,0,1,1,B12,8,6,5,50,4,1,1,5,4,5,13,1,1,4,4,5,2,17,1,22,3,10,3,4,7,1,1,8,1,6,19,1,21,121.522532,25.0899402
114,02,17,07,45,01大同區,大同區台北橋機慢車專用道往台北,0,0,2,1,C03,8,6,5,40,8,11,1,5,4,5,13,4,4,1,5,5,2,17,2,31,2,5,6,1,7,9,1,10,1,11,16,1,21,121.5081089,25.06335
114,02,17,07,50,10文山區,文山區木柵路5段(距深坑區約100公尺),0,0,1,1,A04,8,6,5,50,14,9,1,5,4,5,13,4,4,5,4,5,1,9,1,40,3,10,7,1,7,9,1,2,1,17,118,1,21,121.5952078,25.002807
114,02,17,07,53,05中正區,中正區和平西路1段與重慶南路3段口口,0,0,1,1,C03,8,6,5,50,5,1,1,5,4,5,13,1,1,1,4,5,2,12,1,38,4,11,5,1,7,15,1,10,9,15,16,2,22,121.5155353,25.0273646
114,02,17,08,00,02萬華區,萬華區東園街73巷65號,0,0,1,1,B03,8,7,5,30,14,9,1,5,4,5,13,4,4,10,5,5,2,17,1,41,3,10,7,1,7,14,1,8,1,4,40,1,21,121.4990678,25.0265459
114,02,17,08,03,01大同區,大同區民族西路78號,0,0,1,1,B03,7,6,5,50,14,9,1,5,4,5,13,4,4,5,5,5,2,17,1,49,3,10,7,1,7,7,1,8,2,17,100,1,21,121.5176879,25.0684882
114,02,17,08,03,07信義區,信義區福德街221巷21號,0,0,1,1,C03,8,6,5,30,12,9,1,5,4,5,13,4,4,10,5,5,1,17,1,78,3,10,3,4,7,9,1,10,1,14,5,1,21,121.5855291,25.0332084
114,02,17,08,17,11南港區,南港區昆陽街23號,0,0,1,1,H01,8,6,5,30,14,9,1,5,4,5,13,4,4,9,5,5,2,3,1,56,2,9,4,5,8,16,8,20,10,16,121,1,21,121.5926849,25.0530461
114,02,17,08,20,12內湖區,內湖區康樂街118號,0,0,1,1,B02,8,6,5,50,14,9,1,5,4,5,13,4,4,10,5,5,2,16,1,38,3,10,7,1,7,1,1,8,2,8,19,1,21,121.6195999,25.0701687
114,02,17,08,21,09北投區,北投區大業路527巷1202652號燈桿,0,0,1,1,B03,8,7,5,40,14,9,1,5,4,5,13,4,4,5,4,5,2,16,1,47,3,10,7,1,7,6,1,8,1,5,9,1,22,121.496135,25.13439695
114,02,17,08,30,03中山區,中山區松江路與長春路口,0,0,2,1,C03,7,6,5,50,4,1,1,5,4,5,13,1,1,1,4,5,2,13,1,30,2,8,5,4,7,9,1,9,1,12,16,1,21,121.5331953,25.0547436
114,02,17,08,44,11南港區,南港區松河街417停車格號,0,0,1,1,B03,8,6,5,50,14,9,1,5,4,5,13,4,4,8,3,5,2,17,2,26,3,10,3,4,7,1,1,8,2,4,19,1,21,121.5887108,25.0550663
114,02,17,08,47,05中正區,中正區杭州南路1段117號,0,0,2,1,H01,8,6,6,50,14,9,1,5,4,5,13,4,4,10,4,5,2,6,1,26,2,8,4,5,8,18,8,20,10,16,121,1,21,121.5247641,25.0369015
114,02,17,08,47,06松山區,松山區民權東路3段與民族東路口,0,0,1,1,B01,8,6,5,50,3,1,1,5,4,5,13,4,4,3,4,5,2,17,1,68,3,10,7,1,7,6,1,4,2,17,9,1,21,121.5499323,25.06175485
114,02,17,08,54,03中山區,中山區北安路與通北街口,0,0,1,1,C03,8,6,5,50,3,1,1,5,4,5,13,1,1,3,4,5,2,17,1,65,2,8,6,1,7,5,1,10,1,14,118,1,21,121.5412833,25.07968521
114,02,17,09,00,10文山區,文山區興隆路2段220巷與興隆路2段275巷口,0,0,1,1,B03,7,6,5,50,4,2,1,5,4,5,13,2,1,5,5,5,2,16,1,33,3,10,7,1,7,6,1,8,2,8,108,1,21,121.5528239,25.0014268
114,02,17,09,18,10文山區,文山區羅斯福路5段與萬盛街口,0,0,1,1,C03,8,6,5,50,4,18,1,5,4,5,13,2,1,1,4,5,2,9,1,36,3,10,6,1,7,9,1,10,2,12,70,1,21,121.5384787,25.0078214
114,02,17,09,20,04大安區,大安區辛亥路3段21巷和平籃球館旁,0,0,1,1,B03,8,7,5,30,14,9,1,5,4,5,13,4,4,9,5,5,2,17,1,63,3,10,3,4,7,11,1,8,1,5,10,1,21,121.5455586,25.0223336
114,02,17,09,34,09北投區,北投區中央南路1段159號,0,0,1,1,B03,7,7,5,50,14,9,1,5,4,5,13,4,4,9,5,5,2,9,1,47,3,10,7,1,7,14,1,8,1,3,108,1,21,121.5010976,25.1294443
114,02,17,09,47,03中山區,中山區一江街與松江路124巷口,0,0,1,1,C03,8,7,5,30,4,1,1,5,4,5,13,4,4,9,5,5,2,15,2,35,2,9,6,1,7,1,1,10,1,11,19,1,21,121.5315387,25.0525921
114,02,17,10,32,04大安區,大安區敦化南路1段190巷與忠孝東路4段77巷口,0,0,2,1,C04,7,6,5,30,4,1,1,5,4,5,13,4,4,10,3,5,2,15,1,30,2,9,6,1,7,9,1,8,1,11,72,1,21,121.5472173,25.0426347
114,02,17,10,45,07信義區,信義區林口街80巷與福德街口側附近84巷口,0,0,1,1,C03,7,7,5,30,4,1,1,5,4,5,13,4,4,10,5,5,2,15,1,68,3,10,5,4,7,9,1,10,1,11,72,1,22,121.5803994,25.03955598
114,02,17,11,01,06松山區,松山區新東街與新東街45巷口,0,0,1,1,C03,8,5,5,30,3,1,1,5,4,5,13,4,4,10,3,5,2,2,1,37,3,10,3,4,7,9,1,10,2,14,17,1,22,121.5652923,25.0613794
114,02,17,11,22,05中正區,中正區公園路與貴陽街1段口,0,0,1,1,B03,8,7,5,50,4,1,1,5,4,5,13,2,1,5,2,5,2,16,2,45,3,10,7,1,7,5,1,8,2,8,74,1,22,121.5152387,25.038604
114,02,17,11,36,05中正區,中正區愛國西路小南門捷運站1號出口,0,0,1,1,B03,8,5,5,50,14,9,1,5,4,5,13,4,4,1,4,1,1,17,1,76,3,10,7,1,7,4,1,8,2,2,108,1,21,121.5103458,25.0361348
114,02,17,11,37,05中正區,中正區市民大道2段與金山北路口,0,0,2,1,H01,8,6,5,40,4,2,1,5,4,5,13,2,1,1,4,5,2,6,1,78,3,10,4,5,8,18,8,20,10,17,121,1,21,121.5307881,25.0458864
114,02,17,11,39,11南港區,南港區研究院路2段39-4號,0,0,2,1,C03,8,6,5,50,14,9,1,5,4,5,13,4,4,1,4,5,2,12,2,55,2,9,6,1,7,9,1,10,1,11,44,1,21,121.6156807,25.0449355
114,02,17,11,52,03中山區,中山區建國南路1段與市民大道3段口,0,0,1,1,C03,8,6,5,50,14,9,1,5,4,5,13,4,4,8,3,5,2,12,1,41,3,10,5,4,7,9,1,10,2,15,108,1,21,121.536947,25.0452564
114,02,17,12,27,04大安區,大安區臨江街與通化街39巷50弄口,0,0,1,1,C03,8,6,5,30,4,1,1,5,4,5,13,4,4,10,5,5,2,3,1,27,3,10,6,4,7,9,1,10,1,11,108,1,21,121.5552502,25.0299815
114,02,17,12,36,07信義區,信義區虎林街164巷19號,0,0,2,1,C03,8,6,5,30,14,9,1,5,4,5,13,4,4,10,5,5,1,13,2,25,2,9,3,4,7,9,1,10,1,11,16,1,22,121.5757559,25.03875827
114,02,17,12,43,04大安區,大安區基隆路4段台大停車場出入口,0,0,1,1,B03,8,6,5,40,14,8,1,5,4,5,13,4,4,1,4,4,2,16,1,22,3,10,7,1,7,6,1,8,1,2,9,1,22,121.5388735,25.0128007
114,02,17,12,46,07信義區,信義區松仁路與松仁路253巷口,0,0,2,1,C03,7,7,5,30,4,1,1,5,4,5,13,3,1,10,5,5,2,15,1,69,2,8,5,4,7,9,1,10,1,14,72,1,21,121.5690669,25.02544593
114,02,17,12,51,09北投區,北投區石牌路1段166巷與石牌路口側附近1段166巷69弄口,0,0,2,1,C03,7,6,5,30,4,1,1,5,4,5,13,4,4,10,5,5,2,15,1,68,2,9,5,1,7,9,1,10,2,12,72,1,21,121.5147248,25.1128407
114,02,17,13,04,07信義區,信義區基隆路1段與松隆路口,0,0,1,1,C03,8,6,5,50,3,2,1,5,4,5,13,2,1,1,4,5,1,13,1,20,2,9,3,4,7,9,1,10,1,11,76,1,22,121.5657997,25.0431378
114,02,17,13,45,03中山區,中山區合江街與合江街20巷口,0,0,2,1,C03,8,6,5,30,4,1,1,5,4,5,13,4,4,9,4,5,2,16,2,35,2,9,5,1,7,9,6,10,1,11,72,1,21,121.5391112,25.0551431
114,02,17,13,45,12內湖區,內湖區民權東路6段11巷與民權東路6段口口,0,0,1,1,C03,7,5,5,50,4,1,1,5,4,5,13,1,1,1,4,5,2,17,2,26,2,9,6,1,7,6,1,10,2,14,9,1,21,121.578028,25.0667357
114,02,17,14,30,03中山區,中山區伊通街與松江路69巷口,0,0,1,1,B03,7,5,5,50,4,1,1,5,4,5,13,4,4,9,5,5,2,16,2,40,3,10,3,4,7,11,1,8,1,8,10,1,21,121.5347285,25.04942073
114,02,17,15,06,08士林區,士林區天母西路18-3號,0,0,2,1,C03,7,6,5,50,14,9,1,5,4,5,13,4,4,5,5,5,2,17,2,52,2,8,6,1,7,9,1,10,1,11,44,1,21,121.527484,25.1183858