發生年度,發生月,發生日,發生時-Hours,發生分,區序,肇事地點,死亡人數,2-30日死亡人數,受傷人數,當事人序號,車種,天候,光線,道路類別,速限-速度限制,道路型態,事故位置,路面狀況1,路面狀況2,路面狀況3,道路障礙1,道路障礙2,號誌1,號誌2,車道劃分-分向,車道劃分-分道1,車道劃分-分道2,車道劃分-分道3,事故類型及型態,性別,年齡,受傷程度,主要傷處,保護裝置,行動電話,車輛用途,當事者行動狀態,駕駛資格情形,駕駛執照種類,飲酒情形,車輛撞擊部位1,肇因碼-個別,個人肇逃否,職業,座標-X,座標-Y
114,02,17,16,29,03中山區,中山區中山北路2段與中山北路2段39巷口,0,0,1,1,B03,7,5,5,50,3,1,1,5,4,5,13,4,4,5,4,5,2,13,1,44,3,10,3,4,7,7,1,8,1,7,100,1,21,121.5230595,25.05410373
114,02,17,16,30,06松山區,松山區南京東路3段與復興北路口,0,0,1,1,C03,8,7,5,50,4,1,1,5,4,5,13,1,1,1,4,5,2,13,1,18,3,10,6,1,7,6,3,18,1,13,9,1,21,121.5441543,25.0515647
114,02,17,17,15,08士林區,士林區重陽橋機車道往三重,0,0,1,1,C03,7,6,5,50,14,11,1,5,4,5,13,4,4,1,4,5,2,13,1,29,2,8,6,1,7,9,1,10,1,11,16,1,21,121.5071934,25.0862596
114,02,17,17,47,07信義區,信義區信義路5段8號,0,0,1,1,C03,7,5,5,50,14,9,1,5,4,5,13,2,1,8,3,5,2,17,1,31,2,9,3,4,7,9,1,10,1,11,16,1,21,121.5610646,25.0329492
114,02,17,18,06,03中山區,中山區復興北路156號,0,0,1,1,B01,8,5,5,50,14,9,1,5,4,5,13,4,4,1,4,5,2,9,1,59,3,10,3,4,7,1,1,4,1,17,19,1,22,121.5439437,25.0530417
114,02,17,18,14,06松山區,松山區塔悠路211號與無名巷口,0,0,2,1,C03,7,5,5,50,3,1,1,5,4,5,13,4,4,1,4,5,2,16,1,24,2,9,6,1,7,9,1,10,1,11,108,1,21,121.5692022,25.0588789
114,02,17,18,40,05中正區,中正區汀州路2段與同安街口,0,0,1,1,B03,7,5,5,50,4,18,1,5,4,5,13,2,1,4,5,5,1,3,1,61,3,10,7,1,7,5,6,18,1,1,70,1,21,121.5216431,25.0240635
114,02,17,18,49,03中山區,中山區民權東路1段新興國中,0,0,2,1,C03,8,5,5,50,14,9,1,5,4,5,13,4,4,1,4,5,2,13,2,61,2,9,5,1,7,9,1,10,2,11,16,1,22,121.5258462,25.06273888
114,02,17,19,06,05中正區,中正區和平西路1段與南昌路2段口,0,0,2,1,C03,8,5,5,50,5,1,1,5,4,5,13,1,1,1,4,5,2,3,1,65,2,8,6,1,7,6,1,10,1,12,70,1,21,121.5211892,25.0267195
114,02,17,20,22,08士林區,士林區通河街與中山北路4段口,0,0,1,1,C03,7,5,5,50,3,1,1,5,4,5,13,1,1,3,1,5,1,17,1,22,3,10,5,1,7,6,1,10,1,14,9,1,21,121.5244028,25.0794088
114,02,17,20,27,03中山區,中山區一江街與松江路156巷口,0,0,2,1,B01,8,5,5,30,4,1,1,5,4,5,13,4,4,10,5,5,2,15,1,55,3,10,7,1,7,9,1,4,1,5,72,1,22,121.5315464,25.0543904
114,02,17,20,43,12內湖區,內湖區大湖街南向北五指幹56電桿,0,0,3,1,C03,7,5,5,30,12,9,1,5,4,5,13,4,4,10,5,5,1,2,1,27,2,9,6,1,7,10,1,10,1,11,108,1,21,121.6060591,25.0940056
114,02,17,20,50,03中山區,中山區民生東路1段37號與林森北路口,0,0,2,1,C03,7,6,5,50,5,2,1,5,4,5,13,2,1,8,3,5,1,17,2,47,2,9,5,1,7,8,1,10,1,14,100,1,21,121.5258916,25.05809
114,02,17,21,10,06松山區,松山區八德路3段71巷9弄與北寧路口,0,0,1,1,B03,8,5,6,50,3,1,1,5,4,5,13,4,4,8,3,5,1,16,1,49,3,10,3,1,7,5,1,8,1,5,44,1,21,121.5526189,25.0486806
114,02,17,21,35,10文山區,文山區木柵路2段與木柵路2段138巷口,0,0,1,1,B13,8,5,5,50,4,1,1,5,4,5,13,2,1,10,5,5,1,17,1,44,3,10,7,1,7,5,1,4,1,2,71,1,21,121.5617591,24.9888928
114,02,17,21,45,12內湖區,內湖區東湖路160巷與汐湖二橋口附近(汐湖二橋上),0,0,1,1,B11,8,5,5,50,3,2,1,5,4,5,13,4,4,5,4,5,2,11,1,45,2,8,7,1,7,9,1,4,1,4,44,1,21,121.617549,25.066378
114,02,17,22,10,05中正區,中正區重慶南路1段18號,0,0,1,1,C03,8,5,5,50,14,9,1,5,4,5,13,1,1,10,4,5,2,13,2,30,2,7,5,1,7,9,1,10,2,11,108,1,21,121.5132425,25.0462998
114,02,17,22,33,05中正區,中正區中山南路與凱達格蘭大道口,0,0,2,1,B03,8,5,5,50,5,1,1,5,4,5,13,1,1,10,4,1,1,13,1,65,3,10,7,1,7,9,1,8,2,2,44,1,22,121.5174846,25.0392444
114,02,17,23,13,02萬華區,萬華區西寧南路與漢口街2段口,0,0,2,1,C03,8,5,8,50,22,22,1,5,4,5,13,1,1,10,5,5,2,17,1,35,2,9,3,4,7,7,1,10,1,14,100,1,21,121.5067296,25.0455162
114,02,17,23,35,03中山區,中山區林森北路與長安東路1段口,0,0,1,1,B02,7,5,5,50,4,1,1,5,4,5,13,2,1,1,5,5,1,17,2,40,3,10,3,4,7,5,1,8,2,17,71,1,21,121.5244691,25.0490512
114,02,18,00,30,09北投區,北投區立賢路61號,0,0,1,1,,8,5,5,50,14,9,1,5,4,4,13,4,4,8,3,5,2,24,3,33,,,,,,,,,,,129,1,,121.5045543,25.11577363
114,02,18,01,51,04大安區,大安區忠孝東路4段147巷與敦化南路1段181巷10弄口,0,0,1,1,C03,6,5,5,30,14,9,1,4,5,5,13,4,4,10,5,5,2,18,1,27,2,7,5,1,7,9,1,10,1,14,42,1,22,121.54966,25.0422955
114,02,18,05,47,05中正區,中正區市民大道1段168號迴轉道,0,0,1,1,B03,7,5,5,40,14,6,1,5,4,5,13,4,4,1,4,5,2,16,1,68,3,10,7,1,7,1,1,8,2,8,19,1,21,121.5186741,25.0483262
114,02,18,06,41,04大安區,大安區辛亥路2段185號,0,0,1,1,B01,8,5,5,50,14,7,1,5,4,3,13,2,1,1,4,4,2,17,1,50,3,10,3,4,7,1,1,4,1,17,19,1,21,121.5412945,25.0215637
114,02,18,07,29,08士林區,士林區福林橋與中山北路5段699巷口,0,0,2,1,C03,8,6,5,50,4,1,1,5,4,5,13,1,1,1,4,5,2,17,2,44,2,9,6,1,7,9,1,10,2,11,44,1,21,121.5272243,25.0977618
114,02,18,07,30,06松山區,松山區復興北路141巷4號對面,0,0,1,1,B02,7,6,5,30,14,9,1,5,4,5,13,4,4,9,4,5,2,3,1,50,3,10,3,4,7,5,1,8,11,1,108,1,22,121.5444792,25.0533139
114,02,18,07,33,11南港區,南港區忠孝東路7段508號對面,0,0,2,1,C03,6,6,5,50,14,7,1,4,4,5,13,1,1,3,4,4,2,16,2,19,2,7,6,1,7,8,1,10,1,14,108,1,21,121.6097431,25.0524837
114,02,18,07,46,03中山區,中山區北安路392號,0,0,2,1,C03,7,5,5,50,14,9,1,5,4,5,13,4,4,1,4,5,2,16,1,63,2,9,3,4,7,6,1,10,1,12,80,1,21,121.5392338,25.07834664
114,02,18,07,52,11南港區,南港區東新街170巷17號,0,0,2,1,C03,6,6,5,50,14,9,1,4,4,5,13,4,4,4,3,5,2,16,1,49,2,8,3,4,7,11,1,10,1,14,10,1,21,121.5927109,25.0446387
114,02,18,08,08,05中正區,中正區忠孝東路2段3號,0,0,1,1,B02,7,6,5,50,14,9,1,5,4,5,13,4,4,9,4,5,2,17,1,21,4,11,3,4,7,7,3,18,9,4,100,2,22,121.527149,25.0439591
114,02,18,08,14,04大安區,大安區光復南路96巷與延吉街131巷1弄口,0,0,2,1,C03,7,6,5,30,4,1,1,4,4,5,13,4,4,10,4,5,2,16,1,27,2,9,6,1,7,6,1,10,1,14,72,1,21,121.5546259,25.0437536
114,02,18,08,27,07信義區,信義區永吉路150巷與永吉路180巷16弄口,0,0,1,1,C03,6,6,5,30,4,1,1,4,4,5,13,4,4,10,5,5,2,15,1,36,3,10,3,4,7,9,1,10,1,12,75,1,21,121.5709006,25.0449858
114,02,18,08,35,05中正區,中正區中華路1段與中華路1段9巷口,0,0,1,1,C03,8,6,5,50,4,2,1,5,4,5,13,2,1,1,4,5,2,12,2,26,4,11,5,1,7,15,1,10,9,15,108,1,21,121.5099299,25.04709237
114,02,18,08,55,02萬華區,萬華區忠孝橋下橋處(7010678燈桿),0,0,2,1,C03,8,7,5,50,8,9,1,5,4,5,13,4,4,1,4,5,2,17,1,29,2,8,5,1,7,7,1,10,1,14,100,1,21,121.5066397,25.0487628
114,02,18,08,56,02萬華區,萬華區堤外便道過中興橋,0,0,1,1,C03,8,7,7,40,14,11,1,5,4,5,13,4,4,9,5,5,2,17,1,49,2,3,5,1,7,15,1,10,1,12,108,1,21,121.5034094,25.0467513
114,02,18,09,07,03中山區,中山區北安路與中山北路4段口（823公園對面）,0,0,1,1,C03,7,5,5,50,5,1,1,5,4,5,13,1,1,1,4,5,2,13,1,19,3,10,3,4,7,9,1,10,1,11,16,1,21,121.5277395,25.07720479
114,02,18,09,34,01大同區,大同區民權西路與民權西路144巷口,0,0,2,1,C03,8,6,5,50,5,1,1,5,4,5,13,4,4,1,5,5,2,12,2,58,2,9,5,1,7,9,1,10,2,12,44,1,21,121.5158983,25.0628468
114,02,18,10,00,10文山區,文山區辛亥路7段與木柵路1段口,0,0,1,1,B03,8,6,5,50,4,1,1,5,4,5,13,1,1,3,4,5,1,11,2,60,3,10,7,1,7,11,1,8,1,1,10,1,21,121.5523721,24.9879288
114,02,18,10,20,09北投區,北投區承德路6段427號,0,0,2,1,C03,8,6,5,60,14,8,1,5,4,5,13,4,4,1,4,1,2,16,1,53,2,9,6,1,7,8,1,10,1,12,100,1,21,121.5114825,25.1077884
114,02,18,10,38,09北投區,北投區中央南路1段154號,0,0,2,1,C03,7,7,5,50,11,9,1,5,4,5,13,4,4,5,5,5,2,16,1,65,2,9,5,1,7,5,1,10,1,12,8,1,21,121.5009977,25.1296114
114,02,18,11,00,03中山區,中山區中山北路3段與農安街口,0,0,1,1,B12,7,5,5,50,4,1,1,5,4,5,13,1,1,5,4,5,2,2,1,62,3,10,3,4,7,5,1,4,2,1,70,1,21,121.5222562,25.06514378
114,02,18,11,10,01大同區,大同區涼州街106號,0,0,1,1,C03,8,5,5,50,14,9,1,5,4,5,13,4,4,9,5,5,1,16,2,43,2,9,3,4,7,10,1,10,1,14,100,1,21,121.5098123,25.060557
114,02,18,12,05,07信義區,信義區中坡北路與松隆路口,0,0,1,1,C03,7,6,5,50,3,2,1,5,4,5,13,2,1,1,4,5,1,17,2,47,2,9,3,4,7,9,1,10,1,11,108,1,22,121.5800046,25.0485721
114,02,18,12,06,12內湖區,內湖區成功路2段與成功路口側附近2段426巷口,0,0,1,1,B03,7,7,5,50,4,1,1,5,4,5,13,1,1,1,4,5,2,16,2,58,3,10,7,1,7,6,1,8,1,5,9,1,21,121.5898482,25.0716452
114,02,18,12,10,05中正區,中正區廣州街8巷11號,0,0,1,1,B03,8,7,5,30,14,9,1,5,4,5,13,4,4,5,5,5,2,17,1,49,3,10,3,4,7,13,1,8,1,4,40,1,21,121.5082353,25.0345491
114,02,18,12,22,08士林區,士林區大南路與承德路4段口,0,0,1,1,B03,7,7,5,50,3,1,1,5,4,5,13,2,1,9,4,5,1,17,2,50,3,10,7,1,7,6,1,8,2,2,9,1,21,121.5165163,25.09058982
114,02,18,12,30,05中正區,中正區中華路1段65號,0,0,1,1,C03,7,6,5,50,14,9,2,5,4,5,13,4,4,1,3,1,2,13,1,25,3,10,5,1,7,9,1,10,2,11,16,1,21,121.5081399,25.0409856
114,02,18,12,36,04大安區,大安區敦化南路1段187巷與忠孝東路4段147巷口,0,0,1,1,B01,7,6,5,30,4,1,1,5,4,5,13,4,4,10,5,5,2,15,1,61,3,10,7,1,7,9,1,4,1,8,72,1,22,121.5496556,25.0425433
114,02,18,12,46,03中山區,中山區民生東路1段42號騎樓,0,0,1,1,C03,7,7,5,0,14,25,1,5,4,5,13,4,4,10,5,5,2,9,4,0,4,11,3,1,7,9,7,19,11,11,119,2,21,121.5243886,25.05805511
114,02,18,12,54,07信義區,信義區吳興街269巷與莊敬路口,0,0,1,1,C03,7,7,5,30,14,9,1,5,4,5,13,4,4,10,5,5,2,2,1,28,3,10,5,2,7,9,1,10,1,11,61,1,21,121.5649309,25.0274561
114,02,18,13,25,08士林區,士林區百齡橋東向西,0,0,1,1,C03,7,6,5,40,8,11,1,5,4,5,13,4,4,3,4,4,1,13,1,19,3,10,3,4,7,9,1,10,1,11,13,1,21,121.5143152,25.0897915
114,02,18,14,41,12內湖區,內湖區康寧路1段與康寧路1段218巷口,0,0,1,1,B03,7,7,5,50,3,1,1,4,4,5,13,4,4,9,4,5,2,16,1,72,3,10,7,1,7,11,1,8,2,4,10,1,21,121.5957716,25.07841059
114,02,18,15,00,03中山區,中山區北安路759巷與北安路口側附近口,0,0,1,1,C03,7,7,5,50,4,1,1,5,4,5,13,1,1,1,4,5,2,13,1,24,3,10,3,4,7,9,1,10,1,11,44,1,21,121.5527523,25.0858296
114,02,18,15,27,03中山區,中山區新生北路2段與錦州街口高架下停車場出入口,0,0,1,1,C03,7,6,5,50,5,2,1,5,4,5,13,4,4,9,4,5,1,17,2,30,2,9,5,1,7,7,1,10,2,12,44,1,21,121.5275352,25.06120574
114,02,18,15,40,12內湖區,內湖區潭美街533號前,0,0,1,1,B03,6,7,5,40,14,9,1,4,4,5,13,4,4,9,4,5,2,16,1,56,3,10,3,4,7,7,1,8,2,2,100,1,21,121.599951,25.06082731
114,02,18,15,55,07信義區,信義區永吉路198號,0,0,1,1,C04,7,5,5,50,14,7,1,5,4,5,13,4,4,1,4,4,2,17,2,63,2,8,6,1,7,8,1,11,1,12,100,1,22,121.5725973,25.0455342
114,02,18,16,32,05中正區,中正區重慶南路1段與貴陽街1段口,0,0,1,1,C03,8,6,5,50,4,1,1,5,4,5,13,2,1,5,4,5,2,13,2,63,2,6,5,1,7,8,1,10,2,13,100,1,22,121.5127835,25.03882735
114,02,18,16,58,10文山區,文山區木柵路1段57-4號對面,0,0,1,1,B03,8,6,5,50,14,9,1,5,4,5,13,1,1,10,5,5,2,12,1,45,3,10,7,1,7,9,1,8,2,2,108,1,21,121.5454587,24.9866752
114,02,18,17,03,04大安區,大安區忠孝東路3段與建國南路1段口,0,0,2,1,C03,8,6,5,50,4,1,1,5,4,5,13,2,1,3,3,4,2,13,1,48,2,9,5,1,7,9,6,10,1,11,108,1,21,121.536845,25.0418759
114,02,18,17,09,02萬華區,萬華區西園路2段11巷與西園路2段13巷口,0,0,1,1,B03,7,6,5,40,4,1,1,5,4,5,13,4,4,9,5,5,1,17,1,28,3,10,7,1,7,5,1,8,1,1,71,1,21,121.4980735,25.0322278
114,02,18,17,14,08士林區,士林區國泰街與光華路口,0,0,2,1,C03,7,7,5,30,4,1,1,5,4,5,13,4,4,10,5,5,1,17,2,54,2,8,5,1,7,6,1,10,1,14,72,1,21,121.5425552,25.13694088
114,02,18,17,29,05中正區,中正區開封街1段與懷寧街口,0,0,1,1,C04,7,5,5,50,4,2,1,5,4,5,13,3,1,9,4,5,2,12,1,41,3,10,5,1,7,10,1,10,1,11,100,1,21,121.5142102,25.04603123
114,02,18,17,37,08士林區,士林區天母西路與天母西路22巷口,0,0,1,1,F01,8,6,5,50,4,2,1,5,4,5,13,1,1,10,4,4,1,17,1,63,4,11,4,4,7,9,8,20,11,12,108,2,22,121.5271534,25.11843145
114,02,18,17,45,08士林區,士林區通河西街1段與堤外便道口堤外百齡槌球場停車場前,0,0,1,1,B03,7,5,5,40,3,1,1,5,4,5,13,4,4,10,5,5,1,17,2,32,3,10,7,1,7,5,1,8,1,4,72,1,21,121.5126509,25.085903
114,02,18,18,00,01大同區,大同區鄭州路與環河北路1段口,0,0,1,1,B03,8,5,5,40,3,1,1,5,4,5,13,2,1,8,3,5,2,13,1,56,3,10,7,1,7,6,1,5,1,5,9,1,21,121.5069942,25.0507841
114,02,18,18,01,05中正區,中正區牯嶺街84巷與牯嶺街口,0,0,2,1,C03,7,5,5,30,4,1,1,5,4,5,13,4,4,5,5,5,2,17,1,50,2,3,5,1,7,5,6,18,2,14,72,1,22,121.5189738,25.0260518
114,02,18,18,03,08士林區,士林區仰德大道2段與仰德大道2段2巷口,0,0,1,1,C03,7,5,5,40,3,2,1,5,4,5,13,2,1,5,4,5,2,16,2,19,2,9,5,1,7,6,1,10,1,11,17,1,21,121.5370119,25.10340163
114,02,18,18,11,04大安區,大安區基隆路4段與羅斯福路4段口,0,0,1,1,C03,7,5,5,50,5,1,1,5,4,5,13,2,1,10,1,1,2,12,2,33,2,8,3,4,7,9,1,10,1,11,108,1,21,121.5374617,25.0111083
114,02,18,18,22,07信義區,信義區永吉路127巷與松隆路口,0,0,1,1,B03,6,5,5,50,5,2,1,4,4,5,13,2,1,1,4,5,2,17,1,71,3,10,7,1,7,9,1,8,1,1,81,1,22,121.570426,25.0456621
114,02,18,18,34,04大安區,大安區通化街與通化街39巷口,0,0,1,1,C03,6,5,5,50,4,18,1,4,4,5,13,4,4,9,5,5,1,3,1,34,3,10,3,4,7,9,1,10,2,11,42,1,21,121.5542702,25.0308546
114,02,18,18,35,12內湖區,內湖區陽光街與港墘路221巷口,0,0,1,1,C03,7,5,5,50,3,1,1,5,4,5,12,4,4,5,4,5,1,17,2,54,2,9,5,1,7,5,1,10,1,11,72,1,26,121.575312,25.0726424
114,02,18,18,40,04大安區,大安區光復南路與光復南路456巷口,0,0,2,1,B03,8,5,5,50,4,2,1,5,4,5,13,2,1,3,4,5,1,13,1,75,3,10,3,4,7,9,1,8,1,1,16,1,21,121.5574574,25.0356734
114,02,18,18,45,03中山區,中山區中山北路1段與市民大道1段口,0,0,1,1,A02,7,5,5,50,4,1,1,5,4,5,13,1,1,8,5,5,2,9,1,63,3,10,7,1,7,9,1,2,2,17,118,1,21,121.5208634,25.0481229
114,02,18,19,24,07信義區,信義區松山路與市民大道6段口,0,0,1,1,B03,7,5,5,50,4,1,1,5,4,5,13,2,1,1,3,4,2,15,1,28,3,10,7,1,7,15,1,8,1,2,71,1,21,121.5778529,25.0489154
114,02,18,19,25,05中正區,中正區汀州路3段與師大路口,0,0,1,1,B03,7,5,5,50,5,1,1,5,4,5,13,1,1,2,4,5,2,17,1,26,3,10,7,1,7,6,1,8,1,5,9,1,22,121.5256834,25.0208422
114,02,18,19,25,08士林區,士林區基河路與文林路口,0,0,1,1,B03,7,5,5,50,3,18,1,5,4,5,13,4,4,5,2,5,2,3,2,46,3,10,7,1,7,1,1,8,2,1,19,1,22,121.5247492,25.0861647
114,02,18,19,57,02萬華區,萬華區環河南路2段與長順街口,0,0,2,1,C03,8,5,5,50,4,1,1,5,4,5,13,1,1,1,4,5,2,17,2,21,2,5,5,4,7,5,1,10,1,11,71,1,21,121.4908557,25.0313631
114,02,18,20,05,08士林區,士林區福國路與福華路口,0,0,2,1,B03,7,5,5,50,4,1,1,5,4,5,13,2,1,1,2,5,2,16,1,41,3,10,7,1,7,6,1,8,1,6,9,1,21,121.5229941,25.1020555
114,02,18,20,18,04大安區,大安區建國南路2段151巷8號,0,0,2,1,C03,8,5,5,30,14,9,1,5,4,5,13,4,4,9,5,5,1,12,2,34,2,8,6,4,7,7,1,10,2,14,100,1,21,121.5382707,25.0287631
114,02,18,20,18,06松山區,松山區敦化北路與南京東路3段口,0,0,1,1,B01,7,5,5,50,4,2,1,5,4,5,13,1,1,4,3,4,2,14,1,45,3,10,3,1,7,2,1,4,1,6,12,1,21,121.5487139,25.0521328
114,02,18,20,43,07信義區,信義區信義路6段與松德路133巷口口,0,0,2,1,C03,7,5,8,50,4,2,1,5,4,5,13,1,1,5,4,5,2,17,1,67,2,8,6,1,7,11,1,10,1,12,10,1,22,121.5766938,25.0352345
114,02,18,21,46,05中正區,中正區羅斯福路2段與羅斯福路2段48巷口,0,0,1,1,B03,7,5,5,50,5,1,1,5,4,5,13,1,1,2,5,5,2,16,1,56,3,10,7,1,7,9,1,8,1,2,44,1,22,121.5216182,25.0279756
114,02,18,22,00,08士林區,士林區環河北路3段與葫蘆街口,0,0,2,1,C03,7,5,5,50,3,2,1,5,4,5,13,4,4,1,4,5,2,13,1,46,2,9,6,1,7,9,1,10,2,11,108,1,22,121.5074689,25.0826416
114,02,18,22,06,03中山區,中山區吉林路與農安街口,0,0,2,1,C03,8,5,5,50,4,1,1,5,4,5,13,2,1,9,4,5,2,3,1,39,2,9,5,1,7,9,1,10,1,15,42,1,21,121.530386,25.064909
114,02,18,22,15,03中山區,中山區北安路與大直街口,0,0,1,1,B03,7,5,5,50,4,1,1,5,4,5,13,2,1,1,4,5,2,16,1,25,3,10,3,4,7,5,1,8,2,1,8,1,21,121.5473176,25.0798519
114,02,18,22,52,10文山區,文山區萬美街1段與萬和街口口,0,0,2,1,C03,7,5,5,40,3,1,1,5,4,5,13,3,1,10,5,5,2,16,1,44,2,8,5,1,7,5,1,10,1,12,71,1,21,121.5668321,25.0020709
114,02,18,23,39,08士林區,士林區前港街與後港街口,0,0,1,1,C03,8,5,5,30,4,1,1,5,4,5,13,4,4,10,5,5,2,15,1,61,2,9,6,1,7,9,1,10,1,12,72,1,26,121.521352,25.0847498
114,02,19,00,14,02萬華區,萬華區德昌街125巷與德昌街口,0,0,2,1,C03,7,5,5,30,4,1,1,5,4,5,13,4,4,10,5,5,1,15,2,37,2,8,5,1,7,9,1,10,1,12,72,1,21,121.4966255,25.0242113
114,02,19,01,02,01大同區,大同區南京西路與太原路口,0,0,1,1,B01,7,5,5,50,4,4,1,5,4,5,13,2,1,1,4,4,2,13,1,38,3,10,3,4,7,1,1,2,2,1,108,1,22,121.5162717,25.0535575
114,02,19,01,10,02萬華區,萬華區華中橋機車道往新北,0,0,2,1,C03,7,5,7,40,14,11,1,5,4,5,13,1,1,8,3,2,2,13,1,18,2,8,5,1,7,9,1,10,1,11,81,1,21,121.495565,25.0166692
114,02,19,06,43,03中山區,中山區錦西街8號,0,0,1,1,B11,7,6,5,30,14,24,1,5,4,5,13,4,4,5,4,5,1,2,1,44,3,10,7,1,7,14,1,4,2,6,116,1,21,121.5218285,25.06015055
114,02,19,07,27,12內湖區,內湖區內湖路1段667巷北向南,0,0,1,1,C03,7,5,5,30,14,9,1,5,4,5,13,4,4,10,5,5,2,3,1,57,4,11,3,4,7,21,1,10,9,15,44,2,22,121.5762489,25.08098635
114,02,19,07,28,05中正區,中正區三元街與寧波西街口,0,0,2,1,C03,7,6,5,30,4,1,1,5,4,5,13,1,1,10,5,5,2,16,1,69,2,7,6,1,7,6,3,18,1,12,9,1,21,121.5113601,25.02794
114,02,19,07,29,05中正區,中正區仁愛路1段與杭州南路1段口,0,0,1,1,B03,8,7,5,50,5,1,1,5,4,5,13,1,1,10,4,5,2,17,1,49,3,10,7,1,7,9,1,8,2,1,86,1,21,121.5251016,25.03813556
114,02,19,07,51,08士林區,士林區中正路與士商路口,0,0,1,1,B03,7,5,5,50,4,1,1,5,4,5,13,2,1,1,4,4,2,12,1,19,3,10,7,1,7,9,1,8,1,2,17,1,21,121.5188256,25.092406
114,02,19,08,20,02萬華區,萬華區中華路2段504巷22號,0,0,1,1,B03,8,6,5,30,14,9,1,5,4,5,13,4,4,10,5,5,1,9,1,61,3,10,7,1,7,15,6,18,9,1,116,2,21,121.5077556,25.0250882
114,02,19,08,25,05中正區,中正區羅斯福路4段196巷與汀州路3段口口,0,0,1,1,B03,8,6,5,30,4,1,1,5,4,5,13,4,4,5,5,5,2,15,1,37,3,10,3,4,7,9,1,8,1,4,72,1,21,121.535922,25.0115599
114,02,19,08,47,05中正區,中正區金華街與金華街32巷口口,0,0,1,1,B03,7,6,5,50,3,1,1,5,4,5,13,4,4,9,5,5,2,16,2,33,3,10,3,4,7,11,1,8,1,4,44,1,21,121.5216099,25.0312121
114,02,19,08,54,06松山區,松山區新東街41-6號,0,0,1,1,C03,7,6,5,50,14,9,1,5,4,5,13,4,4,9,4,5,2,17,2,34,2,9,6,4,7,5,1,10,2,13,8,1,22,121.5656546,25.060349
114,02,19,09,11,06松山區,松山區麥帥一橋往內湖方向第3燈桿,0,0,2,1,C03,8,5,5,40,14,11,1,5,4,5,13,4,4,1,3,1,2,13,1,39,2,8,5,1,7,9,1,10,1,11,16,1,22,121.5684708,25.05130084
114,02,19,09,22,07信義區,信義區和平東路3段與富陽街口,0,0,1,1,B01,8,6,5,50,5,1,1,5,4,5,13,2,1,1,4,5,2,17,1,58,3,10,7,1,7,11,1,4,2,6,10,1,21,121.5564429,25.0207445
114,02,19,09,34,07信義區,信義區松隆路與永吉路30巷口,0,0,1,1,C03,7,6,5,50,4,1,1,5,4,5,13,2,2,1,4,5,1,13,1,27,2,8,3,4,7,9,1,10,1,12,108,1,21,121.568687,25.0442806
114,02,19,09,43,05中正區,中正區西藏路25號,0,0,1,1,C03,7,6,5,50,14,9,1,5,4,4,13,4,4,3,4,5,2,17,1,65,3,10,6,1,7,9,1,10,2,17,42,1,21,121.5064642,25.03055496
114,02,19,09,58,12內湖區,內湖區新湖三路28號,0,0,2,1,B03,7,6,5,50,14,9,1,5,4,5,13,4,4,9,4,5,2,16,1,34,3,10,3,4,7,11,1,8,1,4,10,1,22,121.5737517,25.0625381
114,02,19,10,03,08士林區,士林區文林路與雙溪街口,0,0,1,1,B03,7,7,5,40,4,1,1,5,4,5,13,2,1,9,4,4,1,17,2,41,3,10,7,1,7,6,1,8,2,5,9,1,21,121.5233857,25.09968554
114,02,19,10,16,03中山區,中山區民權東路3段與建國北路2段口,0,0,1,1,C03,7,5,5,50,4,1,1,5,4,5,13,1,1,1,4,5,2,17,2,49,4,11,5,1,7,7,1,10,11,15,100,2,22,121.5371494,25.0622716
114,02,19,10,24,05中正區,中正區襄陽路與南陽街口,0,0,1,1,C03,8,7,5,50,3,2,1,5,4,5,13,4,4,8,4,5,2,13,2,46,2,9,6,1,7,9,1,10,1,11,16,1,21,121.5160506,25.0433838
114,02,19,10,30,11南港區,南港區福德街與福德街373巷口,0,0,1,1,B03,7,6,5,30,11,9,1,5,4,5,13,4,4,5,5,5,2,16,1,77,3,10,3,4,7,11,1,8,2,8,10,1,21,121.5901294,25.0402774
114,02,19,10,30,11南港區,南港區八德路4段與東新街口口,0,0,1,1,C03,7,6,5,50,5,1,1,5,4,5,13,2,1,5,4,5,2,16,2,47,2,9,6,1,7,5,1,10,1,14,8,1,21,121.5824478,25.0514625
114,02,19,10,35,03中山區,中山區錦州街與合江街口,0,0,1,1,B03,8,6,5,50,4,1,1,5,4,5,13,1,1,5,5,5,2,16,1,29,3,10,3,4,7,11,1,8,1,4,10,1,22,121.5391259,25.0602309
114,02,19,10,47,09北投區,北投區學園路2號旁,0,0,1,1,C03,7,7,5,30,11,9,1,5,4,5,13,4,4,5,5,5,2,10,1,18,2,8,5,1,7,9,1,10,1,11,118,1,21,121.4685602,25.13230505
114,02,19,11,27,02萬華區,萬華區萬大路493巷48弄與富民路145巷15弄口,0,0,2,1,C03,7,6,5,30,5,1,1,5,4,3,10,4,4,10,5,5,2,15,2,48,2,9,6,4,7,9,1,10,1,12,75,1,22,121.4992338,25.0191447
114,02,19,11,28,05中正區,中正區忠孝西路1段與館前路口,0,0,1,1,B03,7,5,5,50,4,1,1,5,4,5,13,2,1,1,4,5,2,16,1,65,3,10,7,1,7,6,1,10,1,8,9,1,21,121.5152055,25.0466822
114,02,19,11,30,12內湖區,內湖區瑞湖街21號對面,0,0,1,1,C03,7,6,5,50,14,9,1,5,4,5,13,4,4,10,3,5,1,17,1,32,2,9,6,1,7,9,1,9,2,14,42,1,21,121.5767143,25.07497918