發生年度,發生月,發生日,發生時-Hours,發生分,區序,肇事地點,死亡人數,2-30日死亡人數,受傷人數,當事人序號,車種,天候,光線,道路類別,速限-速度限制,道路型態,事故位置,路面狀況1,路面狀況2,路面狀況3,道路障礙1,道路障礙2,號誌1,號誌2,車道劃分-分向,車道劃分-分道1,車道劃分-分道2,車道劃分-分道3,事故類型及型態,性別,年齡,受傷程度,主要傷處,保護裝置,行動電話,車輛用途,當事者行動狀態,駕駛資格情形,駕駛執照種類,飲酒情形,車輛撞擊部位1,肇因碼-個別,個人肇逃否,職業,座標-X,座標-Y
114,02,19,11,53,10文山區,文山區木柵路3段53號,0,0,1,1,C03,7,7,5,50,14,19,1,5,4,5,13,4,4,9,5,5,2,3,2,57,3,10,5,1,7,9,1,10,1,11,118,1,21,121.5663839,24.9885743
114,02,19,11,55,03中山區,中山區松江路與農安街口,0,0,1,1,A12,7,6,5,50,4,1,1,5,4,5,13,1,1,3,4,5,2,2,1,47,3,10,7,1,7,5,1,3,2,4,70,1,21,121.5333164,25.0649297
114,02,19,12,00,03中山區,中山區北安路與大直街口側附近口,0,0,1,1,C03,7,7,5,50,4,1,1,5,4,5,13,1,1,1,4,5,2,17,1,64,2,9,3,4,7,5,1,10,1,13,86,1,21,121.5471949,25.0798287
114,02,19,12,20,05中正區,中正區三元街與南海路口,0,0,1,1,C04,7,6,5,50,4,2,1,5,4,5,13,2,1,3,4,5,2,13,2,30,2,8,5,1,7,9,1,10,1,11,108,1,21,121.508898,25.0296502
114,02,19,13,20,01大同區,大同區南京西路25巷與赤峰街49巷口,0,0,1,1,C03,7,6,5,30,3,2,1,5,4,5,13,4,4,10,5,5,2,9,2,19,3,10,5,1,7,9,1,10,11,11,108,1,21,121.5204308,25.05570807
114,02,19,14,32,08士林區,士林區德行西路88號,0,0,3,1,C03,7,7,5,50,14,9,1,5,4,5,13,4,4,8,4,5,2,17,1,32,2,8,5,1,7,1,1,10,1,12,19,1,21,121.5214144,25.1043073
114,02,19,14,35,03中山區,中山區民生西路3巷(錦西街6號旁),0,0,1,1,B03,7,7,5,30,14,9,1,5,1,5,13,4,4,5,5,5,2,17,1,43,3,10,3,4,7,9,1,7,1,5,17,1,21,121.5218473,25.0600683
114,02,19,14,35,03中山區,中山區中山北路2段與長春路口,0,0,2,1,B01,7,6,5,50,4,2,1,5,4,5,13,1,1,3,4,5,2,12,1,52,3,10,7,1,7,8,1,4,1,5,100,1,21,121.5228545,25.05502295
114,02,19,14,50,03中山區,中山區長安西路24號,0,0,1,1,B03,8,7,5,50,14,9,1,5,4,5,13,4,4,5,4,5,2,13,1,34,3,10,7,1,7,9,1,8,1,8,44,1,22,121.5206393,25.0500293
114,02,19,15,26,04大安區,大安區信義路4段20號,0,0,1,1,C03,8,6,5,50,14,9,1,5,4,5,13,4,4,10,4,5,2,13,2,22,2,9,6,1,7,9,1,10,1,11,16,1,21,121.544348,25.0332651
114,02,19,15,44,03中山區,中山區民族東路與新生北路3段口,0,0,1,1,C03,8,7,5,50,4,1,1,5,4,5,13,1,1,1,4,5,2,16,2,27,2,9,5,1,7,10,1,10,1,14,100,1,22,121.5278171,25.0683807
114,02,19,15,58,02萬華區,萬華區永福街與貴陽街2段96巷口,0,0,2,1,C03,8,5,8,30,22,22,1,5,4,5,13,4,4,10,5,5,2,17,1,71,3,10,3,4,7,9,3,18,11,12,108,1,21,121.5030723,25.03877341
114,02,19,16,21,02萬華區,萬華區西園路2段372巷,0,0,1,1,F01,7,7,6,30,14,9,1,5,4,5,13,4,4,10,5,5,2,10,1,13,2,9,4,1,7,15,8,20,1,11,5,1,15,121.491241,25.0253039
114,02,19,16,26,08士林區,士林區中正路與福港街口口,0,0,1,1,B03,8,6,5,50,14,9,1,5,4,5,13,2,1,5,5,5,2,16,2,49,3,10,7,1,7,10,1,8,1,2,100,1,21,121.517855,25.09176179
114,02,19,16,30,01大同區,大同區重慶北路3段172號,0,0,1,1,A02,7,6,7,50,14,10,1,5,4,5,13,1,1,1,5,5,2,9,1,60,3,10,7,1,7,1,1,2,11,17,19,1,21,121.5137307,25.0688914
114,02,19,16,30,08士林區,士林區中山北路7段與中山北路7段154巷口,0,0,1,1,B03,7,7,5,50,4,2,1,5,4,5,13,3,1,3,5,5,1,9,2,68,3,10,7,1,7,9,1,8,1,5,70,1,21,121.532493,25.1239123
114,02,19,16,45,06松山區,松山區市民大道5段與八德路4段口302號旁無名巷,0,0,2,1,C03,8,6,5,30,4,2,1,5,4,5,13,3,1,1,4,5,2,17,1,37,2,9,6,1,7,6,1,10,2,14,72,1,21,121.5672311,25.0487466
114,02,19,17,12,05中正區,中正區汀州路2段與汀州路2段255巷口口,0,0,1,1,C03,8,6,5,30,4,2,1,5,4,5,13,4,4,9,5,5,1,17,2,58,2,8,6,1,7,9,1,10,1,11,108,1,21,121.5237785,25.0225301
114,02,19,17,12,09北投區,北投區泉源路與泉源路口,0,0,1,1,B03,7,6,5,30,3,1,1,5,4,5,13,4,4,10,5,5,2,15,2,61,3,10,7,1,7,11,1,8,2,8,72,1,21,121.5087648,25.1410961
114,02,19,17,21,04大安區,大安區忠孝東路4段221號,0,0,1,1,C03,7,5,5,50,14,9,1,5,4,5,13,4,4,1,4,5,2,12,1,61,2,8,6,1,7,8,1,10,9,14,100,1,21,121.5525885,25.0414857
114,02,19,17,33,08士林區,士林區延平北路6段84號,0,0,1,1,C03,8,6,5,50,14,9,1,5,4,5,13,4,4,10,5,5,2,17,1,64,3,10,5,1,7,1,1,10,11,17,19,2,21,121.5086381,25.0887693
114,02,19,17,40,12內湖區,內湖區民權東路6段與行愛路口,0,0,1,1,B03,7,5,6,50,4,2,1,5,4,5,13,1,1,5,5,5,2,17,1,63,3,10,7,1,7,5,1,8,2,2,8,1,21,121.5780998,25.0667463
114,02,19,17,50,08士林區,士林區社正路45巷與社正路45巷4弄口,0,0,1,1,C03,7,6,5,30,4,1,1,5,4,5,13,4,4,10,5,5,2,17,2,44,4,11,6,1,7,15,1,10,11,15,74,2,21,121.5096245,25.0893259
114,02,19,17,56,05中正區,中正區羅斯福路4段198號,0,0,1,1,B03,7,5,5,50,14,9,1,5,4,5,13,1,1,1,4,5,2,13,1,44,3,10,7,1,7,7,1,8,2,5,108,1,22,121.5367603,25.0116107
114,02,19,17,58,10文山區,文山區萬安街16巷路邊29號停車格旁,0,0,1,1,B03,7,5,5,30,14,9,1,5,4,5,13,4,4,9,5,5,2,3,1,51,3,10,7,1,7,9,1,8,1,2,44,1,21,121.5690524,25.0005802
114,02,19,17,59,03中山區,中山區堤頂大道2段與港墘路口,0,0,1,1,C03,7,5,5,50,3,2,1,5,4,5,13,2,1,1,4,5,2,13,1,18,3,10,6,1,7,5,1,10,9,11,108,1,21,121.5720162,25.0746649
114,02,19,18,15,02萬華區,萬華區環河南路1段與長沙街2段口,0,0,1,1,C03,8,5,5,50,3,2,1,5,4,5,13,1,1,5,4,5,2,17,1,22,3,10,5,4,7,7,1,10,1,17,100,1,21,121.4993742,25.04136509
114,02,19,18,16,04大安區,大安區八德路2段與新生南路1段口,0,0,1,1,C03,8,5,5,50,4,1,1,5,4,5,13,2,1,5,4,5,2,17,1,23,3,10,3,4,7,5,1,10,1,14,8,1,21,121.5330337,25.044418
114,02,19,18,30,07信義區,信義區松高路12號,0,0,1,1,,7,5,5,50,14,9,1,5,4,5,13,2,1,5,4,5,2,18,3,0,,,,,,,,,,,67,1,,121.5671172,25.0391706
114,02,19,19,02,04大安區,大安區長興街與芳蘭路口,0,0,1,1,B02,8,5,6,30,4,1,1,5,4,5,13,1,1,9,5,5,1,2,1,23,3,10,3,4,7,5,1,8,2,5,70,1,21,121.5475272,25.015042
114,02,19,19,17,07信義區,信義區松隆路與松信路口,0,0,2,1,B03,7,5,5,50,4,1,1,5,4,5,13,1,1,5,5,5,2,11,2,36,2,9,7,1,7,15,1,8,2,1,71,1,21,121.5721443,25.0468033
114,02,19,19,33,11南港區,南港區三重路與園區街口,0,0,2,1,C04,8,5,5,50,3,1,1,5,4,5,13,2,1,5,4,5,2,16,1,46,2,8,5,1,7,5,1,9,1,11,8,1,22,121.6141364,25.0588999
114,02,19,20,15,03中山區,中山區中山北路1段與南京東路1段口,0,0,1,1,B02,7,5,5,50,4,1,1,5,4,5,13,1,1,8,5,5,2,16,1,41,3,10,7,1,7,6,1,15,1,2,9,1,21,121.5226289,25.0521348
114,02,19,20,38,06松山區,松山區市民大道6段與松山路口,0,0,1,1,C03,7,5,5,40,4,1,1,5,4,5,13,2,1,1,4,5,2,12,1,20,2,8,5,1,7,5,1,10,1,14,8,1,25,121.5777862,25.0494897
114,02,19,21,37,07信義區,信義區市民大道5段與基隆路1段口,0,0,1,1,B03,7,5,5,50,5,2,1,5,4,5,13,2,1,1,4,5,2,16,1,59,3,10,3,4,7,6,1,8,1,5,9,1,21,121.5688771,25.0489555
114,02,19,23,19,08士林區,士林區延平北路5段287號,0,0,1,1,B03,7,5,5,50,14,9,1,5,4,5,13,1,1,1,4,5,1,13,1,41,3,10,7,1,7,9,1,4,1,1,16,1,22,121.5094968,25.0858793
114,02,19,23,34,07信義區,信義區松山路321號,0,0,1,1,C03,8,5,5,50,14,9,1,5,4,5,13,2,1,1,4,1,2,17,2,29,3,10,6,1,7,8,1,10,1,13,100,1,22,121.5778549,25.0420155
114,02,20,04,30,02萬華區,萬華區富民路與富民路57巷口,0,0,1,1,B12,8,5,5,50,4,1,1,5,4,5,13,4,4,10,5,5,2,9,1,70,3,10,7,1,7,2,7,19,9,3,12,1,26,121.4980021,25.01903862
114,02,20,05,49,01大同區,大同區延平北路4段與民族西路口,0,0,1,1,B01,8,5,5,50,5,1,1,5,4,5,13,2,1,5,4,4,2,17,1,51,3,10,7,1,7,5,1,4,2,8,80,1,21,121.5108858,25.0687473
114,02,20,06,00,08士林區,士林區天母西路與天母西路13巷口,0,0,1,1,B03,7,5,5,50,3,2,1,5,4,5,13,1,1,5,5,5,2,13,1,82,3,10,7,1,7,9,1,8,1,1,108,1,22,121.528252,25.1183882
114,02,20,06,40,12內湖區,內湖區文湖街21巷94弄與文湖街21巷口,0,0,2,1,C03,7,6,5,30,3,2,1,5,4,5,13,4,4,10,5,5,2,17,1,44,2,8,6,1,7,9,1,10,1,11,108,1,21,121.5598477,25.0900307
114,02,20,06,55,01大同區,大同區延平北路4段38號,0,0,2,1,C03,7,6,5,40,14,8,1,5,4,5,13,4,4,8,3,4,1,3,1,59,2,9,5,1,7,9,1,10,2,11,108,1,21,121.510812,25.0697365
114,02,20,07,03,12內湖區,內湖區南京東路6段與舊宗路1段口,0,0,2,1,F03,8,6,5,50,14,9,1,5,4,5,13,4,4,1,4,5,2,12,2,68,2,9,5,1,7,8,8,20,2,15,100,1,21,121.581054,25.05787323
114,02,20,07,30,05中正區,中正區重慶南路3段21號,0,0,1,1,C03,8,6,5,50,14,9,1,5,4,5,13,4,4,1,4,5,1,17,1,41,2,8,6,1,7,9,1,9,1,11,16,1,21,121.5157605,25.0283524
114,02,20,07,33,06松山區,松山區新東街30巷與民生東路5段口,0,0,1,1,F01,8,5,5,50,4,2,1,5,4,5,13,2,1,10,3,5,2,15,1,12,2,8,4,1,7,9,8,20,1,11,81,1,14,121.5671499,25.0592623
114,02,20,07,34,08士林區,士林區天母北路與天母北路28巷口,0,0,1,1,B02,7,6,5,50,4,1,1,5,4,5,13,1,1,1,5,5,2,16,1,61,3,10,3,4,7,5,1,8,1,2,71,1,21,121.5265125,25.1199285
114,02,20,07,56,04大安區,大安區大安路1段與大安路1段126巷口,0,0,1,1,F06,8,6,5,50,4,1,1,5,4,5,13,4,4,8,3,5,2,15,2,42,2,7,4,1,7,9,8,20,1,11,42,1,21,121.54603,25.0393889
114,02,20,08,10,04大安區,大安區信義路2段與新生南路2段口,0,0,1,1,C03,8,5,5,40,4,2,1,5,4,5,13,2,1,8,3,1,1,13,1,26,2,8,5,1,7,9,1,10,1,12,13,1,21,121.5326201,25.0332232
114,02,20,08,17,01大同區,大同區市民大道1段與承德路1段口,0,0,1,1,C03,8,6,5,40,4,2,1,5,4,5,13,1,1,1,4,5,2,13,1,25,2,9,6,1,7,9,1,10,1,11,108,1,21,121.5168728,25.0487909
114,02,20,08,21,07信義區,信義區基隆路1段與基隆路1段102巷口,0,0,1,1,B03,8,6,5,50,3,1,1,5,4,5,13,4,4,1,4,5,2,16,2,42,3,10,7,1,7,6,1,8,2,5,9,1,21,121.5668215,25.0453747
114,02,20,08,25,04大安區,大安區建國南路2段與和平東路2段口,0,0,1,1,C03,8,5,5,50,14,9,1,5,4,5,13,2,1,1,4,5,2,13,1,37,2,8,3,4,7,9,1,10,1,11,108,1,21,121.537895,25.0254369
114,02,20,08,35,06松山區,松山區民生東路4段102號,0,0,1,1,C03,7,6,5,50,14,9,1,5,4,5,13,4,4,1,4,1,2,17,2,64,2,9,6,4,7,9,1,10,2,11,16,1,21,121.5539224,25.0580992
114,02,20,08,36,08士林區,士林區延平北路8段2巷153弄80號,0,0,2,1,C03,7,7,5,40,14,9,1,5,4,5,13,4,4,10,5,5,2,12,2,69,2,9,3,4,7,11,1,10,1,14,10,1,22,121.4804512,25.1107269
114,02,20,08,40,08士林區,士林區中山北路4段與通河街口,0,0,1,1,C03,8,6,5,30,5,2,1,5,4,5,13,2,1,1,4,5,1,13,1,51,3,10,5,1,7,9,1,10,9,11,16,1,21,121.518521,25.08735015
114,02,20,08,40,07信義區,信義區基隆路1段與基隆路1段147巷口,0,0,2,1,C03,7,7,5,50,3,1,1,5,4,5,13,4,4,1,4,5,2,17,2,49,3,10,6,1,7,6,1,10,1,12,9,1,22,121.5655114,25.0426225
114,02,20,08,46,03中山區,中山區新生北路3段與民族東路口,0,0,1,1,B02,8,6,5,50,4,1,1,5,4,5,13,2,1,1,5,5,1,16,1,45,3,10,3,4,7,6,1,8,1,2,9,1,21,121.527665,25.0683988
114,02,20,08,49,05中正區,中正區博愛路131號對面,0,0,1,1,C03,8,6,5,0,14,20,4,5,4,5,13,4,4,10,5,5,2,1,1,45,3,10,5,1,7,9,1,10,2,14,108,1,22,121.5108204,25.0367147
114,02,20,08,54,03中山區,中山區錦西街與錦西街5巷口,0,0,1,1,C04,7,6,5,30,4,1,1,5,4,5,13,4,4,10,5,5,2,15,2,74,3,10,6,1,7,9,1,8,9,11,4,1,21,121.5218117,25.0603397
114,02,20,08,57,07信義區,信義區市民大道5段82號,0,0,1,1,C03,7,7,5,0,22,20,4,5,4,5,13,4,4,10,5,5,2,1,1,28,3,10,5,4,7,9,1,10,2,11,42,1,21,121.567569,25.0486227
114,02,20,08,59,04大安區,大安區基隆路4段與羅斯福路4段口,0,0,1,1,B03,8,6,5,50,18,9,1,5,4,5,13,2,1,5,2,4,2,16,2,26,3,10,2,1,7,7,1,8,1,4,42,1,21,121.5374564,25.0112316
114,02,20,09,48,03中山區,中山區北安路301號斜對面,0,0,2,1,C03,7,7,5,50,14,9,1,5,4,5,13,2,1,1,3,5,2,13,1,43,2,9,3,4,7,9,1,10,1,11,13,1,21,121.5350751,25.0779784
114,02,20,09,55,12內湖區,內湖區瑞光路392號,0,0,2,1,C03,8,7,5,50,14,9,1,5,4,5,13,4,4,5,4,5,2,16,1,19,2,8,5,1,7,5,1,10,1,14,80,1,21,121.5713111,25.07801939
114,02,20,09,55,07信義區,信義區基隆路1段與松隆路口,0,0,1,1,C03,7,7,5,50,3,2,1,5,4,5,13,2,1,1,4,5,2,13,1,25,3,10,6,1,7,9,1,10,1,11,16,1,22,121.5658273,25.0431874
114,02,20,10,22,06松山區,松山區東興路16號,0,0,1,1,A02,7,7,5,50,22,9,1,5,4,5,13,4,4,9,4,5,2,17,1,47,3,10,7,4,7,9,1,2,1,5,44,1,21,121.5654419,25.0495489
114,02,20,10,35,05中正區,中正區三元街212巷與泉州街20巷口,0,0,2,1,C03,8,7,5,30,4,1,1,5,4,5,13,4,4,10,5,5,2,15,2,39,2,8,5,4,7,9,1,10,1,12,75,1,21,121.5122534,25.0268132
114,02,20,10,45,07信義區,信義區永吉路30巷與永吉路30巷101弄口,0,0,2,1,B12,8,6,5,30,4,18,1,5,4,5,13,4,4,9,5,5,2,3,1,67,3,10,7,1,7,6,1,1,1,1,70,1,21,121.5688284,25.043539
114,02,20,11,00,09北投區,北投區石牌路2段與東華街1段口,0,0,1,1,C03,8,6,5,50,4,1,1,5,4,5,13,1,1,7,2,5,2,16,2,52,2,9,5,1,7,11,1,10,1,14,103,1,21,121.515233,25.1153036
114,02,20,11,23,12內湖區,內湖區民權東路6段與民權東路6段296巷口,0,0,1,1,C03,8,5,5,30,3,1,1,5,4,5,13,2,1,5,4,5,2,16,2,26,3,10,5,1,7,4,1,10,1,11,94,1,21,121.6053008,25.0724861
114,02,20,11,40,06松山區,松山區民權東路4段與光復北路口,0,0,1,1,B03,7,6,5,40,4,4,1,5,4,5,13,1,1,1,4,4,2,13,2,64,3,10,7,1,7,6,1,8,1,5,9,1,22,121.5542891,25.0617758
114,02,20,12,10,04大安區,大安區市民大道4段與敦化南路1段口,0,0,1,1,B03,8,6,5,40,4,1,1,5,4,5,13,2,1,10,5,5,2,16,1,28,3,10,3,4,7,6,1,6,1,6,9,1,21,121.5485877,25.0447566
114,02,20,12,10,05中正區,中正區和平西路1段與廈門街口口,0,0,1,1,B03,8,6,5,50,4,1,1,5,4,5,13,1,1,1,4,5,1,16,1,63,3,10,7,1,7,5,1,8,2,2,8,1,21,121.5184794,25.0267472
114,02,20,12,10,09北投區,北投區中央北路2段與稻香路口,0,0,1,1,B13,8,6,5,50,5,1,1,5,4,5,13,1,1,4,4,5,2,17,1,57,3,10,7,1,7,11,1,3,2,7,10,1,26,121.4913111,25.1385426
114,02,20,12,10,11南港區,南港區富康街5號,0,0,1,1,B03,7,6,5,50,14,9,1,5,4,5,13,4,4,5,4,5,2,17,1,70,3,10,2,1,7,13,1,8,1,4,40,1,21,121.6173727,25.0541809
114,02,20,12,42,01大同區,大同區承德路1段51號,0,0,1,1,B03,8,6,5,50,14,9,1,5,4,5,13,4,4,1,4,5,1,12,1,57,3,10,7,1,7,9,1,8,2,2,108,1,21,121.5173465,25.0515329
114,02,20,13,25,10文山區,文山區萬盛街36號前,0,0,2,1,C03,8,6,5,30,14,9,1,5,4,5,13,4,4,9,5,5,2,13,2,50,3,10,6,1,7,12,1,10,2,13,44,1,21,121.5390458,25.0076488
114,02,20,13,40,05中正區,中正區基隆路4段與羅斯福路4段口口,0,0,1,1,C03,8,6,5,50,5,1,1,5,4,5,13,1,1,1,4,5,1,17,1,44,3,10,6,1,7,5,1,10,1,14,96,1,21,121.536987,25.0112823
114,02,20,14,03,01大同區,大同區大稻埕堤外便道(北往南）,0,0,2,1,C03,7,6,5,30,14,9,1,5,4,5,13,4,4,10,5,5,2,17,1,69,2,8,5,1,7,8,1,10,1,14,100,1,21,121.5080009,25.0566427
114,02,20,14,12,04大安區,大安區通化街137號,0,0,1,1,F01,7,5,5,50,14,9,1,5,4,5,13,4,4,5,5,5,1,13,2,34,2,8,4,1,7,9,8,20,1,11,44,1,21,121.5539368,25.0290536
114,02,20,14,15,03中山區,中山區民權東路1段與新生北路2段口,0,0,2,1,C03,8,7,5,50,4,1,1,5,4,5,13,1,1,1,4,5,2,17,1,42,2,9,3,4,7,9,1,10,1,12,44,1,21,121.5272992,25.0625312
114,02,20,14,20,02萬華區,萬華區和平西路3段149號,0,0,1,1,B13,7,6,5,50,14,9,1,5,4,5,13,4,4,1,4,4,2,12,1,58,3,10,3,4,7,9,1,8,1,2,17,1,22,121.498828,25.0353488
114,02,20,16,30,03中山區,中山區林森北路119巷與南京東路1段132巷口,0,0,1,1,B03,7,7,5,30,4,1,1,5,4,3,13,4,4,10,5,5,2,15,2,59,3,10,3,4,7,9,1,8,1,4,72,1,21,121.5268205,25.05031319
114,02,20,16,34,08士林區,士林區延平北路7段與延平北路6段511巷口,0,0,1,1,C03,7,6,5,50,5,1,1,5,4,5,13,2,1,1,4,5,1,17,1,50,2,9,6,1,7,9,1,10,1,14,108,1,21,121.4978474,25.0935545
114,02,20,16,50,04大安區,大安區建國南路1段275號,0,0,1,1,F01,8,5,5,50,14,9,1,5,4,5,13,3,1,1,4,5,2,17,1,13,2,7,3,4,7,11,8,20,1,13,11,1,15,121.5381845,25.0363979
114,02,20,17,11,11南港區,南港區中南街與研究院路1段口,0,0,1,1,B03,7,7,5,30,3,2,1,5,4,5,13,4,4,1,4,5,2,16,2,27,3,10,3,1,7,6,1,8,1,8,72,1,21,121.6156146,25.0511585
114,02,20,17,48,01大同區,大同區南京西路316號,0,0,1,1,B03,8,5,5,50,14,9,1,5,4,5,13,4,4,9,4,5,2,13,1,27,3,10,7,4,7,9,1,8,1,5,108,1,21,121.5130089,25.0539256
114,02,20,18,11,12內湖區,內湖區民權東路6段與民權東路6段296巷口,0,0,1,1,C03,7,5,5,50,3,1,1,4,4,5,13,2,1,9,4,5,2,16,1,28,3,10,6,1,7,9,1,10,2,11,108,1,21,121.6052549,25.0724741
114,02,20,18,13,02萬華區,萬華區萬大路237巷13弄與萬大路237巷口,0,0,1,1,C03,8,5,5,30,4,1,1,5,4,5,13,4,4,9,4,5,2,3,1,66,3,10,5,1,7,9,1,9,1,11,108,1,21,121.5010351,25.0264006
114,02,20,18,19,03中山區,中山區中山北路2段與錦西街口,0,0,1,1,B03,8,5,5,50,4,1,1,5,4,5,13,1,1,1,4,5,2,16,1,47,3,10,3,4,7,6,1,8,1,5,44,1,22,121.5229461,25.0602208
114,02,20,18,52,04大安區,大安區基隆路3段與長興街口,0,0,1,1,B03,7,5,5,50,4,1,1,5,4,5,13,2,1,1,4,1,2,12,2,55,3,10,3,4,7,10,1,8,1,5,17,1,22,121.5446254,25.0173539
114,02,20,19,01,03中山區,中山區新生北路2段51號,0,0,2,1,C03,8,5,5,50,14,9,1,5,4,5,13,4,4,8,3,5,2,13,1,24,2,7,6,4,7,9,1,9,1,11,14,1,21,121.5277372,25.056059
114,02,20,19,11,01大同區,大同區民權西路與蘭州街口,0,0,2,1,C03,7,5,5,50,4,2,1,5,4,5,13,2,1,1,4,5,2,17,1,31,3,10,3,4,7,5,1,10,1,14,42,1,21,121.5148336,25.0630607
114,02,20,19,20,08士林區,士林區延平北路5段與中正路口,0,0,2,1,C03,7,6,5,50,4,1,1,5,4,5,13,1,1,1,5,5,1,17,1,78,2,9,5,1,7,9,1,10,2,11,108,1,21,121.5094041,25.0864469
114,02,20,19,20,10文山區,文山區新光路1段與新光路1段159巷口,0,0,1,1,B03,7,5,5,50,3,1,1,5,4,5,13,1,1,10,5,5,2,16,1,50,3,10,7,1,7,5,1,8,1,2,74,1,21,121.5737901,24.9925875
114,02,20,19,28,05中正區,中正區中華路2段與廣州街口,0,0,2,1,B02,7,5,5,50,14,9,1,5,4,5,13,1,1,1,4,5,2,12,1,54,3,10,7,1,7,8,1,8,1,8,100,1,22,121.5065081,25.0356477
114,02,20,19,44,07信義區,信義區基隆路2段與基隆路2段39巷口,0,0,1,1,C03,7,5,5,50,3,1,1,5,4,5,13,4,4,1,4,5,2,16,2,46,2,8,3,4,7,9,1,10,1,11,108,1,21,121.558648,25.031331
114,02,20,19,49,12內湖區,內湖區陽光街與成功路3段口,0,0,1,1,B03,7,6,5,50,4,1,1,5,4,5,13,2,1,9,4,5,2,16,1,50,3,10,7,1,7,6,1,8,1,2,9,1,21,121.5903844,25.077448
114,02,20,19,56,06松山區,松山區南京東路5段291巷與南京東路5段291巷20弄口,0,0,1,1,C03,7,5,5,30,4,1,1,5,4,5,13,4,4,10,5,5,1,17,1,34,2,8,6,1,7,9,1,10,1,14,13,1,22,121.566152,25.0523919
114,02,20,20,45,07信義區,信義區和平東路3段453號,0,0,1,1,C03,7,5,5,50,14,9,1,5,4,5,13,2,1,1,4,5,2,17,1,62,2,9,3,4,7,9,1,10,2,11,44,1,21,121.5586675,25.0186924
114,02,20,20,49,02萬華區,萬華區艋舺大道與和平西路2段口,0,0,1,1,A02,7,5,5,50,4,2,1,5,4,5,13,2,1,1,4,5,2,9,1,46,3,10,7,1,7,1,1,2,1,17,44,1,21,121.5045354,25.0337457
114,02,20,20,54,08士林區,士林區德行東路與中山北路6段口,0,0,2,1,C03,7,5,5,50,4,2,1,5,4,5,13,2,1,1,4,5,1,17,2,49,2,9,5,1,7,5,1,10,1,12,8,1,21,121.5233848,25.11575723
114,02,20,20,58,03中山區,中山區復興北路50號與朱崙街口,0,0,1,1,B03,7,5,5,50,3,1,1,5,4,5,13,4,4,8,3,5,2,16,1,26,3,10,7,4,7,6,1,8,1,1,9,1,21,121.54376,25.0494008
114,02,20,21,00,03中山區,中山區新生北路1段150號前迴轉道,0,0,1,1,B03,7,5,5,50,14,9,1,5,4,5,13,4,4,1,4,5,2,13,1,67,3,10,7,1,7,9,1,4,1,5,108,1,21,121.5277211,25.0513682
114,02,20,21,23,05中正區,中正區忠孝東路1段與忠孝東路1段84巷口,0,0,1,1,C03,6,5,5,50,3,2,1,4,4,5,13,4,4,1,4,5,2,17,1,23,2,9,6,4,7,9,1,10,1,12,14,1,22,121.5242452,25.04453282
114,02,20,21,26,11南港區,南港區舊莊街1段23號,0,0,2,1,C03,6,5,5,50,14,9,1,4,4,5,13,4,4,9,5,5,2,17,1,40,2,8,5,4,7,10,1,10,1,12,44,1,22,121.6183659,25.0413441
114,02,20,21,36,05中正區,中正區汀州路1段105號前,0,0,2,1,C03,7,5,5,50,14,9,1,5,4,5,13,4,4,9,5,5,2,16,1,48,2,9,6,1,7,1,1,10,1,11,19,1,22,121.509195,25.0281882
114,02,20,21,48,06松山區,松山區光復北路與南京東路4段179巷3弄口,0,0,2,1,C03,6,5,5,30,5,1,1,4,4,5,13,4,4,1,4,5,2,15,1,58,2,7,5,1,7,9,1,10,1,12,72,1,26,121.5571727,25.0521759
114,02,20,21,50,04大安區,大安區青田街2巷與青田街口,0,0,2,1,C03,6,5,5,30,4,1,1,4,4,5,13,4,4,10,5,5,2,15,1,21,2,9,6,1,7,9,1,10,1,11,72,1,21,121.5319717,25.0285939
114,02,20,22,40,03中山區,中山區中山北路2段與民權西路口,0,0,1,1,C03,7,5,5,50,4,1,1,5,4,5,13,2,1,9,4,5,2,17,1,49,3,10,5,1,7,6,1,10,1,14,16,1,21,121.5224102,25.0629574
114,02,20,23,06,07信義區,信義區松山路415號,0,0,1,1,C03,6,5,5,50,14,9,1,4,4,5,13,4,4,10,5,5,2,13,1,31,2,9,5,4,7,9,1,10,1,11,108,1,21,121.5779162,25.0412237
114,02,21,00,39,02萬華區,萬華區環河南路1段與武昌街2段口,0,0,1,1,B02,8,5,5,50,4,4,1,5,4,5,13,1,1,8,3,5,1,17,1,50,3,10,7,1,7,9,1,8,1,5,108,1,21,121.5027862,25.045665
114,02,21,01,39,07信義區,信義區基隆路1段與永吉路口,0,0,1,1,C04,8,5,5,50,5,1,1,5,4,5,13,2,1,10,5,5,2,18,2,20,2,8,5,4,7,9,1,10,1,14,116,1,21,121.5669936,25.0459402
114,02,21,02,29,07信義區,信義區吳興街365巷41號,0,0,1,1,C03,6,5,5,30,14,9,1,4,4,5,13,4,4,10,5,5,2,16,2,68,2,1,5,1,7,1,1,10,1,12,19,1,21,121.5682699,25.026237
114,02,21,03,26,10文山區,文山區景隆街與景隆街1巷口,0,0,2,1,C03,7,5,5,30,5,1,1,4,4,5,13,1,1,10,5,5,2,16,1,45,3,10,6,1,7,15,1,9,1,11,81,1,21,121.5399178,25.0004104