發生年度,發生月,發生日,發生時-Hours,發生分,區序,肇事地點,死亡人數,2-30日死亡人數,受傷人數,當事人序號,車種,天候,光線,道路類別,速限-速度限制,道路型態,事故位置,路面狀況1,路面狀況2,路面狀況3,道路障礙1,道路障礙2,號誌1,號誌2,車道劃分-分向,車道劃分-分道1,車道劃分-分道2,車道劃分-分道3,事故類型及型態,性別,年齡,受傷程度,主要傷處,保護裝置,行動電話,車輛用途,當事者行動狀態,駕駛資格情形,駕駛執照種類,飲酒情形,車輛撞擊部位1,肇因碼-個別,個人肇逃否,職業,座標-X,座標-Y
114,02,21,05,54,07信義區,信義區忠孝東路5段與大道路口,0,0,2,1,F01,7,6,5,50,5,2,2,4,4,5,13,1,1,1,4,5,2,15,1,72,2,9,4,1,7,9,8,20,9,12,81,1,21,121.5818361,25.0434255
114,02,21,07,00,05中正區,中正區漢口街1段與博愛路口,0,0,1,1,B12,7,5,5,50,4,4,1,4,4,5,13,2,1,10,4,5,2,13,2,68,3,10,7,1,7,9,1,8,2,8,108,1,21,121.5111936,25.0451804
114,02,21,07,01,11南港區,南港區研究院路2段182巷與研究院路口側附近2段口,0,0,2,1,C03,6,6,5,50,3,1,1,4,4,5,13,1,1,9,5,5,2,16,1,49,2,9,3,4,7,9,1,10,1,11,118,1,22,121.6170049,25.0374164
114,02,21,07,05,01大同區,大同區昌吉街99巷10號,0,0,1,1,B03,7,6,5,30,14,9,1,4,4,5,13,4,4,9,4,5,2,17,1,46,3,10,7,1,7,1,1,8,1,8,19,1,21,121.5115376,25.0669594
114,02,21,07,20,09北投區,北投區石牌路1段70號與石牌路1段71巷口,0,0,3,1,C03,7,5,5,50,3,1,1,5,4,5,13,4,4,5,4,5,2,1,2,70,2,9,3,4,7,9,1,10,2,11,70,1,22,121.5113069,25.1135454
114,02,21,07,22,11南港區,南港區南港路3段與南港路3段314巷口,0,0,2,1,C03,6,7,5,50,4,2,1,4,4,5,13,2,1,9,4,5,2,16,2,43,2,9,6,1,7,5,1,10,1,12,71,1,21,121.5814473,25.0516277
114,02,21,07,42,01大同區,大同區承德路3段與民權西路口,0,0,1,1,C03,7,6,5,50,4,1,1,5,4,5,13,1,1,1,4,5,2,12,1,36,4,11,6,1,7,15,1,10,11,15,108,2,21,121.5183608,25.0631119
114,02,21,08,04,09北投區,北投區尊賢街239巷與無名巷口,0,0,2,1,C03,7,6,5,30,4,1,1,5,4,5,13,4,4,10,5,5,2,15,1,72,2,9,6,1,7,9,1,10,1,14,72,1,21,121.506898,25.1160002
114,02,21,08,21,12內湖區,內湖區南京東路6段119號,0,0,2,1,C03,7,6,5,30,14,9,1,4,4,5,13,4,4,10,4,5,2,17,1,24,2,9,6,1,7,12,1,10,2,17,16,1,22,121.5781471,25.0557683
114,02,21,08,23,08士林區,士林區承德路5段與文林路587巷口,0,0,2,1,C03,7,6,5,40,14,8,1,5,4,5,13,2,1,1,4,4,2,13,2,41,2,9,6,1,7,9,1,10,9,11,16,1,21,121.5136669,25.0974047
114,02,21,08,35,05中正區,中正區公園路與愛國西路口,0,0,1,1,C03,7,6,5,50,5,1,2,4,4,5,13,2,1,1,4,5,2,13,1,60,2,8,5,1,7,6,1,10,1,11,108,1,22,121.5149867,25.03558206
114,02,21,08,40,05中正區,中正區重慶南路3段與詔安街口,0,0,2,1,C03,8,7,5,30,3,1,1,5,4,5,13,4,4,1,4,5,2,16,2,68,2,8,5,4,7,6,3,18,2,14,72,1,21,121.5164471,25.0251434
114,02,21,08,40,06松山區,松山區東興路與八德路4段口,0,0,1,1,B03,7,7,5,50,4,1,1,5,4,5,13,1,1,9,4,5,2,16,2,23,3,10,7,1,7,6,1,8,1,7,44,1,22,121.5654717,25.0491313
114,02,21,08,45,04大安區,大安區仁愛路4段300巷19弄4號,0,0,1,1,B03,7,5,5,30,14,9,1,5,4,5,13,4,4,10,3,5,1,13,2,44,3,10,7,1,7,9,1,8,1,5,108,1,21,121.5546365,25.0362304
114,02,21,08,45,05中正區,中正區延平南路與貴陽街1段口,0,0,1,1,B03,7,7,5,50,4,1,1,5,4,5,13,1,1,4,4,5,2,17,1,63,3,10,7,1,7,5,1,8,1,2,74,1,21,121.5087245,25.03916636
114,02,21,08,50,05中正區,中正區羅斯福路1段與福州街口口,0,0,1,1,C03,7,6,5,50,5,2,1,4,4,5,13,1,1,1,4,5,1,13,1,20,2,7,6,1,7,9,1,10,2,11,16,1,21,121.5203506,25.0295718
114,02,21,08,57,07信義區,信義區崇德街288號,0,0,1,1,B03,7,7,5,30,11,9,1,4,4,5,13,4,4,10,5,5,2,17,1,27,3,10,7,1,7,15,1,8,1,8,5,1,22,121.5600357,25.01799487
114,02,21,09,10,03中山區,中山區中山北路4段與北安路口往東第二支燈桿,0,0,1,1,C03,7,6,5,50,14,9,1,5,4,5,13,4,4,9,4,5,2,13,1,26,2,7,5,1,7,9,1,10,1,11,108,1,21,121.5275558,25.07675946
114,02,21,09,17,12內湖區,內湖區堤外便道五分疏散門,0,0,1,1,C03,6,6,5,50,14,9,1,4,4,5,13,2,1,5,5,5,2,12,2,63,2,1,5,1,7,9,1,10,2,15,42,1,21,121.6138621,25.0654133
114,02,21,09,23,07信義區,信義區吳興街365巷與吳興街口,0,0,2,1,F01,6,6,5,50,4,1,1,4,4,5,13,4,4,9,5,5,2,3,2,55,2,9,4,1,7,9,8,20,1,12,70,1,22,121.5667445,25.0254261
114,02,21,09,30,08士林區,士林區中山北路5段與中山北路5段378巷口口,0,0,1,1,C03,7,6,5,50,14,9,1,5,4,5,13,1,1,1,3,4,1,13,2,48,3,10,5,1,7,14,1,10,1,17,14,1,21,121.5275906,25.09032752
114,02,21,09,32,02萬華區,萬華區環河南路2段5巷與華西街口,0,0,1,1,C03,7,6,5,30,4,1,1,5,4,5,13,4,4,10,5,5,2,15,1,54,3,10,6,1,7,9,1,10,1,12,72,1,21,121.4985141,25.0395597
114,02,21,10,00,10文山區,文山區萬慶街與萬慶街51巷口,0,0,1,1,B03,6,6,5,30,3,2,1,4,4,5,13,4,4,10,5,5,2,9,1,61,3,10,7,1,7,2,1,8,1,3,12,1,22,121.5383628,24.9933955
114,02,21,10,00,10文山區,文山區辛亥隧道(外)80公尺處(北往南),0,0,1,1,C04,8,6,5,50,11,9,1,5,4,5,13,4,4,1,4,5,2,17,1,36,2,8,5,1,7,9,1,10,2,12,108,1,21,121.5578042,25.0093247
114,02,21,10,03,05中正區,中正區青島東路與林森南路口,0,0,1,1,B02,8,6,5,50,4,1,1,5,4,5,13,2,1,5,4,4,2,16,1,30,3,10,7,1,7,6,1,8,2,3,9,1,22,121.5229458,25.04363837
114,02,21,10,05,11南港區,南港區三重路81號,0,0,2,1,B12,6,6,5,30,14,9,1,4,4,5,13,4,4,10,5,5,2,16,1,32,3,10,3,4,7,6,1,8,1,5,9,1,22,121.6138666,25.06104538
114,02,21,10,06,12內湖區,內湖區環山路1段74號前,0,0,1,1,B03,7,7,5,50,3,1,1,5,4,5,13,4,4,5,4,5,2,16,2,80,3,10,7,1,7,11,6,18,1,2,10,1,21,121.5673057,25.0864506
114,02,21,10,10,08士林區,士林區文林路773號,0,0,1,1,C03,7,7,5,50,14,9,1,5,4,5,13,4,4,1,1,1,1,17,1,34,2,9,5,1,7,9,1,10,1,17,44,1,21,121.5194801,25.10363758
114,02,21,10,39,03中山區,中山區長安東路2段152號,0,0,1,1,C03,8,6,5,50,14,9,1,5,4,5,13,4,4,5,4,4,2,12,1,59,3,10,5,1,7,9,1,10,1,12,108,1,22,121.5387109,25.04840478
114,02,21,11,01,01大同區,大同區重慶北路1段與南京西路口,0,0,1,1,B01,7,6,5,50,4,2,1,5,4,5,13,1,1,5,2,5,2,17,1,54,3,10,7,1,7,6,1,4,1,2,9,1,21,121.5142839,25.05401103
114,02,21,11,20,04大安區,大安區仁愛路4段與安和路1段口,0,0,1,1,C03,7,5,5,50,4,1,1,5,4,5,13,2,1,1,4,5,2,17,2,44,3,10,6,1,7,10,1,10,1,13,100,1,21,121.5514334,25.0376157
114,02,21,11,46,05中正區,中正區汀州路3段與思源街口,0,0,1,1,B03,8,7,5,50,3,1,1,5,4,5,13,4,4,1,4,5,2,16,1,45,3,10,7,4,7,6,1,8,2,5,9,1,21,121.5320679,25.0148541
114,02,21,12,01,05中正區,中正區中山南路與凱達格蘭大道口,0,0,1,1,C03,8,7,5,50,5,1,1,5,4,5,13,1,1,1,3,1,2,12,1,37,3,10,6,1,7,9,1,10,1,12,108,1,21,121.5176601,25.0394643
114,02,21,12,06,12內湖區,內湖區港墘路127巷與港墘路127巷6弄口,0,0,1,1,C03,7,6,5,30,4,1,1,5,4,5,13,4,4,5,5,5,2,17,1,68,2,9,6,1,7,9,1,10,1,12,72,1,21,121.5765664,25.0778484
114,02,21,12,07,11南港區,南港區宜興橋與新北市汐止區林森街口,0,0,1,1,F01,6,6,5,30,4,2,1,4,4,5,13,4,4,5,2,5,2,16,2,77,2,9,3,4,7,5,8,20,1,12,80,1,21,121.6208545,25.0412024
114,02,21,12,16,12內湖區,內湖區新湖二路與新湖一路128巷口,0,0,1,1,C03,7,6,5,50,3,1,1,5,4,5,13,4,4,5,5,5,2,16,1,30,2,9,5,1,7,5,1,10,1,14,72,1,21,121.5763367,25.061087
114,02,21,12,37,05中正區,中正區羅斯福路4段與基隆路4段口,0,0,2,1,C03,7,6,5,50,4,1,1,5,4,5,13,1,1,1,4,5,2,13,2,21,2,8,5,1,7,9,1,10,1,11,108,1,21,121.5368445,25.0114303
114,02,21,14,05,08士林區,士林區至善路2段與至善路2段460巷口,0,0,1,1,C03,7,5,5,50,3,1,1,5,4,5,13,2,1,1,4,5,2,15,1,40,2,9,6,1,7,9,5,18,1,11,81,1,21,121.5571524,25.1099055
114,02,21,14,38,03中山區,中山區松江路156巷與一江街口,0,0,2,1,C03,8,6,5,30,4,1,1,5,4,5,13,4,4,8,5,5,1,15,1,37,2,8,3,4,7,9,1,10,1,12,72,1,21,121.531567,25.05437991
114,02,21,14,45,03中山區,中山區農安街與民權東路2段71巷口,0,0,1,1,C03,8,7,5,50,4,1,1,5,4,5,13,1,1,5,5,5,2,16,4,0,,,,,,,,,,,119,2,,121.5316133,25.0647985
114,02,21,15,04,12內湖區,內湖區民權東路6段46巷與民權東路6段口,0,0,1,1,B03,7,6,5,50,4,1,1,5,4,5,13,2,1,1,4,5,2,16,1,73,3,10,3,4,7,5,1,8,1,6,71,1,22,121.5816144,25.067912
114,02,21,15,35,01大同區,大同區民權西路144巷與民權西路口,0,0,1,1,B01,7,6,5,40,4,1,1,5,4,5,13,2,1,9,4,5,2,15,1,69,3,10,7,1,7,9,1,10,2,1,81,1,21,121.5159922,25.0629064
114,02,21,15,37,11南港區,南港區同德路87號,0,0,1,1,C04,8,6,5,50,14,9,1,5,4,5,13,4,4,5,2,5,2,12,1,67,3,10,5,1,7,7,1,10,1,17,100,1,21,121.5864071,25.0462687
114,02,21,15,45,08士林區,士林區承德路5段與通河東街2段10巷口,0,0,2,1,C03,7,6,5,40,3,1,1,5,4,5,13,1,1,10,5,5,2,17,2,43,3,10,3,4,7,9,1,10,1,11,108,1,21,121.51559,25.0916317
114,02,21,15,52,06松山區,松山區光復北路與民生東路5段口,0,0,1,1,C04,7,6,5,50,4,2,1,5,4,5,13,1,1,4,3,5,2,3,2,59,3,10,5,1,7,6,1,10,1,11,70,1,21,121.5554006,25.0582239
114,02,21,16,20,03中山區,中山區民族東路與松江路口,0,0,1,1,B12,8,7,5,50,4,1,1,5,4,5,13,2,1,9,4,5,2,17,1,37,3,10,7,1,7,9,1,8,1,2,108,1,21,121.542795,25.0792688
114,02,21,16,24,02萬華區,萬華區民和街與德昌街94巷口,0,0,1,1,C03,7,5,5,30,3,1,1,5,4,5,13,4,4,9,5,5,2,17,2,70,2,9,5,4,7,6,1,11,1,14,9,1,21,121.497724,25.02544452
114,02,21,16,25,04大安區,大安區基隆路4段與基隆路4段73巷口口往南,0,0,2,1,C03,7,6,5,50,4,2,1,5,4,5,13,2,1,1,4,5,2,17,1,24,4,11,3,4,7,7,1,10,11,15,100,2,21,121.5394093,25.0132415
114,02,21,16,27,09北投區,北投區中央北路4段589號對面,0,0,1,1,B12,7,5,5,50,14,9,1,5,4,5,13,4,4,5,4,5,2,12,1,29,3,10,3,4,7,8,1,8,1,6,100,1,21,121.4654543,25.1254583
114,02,21,16,30,11南港區,南港區忠孝東路6段225巷與忠孝東路6段口,0,0,1,1,F01,7,6,5,30,4,2,1,5,4,5,13,4,4,10,5,5,2,17,2,50,2,1,2,4,7,7,8,20,1,15,100,1,22,121.5884456,25.0494205
114,02,21,16,41,01大同區,大同區重慶北路3段與民族西路221巷口,0,0,1,1,B02,8,5,5,50,4,1,1,5,4,5,13,4,4,1,4,5,2,16,2,48,3,10,7,1,7,6,1,10,2,5,9,1,21,121.513468,25.0691515
114,02,21,16,53,04大安區,大安區樂利路與樂利路27巷口,0,0,1,1,F01,7,5,5,40,4,1,1,5,4,5,13,4,4,8,3,5,1,16,1,14,3,10,4,1,7,5,8,20,1,11,74,1,21,121.5514241,25.0275058
114,02,21,17,25,03中山區,中山區南京東路3段與龍江路口,0,0,1,1,A02,7,7,5,40,4,1,1,5,4,5,13,1,1,1,4,5,2,9,1,48,3,10,7,1,7,9,1,2,1,15,44,1,22,121.54062,25.0519264
114,02,21,17,26,08士林區,士林區文林路615巷20號,0,0,1,1,B03,7,7,5,30,22,9,1,5,4,5,13,4,4,10,5,5,1,17,2,44,3,10,7,1,7,1,1,8,1,1,19,1,21,121.5220064,25.0992297
114,02,21,17,41,09北投區,北投區東華街2段212號南往北方向,0,0,1,1,C03,8,5,5,50,14,9,1,5,4,5,13,4,4,9,4,5,1,11,1,63,3,10,6,1,7,8,1,10,1,12,100,1,21,121.5096524,25.1204098
114,02,21,17,49,05中正區,中正區重慶南路3段26巷與重慶南路3段口,0,0,2,1,C03,8,5,5,50,3,1,1,5,4,5,13,4,4,1,4,5,2,17,2,47,2,9,5,1,7,6,1,10,1,12,9,1,21,121.5154704,25.02882853
114,02,21,17,50,08士林區,士林區光華路61巷4弄078號燈桿,0,0,1,1,C03,7,5,5,30,11,9,1,5,4,5,13,4,4,10,5,5,2,17,2,18,2,7,3,4,7,6,1,10,1,11,42,1,22,121.5233573,25.11578184
114,02,21,18,10,07信義區,信義區松山路與松山路249巷口,0,0,1,1,F03,6,5,5,0,4,1,1,4,4,5,13,2,1,10,5,5,2,17,2,22,2,9,5,4,7,5,8,20,1,12,8,1,22,121.5778398,25.0444141
114,02,21,18,20,11南港區,南港區東新街與南港路3段口,0,0,1,1,C03,6,5,5,50,5,1,1,4,4,5,13,2,1,1,2,5,2,12,1,51,3,10,6,1,7,9,1,10,1,14,17,1,21,121.5826949,25.0516679
114,02,21,18,31,12內湖區,內湖區成功路4段30巷28弄與成功路4段30巷口口,0,0,1,1,B03,6,5,5,30,3,1,1,4,4,5,13,4,4,10,5,5,2,16,1,24,3,10,7,1,7,5,1,8,2,8,72,1,21,121.5919831,25.082553
114,02,21,18,33,08士林區,士林區承德路4段10巷與通河街76巷口,0,0,1,1,F01,7,5,5,30,4,2,1,5,4,5,13,4,4,10,5,5,2,16,1,29,2,9,4,1,7,9,8,20,1,12,72,1,21,121.5201326,25.08007964
114,02,21,18,47,07信義區,信義區松德路195號,0,0,1,1,B03,6,5,5,30,14,8,1,4,4,5,13,4,4,1,4,4,2,12,1,46,3,10,3,4,7,1,1,8,1,4,19,1,21,121.5747205,25.0358577
114,02,21,18,48,06松山區,松山區寶清街3號,0,0,2,1,H01,8,5,5,0,14,9,1,5,4,5,13,4,4,9,4,5,2,3,2,18,3,10,4,5,8,18,8,20,1,17,121,1,22,121.5689702,25.04969817
114,02,21,18,52,03中山區,中山區林森北路與中山北路2段59巷口,0,0,1,1,C03,7,5,5,50,4,2,1,5,4,5,13,4,4,9,5,5,2,16,1,47,2,9,6,1,7,9,1,10,2,12,108,1,21,121.525478,25.0558329
114,02,21,18,53,02萬華區,萬華區西寧南路與西寧南路99巷口,0,0,2,1,C03,7,5,5,50,3,2,1,5,4,5,13,4,4,10,4,5,2,17,1,27,2,8,6,1,7,7,1,15,1,14,100,1,21,121.5066901,25.0452823
114,02,21,19,01,12內湖區,內湖區民權東路6段150號附近側附近,0,0,1,1,C03,7,6,5,50,14,9,1,4,4,5,13,4,4,9,4,5,2,13,2,30,2,8,6,1,7,9,1,9,2,11,16,1,21,121.5903711,25.0686268
114,02,21,19,09,10文山區,文山區羅斯福路5段176巷與溪洲街107巷口口,0,0,1,1,B03,8,5,5,30,4,1,1,5,4,5,13,4,4,10,5,5,2,15,1,48,3,10,7,1,7,9,1,8,9,1,75,1,21,121.5387553,25.00402757
114,02,21,19,10,03中山區,中山區新生北路3段與濱江街口,0,0,1,1,B03,7,5,5,50,3,1,1,5,4,5,13,4,4,8,5,5,2,3,1,26,3,10,7,1,7,5,3,18,9,8,70,1,22,121.5279785,25.0705817
114,02,21,19,10,05中正區,中正區金山南路1段與信義路2段口,0,0,1,1,C03,7,5,5,50,4,1,1,5,4,5,13,1,1,10,5,5,2,17,1,86,2,9,5,1,7,9,1,10,2,12,42,1,21,121.5273501,25.0340961
114,02,21,19,29,12內湖區,內湖區行善路181巷與新豐街口,0,0,1,1,B03,7,5,5,30,3,1,1,5,4,5,13,4,4,10,5,5,2,2,1,42,3,10,7,1,7,5,1,8,1,1,70,1,21,121.5819573,25.0591616
114,02,21,20,13,08士林區,士林區承德路5段兒童新樂園對面,0,0,4,1,C03,7,5,5,40,14,11,1,5,4,5,13,4,4,3,4,4,2,13,1,18,2,8,3,4,7,9,1,10,1,11,16,1,21,121.5136425,25.0965104
114,02,21,20,21,03中山區,中山區復興北路234號,0,0,2,1,C03,7,5,5,50,14,9,1,4,4,5,13,4,4,1,4,5,2,13,1,24,2,8,6,1,7,9,1,10,1,11,16,1,21,121.5440452,25.0574366
114,02,21,21,10,01大同區,大同區重慶北路3段260號,0,0,2,1,C03,7,5,5,50,14,9,1,5,4,5,13,4,4,1,4,5,2,17,2,19,2,9,3,4,7,9,1,10,1,11,108,1,21,121.5136985,25.0715681
114,02,21,21,15,03中山區,中山區復興北路78號,0,0,1,1,B03,8,5,5,50,14,9,1,5,4,5,13,4,4,1,4,5,2,17,1,48,3,10,7,1,7,1,1,8,1,17,19,1,21,121.5439247,25.05120845
114,02,21,21,25,05中正區,中正區三元街與寧波西街口,0,0,2,1,C03,6,5,5,50,4,1,1,4,4,5,13,2,1,3,4,4,2,17,2,35,2,9,5,1,7,7,1,10,1,13,95,1,21,121.5112263,25.0280124
114,02,21,21,32,03中山區,中山區長安東路1段50號,0,0,1,1,B03,8,5,5,50,14,9,1,5,4,5,13,4,4,9,4,5,2,14,1,25,3,10,7,1,7,2,1,8,9,15,12,2,26,121.527612,25.04842178
114,02,21,21,45,03中山區,中山區林森北路與長春路口,0,0,1,1,B03,8,5,5,50,14,9,1,5,4,5,13,1,1,5,4,5,2,12,1,78,3,10,3,4,7,7,1,14,1,5,100,1,22,121.5254034,25.0550587
114,02,21,21,51,01大同區,大同區民族西路與重慶北路3段口口,0,0,1,1,C03,8,5,5,50,4,1,1,5,4,5,13,2,1,5,5,5,2,16,2,34,2,9,6,1,7,9,1,10,1,11,44,1,21,121.5136982,25.0685689
114,02,21,22,00,04大安區,大安區忠孝東路4段223巷與忠孝東路4段223巷20弄口,0,0,1,1,B03,6,5,5,30,4,1,1,4,4,5,13,4,4,10,5,5,2,17,1,47,3,10,7,1,7,9,1,4,1,17,72,1,22,121.5530151,25.0425337
114,02,21,23,15,08士林區,士林區重慶北路4段與通河西街1段口,0,0,1,1,B01,7,5,5,50,3,2,1,5,4,5,13,1,1,1,4,5,2,17,1,57,3,10,7,1,7,6,1,4,2,5,9,1,22,121.512981,25.0819534
114,02,21,23,41,10文山區,文山區辛亥路4段與辛亥路4段209巷口,0,0,1,1,C03,6,5,5,50,3,1,1,4,4,5,13,4,4,1,4,5,2,17,1,21,2,9,6,1,7,9,1,10,1,14,13,1,21,121.5556413,25.002444
114,02,22,00,03,04大安區,大安區無名巷與無名巷口與廢鐵道口(延吉街131巷1弄30號前),0,0,1,1,B03,6,5,5,30,4,1,1,4,4,5,13,4,4,10,5,5,2,17,1,34,3,10,7,1,7,9,1,8,1,17,72,1,22,121.5546636,25.0437265
114,02,22,00,12,10文山區,文山區羅斯福路5段與萬盛街口,0,0,1,1,B03,7,5,5,50,4,1,1,5,4,5,13,2,1,1,2,5,2,16,1,26,3,10,7,1,7,5,1,8,2,5,71,1,21,121.5382445,25.0081041
114,02,22,00,33,06松山區,松山區八德路4段723號,0,0,2,1,C03,6,5,5,40,14,8,1,4,4,5,13,4,4,1,3,4,2,18,1,19,2,9,6,1,7,9,1,10,1,12,116,1,21,121.5772166,25.0500996
114,02,22,00,56,03中山區,(林森北路282號前),0,0,1,1,B01,8,5,5,50,14,9,1,5,4,5,13,4,4,8,3,5,2,16,1,68,3,10,7,4,7,11,1,4,1,5,10,1,21,121.5254129,25.055403
114,02,22,06,24,07信義區,信義區吳興街583巷與松仁路308巷口口,0,0,1,1,C03,7,5,8,30,3,1,1,5,4,5,13,4,4,10,5,5,2,17,1,54,4,11,3,4,7,21,7,19,9,15,5,2,22,121.5701953,25.0218804
114,02,22,08,07,01大同區,大同區大稻埕堤外便道與南京西路口325-2號,0,0,3,1,C03,8,6,5,40,3,2,1,5,4,5,13,1,1,10,5,5,1,13,1,17,2,8,6,1,7,15,2,18,2,12,108,1,21,121.5072565,25.0537384
114,02,22,09,13,05中正區,中正區中華路2段與西藏路口,0,0,2,1,C03,8,6,5,50,4,1,1,5,4,5,13,1,1,5,4,5,2,17,1,33,2,8,5,1,7,9,1,9,2,12,85,1,21,121.5042039,25.0300481
114,02,22,10,18,10文山區,文山區指南路3段與指南路3段157巷口口,0,0,2,1,C03,7,7,5,30,3,1,1,5,4,5,13,4,4,10,5,5,2,16,2,50,2,9,5,1,7,5,1,10,2,12,74,1,21,121.5984423,24.9723956
114,02,22,10,30,03中山區,中山區民權東路2段135巷與民權東路2段口,0,0,1,1,B03,8,7,5,50,4,1,1,5,4,5,13,2,1,1,4,5,2,11,1,65,3,10,7,1,7,5,3,18,1,1,8,1,21,121.5347899,25.0625038
114,02,22,10,31,03中山區,中山區長安東路2段與復興北路口,0,0,1,1,C03,7,6,5,50,14,9,1,5,4,5,13,2,1,4,5,5,1,17,1,52,3,10,3,4,7,7,3,18,1,14,80,1,21,121.543706,25.04824661
114,02,22,11,24,03中山區,中山區市民大道3段169號,0,0,2,1,C03,8,6,5,40,14,9,1,5,4,5,13,4,4,1,4,5,2,13,1,33,3,10,6,4,7,9,1,10,1,17,35,1,22,121.5407576,25.0446503
114,02,22,12,00,04大安區,大安區忠孝東路4段42號,0,0,2,1,A04,8,7,5,50,14,9,1,5,4,5,13,4,4,1,4,5,2,12,1,62,3,10,7,1,7,10,1,2,1,2,100,1,21,121.544775,25.0414906
114,02,22,12,02,08士林區,士林區重慶北路4段與百齡橋口,0,0,1,1,C03,7,5,5,50,3,4,1,5,4,5,13,1,1,1,4,5,2,13,2,28,2,7,6,1,7,9,1,10,1,11,16,1,21,121.5113281,25.0870931
114,02,22,12,08,06松山區,松山區民生東路4段與光復北路口,0,0,2,1,C03,7,7,5,50,4,1,1,5,4,5,13,2,1,5,4,4,2,17,2,37,2,9,5,1,7,5,1,10,2,15,71,1,22,121.5551889,25.0582441
114,02,22,12,10,12內湖區,內湖區麥帥一橋機車道內湖往松山,0,0,1,1,C03,7,6,5,40,8,11,1,5,4,5,13,4,4,9,4,5,2,13,1,20,2,8,5,1,7,9,1,10,1,11,76,1,21,121.5667213,25.05138901
114,02,22,12,10,07信義區,信義區基隆路2段與嘉興街口,0,0,1,1,C03,7,6,5,50,3,2,1,5,4,5,13,4,4,1,4,5,2,17,2,71,2,7,3,4,7,9,1,10,1,11,118,1,22,121.5592443,25.0326063
114,02,22,12,11,10文山區,文山區木柵路4段26號對面,0,0,1,1,C03,7,6,5,50,14,9,1,5,4,5,13,4,4,5,4,5,2,13,1,30,3,10,5,1,7,9,1,10,1,11,76,1,21,121.5732679,24.9970881
114,02,22,12,45,09北投區,士林區中山北路5段470巷與福林路口,0,0,1,1,C03,7,7,5,50,14,9,1,5,4,5,13,4,4,5,4,5,1,3,1,30,2,9,5,1,7,9,1,10,2,14,42,1,23,121.5293889,25.0946704
114,02,22,13,14,03中山區,中山區南京東路3段與建國北路2段口,0,0,1,1,B01,8,6,5,50,22,19,1,5,4,5,13,2,1,1,5,5,1,1,1,69,3,10,3,4,7,6,1,4,9,5,70,1,21,121.5369777,25.05217958
114,02,22,13,17,10文山區,文山區羅斯福路5段與羅斯福路5段92巷口,0,0,3,1,C03,7,6,5,50,3,1,1,5,4,5,13,4,4,1,4,5,2,16,1,30,2,9,6,1,7,6,1,10,1,12,9,1,21,121.538551,25.0071982
114,02,22,13,49,11南港區,南港區忠孝東路6段與昆陽街157巷口口,0,0,1,1,C03,7,6,5,50,5,2,1,4,4,5,13,2,1,9,5,5,2,12,1,63,2,9,6,4,7,9,1,7,2,14,17,1,22,121.595237,25.0503022
114,02,22,13,57,05中正區,中正區重慶南路2段與愛國西路口,0,0,2,1,C03,8,6,5,50,4,1,1,5,4,5,13,1,1,1,4,5,2,17,2,44,2,9,5,1,7,8,1,10,2,12,100,1,21,121.5125569,25.034993
114,02,22,14,32,01大同區,大同區長安西路與塔城街口,0,0,2,1,C03,7,6,5,50,4,2,1,5,4,5,13,2,1,9,4,4,2,17,1,22,3,10,6,1,7,11,1,10,1,14,10,1,21,121.5105666,25.0520345
114,02,22,14,32,10文山區,文山區和平東路4段306號,0,0,1,1,C03,8,7,5,40,14,9,1,5,4,5,13,4,4,5,5,5,2,13,1,28,2,7,5,1,7,9,1,10,2,11,16,1,21,121.5738373,24.9996844
114,02,22,14,50,05中正區,中正區重慶南路2段與愛國西路口,0,0,2,1,C03,7,6,5,50,5,2,1,5,4,5,13,2,1,1,1,5,1,17,1,27,2,9,5,1,7,9,1,10,2,11,16,1,21,121.5127144,25.0347287
114,02,22,14,55,07信義區,信義區松山路與虎林街55巷口口,0,0,1,1,B03,7,5,8,30,3,1,1,5,4,5,13,4,4,1,4,5,2,17,1,30,3,10,7,1,7,6,1,8,2,1,72,1,22,121.5776017,25.0472507
114,02,22,15,00,12內湖區,內湖區瑞光路與瑞光路76巷口,0,0,2,1,C03,7,5,5,50,3,1,1,5,4,5,13,2,1,5,4,5,1,16,2,46,2,9,6,1,7,11,1,10,2,14,103,1,21,121.5818152,25.0712542
114,02,22,15,01,01大同區,大同區雙連街81巷與錦西街72巷口,0,0,1,1,C03,7,6,5,30,3,1,1,5,4,5,13,4,4,10,5,5,2,15,2,67,2,6,6,4,7,9,1,10,1,11,44,1,22,121.5194823,25.0599442
114,02,22,15,09,03中山區,中山區伊通街與伊通街59巷口,0,0,2,1,C03,7,7,5,50,14,9,1,5,4,5,13,4,4,5,5,5,2,3,2,24,2,9,5,1,7,1,1,10,1,11,19,1,22,121.5348033,25.0515227
114,02,22,16,35,11南港區,南港區市民大道7段7號,0,0,1,1,B03,8,6,5,50,14,9,1,5,4,5,13,4,4,10,4,5,2,12,1,45,3,10,3,4,7,1,1,8,1,4,19,1,21,121.5808208,25.04950876
114,02,22,16,41,03中山區,中山區建國北路2段與長春路口,0,0,2,1,C03,7,6,5,50,4,1,1,5,4,5,13,2,1,1,4,5,2,16,1,52,3,10,6,1,7,6,1,10,1,12,9,1,21,121.5370433,25.0544054
114,02,22,16,44,01大同區,大同區迪化街2段與迪化街2段268巷口口,0,0,2,1,C03,8,6,5,30,4,1,1,5,4,5,13,4,4,10,5,5,2,15,1,28,2,8,6,1,7,9,1,10,9,12,72,1,21,121.5116443,25.0705683