發生年度,發生月,發生日,發生時-Hours,發生分,區序,肇事地點,死亡人數,2-30日死亡人數,受傷人數,當事人序號,車種,天候,光線,道路類別,速限-速度限制,道路型態,事故位置,路面狀況1,路面狀況2,路面狀況3,道路障礙1,道路障礙2,號誌1,號誌2,車道劃分-分向,車道劃分-分道1,車道劃分-分道2,車道劃分-分道3,事故類型及型態,性別,年齡,受傷程度,主要傷處,保護裝置,行動電話,車輛用途,當事者行動狀態,駕駛資格情形,駕駛執照種類,飲酒情形,車輛撞擊部位1,肇因碼-個別,個人肇逃否,職業,座標-X,座標-Y
114,02,22,16,50,04大安區,大安區羅斯福路4段21號,0,0,1,1,C03,7,6,5,50,14,9,1,5,4,5,13,1,1,1,4,5,2,17,1,21,2,9,5,1,7,12,1,10,1,12,42,1,21,121.5352155,25.0140144
114,02,22,16,55,08士林區,士林區通河東街1段160號,0,0,1,1,C03,8,7,5,30,14,9,1,5,4,5,13,4,4,10,5,5,2,17,1,18,2,7,6,1,7,7,1,10,1,11,108,1,21,121.5157401,25.0877615
114,02,22,17,00,11南港區,南港區中南街74巷口側附近,0,0,1,1,C03,7,5,5,30,14,9,1,5,5,4,13,4,4,10,5,5,2,29,2,64,2,8,3,4,7,1,1,10,9,11,108,1,22,121.6140402,25.053188
114,02,22,17,10,11南港區,南港區成福路121巷與成福路107巷口,0,0,1,1,H01,7,6,5,30,4,1,1,5,4,5,13,4,4,10,5,5,2,6,1,14,2,8,4,5,8,18,8,20,1,16,53,1,21,121.5880257,25.0421776
114,02,22,18,36,11南港區,南港區玉成街140巷與玉成街口口後山埤捷運站3出口,0,0,2,1,C03,8,5,5,50,3,1,1,5,4,5,13,4,4,9,5,5,2,12,1,26,2,8,3,4,7,9,1,10,1,11,4,1,22,121.5832667,25.0451074
114,02,22,18,57,12內湖區,內湖區舊宗路1段150巷與民善街口,0,0,1,1,B03,8,5,5,50,4,1,1,5,4,5,13,4,4,5,4,5,2,9,1,41,3,10,7,1,7,5,1,8,2,8,70,1,21,121.575238,25.0616685
114,02,22,19,15,07信義區,信義區崇德街3號,0,0,1,1,C03,7,5,8,50,22,22,1,5,4,5,13,4,4,9,5,5,2,17,1,37,3,10,5,1,7,9,1,10,1,11,4,1,21,121.5530779,25.0243453
114,02,22,19,52,04大安區,大安區忠孝東路4段與復興南路1段口,0,0,1,1,C03,7,5,5,50,4,4,1,5,4,5,13,2,2,2,3,5,1,13,1,39,2,9,5,1,7,9,1,10,1,11,16,1,21,121.5437,25.0420157
114,02,22,19,55,03中山區,中山區松江路148號,0,0,1,1,C03,7,5,5,50,14,10,1,5,4,5,13,4,4,3,4,4,2,13,1,24,2,8,5,4,7,7,1,10,1,14,118,1,21,121.5335696,25.0544529
114,02,22,20,31,10文山區,文山區木柵路1段與辛亥路7段口,0,0,1,1,B03,7,5,5,50,4,1,1,5,4,5,13,2,1,5,4,5,2,17,1,58,3,10,7,1,7,7,1,8,2,1,100,1,22,121.5523702,24.98778911
114,02,22,22,04,06松山區,松山區光復北路與南京東路5段23巷9弄口,0,0,1,1,F01,6,5,5,50,4,1,1,4,3,5,13,2,1,9,4,5,2,29,2,64,2,9,4,1,7,9,8,20,9,14,29,1,22,121.5570373,25.0526249
114,02,22,22,15,12內湖區,內湖區民權東路6段212-1號旁,0,0,2,1,C03,6,5,5,40,14,8,1,4,4,5,13,4,4,1,4,4,2,17,2,53,2,7,6,1,7,15,1,10,1,11,42,1,21,121.5980231,25.0672167
114,02,22,22,29,03中山區,中山區中山北路1段與南京東路1段口,0,0,1,1,B01,7,5,5,50,4,1,1,5,4,5,13,2,1,1,4,5,2,13,1,49,3,10,7,1,7,9,1,4,1,5,108,1,21,121.5225991,25.0522431
114,02,22,23,26,07信義區,信義區信義路6段與松德路口口,0,0,1,1,C03,6,5,5,50,4,2,1,4,4,5,13,2,1,1,2,5,2,17,1,23,2,9,6,4,7,9,1,10,1,12,108,1,22,121.575009,25.0338822
114,02,22,23,30,01大同區,大同區鄭州路139號,0,0,1,1,C03,7,5,5,40,14,9,1,5,4,5,13,4,4,1,4,4,2,17,1,35,3,10,3,4,7,9,1,10,1,11,16,1,21,121.5099644,25.050332
114,02,22,23,35,01大同區,大同區鄭州路139號,0,0,2,1,C03,7,5,5,40,14,9,1,5,4,5,13,4,4,1,4,5,2,17,1,24,2,9,3,4,7,9,1,10,1,14,16,1,21,121.510048,25.0503194
114,02,22,23,52,02萬華區,萬華區內江街與昆明街口,0,0,2,1,H01,6,5,5,0,4,18,1,4,4,5,13,1,1,10,3,5,2,3,2,22,2,8,4,5,8,16,8,20,10,16,122,1,21,121.5045319,25.0414462
114,02,23,01,02,10文山區,(興隆路3段54號),0,0,2,1,C04,6,5,5,50,3,18,1,4,4,5,13,3,1,1,4,5,2,3,1,29,2,7,6,1,7,9,1,8,2,11,70,1,21,121.5559322,25.0002189
114,02,23,02,00,08士林區,士林區延平北路6段511巷與延平北路6段口,0,0,2,1,B12,7,6,5,50,4,2,1,4,4,5,13,1,1,3,4,5,1,16,1,28,3,10,3,4,7,5,1,8,2,2,44,1,21,121.4976479,25.0938979
114,02,23,02,32,02萬華區,萬華區廣州街與廣州街70巷口,0,0,2,1,C03,6,5,5,50,3,2,1,4,4,5,13,4,4,9,5,5,2,17,2,25,2,8,5,1,7,5,1,10,1,14,8,1,21,121.4969167,25.0367914
114,02,23,02,33,07信義區,信義區市民高架道往東,0,0,1,1,B03,6,5,5,60,10,16,1,4,4,5,13,4,4,1,1,5,1,35,1,18,2,8,3,4,7,7,1,8,1,1,13,1,22,121.5650417,25.0448412
114,02,23,02,37,07信義區,信義區忠孝東路5段372巷與忠孝東路5段372巷27弄口,0,0,1,1,B03,6,5,5,30,3,1,1,4,4,5,13,4,4,9,4,5,2,16,1,26,3,10,3,4,7,6,1,8,2,2,9,1,22,121.5745097,25.0395547
114,02,23,03,40,09北投區,北投區河美街(首都客運士林站旁),0,0,1,1,C03,6,5,5,40,14,9,1,4,4,5,13,1,1,9,4,5,2,18,1,65,2,9,5,1,7,9,1,10,8,12,42,1,21,121.5006052,25.10085817
114,02,23,04,12,06松山區,松山區撫遠街與撫遠街399巷口口,0,0,1,1,B01,6,5,5,30,4,1,1,4,4,5,13,4,4,1,4,5,2,15,1,65,3,10,7,1,7,9,1,4,2,5,72,1,21,121.5656185,25.06546393
114,02,23,04,43,04大安區,大安區敦化南路1段187巷與忠孝東路4段147巷口,0,0,2,1,B01,6,5,5,30,4,1,1,4,4,5,13,4,4,10,5,5,1,15,1,56,3,10,7,1,7,9,1,4,1,1,72,1,21,121.5496588,25.04259
114,02,23,07,11,02萬華區,萬華區環河南路3段與德昌街185巷口,0,0,1,1,B01,6,5,5,50,3,2,1,4,4,3,12,4,4,9,4,5,2,17,1,66,3,10,7,4,7,6,1,4,2,8,72,1,21,121.4920506,25.02191494
114,02,23,08,56,12內湖區,內湖區環山路2段與環山路2段76巷口,0,0,1,1,B03,7,6,6,50,3,1,1,4,4,5,13,4,4,5,4,5,1,17,1,48,3,10,7,1,7,11,1,8,1,7,10,1,21,121.576552,25.0842769
114,02,23,09,29,05中正區,中正區市民大道2段與金山北路口,0,0,1,1,C03,6,5,5,40,4,4,1,4,4,5,13,2,1,1,2,1,2,12,2,49,3,10,5,1,7,9,1,10,2,12,108,1,21,121.5303959,25.046003
114,02,23,10,20,07信義區,信義區忠孝東路4段與基隆路1段口,0,0,1,1,C03,6,6,5,50,14,9,1,4,4,5,13,1,1,10,4,5,2,13,1,29,2,9,6,1,7,9,1,10,1,11,42,1,22,121.5645454,25.0415391
114,02,23,10,26,08士林區,士林區忠誠路2段207巷與東山路口口,0,0,1,1,B01,6,6,5,30,4,1,1,4,4,5,13,3,1,1,4,5,1,17,1,65,3,10,7,1,7,9,1,4,1,17,72,1,21,121.5390154,25.11640366
114,02,23,10,35,01大同區,大同區民權西路與蘭州街口,0,0,2,1,C03,6,7,5,50,4,1,1,4,4,5,13,1,1,1,4,5,2,12,2,30,3,10,6,1,7,9,1,10,1,14,44,1,21,121.514653,25.0629231
114,02,23,10,36,11南港區,南港區松河街與南港路3段314巷口,0,0,2,1,C03,7,7,5,40,3,1,1,4,4,5,13,1,1,5,4,5,2,16,1,20,2,7,5,1,7,9,1,10,1,12,4,1,21,121.5812445,25.0524062
114,02,23,11,44,02萬華區,萬華區和平西路3段與和平西路3段382巷口,0,0,1,1,C03,6,5,8,50,22,22,1,4,4,5,13,1,1,10,5,5,2,17,1,48,2,9,3,4,7,9,6,18,2,11,42,1,21,121.4914835,25.0353848
114,02,23,11,50,08士林區,士林區文林路與大東路口,0,0,2,1,C03,7,7,5,50,3,1,1,4,4,5,13,4,4,9,4,5,1,17,2,68,2,8,5,1,7,9,1,10,2,11,72,1,21,121.524995,25.09369443
114,02,23,11,56,06松山區,松山區南京東路5段與東興路口,0,0,1,1,B01,6,6,5,50,3,1,1,4,4,5,13,2,1,1,5,5,2,17,1,63,3,10,3,4,7,1,1,4,1,17,19,1,21,121.5654899,25.0514806
114,02,23,12,04,03中山區,中山區合江街與錦州街口,0,0,1,1,B03,6,7,8,50,4,2,1,4,4,5,13,1,1,5,5,5,2,13,1,60,3,10,7,1,7,9,1,8,1,1,16,1,22,121.5392054,25.0604552
114,02,23,12,14,02萬華區,萬華區中華路1段196-1號,0,0,1,1,C03,6,6,5,50,14,8,1,4,4,5,13,4,4,8,3,1,1,17,1,43,2,7,5,1,7,12,1,10,1,17,116,1,21,121.5069732,25.0383977
114,02,23,13,21,04大安區,大安區師大路與浦城街口,0,0,1,1,B02,6,6,5,30,3,1,1,4,4,5,13,4,4,10,5,5,2,17,1,32,3,10,7,1,7,6,1,8,2,5,108,1,21,121.5282716,25.0247934
114,02,23,14,10,12內湖區,內湖區瑞光路與江南街117巷8弄口,0,0,1,1,C03,7,6,5,50,4,2,1,5,4,5,13,2,1,5,4,5,2,13,1,25,3,10,6,1,7,9,3,18,1,11,16,1,21,121.5761441,25.0756871
114,02,23,14,35,02萬華區,萬華區環河南路1段與內江街口,0,0,2,1,C03,7,6,5,50,4,1,1,5,4,5,13,2,1,9,4,5,2,16,2,27,2,9,6,4,7,6,1,10,1,12,9,1,22,121.5000702,25.041816
114,02,23,15,37,04大安區,大安區忠孝東路4段319號,0,0,1,1,B03,7,5,5,50,14,9,1,5,4,5,13,2,1,10,5,5,2,17,1,57,2,7,3,4,7,14,1,8,1,4,38,1,21,121.5560583,25.0414737
114,02,23,15,53,01大同區,大同區迪化街2段與民權西路口口,0,0,1,1,C03,8,5,5,30,5,1,1,5,4,5,13,4,4,10,5,5,2,10,2,64,2,8,5,1,7,1,1,10,1,14,72,1,22,121.5094002,25.0633874
114,02,23,16,15,03中山區,中山區民權東路2段204號,0,0,1,1,B03,7,6,5,50,14,9,1,5,4,5,13,1,1,1,2,5,2,9,1,47,3,10,3,4,7,14,1,8,1,6,38,1,22,121.5363278,25.06242407
114,02,23,16,32,03中山區,中山區長春路與松江路口,0,0,1,1,B01,8,7,5,50,5,1,1,5,4,5,13,2,1,5,2,4,2,17,1,68,3,10,7,1,7,9,1,4,1,4,44,1,21,121.5331383,25.0547635
114,02,23,17,06,06松山區,松山區光復南路46巷與光復南路32巷16弄口,0,0,1,1,C03,7,7,5,30,5,1,1,5,4,5,13,4,4,10,5,5,2,15,1,35,2,9,5,1,7,9,1,10,1,11,72,1,25,121.5565284,25.0460207
114,02,23,17,13,03中山區,中山區雙城街與農安街口,0,0,1,1,B01,7,5,5,50,4,1,1,5,4,5,13,2,1,5,4,5,2,16,1,29,3,10,3,4,7,5,1,4,1,1,16,1,22,121.5183568,25.04847309
114,02,23,18,44,01大同區,大同區承德路3段與敦煌路口口,0,0,1,1,C03,7,5,5,50,4,2,1,5,4,5,13,2,1,9,4,5,2,13,1,27,2,9,5,1,7,4,1,10,2,11,108,1,22,121.5201825,25.0749927
114,02,23,20,02,03中山區,中山區新生北路2段與民生東路2段口,0,0,1,1,C03,7,6,5,50,4,3,1,5,4,5,13,1,1,9,4,5,2,12,2,33,2,9,5,1,7,9,1,10,1,14,108,1,21,121.5282128,25.0581309
114,02,23,21,01,11南港區,南港區忠孝東路6段與永吉路口,0,0,2,1,C03,6,5,5,50,5,2,1,4,4,5,13,2,1,1,3,1,2,17,1,36,2,9,3,4,7,9,1,10,1,17,44,1,21,121.5827176,25.04545
114,02,23,21,39,03中山區,中山區市民大道2段與長安東路1段52巷口,0,0,1,1,C03,7,5,5,40,3,1,1,5,4,5,13,1,1,1,4,4,2,13,1,18,2,9,3,4,7,9,3,18,1,11,108,1,21,121.5279046,25.04700718
114,02,23,22,02,02萬華區,萬華區堤外便道(3014760燈桿),0,0,2,1,C03,8,5,5,40,14,9,1,5,4,5,13,4,4,10,5,5,2,3,1,40,2,9,5,1,7,9,1,10,1,11,108,1,21,121.4933354,25.0375801
114,02,23,22,05,01大同區,大同區鄭州路與西寧北路口,0,0,2,1,C03,7,5,5,40,5,1,1,5,4,5,13,4,4,1,5,5,2,16,2,18,2,9,6,1,7,9,1,10,2,11,99,1,21,121.5081386,25.0505879
114,02,23,22,25,06松山區,松山區敦化北路與富錦街口口附近,0,0,2,1,C03,7,5,5,30,14,8,1,5,4,5,13,4,4,1,4,4,2,13,1,44,2,9,6,1,7,9,3,18,1,11,108,1,21,121.5503816,25.0601099
114,02,23,22,41,07信義區,信義區信安街119號,0,0,2,1,C03,6,5,5,50,14,9,1,4,4,5,13,4,4,9,5,5,2,3,1,29,2,9,3,4,7,9,1,10,1,11,70,1,21,121.5560453,25.0247648
114,02,23,22,44,02萬華區,萬華區長順街與長順街107巷口,0,0,2,1,C03,8,5,5,30,4,1,1,5,4,5,13,4,4,9,5,5,2,15,2,69,2,9,5,4,7,9,1,10,1,14,72,1,21,121.4893173,25.0321355
114,02,24,01,22,02萬華區,萬華區康定路與桂林路口,0,0,1,1,B01,8,5,5,50,4,1,1,5,4,5,13,1,1,5,4,5,2,17,1,58,3,10,7,4,7,5,1,4,1,8,71,1,21,121.5016639,25.0383738
114,02,24,03,43,10文山區,文山區羅斯福路6段142巷與萬慶街口,0,0,1,1,C03,6,5,5,30,5,1,1,4,4,5,13,3,1,1,5,5,2,17,1,19,3,10,6,1,7,1,1,10,1,17,19,1,21,121.5575714,24.99934387
114,02,24,03,44,11南港區,南港區忠孝東路7段與研究院路1段口,0,0,2,1,C03,6,5,5,50,3,1,1,4,4,5,13,2,1,1,4,5,1,17,1,55,2,3,6,1,7,5,1,10,1,11,85,1,21,121.6162569,25.0532251
114,02,24,06,20,08士林區,士林區中山北路6段324號,0,0,1,1,B03,7,5,5,50,14,9,1,5,4,5,13,4,4,1,4,5,2,17,1,76,3,10,3,4,7,1,1,8,1,3,19,1,21,121.5257188,25.1110894
114,02,24,06,28,09北投區,北投區三合街1段79巷與三合街1段口,0,0,1,1,B03,8,5,5,40,4,1,1,5,4,5,13,2,1,5,5,5,2,17,1,45,3,10,7,1,7,6,1,8,2,2,9,1,22,121.5049983,25.12686173
114,02,24,07,32,04大安區,大安區信義路3段與建國南路2段口,0,0,2,1,B03,7,5,5,50,4,1,1,5,4,5,13,2,1,10,5,5,2,17,1,39,3,10,7,1,7,6,1,8,11,17,9,2,21,121.5380899,25.0333853
114,02,24,07,36,07信義區,信義區忠孝東路4段516號,0,0,1,1,C03,7,6,5,50,22,9,1,5,4,5,13,2,1,10,3,5,2,17,1,54,3,10,3,4,7,15,1,10,1,17,17,1,21,121.562631,25.0410898
114,02,24,07,53,10文山區,文山區秀明路1段與秀明路1段79巷1弄口久康街多岔路口,0,0,1,1,C03,6,6,5,50,5,1,1,4,4,5,13,2,1,1,4,5,2,16,2,61,2,9,3,4,7,5,1,10,2,14,8,1,22,121.5649464,24.9898006
114,02,24,08,13,03中山區,中山區龍江路46巷與長安東路2段153巷口,0,0,1,1,B03,7,6,5,30,4,1,1,5,4,5,13,4,4,10,5,5,2,16,1,51,3,10,7,1,7,5,1,8,1,1,72,1,21,121.5391303,25.0491993
114,02,24,08,18,08士林區,士林區中山北路6段87號,0,0,1,1,B03,7,6,5,40,14,8,1,5,4,5,13,4,4,1,4,4,2,12,2,40,3,10,2,1,7,14,1,8,1,8,40,1,21,121.5247693,25.1058895
114,02,24,08,23,08士林區,士林區美崙街(天文科學教育館機車停車場出入口),0,0,2,1,C03,8,6,5,50,14,9,1,5,4,5,13,4,4,9,5,5,1,17,1,56,2,9,5,1,7,5,1,10,1,12,8,1,21,121.5180978,25.09527057
114,02,24,08,48,09北投區,北投區育仁路與大同街口口,0,0,1,1,B03,7,6,5,30,4,2,1,5,4,5,13,3,1,10,5,5,2,16,1,52,3,10,7,1,7,1,1,8,2,8,19,1,21,121.4982589,25.1337113
114,02,24,08,56,06松山區,松山區塔悠路80號,0,0,2,1,C03,7,6,5,50,14,9,1,4,4,5,13,4,4,1,4,5,2,13,2,52,2,2,6,1,7,9,1,10,1,11,16,1,21,121.5699532,25.0529201
114,02,24,09,00,03中山區,中山區明水路與樂群二路口,0,0,1,1,C03,7,5,5,50,4,2,1,5,4,5,13,1,1,8,5,5,2,12,1,27,2,9,5,1,7,9,1,10,2,11,108,1,21,121.5522859,25.0797583
114,02,24,09,20,12內湖區,內湖區康寧路1段180號與康寧路1段口,0,0,1,1,C03,7,6,5,50,3,2,1,5,4,5,13,4,4,5,5,5,2,13,1,22,3,10,5,1,7,9,1,10,1,11,16,1,21,121.594671,25.0789419
114,02,24,09,33,11南港區,南港區昆陽街23號,0,0,1,1,B03,7,6,5,30,22,9,1,5,4,5,13,4,4,9,5,5,2,16,1,58,3,10,7,1,7,5,1,8,1,17,80,1,21,121.592629,25.0532315
114,02,24,09,42,03中山區,中山區長安東路2段與建國北路1段口,0,0,1,1,B03,7,6,5,50,4,1,1,5,4,5,13,2,1,5,4,5,2,13,1,33,3,10,3,4,7,1,1,8,1,1,116,1,22,121.5363991,25.04839304
114,02,24,09,52,03中山區,中山區復興北路514巷與民族東路512巷口,0,0,1,1,F01,7,6,5,50,4,1,1,5,4,5,13,3,1,1,5,5,2,16,2,65,2,9,4,1,7,5,8,20,2,12,72,1,21,121.5420659,25.0659495
114,02,24,10,20,04大安區,大安區和平東路1段115號對面,0,0,1,1,B03,8,7,5,50,14,9,1,5,4,5,13,4,4,9,4,4,2,12,1,42,3,10,7,1,7,9,1,8,1,5,108,1,21,121.5268733,25.0266409
114,02,24,10,40,03中山區,中山區復興北路與興安街口,0,0,2,1,C03,7,5,5,50,4,1,1,5,4,5,13,1,1,8,5,5,2,13,1,41,2,8,5,1,7,9,1,10,1,11,108,1,21,121.5440303,25.056095
114,02,24,10,59,07信義區,信義區福德街84巷與林口街38巷口,0,0,1,1,C03,7,6,5,30,4,1,1,5,4,3,10,4,4,9,5,5,2,15,1,76,2,8,5,1,7,9,1,10,2,12,72,1,21,121.5808994,25.0384511
114,02,24,11,32,04大安區,大安區大安路2段66號,0,0,2,1,C03,8,6,8,50,14,9,1,5,4,5,13,4,4,7,3,5,2,12,1,32,3,10,6,1,7,9,1,10,1,11,16,1,21,121.5459952,25.0323603
114,02,24,11,33,07信義區,信義區松廉路西向東(微風南山旁),0,0,1,1,C03,7,6,5,50,14,9,1,5,4,5,13,2,1,9,4,5,1,17,1,55,3,10,3,4,7,11,1,10,1,14,10,1,21,121.5656812,25.0339866
114,02,24,11,54,04大安區,大安區和平東路3段與基隆路2段口,0,0,2,1,C03,7,6,5,50,4,1,1,5,4,5,13,2,1,1,4,5,2,17,1,46,2,8,6,1,7,7,1,10,2,13,100,1,21,121.5523619,25.0242645
114,02,24,11,55,05中正區,中正區汀州路1段與三元街口,0,0,2,1,C03,7,6,5,50,4,1,1,5,4,5,13,2,1,8,4,5,1,15,2,33,2,9,5,1,7,9,1,10,2,12,81,1,21,121.5072131,25.0307306
114,02,24,12,05,09北投區,北投區大度路151號,0,0,2,1,C04,7,6,5,50,14,9,1,5,4,5,13,1,1,1,4,1,1,12,2,65,2,7,5,1,7,8,1,8,1,12,100,1,21,121.4736003,25.1225605
114,02,24,12,15,03中山區,中山區朱崙街與遼寧街口,0,0,1,1,B03,7,7,5,50,14,9,1,5,4,5,13,4,4,5,5,5,2,14,1,55,3,10,7,1,7,2,1,8,1,7,12,1,22,121.5420162,25.0499955
114,02,24,12,35,08士林區,士林區重慶北路4段與葫東街口,0,0,1,1,A02,8,6,5,50,4,2,1,5,4,5,13,1,1,1,4,4,2,9,1,46,3,10,3,4,7,12,1,2,2,17,118,1,21,121.5116178,25.0840856
114,02,24,12,49,10文山區,文山區羅斯福路6段198號,0,0,1,1,C03,7,6,5,50,14,9,1,5,4,5,13,4,4,1,4,5,1,13,2,40,3,10,5,1,7,8,1,10,2,13,100,1,21,121.5410096,24.9939551
114,02,24,13,09,09北投區,北投區承德路7段與承德路7段393巷口北往南方向,0,0,2,1,C03,8,5,5,60,4,2,1,5,4,5,13,1,1,9,4,5,1,12,2,59,2,8,6,1,7,7,1,10,1,12,100,1,21,121.5011474,25.1196206
114,02,24,13,33,07信義區,信義區忠孝東路5段與松仁路口,0,0,1,1,A02,7,6,5,50,4,18,1,5,4,5,13,2,1,1,4,5,2,3,1,42,3,10,3,4,7,6,1,2,1,5,70,1,21,121.5684001,25.0409083
114,02,24,13,53,11南港區,南港區南港路2段與向陽路口口,0,0,1,1,B03,7,6,5,50,5,1,1,5,4,5,13,2,1,3,4,5,2,17,1,47,3,10,7,1,7,5,1,8,1,2,118,1,21,121.5945764,25.0544546
114,02,24,13,55,12內湖區,內湖區內湖路2段192號,0,0,2,1,H01,7,6,5,50,14,9,1,4,4,5,13,4,4,5,5,5,2,3,2,77,2,1,4,5,8,16,8,20,10,16,121,1,21,121.5836793,25.08160312
114,02,24,14,05,02萬華區,萬華區西園路2段與西園路2段320巷口,0,0,1,1,C03,7,6,5,50,4,1,1,5,4,5,13,2,1,1,5,5,2,17,1,31,3,10,6,1,7,5,1,10,1,17,8,1,26,121.4925174,25.02597997
114,02,24,14,10,04大安區,大安區忠孝東路4段與無名巷口,0,0,2,1,C03,7,6,5,50,3,1,1,5,4,5,13,4,4,1,4,5,2,17,2,60,2,9,6,1,7,6,1,10,2,12,9,1,21,121.556787,25.0414931
114,02,24,14,15,07信義區,信義區嘉興街216巷與基隆路2段口口,0,0,1,1,C03,7,5,8,30,22,22,1,5,4,5,13,1,1,1,4,5,2,17,1,47,2,9,6,1,7,9,1,10,9,14,81,2,21,121.5560153,25.0273841
114,02,24,14,18,01大同區,大同區民權西路254號,0,0,1,1,C03,7,7,5,50,14,9,1,5,4,5,13,4,4,1,4,5,2,12,1,26,3,10,6,1,7,7,1,10,1,12,100,1,21,121.5125113,25.0628428
114,02,24,14,45,04大安區,大安區辛亥路3段與辛亥路3段21巷口,0,0,1,1,B01,7,6,5,50,3,1,1,5,4,5,13,4,4,10,3,5,2,17,1,61,3,10,7,1,7,7,1,4,1,5,100,1,21,121.5443055,25.0213736
114,02,24,14,57,04大安區,大安區和平東路2段108號,0,0,1,1,F01,7,5,5,0,22,20,1,5,4,5,13,4,4,10,5,5,2,9,1,43,3,10,2,4,7,9,8,20,1,11,70,1,21,121.5420713,25.0249534
114,02,24,15,21,09北投區,北投區中央北路4段601巷7號對面,0,0,1,1,F02,7,6,5,50,22,9,1,5,4,5,13,4,4,9,5,5,2,18,1,21,2,9,4,1,7,9,8,20,1,14,42,1,25,121.4629319,25.1233837
114,02,24,15,25,12內湖區,內湖區石潭路131巷與金莊路91巷口,0,0,1,1,B03,6,5,5,50,3,1,1,4,3,5,13,4,4,5,5,5,1,16,1,28,3,10,7,1,7,6,1,8,1,2,9,1,21,121.5889259,25.0637288
114,02,24,15,45,11南港區,南港區南港路3段290巷3號,0,0,2,1,C03,7,6,6,30,14,9,1,5,4,5,13,4,4,10,5,5,2,17,1,27,2,8,3,4,7,9,1,10,1,14,5,1,21,121.58168,25.0521998
114,02,24,16,23,10文山區,文山區辛亥路6段(北往南0701464燈桿旁）,0,0,1,1,B03,7,6,5,50,14,9,1,5,4,5,13,4,4,1,4,5,2,38,1,66,3,10,7,1,7,9,1,8,1,5,22,1,21,121.5516656,24.9911025
114,02,24,16,27,12內湖區,內湖區成功路2段312巷與成功路2段250巷23弄口,0,0,1,1,C03,7,6,5,30,3,2,1,5,4,4,10,4,4,10,5,5,1,17,1,65,2,7,5,1,7,5,1,10,1,14,72,1,26,121.5891471,25.0669163
114,02,24,16,54,12內湖區,內湖區潭美街與安美街175巷口,1,0,1,1,C03,6,6,5,40,3,2,1,4,4,5,13,4,4,9,4,5,2,13,1,55,1,1,6,4,7,9,6,10,9,14,16,1,21,121.6012478,25.0610123
114,02,24,17,39,01大同區,大同區大龍街與承德路3段24巷口,0,0,2,1,C03,7,6,5,30,4,1,1,5,4,5,13,4,4,8,4,5,2,15,2,29,2,9,3,4,7,9,1,10,1,11,72,1,21,121.5160322,25.0642595
114,02,24,17,41,06松山區,松山區北寧路24號,0,0,1,1,C03,7,7,5,50,14,7,1,5,4,5,13,4,4,5,4,4,2,16,2,30,2,9,5,1,7,1,1,10,1,14,19,1,26,121.5526173,25.0488012
114,02,24,17,55,10文山區,文山區新光路2段燈桿0707752號,0,0,2,1,C03,7,5,5,50,14,9,1,5,4,5,13,4,4,5,4,5,2,17,2,23,2,9,3,4,7,9,1,10,2,11,108,1,21,121.5797794,24.99862891
114,02,24,18,03,09北投區,北投區三合街1段與三合街1段82巷口,0,0,1,1,B03,7,5,5,40,4,1,1,5,4,5,13,2,1,9,5,5,2,16,1,40,3,10,7,1,7,5,1,8,2,1,71,1,21,121.5052211,25.12723888
114,02,24,18,03,09北投區,北投區義理街與石牌路2段75巷口,0,0,1,1,F02,8,5,5,30,4,2,1,5,4,5,13,4,4,9,4,5,1,17,2,38,2,8,6,1,7,5,8,20,2,12,72,1,21,121.5155565,25.1169254
114,02,24,18,14,04大安區,大安區辛亥路3段330號,0,0,1,1,C03,7,5,5,50,14,9,1,5,4,5,13,4,4,1,4,5,2,12,1,57,2,9,6,1,7,9,1,10,1,13,44,1,21,121.5535568,25.0134933
114,02,24,18,15,05中正區,中正區重慶南路1段與貴陽街1段口,0,0,1,1,C03,8,5,5,50,4,1,1,5,4,5,13,1,1,10,5,5,2,17,1,29,2,7,5,1,7,8,1,10,2,12,100,1,26,121.5128027,25.0389248
114,02,24,18,25,07信義區,信義區松壽路11號,0,0,2,1,C03,8,5,8,50,22,22,1,5,4,5,13,4,4,5,4,5,2,17,1,46,2,9,6,1,7,11,3,18,1,14,10,1,21,121.5671767,25.0358588
114,02,24,18,34,02萬華區,萬華區西藏路與西藏路125巷口,0,0,3,1,C03,7,5,5,50,14,9,1,5,4,5,13,1,2,10,4,5,2,17,1,47,2,9,5,1,7,5,1,10,1,13,96,1,21,121.5023004,25.0297357
114,02,24,19,00,06松山區,松山區民權東路5段與撫遠街口,0,0,1,1,A05,8,5,5,50,4,1,1,5,4,5,13,2,1,1,4,5,2,3,1,36,3,10,7,1,7,5,1,2,2,4,70,1,21,121.5658153,25.0632877
114,02,24,19,04,04大安區,大安區和平東路3段228巷與安居街8巷口,0,0,1,1,C03,7,5,5,50,3,1,1,5,4,5,13,4,4,9,5,5,2,13,1,30,2,8,6,1,7,15,1,10,1,11,16,1,21,121.5542417,25.02187387
114,02,24,19,13,05中正區,中正區青島西路與公園路口,0,0,2,1,C03,7,5,5,50,3,1,1,5,4,5,13,2,1,5,4,5,2,13,1,34,2,7,6,1,7,6,1,10,2,13,5,1,21,121.5171913,25.0450136
114,02,24,19,18,05中正區,中正區中山南路與中山南路口側附近2巷口,0,0,1,1,C03,7,5,5,50,14,9,1,5,4,5,13,4,4,1,4,5,2,16,2,33,2,9,6,1,7,7,1,10,2,14,118,1,22,121.5193065,25.0451085