發生年度,發生月,發生日,發生時-Hours,發生分,區序,肇事地點,死亡人數,2-30日死亡人數,受傷人數,當事人序號,車種,天候,光線,道路類別,速限-速度限制,道路型態,事故位置,路面狀況1,路面狀況2,路面狀況3,道路障礙1,道路障礙2,號誌1,號誌2,車道劃分-分向,車道劃分-分道1,車道劃分-分道2,車道劃分-分道3,事故類型及型態,性別,年齡,受傷程度,主要傷處,保護裝置,行動電話,車輛用途,當事者行動狀態,駕駛資格情形,駕駛執照種類,飲酒情形,車輛撞擊部位1,肇因碼-個別,個人肇逃否,職業,座標-X,座標-Y
114,02,24,19,25,06松山區,松山區麥帥一橋西往東第六根路燈,0,0,2,1,C03,7,5,5,40,14,11,1,5,4,5,13,4,4,1,4,3,2,13,1,40,2,9,5,1,7,9,1,10,1,12,108,1,21,121.5700792,25.05138271
114,02,24,20,19,03中山區,中山區大直街與北安路口,0,0,1,1,B01,7,5,5,50,5,1,1,5,4,5,13,1,1,1,4,5,2,16,1,56,3,10,3,4,7,5,1,4,2,1,83,1,21,121.5468791,25.08019398
114,02,24,20,25,09北投區,北投區行義路與行義路158巷口,0,0,1,1,B03,7,5,5,40,4,1,1,5,4,5,13,4,4,8,5,5,1,16,1,54,3,10,7,1,7,5,3,18,9,2,74,2,21,121.5280509,25.131128
114,02,24,21,18,04大安區,大安區仁愛路4段與忠孝東路4段26巷口,0,0,1,1,B01,7,5,5,50,3,1,1,5,4,5,13,4,4,1,4,5,2,16,1,67,3,10,7,1,7,6,1,4,1,5,9,1,21,121.5444247,25.0381745
114,02,24,21,25,08士林區,士林區重慶北路4段190巷與通河西街1段口,0,0,1,1,B03,7,5,5,30,3,18,2,5,4,5,13,1,1,5,5,5,2,3,1,26,3,10,7,1,7,5,1,8,2,8,70,1,22,121.5124938,25.0848963
114,02,24,21,56,04大安區,大安區和平東路3段與安居街口,0,0,2,1,C03,7,5,5,50,3,1,1,5,4,5,13,2,1,1,4,5,2,17,1,21,3,10,6,1,7,15,1,10,2,11,16,1,21,121.5554881,25.021458
114,02,24,21,59,07信義區,信義區松山路與松德路口,0,0,1,1,B03,7,5,5,50,4,2,1,5,4,5,13,1,1,1,4,5,2,2,1,27,3,10,7,1,7,6,1,8,1,1,70,1,21,121.5777203,25.039587
114,02,24,22,02,02萬華區,萬華區開封街2段45號,0,0,2,1,H01,7,5,5,50,14,9,1,5,4,5,13,4,4,10,4,5,2,9,1,33,2,9,4,5,8,16,8,20,1,16,122,1,21,121.5057257,25.0468864
114,02,24,22,20,08士林區,士林區延平北路6段與中正路口,0,0,2,1,C03,7,5,5,50,4,1,1,5,4,5,13,1,1,10,5,5,1,16,2,33,2,8,5,1,7,7,1,10,2,14,100,1,21,121.5093323,25.0868731
114,02,24,22,27,09北投區,北投區承德路7段166號,0,0,1,1,C03,8,5,5,60,14,7,1,5,5,5,13,4,4,1,4,4,2,18,2,28,2,9,6,1,7,9,1,10,1,11,13,1,22,121.5087191,25.11309
114,02,24,22,44,04大安區,大安區基隆路4段020號燈桿處,0,0,1,1,C03,8,5,5,50,14,7,1,5,4,5,13,4,4,1,3,4,2,17,2,34,2,9,5,1,7,10,1,10,1,14,100,1,21,121.5439659,25.0170494
114,02,25,06,40,06松山區,松山區市民大道6段0607203號燈桿旁,0,0,2,1,C03,7,6,5,40,14,9,1,5,4,5,13,4,4,1,5,5,2,13,2,48,2,9,6,1,7,9,1,10,1,11,16,1,21,121.5697695,25.0491949
114,02,25,07,17,07信義區,信義區松仁路與忠孝東路5段口,0,0,2,1,C03,7,5,5,50,4,2,1,5,4,5,13,2,1,1,4,5,2,29,2,64,2,8,5,1,7,9,1,10,1,12,44,1,22,121.5684817,25.0412179
114,02,25,07,33,05中正區,中正區中華路1段與忠孝西路1段口,0,0,1,1,C03,7,5,5,50,4,2,1,5,4,5,13,1,2,9,4,5,2,17,2,36,2,8,5,1,7,9,1,10,1,14,108,1,21,121.5101267,25.0479545
114,02,25,07,43,11南港區,南港區舊莊街1段與舊莊街1段145巷2弄口,0,0,1,1,B03,7,6,5,50,3,1,1,5,4,5,13,4,4,5,5,5,2,13,1,46,3,10,3,4,7,9,6,18,1,1,108,1,22,121.605826,25.0520745
114,02,25,08,23,03中山區,中山區天津街與中山北路1段53巷口,0,0,1,1,C03,7,7,5,50,4,2,1,5,4,5,13,4,4,4,5,5,1,9,1,50,3,10,5,1,7,9,1,9,9,13,70,1,21,121.5227353,25.04907155
114,02,25,08,33,02萬華區,萬華區西園路2段11巷與西園路2段13巷口,0,0,3,1,F01,7,6,5,30,4,1,1,5,4,5,13,4,4,9,5,5,2,15,1,70,2,9,2,1,7,9,8,20,1,14,72,1,22,121.4981409,25.032225
114,02,25,08,40,06松山區,松山區民生東路4段131巷與民生東路4段口,0,0,1,1,B01,7,7,5,40,4,1,1,5,4,5,13,1,1,9,4,5,2,13,1,47,3,10,7,1,7,15,1,8,1,1,108,1,21,121.5542855,25.0581878
114,02,25,08,44,06松山區,松山區民生東路4段131巷21號,0,0,1,1,B03,7,6,5,40,14,9,1,5,4,5,13,4,4,9,5,5,2,16,2,41,3,10,7,1,7,6,1,8,1,5,9,1,21,121.5536252,25.05926131
114,02,25,08,51,04大安區,大安區安居街與樂業街口,0,0,1,1,C03,8,5,5,50,4,2,1,5,4,5,13,1,1,5,5,5,1,9,2,44,4,11,3,4,7,6,1,10,9,12,108,1,22,121.5535167,25.0196079
114,02,25,09,16,10文山區,文山區木新路2段14號對面,0,0,1,1,C03,8,6,5,40,14,8,2,5,4,5,13,4,4,5,4,4,2,17,1,48,3,10,5,4,7,10,1,10,1,13,100,1,21,121.5707232,24.9869712
114,02,25,09,18,04大安區,大安區市民大道4段與敦化南路1段口,0,0,2,1,C03,7,6,5,40,4,2,1,5,4,5,13,2,1,1,4,5,2,17,2,23,2,9,3,4,7,9,1,10,1,12,108,1,22,121.548452,25.0448708
114,02,25,09,20,03中山區,中山區建國北路2段與民生東路3段口,0,0,1,1,B01,7,7,5,50,4,2,1,5,4,5,13,1,1,1,3,5,1,17,1,64,3,10,7,1,7,14,1,4,1,5,38,1,21,121.5210593,25.05023567
114,02,25,09,53,02萬華區,萬華區永福街與貴陽街2段96巷口,0,0,2,1,C03,7,6,5,30,4,1,1,5,4,5,13,4,4,10,5,5,2,17,1,35,2,9,6,1,7,9,1,10,1,14,72,1,21,121.5030461,25.038724
114,02,25,09,53,02萬華區,萬華區桂林路與康定路口,0,0,1,1,B03,7,6,5,50,4,1,1,5,4,5,13,2,1,9,4,5,2,16,1,24,3,10,3,4,7,5,1,8,1,1,71,1,22,121.5018588,25.0383785
114,02,25,09,58,09北投區,北投區文林北路5巷與軟橋街口,0,0,2,1,C03,8,5,5,50,3,1,1,5,4,5,13,4,4,10,4,5,2,17,2,28,2,9,3,4,7,5,1,10,1,11,74,1,21,121.5170883,25.1000195
114,02,25,10,08,09北投區,北投區雙全街19巷與永興路1段32巷15弄口口,0,0,2,1,C03,8,6,5,30,4,1,1,5,4,5,13,4,4,10,5,5,2,15,2,43,2,7,5,1,7,9,1,10,2,11,72,1,21,121.5005795,25.1380691
114,02,25,10,25,07信義區,信義區松山路,0,0,1,1,C03,7,5,5,50,11,9,1,5,4,5,13,4,4,5,2,5,2,17,1,18,2,9,6,1,7,9,1,10,1,14,99,1,22,121.5802037,25.0338993
114,02,25,10,53,08士林區,士林區德行西路與文林路740巷9弄口,0,0,1,1,B03,8,6,5,50,3,2,1,5,4,5,13,4,4,5,5,5,1,17,1,32,3,10,7,1,7,6,1,8,2,2,9,1,21,121.5204185,25.1037163
114,02,25,11,45,08士林區,士林區承德路4段6巷與通河街76巷口,0,0,1,1,B03,7,7,5,30,4,2,1,5,4,5,13,4,4,7,1,5,1,9,1,53,3,10,7,1,7,6,1,8,1,5,108,1,21,121.5200562,25.07977465
114,02,25,12,53,10文山區,文山區木柵路1段與試院路口（雙號）,0,0,1,1,C04,8,6,5,50,5,1,1,5,4,5,13,2,1,5,4,5,2,17,1,21,2,9,3,4,7,15,1,10,1,11,116,1,25,121.5498403,24.9874216
114,02,25,13,00,03中山區,中山區中山北路3段31號,0,0,1,1,B03,8,7,5,50,14,9,1,5,4,5,13,4,4,1,4,5,2,12,1,28,3,10,7,1,7,1,1,8,1,7,19,1,21,121.5224424,25.0663574
114,02,25,13,10,02萬華區,萬華區貴陽街2段與貴陽街2段115巷口,0,0,2,1,C03,8,5,8,30,4,1,1,5,4,5,13,4,4,10,5,5,2,17,1,22,2,9,3,4,7,9,1,10,1,11,72,1,21,121.5031978,25.0399215
114,02,25,13,30,08士林區,士林區文林路與大北路口,0,0,2,1,C03,8,5,5,50,3,1,1,5,4,5,13,4,4,5,4,5,2,17,2,39,2,9,6,1,7,9,1,10,1,17,42,1,21,121.5269179,25.0895048
114,02,25,14,58,09北投區,北投區承德路7段與承德路7段112巷口,0,0,3,1,C03,8,7,5,60,3,2,1,5,4,5,13,4,4,1,4,4,2,17,1,27,2,9,6,1,7,8,1,10,1,11,100,1,22,121.5098862,25.1121198
114,02,25,15,09,12內湖區,內湖區陽光街與陽光街321巷口,0,0,1,1,B03,8,5,5,50,3,1,1,5,4,5,13,4,4,5,4,5,2,16,1,23,3,10,7,1,7,6,1,8,1,5,9,1,21,121.5785072,25.0734572
114,02,25,15,22,10文山區,文山區景文街與羅斯福路6段401巷口,0,0,1,1,F02,7,6,5,40,3,1,1,5,4,5,13,4,4,5,5,4,1,17,1,48,3,10,4,1,7,5,8,20,2,17,74,1,21,121.5412841,24.9917671
114,02,25,15,48,05中正區,中正區忠孝西路1段與重慶北路1段口,0,0,1,1,B03,8,7,6,50,5,1,1,5,4,5,13,1,1,10,4,5,2,17,1,46,3,10,7,1,7,5,1,8,2,7,8,1,21,121.5132876,25.04725469
114,02,25,15,53,12內湖區,內湖區麗山街與麗山街105巷口,0,0,1,1,C03,7,6,5,50,3,1,1,5,4,5,13,4,4,9,4,5,2,12,1,70,2,7,6,1,7,1,1,10,1,12,19,1,21,121.580468,25.0818958
114,02,25,16,02,08士林區,士林區士東路42號,0,0,3,1,H01,7,7,5,50,14,9,1,5,4,5,13,4,4,8,3,5,2,6,2,9,2,9,4,5,8,18,8,20,10,16,121,1,14,121.527643,25.1119298
114,02,25,16,10,10文山區,文山區羅斯福路6段136號,0,0,1,1,C03,7,6,5,50,14,9,1,2,4,5,13,4,4,1,4,5,2,17,1,44,2,9,6,1,7,9,1,10,1,14,44,1,22,121.5409724,24.99646
114,02,25,16,18,08士林區,士林區格致路55巷與樂生巷口,0,0,2,1,C03,7,6,5,30,3,2,1,5,4,5,13,4,4,10,5,5,2,17,1,21,2,8,6,1,7,1,1,10,1,11,19,1,22,121.5446576,25.138559
114,02,25,16,27,05中正區,中正區重慶南路1段與沅陵街口,0,0,1,1,C03,7,6,5,30,3,1,1,5,4,5,12,4,4,10,5,5,2,17,1,19,3,10,6,4,7,6,1,10,1,15,72,1,22,121.5131842,25.04263245
114,02,25,16,50,09北投區,北投區文林北路與明德路口,0,0,2,1,C03,8,7,5,50,4,1,1,5,4,5,13,2,1,1,4,5,2,12,1,37,2,9,6,1,7,9,1,10,1,12,108,1,22,121.5168165,25.1061024
114,02,25,16,58,09北投區,北投區育仁路與大同街口,0,0,1,1,C03,7,5,5,30,4,1,1,5,4,5,13,3,1,5,4,5,2,17,2,74,2,9,3,4,7,6,1,10,1,11,72,1,21,121.4984672,25.1338473
114,02,25,17,20,05中正區,中正區仁愛路2段與金山南路1段口,0,0,1,1,C03,8,6,5,50,4,1,1,5,4,5,13,2,1,5,2,5,2,16,2,49,2,6,5,1,7,10,3,18,2,14,100,1,22,121.5283402,25.03813084
114,02,25,17,26,08士林區,士林區社子街3號,0,0,1,1,C03,7,6,5,50,14,9,1,5,4,5,13,4,4,5,5,5,2,17,1,26,3,10,6,1,7,15,1,10,2,17,42,1,22,121.5087635,25.0876836
114,02,25,17,36,10文山區,文山區木柵路1段與辛亥路6段口,0,0,1,1,B03,7,6,5,50,4,2,1,5,4,5,13,2,1,5,4,5,2,13,2,47,3,10,7,1,7,9,1,8,1,2,108,1,21,121.5525424,24.9878746
114,02,25,17,38,01大同區,大同區市民大道1段與承德路1段口,0,0,2,1,C03,8,6,5,50,5,1,1,5,4,5,13,2,1,1,4,5,2,17,2,20,2,9,6,1,7,5,1,10,1,14,8,1,21,121.5164531,25.0488353
114,02,25,17,55,12內湖區,內湖區安康路22巷與安康路32巷24弄口,0,0,1,1,C03,7,5,5,30,3,1,1,5,4,5,13,4,4,8,3,5,1,12,2,58,2,9,6,1,7,9,1,10,2,11,108,1,21,121.5936914,25.0617598
114,02,25,17,58,04大安區,大安區基隆路2段206號,0,0,2,1,C03,7,5,5,50,14,9,1,5,4,5,13,4,4,1,4,5,2,12,2,44,2,8,6,4,7,9,1,10,1,14,44,1,22,121.551669,25.0237104
114,02,25,18,06,07信義區,信義區信安街與崇德街口,0,0,2,1,C03,7,5,5,50,4,1,1,5,4,5,13,2,1,5,5,5,2,16,1,70,2,8,3,4,7,5,1,10,1,11,8,1,21,121.5557576,25.0240692
114,02,25,18,17,08士林區,士林區延平北路7段106巷洲美快速道路橋下,0,0,1,1,C03,8,5,5,50,14,9,1,5,4,5,13,4,4,4,1,5,1,12,1,20,3,10,5,1,7,4,1,10,2,12,108,1,21,121.497614,25.0966151
114,02,25,18,20,06松山區,松山區南京東路5段325號,0,0,1,1,B03,7,5,5,50,14,9,1,5,4,5,13,4,4,1,3,1,2,12,1,30,3,10,7,1,7,6,1,8,1,5,44,1,21,121.5670887,25.0514952
114,02,25,18,47,07信義區,信義區吳興街250號,0,0,1,1,C03,7,5,5,50,14,9,1,5,4,5,13,4,4,10,4,5,2,16,1,32,2,9,6,4,7,4,1,10,1,12,1,1,21,121.5612165,25.0261689
114,02,25,18,59,03中山區,中山區八德路2段174巷與八德路2段174巷9弄口口,0,0,1,1,B03,8,5,5,30,4,1,1,5,4,5,13,4,4,5,5,5,2,8,1,39,3,10,3,4,7,5,1,8,1,8,108,1,22,121.538225,25.0458221
114,02,25,18,59,05中正區,中正區金門街34巷與汀州路2段182巷口,0,0,2,1,C03,7,5,5,30,4,1,1,5,4,5,13,4,4,10,5,5,2,15,2,60,2,9,5,1,7,9,1,10,2,11,72,1,22,121.5218606,25.0218745
114,02,25,19,00,03中山區,中山區中山北路1段與長安西路口,0,0,2,1,C03,7,5,5,50,4,2,1,5,4,5,13,1,1,9,4,5,2,13,2,19,2,8,6,1,7,9,1,10,1,11,16,1,21,121.520585,25.05014952
114,02,25,19,05,06松山區,松山區八德路4段245巷與南京東路5段口,0,0,1,1,C03,7,5,5,50,4,1,1,5,4,5,13,2,1,10,5,5,2,16,1,28,2,7,5,1,7,5,1,10,1,14,8,1,21,121.5639503,25.051404
114,02,25,20,10,09北投區,北投區豐年路2段84號,0,0,1,1,C03,7,5,5,30,14,9,1,5,4,5,13,4,4,7,5,5,2,3,1,45,3,10,5,1,7,9,1,10,1,11,108,1,21,121.4945203,25.1364101
114,02,25,20,14,12內湖區,內湖區內湖路1段285巷與環山路1段9巷口,0,0,1,1,B03,7,5,5,30,3,2,1,5,4,5,13,4,4,10,5,5,2,17,1,20,3,10,7,1,7,5,1,8,1,17,72,1,21,121.5669322,25.0830028
114,02,25,20,50,09北投區,北投區北投路1段與公館路口,0,0,1,1,B03,7,5,5,50,4,2,1,5,4,5,13,1,1,5,4,5,2,16,1,46,3,10,7,1,7,6,1,8,2,6,44,1,22,121.5026127,25.1212342
114,02,25,21,20,03中山區,中山區南京東路1段與南京東路1段口,0,0,1,1,B01,7,5,5,30,3,2,1,5,4,5,13,4,4,5,5,5,2,16,1,49,3,10,7,1,7,6,1,4,9,5,9,1,22,121.5230541,25.0523652
114,02,25,21,23,07信義區,信義區虎林街與虎林街82巷口,0,0,1,1,C03,8,5,5,30,4,1,1,5,4,5,13,4,4,9,5,5,2,15,1,33,2,9,6,4,7,9,1,10,1,11,75,1,21,121.5771628,25.0432837
114,02,25,21,24,03中山區,中山區長安東路2段與伊通街口,0,0,2,1,,7,5,5,50,4,1,1,5,4,5,13,1,2,5,4,5,2,29,3,0,,,,,,,,,,,67,1,,121.5345265,25.0484508
114,02,25,22,04,05中正區,中正區基隆路4段與汀州路3段口,0,0,1,1,B03,8,6,5,30,4,1,1,5,4,5,13,1,1,5,4,5,2,17,1,38,3,10,7,1,7,5,1,8,1,7,44,1,21,121.5362053,25.0110181
114,02,25,22,32,05中正區,中正區重慶南路1段與衡陽路口,0,0,2,1,F03,7,5,5,50,4,2,1,5,4,5,13,2,1,5,4,5,2,16,1,73,2,9,5,1,7,8,8,20,2,14,5,1,21,121.5131803,25.0420244
114,02,25,23,42,03中山區,中山區中山北路2段與民權西路口,0,0,2,1,C03,7,5,5,50,4,1,1,5,4,5,13,1,1,9,4,5,2,12,2,19,2,8,6,1,7,15,1,10,1,12,17,1,21,121.5227955,25.06251658
114,02,26,00,10,03中山區,中山區長安東路1段與林森北路口,0,0,1,1,B01,8,6,5,50,4,1,1,5,4,5,13,1,1,5,4,5,2,17,1,64,3,10,3,4,7,5,1,4,1,4,108,1,22,121.5249339,25.0489984
114,02,26,06,03,04大安區,大安區建國南路2段與和平東路2段口,0,0,1,1,B12,6,5,5,40,4,1,1,4,4,5,13,1,1,3,4,5,2,17,2,36,3,10,7,1,7,6,1,8,1,5,9,1,21,121.5374114,25.0257826
114,02,26,06,10,05中正區,中正區重慶南路1段與武昌街1段口,0,0,1,1,C03,6,6,5,50,4,4,1,4,4,5,13,2,1,10,4,5,2,13,1,60,3,10,6,1,7,9,1,10,11,11,108,1,21,121.5132168,25.0444241
114,02,26,06,55,07信義區,信義區東興路與基隆路1段口,0,0,1,1,C03,6,5,5,50,4,2,1,4,4,5,13,2,1,1,4,5,2,17,2,74,2,9,5,1,7,9,1,10,2,12,81,1,22,121.5673139,25.045731
114,02,26,07,10,04大安區,大安區基隆路4段與羅斯福路4段口,0,0,1,1,B03,6,6,5,50,5,1,1,4,4,5,13,1,1,10,4,5,2,12,2,44,3,10,3,4,7,9,1,8,1,2,44,1,21,121.5372354,25.0113865
114,02,26,07,18,03中山區,中山區復興北路514巷與復興北路488巷1弄口,0,0,1,1,B03,7,6,5,30,4,1,1,4,4,5,13,4,4,9,5,5,2,15,1,43,3,10,7,1,7,9,1,10,1,8,72,1,22,121.5436831,25.0659513
114,02,26,07,29,06松山區,松山區敦化南路1段102之1號,0,0,1,1,C03,6,7,5,50,14,9,1,4,4,5,13,4,4,1,4,5,2,18,1,46,2,9,6,1,7,9,1,10,2,14,116,1,21,121.5486224,25.0453065
114,02,26,07,44,08士林區,士林區大東路與小北街口口,0,0,1,1,B03,7,7,5,30,5,1,1,5,4,5,13,4,4,9,5,5,2,17,1,44,4,11,3,4,7,1,7,19,11,17,19,2,22,121.5256029,25.090325
114,02,26,07,45,04大安區,大安區辛亥路2段(西向東)台大體育館出入口,0,0,1,1,B03,6,6,5,50,14,9,1,4,4,5,13,4,4,1,4,5,2,16,2,48,3,10,3,4,7,8,1,8,1,2,100,1,22,121.5364261,25.0221769
114,02,26,07,50,12內湖區,內湖區瑞光路與江南街117巷8弄口,0,0,1,1,C03,7,6,5,50,4,1,1,5,4,5,13,2,1,5,4,5,2,15,1,28,3,10,5,1,7,9,3,18,1,12,81,1,21,121.5760281,25.0757589
114,02,26,07,56,08士林區,士林區承德路4段與承德路4段266巷口,0,0,1,1,C03,6,6,5,40,5,2,1,4,4,5,13,2,1,1,4,4,1,18,2,34,2,9,5,1,7,6,1,10,2,12,42,1,21,121.5199907,25.08943634
114,02,26,08,01,12內湖區,內湖區民權東路6段423巷與民權東路6段口,0,0,1,1,B01,7,6,5,40,3,2,1,4,4,5,13,4,4,1,4,4,2,12,2,55,3,10,3,4,7,7,1,4,2,2,100,1,26,121.6040381,25.0710976
114,02,26,08,06,05中正區,中正區寧波西街53號,0,0,1,1,C03,7,7,5,50,14,9,1,4,4,5,13,1,1,10,4,5,2,13,2,41,2,9,5,4,7,9,1,10,2,11,44,1,21,121.5177287,25.0308162
114,02,26,08,20,02萬華區,萬華區西園路2段270號,0,0,1,1,C03,6,5,5,50,14,18,1,4,4,5,13,1,1,9,4,4,2,9,1,24,2,9,6,4,7,9,1,10,1,17,116,1,22,121.4946305,25.02760891
114,02,26,08,20,05中正區,中正區林森南路與徐州路口,0,0,1,1,C03,7,7,5,50,4,2,1,4,4,5,13,1,1,5,4,5,2,13,2,60,2,9,5,1,7,9,1,10,2,11,108,1,21,121.5222459,25.0408853
114,02,26,08,20,07信義區,信義區忠孝東路4段與光復南路口,0,0,1,1,,7,5,5,50,5,2,1,5,4,5,13,2,1,1,4,5,2,17,4,0,,,,,,,,,11,,119,2,,121.5580007,25.0412623
114,02,26,08,25,03中山區,中山區長安東路2段201巷與長安東路2段口,0,0,1,1,C03,8,7,5,30,4,1,1,5,4,5,13,4,4,5,2,5,2,17,1,56,3,10,5,1,7,5,1,10,1,11,98,1,21,121.5433222,25.04835786
114,02,26,08,25,06松山區,松山區塔悠路201號,0,0,1,1,C03,7,6,5,40,14,8,1,4,4,5,13,4,4,1,4,4,2,12,1,19,3,10,6,1,7,4,1,10,1,14,108,1,22,121.5693825,25.0578973
114,02,26,08,26,07信義區,信義區信安街67巷81號,0,0,1,1,B03,7,6,5,50,14,9,1,5,4,5,13,4,4,9,5,4,2,16,1,71,3,10,3,4,7,5,1,8,1,8,8,1,22,121.5602397,25.0258898
114,02,26,08,38,08士林區,士林區中正路與文昌路口,0,0,1,1,C03,8,6,5,50,4,1,1,4,4,5,13,2,1,1,4,5,1,17,1,43,3,10,3,4,7,5,1,10,11,17,8,2,21,121.5182532,25.08717596
114,02,26,08,39,04大安區,大安區溫州街與溫州街74巷口,0,0,1,1,B03,8,7,5,20,4,1,1,5,4,5,13,4,4,10,5,5,2,15,1,63,3,10,7,1,7,9,1,8,1,5,72,1,21,121.5328915,25.0196625
114,02,26,08,45,12內湖區,內湖區星雲街與成功路3段口,0,0,1,1,C03,7,7,5,40,4,1,1,5,4,5,13,2,1,5,4,5,2,16,2,70,2,8,5,1,7,5,1,10,2,14,8,1,21,121.5900058,25.0775109
114,02,26,08,47,11南港區,南港區南湖大橋下橋處北往南,0,0,1,1,C03,7,7,5,50,14,9,1,5,4,5,13,2,1,1,2,5,2,12,1,25,2,9,6,1,7,8,1,10,1,11,100,1,21,121.6142668,25.0605255
114,02,26,08,53,12內湖區,內湖區五分街與東湖路160巷口,0,0,1,1,C03,7,6,5,30,4,2,1,5,4,5,13,3,1,9,5,5,2,16,2,23,3,10,6,1,7,6,1,10,9,12,108,1,21,121.6177144,25.0669665
114,02,26,09,14,12內湖區,內湖區舊宗路2段與舊宗路2段213巷口,0,0,1,1,C03,7,7,5,50,3,2,1,4,4,5,13,4,4,10,4,5,2,16,1,41,3,10,6,1,7,10,1,10,1,13,100,1,21,121.5734313,25.0732841
114,02,26,09,37,11南港區,南港區忠孝東路6段250巷6號與忠孝東路6段口,0,0,1,1,B01,7,7,5,30,3,1,1,5,4,5,13,4,4,5,5,5,2,17,1,37,3,10,7,1,7,5,1,4,1,17,72,1,21,121.5883031,25.0487202
114,02,26,09,49,03中山區,中山區長春路與一江街口,0,0,1,1,B03,7,6,5,50,4,1,1,5,4,5,13,2,1,9,4,5,2,16,1,38,3,10,7,1,7,5,1,8,1,8,71,1,22,121.5314877,25.0548635
114,02,26,10,03,02萬華區,萬華區東園街與東園街35巷口,0,0,2,1,F01,7,6,5,0,3,2,1,5,4,5,13,3,1,9,5,5,2,17,1,77,2,9,4,1,7,5,8,20,1,15,72,1,21,121.4957243,25.0275652
114,02,26,10,06,07信義區,信義區松仁路與松勤街口,0,0,2,1,C03,7,6,5,50,4,1,1,5,4,5,13,2,1,8,3,5,2,16,1,61,2,8,5,1,7,5,1,10,1,12,96,1,21,121.5683708,25.0319108
114,02,26,10,10,02萬華區,萬華區環河南路1段與長沙街2段口,0,0,1,1,B12,7,6,5,50,3,2,1,5,4,5,13,2,1,5,4,5,1,17,1,26,3,10,3,4,7,11,1,8,1,4,10,1,22,121.4996282,25.0415512
114,02,26,10,32,12內湖區,內湖區潭美街529號,0,0,1,1,B12,7,6,5,50,14,9,1,5,4,5,13,4,4,5,4,5,2,16,1,44,3,10,7,1,7,5,1,8,2,6,8,1,21,121.5981628,25.06053497
114,02,26,11,20,12內湖區,內湖區新明路200號,0,0,1,1,B03,7,6,5,50,14,9,1,5,4,5,13,4,4,8,4,5,2,17,2,28,3,10,7,1,7,11,1,8,1,8,10,1,21,121.5849675,25.0571635
114,02,26,11,51,09北投區,北投區聖景路9號燈桿前,0,0,2,1,C03,7,5,5,40,11,9,5,5,4,5,13,4,4,10,5,5,2,10,1,18,2,9,3,4,7,9,1,10,2,11,5,1,21,121.4626723,25.1219254
114,02,26,12,17,02萬華區,萬華區堤外便道燈桿雙園44號,0,0,1,1,B03,7,7,5,40,14,9,1,5,4,5,13,4,4,10,5,5,2,17,1,53,3,10,7,1,7,1,1,5,1,4,19,1,22,121.4886757,25.0328351
114,02,26,12,19,01大同區,大同區市民大道1段(Y3出口）,0,0,1,1,B01,7,6,5,40,22,9,1,5,4,5,13,4,4,1,4,5,2,17,1,46,3,10,7,1,7,12,1,4,1,6,14,1,21,121.5182593,25.04862231
114,02,26,12,25,03中山區,中山區興安街49號,0,0,1,1,C03,7,5,5,50,14,9,1,5,4,5,13,4,4,9,4,4,2,17,2,48,2,9,5,1,7,7,1,10,1,14,100,1,21,121.5410616,25.0561281
114,02,26,13,10,11南港區,南港區南港路2段與向陽路口,0,0,1,1,B03,7,7,5,50,4,2,1,5,4,5,13,2,1,1,2,5,2,15,1,64,3,10,3,1,7,9,1,8,1,5,81,1,21,121.5945523,25.0547203
114,02,26,13,16,02萬華區,萬華區寶興街與德昌街口,0,0,2,1,C03,7,7,5,50,4,1,1,5,4,5,13,1,1,8,3,5,2,16,2,65,2,7,5,1,7,5,1,10,1,11,2,1,21,121.4953608,25.0238482
114,02,26,13,35,08士林區,士林區中正路404號基河停車場前,0,0,1,1,B02,7,7,5,50,14,8,1,5,4,5,13,4,4,8,3,4,2,17,1,48,3,10,3,4,7,6,1,8,1,2,9,1,22,121.5210904,25.0942042
114,02,26,13,40,12內湖區,內湖區行愛路與新湖三路口,0,0,1,1,B03,8,7,5,50,4,1,1,5,4,5,13,2,1,5,2,4,2,16,1,58,3,10,7,1,7,5,1,8,2,4,71,1,21,121.5796277,25.0648055
114,02,26,14,30,06松山區,松山區復興北路217號,0,0,1,1,C03,7,7,5,50,14,9,1,5,4,5,13,4,4,9,4,5,2,17,1,55,2,8,6,1,7,9,1,10,2,15,16,1,22,121.5442277,25.05654268
114,02,26,15,15,10文山區,文山區辛亥路4段與興德路66巷口口,0,0,1,1,C03,8,6,5,50,14,9,1,5,4,5,13,3,1,1,4,5,2,12,1,63,2,7,6,1,7,7,1,10,2,14,100,1,21,121.5566436,25.0041098
114,02,26,15,50,08士林區,士林區東山路25巷81弄69號燈桿,0,0,2,1,B02,7,6,5,30,11,9,1,5,4,5,13,4,4,10,5,5,1,17,1,65,3,10,7,1,7,9,1,8,1,8,44,1,22,121.5423906,25.1268472
114,02,26,16,20,05中正區,中正區中山南路與愛國東路口,0,0,1,1,B03,8,7,5,50,11,9,1,5,4,5,13,1,1,1,4,5,2,12,1,19,3,10,7,1,7,9,1,8,1,2,118,1,21,121.51673,25.03524125
114,02,26,16,26,04大安區,大安區羅斯福路4段21號,0,0,1,1,B01,8,5,5,50,14,9,1,5,4,5,13,4,4,1,4,5,2,13,1,68,3,10,7,1,7,15,1,4,1,3,100,1,21,121.5350503,25.0142536
114,02,26,16,48,08士林區,士林區德行東路229巷士檢後門,0,0,1,1,F01,7,5,5,30,14,9,1,5,4,5,10,4,4,10,5,5,2,17,2,62,3,10,4,1,7,1,8,20,1,11,19,1,21,121.5328203,25.1107915