發生年度,發生月,發生日,發生時-Hours,發生分,區序,肇事地點,死亡人數,2-30日死亡人數,受傷人數,當事人序號,車種,天候,光線,道路類別,速限-速度限制,道路型態,事故位置,路面狀況1,路面狀況2,路面狀況3,道路障礙1,道路障礙2,號誌1,號誌2,車道劃分-分向,車道劃分-分道1,車道劃分-分道2,車道劃分-分道3,事故類型及型態,性別,年齡,受傷程度,主要傷處,保護裝置,行動電話,車輛用途,當事者行動狀態,駕駛資格情形,駕駛執照種類,飲酒情形,車輛撞擊部位1,肇因碼-個別,個人肇逃否,職業,座標-X,座標-Y
114,02,26,17,20,12內湖區,內湖區瑞湖街178巷15號,0,0,1,1,B03,7,6,5,50,14,9,1,5,4,5,13,4,4,9,5,5,2,16,1,46,3,10,7,1,7,1,1,8,2,4,19,1,21,121.5757127,25.0707555
114,02,26,17,25,08士林區,士林區天玉街38巷13弄,0,0,1,1,C03,7,6,5,30,14,9,1,5,4,5,13,4,4,5,5,5,2,17,1,56,2,9,6,1,7,9,1,10,2,12,42,1,22,121.5290405,25.1200793
114,02,26,18,05,03中山區,中山區復興北路204號前,0,0,1,1,C03,7,5,5,50,14,9,1,5,4,5,13,4,4,1,4,5,2,13,2,30,2,9,3,4,7,9,1,10,1,11,16,1,21,121.5440254,25.0557926
114,02,26,18,13,11南港區,南港區向陽路與向陽路196巷口,0,0,1,1,C03,7,5,5,50,3,2,1,5,4,5,13,3,1,1,4,5,2,13,1,45,2,7,6,1,7,9,1,10,1,11,16,1,21,121.5937827,25.0563108
114,02,26,18,20,03中山區,中山區復興北路與八德路2段口,0,0,1,1,C03,7,5,5,50,4,1,1,5,4,5,13,1,1,1,4,5,2,16,1,27,3,10,6,1,7,6,1,10,1,13,9,1,21,121.5438126,25.0476311
114,02,26,18,27,05中正區,中正區南海路與牯嶺街口,0,0,1,1,B03,8,5,5,30,4,1,1,5,4,5,13,1,1,9,4,5,2,12,1,29,3,10,7,4,7,8,1,8,1,5,44,1,21,121.5148712,25.0320337
114,02,26,18,30,06松山區,松山區復興北路與長安東路2段口,0,0,2,1,C03,7,5,7,50,14,9,1,5,4,5,13,1,1,1,4,1,2,13,2,21,2,9,5,1,7,9,1,10,1,11,16,1,25,121.5440401,25.048132
114,02,26,18,36,04大安區,大安區和平東路2段89號,0,0,1,1,C03,7,5,5,50,14,9,1,5,4,5,13,4,4,1,4,5,2,13,1,53,3,10,5,1,7,9,1,9,1,11,16,1,22,121.5393703,25.0255065
114,02,26,18,50,12內湖區,內湖區安康路25巷北向南，石潭公園旁,0,0,1,1,,7,5,5,50,14,9,1,5,4,5,13,4,4,5,5,5,2,17,4,,4,11,3,4,7,21,7,19,11,15,119,2,22,121.5940832,25.07095014
114,02,26,18,53,12內湖區,內湖區金湖路373號附近側附近,0,0,4,1,B03,7,5,5,50,14,9,1,5,4,5,13,2,1,8,3,1,1,13,2,43,3,10,7,1,7,9,1,8,2,1,108,1,21,121.6032347,25.0735155
114,02,26,19,53,11南港區,南港區舊莊街2段口南勢街(碧山橋),0,0,2,1,F03,7,5,5,30,3,2,1,5,4,5,13,4,4,10,5,5,1,17,1,25,2,9,6,1,7,9,8,20,3,11,14,1,21,121.6202955,25.0419141
114,02,26,20,04,12內湖區,內湖區民權東路6段與民權東路6段423巷口,0,0,1,1,B03,8,5,5,40,3,2,1,5,4,5,13,4,4,1,4,4,1,17,1,40,3,10,7,1,7,6,1,8,1,5,9,1,21,121.6040985,25.0712255
114,02,26,20,44,05中正區,中正區中華路1段與長沙街1段口,0,0,1,1,A02,7,5,5,50,4,1,1,5,4,5,13,2,1,1,4,5,2,17,1,46,3,10,7,1,7,10,1,2,9,17,100,1,21,121.5080355,25.0406256
114,02,26,20,51,03中山區,中山區林森北路149號,0,0,2,1,B01,7,5,5,50,14,9,1,5,4,5,13,4,4,1,5,5,1,9,1,50,3,10,3,4,7,14,1,4,1,6,38,1,21,121.5252834,25.05154688
114,02,26,20,56,10文山區,文山區木柵路1段與辛亥路7段口,0,0,2,1,C03,7,5,5,50,4,2,1,5,4,5,13,1,1,5,4,5,2,17,2,45,2,8,5,1,7,5,1,10,1,13,74,1,21,121.5521702,24.9878421
114,02,26,21,09,04大安區,大安區安和路1段與安和路1段102巷口,0,0,1,1,B03,7,5,5,50,4,1,1,5,4,5,13,2,1,1,4,5,2,17,1,73,3,10,7,1,7,11,1,8,1,17,10,1,22,121.5524195,25.0342087
114,02,26,21,40,05中正區,中正區愛國西路與延平南路口,0,0,1,1,C03,7,5,5,50,4,1,1,5,4,5,13,1,1,10,4,5,1,12,1,19,2,9,6,1,7,1,1,10,2,14,19,1,25,121.5082001,25.0370138
114,02,26,21,49,04大安區,大安區通化街171巷與通化街口,0,0,1,1,B03,8,5,5,50,4,2,1,5,4,5,13,2,1,8,3,5,1,3,1,26,3,10,7,1,7,5,1,8,1,1,70,1,21,121.5536847,25.0280452
114,02,26,22,26,09北投區,北投區大業路陸橋,0,0,2,1,C03,7,5,8,30,22,22,1,5,4,5,13,4,4,10,5,5,2,11,2,41,2,8,6,1,7,9,1,10,1,11,5,1,21,121.4752291,25.1321899
114,02,26,22,45,11南港區,南港區忠孝東路7段與忠孝東路7段124巷口,0,0,2,1,C03,7,5,5,40,3,2,1,5,4,5,13,1,1,4,3,4,2,13,1,47,2,7,5,1,7,9,1,10,1,11,108,1,21,121.6037958,25.0516709
114,02,26,22,46,01大同區,大同區大龍街與哈密街59巷口,0,0,2,1,C03,7,5,5,50,14,9,1,5,4,5,13,4,4,8,3,5,1,12,1,59,2,5,6,1,7,1,1,10,1,14,19,1,21,121.5157891,25.0731788
114,02,27,07,20,12內湖區,內湖區安康路434巷與安康路434巷19弄口,0,0,1,1,C03,8,6,5,30,3,2,1,5,4,5,13,4,4,9,5,5,2,17,1,67,3,10,6,1,7,5,1,10,1,11,72,1,21,121.6154986,25.06608002
114,02,27,07,40,06松山區,松山區南京東路5段343號,0,0,1,1,C03,7,6,5,40,14,11,1,5,4,5,13,4,4,1,4,5,2,13,1,23,2,9,6,1,7,7,1,10,1,11,108,1,21,121.5677376,25.0514029
114,02,27,07,51,02萬華區,萬華區西園路2段與西園路2段11巷口,0,0,1,1,C03,7,7,5,50,4,1,1,5,4,5,13,1,1,9,5,5,2,16,2,27,3,10,5,1,7,6,1,10,1,14,9,1,21,121.4974015,25.0319789
114,02,27,07,54,06松山區,松山區復興北路地下道往北涵洞出口處,0,0,2,1,C03,8,5,5,40,7,9,1,5,4,5,13,4,4,1,4,5,2,13,1,22,2,9,6,1,7,9,1,10,1,11,108,1,21,121.5443475,25.07134384
114,02,27,07,57,03中山區,中山區遼寧街與龍江路45巷口,0,0,1,1,B03,8,7,5,50,14,9,1,5,4,5,13,4,4,9,4,5,2,1,1,30,3,10,7,1,7,9,1,8,1,2,108,1,21,121.5421105,25.0490628
114,02,27,08,00,07信義區,信義區信義路4段與基隆路2段口,0,0,1,1,B01,7,6,5,50,4,2,1,5,4,5,13,4,4,1,3,5,2,16,1,49,3,10,3,4,7,6,1,4,1,5,9,1,22,121.5593221,25.0329434
114,02,27,08,04,07信義區,信義區忠孝東路5段1之6號,0,0,1,1,C03,8,6,5,50,14,9,1,5,4,5,13,2,1,8,3,5,2,13,2,28,2,9,5,1,7,7,1,10,1,11,108,1,21,121.5650897,25.0412149
114,02,27,08,28,03中山區,中山區吉林路與民生東路2段口,0,0,1,1,B02,7,7,5,50,4,1,1,5,4,5,13,2,1,5,4,5,2,16,1,60,3,10,7,1,7,5,1,8,1,5,71,1,21,121.5301606,25.0580577
114,02,27,08,36,04大安區,大安區敦化南路2段81巷與無名巷口,0,0,1,1,C03,7,6,5,50,4,2,1,5,4,5,13,4,4,9,5,5,2,13,1,30,3,10,3,4,7,9,1,10,1,11,44,1,22,121.5505298,25.0297889
114,02,27,08,44,12內湖區,內湖區內湖路3段與內湖路3段5巷口,0,0,1,1,B03,7,6,5,30,5,1,1,5,4,5,13,4,4,9,4,5,2,15,1,42,3,10,7,1,7,9,1,8,1,1,72,1,21,121.5927368,25.084569
114,02,27,08,46,12內湖區,內湖區金湖路372號,0,0,1,1,C03,8,7,5,50,14,9,1,5,4,5,13,1,1,1,4,5,1,16,1,77,3,10,6,1,7,6,1,10,1,12,9,1,21,121.6045822,25.073541
114,02,27,08,49,12內湖區,內湖區新明路305號,0,0,1,1,B01,7,6,5,50,14,7,1,5,4,5,13,4,4,5,4,4,2,16,1,49,3,10,3,4,7,11,1,4,1,5,10,1,26,121.5848896,25.0570739
114,02,27,08,50,05中正區,中正區莒光路與莒光路93巷口口附近,0,0,1,1,C03,8,6,5,50,3,2,1,5,4,5,13,4,4,1,4,5,1,13,2,54,2,8,6,1,7,9,1,10,1,12,16,1,21,121.504466,25.0311252
114,02,27,08,59,11南港區,南港區玉成街225巷與玉成街231巷口,0,0,1,1,C03,7,7,5,30,4,2,1,5,4,5,13,4,4,10,5,5,2,16,2,42,2,9,6,1,7,6,1,10,1,12,72,1,21,121.5856956,25.043799
114,02,27,09,12,09北投區,北投區石牌路2段與振興街口,0,0,1,1,C03,7,5,5,50,3,1,1,5,4,5,13,1,1,5,4,5,2,17,2,31,2,9,3,4,7,4,1,10,1,12,44,1,21,121.5213344,25.119069
114,02,27,09,15,02萬華區,萬華區堤外便道DSR399,0,0,1,1,C03,8,7,7,40,14,11,2,5,4,5,13,4,4,9,5,5,2,18,1,19,2,9,5,1,7,9,1,10,1,11,44,1,21,121.5039782,25.0473558
114,02,27,09,19,09北投區,北投區公館路423巷與公館路口,0,0,1,1,C03,7,6,5,30,3,1,1,5,4,5,13,4,4,10,5,5,2,16,2,62,2,9,6,1,7,5,1,10,1,12,73,1,26,121.5023989,25.120838
114,02,27,09,48,03中山區,中山區民權東路2段92巷與民權東路2段口口,0,0,2,1,C03,8,7,5,50,4,1,1,5,4,5,13,2,1,1,4,5,2,13,1,35,2,9,6,1,7,6,1,10,1,13,9,1,21,121.5314989,25.0624289
114,02,27,09,54,11南港區,南港區研究院路1段與市民大道8段口,0,0,2,1,C03,7,7,5,50,4,2,1,5,4,5,13,2,1,1,4,5,2,16,2,19,2,9,6,1,7,6,1,10,9,12,9,1,21,121.6164288,25.0545686
114,02,27,10,34,10文山區,文山區羅斯福路6段與景隆街口,0,0,2,1,C03,8,6,5,50,4,4,1,5,4,5,13,2,1,1,4,5,2,13,2,40,2,8,5,1,7,9,1,10,2,11,108,1,21,121.540057,24.9994278
114,02,27,11,15,07信義區,信義區中坡北路50巷與中坡北路口對面,0,0,2,1,F01,8,6,5,30,4,1,1,5,4,5,13,1,1,1,4,5,1,15,1,92,2,9,2,1,7,9,8,20,2,12,85,1,22,121.5805602,25.0465085
114,02,27,11,17,01大同區,大同區承德路2段與南京西路口,0,0,1,1,C03,8,6,5,50,5,1,1,5,4,5,13,2,1,1,4,4,2,17,1,23,2,8,6,1,7,5,1,10,1,12,108,1,21,121.5179042,25.0532027
114,02,27,11,20,10文山區,文山區興隆路3段與興隆路3段112巷口,0,0,1,1,A02,8,6,5,50,14,9,1,5,4,5,13,2,1,1,4,5,2,9,1,53,3,10,7,1,7,9,1,1,2,17,116,1,21,121.5569057,24.9995916
114,02,27,11,43,11南港區,南港區松河街與成美橋口下附近,0,0,2,1,F01,7,7,5,40,14,9,1,5,4,5,13,4,4,9,5,5,1,16,1,86,2,9,4,4,7,5,8,20,9,14,8,2,22,121.5827633,25.0527637
114,02,27,11,52,11南港區,南港區南港路1段62號,0,0,1,1,C03,7,6,5,50,14,9,1,5,4,5,13,4,4,5,4,5,2,13,1,18,3,10,3,4,7,12,1,10,1,11,16,1,22,121.6146972,25.055324
114,02,27,11,55,04大安區,大安區潮州街與潮州街52巷口,0,0,1,1,B03,7,6,5,50,4,2,1,5,4,5,13,4,4,9,4,5,2,17,1,36,3,10,7,1,7,4,1,8,1,2,108,1,21,121.5234354,25.0293096
114,02,27,12,20,05中正區,中正區忠孝東路2段10號,0,0,1,1,C03,8,7,5,40,14,9,1,5,4,5,13,4,4,1,4,5,2,17,1,41,3,10,5,1,7,6,1,10,1,12,9,1,21,121.5272994,25.0437244
114,02,27,12,42,09北投區,北投區湖山路1段與新生街口,0,0,1,1,B02,8,6,5,40,14,9,1,5,4,5,13,4,4,9,4,5,2,16,1,35,3,10,7,1,7,11,1,8,1,5,10,1,21,121.5390359,25.15444345
114,02,27,13,01,02萬華區,萬華區西藏路125巷與西藏路口,0,0,1,1,B03,8,6,5,30,3,1,1,5,4,5,13,1,1,10,5,5,1,17,1,34,3,10,7,1,7,5,1,8,1,8,8,1,21,121.5022272,25.0297563
114,02,27,13,05,03中山區,中山區明水路與北安路口,0,0,1,1,B03,8,7,5,50,3,2,1,5,4,5,13,1,1,1,4,5,2,16,1,49,3,10,7,1,7,6,1,8,1,5,9,1,21,121.5390254,25.0778015
114,02,27,13,18,08士林區,士林區中山北路5段與中山北路5段470巷口,0,0,2,1,C03,7,7,5,50,3,1,1,5,4,5,13,4,4,1,5,5,1,17,1,25,2,9,5,1,7,6,1,10,1,12,9,1,21,121.5278656,25.0921915
114,02,27,13,29,08士林區,士林區福林路與福林路100巷口,0,0,1,1,B03,7,5,5,50,3,1,1,5,3,5,13,3,1,5,5,5,1,17,1,66,3,10,7,1,7,6,1,8,1,2,9,1,21,121.5316746,25.09571916
114,02,27,13,33,04大安區,大安區忠孝東路4段216巷15號,0,0,1,1,B01,7,6,5,30,14,9,1,5,4,3,10,4,4,5,5,5,2,17,1,54,3,10,7,1,7,14,1,2,1,2,44,1,21,121.5530086,25.0406772
114,02,27,14,01,03中山區,中山區建國北路3段71號,0,0,1,1,C03,8,6,5,50,14,9,1,5,4,5,13,2,1,1,4,5,2,13,1,62,3,10,6,1,7,9,1,10,1,12,108,1,21,121.542791,25.0791601
114,02,27,14,01,10文山區,文山區木柵路5段43巷電桿12號旁,0,0,1,1,A31,7,6,5,30,11,9,1,3,1,4,13,4,4,5,5,5,2,17,1,38,3,10,7,1,7,15,1,1,1,17,34,1,21,121.5357872,24.98664725
114,02,27,14,09,07信義區,信義區仁愛路4段452巷與光復南路421巷口,0,0,1,1,B13,8,6,5,30,14,9,1,5,4,5,13,4,4,9,5,5,2,17,1,57,3,10,2,1,7,10,1,8,2,1,42,1,22,121.5592088,25.0362276
114,02,27,14,10,08士林區,士林區福林路士林官邸前,0,0,1,1,B01,7,7,5,50,14,9,1,5,4,5,13,4,4,5,5,5,1,16,1,57,3,10,7,1,7,5,1,4,1,4,44,1,21,121.5311814,25.09538359
114,02,27,14,12,11南港區,南港區大坑街與研究院路2段61巷口,0,0,2,1,C03,7,7,5,50,4,2,1,5,4,5,13,2,1,9,5,5,2,16,1,29,2,8,6,1,7,5,1,10,1,14,71,1,21,121.6178896,25.0453763
114,02,27,14,37,09北投區,北投區明德路與懷德街口,0,0,1,1,B03,8,6,5,50,4,2,1,5,4,5,13,2,1,4,1,5,2,17,1,65,3,10,7,1,7,5,1,8,1,8,71,1,21,121.5200895,25.1154986
114,02,27,15,28,01大同區,大同區延平北路4段與延平北路4段153巷口口,0,0,1,1,B03,8,6,5,50,3,1,1,5,4,5,13,4,4,5,5,5,2,17,1,44,3,10,7,1,7,9,6,18,1,8,108,1,21,121.5111718,25.0726005
114,02,27,15,45,11南港區,南港區忠孝東路6段與忠孝東路6段269巷口口旁,0,0,1,1,B12,7,7,5,50,3,2,1,5,4,5,13,4,4,1,4,4,1,12,1,70,3,10,3,4,7,9,6,18,1,5,44,1,22,121.5896988,25.0494748
114,02,27,16,12,08士林區,士林區菁山路101巷53號,0,0,2,1,B12,8,6,5,40,14,9,1,5,4,5,13,4,4,9,4,5,1,17,1,60,3,10,7,1,7,11,6,18,2,4,10,1,21,121.5590164,25.14831066
114,02,27,16,42,02萬華區,萬華區漢口街2段18號,0,0,2,1,C03,7,7,5,30,14,9,1,5,4,3,13,4,4,10,3,5,2,17,2,33,2,8,5,1,7,15,1,10,1,14,73,1,21,121.5082499,25.0453217
114,02,27,16,44,09北投區,北投區天母西路120巷37號,0,0,1,1,B01,8,7,5,30,11,9,1,5,4,5,13,4,4,10,5,5,2,17,1,48,3,10,7,1,7,9,1,8,1,8,5,1,22,121.522699,25.1187139
114,02,27,16,48,02萬華區,萬華區青年路與水源路口,1,0,0,1,B12,8,6,5,40,4,2,1,5,4,5,13,2,1,5,4,5,2,10,1,57,3,10,7,1,7,9,1,8,2,1,4,1,21,121.503984,25.0197861
114,02,27,17,13,12內湖區,內湖區民權東路6段與成功路2段口,0,0,1,1,B03,8,6,5,50,4,1,1,5,4,5,13,2,1,5,4,5,2,12,1,56,3,10,7,1,7,15,1,8,1,5,16,1,21,121.5909092,25.0687181
114,02,27,17,20,01大同區,大同區民權西路與蘭州街口口,0,0,1,1,B03,8,6,5,50,4,18,1,5,4,5,13,2,1,1,5,5,2,3,1,51,3,10,7,1,7,5,1,8,2,1,70,1,21,121.5146146,25.0630952
114,02,27,17,20,05中正區,中正區中華路1段與秀山街口,0,0,1,1,B01,8,6,5,50,3,1,1,5,4,5,13,4,4,1,4,5,2,16,1,37,3,10,7,1,7,6,1,4,1,2,9,1,22,121.5087382,25.0429421
114,02,27,17,31,10文山區,文山區羅斯福路5段150巷與羅斯福路5段口,0,0,1,1,C03,7,5,5,50,3,1,1,5,4,5,13,4,4,1,4,5,2,12,1,63,3,10,6,1,7,9,1,10,11,15,118,2,21,121.5388074,25.0052434
114,02,27,17,38,09北投區,北投區文林北路與文林北路94巷口,0,0,2,1,C03,8,6,5,30,14,9,1,5,4,5,13,1,1,9,4,5,2,16,1,49,2,7,5,1,7,5,1,10,1,12,118,1,21,121.5176852,25.10545922
114,02,27,17,43,12內湖區,內湖區文德路與文德路208巷口,0,0,1,1,B03,8,5,5,50,4,1,1,5,4,5,13,2,1,1,4,4,2,12,1,41,3,10,3,4,7,9,1,8,1,2,86,1,21,121.5837285,25.0785053
114,02,27,17,48,01大同區,大同區長安西路225號,0,0,1,1,B03,8,5,5,50,14,9,1,5,4,5,13,4,4,5,5,5,2,13,1,41,3,10,7,1,7,1,1,4,2,5,19,1,21,121.5118847,25.0521057
114,02,27,18,14,06松山區,松山區復興北路497號,0,0,1,1,B12,7,5,5,50,14,9,1,5,4,5,13,4,4,1,4,5,2,16,1,61,3,10,7,1,7,6,1,8,1,2,9,1,21,121.5444163,25.065312
114,02,27,18,15,05中正區,中正區市民大道1段西往東(第1001706號燈桿),0,0,1,1,B03,7,5,5,40,14,9,1,5,4,5,13,4,4,10,4,5,2,16,1,39,3,10,7,1,7,7,1,8,2,4,100,1,27,121.5196108,25.0481904
114,02,27,18,19,07信義區,信義區虎林街88巷18弄與虎林街82巷口,0,0,3,1,F01,8,5,5,30,3,1,1,5,4,3,10,4,4,9,4,5,2,15,2,54,2,8,4,1,7,1,8,20,2,14,19,1,22,121.5770465,25.0432979
114,02,27,18,25,08士林區,士林區至誠路2段與至誠路2段60巷口,0,0,1,1,C03,7,5,5,40,3,1,1,5,4,5,13,4,4,9,5,5,2,3,2,22,2,9,3,4,7,10,1,10,1,15,102,1,21,121.5284588,25.10170863
114,02,27,18,27,08士林區,士林區環河北路3段173號,0,0,2,1,B03,7,5,5,50,14,9,1,5,4,5,13,4,4,3,4,5,2,20,2,31,2,7,7,1,7,9,1,8,2,1,108,1,21,121.5047958,25.08701975
114,02,27,18,31,10文山區,文山區景福街與景福街3巷口,0,0,1,1,C03,8,5,5,30,4,1,1,5,4,5,13,4,4,10,5,5,1,17,2,57,2,8,6,1,7,5,1,10,2,14,72,1,21,121.5392559,24.9994628
114,02,27,18,50,12內湖區,內湖區環山路3段西向東，近路燈0300994,0,0,2,1,C03,8,5,5,50,14,9,1,5,4,5,13,4,4,5,4,5,2,13,1,30,2,9,5,1,7,8,1,10,1,11,16,1,21,121.5826006,25.0845699
114,02,27,19,18,07信義區,信義區東興路與市民大道5段口,0,0,1,1,B03,7,5,5,40,4,1,1,5,4,5,13,2,1,1,4,5,2,17,2,28,3,10,7,1,7,5,1,8,2,5,80,1,21,121.5658409,25.0482178
114,02,27,20,15,12內湖區,內湖區內湖路1段67號,0,0,1,1,B03,7,5,5,50,3,2,1,5,4,5,13,2,1,1,4,5,2,17,1,24,3,10,7,1,7,11,1,8,1,17,42,1,21,121.5602208,25.0847966
114,02,27,20,50,12內湖區,內湖區大湖山莊街176巷16號,0,0,1,1,F02,7,5,5,0,12,20,4,5,4,5,13,4,4,10,5,5,2,2,1,64,2,8,2,1,7,12,8,20,2,14,42,1,21,121.5994014,25.0876148
114,02,27,21,28,10文山區,文山區辛亥路4段與辛亥路4段222巷口,0,0,1,1,B03,8,5,5,50,3,1,1,5,4,5,13,1,1,1,4,5,2,16,1,67,3,10,7,1,7,11,1,8,2,2,44,1,21,121.5554473,25.0021696
114,02,27,21,59,07信義區,信義區松信路與松隆路口,0,0,1,1,B03,7,5,5,50,4,1,1,5,4,5,13,2,1,9,4,5,2,17,2,43,3,10,7,1,7,5,1,8,1,5,80,1,21,121.5721059,25.0469387
114,02,27,22,03,04大安區,大安區基隆路高架道110燈桿,0,0,2,1,B03,7,5,5,60,14,9,1,5,4,5,13,4,4,1,4,5,2,13,2,40,2,9,7,1,7,10,1,8,11,3,100,1,21,121.5366638,24.99674759
114,02,27,22,37,12內湖區,內湖區新明路與成美橋口,0,0,1,1,B03,8,5,5,50,4,1,1,5,4,5,13,2,1,5,4,5,2,17,1,35,3,10,7,1,7,5,1,8,2,5,74,1,21,121.5822709,25.0556964
114,02,27,22,40,03中山區,中山區北安路137號,0,0,1,1,C03,8,5,5,50,18,9,1,5,4,5,13,4,4,1,4,5,2,12,2,21,3,10,5,1,7,8,1,10,1,12,100,1,21,121.5331,25.0782075
114,02,27,22,53,05中正區,中正區中華路2段307巷10號,0,0,1,1,C03,8,5,5,30,14,9,1,5,4,5,13,4,4,9,4,5,2,13,1,58,2,9,6,1,7,9,1,10,2,11,108,1,21,121.5056164,25.0289482
114,02,27,23,25,04大安區,大安區忠孝東路4段216巷與忠孝東路4段216巷8弄口,0,0,1,1,B01,7,5,5,30,4,1,1,5,4,5,13,4,4,5,4,5,1,15,1,57,3,10,3,4,7,9,1,4,1,5,72,1,21,121.5529164,25.0408061
114,02,27,23,38,10文山區,文山區新光路2段與文和橋口,0,0,1,1,C04,7,6,5,50,3,1,1,5,4,5,13,3,1,10,5,5,2,17,1,19,3,10,6,1,7,5,1,10,1,17,71,1,21,121.5963171,25.001272
114,02,28,00,03,02萬華區,萬華區環河南路1段與忠孝西路2段口,0,0,2,1,C03,7,5,5,50,5,1,1,5,4,5,13,2,1,5,4,5,2,17,2,54,2,9,6,1,7,11,1,10,1,12,10,1,21,121.5061482,25.0489204
114,02,28,02,43,04大安區,大安區信義路4段與大安路2段口,0,0,1,1,B03,7,5,5,50,4,2,1,5,4,5,13,2,1,8,3,5,1,13,1,29,3,10,7,1,7,15,1,8,1,1,108,1,21,121.545635,25.0332408
114,02,28,03,00,01大同區,大同區長安西路與塔城街口,0,0,1,1,C03,8,5,5,50,4,1,1,5,4,5,13,2,1,9,4,5,2,16,1,47,2,9,5,1,7,5,1,10,2,12,71,1,21,121.510391,25.0520289
114,02,28,05,35,12內湖區,內湖區內湖路1段285巷與內湖路1段285巷63弄口口,0,0,1,1,B03,7,5,5,30,3,2,1,5,4,5,13,4,4,10,5,5,2,3,1,65,3,10,7,1,7,9,1,8,1,5,108,1,21,121.5669297,25.0841842
114,02,28,08,00,09北投區,北投區行義路與行義路180巷口,0,0,1,1,B03,8,6,5,40,3,1,1,5,4,5,13,4,4,9,5,5,1,17,1,43,3,10,7,1,7,1,1,8,2,8,19,1,21,121.5283573,25.1320532
114,02,28,08,26,10文山區,文山區木柵路5段43巷(西往東麗山幹127B7234BE31）,0,0,1,1,B03,8,6,5,30,14,9,1,5,4,5,13,4,4,5,5,5,1,16,1,24,3,10,7,1,7,8,1,8,1,2,100,1,21,121.5800243,25.0119618
114,02,28,08,44,04大安區,大安區光復南路432號,0,0,1,1,B03,7,5,5,50,14,9,1,5,4,5,13,4,4,1,3,4,2,12,1,56,3,10,7,1,7,1,1,8,1,4,19,1,21,121.5574878,25.0361086
114,02,28,09,17,01大同區,大同區環河北路1段183號,0,0,1,1,B03,8,6,5,50,14,9,1,5,4,5,13,4,4,10,4,5,2,17,1,52,3,10,3,4,7,8,1,8,2,5,100,1,22,121.5079458,25.0555304
114,02,28,10,00,09北投區,北投區石牌路2段與天母西路口,0,0,1,1,G06,8,6,5,50,3,1,1,5,4,5,13,4,4,5,5,5,2,17,2,63,2,9,4,1,7,15,8,20,9,16,42,1,22,121.5225179,25.1195856
114,02,28,10,00,10文山區,文山區興隆路3段與興隆路3段229巷口,0,0,1,1,B03,8,6,5,50,3,1,1,5,4,5,13,2,1,1,4,5,2,16,1,57,3,10,7,1,7,11,1,8,1,1,10,1,21,121.5591135,24.9935388
114,02,28,10,39,03中山區,中山區建國北路3段55號,0,0,1,1,B02,7,6,5,50,14,9,1,5,4,5,13,4,4,10,5,5,2,12,1,59,3,10,7,1,7,1,1,8,2,4,19,1,22,121.5372791,25.0643412
114,02,28,11,16,09北投區,北投區建民路129巷與致遠一路1段46巷口,0,0,2,1,C03,8,6,5,30,3,2,1,5,4,5,13,4,4,10,5,5,2,17,1,32,2,7,5,1,7,9,1,10,1,11,72,1,21,121.5176043,25.11016276
114,02,28,11,18,06松山區,松山區中坡北路與市民大道6段口,0,0,1,1,B03,8,7,5,50,4,1,1,5,4,5,13,2,1,1,4,5,2,15,1,49,3,10,7,1,7,6,1,8,9,4,9,1,25,121.5799918,25.04951145
114,02,28,11,30,05中正區,中正區汀州路3段193號,0,0,1,1,B01,8,7,5,50,14,9,1,5,4,5,13,4,4,5,5,5,2,17,1,60,3,10,2,4,7,13,1,1,1,8,40,1,21,121.5331477,25.0144978
114,02,28,11,38,07信義區,信義區忠孝東路5段與虎林街口口,0,0,1,1,B03,8,6,5,50,4,2,1,5,4,5,13,1,1,1,4,5,2,17,2,61,3,10,7,1,7,5,1,8,1,5,74,1,22,121.5769556,25.0407712
114,02,28,11,43,12內湖區,內湖區成功路2段與成功交流道口(北上入口）,0,0,1,1,B03,8,5,5,50,4,1,1,5,4,5,13,1,1,1,4,5,2,16,1,21,3,10,7,1,7,6,1,8,2,5,9,1,21,121.5909611,25.0641607
114,02,28,11,46,10文山區,文山區萬慶街與萬慶街37巷口,0,0,1,1,C01,8,6,5,50,3,1,1,5,4,5,13,4,4,9,5,5,2,17,1,39,2,7,6,1,7,9,1,9,2,12,44,1,21,121.5389186,24.9931988
114,02,28,11,46,07信義區,信義區松智路與松廉路口,0,0,2,1,B01,8,6,5,50,3,1,1,5,4,5,13,2,1,9,4,5,2,17,1,60,3,10,7,1,7,10,1,4,2,2,100,1,22,121.5654958,25.0340498
114,02,28,12,44,01大同區,大同區敦煌路40號,0,0,1,1,B03,8,7,5,50,14,9,1,5,4,5,13,4,4,1,4,5,2,17,1,73,3,10,3,4,7,9,1,8,1,1,108,1,21,121.5191129,25.075399
114,02,28,12,56,09北投區,北投區中湖戰備道路(大地工程處4370-BT-GMS-0001),0,0,1,1,C03,8,6,5,40,11,9,1,5,4,5,13,4,4,9,4,5,2,18,1,41,2,9,5,1,7,9,1,10,1,14,108,1,21,121.5582528,25.17544938
114,02,28,13,18,08士林區,士林區基河路與劍潭路口,0,0,2,1,B03,7,6,5,50,4,2,1,5,4,5,13,1,1,1,4,5,1,16,2,57,3,10,3,4,7,5,1,8,2,5,71,1,21,121.5247525,25.0843
114,02,28,13,24,04大安區,大安區信義路3段158號,0,0,1,1,C03,8,6,5,50,14,9,1,5,4,5,13,4,4,1,4,5,2,12,1,45,2,7,5,1,7,8,1,10,1,12,17,1,21,121.5411583,25.0333229