發生年度,發生月,發生日,發生時-Hours,發生分,區序,肇事地點,死亡人數,2-30日死亡人數,受傷人數,當事人序號,車種,天候,光線,道路類別,速限-速度限制,道路型態,事故位置,路面狀況1,路面狀況2,路面狀況3,道路障礙1,道路障礙2,號誌1,號誌2,車道劃分-分向,車道劃分-分道1,車道劃分-分道2,車道劃分-分道3,事故類型及型態,性別,年齡,受傷程度,主要傷處,保護裝置,行動電話,車輛用途,當事者行動狀態,駕駛資格情形,駕駛執照種類,飲酒情形,車輛撞擊部位1,肇因碼-個別,個人肇逃否,職業,座標-X,座標-Y
114,02,28,13,30,05中正區,中正區中山南路與信義路1段口,0,0,2,1,C03,8,6,5,50,5,2,1,5,4,5,13,1,1,1,4,5,2,16,1,23,2,9,6,1,7,6,1,10,2,11,9,1,22,121.5180592,25.0383989
114,02,28,13,52,01大同區,大同區延平北路4段與敦煌路口,0,0,2,1,C03,8,7,5,50,5,2,1,5,4,5,13,2,1,5,4,5,2,17,1,27,2,9,3,4,7,5,1,10,1,14,42,1,21,121.5120261,25.0765274
114,02,28,14,10,05中正區,中正區懷寧街與貴陽街1段口,0,0,1,1,B03,8,7,5,50,3,1,1,5,4,5,13,4,4,5,5,5,2,17,1,74,3,10,7,1,7,5,1,8,2,8,72,1,21,121.5137622,25.0387353
114,02,28,14,23,02萬華區,萬華區中華路2段416巷與雙和街31巷口,0,0,2,1,C03,8,6,5,30,4,1,1,5,4,5,13,1,1,9,5,5,1,15,2,63,2,8,5,1,7,9,1,10,1,12,81,1,21,121.5021917,25.0266129
114,02,28,14,24,08士林區,士林區承德路4段42號,0,0,1,1,B03,8,6,5,50,14,9,1,5,4,5,13,4,4,1,4,5,2,14,1,73,3,10,7,1,7,2,1,8,1,7,12,1,21,121.5224179,25.0810032
114,02,28,14,31,07信義區,信義區忠孝東路5段與基隆路1段口,0,0,1,1,C03,8,7,5,50,14,12,1,5,4,5,13,1,1,3,4,5,2,13,1,24,2,9,5,1,7,9,1,10,1,11,16,1,21,121.564485,25.0409302
114,02,28,14,40,04大安區,大安區市民大道4段64號迴轉道,0,0,1,1,B03,8,6,5,40,14,9,1,5,4,5,13,4,4,9,4,5,1,16,1,43,3,10,3,4,7,5,1,8,1,4,8,1,21,121.5468534,25.0450052
114,02,28,15,07,04大安區,大安區光復南路116巷與廢鐵道口,0,0,1,1,B02,7,5,5,30,14,9,1,5,4,5,13,4,4,1,3,5,2,16,2,29,3,10,7,1,7,5,1,8,1,1,80,1,21,121.5562288,25.0430224
114,02,28,15,30,08士林區,士林區延平北路7段與延平北路7段106巷口堤防便道洲美橋下,0,0,1,1,C03,8,5,5,50,14,9,1,5,4,5,13,4,4,10,5,5,2,13,1,23,3,10,5,1,7,9,1,10,1,11,16,1,21,121.497061,25.09662263
114,02,28,15,30,12內湖區,內湖區康寧路3段與五分街口,0,0,1,1,B03,8,6,5,50,4,2,1,5,4,5,13,2,1,1,4,5,2,17,1,41,3,10,7,1,7,1,1,8,1,5,19,1,21,121.6126023,25.0676733
114,02,28,15,55,10文山區,文山區木柵路4段與木柵路4段149巷口口,0,0,1,1,C03,7,6,5,50,3,1,1,5,4,5,13,2,1,5,4,5,1,16,1,42,3,10,6,1,7,5,1,10,1,14,8,1,21,121.5749968,24.9986064
114,02,28,16,08,03中山區,中山區敬業三路與敬業三路161巷口,0,0,1,1,B02,8,7,5,50,4,1,1,5,4,5,13,1,1,3,4,5,2,16,1,48,3,10,7,1,7,5,1,8,1,6,71,1,21,121.5561303,25.07938951
114,02,28,16,40,06松山區,松山區麥帥一橋往西第6511389號燈桿,0,0,1,1,B02,8,7,5,60,14,16,1,5,4,5,13,4,4,9,4,5,2,13,1,29,3,10,7,1,7,9,1,8,1,1,108,1,21,121.5715659,25.0520854
114,02,28,16,40,07信義區,信義區松隆路161號,0,0,1,1,F01,7,7,5,50,14,9,1,5,4,3,10,4,4,1,4,5,2,18,1,60,2,9,3,4,7,7,8,20,9,17,42,1,22,121.5729967,25.0474162
114,02,28,16,56,09北投區,北投區榮華三路與榮華三路41巷口口,0,0,2,1,B03,8,6,5,50,4,1,1,5,4,5,13,4,4,10,5,5,2,17,1,39,3,10,7,1,7,9,1,8,1,1,42,1,21,121.5206733,25.1140945
114,02,28,16,59,06松山區,松山區八德路2段447之1號,0,0,1,1,C03,7,6,5,50,14,9,1,5,4,5,13,4,4,5,4,5,2,16,1,52,3,10,6,1,7,9,1,10,1,12,44,1,21,121.547214,25.048264
114,02,28,16,59,08士林區,士林區天母西路62巷與天母西路62巷口,0,0,2,1,B03,7,6,5,30,3,2,1,5,4,5,13,4,4,5,5,5,1,17,1,66,3,10,7,1,7,6,1,8,1,5,9,1,21,121.5240313,25.1181301
114,02,28,17,11,03中山區,中山區龍江路與建國北路口側附近1段33巷口,0,0,2,1,B03,8,5,5,50,4,1,1,5,4,5,13,4,4,5,4,5,2,17,2,51,3,10,3,4,7,11,1,8,1,1,10,1,21,121.5403495,25.0477814
114,02,28,17,54,08士林區,士林區華齡街與前港街口,0,0,1,1,C01,8,6,5,50,4,2,1,5,4,5,13,1,1,5,5,5,2,17,1,43,2,7,6,4,7,6,1,9,2,12,116,1,21,121.5193862,25.0850052
114,02,28,19,42,04大安區,大安區仁愛路3段143巷與忠孝東路3段248巷13弄口,0,0,1,1,B03,7,5,5,30,3,1,1,5,4,5,13,4,4,10,5,5,2,17,1,34,3,10,3,4,7,5,1,8,1,17,72,1,22,121.5429941,25.0406461
114,02,28,19,51,04大安區,大安區樂業街與樂業街159巷口,0,0,2,1,C03,7,5,5,30,4,1,1,5,4,5,13,4,4,9,5,5,2,15,2,24,2,9,6,4,7,21,1,10,1,11,44,1,21,121.5538458,25.0194032
114,02,28,20,09,07信義區,信義區福德街與林口街口,0,0,2,1,B03,7,5,5,50,4,1,2,5,4,5,13,1,1,9,4,5,2,17,1,25,3,10,7,1,7,5,1,8,1,1,71,1,21,121.5791518,25.0362893
114,02,28,21,52,02萬華區,萬華區西昌街與貴陽街2段口,0,0,1,1,C03,8,5,5,50,4,1,1,5,4,5,13,2,1,5,5,5,2,17,1,22,3,10,6,1,7,5,1,10,1,17,98,1,21,121.5006827,25.0400913
114,02,28,22,15,08士林區,士林區中正路陽明高中對面,0,0,1,1,C03,7,5,5,30,14,9,1,5,5,5,13,4,4,4,4,5,2,18,1,22,2,9,3,4,7,9,1,10,1,12,13,1,21,121.5172679,25.0913941
114,02,28,22,31,06松山區,松山區健康路與南京東路4段53巷10弄口,0,0,1,1,C04,7,5,5,50,4,2,1,5,4,5,13,1,1,5,4,5,2,17,2,37,2,9,5,1,7,5,1,11,2,12,8,1,21,121.5525996,25.0531431
114,02,28,22,57,04大安區,大安區敦化南路2段63巷與敦化南路2段63巷53弄口,0,0,1,1,B01,7,5,5,30,4,1,1,5,4,5,13,1,1,9,4,5,1,3,1,46,3,10,3,4,7,5,1,4,1,1,70,1,21,121.551584,25.0310019
114,02,28,23,38,08士林區,士林區至善路3段與至善路3段150巷口,0,0,1,1,C03,7,5,5,40,14,9,1,5,4,5,13,4,4,5,4,5,2,17,1,18,2,9,6,1,7,9,1,10,2,11,108,1,22,121.5742838,25.1165435
114,03,01,05,10,03中山區,中山區錦西街14號,0,0,1,1,B03,7,5,5,50,14,9,1,5,4,5,13,4,4,9,4,5,2,9,2,43,3,10,3,4,7,1,1,8,1,8,44,1,22,121.5214933,25.0603551
114,03,01,06,42,05中正區,中正區汀州路3段與羅斯福路3段316巷口,0,0,1,1,C03,8,6,5,50,3,1,1,5,4,5,13,1,1,9,4,5,2,16,1,59,3,10,5,1,7,6,1,10,2,12,9,1,21,121.5321958,25.0151287
114,03,01,07,54,04大安區,大安區建國南路2段與辛亥路2段口,0,0,1,1,B03,8,6,5,40,3,1,1,5,4,5,13,2,1,1,4,5,2,17,2,42,3,10,7,1,7,6,1,8,2,2,44,1,21,121.5374743,25.0227967
114,03,01,08,10,07信義區,信義區林口街與松山路515巷口,0,0,2,1,F02,8,7,5,40,4,1,1,5,4,5,13,4,4,9,4,4,2,16,2,36,2,9,6,4,7,9,8,20,1,12,108,1,21,121.5792859,25.0386721
114,03,01,08,37,08士林區,士林區文林路與德行西路口,0,0,2,1,C03,8,6,5,50,4,1,1,5,4,5,13,1,1,10,5,5,1,15,1,52,2,9,5,1,7,1,1,10,1,11,19,1,21,121.5194501,25.1031969
114,03,01,08,49,01大同區,大同區長安西路與長安西路220巷口,0,0,1,1,C03,7,5,5,50,14,9,1,5,4,5,13,2,1,9,4,5,2,13,2,46,2,8,5,1,7,12,1,10,1,11,16,1,22,121.5147092,25.0513985
114,03,01,09,05,09北投區,北投區明德路150巷17-1號,0,0,1,1,B03,8,7,5,30,14,9,1,5,4,5,13,4,4,10,5,5,1,16,1,69,3,10,7,1,7,1,1,8,1,8,19,1,22,121.5223966,25.110416
114,03,01,09,23,01大同區,大同區民權西路144巷與民權西路102巷4弄口,0,0,3,1,C03,8,7,5,30,4,1,1,5,4,5,13,3,1,10,4,5,2,15,1,19,2,9,3,4,7,9,1,10,1,13,72,1,21,121.5159447,25.0616317
114,03,01,09,30,07信義區,信義區吳興街220巷與吳興街220巷11弄口口,0,0,1,1,C03,8,5,8,50,22,22,1,5,4,5,13,4,4,5,5,5,2,17,2,28,2,8,6,1,7,9,1,10,1,12,108,1,22,121.5628394,25.0274349
114,03,01,09,32,05中正區,中正區重慶南路3段與詔安街口,0,0,2,1,C03,8,7,5,30,3,1,1,5,4,5,13,4,4,10,5,5,2,17,2,59,2,7,5,1,7,9,1,10,9,11,99,1,22,121.5163737,25.0252419
114,03,01,09,35,08士林區,士林區至善路2段與至善路2段口故宮廣場停車場,0,0,1,1,B03,8,6,5,50,4,1,1,5,4,5,13,3,1,1,5,4,1,16,1,47,3,10,7,1,7,5,1,8,1,2,8,1,21,121.5491059,25.0993666
114,03,01,09,40,07信義區,信義區信義路5段與松德路口,0,0,2,1,C03,8,7,8,50,4,2,1,5,4,5,13,1,1,1,4,5,2,12,1,46,3,10,3,4,7,6,1,9,1,14,99,1,21,121.5745992,25.0334169
114,03,01,09,57,06松山區,松山區觀山河濱公園與觀山河濱公園口路燈觀山125,0,0,1,1,F01,8,7,8,50,22,22,1,5,4,5,13,4,4,9,4,5,2,18,1,42,2,9,4,1,7,9,8,20,9,11,116,1,25,121.5705305,25.0705879
114,03,01,10,00,02萬華區,萬華區環河南路2段與環河南路2段250巷口,0,0,1,1,C03,8,5,8,50,22,22,1,5,4,5,13,1,1,10,5,5,2,17,1,29,2,9,3,4,7,5,1,10,1,11,13,1,21,121.4920948,25.0329119
114,03,01,10,20,02萬華區,萬華區中華路2段424號旁,0,0,1,1,B01,8,7,5,40,22,7,1,5,4,5,13,4,4,9,4,4,2,17,1,55,3,10,7,1,7,15,1,4,2,3,44,1,21,121.5063111,25.0275374
114,03,01,10,49,02萬華區,萬華區環河南路2段與桂林路口,0,0,1,1,C03,8,5,5,50,4,1,1,5,4,5,13,1,1,1,4,4,2,17,2,19,2,9,5,4,7,9,1,10,1,14,108,1,21,121.4969085,25.0385551
114,03,01,11,55,08士林區,士林區萬溪產業道路5.3k處,0,0,1,1,B03,8,6,5,30,11,9,1,5,4,5,13,4,4,10,5,5,1,13,2,67,3,10,7,1,7,9,1,8,1,1,76,1,21,121.5995913,25.13216486
114,03,01,11,58,02萬華區,萬華區西寧南路77號,0,0,1,1,B03,8,7,5,50,14,9,1,5,4,5,13,4,4,9,5,5,2,17,2,29,3,10,7,1,7,5,1,8,1,4,44,1,22,121.5068794,25.0460006
114,03,01,12,09,09北投區,北投區大度路與中央北路2段257巷口,0,0,1,1,B03,8,7,5,70,5,1,1,5,4,5,13,2,1,1,3,2,1,16,1,33,3,10,7,1,7,6,1,8,1,6,98,1,22,121.486298,25.1221073
114,03,01,12,18,04大安區,大安區建國南路2段11巷26之1號,0,0,2,1,C03,8,6,5,30,14,9,1,5,4,5,13,4,4,10,5,5,2,9,2,29,2,9,5,1,7,9,1,10,1,12,44,1,21,121.5393565,25.0328381
114,03,01,12,20,12內湖區,內湖區麥帥一橋機慢車道東往西,0,0,2,1,F01,8,6,5,40,14,9,1,5,4,5,13,4,4,10,4,5,2,17,1,81,2,1,4,1,7,7,8,20,2,15,100,1,21,121.5740714,25.05398462
114,03,01,12,20,11南港區,南港區南港路1段東往西089燈桿,0,0,1,1,C03,8,6,5,50,14,9,1,5,4,5,13,4,4,5,2,5,2,13,2,18,2,9,6,1,7,9,1,10,2,11,16,1,21,121.609709,25.054873
114,03,01,12,35,09北投區,北投區東華街2段與立農街2段口,0,0,1,1,C03,8,7,5,30,4,2,1,5,4,5,13,1,1,5,4,5,2,1,1,21,3,10,6,1,7,6,1,10,9,15,70,2,26,121.5125266,25.1190855
114,03,01,12,36,01大同區,大同區民權西路144巷與民權西路102巷4弄口口,0,0,1,1,B03,8,6,5,30,4,1,1,5,4,5,13,3,1,10,5,5,2,15,1,25,3,10,7,1,7,9,1,8,1,6,72,1,21,121.5159163,25.0616338
114,03,01,12,36,04大安區,大安區基隆路3段與臥龍街口,0,0,1,1,C03,8,5,5,50,14,9,1,5,4,5,13,4,4,10,5,5,2,11,1,19,2,9,3,4,7,7,1,10,1,14,100,1,21,121.5482351,25.0203817
114,03,01,12,43,02萬華區,萬華區環河南路2段300號,0,0,1,1,F01,8,5,5,0,22,25,4,5,4,2,13,4,4,10,5,5,2,9,1,13,3,10,4,4,7,9,8,20,1,11,42,1,21,121.4905361,25.03145671
114,03,01,12,45,02萬華區,萬華區華江橋機車道往板橋方向-編號001050燈桿前,0,0,3,1,C03,8,6,5,40,8,11,1,5,4,5,13,4,4,9,4,3,1,17,1,21,2,7,5,1,7,12,1,10,1,11,108,1,21,121.4895258,25.0356707
114,03,01,13,33,10文山區,文山區木新路3段232巷6弄與忠順街1段26巷口,0,0,1,1,C03,8,6,5,30,4,1,1,5,4,5,13,4,4,10,5,5,2,16,1,59,2,8,6,1,7,1,1,10,1,14,19,1,21,121.5598122,24.9821025
114,03,01,13,47,08士林區,士林區文林路與文林路144巷口,0,0,1,1,F01,8,6,5,50,4,2,1,5,4,5,13,4,4,5,2,5,1,13,2,17,2,9,4,1,7,9,8,20,1,11,108,1,21,121.5266569,25.08896931
114,03,01,13,59,04大安區,大安區仁愛路3段99號,0,0,2,1,B03,8,6,5,50,14,9,1,5,4,5,13,1,1,1,4,5,2,13,1,52,3,10,7,1,7,9,1,8,1,8,108,1,21,121.5410558,25.0384013
114,03,01,14,00,09北投區,北投區西安街1段與石牌路1段166巷69弄口,0,0,3,1,C03,8,7,5,50,3,2,1,5,4,5,13,3,1,10,4,5,2,13,1,31,2,9,5,1,7,9,1,10,1,14,16,1,22,121.5158215,25.1137169
114,03,01,14,08,04大安區,大安區市民大道4段與敦化南路1段口,0,0,3,1,C03,8,6,5,40,4,4,1,5,4,5,13,2,1,1,4,5,2,17,1,35,2,7,6,1,7,15,1,10,1,11,108,1,21,121.5484471,25.04486809
114,03,01,14,30,12內湖區,內湖區內湖路3段115巷與金龍路口,0,0,1,1,B03,8,6,5,50,3,2,1,5,4,5,13,1,1,5,5,5,2,13,1,35,3,10,7,1,7,9,1,8,2,1,108,1,21,121.5898697,25.0858192
114,03,01,15,17,09北投區,北投區立賢路107號對面,0,0,2,1,C03,8,6,5,50,14,9,1,5,4,5,13,2,1,1,4,5,2,13,2,22,2,9,6,1,7,9,1,10,2,11,108,1,21,121.5023278,25.1143573
114,03,01,15,20,03中山區,中山區民權東路3段59號,0,0,1,1,C03,7,7,5,50,14,9,1,5,4,5,13,4,4,1,4,5,2,29,3,0,,,,,,,,,,,67,1,,121.5435068,25.0624682
114,03,01,15,30,06松山區,松山區南京東路5段251巷與南京東路5段291巷20弄口,0,0,2,1,C03,8,7,5,30,4,1,1,5,4,5,13,4,4,10,5,5,2,15,1,31,2,8,5,1,7,9,1,10,1,11,72,1,21,121.5651079,25.05243954
114,03,01,15,40,07信義區,信義區松德路與松德路168巷口,0,0,1,1,B03,7,5,5,50,3,1,1,5,4,5,13,1,1,1,4,4,2,16,1,31,3,10,7,1,7,6,1,8,1,5,9,1,21,121.5745381,25.0365258
114,03,01,16,00,08士林區,士林區天母西路10號,0,0,3,1,C03,7,6,5,50,14,9,1,5,4,5,13,4,4,5,5,5,2,13,2,43,2,8,6,1,7,9,1,10,1,11,16,1,22,121.5285964,25.1183859
114,03,01,16,10,03中山區,中山區民生東路1段與林森北路口,0,0,5,1,A41,8,6,5,50,4,2,1,3,4,5,13,1,1,5,4,5,2,17,1,55,3,10,7,1,7,9,1,1,9,17,34,2,22,121.5257211,25.0581015
114,03,01,16,23,10文山區,文山區興隆路4段165巷與木新路3段74巷口,0,0,1,1,C03,8,7,5,30,4,1,1,5,4,5,10,4,4,10,5,5,2,15,2,47,2,8,5,1,7,9,1,10,1,11,72,1,21,121.5628866,24.9841791
114,03,01,16,44,04大安區,大安區臥龍街與和平東路2段口,0,0,1,1,B03,8,6,5,30,4,2,1,5,4,5,13,2,1,1,4,5,2,17,2,55,3,10,7,1,7,15,1,8,1,5,108,1,21,121.5467402,25.02447053
114,03,01,16,45,03中山區,中山區五常街25號,0,0,1,1,B03,8,7,5,30,14,9,1,5,4,5,13,4,4,9,5,5,2,17,1,28,3,10,7,1,7,1,1,8,1,8,19,1,21,121.5381239,25.06429159
114,03,01,16,46,03中山區,中山區民族東路與松江路口,0,0,2,1,C03,8,6,5,50,4,1,1,5,4,5,13,1,1,3,4,4,2,13,1,29,2,8,5,1,7,14,1,10,1,13,42,1,21,121.5334113,25.06814621
114,03,01,17,43,07信義區,信義區松壽路11號,0,0,1,1,B03,7,5,5,30,14,9,1,5,4,5,13,4,4,10,5,5,2,13,1,51,3,10,7,1,7,9,1,8,1,1,108,1,21,121.5674808,25.0361235
114,03,01,17,47,12內湖區,內湖區民權東路6段與民權東路6段46巷口,0,0,3,1,B03,8,5,5,50,4,2,1,5,4,5,13,2,1,1,4,5,2,17,1,54,2,9,7,1,7,5,1,8,2,5,71,1,21,121.5816568,25.06801214
114,03,01,17,55,03中山區,中山區民族東路與建國北路3段113巷口,0,0,1,1,C03,7,5,5,50,4,2,1,5,4,5,13,1,1,1,4,4,2,13,1,19,2,8,6,1,7,15,1,10,1,11,77,1,21,121.53641,25.06818498
114,03,01,18,07,01大同區,大同區承德路3段與敦煌路口口,0,0,2,1,B03,8,5,5,50,5,1,1,5,4,5,13,2,1,9,2,5,2,16,1,44,3,10,7,1,7,6,1,8,2,2,9,1,21,121.5200714,25.0753371
114,03,01,18,55,08士林區,士林區仰德大道1段110號,0,0,2,1,C03,7,5,5,40,12,9,1,5,4,5,13,4,4,4,5,5,1,21,1,55,2,9,6,1,7,9,1,9,1,11,42,1,21,121.5369614,25.1078886
114,03,01,19,26,04大安區,大安區光復南路72巷73號旁（168停車場出入口）,0,0,1,1,B03,8,5,5,30,14,9,1,5,4,5,13,4,4,10,5,5,2,16,1,28,3,10,3,4,7,8,1,8,1,2,100,1,21,121.5553293,25.0435483
114,03,01,20,45,11南港區,南港區忠孝東路7段與研究院路1段口,0,0,1,1,B03,8,5,5,50,4,2,1,5,4,5,13,2,1,1,4,5,2,16,1,69,3,10,3,4,7,5,1,8,1,2,44,1,21,121.6168666,25.0531253
114,03,01,21,15,05中正區,中正區廈門街與牯嶺街口,0,0,1,1,B03,7,5,5,50,3,1,1,5,4,5,13,1,1,5,5,5,2,17,1,60,3,10,7,1,7,5,1,8,1,17,99,1,22,121.5182927,25.0274859
114,03,01,22,01,03中山區,中山區濱江街與濱江街口基七號疏散門無名巷,0,0,1,1,C03,8,5,5,50,4,1,1,5,4,5,13,2,1,9,4,5,2,16,1,61,3,10,6,4,7,1,1,10,1,14,19,1,22,121.5510557,25.07224123
114,03,01,22,20,07信義區,信義區信義路5段17號,0,0,1,1,F02,7,5,6,0,14,20,4,5,5,5,13,4,4,10,5,5,2,18,2,49,2,9,2,1,7,9,8,20,11,15,116,1,21,121.5674272,25.0330119
114,03,01,22,50,03中山區,中山區民權東路1段與新生北路3段口,0,0,2,1,C03,8,5,5,50,4,1,1,5,4,5,13,2,1,5,4,5,2,13,2,27,2,8,6,4,7,9,1,10,1,14,76,1,21,121.5276071,25.0627091
114,03,01,23,25,05中正區,中正區重慶南路3段與汀州路2段口,0,0,1,1,A02,7,5,5,50,4,1,1,5,4,5,13,2,1,1,4,5,1,11,1,52,3,10,7,1,7,9,1,2,2,17,13,1,21,121.516284,25.0257532
114,03,02,00,13,01大同區,大同區重慶北路2段與民權西路口,0,0,2,1,C04,8,5,6,50,4,1,1,5,4,5,13,2,1,9,4,5,2,16,1,20,2,9,5,1,7,5,3,18,2,12,98,1,21,121.5135475,25.0630709
114,03,02,01,36,11南港區,南港區忠孝東路6段與昆陽街口,0,0,2,1,F01,7,5,5,50,4,2,1,5,4,5,13,1,1,1,4,4,2,15,1,36,2,9,4,4,7,9,8,20,1,11,81,1,21,121.5939069,25.0504625
114,03,02,07,36,05中正區,中正區市民大道2段與迴轉道（近長安東路1段52巷),0,0,1,1,C03,7,5,5,40,14,9,1,5,4,5,13,4,4,9,4,5,2,17,1,45,4,11,3,4,7,5,7,19,11,15,73,2,22,121.5189062,25.0482997
114,03,02,09,49,10文山區,文山區木柵路4段75號,0,0,1,1,B12,8,6,5,50,14,9,1,5,4,5,13,1,1,5,4,5,2,13,1,32,3,10,7,1,7,9,1,8,1,1,118,1,21,121.5718063,24.9953408
114,03,02,10,53,04大安區,大安區和平東路3段與基隆路2段口,0,0,2,1,B03,8,5,5,50,5,2,1,5,4,5,13,2,1,8,3,5,1,16,1,41,3,10,7,1,7,5,1,8,1,8,80,1,21,121.5528522,25.024516
114,03,02,11,00,08士林區,士林區至善路3段150巷與至善路3段口,0,0,1,1,B03,8,6,5,50,3,2,1,5,4,5,13,3,1,10,5,5,1,11,1,70,3,10,7,1,7,4,1,8,1,2,108,1,21,121.5829405,25.119205
114,03,02,11,53,08士林區,士林區承德路4段與大南路口,0,0,1,1,C03,8,6,5,50,5,2,1,5,4,5,13,2,1,1,4,5,1,9,2,24,3,10,5,1,7,1,1,10,1,12,108,1,21,121.5211815,25.08916003
114,03,02,12,36,01大同區,大同區市民大道1段與無名巷口,0,0,1,1,B01,8,6,5,30,5,1,1,5,4,5,13,4,4,10,5,5,2,16,1,68,3,10,7,1,7,6,1,4,2,4,73,1,21,121.5187886,25.0485162
114,03,02,12,42,10文山區,文山區木柵路2段76號,0,0,1,1,C03,8,6,5,50,14,9,1,5,4,5,13,4,4,5,4,5,2,12,2,53,2,9,6,1,7,9,1,10,2,14,17,1,21,121.5596115,24.9886906
114,03,02,13,23,09北投區,北投區公館路228巷與公館路334巷口,0,0,2,1,C03,8,6,5,30,5,1,1,5,4,5,13,4,4,10,5,5,2,15,2,34,2,9,6,1,7,9,1,10,1,12,72,1,21,121.504666,25.12469606
114,03,02,13,30,03中山區,中山區民權東路3段65號,0,0,1,1,A31,8,7,5,50,14,9,1,5,4,5,13,4,4,1,4,5,2,17,1,25,3,10,3,4,7,9,1,1,11,1,108,2,22,121.5440769,25.0624897
114,03,02,13,44,06松山區,松山區民生東路5段235號,0,0,1,1,B03,7,6,5,50,14,9,1,5,4,5,13,4,4,1,4,5,2,13,1,57,3,10,7,1,7,13,1,8,1,4,40,1,21,121.5675747,25.0592522
114,03,02,14,05,06松山區,松山區松河街192號,0,0,1,1,C02,8,7,5,40,14,9,1,5,4,5,13,4,4,9,4,5,2,12,1,41,3,10,5,1,7,1,6,10,1,11,19,1,25,121.5772457,25.0515042
114,03,02,14,28,10文山區,文山區一壽街與一壽街3巷口,0,0,2,1,F01,8,6,5,30,4,1,1,5,4,5,13,4,4,10,5,5,2,10,1,46,2,8,6,1,7,9,8,20,1,14,86,1,21,121.5565787,24.9799288
114,03,02,14,37,12內湖區,內湖區康寧路3段165巷與康寧路3段口,0,0,1,1,C03,8,5,5,50,4,1,1,5,4,5,13,1,1,1,4,5,2,16,1,21,2,9,6,1,7,5,1,10,1,11,71,1,21,121.61131,25.0704441
114,03,02,14,40,03中山區,中山區林森北路與雙城街19巷口,0,0,1,1,B12,8,7,5,50,4,2,1,5,4,5,13,4,4,9,5,5,2,16,1,30,3,10,7,1,7,5,1,8,1,8,8,1,21,121.5256939,25.06553406
114,03,02,14,40,12內湖區,內湖區文德路208巷與陽光街92巷25弄口,0,0,1,1,F01,7,6,5,50,3,1,1,5,4,5,13,3,1,5,4,5,1,17,1,14,3,10,4,2,7,5,8,20,1,17,8,1,15,121.5835804,25.0760885
114,03,02,14,43,06松山區,松山區光復北路與八德路3段口,0,0,2,1,C03,8,7,5,50,4,4,1,5,4,5,13,2,1,1,4,5,2,13,1,25,2,8,5,1,7,9,1,10,1,11,16,1,21,121.5577762,25.0484659
114,03,02,14,47,11南港區,南港區市民大道7段與玉成街口,0,0,2,1,C03,8,6,5,50,4,1,1,5,4,5,13,2,1,1,4,5,2,16,1,26,2,7,5,1,7,5,1,10,1,14,103,1,22,121.5814233,25.0490584
114,03,02,14,51,12內湖區,內湖區瑞湖街與陽光街口,0,0,1,1,C04,8,6,5,50,4,2,1,5,4,5,13,2,1,5,5,5,2,17,1,34,2,7,6,1,7,6,1,11,1,11,9,1,21,121.5760986,25.07247254
114,03,02,15,10,07信義區,信義區松高路19號,0,0,3,1,B03,8,7,5,50,14,9,1,5,4,5,13,2,1,9,4,5,2,3,1,55,3,10,2,4,7,9,1,8,2,1,81,1,21,121.567069,25.039168
114,03,02,15,35,10文山區,文山區木新路3段172巷2弄與木新路3段172巷口,0,0,2,1,C03,7,5,5,30,4,1,1,5,4,5,13,4,4,10,5,5,2,15,1,18,2,8,5,4,7,9,1,10,1,11,72,1,22,121.5605639,24.9822294
114,03,02,15,43,01大同區,大同區保安街與甘州街口,0,0,1,1,B03,7,6,5,50,4,1,1,5,4,5,13,2,1,4,4,5,2,1,1,36,3,10,3,4,7,5,1,8,1,8,70,1,21,121.5128864,25.0591516
114,03,02,15,46,08士林區,士林區通河西街1段百齡左岸060桿,0,0,2,1,C03,7,5,8,40,22,22,1,5,4,5,13,4,4,9,5,5,1,17,1,27,2,9,5,1,7,11,1,10,1,14,10,1,21,121.5133827,25.0828733
114,03,02,16,02,05中正區,中正區中華路1段與漢口街1段口,0,0,2,1,B03,8,6,5,50,4,1,1,5,4,5,13,2,1,1,4,5,2,17,1,70,3,10,7,1,7,5,1,8,2,5,85,1,21,121.5093452,25.045153
114,03,02,16,06,07信義區,信義區信義路6段22號,0,0,2,1,C03,7,7,5,50,14,9,1,5,4,5,13,4,4,9,4,5,2,18,2,37,2,9,5,1,7,9,1,10,1,12,116,1,21,121.5752297,25.0339878
114,03,02,16,15,08士林區,士林區承德路5段與中正路口,0,0,1,1,B01,8,6,5,50,4,1,1,5,4,5,13,2,1,3,4,4,2,15,1,45,3,10,3,4,7,9,1,4,1,6,79,1,21,121.5165237,25.090911
114,03,02,16,16,04大安區,大安區通化街19巷與文昌街250巷口,0,0,1,1,C03,8,6,5,30,4,1,1,5,4,5,13,4,4,10,5,5,2,17,1,37,2,8,5,1,7,9,1,10,2,12,72,1,21,121.5556903,25.0316794
114,03,02,16,40,12內湖區,內湖區安康路與五分街口,0,0,2,1,F01,8,6,5,30,4,1,1,5,4,5,13,4,4,10,5,5,2,15,2,42,2,8,4,1,7,9,8,20,1,12,75,1,21,121.6152832,25.0673469
114,03,02,16,40,11南港區,(興華路81號前),0,0,1,1,H01,8,6,5,30,14,9,1,5,4,5,13,2,1,5,2,5,2,6,1,4,2,9,4,5,8,18,8,20,10,16,122,1,21,121.6059521,25.0554228
114,03,02,16,50,01大同區,大同區延平北路3段與民權西路口,0,0,1,1,C03,7,6,5,50,14,11,1,5,4,5,13,2,1,1,4,5,2,13,2,22,2,9,3,4,7,9,1,10,1,11,16,1,21,121.5107335,25.06309687