發生年度,發生月,發生日,發生時-Hours,發生分,區序,肇事地點,死亡人數,2-30日死亡人數,受傷人數,當事人序號,車種,天候,光線,道路類別,速限-速度限制,道路型態,事故位置,路面狀況1,路面狀況2,路面狀況3,道路障礙1,道路障礙2,號誌1,號誌2,車道劃分-分向,車道劃分-分道1,車道劃分-分道2,車道劃分-分道3,事故類型及型態,性別,年齡,受傷程度,主要傷處,保護裝置,行動電話,車輛用途,當事者行動狀態,駕駛資格情形,駕駛執照種類,飲酒情形,車輛撞擊部位1,肇因碼-個別,個人肇逃否,職業,座標-X,座標-Y
114,03,02,16,52,03中山區,中山區北安路與大直橋口下橋處,0,0,1,1,C03,8,5,5,50,4,1,1,5,4,5,13,2,1,1,4,5,2,16,1,43,2,8,6,4,7,5,1,10,1,14,96,1,22,121.5444611,25.07929708
114,03,02,16,54,03中山區,中山區長春路與龍江路口,0,0,1,1,C03,8,6,5,50,4,1,1,5,4,5,13,1,1,5,4,5,2,16,2,53,2,9,6,1,7,5,1,10,1,12,8,1,22,121.5405446,25.0546464
114,03,02,16,55,10文山區,文山區木柵路4段與木柵路4段9巷口,0,0,1,1,C03,8,5,5,50,3,1,1,5,4,5,13,2,1,5,4,5,2,17,1,34,4,11,6,1,7,11,1,10,9,15,92,2,21,121.5713173,24.9923631
114,03,02,17,48,02萬華區,萬華區環河南路2段與環河南路2段130巷口,0,0,2,1,C03,7,5,5,50,3,1,1,5,4,5,13,4,4,3,4,5,2,1,1,19,2,9,5,1,7,15,1,10,1,11,108,1,21,121.4949672,25.036212
114,03,02,17,50,10文山區,文山區興隆路4段與興隆路4段109巷口口,0,0,1,1,C03,8,5,5,50,4,1,1,5,4,5,13,1,1,5,5,5,2,13,1,39,2,9,5,1,7,5,1,10,1,13,8,1,21,121.5609157,24.9866286
114,03,02,18,27,02萬華區,萬華區桂林路與西園路1段口,0,0,1,1,B03,8,5,5,50,4,1,1,5,4,5,13,1,1,9,4,5,2,17,2,39,3,10,7,4,7,5,1,8,1,8,71,1,21,121.4997579,25.0384933
114,03,02,18,54,12內湖區,內湖區潭美街西向東，成美橋下,0,0,3,1,C03,8,5,5,50,14,9,1,5,4,5,13,2,1,5,5,5,2,17,2,58,2,8,5,1,7,11,1,10,1,14,80,1,21,121.5827499,25.05497172
114,03,02,19,00,03中山區,中山區錦州街與吉林路口,0,0,1,1,B01,7,5,5,50,4,1,1,5,4,5,13,1,1,4,3,5,1,17,1,42,3,10,7,1,7,5,1,4,1,1,74,1,21,121.5225179,25.05208023
114,03,02,19,00,08士林區,士林區承德路5段24號,0,0,2,1,C03,7,5,5,40,14,9,1,5,4,5,13,1,1,10,5,5,1,13,2,32,2,8,6,1,7,9,1,10,1,11,108,1,22,121.5154596,25.0919298
114,03,02,19,19,01大同區,大同區延平北路2段272巷與安西街口,0,0,1,1,B03,7,5,5,30,4,1,1,5,4,5,13,4,4,10,5,5,2,15,2,50,3,10,7,1,7,9,1,8,2,2,72,1,21,121.5097686,25.0620819
114,03,02,19,55,08士林區,士林區仰德大道1段101號,0,0,2,1,C03,7,5,5,40,14,9,1,5,4,5,13,1,1,5,5,5,1,18,1,24,2,9,6,1,7,9,1,10,2,14,42,1,22,121.5381816,25.1043863
114,03,02,21,37,10文山區,文山區興隆路4段165巷與興隆路4段165巷40弄口口,0,0,2,1,C03,8,5,5,30,4,1,1,5,4,5,13,4,4,10,5,5,2,15,2,66,3,10,6,1,7,9,1,10,1,11,42,1,21,121.5636206,24.9842968
114,03,02,22,25,07信義區,信義區信義路5段150巷14弄與信義路5段150巷口,0,0,2,1,C03,8,5,5,50,3,1,1,5,4,5,13,4,4,9,5,5,2,17,1,27,2,9,3,4,7,5,1,10,1,14,80,1,21,121.5697378,25.0285052
114,03,03,00,15,10文山區,文山區木柵路4段139號,0,0,1,1,C03,8,5,5,50,14,9,2,5,4,5,13,4,4,5,4,5,2,27,1,23,2,9,5,4,7,9,1,10,1,11,44,1,21,121.5742435,24.9978994
114,03,03,03,14,02萬華區,萬華區萬大路與西藏路口,0,0,1,1,B02,8,5,5,30,4,1,1,5,4,5,13,2,1,1,4,5,2,12,2,33,3,10,7,3,7,9,1,4,1,1,108,1,21,121.500574,25.0291607
114,03,03,07,33,09北投區,北投區崇仁路1段與三合街2段口,0,0,1,1,C03,7,6,5,50,4,1,1,5,4,5,13,2,1,5,4,5,2,13,1,36,2,9,5,1,7,9,3,18,1,11,16,1,21,121.5016173,25.12642325
114,03,03,07,34,02萬華區,萬華區中興橋機車道往北市下橋,0,0,2,1,C03,7,7,7,30,14,11,1,5,4,5,13,4,4,10,5,5,2,13,1,21,2,7,5,1,7,9,1,10,1,11,44,1,21,121.5003643,25.0428486
114,03,03,07,42,01大同區,大同區承德路3段與民權西路口,0,0,1,1,C03,8,6,5,50,5,1,1,5,4,5,13,2,1,1,2,5,2,13,2,51,2,9,6,1,7,9,1,10,1,11,16,1,21,121.518191,25.0630652
114,03,03,07,53,02萬華區,萬華區環河南路2段與艋舺大道口,0,0,1,1,B03,7,5,5,50,3,1,1,5,4,5,13,4,4,1,4,5,2,17,2,36,3,10,7,4,7,6,1,8,1,8,9,1,21,121.4892685,25.0279165
114,03,03,08,10,09北投區,北投區西安街1段與西安街1段313巷口,0,0,3,1,C03,8,7,5,50,3,2,1,5,4,5,13,4,4,10,4,5,2,17,1,50,3,10,6,1,7,9,1,10,1,13,44,1,22,121.5161817,25.1132059
114,03,03,08,15,08士林區,士林區中山北路5段與中山北路5段470巷口,0,0,1,1,C03,7,6,5,50,3,1,1,5,4,5,13,4,4,4,3,1,1,12,1,29,3,10,6,1,7,8,1,10,1,17,100,1,22,121.5278676,25.0921735
114,03,03,08,23,10文山區,文山區羅斯福路6段24號,0,0,1,1,C03,8,6,5,50,14,9,1,5,4,5,13,4,4,1,4,5,2,13,1,18,3,10,6,1,7,9,1,10,1,11,16,1,21,121.5396837,25.0000228
114,03,03,08,26,05中正區,中正區重慶南路3段與和平西路1段口,0,0,2,1,C03,8,6,5,50,5,2,1,5,4,5,13,1,1,1,4,5,2,13,1,25,2,9,5,1,7,9,1,10,1,11,16,1,21,121.5157553,25.0277035
114,03,03,08,32,03中山區,中山區北安路與明水路口,0,0,1,1,C03,7,6,5,50,14,9,1,5,4,5,13,4,4,8,3,5,1,17,2,34,2,9,5,1,7,9,1,10,1,11,16,1,21,121.5529917,25.0855652
114,03,03,08,33,04大安區,大安區信義路3段134巷與建國南路2段11巷口口,0,0,1,1,C03,7,6,5,30,3,1,1,5,4,5,13,4,4,10,5,5,2,17,1,39,3,10,5,1,7,5,1,10,1,14,74,1,22,121.5394425,25.0328102
114,03,03,08,40,06松山區,松山區復興北路與復興北路17巷口,0,0,1,1,C04,7,6,8,50,3,1,1,5,4,5,13,4,4,1,3,5,2,16,2,44,3,10,6,1,7,6,1,10,11,13,9,1,21,121.5440638,25.0492795
114,03,03,08,40,07信義區,信義區基隆路2段81號,0,0,1,1,C03,8,6,5,50,14,8,1,5,4,5,13,4,4,3,4,5,2,13,2,42,2,9,6,1,7,9,1,10,1,11,16,1,22,121.5579444,25.0301362
114,03,03,08,47,01大同區,大同區延平北路2段與民權西路口,0,0,1,1,C03,8,6,5,40,5,1,1,5,4,5,13,2,1,1,4,5,2,13,2,34,2,8,6,1,7,9,1,10,1,11,108,1,21,121.5109694,25.0628352
114,03,03,09,05,03中山區,中山區長春路372號,0,0,1,1,B03,7,7,5,40,14,9,1,5,4,5,13,4,4,9,4,5,2,16,1,68,3,10,7,1,7,11,1,8,2,7,10,1,21,121.5428598,25.0545983
114,03,03,09,05,03中山區,中山區松江路469巷與松江路口口,0,0,1,1,C03,7,7,5,50,4,1,1,5,4,5,13,1,1,1,4,5,2,17,2,40,3,10,3,4,7,9,1,10,1,14,44,1,21,121.5334233,25.0667287
114,03,03,09,07,06松山區,松山區松河街與松河街口堤內便道,0,0,1,1,B03,7,6,8,50,3,1,1,5,4,5,13,4,4,8,5,5,2,17,2,38,3,10,3,4,7,5,1,8,1,17,118,1,21,121.5710109,25.05142619
114,03,03,09,19,11南港區,南港區富康街40號,0,0,2,1,B03,8,6,5,30,14,9,1,5,4,5,13,4,4,10,4,5,1,16,1,70,3,10,7,1,7,11,1,8,2,4,10,1,21,121.6172028,25.0534815
114,03,03,09,24,02萬華區,萬華區寶興街與寶興街222巷口,0,0,1,1,A11,7,7,5,50,4,1,1,5,4,5,13,1,1,9,5,5,2,12,1,45,3,10,7,1,7,11,1,3,1,4,10,1,22,121.495813,25.0223884
114,03,03,09,35,04大安區,大安區基隆路2段188號,0,0,1,1,B03,7,6,5,50,14,9,1,5,4,5,13,4,4,1,4,5,2,17,2,26,3,10,7,1,7,6,1,8,1,2,9,1,21,121.5529367,25.0249263
114,03,03,09,42,12內湖區,內湖區瑞湖街與舊宗路2段181巷口口,0,0,1,1,B03,8,5,5,50,3,2,1,5,4,5,13,4,4,9,4,5,2,16,1,29,3,10,7,1,7,6,1,8,1,2,9,1,21,121.576206,25.0720341
114,03,03,09,50,06松山區,松山區北寧路56巷與北寧路口,0,0,1,1,B03,8,6,5,50,3,2,1,5,4,5,13,2,1,8,3,5,1,1,1,36,3,10,3,1,7,5,1,14,2,4,70,1,21,121.5526061,25.0497907
114,03,03,10,04,05中正區,中正區中華路1段與中華路1段91巷口,0,0,3,1,C03,7,5,5,50,3,2,1,5,4,5,13,4,4,9,5,5,2,17,2,19,2,8,5,1,7,6,1,10,2,12,9,1,21,121.5073169,25.0379848
114,03,03,10,30,09北投區,北投區公館路與公館路85巷口,0,0,2,1,C03,8,7,5,50,4,1,1,5,4,5,13,2,1,5,5,5,1,15,1,86,2,9,6,1,7,9,1,10,1,12,81,1,22,121.5046413,25.1311576
114,03,03,11,11,02萬華區,萬華區西園路2段與西園路2段254巷口,0,0,1,1,C03,7,6,5,50,3,1,1,5,4,5,13,4,4,8,3,5,2,13,2,40,2,9,5,4,7,9,1,10,1,11,108,1,22,121.4948307,25.0279588
114,03,03,11,20,02萬華區,萬華區東園街66巷24弄與東園街66巷口,0,0,2,1,C03,7,7,5,30,4,1,1,5,4,5,13,4,4,10,5,5,2,15,1,83,2,6,5,1,7,9,1,10,1,11,72,1,21,121.4953097,25.0250874
114,03,03,11,30,09北投區,北投區奇岩路73號,0,0,1,1,B03,8,6,5,30,11,9,1,5,4,5,13,4,4,10,5,5,2,10,1,32,3,10,7,1,7,9,1,8,1,1,17,1,21,121.506801,25.132306
114,03,03,11,49,05中正區,中正區重慶南路1段27號,0,0,1,1,B03,8,6,5,50,14,9,1,5,4,5,13,4,4,10,4,5,2,17,1,40,3,10,7,1,7,1,1,8,11,17,19,1,21,121.5132964,25.0455612
114,03,03,11,50,10文山區,文山區木柵路3段與木柵路3段48巷口,0,0,2,1,C03,7,6,5,50,4,1,1,5,4,5,13,1,1,5,5,5,2,16,2,62,2,9,5,1,7,5,1,10,2,14,44,1,21,121.5653388,24.9883905
114,03,03,12,44,04大安區,大安區青田街7巷與和平東路1段183巷口,0,0,1,1,C03,7,6,5,30,4,1,1,5,3,5,13,4,4,10,5,5,2,17,2,45,2,9,5,1,7,6,1,10,1,11,42,1,21,121.5330705,25.028099
114,03,03,12,55,01大同區,大同區承德路2段與民權西路口,0,0,2,1,C03,7,6,5,50,4,1,1,5,4,5,13,2,1,1,4,5,2,12,1,29,2,9,3,4,7,9,1,10,1,11,16,1,21,121.5180039,25.062838
114,03,03,12,59,01大同區,大同區台北橋機慢車道往西下橋處,0,0,1,1,C03,8,6,5,40,8,11,1,5,4,5,13,4,4,1,4,5,2,17,1,20,2,7,6,1,7,9,1,10,2,14,20,1,21,121.5107408,25.0629157
114,03,03,13,12,02萬華區,萬華區寶興街140巷與寶興街140巷17弄口,0,0,1,1,C03,7,6,5,30,4,1,1,5,4,5,13,4,4,10,5,5,1,15,1,67,2,5,3,4,7,9,1,10,1,11,75,1,22,121.4942666,25.0243481
114,03,03,13,27,10文山區,文山區羅斯福路6段與溪口街口,0,0,1,1,C03,8,6,5,30,4,1,1,5,4,5,13,2,1,10,5,5,2,15,2,77,2,9,6,1,7,9,1,10,1,14,81,1,21,121.5410483,24.9942156
114,03,03,13,30,05中正區,中正區北平東路20號與北平東路無名巷口,0,0,1,1,B01,7,6,5,40,3,1,1,5,4,5,13,4,4,10,5,4,2,16,1,62,3,10,7,4,7,11,1,1,1,8,10,1,21,121.5249833,25.04635611
114,03,03,14,13,10文山區,文山區興隆路4段179巷與木新路3段74巷口,0,0,3,1,C03,7,5,5,30,4,1,1,5,4,5,13,4,4,10,5,5,2,15,1,20,2,9,6,1,7,9,1,10,2,11,75,1,22,121.5630163,24.9837613
114,03,03,14,44,07信義區,信義區松仁路240巷與松仁路口,0,0,1,1,B02,7,6,5,30,4,2,1,5,4,5,13,1,1,10,5,5,2,9,1,26,3,10,3,4,7,5,1,8,2,8,70,1,21,121.5694027,25.0248614
114,03,03,14,48,08士林區,士林區後港街與後港街28巷口,0,0,3,1,C02,8,5,5,30,4,1,1,5,4,5,13,4,4,10,5,5,2,17,1,35,2,8,3,4,7,9,1,9,1,14,4,1,22,121.5229665,25.0832112
114,03,03,14,51,02萬華區,萬華區長沙街2段與昆明街口,0,0,4,1,B13,7,7,5,50,4,2,1,5,4,5,13,2,1,9,4,5,2,13,1,40,3,10,3,4,7,9,1,8,1,1,108,1,22,121.5041256,25.0403717
114,03,03,15,09,04大安區,大安區辛亥路3段21巷與辛亥路3段口,0,0,1,1,B03,8,6,5,50,3,1,1,5,4,5,13,4,4,10,4,5,2,17,2,46,3,10,7,1,7,8,1,8,1,1,100,1,21,121.5442834,25.0213739
114,03,03,15,32,05中正區,中正區貴陽街1段與中華路1段口,0,0,1,1,B01,8,5,5,50,4,1,1,5,4,5,13,1,1,1,4,1,1,17,1,47,3,10,7,1,7,6,1,4,1,2,9,1,21,121.5076384,25.0391308
114,03,03,16,10,01大同區,大同區大稻埕堤外便道,0,0,2,1,C03,8,6,5,30,14,9,1,5,4,5,13,4,4,10,5,5,1,17,2,26,2,9,6,1,7,15,1,10,1,11,80,1,21,121.5079988,25.0565851
114,03,03,16,20,10文山區,文山區木柵路1段與景美溪橋口,0,0,1,1,C03,7,6,5,50,3,2,1,5,4,5,13,2,1,5,5,5,2,17,1,68,3,10,6,1,7,5,1,10,1,14,8,1,21,121.5452907,24.9868662
114,03,03,16,21,08士林區,士林區承德路4段與中正路口,0,0,1,1,C03,7,6,5,30,4,2,1,5,4,5,13,2,1,1,4,5,1,17,1,67,2,9,6,1,7,7,1,10,2,14,100,1,21,121.5170262,25.09127786
114,03,03,17,04,01大同區,大同區承德路2段與南京西路口,0,0,1,1,C03,7,6,5,50,4,4,1,5,4,5,13,4,4,8,3,5,1,13,1,67,2,8,6,1,7,14,1,10,2,11,108,1,21,121.5176803,25.053533
114,03,03,17,05,11南港區,南港區南港路1段與經貿二路口側附近口,0,0,2,1,C03,7,6,5,50,4,1,1,5,4,5,13,2,1,3,4,5,1,16,1,18,2,9,6,1,7,7,1,10,1,12,100,1,21,121.6167418,25.0551562
114,03,03,17,15,06松山區,松山區民生東路4段與民生東路4段80巷口,0,0,1,1,F01,8,7,5,50,3,1,1,5,4,5,13,2,1,1,4,5,2,16,1,13,2,7,4,1,7,5,8,20,1,13,71,1,15,121.5529354,25.0580332
114,03,03,17,16,03中山區,中山區北安路111號,0,0,1,1,B03,6,6,5,50,14,9,1,4,4,5,13,4,4,9,4,5,1,17,1,50,3,10,7,1,7,9,1,8,2,2,108,1,21,121.5316187,25.07819136
114,03,03,17,38,12內湖區,內湖區五分街與東湖路160巷10弄口,0,0,1,1,B03,8,6,5,30,4,1,1,5,4,5,13,4,4,10,3,5,1,16,2,29,3,10,7,1,7,5,1,8,1,8,8,1,21,121.6163732,25.0671782
114,03,03,17,40,06松山區,松山區八德路3段233號,0,0,1,1,B03,8,6,8,50,22,22,1,5,4,5,13,4,4,9,4,5,2,17,1,28,3,10,7,1,7,11,1,8,1,2,80,1,22,121.5567052,25.04808428
114,03,03,18,00,08士林區,士林區社中街279號與無名巷口旁,0,0,1,1,C03,7,6,5,30,4,2,1,5,4,5,13,4,4,10,5,5,2,17,1,39,3,10,5,1,7,6,1,10,2,11,44,1,21,121.5062805,25.0917674
114,03,03,18,15,05中正區,中正區重慶南路3段7號,0,0,1,1,B03,8,5,5,50,14,9,1,5,4,5,13,4,4,1,4,5,2,17,1,23,3,10,7,1,7,7,1,8,3,8,100,1,21,121.5155434,25.0291307
114,03,03,18,20,03中山區,中山區民權東路2段166號,0,0,21,1,A05,8,5,5,50,14,9,1,5,4,5,13,4,4,1,4,5,2,37,1,44,3,10,7,1,7,9,1,2,2,9,108,1,21,121.535371,25.062304
114,03,03,18,21,02萬華區,萬華區萬大路418號,0,0,1,1,B01,8,5,5,30,14,7,1,5,4,5,13,4,4,10,3,5,2,12,1,47,3,10,7,1,7,1,1,4,1,15,19,1,22,121.4982055,25.0212346
114,03,03,18,35,05中正區,中正區青島西路10號對面,0,0,2,1,C03,7,5,5,50,14,9,1,5,4,5,13,2,1,9,4,5,2,13,1,69,2,9,5,1,7,9,1,10,2,11,76,1,21,121.5181711,25.0448237
114,03,03,18,37,08士林區,士林區忠義街與雨聲街口,0,0,1,1,C03,8,5,5,40,3,3,1,5,4,5,13,2,1,5,5,5,2,16,1,61,2,9,5,1,7,5,1,10,1,14,8,1,21,121.5193108,25.09617998
114,03,03,18,40,12內湖區,內湖區潭美街與安康路228巷口,0,0,1,1,A02,7,5,5,40,3,1,1,5,4,5,13,1,1,5,5,5,1,16,1,63,3,10,7,1,7,5,1,1,2,8,74,1,21,121.6034747,25.0611842
114,03,03,18,44,08士林區,士林區中山北路6段270號對面,0,0,1,1,C03,8,5,5,50,14,9,1,5,4,5,13,4,4,1,4,5,2,13,1,18,2,7,6,1,7,9,3,18,1,11,108,1,21,121.525383,25.1099754
114,03,03,18,50,03中山區,中山區市民大道3段與建國南路1段口,0,0,2,1,B02,8,5,5,40,14,9,1,5,4,5,13,2,1,1,3,5,2,12,1,32,2,5,7,4,7,8,1,8,2,5,100,1,21,121.5368,25.0448122
114,03,03,19,01,02萬華區,萬華區長泰街與長泰街139巷口,0,0,1,1,H01,7,5,5,30,4,1,1,5,4,5,13,4,4,5,5,5,2,3,1,11,3,10,4,5,8,18,8,20,10,16,53,1,21,121.4974272,25.0221636
114,03,03,19,20,02萬華區,萬華區西藏路與雙園街60巷口,0,0,1,1,B03,7,6,5,50,5,2,1,5,4,5,13,2,1,10,4,5,1,17,1,61,3,10,3,4,7,1,1,8,1,8,108,1,22,121.4923374,25.028606
114,03,03,19,21,03中山區,中山區敬業二路與樂群二路口,0,0,1,1,B03,7,5,5,50,4,18,1,5,4,5,13,2,1,1,4,5,2,3,1,48,3,10,7,1,7,5,1,8,2,8,70,1,21,121.5544785,25.0799523
114,03,03,19,53,04大安區,大安區安和路1段與安和路1段49巷口,0,0,1,1,C04,7,5,5,50,3,1,1,5,4,5,13,4,4,1,4,5,2,13,2,24,2,9,5,1,7,9,1,10,1,11,16,1,21,121.5510101,25.0384441
114,03,03,20,39,03中山區,中山區建國北路3段113巷與民族東路410巷2弄口,0,0,1,1,B03,8,5,5,50,4,18,1,5,4,5,13,3,1,4,1,5,2,3,1,29,3,10,7,4,7,9,1,8,2,7,70,1,21,121.5362302,25.0669088
114,03,03,20,56,03中山區,中山區林森北路與長春路口,0,0,1,1,B03,6,5,5,50,4,1,1,4,4,5,13,2,1,4,3,4,2,16,2,27,3,10,7,4,7,6,1,8,1,5,9,1,21,121.5254842,25.0549791
114,03,03,21,13,02萬華區,萬華區華中橋往新北市機車專用道7010481燈桿,0,0,4,1,C03,8,5,5,40,8,11,1,5,4,5,13,4,4,1,4,5,2,12,1,35,2,9,6,1,7,9,1,10,1,13,44,1,21,121.4952563,25.00961633
114,03,03,21,41,12內湖區,內湖區民權東路6段180巷與民權東路6段口,0,0,1,1,B03,7,6,5,50,4,2,1,5,4,5,13,2,1,1,4,5,2,12,2,61,4,11,3,4,7,8,1,8,11,17,100,2,21,121.5925516,25.0688402
114,03,03,22,03,11南港區,南港區東新街58號,0,0,1,1,B03,7,5,5,50,14,9,1,5,4,5,13,4,4,8,3,5,2,16,1,32,3,10,3,4,7,11,1,8,2,4,10,1,21,121.585517,25.0476317
114,03,03,22,19,02萬華區,萬華區華中橋機車道(近燈桿7010480),0,0,3,1,C03,7,5,5,40,8,11,1,5,4,5,13,4,4,1,4,3,2,13,1,23,2,9,3,4,7,9,1,10,1,11,108,1,22,121.4953982,25.0130421
114,03,04,00,05,04大安區,大安區芳蘭路51號,0,0,1,1,C03,6,5,5,50,14,9,1,4,4,5,13,4,4,8,3,5,2,17,1,25,2,9,3,4,7,9,1,10,1,11,44,1,21,121.5466418,25.0137835
114,03,04,02,13,05中正區,中正區重慶南路2段與寧波西街口,0,0,1,1,C03,6,5,6,50,4,1,1,4,4,5,13,2,1,1,4,5,2,12,1,28,2,8,5,1,7,8,6,18,1,12,80,1,21,121.5151625,25.0298465
114,03,04,06,14,07信義區,信義區忠孝東路4段與逸仙路口,0,0,1,1,B03,6,5,5,50,14,9,1,4,4,5,13,1,1,5,5,5,2,13,1,40,4,11,3,4,7,8,1,8,11,15,99,2,21,121.5613934,25.0412299
114,03,04,07,19,08士林區,士林區士東路與士東路286巷口,0,0,1,1,B03,7,6,5,30,14,9,1,5,4,5,13,4,4,5,5,5,2,17,1,46,3,10,7,1,7,1,1,8,2,8,19,1,21,121.5373522,25.1132042
114,03,04,07,20,12內湖區,內湖區五分街72巷與五分街口,0,0,2,1,C03,8,6,5,30,4,1,1,4,4,5,13,4,4,10,5,5,2,16,2,32,2,9,6,1,7,5,1,10,2,11,74,1,21,121.6168195,25.0670599
114,03,04,07,27,03中山區,中山區林森北路與錦州街口,0,0,1,1,B01,6,7,5,50,4,1,1,4,4,5,13,2,1,9,2,5,2,16,1,60,3,10,3,4,7,5,6,4,2,1,8,1,21,121.5256105,25.06007251
114,03,04,07,40,11南港區,南港區南港路2段與興南街口,0,0,2,1,C03,6,7,5,40,3,1,1,4,4,5,13,1,1,4,3,4,2,17,1,61,2,9,5,1,7,5,1,10,2,12,8,1,21,121.5975848,25.0540672
114,03,04,07,42,12內湖區,內湖區成功路4段與金龍路口口,0,0,1,1,B03,7,5,5,50,4,1,1,4,4,5,13,2,1,9,4,5,2,16,1,44,3,10,7,1,7,5,1,8,1,4,44,1,22,121.5949238,25.0843535
114,03,04,07,56,02萬華區,萬華區華中橋燈桿7010520,0,0,3,1,C03,7,7,7,30,8,11,1,4,4,5,13,4,4,2,4,3,2,17,2,38,2,9,5,1,7,9,1,10,1,11,108,1,22,121.4958817,25.0154569
114,03,04,08,05,04大安區,大安區青田街與青田街12巷口口,0,0,1,1,C03,7,6,5,30,4,1,1,4,4,5,13,4,4,9,5,5,2,15,1,49,3,10,5,1,7,9,1,10,2,14,72,1,22,121.5319725,25.0269845
114,03,04,08,10,03中山區,中山區長安東路1段16號,0,0,2,1,C03,7,7,5,50,14,9,1,4,4,5,13,4,4,9,4,5,2,17,1,31,2,8,5,1,7,9,1,10,1,14,44,1,21,121.5231205,25.0494348
114,03,04,08,19,08士林區,士林區文林路與大南路口,0,0,1,1,C03,6,6,5,30,4,1,1,4,4,5,13,4,4,10,5,5,2,17,1,37,3,10,6,1,7,5,1,10,1,17,72,1,26,121.5266209,25.0888807
114,03,04,08,22,01大同區,大同區萬全街與民生西路171巷口,0,0,1,1,C03,6,7,5,30,4,1,1,4,4,5,13,4,4,10,4,5,2,15,2,34,2,9,3,4,7,9,1,10,1,14,72,1,21,121.5167063,25.0579789
114,03,04,08,25,07信義區,信義區光復南路與光復南路290巷口,0,0,1,1,B01,6,5,5,50,4,1,1,4,4,5,13,2,1,1,4,5,2,17,1,56,3,10,3,4,7,8,1,4,1,7,100,1,21,121.5576441,25.0393082
114,03,04,08,30,05中正區,中正區師大路與汀州路3段口,0,0,1,1,B03,6,6,5,50,4,1,1,4,4,5,13,1,1,1,4,5,2,13,2,43,2,8,7,1,7,9,1,8,1,5,108,1,21,121.5258931,25.0201774
114,03,04,08,31,03中山區,中山區松江路75號,0,0,2,1,C03,7,6,5,50,14,9,1,4,4,5,13,4,4,1,5,5,1,17,1,46,2,7,3,4,7,9,1,10,1,14,42,1,21,121.5330648,25.0491994
114,03,04,08,34,04大安區,大安區愛國東路與金山南路2段口,0,0,1,1,C03,6,6,5,50,4,1,1,4,4,5,13,2,1,2,1,4,2,12,1,52,3,10,5,1,7,6,1,10,1,14,99,1,22,121.5268013,25.0316034
114,03,04,08,35,07信義區,信義區松山路與松隆路口,0,0,1,1,F01,7,7,5,30,4,1,1,5,4,5,13,2,1,1,4,5,2,15,2,24,2,9,4,1,7,9,8,20,9,12,44,1,21,121.5776502,25.0481639
114,03,04,08,40,03中山區,中山區中山北路1段與市民大道2段口,0,0,1,1,C03,7,7,5,50,4,1,1,4,4,5,13,2,1,5,4,5,2,13,1,19,2,8,6,4,7,9,1,10,1,12,108,1,21,121.5183568,25.04847309
114,03,04,08,45,10文山區,文山區興隆路4段與下崙路口,0,0,1,1,B03,7,5,5,30,4,1,1,5,4,5,13,2,1,10,5,5,2,16,1,69,3,10,7,1,7,6,1,8,1,2,42,1,22,121.5608587,24.9866131
114,03,04,09,00,12內湖區,內湖區東湖路160巷與汐湖二橋口,0,0,2,1,C03,7,6,5,50,3,2,1,4,4,5,13,4,4,5,5,5,2,13,2,47,2,5,6,1,7,7,1,10,1,13,100,1,21,121.6164191,25.0665166
114,03,04,09,06,03中山區,中山區中山北路2段18號,0,0,1,1,C03,7,6,5,50,14,8,1,4,4,5,13,4,4,1,3,1,1,12,1,29,2,8,3,4,7,7,1,10,1,12,108,1,21,121.52251,25.05346384
114,03,04,09,20,04大安區,大安區永康街13巷與信義路2段198巷口,0,0,1,1,B01,8,6,5,30,4,1,1,5,4,5,13,4,4,10,5,5,2,17,1,59,3,10,7,1,7,9,1,4,1,5,72,1,21,121.5305485,25.0327642
114,03,04,09,24,10文山區,文山區興隆路3段與興德路口,0,0,2,1,C03,7,6,5,50,3,1,1,5,4,5,13,2,1,1,4,5,2,16,1,66,2,9,6,1,7,5,1,10,2,12,71,1,21,121.5551964,25.0006892
114,03,04,09,29,10文山區,文山區興隆路3段與興隆路3段115巷口,0,0,1,1,B03,7,6,5,50,3,1,1,5,4,5,12,2,1,1,4,5,2,16,2,32,3,10,7,1,7,5,1,8,2,5,71,1,21,121.5580153,24.9990255
114,03,04,09,40,01大同區,大同區承德路1段與市民大道1段口,0,0,1,1,C03,7,6,5,40,4,1,1,4,4,5,13,2,1,1,4,5,2,13,2,45,2,9,3,4,7,9,1,10,1,11,16,1,21,121.5167558,25.0488114
114,03,04,10,02,08士林區,士林區承德路4段與承德路4段77巷口,0,0,1,1,A12,6,6,5,50,5,1,1,4,4,5,13,2,1,1,4,4,2,16,1,46,3,10,7,1,7,5,1,7,1,2,71,1,26,121.5232077,25.0821532
114,03,04,10,05,05中正區,中正區中華路1段與中華路1段9巷口,0,0,1,1,B03,6,6,5,50,14,9,1,4,4,5,13,4,4,1,4,5,2,16,1,58,3,10,7,1,7,7,1,8,2,4,100,1,21,121.5097785,25.0466943
114,03,04,10,20,03中山區,中山區中山橋往北,0,0,1,1,C03,6,6,5,40,8,9,1,4,4,5,13,1,1,1,5,5,1,13,1,29,2,9,3,4,7,9,1,10,1,11,108,1,21,121.5257503,25.07439978
114,03,04,10,50,07信義區,信義區基隆路1段147巷34號,0,0,1,1,B03,8,7,5,30,14,24,1,4,4,3,13,4,4,10,5,5,1,12,1,62,3,10,3,4,7,13,1,8,1,4,40,1,22,121.5671059,25.0423623