發生年度,發生月,發生日,發生時-Hours,發生分,區序,肇事地點,死亡人數,2-30日死亡人數,受傷人數,當事人序號,車種,天候,光線,道路類別,速限-速度限制,道路型態,事故位置,路面狀況1,路面狀況2,路面狀況3,道路障礙1,道路障礙2,號誌1,號誌2,車道劃分-分向,車道劃分-分道1,車道劃分-分道2,車道劃分-分道3,事故類型及型態,性別,年齡,受傷程度,主要傷處,保護裝置,行動電話,車輛用途,當事者行動狀態,駕駛資格情形,駕駛執照種類,飲酒情形,車輛撞擊部位1,肇因碼-個別,個人肇逃否,職業,座標-X,座標-Y
114,03,04,11,00,12內湖區,內湖區內湖路1段101號,0,0,1,1,B01,6,5,5,50,14,9,1,4,4,5,13,4,4,1,5,5,2,9,2,65,3,10,7,1,7,14,1,8,1,2,40,1,21,121.5615134,25.0844
114,03,04,11,10,05中正區,中正區和平西路1段62號,0,0,1,1,C03,6,7,5,50,14,7,1,4,4,5,13,4,4,1,4,4,2,17,1,32,2,5,5,1,7,7,1,10,1,12,100,1,22,121.5190272,25.0264072
114,03,04,11,14,08士林區,士林區中正路499號,0,0,2,1,B12,6,6,5,50,14,9,1,4,4,5,13,4,4,4,4,5,1,12,1,43,3,10,7,1,7,14,1,8,1,4,40,1,21,121.5180915,25.0918594
114,03,04,11,16,04大安區,大安區辛亥路3段310號,0,0,1,1,B12,6,5,6,50,14,9,1,4,4,5,13,2,1,8,3,5,1,12,1,56,4,11,7,1,7,15,1,8,9,15,108,2,21,121.5524296,25.0145118
114,03,04,11,18,10文山區,文山區木柵路1段與木柵路1段70巷口,0,0,1,1,C03,6,6,8,50,22,22,1,4,4,5,13,1,1,5,4,5,2,13,2,68,2,9,3,4,7,9,1,10,1,11,108,1,22,121.548751,24.98722643
114,03,04,11,23,10文山區,文山區木柵路5段與萬福橋口,0,0,1,1,A02,6,6,5,50,3,1,1,4,4,5,13,1,1,5,4,5,2,16,1,40,3,10,7,1,7,5,1,2,2,2,118,1,21,121.583965,25.0028785
114,03,04,11,27,07信義區,信義區忠孝東路4段550號,0,0,1,1,C03,6,6,5,50,14,9,1,4,4,5,13,4,4,9,3,5,2,18,2,34,2,8,5,1,7,9,1,10,1,11,42,1,21,121.5632185,25.0411105
114,03,04,11,33,03中山區,中山區松江路與長春路口,0,0,2,1,C03,7,6,5,50,4,1,1,5,4,5,13,1,1,1,4,5,2,15,1,37,2,9,6,1,7,9,1,10,1,11,81,1,22,121.5331416,25.0547681
114,03,04,11,55,12內湖區,內湖區成功交流道西南角,0,0,1,1,B03,8,7,5,50,14,9,1,5,4,5,13,4,4,1,4,5,2,12,1,46,3,10,3,4,7,9,1,8,1,4,118,1,21,121.5903535,25.0644054
114,03,04,11,56,09北投區,北投區自強街31巷與自強街61巷口,0,0,2,1,F01,7,5,5,30,4,1,1,4,4,5,13,4,4,10,5,5,2,15,1,33,2,9,4,1,7,9,8,20,1,14,72,1,21,121.5126853,25.11104672
114,03,04,12,10,04大安區,大安區辛亥路1段106號,0,0,1,1,B03,8,5,5,50,14,9,1,4,4,5,13,2,1,1,4,4,2,16,2,25,2,6,7,1,7,7,1,8,1,8,100,1,21,121.5320242,25.0217944
114,03,04,12,35,08士林區,士林區士東路與士東路200巷口口,0,0,1,1,C03,8,6,5,50,3,2,1,5,4,5,13,1,1,1,1,5,1,13,1,18,2,8,6,1,7,9,1,10,1,11,108,1,21,121.5335438,25.11267093
114,03,04,12,41,05中正區,中正區重慶南路3段與重慶南路3段65巷口,0,0,1,1,C03,8,7,5,30,3,2,1,5,4,5,13,4,4,1,4,5,2,17,1,24,2,9,5,1,7,6,1,10,1,14,72,1,22,121.5163143,25.0263175
114,03,04,12,45,12內湖區,內湖區南湖大橋與康寧路3段口,0,0,1,1,C03,7,7,5,50,4,1,1,5,4,5,13,2,1,1,2,5,1,16,2,30,2,9,5,1,7,9,1,10,1,14,99,1,21,121.6110557,25.0648986
114,03,04,12,55,08士林區,士林區福林路與中正路口,0,0,2,1,B03,8,6,5,50,5,2,1,5,4,3,10,2,1,1,4,5,1,17,1,47,3,10,7,1,7,14,1,8,11,17,38,2,21,121.5317305,25.0965595
114,03,04,12,55,10文山區,文山區辛亥路4段與興德路66巷口,0,0,3,1,C04,8,6,5,50,3,1,1,5,4,5,12,2,1,1,4,5,2,16,2,53,2,8,5,1,7,5,1,11,2,12,71,1,21,121.556801,25.0043071
114,03,04,12,58,05中正區,中正區牯嶺街12號,0,0,1,1,C03,8,7,5,50,14,9,1,5,4,5,13,4,4,5,5,5,2,13,2,57,2,8,5,1,7,9,1,10,1,11,76,1,22,121.5155837,25.0311568
114,03,04,13,38,01大同區,大同區大龍街與酒泉街口,0,0,1,1,B03,8,6,5,50,4,2,1,5,4,5,13,2,1,9,4,5,2,9,1,48,3,10,7,4,7,5,1,8,9,1,70,2,21,121.5158601,25.0719126
114,03,04,14,30,06松山區,松山區敦化北路與民生東路4段口,0,0,1,1,A12,7,7,5,50,4,2,1,5,4,5,13,2,1,1,4,4,2,13,1,41,3,10,7,1,7,6,1,7,1,7,9,1,21,121.5492733,25.0576157
114,03,04,15,07,08士林區,士林區中山北路6段與忠誠路1段口,0,0,1,1,B02,7,5,5,50,3,2,1,5,4,5,13,2,1,3,4,5,2,13,1,51,3,10,7,1,7,9,1,8,1,5,44,1,21,121.5252538,25.10408513
114,03,04,15,15,07信義區,信義區仁愛路4段452巷與光復南路419巷口,0,0,1,1,B03,7,7,5,30,4,1,1,5,4,5,13,4,4,8,5,5,2,15,1,56,3,10,3,4,7,9,1,8,1,2,89,1,21,121.5592327,25.0365034
114,03,04,15,50,04大安區,大安區敦化南路2段與四維路170巷口口,0,0,1,1,B01,7,6,5,50,4,1,1,5,4,5,13,2,1,1,4,5,2,3,1,53,3,10,7,1,7,6,1,3,1,5,70,1,21,121.5484103,25.028188
114,03,04,15,58,12內湖區,內湖區南京東路6段與堤頂大道1段口,0,0,1,1,B03,7,7,5,50,5,1,1,5,4,5,13,2,1,8,3,5,2,15,1,36,3,10,7,1,7,9,1,8,2,5,81,1,21,121.576207,25.0547761
114,03,04,16,48,07信義區,信義區崇德街90號,0,0,1,1,B03,7,7,5,50,14,9,1,5,4,5,13,1,1,9,5,5,2,12,1,29,3,10,3,4,7,9,1,8,1,17,17,1,21,121.5551901,25.0242035
114,03,04,16,54,07信義區,信義區莊敬路423巷與莊敬路口口,0,0,1,1,B03,7,6,8,50,22,22,1,5,4,5,13,1,1,9,4,4,2,17,2,43,3,10,7,1,7,6,1,8,1,1,9,1,21,121.5665995,25.0271654
114,03,04,17,01,06松山區,松山區新東街與新東街16巷口,0,0,1,1,C03,7,6,5,50,4,1,1,5,4,5,13,4,4,9,5,5,2,3,1,60,3,10,6,1,7,9,1,10,2,11,108,1,21,121.5660155,25.058065
114,03,04,17,03,10文山區,文山區恆光街與木新路2段211巷6弄口口旁,0,0,1,1,C03,6,5,5,30,4,2,1,4,4,5,13,2,1,5,4,5,2,16,2,58,2,9,5,1,7,5,1,10,1,12,72,1,21,121.5669532,24.9826672
114,03,04,17,12,11南港區,南港區成美橋下橋處,0,0,1,1,B03,6,5,5,50,14,9,1,4,4,5,13,4,4,5,3,5,2,12,1,28,3,10,7,1,7,6,1,8,1,2,9,1,21,121.5827626,25.0519795
114,03,04,17,15,12內湖區,內湖區新明路498巷與潭美街口,0,0,1,1,C03,6,7,5,40,3,18,1,4,4,5,13,4,4,5,5,5,2,3,1,36,3,10,5,1,7,9,1,10,2,11,70,1,21,121.5778563,25.0533344
114,03,04,17,21,04大安區,大安區潮州街141號,0,0,2,1,C03,6,5,5,30,14,18,1,4,4,5,13,4,4,10,5,5,2,9,2,38,2,9,6,1,7,9,1,10,1,11,108,1,21,121.5298164,25.0283565
114,03,04,17,27,01大同區,大同區重慶北路3段與昌吉街口,1,0,0,1,H01,6,5,5,50,4,2,1,4,4,5,13,2,1,1,4,5,2,3,1,86,1,9,4,5,8,16,8,20,10,16,122,1,21,121.5137629,25.0658391
114,03,04,17,33,09北投區,北投區中和街498號,0,0,2,1,C03,6,5,5,50,14,9,1,4,4,5,13,4,4,5,5,5,2,3,2,60,2,9,3,4,7,9,1,10,2,11,106,1,22,121.4943712,25.1453443
114,03,04,17,45,08士林區,士林區社正路與社中街33巷口,0,0,1,1,C03,6,5,5,30,5,1,1,4,4,5,13,4,4,5,5,5,2,17,1,66,2,8,3,4,7,11,1,10,1,12,72,1,22,121.5097244,25.08883992
114,03,04,17,45,07信義區,信義區富陽街11號,0,0,1,1,C03,6,5,5,50,14,9,1,4,4,5,13,4,4,9,5,5,2,2,1,73,3,10,5,1,7,2,1,10,2,12,108,1,21,121.556267,25.0234821
114,03,04,17,48,11南港區,南港區玉成街166巷4號,0,0,1,1,H01,6,5,5,30,14,9,1,4,4,5,13,4,4,5,5,5,2,3,1,37,2,9,4,5,8,18,8,20,10,16,53,1,21,121.5844784,25.0446701
114,03,04,18,10,09北投區,北投區吉利街與尊賢街口,0,0,1,1,C03,6,5,5,50,4,1,1,4,4,5,13,2,1,5,4,5,2,16,1,30,2,9,5,1,7,5,1,10,1,12,74,1,21,121.5123012,25.11007972
114,03,04,18,13,08士林區,士林區至善路1段與福林路254巷口,0,0,1,1,B03,6,5,5,50,3,1,1,4,4,5,13,2,1,3,4,4,1,17,1,50,4,11,7,1,7,11,1,8,11,15,10,1,21,121.5376694,25.0983031
114,03,04,18,13,07信義區,信義區信義路5段150巷2號,0,0,2,1,C03,6,5,5,30,14,9,1,4,4,5,13,4,4,10,5,5,2,2,1,23,2,8,6,4,7,9,1,10,1,11,108,1,21,121.5705789,25.0282716
114,03,04,18,20,04大安區,大安區和平東路1段141巷與青田街12巷口,0,0,1,1,C03,6,5,5,30,3,2,1,4,4,5,13,4,4,9,4,5,2,9,2,46,2,9,3,4,7,9,1,10,1,11,108,1,21,121.5304559,25.027118
114,03,04,18,24,09北投區,北投區石牌路2段台北護理大學爾雅樓停車場出口,0,0,1,1,B03,6,6,5,0,22,20,4,4,4,5,13,4,4,10,5,5,2,17,1,39,3,10,7,1,7,15,1,8,9,17,118,1,21,121.5177689,25.118131
114,03,04,18,30,01大同區,大同區大龍街與承德路3段24巷口,0,0,2,1,C03,6,5,5,30,4,1,1,4,4,5,13,4,4,4,4,5,2,16,1,75,2,8,6,1,7,11,1,10,9,12,10,1,21,121.5160254,25.0642711
114,03,04,18,40,12內湖區,內湖區民權東路6段與民權東路6段21巷口,0,0,2,1,C03,6,5,5,40,3,1,1,4,4,5,13,4,4,1,4,4,2,3,1,45,2,8,6,1,7,6,1,11,2,11,70,1,21,121.5942044,25.07111702
114,03,04,18,55,10文山區,文山區景美舊橋與景美街口,0,0,1,1,C03,6,5,5,50,5,1,1,4,4,5,13,2,1,5,5,5,2,17,1,70,3,10,6,1,7,5,1,10,1,17,83,2,21,121.5408425,24.9882183
114,03,04,19,08,03中山區,中山區松江路82號,0,0,2,1,C03,6,5,5,50,14,9,1,4,4,5,13,2,1,8,3,5,2,17,1,25,2,9,6,4,7,9,1,10,2,11,108,1,21,121.5329358,25.0500216
114,03,04,19,10,07信義區,信義區信義路5段與莊敬路口,0,0,1,1,C03,6,5,5,50,4,2,1,4,4,5,13,1,1,1,3,4,2,18,1,30,2,9,3,4,7,9,1,10,9,14,44,2,22,121.5611441,25.0331008
114,03,04,19,22,12內湖區,內湖區瑞湖街與民權東路6段15巷口,0,0,1,1,B02,6,5,5,50,4,1,1,4,4,5,13,1,1,9,2,5,2,16,1,31,3,10,7,1,7,5,1,8,1,8,103,1,21,121.5764998,25.0690042
114,03,04,19,25,06松山區,松山區三民路與三民路136巷口,0,0,2,1,C03,6,5,5,50,4,18,1,4,4,5,13,4,4,1,4,5,2,3,1,28,2,8,6,4,7,9,1,10,2,11,70,1,21,121.5633298,25.0605821
114,03,04,19,33,05中正區,中正區中山南路2巷,0,0,1,1,C03,6,5,5,30,14,9,2,4,5,5,13,4,4,10,5,5,1,13,1,20,3,10,6,1,7,9,1,10,1,11,16,1,22,121.5186215,25.0451236
114,03,04,19,52,05中正區,中正區羅斯福路3段150號,0,0,1,1,C03,6,5,5,50,14,9,1,4,4,5,13,4,4,1,4,5,2,12,1,46,2,7,5,4,7,8,1,10,1,12,100,1,21,121.528619,25.0201509
114,03,04,20,02,09北投區,北投區大業路與永興路1段口,0,0,1,1,B03,6,5,5,50,3,1,1,4,4,5,13,4,4,5,3,5,2,16,2,49,3,10,7,1,7,6,1,8,1,4,72,1,21,121.4982963,25.1369534
114,03,04,21,05,06松山區,松山區長安東路2段225號,0,0,1,1,B03,6,5,5,50,14,9,1,4,4,5,13,4,4,4,3,5,2,11,2,29,3,10,7,1,7,6,1,8,1,5,9,1,22,121.5450655,25.04826728
114,03,04,21,58,09北投區,北投區北投路2段19號對面,0,0,1,1,C03,6,5,5,50,14,7,1,4,4,5,13,4,4,4,4,4,2,16,1,37,3,10,6,1,7,11,1,10,9,17,10,2,21,121.4986939,25.1312923
114,03,04,22,02,01大同區,大同區塔城街與鄭州路口,0,0,2,1,C03,6,6,5,40,14,9,1,4,4,5,13,2,1,9,4,5,2,12,1,29,2,7,6,4,7,9,1,10,1,11,44,1,21,121.5107727,25.0502109
114,03,04,22,16,04大安區,大安區仁愛路4段與敦化南路1段口口,0,0,1,1,B01,6,5,5,50,4,1,1,4,4,5,13,2,1,1,4,5,2,3,1,48,3,10,3,4,7,9,1,4,2,8,70,1,22,121.5502265,25.037489
114,03,04,23,05,08士林區,士林區仰德大道3段與仰德大道3段250巷口,0,0,2,1,C03,6,5,5,40,3,1,1,4,4,5,13,1,1,4,5,5,1,13,1,24,2,9,6,1,7,9,1,10,1,11,16,1,21,121.5497878,25.1255772
114,03,05,00,41,05中正區,中正區汀州路3段與汀州路3段60巷口口,0,0,1,1,C03,6,5,5,50,4,1,1,4,4,5,13,1,1,5,5,4,2,16,2,31,2,8,5,1,7,4,1,10,1,12,108,1,26,121.5313197,25.0157282
114,03,05,01,10,02萬華區,萬華區康定路與廣州街口,0,0,1,1,B12,6,7,5,50,4,1,1,4,4,5,13,2,3,9,4,5,2,15,1,59,3,10,3,4,7,9,1,8,1,1,108,1,22,121.5014514,25.0366017
114,03,05,05,47,04大安區,大安區信義路4段265巷與延吉街口,0,0,1,1,B01,7,5,5,50,4,1,1,4,4,5,13,1,1,1,5,5,2,16,1,55,3,10,7,1,7,5,1,4,1,1,74,1,21,121.5559635,25.0351438
114,03,05,06,11,12內湖區,內湖區成功路2段（北向南往成功橋前）,0,0,3,1,B03,6,5,5,50,14,9,1,4,4,5,13,4,4,1,4,5,2,10,1,50,2,9,7,1,7,9,6,8,2,1,4,1,21,121.5908078,25.0622504
114,03,05,07,55,03中山區,中山區長安東路2段與長安東路2段36巷口,0,0,1,1,B01,6,7,5,50,4,1,1,4,4,5,13,2,1,5,4,5,2,16,1,44,3,10,3,4,7,6,1,4,1,17,9,1,22,121.5313585,25.04845214
114,03,05,08,00,12內湖區,內湖區南京東路6段316號,0,0,1,1,B03,6,6,5,30,14,9,1,4,4,5,13,4,4,10,5,5,2,3,1,51,3,10,7,1,7,9,1,8,2,1,70,1,21,121.5838825,25.0580232
114,03,05,08,05,04大安區,大安區信義路4段與敦化南路1段口,0,0,1,1,B03,6,6,5,50,5,2,1,4,4,5,13,2,1,1,4,5,2,17,1,50,4,11,3,4,7,15,1,8,11,17,100,2,21,121.5490164,25.0335133
114,03,05,08,10,04大安區,大安區安和路2段與安和路口側附近2段59巷口,0,0,1,1,C03,6,6,5,30,4,1,1,4,4,5,13,2,1,1,4,5,2,15,1,41,3,10,5,1,7,15,1,10,1,14,83,1,22,121.5524943,25.03092
114,03,05,08,15,08士林區,士林區延平北路7段106巷211號與無名巷口,0,0,1,1,B12,6,6,5,30,3,2,1,4,4,5,13,4,4,10,5,5,1,17,1,32,3,10,7,1,7,5,1,8,2,8,8,1,22,121.4960344,25.1024742
114,03,05,08,44,03中山區,中山區市民大道2段往西〈林森北路與天津街間〉,0,0,1,1,C03,6,7,5,40,14,9,1,4,4,5,13,4,4,1,4,5,2,13,1,48,2,9,5,1,7,9,1,10,1,11,16,1,22,121.522189,25.04797505
114,03,05,08,45,12內湖區,內湖區金湖路342號,0,0,1,1,C03,6,6,5,50,14,9,1,4,4,5,13,1,1,1,4,5,2,16,1,30,2,9,5,1,7,4,1,10,1,12,42,1,21,121.6033058,25.0735363
114,03,05,08,51,05中正區,中正區廣州街2號,0,0,1,1,B03,6,6,5,30,14,9,1,4,4,5,13,4,4,5,4,5,2,17,1,37,3,10,7,1,7,10,1,8,2,17,100,1,21,121.5106266,25.034893
114,03,05,08,52,04大安區,大安區復興南路1段255號,0,0,1,1,C03,6,6,5,50,14,9,1,4,4,5,13,4,4,10,4,5,2,17,1,21,3,10,6,1,7,9,1,10,1,11,16,1,21,121.5437627,25.0366198
114,03,05,08,52,12內湖區,內湖區陽光街92巷與陽光街口側附近92巷7弄口,0,0,1,1,B03,7,7,5,30,4,1,1,4,4,5,13,4,4,4,3,5,2,15,2,55,3,10,7,1,7,9,1,8,1,1,72,1,21,121.5852147,25.07548292
114,03,05,09,01,11南港區,南港區舊莊街1段與舊莊街1段145巷口,0,0,1,1,C03,6,6,5,50,3,1,1,4,4,5,13,3,1,5,2,5,2,3,1,22,3,10,5,1,7,9,1,10,2,11,70,1,21,121.6203857,25.0398025
114,03,05,09,33,08士林區,士林區社中街與永平街口,0,0,1,1,C02,6,6,5,50,3,1,1,4,4,5,13,3,1,5,5,5,1,16,1,47,3,10,6,1,7,5,1,9,1,17,72,1,21,121.5051041,25.0922292
114,03,05,09,42,09北投區,北投區北投路2段120092號燈桿,0,0,1,1,C03,6,6,5,50,14,7,1,4,4,5,13,4,4,1,5,4,2,13,2,48,2,9,6,1,7,9,1,10,2,11,118,1,21,121.4966284,25.1340029
114,03,05,09,55,08士林區,士林區延平北路7段106巷與堤外便道口,0,0,1,1,B12,6,6,5,30,3,1,1,4,4,5,13,4,4,10,5,5,1,14,1,60,3,10,7,1,7,2,1,8,1,3,12,1,22,121.496126,25.1016476
114,03,05,10,05,08士林區,士林區格致路與格致路55巷口,0,0,1,1,B03,6,6,5,40,5,2,1,4,4,5,13,4,4,8,5,5,1,17,1,57,3,10,7,1,7,1,1,1,1,8,19,1,21,121.5464209,25.13734286
114,03,05,10,12,01大同區,大同區環河北路2段與環河北路2段185巷口口,0,0,1,1,B03,6,6,5,50,3,2,1,4,4,5,13,4,4,1,4,5,2,17,1,63,3,10,7,1,7,8,1,6,2,17,100,1,21,121.5091577,25.0683716
114,03,05,10,20,03中山區,中山區市民大道3段與復興南路1段口,0,0,1,1,C03,6,7,5,40,4,1,1,4,4,5,13,1,1,1,4,5,2,12,1,23,2,9,5,1,7,5,1,10,2,13,8,1,21,121.5437538,25.04488273
114,03,05,10,35,08士林區,士林區中正路與文昌路口,0,0,1,1,B12,7,6,5,50,4,2,1,4,4,5,13,2,1,3,4,5,2,17,1,37,3,10,7,1,7,9,1,2,1,5,16,1,21,121.5218209,25.094454
114,03,05,10,50,03中山區,中山區長安東路2段162號,0,0,1,1,B03,8,7,5,50,14,9,1,5,4,5,13,4,4,5,2,5,2,17,2,39,3,10,7,1,7,1,1,8,1,1,99,1,21,121.5396068,25.04844758
114,03,05,11,20,03中山區,中山區南京東路2段與松江路口,0,0,1,1,A02,6,7,8,50,4,2,1,4,4,5,13,1,1,1,4,5,2,9,1,50,3,10,7,1,7,1,1,2,1,17,118,1,22,121.5330015,25.0518411
114,03,05,11,34,08士林區,士林區士東路與士東路200巷口,0,0,1,1,B11,6,6,5,50,3,2,1,4,4,5,13,2,1,1,4,5,1,17,1,38,3,10,7,1,7,11,1,1,2,4,10,1,21,121.5334215,25.1127313
114,03,05,11,40,11南港區,南港區舊莊街1段63號,0,0,1,1,C03,6,6,5,50,14,9,1,4,4,5,13,4,4,9,4,5,2,12,1,57,2,8,5,1,7,1,1,10,1,14,19,1,21,121.6186765,25.0411094
114,03,05,11,41,01大同區,大同區市民大道1段209號,0,0,1,1,C03,7,5,5,40,14,9,1,4,4,5,13,4,4,5,4,5,2,16,1,18,3,10,5,1,7,6,1,10,1,13,9,1,21,121.5180731,25.0486461
114,03,05,11,59,09北投區,北投區中央北路3段與中央北路3段252巷口,0,0,1,1,C03,7,6,5,50,3,2,1,5,4,5,13,1,1,9,4,5,2,13,1,70,2,9,6,1,7,9,1,10,1,11,108,1,21,121.4800486,25.135868
114,03,05,12,58,10文山區,文山區辛亥路5段與辛亥路5段25巷口,0,0,1,1,C03,7,6,5,50,4,1,1,4,4,5,13,2,1,1,4,5,2,17,1,52,2,9,6,1,7,9,1,10,2,14,116,1,21,121.5541323,24.9999324
114,03,05,13,05,05中正區,中正區忠孝東路2段與金山南路1段口,0,0,1,1,F01,7,6,5,50,5,2,1,5,4,5,13,2,1,1,4,5,2,17,1,23,2,9,4,1,7,9,8,20,2,11,99,1,25,121.5297297,25.0430176
114,03,05,13,38,03中山區,中山區民族東路與復興北路地下道口,0,0,1,1,C03,7,7,8,40,14,9,1,5,4,5,13,4,4,1,4,5,2,13,1,49,2,9,5,1,7,6,6,18,1,11,82,1,22,121.5440965,25.0667093
114,03,05,14,00,03中山區,中山區民生東路3段與遼寧街口,0,0,1,1,B03,7,7,5,50,4,2,1,5,4,5,13,1,1,1,4,5,2,13,1,19,3,10,7,1,7,9,1,8,1,1,76,1,21,121.5418307,25.0577701
114,03,05,14,36,02萬華區,萬華區華西街與桂林路口,0,0,1,1,B13,7,6,5,50,4,1,1,5,4,5,13,2,1,5,4,4,1,17,1,30,3,10,3,4,7,11,1,8,1,8,10,1,22,121.498437,25.0384832
114,03,05,14,50,05中正區,中正區寶慶路32號,0,0,1,1,C03,7,7,5,50,14,9,1,5,4,5,13,4,4,10,4,5,2,17,1,43,3,10,5,1,7,12,1,10,2,17,44,1,21,121.5089781,25.0419063
114,03,05,15,00,12內湖區,內湖區民權東路6段91號,0,0,1,1,C03,7,6,5,50,14,8,1,5,4,5,13,4,4,1,4,4,2,17,1,22,3,10,6,1,7,9,1,10,1,11,42,1,21,121.5889776,25.069117
114,03,05,15,10,08士林區,士林區通河西街2段與社中街458巷口,0,0,1,1,B12,7,6,5,50,3,1,1,5,4,5,13,4,4,7,5,5,2,14,1,37,3,10,3,4,7,2,1,8,1,3,12,1,21,121.5022349,25.0936313
114,03,05,15,11,02萬華區,萬華區環河南路1段348巷與桂林路口,0,0,2,1,C03,7,5,5,50,5,1,1,5,4,5,13,1,1,1,4,5,2,17,1,53,2,6,5,4,7,5,1,10,2,12,8,1,21,121.4958797,25.0388922
114,03,05,15,11,03中山區,中山區民族東路與建國北路3段口,0,0,3,1,C03,7,7,5,50,4,1,1,5,4,5,13,1,1,1,5,5,1,13,1,50,2,8,6,1,7,9,1,10,1,11,76,1,21,121.5211796,25.05003979
114,03,05,15,13,01大同區,大同區延平北路3段與民權西路口,0,0,1,1,C03,7,6,5,50,4,2,1,5,4,5,13,2,1,1,4,5,2,13,2,57,2,7,5,4,7,9,1,10,1,11,16,1,21,121.5122443,25.0628741
114,03,05,15,14,05中正區,中正區重慶南路2段與南海路口口,0,0,1,1,B03,8,6,5,50,4,1,1,5,4,5,13,1,1,1,4,5,1,17,2,71,3,10,7,1,7,6,1,8,2,2,9,1,21,121.5143673,25.0315833
114,03,05,15,44,03中山區,中山區中山北路2段50巷與中山北路2段50巷南口無名巷,0,0,1,1,B03,7,6,5,30,3,1,2,4,4,5,13,4,4,10,5,5,2,16,1,65,3,10,3,4,7,9,1,8,2,1,72,1,21,121.5217718,25.05576428
114,03,05,16,32,03中山區,中山區長安東路2段與龍江路口,0,0,1,1,B01,6,7,5,50,4,1,1,4,4,5,13,1,1,4,3,5,1,17,1,57,3,10,7,1,7,5,1,4,1,1,8,1,21,121.540518,25.04846168
114,03,05,16,43,10文山區,文山區一壽街與一壽街20巷口口,0,0,1,1,C03,6,6,5,30,4,1,1,4,4,5,13,4,4,10,5,5,2,15,2,60,2,9,5,1,7,9,1,10,1,12,72,1,21,121.5565734,24.9799236
114,03,05,16,44,09北投區,北投區承德路7段與承德路7段164巷口,0,0,1,1,F01,7,7,6,60,3,2,1,5,4,5,13,4,4,1,5,4,2,12,2,72,2,9,4,4,7,8,8,20,1,14,100,1,22,121.5044773,25.116977
114,03,05,16,57,01大同區,大同區民權西路與延平北路3段口,0,0,1,1,C04,7,6,5,50,4,1,1,4,4,5,13,2,1,1,4,5,2,17,1,51,3,10,5,4,7,5,5,10,1,17,8,1,21,121.5121478,25.0629447
114,03,05,17,00,05中正區,中正區愛國東路58號,0,0,1,1,B03,7,6,5,40,14,7,1,4,4,5,13,4,4,1,4,5,1,17,2,70,3,10,7,1,7,1,1,8,11,17,19,1,21,121.5192615,25.0336638
114,03,05,17,13,03中山區,中山區中山北路4段機車專用道,0,0,2,1,C03,7,7,5,50,14,11,1,5,4,5,13,4,4,2,4,4,2,12,1,31,2,9,5,1,7,9,1,10,1,12,44,1,21,121.5252354,25.0766008
114,03,05,17,40,07信義區,信義區莊敬路307號,0,0,1,1,A01,8,7,5,40,14,8,1,5,4,5,13,4,4,5,5,4,2,9,1,57,3,10,3,4,7,1,1,2,9,17,44,1,21,121.5632852,25.0283814
114,03,05,17,43,06松山區,松山區濱江街368號前,0,0,1,1,B12,6,6,5,50,14,7,1,4,4,4,13,4,4,8,3,4,2,17,1,21,3,10,7,1,7,9,1,8,1,17,30,1,21,121.5564998,25.0721381
114,03,05,18,01,12內湖區,內湖區瑞光路與民權東路6段口,0,0,1,1,B03,7,5,5,50,4,1,1,4,4,5,13,2,1,5,4,5,2,12,2,45,3,10,3,4,7,9,1,8,9,5,108,1,22,121.5841295,25.068872
114,03,05,18,05,07信義區,信義區莊敬路325巷11號,0,0,1,1,C04,6,5,5,30,14,8,1,4,4,5,13,4,4,5,5,5,2,11,2,47,3,10,5,1,7,9,1,21,1,11,108,1,21,121.5640081,25.0284425
114,03,05,18,06,10文山區,文山區木新路1段與無名巷口,0,0,1,1,B03,7,5,5,50,14,9,2,4,4,5,13,2,1,5,4,5,2,17,1,27,3,10,3,4,7,6,1,2,1,5,9,1,21,121.5707012,24.9887651
114,03,05,18,30,05中正區,中正區重慶南路1段與凱達格蘭大道口,0,0,1,1,C03,7,5,5,50,3,1,1,5,4,5,13,1,1,5,4,5,2,13,1,74,4,11,5,1,7,9,1,10,2,11,108,1,21,121.5129135,25.0404314
114,03,05,18,53,03中山區,中山區樂群二路與敬業一路口,0,0,2,1,C03,7,5,5,50,14,9,1,5,4,5,13,4,4,9,4,5,2,13,2,25,2,8,5,1,7,9,1,10,1,11,16,1,21,121.5533001,25.0799956
114,03,05,18,54,01大同區,大同區民生西路與民生西路423巷口,0,0,1,1,C03,8,5,5,50,4,1,1,5,4,5,13,2,1,5,4,5,2,16,1,40,2,8,5,1,7,5,1,10,1,13,8,1,21,121.5097283,25.056751
114,03,05,19,02,04大安區,大安區仁愛路3段與信義路3段147巷口,0,0,1,1,B01,7,5,5,50,3,2,1,5,4,5,13,4,4,1,4,5,2,13,1,60,3,10,7,1,7,9,1,4,2,1,108,1,21,121.5418534,25.0378223
114,03,05,19,02,08士林區,士林區士東路與忠誠路2段口,0,0,2,1,B03,8,5,5,50,5,1,1,5,4,5,13,1,1,1,4,5,2,12,1,37,3,10,3,4,7,11,1,8,1,7,44,1,21,121.5314228,25.11253935
114,03,05,19,40,10文山區,文山區興隆路3段112巷與興隆路3段112巷4弄口口,0,0,1,1,C03,6,5,5,30,4,1,1,4,4,5,13,4,4,10,5,5,2,16,1,29,2,9,6,1,7,5,1,10,1,12,72,1,21,121.5571209,24.9986481