發生年度,發生月,發生日,發生時-Hours,發生分,區序,肇事地點,死亡人數,2-30日死亡人數,受傷人數,當事人序號,車種,天候,光線,道路類別,速限-速度限制,道路型態,事故位置,路面狀況1,路面狀況2,路面狀況3,道路障礙1,道路障礙2,號誌1,號誌2,車道劃分-分向,車道劃分-分道1,車道劃分-分道2,車道劃分-分道3,事故類型及型態,性別,年齡,受傷程度,主要傷處,保護裝置,行動電話,車輛用途,當事者行動狀態,駕駛資格情形,駕駛執照種類,飲酒情形,車輛撞擊部位1,肇因碼-個別,個人肇逃否,職業,座標-X,座標-Y
114,03,05,20,39,02萬華區,萬華區東園街139號,0,0,3,1,C03,8,5,5,50,14,9,1,5,4,5,13,4,4,9,5,5,2,3,1,48,2,9,6,1,7,9,1,9,1,11,108,1,21,121.4969944,25.0247552
114,03,05,21,20,12內湖區,內湖區安康路228巷與永保街口,0,0,1,1,B03,7,5,5,30,3,1,1,4,4,5,13,4,4,5,5,5,2,17,1,45,3,10,7,1,7,5,1,8,1,1,72,1,21,121.6031464,25.0640435
114,03,05,21,27,11南港區,南港區中坡北路與松隆路口口,0,0,1,1,B01,6,5,5,50,3,1,1,4,4,5,13,2,1,3,4,5,2,16,1,59,3,10,7,1,7,5,1,4,2,5,44,1,21,121.5801904,25.0482063
114,03,05,21,38,02萬華區,萬華區光復橋往新北市003025燈桿,0,0,2,1,C03,7,5,5,50,8,9,1,5,4,5,13,4,4,1,4,5,2,12,1,20,2,9,6,1,7,9,1,10,1,11,108,1,21,121.491799,25.02528707
114,03,05,21,40,04大安區,大安區市民大道4段118號,0,0,1,1,C03,7,5,5,40,14,9,1,5,4,5,13,4,4,1,4,5,2,13,1,37,3,10,5,1,7,9,1,10,1,11,16,1,21,121.5510469,25.0443455
114,03,05,21,43,01大同區,大同區重慶北路2段117號,0,0,1,1,C03,8,6,5,50,14,9,1,5,4,5,13,4,4,9,4,5,2,12,1,22,2,7,6,4,7,7,1,10,1,12,100,1,21,121.5138397,25.0573518
114,03,05,22,30,12內湖區,內湖區安康路西往東,0,0,1,1,C03,6,5,5,40,14,9,1,4,4,5,13,2,1,10,4,5,2,17,2,64,2,8,6,1,7,9,1,10,2,15,44,1,21,121.6106358,25.0647644
114,03,05,22,42,03中山區,中山區民權東路2段135巷與農安街口,0,0,1,1,C03,7,5,5,50,4,2,5,4,4,5,13,1,1,10,5,5,2,16,2,19,2,8,5,1,7,5,1,10,1,11,8,1,21,121.5349811,25.06467383
114,03,05,22,48,11南港區,南港區忠孝東路6段與忠孝東路6段70巷口,0,0,1,1,B03,7,5,5,50,14,9,1,4,4,5,13,4,4,5,4,5,2,12,1,23,3,10,7,1,7,7,1,8,1,4,100,1,21,121.5835441,25.0463769
114,03,05,23,42,01大同區,大同區民權西路146號,0,0,2,1,C03,7,5,5,50,14,9,1,5,4,5,13,4,4,1,4,5,2,17,1,32,2,9,5,1,7,9,1,10,2,11,16,1,21,121.5157496,25.06289957
114,03,06,00,25,06松山區,松山區八德路4段與塔悠路口口,0,0,1,1,C02,6,5,5,50,4,1,1,4,4,5,13,2,1,1,4,5,2,17,4,0,,,,,,,,,,,119,2,,121.5721445,25.0499997
114,03,06,00,30,03中山區,中山區長安東路2段與吉林路口,0,0,2,1,C03,7,5,5,50,4,1,1,4,4,5,13,2,1,9,4,5,2,16,1,21,2,7,5,1,7,5,1,10,1,11,71,1,21,121.5299916,25.04846744
114,03,06,01,50,05中正區,中正區國興路與中華路2段口,1,0,0,1,F01,7,5,5,30,5,1,1,5,4,5,13,1,1,5,4,4,2,15,1,76,1,9,4,1,7,9,8,20,9,13,81,1,22,121.5092153,25.0249331
114,03,06,04,34,03中山區,中山區民權東路2段與松江路口,0,0,1,1,B12,6,5,5,50,4,1,1,4,4,5,13,1,1,3,4,5,2,2,1,24,3,10,7,1,7,5,1,8,2,1,98,1,21,121.5333073,25.06270118
114,03,06,05,21,11南港區,南港區八德路4段899號,0,0,1,1,C03,6,5,5,50,14,8,1,4,4,5,13,4,4,9,4,5,2,18,1,62,2,7,3,4,7,9,1,9,1,12,108,1,22,121.5809827,25.0509566
114,03,06,05,43,03中山區,中山區民族東路410巷2弄14號,0,0,1,1,H01,6,5,5,50,14,9,1,4,4,5,13,4,4,9,5,5,2,3,2,63,3,10,4,5,8,16,8,20,10,17,53,1,21,121.5378466,25.0668239
114,03,06,06,08,05中正區,中正區師大路與汀州路3段口,0,0,1,1,A05,6,5,5,50,4,2,1,4,4,5,13,1,1,1,4,5,2,13,1,56,3,10,7,1,7,9,1,2,6,1,21,1,22,121.5244832,25.0207594
114,03,06,06,46,07信義區,信義區松仁路與松勤街口,0,0,2,1,C03,6,7,5,50,4,1,1,4,4,5,13,1,1,9,4,5,2,15,2,51,2,9,5,1,7,11,1,10,2,12,71,1,21,121.5682306,25.0319231
114,03,06,07,28,11南港區,南港區忠孝東路6段與玉成街口,0,0,1,1,B03,6,6,5,50,3,1,1,4,4,5,13,2,1,3,4,5,2,16,2,28,3,10,7,1,7,6,1,8,1,5,9,1,21,121.5831918,25.0461284
114,03,06,07,30,05中正區,中正區汀州路2段與廈門街81巷口,0,0,1,1,B03,6,7,5,30,3,1,1,4,4,5,12,4,4,10,4,5,2,17,1,51,3,10,7,1,7,5,1,8,1,4,74,1,21,121.5213187,25.0243219
114,03,06,07,43,04大安區,大安區基隆路3段往北(近長興街),0,0,1,1,C03,6,6,5,50,14,9,1,4,4,5,13,4,4,1,4,5,2,17,1,50,3,10,5,1,7,9,1,10,1,17,118,1,22,121.5439375,25.0167026
114,03,06,07,45,04大安區,大安區基隆路2段207號附近側附近,0,0,1,1,C03,6,6,5,50,14,9,1,4,4,5,13,4,4,1,4,4,2,16,1,45,3,10,5,1,7,8,1,10,1,11,118,1,21,121.5519346,25.0237124
114,03,06,07,55,01大同區,大同區天水路51巷20號,0,0,1,1,B03,6,6,5,30,14,9,1,4,4,5,13,4,4,10,5,5,2,17,1,61,3,10,7,1,7,1,1,8,2,1,19,1,21,121.5127291,25.0532294
114,03,06,08,00,10文山區,(舊木柵路5段),0,0,1,1,B03,6,7,5,50,3,1,1,4,4,5,13,1,1,1,4,5,2,21,1,75,2,9,7,1,7,9,1,8,2,1,108,1,21,121.5943598,24.9990702
114,03,06,08,00,10文山區,文山區辛亥路4段與萬美街2段口,0,0,1,1,B02,6,6,5,50,3,2,1,4,4,5,13,1,1,4,2,5,2,17,1,60,3,10,7,1,7,14,1,8,1,17,37,1,22,121.5583565,25.0060126
114,03,06,08,00,07信義區,信義區市民大道6段(近虎林街口),0,0,1,1,C03,6,6,5,50,14,9,1,4,4,5,13,4,4,1,4,5,2,18,1,30,2,8,3,4,7,9,1,10,1,17,116,1,21,121.5758321,25.0491502
114,03,06,08,02,09北投區,北投區東華街2段與致遠三路55巷口口,0,0,2,1,C03,6,6,5,50,4,4,1,4,4,5,13,1,1,7,4,5,2,13,1,18,2,8,5,1,7,12,1,10,1,11,108,1,21,121.5091435,25.1205063
114,03,06,08,12,03中山區,中山區復興北路與遼寧街185巷口,0,0,2,1,C03,6,7,5,50,4,2,1,4,4,5,13,2,1,1,4,5,2,17,1,28,2,9,6,4,7,7,1,10,1,17,116,1,21,121.5439919,25.05335262
114,03,06,08,17,04大安區,大安區辛亥路3段(西往東),0,0,1,1,B02,6,6,5,50,14,9,1,4,4,5,13,4,4,1,4,5,2,17,1,44,3,10,7,1,7,9,1,8,1,5,77,1,21,121.5516183,25.0150193
114,03,06,08,20,06松山區,松山區復興北路地下道北往南,0,0,1,1,,6,5,5,40,7,8,1,4,4,5,13,4,4,1,4,4,2,17,4,0,,,,,,,,,,,119,2,,121.5442483,25.06762785
114,03,06,08,27,07信義區,信義區市民大道5段99號對面,0,0,1,1,B03,6,6,5,40,14,9,1,4,4,5,13,4,4,1,4,5,2,12,1,65,3,10,3,4,7,8,1,8,2,17,100,1,22,121.5631347,25.0470366
114,03,06,08,33,07信義區,信義區永吉路225巷52弄與永吉路225巷口,0,0,1,1,C03,6,7,5,30,3,1,1,4,4,5,8,4,4,10,5,5,2,15,2,24,3,10,5,4,7,9,1,10,2,11,72,1,21,121.5741938,25.0473683
114,03,06,08,34,03中山區,中山區民生東路1段72號,0,0,2,1,C03,6,6,5,50,14,9,1,4,4,5,13,4,4,5,4,5,2,13,2,34,2,9,6,1,7,9,1,10,1,11,16,1,21,121.5265571,25.0579937
114,03,06,08,39,01大同區,大同區承德路3段與承德路3段283巷口,0,0,1,1,C03,6,7,5,50,3,2,1,4,4,5,13,2,1,1,4,5,2,17,1,19,2,9,3,4,7,9,1,10,1,11,108,1,21,121.5192316,25.0729749
114,03,06,08,56,05中正區,中正區重慶南路2段與重慶南路2段6巷口口,0,0,1,1,C03,6,6,5,50,3,2,1,4,4,5,13,3,1,1,4,5,1,17,2,29,2,7,6,1,7,9,1,10,2,11,16,1,21,121.513185,25.0339809
114,03,06,08,58,11南港區,南港區經貿二路131號,0,0,1,1,B12,6,7,5,50,14,9,1,4,4,5,13,4,4,1,4,5,2,12,1,41,3,10,3,4,7,1,1,8,1,2,36,1,21,121.6185093,25.0601602
114,03,06,09,00,06松山區,松山區民生東路5段與新中街口,0,0,2,1,C03,7,6,5,50,4,1,1,4,4,5,13,1,1,1,3,5,2,17,2,27,2,9,6,1,7,5,1,10,1,11,71,1,21,121.5604958,25.058687
114,03,06,09,04,04大安區,大安區芳蘭路與基隆路3段155巷176弄口口,0,0,1,1,C03,6,6,5,50,3,1,1,4,4,5,13,2,1,9,5,5,2,17,1,22,2,1,5,1,7,9,1,10,1,11,108,1,22,121.5469498,25.0143319
114,03,06,09,12,08士林區,士林區天母東路69巷11-3號,0,0,1,1,C03,6,6,5,40,14,9,1,4,4,5,13,4,4,9,4,5,1,17,1,33,2,9,6,1,7,9,1,10,1,12,108,1,21,121.534424,25.1188575
114,03,06,09,17,07信義區,信義區忠孝東路5段524巷與忠孝東路5段524巷1弄口口,0,0,1,1,B01,6,6,5,30,4,2,1,4,4,1,13,4,4,5,5,5,2,17,1,62,3,10,3,4,7,14,1,4,1,6,40,1,21,121.5794232,25.0412166
114,03,06,09,26,04大安區,大安區忠孝東路4段223巷與敦化南路1段187巷口,0,0,2,1,B01,6,6,5,30,4,1,1,4,4,5,13,4,4,10,5,5,2,15,2,37,2,9,7,1,7,9,1,4,1,2,72,1,21,121.5529599,25.0425331
114,03,06,10,07,03中山區,中山區北安路與大直街口,0,0,1,1,C03,6,6,5,50,4,1,1,4,4,5,13,2,1,1,4,5,2,17,1,21,3,10,6,1,7,4,1,10,1,12,108,1,21,121.5474629,25.0798711
114,03,06,10,10,01大同區,大同區延平北路3段與伊寧街口,0,0,2,1,B03,6,6,5,50,5,1,1,4,4,5,13,1,1,5,5,5,2,16,1,25,3,10,7,1,7,11,1,8,1,4,44,1,21,121.5110894,25.0647492
114,03,06,10,43,07信義區,信義區基隆路1段與松壽路口,0,0,1,1,C03,6,7,5,50,14,9,1,4,4,5,13,4,4,1,4,5,2,13,2,31,2,9,3,4,7,9,1,10,1,12,16,1,21,121.5612205,25.035546
114,03,06,10,52,04大安區,大安區市民大道3段與建國南路1段口,0,0,1,1,C03,7,5,5,40,4,2,1,5,4,5,13,1,1,9,4,4,1,12,1,44,3,10,3,4,7,7,1,10,1,15,100,1,21,121.5361255,25.0447023
114,03,06,11,04,07信義區,信義區忠孝東路5段689號,0,0,1,1,C03,6,6,5,50,14,9,1,4,4,5,13,4,4,1,4,5,2,17,2,42,2,9,6,1,7,12,1,10,1,12,42,1,22,121.5801035,25.0422426
114,03,06,11,13,01大同區,大同區民族西路214號,0,0,1,1,C03,7,6,5,50,14,9,1,4,4,5,13,4,4,5,5,5,2,12,2,80,2,9,5,1,7,7,3,18,1,14,100,1,21,121.5132637,25.0686013
114,03,06,11,40,10文山區,文山區新光路2段與新光路2段口圓環,0,0,1,1,C03,6,7,5,50,4,1,1,4,4,5,13,3,1,10,5,5,2,17,1,53,3,10,5,1,7,9,1,10,1,17,72,1,21,121.5834848,25.0004216
114,03,06,11,55,04大安區,大安區新生南路3段86巷2號,0,0,2,1,F01,7,6,5,20,14,24,1,5,4,5,13,4,4,10,5,5,1,2,2,53,2,9,4,4,7,9,8,20,1,12,88,1,21,121.5333025,25.0187938
114,03,06,12,07,03中山區,中山區民權東路2段50號,0,0,2,1,C03,8,6,5,50,14,9,1,5,4,5,13,4,4,8,3,5,2,12,2,33,2,8,6,4,7,9,1,10,2,12,44,1,21,121.5307052,25.062432
114,03,06,12,25,05中正區,中正區中華路2段與莒光路口,0,0,2,1,C03,7,7,5,50,4,1,1,5,4,5,13,1,1,5,4,5,2,16,2,64,2,9,6,1,7,5,1,10,2,14,8,1,22,121.5041861,25.0312205
114,03,06,12,30,08士林區,士林區德行東路190巷與忠誠路1段173巷口,0,0,1,1,B11,7,6,5,30,4,1,1,5,4,5,13,4,4,10,5,5,2,15,1,25,3,10,7,1,7,9,1,4,1,8,72,1,22,121.5313172,25.1080848
114,03,06,12,40,12內湖區,內湖區民權東路6段與民權東路6段56巷5弄口,0,0,1,1,C03,6,5,5,40,3,1,1,4,4,5,13,4,4,5,5,4,2,17,2,69,2,8,5,1,7,5,1,10,1,12,74,1,21,121.5847271,25.06809426
114,03,06,13,02,02萬華區,萬華區桂林路與柳州街口,0,0,1,1,B03,7,7,5,50,4,2,1,5,4,5,13,2,1,5,4,5,2,16,1,68,3,10,7,1,7,6,3,18,1,2,9,1,22,121.505084,25.0377302
114,03,06,13,10,08士林區,士林區通河街179巷與承德路4段2巷口,0,0,1,1,C03,7,6,5,50,4,1,1,5,4,5,13,4,4,5,5,5,2,17,1,40,4,11,3,4,7,9,7,19,9,15,72,1,22,121.5182282,25.0807544
114,03,06,13,35,11南港區,南港區重陽路與重陽路235巷口,0,0,1,1,B02,6,6,5,50,3,4,1,4,4,5,13,1,1,10,4,5,2,13,1,51,3,10,7,1,7,9,3,18,2,1,76,1,21,121.6024717,25.0576813
114,03,06,14,08,02萬華區,萬華區青年路與國興路口,0,0,2,1,C03,7,6,5,50,4,1,1,5,4,5,13,2,1,9,5,5,2,16,2,59,2,9,6,4,7,5,1,10,1,12,74,1,22,121.5064049,25.0261232
114,03,06,14,58,07信義區,信義區基隆路2段109號,0,0,1,1,C03,7,7,5,50,14,9,1,5,4,5,13,4,4,9,4,5,2,17,1,24,2,9,5,1,7,9,1,10,1,12,44,1,21,121.556816,25.0283248
114,03,06,15,07,02萬華區,萬華區環河南路1段10號,0,0,2,1,C03,7,6,5,50,14,9,1,5,4,5,13,4,4,5,4,5,2,12,2,23,2,7,6,1,7,9,1,10,1,11,108,1,21,121.5057401,25.0484522
114,03,06,15,10,11南港區,南港區松河街與中坡北路口,0,0,1,1,B12,7,7,5,40,8,9,1,5,4,5,13,4,4,4,4,5,2,16,1,51,3,10,3,4,7,7,1,8,1,2,100,1,21,121.5801877,25.0521522
114,03,06,16,14,01大同區,大同區鄭州路與鄭州路143巷口,0,0,1,1,B03,7,6,5,40,5,1,1,5,4,5,13,4,4,1,5,5,2,16,1,27,3,10,7,1,7,6,1,8,1,2,9,1,21,121.5098494,25.0503975
114,03,06,16,33,10文山區,文山區木柵路1段與木柵路1段278巷口,0,0,1,1,C03,6,6,5,30,3,1,1,4,4,5,13,4,4,10,5,5,2,16,1,66,2,9,6,1,7,5,1,10,9,14,72,2,21,121.5547562,24.9881172
114,03,06,16,37,03中山區,中山區長安東路1段23號,0,0,2,1,B12,7,6,5,50,14,9,1,5,4,5,13,4,4,5,4,5,2,17,1,57,3,10,3,1,7,14,1,8,1,4,40,1,21,121.5236837,25.0493955
114,03,06,16,43,04大安區,大安區安和路1段與敦化南路1段附近口,0,0,2,1,C03,7,6,5,50,3,2,1,5,4,5,13,2,1,1,4,5,2,13,1,40,2,7,5,1,7,9,1,10,1,11,16,1,21,121.5490947,25.0396561
114,03,06,17,01,07信義區,信義區松仁路與忠孝東路5段236巷2弄口,0,0,2,1,F02,6,6,5,50,4,1,1,4,4,5,13,4,4,9,4,5,2,15,1,42,2,8,6,1,7,9,8,20,1,14,89,1,21,121.5684316,25.0404617
114,03,06,17,50,09北投區,北投區中央北路4段與一德街口側附近口,0,0,1,1,B03,6,5,5,50,3,1,1,4,4,5,13,2,1,4,4,5,2,16,2,37,3,10,7,1,7,5,1,8,1,1,71,1,21,121.4688825,25.1284691
114,03,06,18,20,02萬華區,萬華區西園路2段225巷與寶興街65巷口,0,0,2,1,C03,7,5,5,30,4,1,1,5,4,5,13,4,4,10,5,5,2,17,2,35,2,9,6,1,7,9,3,18,1,11,75,1,21,121.4948701,25.0271384
114,03,06,18,30,01大同區,大同區台北橋(往三重方向第282528號燈稈),0,0,2,1,C03,6,5,5,50,8,11,1,4,4,5,13,4,4,10,4,5,2,12,2,69,2,9,5,1,7,9,1,10,2,15,42,1,21,121.5078541,25.06353829
114,03,06,18,36,05中正區,中正區羅斯福路3段92號,0,0,1,1,A05,7,5,5,50,14,9,1,5,4,5,13,4,4,1,4,5,2,12,1,60,3,10,7,1,7,8,1,2,2,5,100,1,22,121.526777,25.0218071
114,03,06,18,41,07信義區,信義區永吉路278巷57弄6號,0,0,2,1,C03,6,5,5,30,14,9,1,4,4,5,13,4,4,9,5,5,2,3,1,37,2,7,5,1,7,9,1,10,1,11,76,1,21,121.574362,25.0434183
114,03,06,18,57,05中正區,中正區林森南路與徐州路口,0,0,2,1,B03,7,5,5,50,4,2,1,5,4,5,13,1,1,9,4,4,2,17,1,51,3,10,7,1,7,5,1,8,1,1,71,1,21,121.5223043,25.0410128
114,03,06,19,15,08士林區,士林區後港街與後港街134巷口,0,0,1,1,B03,7,5,5,30,3,1,1,5,4,5,13,4,4,10,5,5,2,17,1,57,3,10,3,4,7,5,1,8,1,8,8,1,21,121.5212859,25.0867943
114,03,06,19,34,06松山區,松山區慶城街與興安街口,0,0,2,1,C03,6,5,5,30,3,19,1,4,4,5,13,2,1,1,3,5,2,3,1,30,2,8,5,4,7,9,1,10,1,11,70,1,22,121.5470466,25.0556423
114,03,06,19,37,10文山區,文山區木柵路3段48巷與木柵路3段102巷6弄口,0,0,2,1,C03,7,5,5,30,4,1,1,4,4,5,13,4,4,10,5,5,2,15,1,70,2,9,6,1,7,9,1,10,2,13,72,1,21,121.565661,24.9877971
114,03,06,19,58,10文山區,文山區萬芳路與木柵路4段33巷口口,0,0,2,1,C03,6,5,5,30,3,1,1,4,4,5,13,4,4,10,5,5,2,16,1,28,2,7,5,1,7,5,1,10,1,14,72,1,21,121.570985,24.9952443
114,03,06,20,08,01大同區,大同區重慶北路1段與重慶北路1段68巷口,0,0,1,1,B03,7,5,5,50,3,1,1,5,4,5,13,4,4,1,4,5,2,14,1,47,3,10,3,4,7,2,1,8,1,3,12,1,22,121.5139689,25.0523388
114,03,06,21,15,11南港區,南港區市民大道8段與忠孝東路7段415巷口,0,0,1,1,C03,6,5,5,50,4,2,1,4,4,5,13,2,1,9,2,5,2,13,1,31,2,9,6,1,7,9,1,10,1,11,76,1,21,121.6085734,25.0534999
114,03,06,21,18,02萬華區,萬華區西寧南路與西寧南路50巷口,0,0,2,1,C03,8,5,5,50,4,2,1,5,4,5,13,4,4,10,5,5,2,17,1,23,2,9,5,1,7,1,1,10,1,12,19,1,21,121.5064012,25.0443529
114,03,06,21,34,01大同區,大同區環河北路1段271號,0,0,2,1,C03,6,5,5,50,14,9,1,4,4,5,13,4,4,1,4,5,2,13,2,54,2,9,5,1,7,9,1,10,1,11,44,1,21,121.5085057,25.05806734
114,03,06,21,40,04大安區,大安區和平東路3段與和平東路3段464巷口口,0,0,2,1,C03,7,5,5,50,4,1,1,5,4,5,13,2,1,1,4,5,1,17,1,45,2,6,6,1,7,5,1,10,2,12,71,1,21,121.5601091,25.0170526
114,03,06,22,00,10文山區,文山區景隆街與羅斯福路6段159巷1弄口,0,0,1,1,B03,7,5,5,50,4,1,1,5,4,5,13,4,4,5,5,5,1,17,1,28,3,10,7,1,7,5,1,8,2,8,8,1,21,121.5401959,24.9997195
114,03,06,23,16,05中正區,中正區汀州路3段與汀州路3段24巷口,0,0,1,1,B03,7,5,5,50,3,1,1,5,4,5,13,4,4,5,4,5,2,16,2,29,3,10,7,1,7,5,1,8,1,2,74,1,21,121.5286195,25.0175747
114,03,06,23,30,09北投區,北投區大度路3段296巷與大度路3段口,0,0,1,1,B03,7,5,5,30,4,1,1,5,4,5,13,3,1,10,5,5,2,15,1,34,3,10,7,1,7,9,1,8,1,8,72,1,22,121.4663735,25.1234917
114,03,06,23,55,06松山區,松山區吉祥路61號,0,0,1,1,B03,7,6,5,30,14,9,1,5,4,5,13,4,4,5,5,5,2,17,2,69,2,8,2,1,7,3,1,8,2,4,18,1,21,121.5625207,25.0505956
114,03,07,00,29,07信義區,信義區松德路309號,0,0,1,1,B03,6,5,8,30,22,22,1,4,4,5,13,4,4,10,5,5,2,9,2,45,3,10,7,1,7,9,1,8,1,8,70,1,21,121.5754894,25.0305883
114,03,07,02,27,07信義區,信義區永吉路180巷與永吉路口口,0,0,1,1,B02,7,5,5,50,3,1,1,4,4,5,13,4,4,9,4,5,2,17,1,29,3,10,7,1,7,6,1,8,1,17,72,1,21,121.5715208,25.0455266
114,03,07,03,19,03中山區,中山區新生北路2段與南京東路1段口北側迴轉道,0,0,1,1,B03,7,5,5,30,3,1,1,5,4,5,13,4,4,10,5,5,2,16,1,33,3,10,7,1,7,5,1,8,1,5,72,1,21,121.527615,25.0526358
114,03,07,07,09,03中山區,中山區松江路與農安街口,0,0,1,1,A04,7,6,5,50,4,2,1,5,4,5,13,2,1,1,2,5,2,9,1,53,3,10,7,1,7,12,1,1,2,17,44,1,21,121.5333009,25.0646343
114,03,07,07,13,05中正區,中正區中山南路與濟南路1段口,0,0,1,1,C03,8,6,5,50,4,2,1,5,4,5,13,2,1,5,4,5,2,17,1,50,3,10,5,1,7,8,1,10,1,12,100,1,22,121.5190241,25.04328881
114,03,07,07,25,08士林區,士林區中山北路6段與中山北路6段763巷口,0,0,2,1,C03,7,6,5,30,3,2,1,5,4,5,13,4,4,10,5,5,2,17,2,70,2,8,6,1,7,6,7,19,2,11,80,1,22,121.5278737,25.115599
114,03,07,07,27,10文山區,文山區下崙路與興隆路4段口,0,0,1,1,B03,7,5,5,30,4,1,1,5,4,5,13,1,1,3,3,5,2,3,2,46,3,10,3,4,7,5,1,8,2,5,70,1,22,121.560881,24.9866807
114,03,07,07,45,08士林區,士林區重慶北路4段39號,0,0,1,1,B12,7,6,5,40,14,8,1,5,4,5,13,4,4,1,3,4,2,17,1,58,3,10,7,1,7,1,1,3,2,8,19,1,21,121.513023,25.0807933
114,03,07,07,47,04大安區,大安區市民大道4段與敦化南路1段口,0,0,1,1,C03,7,6,5,40,4,1,1,5,4,5,13,1,1,1,3,5,2,17,1,20,3,10,6,1,7,6,1,10,1,13,9,1,21,121.5486016,25.0447524
114,03,07,07,53,01大同區,大同區延平北路4段與延平北路4段294巷口口,0,0,1,1,H01,7,6,5,50,4,1,1,5,4,5,13,2,1,5,5,5,2,9,1,91,3,10,4,5,8,16,8,20,10,16,121,1,21,121.5121778,25.0770434
114,03,07,08,33,09北投區,北投區北投路1段與公館路口口,0,0,1,1,C03,8,6,5,50,4,1,1,5,4,5,13,2,1,5,4,5,2,17,2,61,3,10,6,1,7,9,1,10,1,11,81,1,22,121.5026509,25.121433
114,03,07,08,45,03中山區,中山區中山北路2段112號,0,0,1,1,A02,8,7,5,50,14,9,1,5,4,5,13,4,4,9,4,5,2,9,1,55,3,10,7,1,7,15,1,2,1,17,44,1,21,121.5228292,25.0606514
114,03,07,09,03,02萬華區,萬華區三水街與梧州街口,0,0,2,1,C03,7,6,5,30,3,1,1,5,4,5,13,4,4,10,5,5,2,17,1,66,2,9,6,1,7,9,1,10,1,14,17,1,21,121.4975941,25.0361916
114,03,07,09,05,05中正區,中正區中華路2段與寧波西街口口,0,0,1,1,C03,8,6,5,50,4,1,1,5,4,5,13,1,1,5,5,4,1,16,1,70,3,10,6,1,7,5,1,10,2,11,8,1,21,121.5106388,25.0246264
114,03,07,09,10,08士林區,士林區仰德大道1段80號,0,0,1,1,B02,7,6,5,40,11,9,1,5,4,5,13,4,4,4,4,5,1,17,1,57,3,10,7,1,7,15,1,3,2,6,108,1,22,121.5369113,25.1067783
114,03,07,09,15,12內湖區,內湖區陽光街365巷33號,0,0,1,1,C03,7,6,5,50,14,9,1,5,4,5,13,4,4,9,5,5,2,16,1,48,3,10,5,1,7,4,1,10,1,12,108,1,21,121.5771733,25.0721532
114,03,07,09,16,01大同區,大同區南京西路與甘谷街口,0,0,1,1,C03,7,6,5,50,4,2,1,5,4,5,13,2,1,5,4,5,2,17,1,62,2,9,5,1,7,5,1,10,1,14,17,1,22,121.5103475,25.0534292
114,03,07,09,20,03中山區,中山區市民高架道往西,0,0,1,1,B03,8,6,5,80,14,9,1,5,4,5,13,4,4,8,3,5,1,12,1,52,3,10,7,4,7,8,1,8,2,2,100,1,21,121.5386975,25.0447137
114,03,07,09,52,12內湖區,內湖區瑞光路199號對面,0,0,1,1,C03,8,5,5,50,14,9,1,5,4,5,13,4,4,5,4,5,2,12,2,29,2,9,6,1,7,9,1,10,1,14,118,1,21,121.5795799,25.0735399
114,03,07,10,40,01大同區,大同區忠孝橋機慢車道往西上橋處,0,0,2,1,C03,7,6,5,40,8,11,1,5,4,5,13,4,4,1,2,5,2,17,1,34,2,9,6,1,7,15,1,10,2,13,37,1,21,121.5062102,25.0490867
114,03,07,11,04,04大安區,大安區忠孝東路3段與新生南路1段口,0,0,2,1,F02,7,6,5,50,4,1,1,5,4,5,13,2,1,1,4,5,1,15,1,27,2,1,4,1,7,9,8,20,1,12,81,1,21,121.5329758,25.0421024
114,03,07,11,13,12內湖區,內湖區舊宗路1段18號,0,0,1,1,B03,7,5,5,50,14,9,1,5,4,5,13,4,4,1,4,5,1,16,1,66,3,10,7,1,7,6,1,8,1,5,9,1,21,121.5820485,25.05683158
114,03,07,11,20,04大安區,大安區復興南路2段362號,0,0,1,1,B12,7,6,5,50,14,9,1,5,4,5,13,1,1,9,4,5,1,13,1,51,3,10,3,4,7,9,1,8,1,1,108,1,21,121.5432755,25.0217637
114,03,07,11,29,05中正區,中正區濟南路1段與林森南路口,0,0,1,1,C03,8,6,5,50,4,1,1,5,4,5,13,2,1,5,5,4,2,17,2,55,2,8,5,1,7,5,1,10,2,14,8,1,22,121.5226295,25.04245262
114,03,07,11,35,03中山區,中山區市民大道3段與八德路2段300巷口,0,0,1,1,B03,8,6,5,40,3,1,1,5,4,5,13,4,4,1,4,5,2,16,1,52,3,10,3,4,7,6,1,8,1,6,9,1,21,121.542898,25.0448725
114,03,07,12,50,02萬華區,萬華區桂林路與梧州街口,0,0,2,1,C03,7,7,5,50,4,1,1,5,4,5,13,4,4,4,3,5,2,11,2,61,2,1,6,1,7,5,1,10,1,12,71,1,22,121.4977386,25.0384722
114,03,07,12,58,08士林區,士林區福林路與自祥街口,0,0,1,1,B03,7,6,5,50,3,2,1,5,4,5,13,1,1,10,4,5,1,17,1,37,3,10,7,1,7,5,1,8,1,1,71,1,21,121.5330108,25.0969416
114,03,07,13,04,07信義區,信義區福德街300巷44弄與福德街300巷口,0,0,2,1,C03,7,6,5,30,4,1,1,5,4,5,13,4,4,10,5,5,1,15,1,46,2,8,6,1,7,9,1,10,1,11,72,1,22,121.5865286,25.0408378
114,03,07,13,05,07信義區,信義區吳興街7巷,0,0,1,1,C03,8,5,8,30,22,22,1,5,4,5,13,4,4,10,5,5,2,13,1,39,2,8,6,1,7,5,1,10,1,11,44,1,21,121.5596542,25.0324122
114,03,07,13,08,04大安區,大安區基隆路3段與長興街口,0,0,1,1,F02,8,6,5,0,14,20,4,5,4,5,13,4,4,10,5,5,2,11,1,69,3,10,3,4,7,9,8,20,1,14,17,1,21,121.5447072,25.0172741