發生年度,發生月,發生日,發生時-Hours,發生分,區序,肇事地點,死亡人數,2-30日死亡人數,受傷人數,當事人序號,車種,天候,光線,道路類別,速限-速度限制,道路型態,事故位置,路面狀況1,路面狀況2,路面狀況3,道路障礙1,道路障礙2,號誌1,號誌2,車道劃分-分向,車道劃分-分道1,車道劃分-分道2,車道劃分-分道3,事故類型及型態,性別,年齡,受傷程度,主要傷處,保護裝置,行動電話,車輛用途,當事者行動狀態,駕駛資格情形,駕駛執照種類,飲酒情形,車輛撞擊部位1,肇因碼-個別,個人肇逃否,職業,座標-X,座標-Y
114,03,07,13,45,03中山區,中山區中原街與新生北路3段3巷口,0,0,1,1,B03,8,7,5,30,4,1,1,5,4,5,13,4,4,9,4,5,2,17,2,34,3,10,7,1,7,9,1,8,1,4,72,1,21,121.5289786,25.0631645
114,03,07,14,02,03中山區,中山區民族東路與龍江路口,0,0,1,1,B11,7,7,5,50,3,1,1,5,4,5,13,2,1,1,4,4,2,17,1,31,3,10,7,1,7,5,1,3,1,8,44,1,21,121.5408339,25.0681789
114,03,07,14,02,07信義區,信義區虎林街81號,0,0,1,1,C03,7,6,5,30,14,9,1,5,4,5,13,4,4,10,5,5,2,2,1,45,3,10,5,1,7,1,1,10,2,11,19,1,22,121.5771289,25.0449829
114,03,07,14,20,08士林區,士林區士東路91巷49號與士東路91巷40弄口,0,0,1,1,H01,7,6,5,0,3,2,1,5,4,5,13,4,4,9,4,5,1,9,2,57,2,9,4,5,8,16,8,20,10,16,123,1,21,121.5298254,25.11371
114,03,07,14,32,02萬華區,萬華區華中橋與環河快速道路口往南匝道口往新北市,0,0,2,1,B03,7,6,5,50,8,7,1,5,4,5,13,1,1,1,4,3,2,12,1,42,3,10,7,1,7,9,1,8,1,1,108,1,21,121.4956313,25.0167467
114,03,07,14,50,08士林區,士林區忠誠路1段與德行東路口,0,0,1,1,,8,5,5,50,4,2,1,5,4,5,13,2,1,1,5,5,2,17,4,0,4,11,3,4,7,9,7,19,11,15,119,2,22,121.5305174,25.1084639
114,03,07,14,53,02萬華區,萬華區西寧南路126號,0,0,1,1,B01,7,6,5,50,14,9,1,5,4,5,13,4,4,10,4,5,2,17,1,64,4,11,3,4,7,8,7,19,9,17,100,2,22,121.5060037,25.0412041
114,03,07,15,08,09北投區,北投區承德路6段與河美街口,0,0,1,1,B12,7,6,5,50,4,1,1,5,4,5,13,2,1,1,4,4,2,16,1,55,3,10,7,1,7,6,1,8,1,6,9,1,21,121.5126397,25.0990716
114,03,07,15,36,12內湖區,內湖區新湖一路36巷與新湖一路口口,0,0,1,1,C03,7,5,5,50,4,1,1,5,4,5,13,4,4,5,5,5,2,15,1,38,2,9,6,1,7,9,1,10,2,12,72,1,21,121.5748343,25.0583785
114,03,07,15,43,10文山區,文山區辛亥隧道(內)(北往南第3涵洞),0,0,1,1,C03,7,5,5,50,6,9,1,5,4,5,13,4,4,1,2,5,1,17,1,22,2,8,6,1,7,9,1,10,1,12,108,1,21,121.5559296,25.01109465
114,03,07,16,21,10文山區,文山區興隆路1段70巷11弄與景明街口,0,0,1,1,F01,7,6,5,30,4,1,1,5,4,5,13,4,4,10,5,5,2,16,2,48,2,7,4,1,7,5,8,20,2,12,71,1,21,121.5409814,25.0015316
114,03,07,16,25,04大安區,大安區基隆路2段229號,0,0,1,1,C03,7,6,5,50,14,9,1,5,4,5,13,4,4,1,4,5,2,17,2,26,2,8,5,1,7,12,1,10,1,11,16,1,21,121.5506685,25.0225863
114,03,07,16,48,02萬華區,萬華區艋舺大道275巷與艋舺大道口,0,0,1,1,F02,7,6,5,0,3,1,1,5,4,5,13,4,4,1,4,5,2,17,1,12,2,7,2,4,7,1,8,20,1,11,108,1,14,121.4976408,25.0332581
114,03,07,17,05,05中正區,中正區中山南路與忠孝西路1段口,0,0,1,1,B01,7,6,5,50,4,1,1,4,4,5,13,1,1,8,4,3,1,17,1,36,3,10,7,1,7,8,1,4,2,2,44,1,22,121.5193001,25.0452582
114,03,07,17,32,12內湖區,內湖區內湖路2段300號,0,0,1,1,B03,7,6,6,30,14,9,1,5,4,5,13,4,4,5,5,5,2,12,1,57,3,10,3,4,7,1,1,8,2,4,19,1,22,121.5864747,25.0811118
114,03,07,18,07,12內湖區,內湖區堤頂大道1段與舊宗路2段附近口,0,0,1,1,B03,7,5,5,50,14,9,1,5,4,5,13,1,1,8,3,5,1,13,1,51,4,11,3,4,7,9,7,19,11,1,108,2,22,121.5732476,25.0722813
114,03,07,18,09,03中山區,中山區吉林路與民生東路2段口,0,0,1,1,B03,7,5,5,50,4,1,1,5,4,5,13,1,1,5,4,5,2,16,2,59,3,10,7,1,7,9,1,8,1,1,42,1,21,121.5301575,25.0579352
114,03,07,18,16,08士林區,士林區中正路345號,0,0,1,1,B03,7,5,5,50,14,9,1,5,4,5,13,4,4,1,1,5,1,12,1,60,4,11,3,4,7,8,1,8,11,5,100,2,22,121.5181327,25.08713982
114,03,07,18,21,03中山區,中山區市民大道3段與復興南路1段口,0,0,1,1,C03,7,5,5,50,4,2,1,5,4,5,13,1,1,1,4,5,2,17,1,24,2,9,5,1,7,9,3,18,1,12,13,1,21,121.5435093,25.04492349
114,03,07,18,30,03中山區,中山區伊通街68-2號,0,0,1,1,C03,7,5,5,50,14,9,1,5,4,5,13,4,4,8,3,5,2,16,2,23,3,10,6,1,7,11,1,10,2,12,10,1,21,121.5348266,25.0530354
114,03,07,18,33,07信義區,信義區松仁路240巷與吳興街口口,0,0,1,1,C03,6,5,5,30,4,2,1,4,4,5,13,4,4,9,5,5,2,17,2,36,3,10,6,1,7,5,1,10,1,17,72,1,22,121.568202,25.0242199
114,03,07,18,35,12內湖區,內湖區石潭路與石潭路131巷口,0,0,1,1,B03,6,5,5,50,4,1,1,4,4,4,12,1,1,5,4,5,1,17,1,53,3,10,7,1,7,5,1,8,1,1,74,1,21,121.5888986,25.0630648
114,03,07,18,36,04大安區,大安區光復南路290巷與光復南路290巷口廢鐵道口,0,0,1,1,B01,7,5,5,30,4,1,1,5,4,5,13,4,4,5,5,5,1,9,1,58,4,11,3,4,7,9,1,4,9,4,70,1,21,121.5566727,25.039406
114,03,07,18,40,03中山區,中山區北安路與北安路458巷口,0,0,3,1,B03,7,5,5,30,4,1,1,5,4,5,13,2,1,1,3,5,2,15,2,46,3,10,3,4,7,9,1,8,1,1,81,1,21,121.5444985,25.0797965
114,03,07,19,25,02萬華區,萬華區中華路2段與艋舺大道口,0,0,1,1,C03,8,5,8,50,22,22,1,5,4,5,13,1,1,10,5,5,2,17,1,60,3,10,3,4,7,8,1,10,1,13,100,1,21,121.5055555,25.0346212
114,03,07,21,30,03中山區,中山區敬業四路33號旁,0,0,1,1,B01,6,6,6,50,14,9,1,4,4,5,13,4,4,9,4,5,2,17,1,37,3,10,3,4,7,14,1,4,1,4,40,1,21,121.5584913,25.0814222
114,03,07,21,31,10文山區,文山區木新路3段與木新路3段172巷口口,0,0,1,1,B02,6,5,5,50,3,1,1,4,4,5,13,4,4,5,5,4,2,12,1,45,3,10,7,1,7,8,1,8,1,2,100,1,21,121.5606627,24.9816423
114,03,07,21,52,05中正區,中正區南昌路2段81號,0,0,1,1,B03,6,5,5,50,14,9,1,4,4,5,13,4,4,9,5,5,2,12,1,50,3,10,7,1,7,7,1,8,1,4,44,1,22,121.5205898,25.02725673
114,03,07,22,15,04大安區,大安區新生南路3段與新生南路3段60巷口,0,0,2,1,B01,6,5,5,50,3,2,1,4,4,5,13,2,1,3,4,5,1,12,1,60,3,10,3,4,7,8,1,4,1,17,44,1,21,121.5339323,25.0201335
114,03,07,22,21,11南港區,南港區新民街與新民街25巷口口,0,0,1,1,B03,6,5,5,50,3,2,1,4,5,4,13,4,4,9,5,5,2,17,1,30,3,10,3,4,7,6,1,8,1,17,17,1,22,121.6133139,25.0561859
114,03,07,22,27,08士林區,士林區重陽橋(士林往三重),0,0,3,1,C03,6,5,5,40,14,11,1,4,4,5,13,4,4,1,4,5,1,13,1,28,3,10,3,4,7,9,1,10,1,17,32,1,22,121.5073171,25.08635583
114,03,07,23,25,11南港區,南港區經貿二路157巷36弄與重陽路口,0,0,1,1,B03,6,5,5,50,3,1,1,4,4,5,13,4,4,4,3,5,2,2,1,57,3,10,3,4,7,6,1,8,2,1,70,1,22,121.6140204,25.0628293
114,03,08,00,54,05中正區,中正區臨沂街與臨沂街75巷口,0,0,1,1,C03,7,5,5,30,4,1,1,4,4,5,13,4,4,10,5,5,2,15,2,41,2,9,5,1,7,9,1,9,1,12,75,1,21,121.527966,25.03491618
114,03,08,01,39,12內湖區,內湖區新明路298巷與南京東路6段口,0,0,2,1,C03,6,5,5,50,4,1,1,4,4,5,13,2,1,5,4,5,2,17,1,26,2,9,6,1,7,9,1,10,1,11,81,1,21,121.5817525,25.0569239
114,03,08,02,05,04大安區,大安區忠孝東路4段與敦化南路1段口,0,0,1,1,B03,8,5,5,50,14,9,2,5,4,5,13,4,4,1,4,5,2,13,1,30,3,10,7,1,7,9,6,8,1,1,44,1,21,121.5493315,25.0416071
114,03,08,05,54,03中山區,中山區中山北路2段與民生西路口,0,0,1,1,B03,7,5,5,50,4,1,1,5,4,5,13,1,1,5,4,5,2,17,1,31,3,10,7,1,7,6,1,8,1,2,9,1,21,121.522858,25.05788258
114,03,08,06,55,07信義區,信義區仁愛路4段與光復南路口,0,0,1,1,C03,6,7,5,50,4,1,1,4,4,5,13,1,1,3,4,5,2,23,1,59,2,9,5,1,7,9,1,10,1,11,116,1,21,121.5575879,25.0379349
114,03,08,08,32,05中正區,中正區基隆高架道路與水源快速道路口引道,0,0,1,1,B03,6,6,5,50,3,1,1,4,4,5,13,4,4,1,4,5,1,17,2,67,3,10,7,1,7,9,1,8,11,5,72,2,21,121.515341,25.0237468
114,03,08,08,48,07信義區,信義區光復南路200號對面,0,0,1,1,C03,7,6,5,50,14,9,1,4,4,5,13,4,4,1,4,5,2,12,1,56,3,10,6,1,7,9,1,10,2,13,16,1,22,121.5584079,25.0420764
114,03,08,09,00,11南港區,南港區南港路2段與南港路2段60巷口,0,0,3,1,C03,7,6,5,40,3,2,1,4,4,5,13,1,1,5,4,4,2,12,1,55,3,10,6,1,7,8,1,10,2,13,100,1,23,121.60423,25.0538936
114,03,08,09,27,02萬華區,萬華區康定路與西園路1段282巷口,0,0,1,1,B01,7,6,5,50,3,1,1,5,4,5,13,4,4,5,4,5,2,16,1,48,3,10,7,1,7,6,1,4,1,1,73,1,21,121.5007786,25.0336938
114,03,08,09,59,01大同區,大同區塔城街與忠孝西路1段口,0,0,1,1,B01,7,6,5,50,5,2,1,5,4,5,13,4,4,5,5,5,2,12,1,56,3,10,7,1,7,9,1,4,2,2,108,1,21,121.5101658,25.0485228
114,03,08,10,07,08士林區,士林區承德路5段與士商路口,0,0,1,1,C03,7,6,5,60,4,2,1,5,4,5,13,1,1,10,4,4,1,17,2,28,3,10,6,1,7,9,1,10,1,11,108,1,21,121.5141381,25.0960771
114,03,08,10,17,02萬華區,萬華區忠孝橋下橋處（7010680燈桿）,0,0,3,1,C03,7,7,5,50,8,11,1,5,4,5,13,4,4,1,2,5,2,13,1,18,2,8,5,1,7,9,1,10,1,11,16,1,21,121.5070489,25.0486492
114,03,08,10,43,03中山區,中山區新生北路2段與新生北路2段15巷口,0,0,1,1,C03,8,7,5,30,3,1,1,5,4,5,13,4,4,9,4,5,2,17,1,32,2,9,5,1,7,6,1,10,1,12,16,1,21,121.5279272,25.05301246
114,03,08,10,57,08士林區,士林區德行西路與福華路口,0,0,1,1,C04,7,5,5,50,4,2,1,5,4,5,13,1,1,5,5,5,2,17,2,75,2,9,5,1,7,15,1,11,1,13,42,1,22,121.5220618,25.1046665
114,03,08,11,45,04大安區,大安區基隆路2段206號,0,0,1,1,B03,7,6,5,50,14,9,1,5,4,5,13,4,4,3,4,5,1,12,1,70,3,10,3,4,7,1,1,8,2,4,19,1,21,121.5517585,25.0237413
114,03,08,11,54,09北投區,北投區稻香路與樹林路口口,0,0,1,1,B01,8,6,5,40,3,2,1,5,4,5,13,1,1,10,5,5,2,14,1,65,3,10,7,1,7,2,1,4,1,6,12,1,21,121.4900458,25.1424954
114,03,08,12,07,10文山區,文山區景文街與景興路282巷口口,0,0,2,1,B12,7,6,5,50,5,1,1,5,4,5,13,2,1,5,5,4,2,16,1,58,3,10,7,1,7,11,1,8,2,4,92,1,21,121.5409368,24.9898225
114,03,08,12,08,04大安區,大安區仁愛路3段與仁愛路3段24巷口,0,0,1,1,B03,7,6,5,30,3,1,1,5,4,5,13,4,4,1,4,5,1,16,1,34,3,10,3,4,7,5,1,8,1,2,72,1,21,121.535607,25.0377815
114,03,08,12,19,05中正區,中正區忠孝東路2段與杭州北路口,0,0,2,1,C03,7,6,5,50,4,2,1,5,4,5,13,1,1,3,4,5,2,13,1,21,2,7,5,1,7,9,1,10,1,11,44,1,22,121.5271122,25.0439704
114,03,08,12,30,08士林區,士林區福國路47巷與中山北路5段829巷口,0,0,1,1,B03,7,6,5,30,4,1,1,5,4,5,13,4,4,10,5,5,2,15,1,30,3,10,7,1,7,9,1,8,2,8,72,1,22,121.5238762,25.1013507
114,03,08,12,32,12內湖區,內湖區東湖路113巷95弄與東湖路113巷口,0,0,1,1,C03,7,7,5,30,4,1,1,5,4,5,13,2,1,10,5,5,2,16,1,25,3,10,5,1,7,4,1,10,9,12,5,1,21,121.615641,25.0720402
114,03,08,12,50,07信義區,信義區松智路與松平路口,0,0,1,1,C03,7,6,5,30,4,1,1,5,4,5,13,2,1,8,4,5,2,17,1,41,2,8,3,4,7,15,1,10,1,12,71,1,21,121.5653977,25.0304769
114,03,08,13,30,08士林區,士林區士東路與芝玉路2段口,0,0,1,1,B03,7,6,5,50,3,1,1,5,4,5,13,1,1,1,4,5,2,17,2,37,3,10,7,1,7,11,1,8,1,6,10,1,22,121.5353324,25.113021
114,03,08,13,40,08士林區,士林區中正路與雨農路口,0,0,1,1,B03,7,5,5,50,5,1,1,5,4,5,13,2,1,1,4,5,2,11,1,42,3,10,7,1,7,9,6,18,1,5,85,1,21,121.5321602,25.0967116
114,03,08,14,54,06松山區,松山區民權東路3段與民族東路口,0,0,2,1,B12,7,6,5,50,3,1,1,5,4,5,13,4,4,1,4,5,2,16,1,68,3,10,7,4,7,6,1,8,1,2,9,1,21,121.5499756,25.0617781
114,03,08,15,17,12內湖區,內湖區行善路70號,0,0,1,1,B03,7,6,5,50,14,9,1,5,4,5,13,4,4,10,3,5,1,16,1,40,3,10,7,1,7,11,1,8,2,1,10,1,21,121.5766505,25.0581114
114,03,08,17,21,04大安區,大安區市民大道3段與新生北路1段口,0,0,3,1,B03,7,5,5,50,14,9,1,5,4,5,13,2,1,10,5,5,2,13,1,20,3,10,3,4,7,9,1,8,1,1,16,1,21,121.5328683,25.0454326
114,03,08,18,16,05中正區,中正區新生南路1段與八德路1段口,0,0,2,1,B03,7,5,5,50,4,1,1,5,4,5,13,1,1,3,4,5,1,13,1,38,3,10,7,1,7,6,1,8,2,3,9,1,22,121.5327716,25.0444022
114,03,08,18,19,03中山區,中山區內湖路1段與堤頂大道2段口,0,0,1,1,B03,8,5,5,50,14,9,1,5,4,5,13,2,1,1,4,5,2,12,1,18,3,10,7,1,7,8,1,8,1,5,100,1,21,121.5601058,25.0847097
114,03,08,18,25,07信義區,信義區永吉路180巷66弄與永吉路120巷口,0,0,1,1,B02,7,5,5,30,4,1,1,5,4,5,13,1,1,9,5,5,2,17,1,36,3,10,7,4,7,5,1,8,9,2,71,2,21,121.5702623,25.0435497
114,03,08,18,46,06松山區,松山區健康路與南京東路4段75巷口,0,0,1,1,B03,7,5,5,30,4,1,1,5,4,5,13,2,1,9,4,5,2,3,1,53,3,10,7,1,7,5,1,8,1,8,70,1,22,121.5537788,25.0533879
114,03,08,19,17,01大同區,大同區忠孝西路2段0802436燈桿,0,0,2,1,C03,8,5,5,50,14,9,1,5,4,5,13,4,4,9,4,5,2,13,2,60,2,9,5,1,7,8,1,10,2,11,16,1,22,121.5092964,25.0483552
114,03,08,19,18,07信義區,信義區基隆路2段與嘉興街175巷口口,0,0,1,1,B02,8,5,5,50,3,1,1,5,4,5,13,4,4,1,4,5,2,17,1,30,3,10,3,4,7,6,1,8,2,6,9,1,22,121.5566176,25.02795
114,03,08,19,30,12內湖區,內湖區行善路281巷與新豐街口,0,0,1,1,C03,7,5,5,30,4,1,1,5,4,5,13,4,4,5,5,5,2,15,1,34,2,9,5,1,7,9,1,10,2,12,75,1,21,121.583164,25.0598309
114,03,08,20,27,07信義區,信義區松智路17號,0,0,2,1,B01,8,5,5,50,14,9,1,5,4,5,13,4,4,9,4,5,2,12,1,40,3,10,7,1,7,1,1,4,1,4,19,1,21,121.5654966,25.0349425
114,03,08,20,36,01大同區,大同區延平北路4段205號,0,0,1,1,B03,7,5,5,30,14,9,1,5,4,5,13,2,1,10,4,5,2,16,1,38,3,10,3,4,7,6,1,8,1,5,9,1,21,121.5116091,25.0743213
114,03,08,20,52,02萬華區,萬華區西園路2段與西園路2段225巷口,0,0,2,1,F01,8,5,5,50,3,1,1,5,4,5,13,1,1,1,4,5,2,17,1,44,2,9,4,4,7,5,8,20,1,13,8,1,21,121.4945022,25.0275176
114,03,08,20,52,10文山區,文山區指南路3段40巷樟湖幹192,0,0,1,1,B03,7,5,5,30,11,9,1,4,4,5,13,4,4,10,5,5,2,11,1,27,3,10,7,1,7,9,1,8,1,8,17,1,21,121.5987822,24.96834415
114,03,08,21,05,03中山區,中山區建國北路3段與農安街口,0,0,1,1,B03,7,5,5,50,3,18,1,5,4,5,13,1,1,5,5,5,2,1,2,21,3,10,7,1,7,5,1,8,1,8,70,1,21,121.5367717,25.06515216
114,03,08,21,29,07信義區,信義區仁愛路4段與光復南路口口,0,0,3,1,B03,8,5,5,50,4,1,1,5,4,5,13,2,1,1,4,5,2,17,1,34,2,7,3,4,7,6,1,8,2,5,98,1,22,121.5576309,25.0378126
114,03,08,22,29,08士林區,士林區中正路與承德路4段口,0,0,3,1,C03,8,5,5,50,3,1,1,5,4,5,13,4,4,1,5,5,2,13,1,20,2,7,6,1,7,9,1,9,1,11,108,1,21,121.5160863,25.0906135
114,03,08,22,45,11南港區,南港區三重路41巷35號,0,0,1,1,B03,8,5,5,30,14,9,1,5,4,5,13,4,4,10,5,5,2,12,2,46,3,10,3,4,7,5,1,8,9,4,8,1,22,121.6131694,25.0599493
114,03,08,23,10,05中正區,中正區水源快速道路與詔安街口上方,0,0,1,1,B03,8,5,5,60,14,9,1,5,4,5,13,4,4,2,4,5,1,17,1,29,3,10,7,1,7,9,1,8,1,1,44,1,21,121.5143936,25.0239463
114,03,09,06,40,02萬華區,萬華區青年路8號,0,0,1,1,A02,7,6,5,30,14,9,1,5,4,5,13,4,4,5,4,5,2,9,2,50,3,10,7,1,7,14,1,2,1,17,42,1,21,121.5062167,25.026107
114,03,09,06,49,03中山區,中山區濱江街與復興北路地下道口,0,0,1,1,B03,7,6,5,40,4,1,1,5,4,5,13,1,1,1,4,5,2,16,1,49,3,10,3,4,7,6,1,8,9,2,9,1,22,121.5444956,25.0719596
114,03,09,08,11,09北投區,北投區中央北路2段與中央北路2段131巷口,0,0,1,1,B12,8,7,5,30,3,1,1,5,4,5,13,4,4,4,4,5,2,16,1,64,3,10,7,1,7,5,1,8,2,7,42,1,22,121.49441,25.13739109
114,03,09,09,31,04大安區,大安區金華街與新生南路2段口,0,0,2,1,C03,8,6,5,40,3,1,1,5,4,5,13,1,1,1,1,5,2,9,2,24,2,9,5,1,7,9,1,10,1,14,70,1,21,121.533871,25.0305891
114,03,09,09,53,01大同區,大同區環河北路1段與忠孝西路1段口,0,0,1,1,B12,8,6,5,50,3,2,1,5,4,5,13,1,1,8,3,5,1,16,1,49,3,10,3,4,7,11,1,8,1,2,10,1,21,121.5062685,25.0490828
114,03,09,10,05,02萬華區,萬華區和平西路3段與西園路1段口,0,0,1,1,A02,8,6,5,50,4,2,1,5,4,5,13,2,1,1,4,4,2,9,1,58,3,10,7,1,7,1,1,2,1,17,44,1,21,121.4988412,25.0351633
114,03,09,10,43,07信義區,信義區忠孝東路5段與大道路口,0,0,1,1,C03,7,6,5,50,5,1,1,5,4,5,13,2,1,8,3,5,2,17,1,73,3,10,3,4,7,7,1,10,1,17,100,1,21,121.5812971,25.0434439
114,03,09,10,45,05中正區,中正區徐州路2號,0,0,1,1,B03,8,6,5,50,14,9,1,5,4,5,13,4,4,9,5,4,1,12,1,70,3,10,7,1,7,11,1,8,2,4,10,1,22,121.5210746,25.0413105
114,03,09,11,12,02萬華區,萬華區萬大路420號,0,0,2,1,C03,7,7,5,50,14,9,1,5,4,5,13,4,4,1,4,5,2,16,1,18,2,9,3,4,7,8,1,10,1,14,100,1,22,121.4982599,25.0210583
114,03,09,11,41,10文山區,文山區政大一街與萬壽路口,0,0,1,1,C03,8,7,5,30,3,2,1,5,4,5,13,4,4,5,5,5,2,17,1,70,2,8,6,1,7,5,1,10,1,11,118,1,21,121.5876596,24.9879322
114,03,09,11,42,05中正區,中正區林森北路與北平東路口,0,0,1,1,B01,7,5,5,50,4,1,1,5,4,5,13,1,1,9,4,5,2,17,1,57,3,10,7,1,7,5,1,4,2,2,71,1,21,121.5238142,25.0463986
114,03,09,11,53,10文山區,文山區木柵路4段與秀明路1段口,0,0,1,1,B03,8,6,5,50,4,1,1,5,4,5,13,2,1,10,5,5,2,17,1,47,3,10,7,4,7,6,1,6,2,2,9,1,21,121.5710751,24.9917527
114,03,09,11,55,03中山區,中山區建國北路1段與南京東路3段口,0,0,2,1,B03,8,7,5,50,5,1,1,5,4,5,13,2,1,1,4,5,2,16,1,27,3,10,7,1,7,6,1,8,1,6,9,1,21,121.5370401,25.0518622
114,03,09,12,00,08士林區,士林區德行東路331巷50弄與德行東路331巷36弄口,0,0,1,1,B03,7,6,5,30,4,2,1,5,4,5,13,4,4,10,5,5,1,36,2,53,2,9,7,1,7,9,1,8,1,8,22,1,21,121.5231865,25.11569421
114,03,09,12,16,04大安區,大安區新生南路3段與新生南路3段56巷口南往北,0,0,1,1,C03,8,7,5,50,14,7,1,5,4,5,13,2,1,1,4,4,2,13,2,62,2,9,3,4,7,9,1,10,1,11,108,1,21,121.5341227,25.0203539
114,03,09,12,38,09北投區,北投區竹子湖路與中興路口口,0,0,1,1,B03,8,6,5,40,3,1,1,5,4,5,13,4,4,5,5,5,2,16,1,52,3,10,7,1,7,5,1,8,9,17,74,2,21,121.5447136,25.1631733
114,03,09,12,39,04大安區,大安區和平東路1段與和平東路1段141巷口,0,0,1,1,B02,8,6,5,50,4,1,1,5,4,5,13,2,1,3,4,3,1,16,1,31,3,10,3,4,7,5,1,8,1,5,71,1,21,121.5304047,25.0265445
114,03,09,13,00,12內湖區,內湖區舊宗路1段與新湖一路口,0,0,2,1,C03,8,7,5,50,14,9,1,5,4,5,13,1,1,1,4,5,1,13,2,61,2,7,5,1,7,9,1,10,1,11,76,1,21,121.5793926,25.060177
114,03,09,13,05,05中正區,中正區忠孝西路1段與重慶北路1段口,0,0,1,1,A02,8,6,5,50,5,1,1,5,4,5,13,1,1,3,4,5,1,9,1,49,3,10,7,1,7,7,1,2,2,9,118,1,21,121.5132937,25.0473767
114,03,09,13,05,07信義區,信義區信義路6段37號,0,0,2,1,C03,8,5,8,50,22,22,1,5,4,5,13,4,4,9,4,5,2,17,2,18,2,9,6,1,7,6,1,10,2,12,9,1,22,121.576093,25.0347843
114,03,09,13,51,10文山區,文山區木柵路3段112號,0,0,1,1,C03,7,5,5,50,14,9,1,5,4,5,13,4,4,9,5,5,2,13,1,56,2,8,3,4,7,9,1,10,2,11,16,1,22,121.5675482,24.9887137
114,03,09,13,57,10文山區,文山區老泉街45巷第060號燈桿,0,0,1,1,F01,8,6,5,30,11,9,1,5,4,5,13,4,4,10,5,5,1,17,2,23,2,8,4,1,7,9,8,20,1,11,5,1,21,121.5686739,24.9730347
114,03,09,14,08,09北投區,北投區大業路與中央北路1段口,0,0,1,1,B03,8,6,5,50,4,1,1,5,4,5,13,1,1,1,4,1,2,16,1,66,3,10,7,1,7,5,1,8,1,1,8,1,21,121.4972034,25.1360124
114,03,09,14,30,12內湖區,內湖區堤外便道(基十三號疏散門）,0,0,2,1,F01,7,5,5,30,14,23,1,5,4,5,13,4,4,9,5,5,1,3,2,41,2,9,2,1,7,9,8,20,1,12,108,1,21,121.613409,25.0676209
114,03,09,14,38,06松山區,松山區南京東路4段與光復北路口,0,0,1,1,B01,8,6,5,50,14,9,1,5,4,5,13,2,1,9,4,5,2,12,1,51,3,10,7,1,7,9,1,4,1,2,108,1,21,121.5571255,25.05147695
114,03,09,15,09,04大安區,大安區信義路4段與大安路1段口,0,0,2,1,F01,8,5,5,0,4,2,1,5,4,5,13,2,1,9,5,5,2,16,1,15,2,9,2,1,7,11,8,20,1,12,11,1,21,121.5461299,25.0333901
114,03,09,15,46,09北投區,北投區大度路西往東,0,0,1,1,C01,8,6,5,60,14,7,1,5,4,5,13,1,1,1,4,1,2,13,1,26,2,7,6,1,7,9,1,9,1,11,16,1,21,121.4930889,25.1213971
114,03,09,15,55,02萬華區,萬華區堤外便道自行車道（燈桿：華中439）,0,0,2,1,F02,8,7,7,30,22,23,1,5,4,5,13,4,4,10,5,5,2,17,2,13,2,8,4,1,7,5,8,20,1,14,44,1,21,121.4886211,25.0272268
114,03,09,16,35,03中山區,中山區大佳河濱公園與大佳河濱公園口自行車道,0,0,2,1,F01,8,7,7,40,3,1,5,5,4,5,13,4,4,10,5,5,2,15,2,12,2,8,4,1,7,11,8,20,1,14,11,1,22,121.5304192,25.07426771
114,03,09,16,51,01大同區,大同區南京西路與南京西路25巷口,0,0,2,1,C03,7,6,5,50,4,2,1,5,4,5,13,1,1,1,5,5,2,17,2,46,2,9,5,1,7,5,1,10,1,12,8,1,21,121.5202885,25.05271268
114,03,09,17,20,05中正區,中正區市民大道1段與市民大道1段口地下街Y6出口,0,0,1,1,A03,8,5,5,40,14,9,1,5,4,5,13,4,4,1,4,5,1,17,1,48,3,10,7,4,7,7,1,2,9,2,100,2,21,121.5176134,25.0484444
114,03,09,17,40,10文山區,文山區興隆路3段112巷2弄13號,0,0,1,1,C03,8,5,5,30,14,9,1,5,4,5,13,4,4,10,5,5,1,13,1,51,2,8,6,1,7,9,1,10,1,11,16,1,21,121.5567306,24.9993149
114,03,09,17,50,08士林區,士林區承德路4段與承德路4段195巷口,0,0,2,1,C03,8,5,5,50,3,1,1,5,4,5,13,4,4,1,4,5,1,17,2,68,2,9,5,1,7,6,1,10,1,12,9,1,21,121.5218769,25.0880854
114,03,09,18,00,02萬華區,萬華區昆明街15-1號,0,0,2,1,C03,7,5,5,50,14,9,1,5,4,5,13,4,4,10,5,5,2,17,1,65,2,8,5,1,7,8,1,10,1,13,100,1,21,121.5058301,25.0465675
114,03,09,18,25,08士林區,士林區文林路與雙溪街口,0,0,2,1,C03,8,6,5,50,5,2,1,5,4,5,13,2,1,9,4,4,1,17,1,41,3,10,5,1,7,5,1,10,2,14,71,1,21,121.5233675,25.0997364
114,03,09,18,55,07信義區,(松山路590號前),0,0,1,1,B03,7,5,5,50,22,9,1,5,4,5,13,4,4,9,4,5,1,17,1,56,3,10,3,4,7,5,1,8,1,4,8,1,21,121.5783665,25.0367
114,03,09,18,59,09北投區,北投區中央北路4段北往南方向關渡公車站牌旁,0,0,2,1,B03,8,5,5,50,22,9,1,5,4,5,13,4,4,4,4,5,2,12,1,43,3,10,7,1,7,10,1,8,1,2,100,1,21,121.4653638,25.1250683
114,03,09,19,37,04大安區,大安區辛亥路2段臨138號,0,0,2,1,C03,8,7,5,50,14,9,1,5,4,5,13,4,4,1,4,5,2,17,1,26,2,9,3,4,7,5,1,10,1,14,103,1,21,121.5352753,25.0223045