發生年度,發生月,發生日,發生時-Hours,發生分,區序,肇事地點,死亡人數,2-30日死亡人數,受傷人數,當事人序號,車種,天候,光線,道路類別,速限-速度限制,道路型態,事故位置,路面狀況1,路面狀況2,路面狀況3,道路障礙1,道路障礙2,號誌1,號誌2,車道劃分-分向,車道劃分-分道1,車道劃分-分道2,車道劃分-分道3,事故類型及型態,性別,年齡,受傷程度,主要傷處,保護裝置,行動電話,車輛用途,當事者行動狀態,駕駛資格情形,駕駛執照種類,飲酒情形,車輛撞擊部位1,肇因碼-個別,個人肇逃否,職業,座標-X,座標-Y
114,03,15,08,19,12內湖區,內湖區五分街與五分街14巷口,0,0,1,1,B03,6,7,5,50,4,1,1,4,4,5,13,4,4,4,5,5,1,9,1,66,3,10,7,1,7,5,1,8,1,4,108,1,21,121.6137093,25.0674737
114,03,15,08,28,07信義區,信義區市府路與仁愛路4段口,0,0,1,1,C03,6,7,5,50,3,1,1,4,4,5,13,1,1,5,4,5,2,12,1,43,2,9,3,4,7,9,1,10,1,11,108,1,21,121.5636773,25.0374098
114,03,15,08,32,11南港區,南港區忠孝東路7段99號,0,0,1,1,B03,6,5,5,50,14,8,1,4,4,5,13,4,4,3,4,4,2,12,1,59,3,10,3,4,7,8,1,8,1,6,100,1,22,121.5985314,25.0510477
114,03,15,09,05,08士林區,士林區重慶北路4段34號,0,0,1,1,B03,6,7,5,50,14,9,1,4,4,5,13,4,4,1,4,5,1,12,1,48,3,10,7,1,7,8,1,8,1,2,100,1,21,121.5134739,25.0808338
114,03,15,09,07,01大同區,大同區民權西路(大橋頭站2號出口）,0,0,1,1,B03,6,6,5,50,14,9,1,4,4,5,13,4,4,1,4,5,2,17,1,55,3,10,7,1,7,1,1,8,2,8,19,1,21,121.5131336,25.06313502
114,03,15,09,34,09北投區,北投區明德路337巷與石牌路2段90巷口,0,0,2,1,F01,6,6,5,30,3,2,1,4,4,5,13,4,4,10,5,5,2,15,2,17,2,8,4,1,7,9,8,20,1,12,72,1,16,121.5187357,25.1170072
114,03,15,09,38,08士林區,士林區延平北路7段106巷與無名巷口,0,0,1,1,C03,6,6,5,30,3,1,1,4,4,5,13,4,4,10,5,5,2,13,1,53,2,9,3,4,7,9,1,10,2,11,16,1,21,121.4961105,25.10150383
114,03,15,09,40,03中山區,中山區明水路與樂群一路口,0,0,1,1,B03,6,7,5,50,14,9,1,4,4,5,13,1,1,1,4,5,2,13,2,54,3,10,7,1,7,9,1,8,1,1,108,1,21,121.5517148,25.0772917
114,03,15,09,55,04大安區,大安區基隆路2段與樂業街口,0,0,1,1,C03,6,6,5,50,4,2,1,4,4,5,13,2,1,1,4,5,1,17,2,41,4,11,3,4,7,15,7,19,11,15,100,2,22,121.5504399,25.0224356
114,03,15,10,40,11南港區,南港區松河街與興華路口,0,0,2,1,H01,6,7,5,50,6,9,1,4,4,5,13,4,4,5,5,5,2,3,1,42,2,7,4,5,8,16,8,20,10,16,121,1,21,121.6053143,25.0588141
114,03,15,10,49,03中山區,中山區建國高架道往北濱江閘道,0,0,1,1,B03,6,7,5,70,10,9,1,4,4,5,13,4,4,1,4,5,2,13,1,41,2,9,7,1,7,9,1,8,1,1,16,1,22,121.5392343,25.07268027
114,03,15,10,58,01大同區,大同區環河北路1段與民生西路口口,0,0,1,1,C03,6,5,5,50,5,2,1,4,4,5,13,2,1,7,4,5,2,13,1,27,2,8,5,1,7,12,1,10,1,12,16,1,22,121.5082497,25.0566945
114,03,15,11,30,07信義區,信義區虎林街57-17號,0,0,2,1,C03,7,5,5,50,14,9,1,4,4,5,13,4,4,9,5,5,2,3,1,61,2,9,6,1,7,9,1,10,2,11,108,1,21,121.5769499,25.0467103
114,03,15,11,50,03中山區,中山區市民大道3段與建國南路1段口,0,0,2,1,C03,6,7,5,40,14,9,1,4,4,5,13,4,4,1,4,5,2,12,1,23,2,9,5,1,7,9,1,10,1,11,44,1,21,121.5373882,25.0448327
114,03,15,11,50,04大安區,大安區敦化南路2段81巷與敦化南路2段口,0,0,2,1,H01,7,5,5,50,4,2,1,4,4,5,13,1,1,1,1,1,1,3,1,83,2,9,4,5,8,16,8,20,10,16,122,1,21,121.548985,25.0300461
114,03,15,12,10,07信義區,信義區基隆路2段21號,0,0,1,1,C03,7,5,5,50,14,9,1,4,4,5,13,4,4,1,4,5,2,13,1,21,2,9,6,1,7,9,1,10,1,11,108,1,21,121.5589386,25.031821
114,03,15,13,00,06松山區,松山區復興北路地下道南往北(濱江街往南70公尺),0,0,2,1,C03,6,5,5,40,7,9,1,4,4,5,13,4,4,9,4,5,2,13,2,20,2,7,6,4,7,9,1,10,1,11,16,1,21,121.5443808,25.0692406
114,03,15,13,22,01大同區,大同區太原路50號,0,0,1,1,B01,,,,,,,,,,,,,,,,,,,,,,,,,,,,,,,,,,,
114,03,15,13,40,07信義區,信義區信義路5段與松智路口側附近口,0,0,1,1,H01,7,6,5,0,4,18,1,4,4,5,13,2,1,8,3,5,2,3,1,45,2,9,4,5,8,16,8,20,10,16,122,1,22,121.5653637,25.0327492
114,03,15,14,47,02萬華區,萬華區西寧南路與成都路口,0,0,1,1,B03,6,6,5,50,4,1,1,4,4,5,13,2,1,10,4,5,2,13,1,36,3,10,7,1,7,6,1,8,1,2,9,1,21,121.5059149,25.0428202
114,03,15,15,22,03中山區,中山區中山北路2段81號,0,0,1,1,B03,6,6,5,50,14,8,1,4,4,5,13,4,4,1,5,1,1,12,1,37,3,10,3,4,7,1,1,8,9,7,19,1,21,121.5230189,25.05835182
114,03,15,15,35,07信義區,信義區松壽路與市府路口,0,0,1,1,C03,7,6,5,50,4,1,1,4,4,5,13,2,1,9,4,5,1,18,2,21,2,8,3,4,7,12,1,10,1,14,42,1,21,121.5635248,25.0359444
114,03,15,15,44,04大安區,大安區和平東路3段1巷10弄7號,0,0,1,1,B03,7,5,5,30,14,9,1,4,4,5,13,4,4,10,5,5,2,8,2,69,3,10,7,1,7,9,1,8,1,1,108,1,21,121.5465152,25.0252486
114,03,15,15,53,09北投區,北投區大度路與中央北路2段257巷口,0,0,1,1,B03,6,7,5,70,5,1,1,4,4,5,13,2,1,1,4,3,1,16,1,70,3,10,7,1,7,6,1,8,1,2,98,1,21,121.4863644,25.1221087
114,03,15,16,05,04大安區,大安區和平東路3段與敦化南路2段口口,0,0,2,1,B12,6,6,5,50,4,1,1,4,4,5,13,2,1,1,4,5,2,16,1,45,2,9,3,4,7,5,6,18,2,2,80,1,22,121.548468,25.0246378
114,03,15,16,24,10文山區,(羅斯福路4段北向南),0,0,1,1,C03,6,6,5,50,14,9,1,4,4,5,13,4,4,1,4,5,2,13,1,23,2,4,6,1,7,7,1,10,1,11,100,1,21,121.5372419,25.00995803
114,03,15,17,00,12內湖區,內湖區民權東路6段與行忠路171巷口,0,0,1,1,B01,6,5,5,50,3,2,1,4,4,5,13,4,4,1,5,5,2,17,1,54,3,10,7,1,7,6,1,8,1,4,80,1,21,121.5811039,25.0676788
114,03,15,17,28,07信義區,信義區基隆路1段364巷13-19號社區出入口對面,0,0,1,1,B03,6,7,5,30,14,9,1,4,4,5,13,4,4,10,5,5,2,17,1,54,3,10,3,4,7,3,1,8,1,8,18,1,22,121.5595503,25.0351773
114,03,15,18,40,10文山區,文山區興隆路3段與興隆路3段255巷口口,0,0,1,1,C03,7,5,5,50,4,1,1,4,4,5,12,2,1,1,4,5,2,16,1,25,3,10,6,1,7,5,1,10,1,14,8,1,21,121.5587952,24.9927622
114,03,15,19,15,08士林區,士林區福國路與中山北路6段35巷口,0,0,1,1,B03,7,5,5,50,4,1,1,4,4,5,13,2,1,1,4,5,1,17,1,69,3,10,7,1,7,6,1,8,2,8,9,1,21,121.5246863,25.10231588
114,03,15,19,20,10文山區,文山區羅斯福路5段與羅斯福路5段211巷口,0,0,1,1,B03,7,5,5,50,4,2,1,5,4,5,13,2,1,1,4,5,2,16,1,33,3,10,7,1,7,11,1,8,2,2,83,1,21,121.538886,25.0023456
114,03,15,21,00,08士林區,士林區中正路與士商路口,0,0,2,1,C03,6,5,5,0,4,2,1,4,4,5,13,1,1,8,4,5,1,16,2,56,2,8,3,4,7,6,1,10,1,15,118,1,21,121.5187045,25.0922801
114,03,15,21,02,05中正區,中正區齊東街與濟南路2段口,0,0,1,1,B03,8,5,5,30,3,1,1,5,4,5,13,4,4,9,5,5,2,3,1,55,3,10,7,1,7,5,1,8,2,1,70,1,22,121.5269724,25.04137654
114,03,15,21,31,04大安區,大安區和平東路3段201號對面,0,0,1,1,B03,7,5,5,50,14,9,1,5,4,5,13,4,4,1,4,5,2,17,1,76,3,10,3,4,7,9,1,8,9,2,108,2,21,121.5533611,25.0234781
114,03,15,22,41,05中正區,中正區市民大道1段與承德路1段口,0,0,1,1,B01,6,5,5,40,5,2,1,4,4,5,13,1,1,1,4,5,2,17,1,66,3,10,7,1,7,8,1,4,1,17,100,1,21,121.5163675,25.04865202
114,03,15,22,51,02萬華區,萬華區忠孝橋往臺北下橋處,0,0,1,1,C04,6,5,5,50,8,11,1,4,4,5,13,1,1,6,3,4,2,13,1,23,3,10,5,1,7,9,1,10,2,11,108,1,21,121.5073762,25.048569
114,03,15,23,32,02萬華區,萬華區西園路2段與西園路2段140巷口,0,0,2,1,B03,6,5,5,50,4,1,1,4,4,5,13,1,1,1,4,5,2,16,1,38,3,10,7,1,7,5,1,8,1,5,71,1,21,121.4963011,25.030173
114,03,15,23,37,11南港區,南港區忠孝東路6段與忠孝東路6段278巷口,0,0,1,1,B03,7,5,5,50,3,1,1,5,4,5,13,2,1,1,4,4,2,17,1,27,3,10,7,1,7,5,1,8,2,2,71,1,21,121.5890861,25.0492156
114,03,15,23,40,01大同區,大同區延平北路4段與酒泉街口,0,0,2,1,C03,6,5,5,40,4,1,1,4,4,5,13,1,1,5,4,4,2,9,2,29,2,9,5,1,7,9,1,10,1,11,70,1,21,121.5109479,25.0720454
114,03,16,07,02,02萬華區,萬華區富民路71號,0,0,1,1,B03,6,6,5,30,14,9,1,4,4,5,13,4,4,10,4,5,2,3,1,50,3,10,3,4,7,9,1,8,1,1,70,1,22,121.4983551,25.0188726
114,03,16,08,20,08士林區,士林區延平北路6段與社中街口,0,0,1,1,B01,7,5,5,50,5,1,1,4,4,5,13,2,1,1,2,5,2,16,1,68,3,10,7,1,7,9,1,4,1,1,81,1,21,121.5012543,25.0903242
114,03,16,08,30,01大同區,大同區民族西路221巷與重慶北路3段236巷口,0,0,2,1,C03,6,6,5,30,4,1,1,4,4,5,13,4,4,9,4,5,2,15,2,46,2,8,6,1,7,9,1,10,1,14,72,1,21,121.513213,25.0705311
114,03,16,09,12,12內湖區,內湖區港墘路與港華街口,0,0,1,1,C03,8,6,5,30,4,1,1,5,4,5,13,2,1,5,5,5,2,17,2,56,3,10,5,1,7,6,1,10,9,12,9,2,21,121.5782669,25.08209201
114,03,16,09,40,05中正區,中正區公園路21號,0,0,1,1,B03,6,7,5,50,14,9,1,4,4,5,13,4,4,5,4,5,2,12,1,44,3,10,7,1,7,4,1,8,1,2,94,1,21,121.5151193,25.0378648
114,03,16,09,43,04大安區,大安區敦化南路1段295巷與仁愛路4段112巷口,0,0,1,1,F01,7,7,5,30,4,1,1,4,4,5,13,4,4,10,5,5,1,15,2,55,2,8,4,1,7,9,8,20,1,12,4,1,21,121.5496648,25.0354914
114,03,16,10,12,06松山區,松山區長春路與慶城街口,0,0,1,1,C03,7,6,5,50,4,1,1,5,4,5,13,1,1,5,4,5,2,12,1,33,2,9,5,1,7,15,1,10,1,14,100,1,21,121.5462832,25.0544983
114,03,16,10,15,05中正區,中正區臨沂街與臨沂街25巷口,0,0,1,1,B01,7,6,5,30,4,1,1,5,4,5,13,4,4,5,2,4,2,15,1,64,3,10,7,1,7,9,1,4,1,5,72,1,21,121.5304006,25.0415878
114,03,16,10,38,01大同區,大同區歸綏街216號,0,0,1,1,B03,8,6,5,50,4,1,2,5,4,5,13,4,4,9,5,5,2,17,2,35,3,10,7,4,7,5,1,8,1,8,72,1,21,121.5105531,25.058245
114,03,16,10,45,02萬華區,萬華區雙園街與艋舺大道口,0,0,1,1,C03,8,6,5,50,4,1,1,5,4,5,13,2,1,5,5,5,2,15,1,28,3,10,6,1,7,9,1,10,1,12,44,1,26,121.4936581,25.03043771
114,03,16,10,45,11南港區,南港區忠孝東路7段545號,0,0,1,1,B03,8,7,5,40,14,8,1,5,4,5,13,4,4,1,3,4,2,12,1,27,3,10,7,1,7,1,1,8,1,4,19,1,21,121.6132748,25.05291
114,03,16,10,54,04大安區,大安區辛亥路3段與復興南路2段口,0,0,1,1,C03,7,6,5,50,3,1,1,4,4,5,13,2,1,1,4,5,2,16,2,19,2,6,6,1,7,9,1,10,1,11,108,1,21,121.5434144,25.0215112
114,03,16,11,43,07信義區,信義區信安街67巷(力揚停車場),0,0,1,1,B03,7,5,5,40,14,12,1,5,4,5,13,4,4,5,5,5,2,12,1,42,3,10,7,1,7,6,1,8,2,2,9,1,21,121.5594118,25.0259036
114,03,16,11,43,07信義區,信義區永吉路180巷66弄與永吉路120巷口,0,0,1,1,B03,7,6,5,30,4,1,1,5,4,5,13,1,1,4,5,5,2,16,1,55,3,10,3,4,7,5,1,8,1,7,44,1,21,121.5702571,25.0435203
114,03,16,12,02,03中山區,中山區中山北路2段44巷25號,0,0,1,1,B01,7,7,5,30,14,9,1,5,4,5,13,4,4,10,5,5,2,12,1,53,3,10,3,4,7,11,1,4,1,8,10,1,21,121.5209104,25.0550933
114,03,16,12,10,03中山區,中山區民權東路1段與新生北路3段口,0,0,1,1,C03,7,7,5,50,4,2,1,5,4,5,13,1,1,5,4,5,2,13,2,67,2,9,5,1,7,9,1,10,1,11,16,1,22,121.5277246,25.0627417
114,03,16,12,15,02萬華區,萬華區環河南路1段與長沙街2段口,0,0,2,1,C03,7,7,5,50,3,1,1,5,4,5,13,2,1,9,5,5,2,17,1,62,2,9,5,1,7,9,3,18,1,11,81,1,21,121.4995841,25.0415595
114,03,16,12,16,12內湖區,內湖區南京東路6段366號,0,0,2,1,C03,7,6,5,30,14,9,1,5,4,5,13,4,4,10,5,5,2,16,1,43,2,8,5,1,7,9,1,10,1,11,13,1,21,121.5861835,25.0592524
114,03,16,12,32,03中山區,中山區民族東路與松江路口,0,0,1,1,C03,7,7,5,50,5,2,1,5,4,5,13,1,1,1,4,5,2,13,2,65,2,7,5,1,7,9,1,10,1,11,16,1,21,121.5328241,25.0681803
114,03,16,12,55,06松山區,松山區富錦街497號,0,0,1,1,B03,7,7,5,50,14,9,1,5,4,5,13,4,4,9,4,5,2,16,1,53,3,10,7,1,7,9,1,8,1,8,108,1,22,121.5640998,25.06103111
114,03,16,13,05,07信義區,信義區永吉路225巷5弄37號旁,0,0,2,1,C03,7,6,5,30,11,9,1,5,4,5,13,4,4,10,5,5,2,10,2,35,2,8,6,1,7,15,1,10,1,11,5,1,21,121.5183568,25.04847309
114,03,16,13,35,03中山區,中山區錦州街325號,0,0,3,1,C03,7,7,5,50,14,9,1,5,4,5,13,4,4,5,4,5,2,12,1,57,2,9,5,4,7,1,1,10,2,12,19,1,21,121.5388499,25.0602637
114,03,16,13,50,03中山區,中山區吉林路與長春路口,0,0,3,1,C03,7,7,5,50,4,1,1,5,4,5,13,1,1,5,4,4,2,16,1,33,2,9,5,1,7,5,1,10,1,14,8,1,22,121.5301486,25.0548073
114,03,16,14,24,07信義區,信義區信義路5段106號對面,0,0,1,1,B03,7,6,5,50,14,9,1,5,4,5,13,4,4,3,3,5,2,13,1,25,3,10,3,4,7,15,1,8,1,7,44,1,21,121.5673102,25.0329874
114,03,16,14,51,07信義區,信義區福德街與大道路口,0,0,2,1,C03,8,6,5,30,4,1,1,5,4,5,13,2,1,1,4,5,2,16,2,33,2,9,6,1,7,5,1,10,2,12,71,1,21,121.5837696,25.0380951
114,03,16,14,58,04大安區,大安區延吉街與仁愛路4段345巷5弄口,0,0,1,1,B01,8,6,5,30,4,1,1,5,4,5,13,4,4,8,4,5,2,15,1,48,3,10,3,4,7,9,1,8,1,5,72,1,21,121.5552786,25.0384581
114,03,16,15,32,04大安區,大安區和平東路3段與基隆路2段口,0,0,3,1,C03,7,6,5,50,4,1,1,5,4,5,13,1,1,1,4,5,2,16,1,26,2,9,5,1,7,6,1,10,1,12,9,1,21,121.5527887,25.0246971
114,03,16,16,05,01大同區,大同區大稻埕堤外便道,0,0,1,1,F01,8,5,8,30,22,22,1,5,4,5,13,4,4,10,5,5,2,17,2,10,3,10,3,4,7,1,8,20,1,14,19,1,21,121.5070385,25.0556143
114,03,16,16,22,04大安區,大安區市民大道3段298號,0,0,2,1,C03,8,7,5,40,14,9,1,5,4,5,13,4,4,1,4,5,2,12,1,18,2,9,3,4,7,9,3,18,1,14,108,1,21,121.5429461,25.0446498
114,03,16,16,25,10文山區,文山區指南路1段96巷與無名巷口,0,0,1,1,B03,8,6,5,30,3,1,1,5,4,5,13,4,4,10,5,5,1,17,1,60,3,10,7,1,7,6,1,8,1,2,44,1,21,121.5716849,24.9871485
114,03,16,16,29,05中正區,中正區羅斯福路4段與羅斯福路4段108巷口,0,0,2,1,C03,7,7,5,50,3,2,1,5,4,5,13,4,4,2,4,5,2,13,2,63,2,9,6,1,7,9,1,10,2,11,42,1,22,121.5354205,25.013532
114,03,16,16,50,11南港區,南港區忠孝東路7段與忠孝東路7段415巷口口,0,0,1,1,A02,7,6,5,50,4,1,1,5,4,5,13,2,1,3,4,5,2,12,1,29,3,10,7,1,7,9,1,6,1,2,17,1,21,121.6089916,25.0524326
114,03,16,17,08,05中正區,中正區新生南路1段與濟南路2段口,0,0,1,1,B03,7,6,5,50,4,1,1,5,4,5,13,1,1,10,5,5,2,16,1,48,3,10,7,1,7,5,1,8,2,3,85,1,22,121.5326714,25.0401924
114,03,16,18,12,12內湖區,內湖區民權東路6段與民權東路6段191巷口,0,0,1,1,B03,7,5,5,30,4,1,1,5,4,5,13,1,1,5,5,5,2,1,2,55,3,10,7,1,7,5,1,8,1,2,70,1,21,121.5974797,25.0675958
114,03,16,18,53,02萬華區,萬華區忠孝西路2段與西寧南路口,0,0,2,1,C03,7,5,5,50,4,1,1,5,4,5,13,2,1,3,2,5,2,16,1,32,2,9,3,1,7,6,1,10,1,12,99,1,21,121.5075644,25.0484949
114,03,16,19,01,02萬華區,萬華區莒光路315號,0,0,1,1,C03,7,5,5,0,22,20,2,5,4,5,13,4,4,10,5,5,2,15,1,19,3,10,3,4,7,9,1,10,1,12,108,1,22,121.4975876,25.0309714
114,03,16,19,19,05中正區,中正區重慶南路3段15巷與牯嶺街口,0,0,1,1,C03,7,5,5,30,3,1,1,5,4,5,13,4,4,5,5,5,2,9,2,38,3,10,5,1,7,2,1,10,2,13,12,1,22,121.5168886,25.0293266
114,03,16,19,56,11南港區,南港區東明街與興南街口口,0,0,1,1,B03,7,5,5,30,3,1,1,5,4,5,13,4,4,5,4,5,2,17,1,42,3,10,7,1,7,5,1,8,2,8,72,1,21,121.599264,25.0551842
114,03,16,20,55,03中山區,中山區中山北路4段機車專用道,0,0,1,1,C03,8,5,5,25,11,11,1,5,4,5,13,4,4,1,5,5,2,17,1,56,3,10,3,4,7,9,1,10,1,12,108,1,21,121.5256352,25.0745202
114,03,16,21,09,06松山區,松山區環東大道往內湖(第6511066號燈桿處),0,0,1,1,B03,7,5,5,80,10,9,1,5,4,5,13,4,4,9,4,5,2,13,1,41,2,8,7,1,7,9,1,4,1,1,108,1,22,121.5716225,25.05200716
114,03,16,21,28,06松山區,松山區市民大道4段271號,0,0,1,1,C03,7,5,5,40,14,9,1,4,4,5,13,4,4,5,5,5,2,17,1,23,2,9,6,4,7,9,1,10,1,11,108,1,22,121.5550922,25.04478072
114,03,16,21,31,05中正區,中正區許昌街與南陽街口,0,0,1,1,C03,8,5,5,30,4,18,1,5,4,5,13,4,4,10,5,5,2,3,1,42,3,10,5,1,7,9,1,10,2,11,70,1,22,121.5161197,25.04550189
114,03,16,22,22,05中正區,中正區汀州路3段與羅斯福路4段136巷口,0,0,1,1,B03,7,5,5,50,3,2,1,5,4,5,13,1,1,5,4,5,2,16,1,31,3,10,7,1,7,11,1,8,1,4,10,1,21,121.5352925,25.0125678
114,03,16,22,25,06松山區,松山區民生東路3段156號,0,0,1,1,B03,7,5,5,50,14,9,1,4,4,5,13,4,4,5,5,5,2,17,1,21,3,10,3,4,7,7,1,8,2,17,100,1,22,121.5475721,25.0576506
114,03,16,23,11,04大安區,大安區市民大道4段與忠孝東路4段223巷口,0,0,2,1,B01,8,5,5,40,5,1,1,5,4,5,13,1,1,8,3,5,2,17,1,34,3,10,3,4,7,6,1,8,1,2,9,1,21,121.552957,25.0442697
114,03,16,23,35,08士林區,士林區天母西路與天母西路83巷口口,0,0,3,1,C03,7,5,5,50,4,2,1,5,4,5,13,4,4,8,3,5,2,16,1,27,2,9,5,1,7,5,1,10,2,13,80,1,22,121.5248142,25.1184752
114,03,16,23,41,06松山區,松山區復興北路與五常街口,0,0,2,1,C03,8,5,5,50,4,1,1,5,4,5,13,2,1,1,3,5,2,13,1,21,2,9,5,1,7,9,1,10,2,13,108,1,22,121.5443652,25.0643035
114,03,16,23,50,03中山區,中山區北安路與大直街口,0,0,1,1,B03,7,5,5,50,4,1,1,5,4,5,13,1,1,3,4,5,2,17,1,29,3,10,7,1,7,6,1,8,1,6,17,1,21,121.5473567,25.07990492
114,03,17,00,09,05中正區,中正區中山南路與徐州路口,0,0,2,1,C03,7,5,5,50,3,2,1,5,4,5,13,1,1,8,4,5,1,12,1,40,2,9,6,1,7,9,1,10,2,12,108,1,22,121.5185919,25.041696
114,03,17,04,40,08士林區,士林區菁山路101巷71弄,0,0,1,1,B03,8,7,7,50,11,9,1,5,4,5,13,4,4,9,4,5,1,20,1,21,3,10,3,4,7,9,1,8,1,5,108,1,21,121.5516893,25.14973214
114,03,17,05,55,08士林區,士林區中正路345號,0,0,2,1,C03,7,5,5,50,14,9,1,5,4,5,13,3,1,1,5,5,1,3,2,64,2,9,5,1,7,9,1,10,2,11,70,1,21,121.5225781,25.0945484
114,03,17,07,22,07信義區,信義區基隆路1段147巷口側附近,0,0,2,1,C03,7,6,5,50,14,9,1,5,4,5,13,4,4,1,4,5,1,13,1,62,2,9,3,4,7,12,1,10,1,11,42,1,22,121.5654911,25.0426335
114,03,17,07,33,10文山區,文山區三福街與三福街4巷口,0,0,1,1,B03,8,6,5,30,5,1,1,5,4,5,13,4,4,10,5,5,2,16,1,45,3,10,7,1,7,6,1,8,1,5,108,1,21,121.5415107,24.9960088
114,03,17,07,34,01大同區,大同區承德路2段與民生西路口,0,0,2,1,C03,7,6,5,50,4,2,1,5,4,5,13,1,1,5,2,5,2,17,2,34,2,8,5,1,7,9,1,10,2,11,16,1,21,121.5179864,25.05733179
114,03,17,07,40,08士林區,士林區文林路與文林路587巷口,0,0,2,1,B03,8,6,5,50,5,1,1,5,4,5,13,3,1,5,4,4,2,16,2,57,3,10,7,1,7,5,1,8,1,1,74,1,21,121.5236895,25.09840565
114,03,17,07,46,08士林區,士林區堤外便道與通河西街2段口越堤道,0,0,1,1,C03,7,5,8,30,3,1,1,5,4,5,13,4,4,10,5,5,2,17,2,30,2,8,3,4,7,9,1,10,1,12,72,1,22,121.5122965,25.09046106
114,03,17,07,47,02萬華區,萬華區莒光路153巷與中華路2段130巷口,0,0,2,1,C03,7,6,5,30,4,1,1,5,4,5,13,4,4,10,5,5,2,17,2,35,2,9,6,1,7,9,1,10,1,12,75,1,21,121.5029568,25.0307403
114,03,17,07,51,07信義區,信義區忠孝東路5段743巷21弄與永吉路口側附近502巷口,0,0,1,1,C03,7,7,5,30,3,1,1,5,4,5,13,4,4,10,5,5,2,16,2,42,2,9,5,4,7,5,1,10,1,11,72,1,22,121.580038,25.0438266
114,03,17,07,56,09北投區,北投區承德路7段139號,0,0,1,1,C03,8,6,5,50,14,8,1,5,4,5,13,4,4,1,4,4,2,17,1,37,3,10,6,1,7,15,1,10,1,13,118,1,21,121.5087818,25.1126707
114,03,17,08,00,12內湖區,內湖區潭美街525號,0,0,1,1,C03,7,7,5,50,14,9,1,5,4,5,13,1,1,4,5,5,1,13,2,49,3,10,6,1,7,9,1,10,1,11,16,1,21,121.5977471,25.0605219
114,03,17,08,17,12內湖區,內湖區成功路2段與安康路口,0,0,1,1,C03,8,6,5,50,4,3,1,5,4,5,13,2,1,5,4,5,2,13,1,74,2,9,3,4,7,9,1,10,1,11,108,1,22,121.5915249,25.0607776
114,03,17,08,22,04大安區,大安區新生南路1段161巷與信義路口側附近3段31巷口,0,0,1,1,C03,8,7,5,30,4,2,1,5,4,5,13,4,4,10,5,5,2,15,1,25,2,9,3,4,7,9,1,10,2,11,72,1,21,121.5345613,25.0345994
114,03,17,08,35,05中正區,中正區齊東街70巷與齊東街口口,0,0,3,1,C03,7,7,5,30,4,1,1,5,4,5,8,4,4,10,5,5,2,15,1,28,2,8,6,1,7,9,1,10,2,11,72,1,21,121.5278928,25.04174288
114,03,17,08,37,08士林區,士林區中山北路6段與中山北路6段290巷口,0,0,1,1,B01,7,7,5,50,4,1,1,5,4,5,13,1,1,1,5,5,2,17,1,52,3,10,7,1,7,5,1,8,1,1,80,1,21,121.5255833,25.1103925
114,03,17,08,47,02萬華區,萬華區忠孝橋往北市機車道,0,0,2,1,C03,7,6,5,40,14,11,1,5,4,5,13,4,4,10,5,5,1,17,2,30,2,9,3,4,7,9,1,10,1,12,16,1,22,121.507903,25.048581
114,03,17,08,54,04大安區,大安區和平東路3段228巷6號,0,0,1,1,C04,7,7,5,50,14,9,1,5,4,5,13,1,1,4,3,5,1,16,2,38,2,8,5,1,7,7,1,21,1,12,100,1,21,121.5544712,25.0222213
114,03,17,09,17,08士林區,士林區延平北路5段與延平北路5段83巷口,0,0,1,1,C03,7,5,5,50,4,2,1,5,4,5,13,1,1,3,4,5,2,16,1,68,3,10,5,1,7,6,1,10,1,12,9,1,21,121.5052529,25.08956269
114,03,17,09,22,10文山區,文山區興隆路4段與下崙路口口,0,0,1,1,B03,7,7,5,50,4,1,1,5,4,5,13,2,1,1,4,5,2,16,2,24,3,10,7,1,7,9,1,8,1,1,44,1,21,121.5608272,24.9868113
114,03,17,09,29,05中正區,中正區羅斯福路3段316巷9弄與羅斯福路3段284巷口口,0,0,1,1,C03,7,6,5,30,4,1,1,5,4,5,13,4,4,9,5,5,2,15,2,19,2,8,5,1,7,9,1,10,1,11,72,1,25,121.5315723,25.015922
114,03,17,09,46,09北投區,北投區承德路7段與承德路7段393巷口,1,0,0,1,A31,7,6,5,50,4,1,1,5,4,5,13,2,1,1,4,5,2,16,1,41,3,10,7,1,7,6,1,1,2,1,9,1,21,121.5013374,25.1194189
114,03,17,10,10,09北投區,北投區光明路與磺港路口,0,0,1,1,A02,8,6,5,50,5,1,1,5,4,5,13,3,1,1,5,5,1,9,1,32,3,10,7,1,7,12,1,2,1,17,44,1,21,121.5018351,25.1334713
114,03,17,10,25,03中山區,中山區復興北路地下道與濱江街口,0,0,1,1,B03,8,7,5,40,4,2,1,5,4,5,13,1,1,3,4,5,2,12,1,45,3,10,7,1,7,9,1,8,1,5,16,1,26,121.5443648,25.07205586
114,03,17,10,38,12內湖區,內湖區民權東路6段與成功路2段口,0,0,1,1,C03,7,6,5,50,4,1,1,5,4,5,13,1,1,1,4,5,2,16,1,81,2,9,5,1,7,5,1,10,1,14,103,1,21,121.5909346,25.068993
114,03,17,11,40,08士林區,士林區中山北路6段與中山北路6段776巷口,0,0,1,1,C04,7,5,5,50,3,1,1,5,4,5,13,2,1,1,4,5,2,17,2,67,2,8,3,4,7,5,1,21,1,14,8,1,22,121.5285459,25.1164722