發生年度,發生月,發生日,發生時-Hours,發生分,區序,肇事地點,死亡人數,2-30日死亡人數,受傷人數,當事人序號,車種,天候,光線,道路類別,速限-速度限制,道路型態,事故位置,路面狀況1,路面狀況2,路面狀況3,道路障礙1,道路障礙2,號誌1,號誌2,車道劃分-分向,車道劃分-分道1,車道劃分-分道2,車道劃分-分道3,事故類型及型態,性別,年齡,受傷程度,主要傷處,保護裝置,行動電話,車輛用途,當事者行動狀態,駕駛資格情形,駕駛執照種類,飲酒情形,車輛撞擊部位1,肇因碼-個別,個人肇逃否,職業,座標-X,座標-Y
114,03,17,12,02,05中正區,中正區中正河濱公園(靠近中正橋),0,0,1,1,F01,8,6,5,50,14,9,1,5,4,5,13,4,4,9,4,5,1,9,1,84,2,9,4,1,7,11,8,20,1,11,10,1,21,121.5301891,25.0104449
114,03,17,12,50,07信義區,信義區吳興街156巷與吳興街156巷7弄口,0,0,1,1,B03,7,6,5,30,4,2,1,5,4,5,13,4,4,5,5,5,2,13,1,53,3,10,3,4,7,9,1,8,1,5,108,1,21,121.561383,25.0289496
114,03,17,13,19,04大安區,大安區基隆路4段P202橋墩處,0,0,2,1,C03,7,5,5,40,14,9,1,5,4,5,13,4,4,1,4,5,2,13,1,48,2,9,6,1,7,8,1,10,1,12,100,1,21,121.5400598,25.0138162
114,03,17,13,34,07信義區,信義區松山路212號,0,0,1,1,A02,8,5,5,50,14,9,1,5,4,5,13,4,4,1,4,5,2,9,1,42,3,10,7,1,7,1,1,2,9,15,118,1,22,121.5777202,25.0450855
114,03,17,13,38,07信義區,信義區虎林街與永吉路口,0,0,1,1,F03,7,6,5,30,4,2,1,5,4,5,13,1,1,10,5,5,2,17,2,52,3,10,5,1,7,9,8,20,11,17,99,1,21,121.5770479,25.0453309
114,03,17,13,55,05中正區,中正區博愛路127號,0,0,1,1,B02,7,7,5,50,14,9,1,5,4,5,13,4,4,9,4,5,2,16,1,34,3,10,7,1,7,11,1,6,2,1,10,1,21,121.5110268,25.03765986
114,03,17,14,07,10文山區,文山區木柵路1段與景美溪橋口,0,0,1,1,A02,7,5,5,30,14,9,1,5,4,5,13,2,1,5,5,5,2,9,1,56,3,10,7,1,7,9,1,2,11,17,44,1,21,121.5452918,24.9868715
114,03,17,14,08,11南港區,南港區經貿一路與南港路1段口,0,0,2,1,C03,7,7,5,50,4,2,1,5,4,5,13,2,1,1,4,5,2,16,1,35,2,9,6,1,7,6,1,10,1,14,118,1,21,121.618887,25.0549163
114,03,17,14,18,03中山區,中山區民權東路3段與龍江路口,0,0,1,1,A04,7,6,5,50,4,1,1,5,4,5,13,2,1,1,4,5,2,9,1,59,3,10,7,1,7,1,1,2,2,17,44,1,21,121.5410092,25.062374
114,03,17,14,19,03中山區,中山區建國北路3段91-1號與建國北路3段口,0,0,1,1,B02,8,7,5,30,4,1,1,5,4,5,13,4,4,10,5,5,2,17,1,52,3,10,7,1,7,2,1,8,1,3,12,1,21,121.5367188,25.06534193
114,03,17,14,30,04大安區,大安區復興南路2段148巷與和平東路2段210巷口,0,0,2,1,C03,7,7,5,30,4,2,1,5,4,5,13,4,4,4,1,5,1,15,2,28,2,8,5,1,7,11,1,10,1,11,72,1,26,121.5427822,25.0284467
114,03,17,14,32,08士林區,士林區忠誠路1段20號對面,0,0,1,1,A02,8,7,5,50,22,8,1,5,4,5,13,4,4,1,3,4,2,9,1,66,3,10,7,1,7,1,1,2,1,17,42,1,26,121.5256109,25.1039631
114,03,17,14,46,03中山區,中山區民權東路2段與中原街口,0,0,2,1,C04,8,6,5,50,14,9,1,5,4,5,13,2,1,8,5,5,2,13,2,65,2,8,6,4,7,9,1,10,1,11,76,1,21,121.5290803,25.0627152
114,03,17,15,11,04大安區,大安區大安路2段132巷與瑞安街23巷24弄口,0,0,1,1,C04,7,7,5,30,4,1,1,5,4,5,13,4,4,5,5,5,2,15,1,43,2,9,5,1,7,21,1,10,1,11,72,1,21,121.5450832,25.0299619
114,03,17,15,33,04大安區,大安區復興南路2段148巷24號,0,0,1,1,C03,8,6,5,50,14,9,1,5,4,5,13,1,1,5,4,5,2,13,1,37,3,10,6,1,7,12,1,10,1,11,44,1,21,121.5424771,25.0284522
114,03,17,16,32,11南港區,南港區南港路1段與東南街口口,0,0,1,1,C03,7,7,5,50,4,1,1,5,4,5,13,2,1,5,4,5,1,13,2,21,2,9,5,4,7,9,1,10,1,11,108,1,21,121.6122389,25.0552744
114,03,17,16,48,08士林區,士林區延平北路7段106巷與堤外便道口,0,0,1,1,C03,7,6,5,30,3,2,1,5,4,5,13,4,4,10,5,5,1,13,1,33,2,8,6,1,7,9,1,10,1,11,16,1,21,121.4961389,25.1014965
114,03,17,17,10,08士林區,士林區通河西街2段與堤外便道口越堤道與堤外便道口,0,0,1,1,B03,8,6,5,30,3,1,1,5,4,5,13,4,4,10,5,5,2,17,1,22,4,11,3,4,7,5,7,19,11,15,72,2,22,121.5114488,25.0907914
114,03,17,17,11,10文山區,文山區木柵路1段與試院路口(單號),0,0,1,1,C03,7,7,5,50,4,1,1,5,4,5,13,1,1,5,4,5,2,17,2,19,2,8,5,1,7,15,1,10,1,11,100,1,21,121.5490106,24.9872907
114,03,17,17,54,10文山區,文山區木柵路1段與辛亥路6段口,0,0,1,1,C03,7,7,5,50,4,1,1,5,4,5,13,1,1,10,5,5,2,13,1,74,2,8,5,1,7,9,1,10,9,11,108,1,21,121.5522721,24.9879525
114,03,17,17,56,09北投區,北投區光明路2巷5號,0,0,2,1,C03,8,5,5,50,14,9,1,5,4,5,13,4,4,9,4,5,1,17,2,20,2,8,6,1,7,11,1,10,9,14,44,1,21,121.4991688,25.1317511
114,03,17,18,00,10文山區,文山區仙岩路與興隆路2段86巷口,0,0,1,1,C03,7,5,5,50,3,1,1,5,4,5,13,4,4,9,5,5,2,13,2,60,2,8,6,1,7,9,1,10,1,11,16,1,22,121.5490318,24.9991738
114,03,17,18,20,06松山區,松山區八德路4段與八德路4段204巷口,0,0,2,1,B03,7,5,5,50,4,1,1,5,4,5,13,1,1,5,4,5,2,9,2,60,3,10,7,1,7,5,1,8,2,8,70,1,21,121.5640484,25.048773
114,03,17,18,23,12內湖區,內湖區民權大橋東往西機慢車專用道(東往西第3支路燈桿),0,0,1,1,C03,8,5,5,40,8,11,1,5,4,5,13,4,4,3,4,4,2,13,2,41,2,9,5,1,7,9,1,10,1,11,16,1,21,121.5732768,25.06536427
114,03,17,18,30,04大安區,大安區大安路1段234號,0,0,1,1,B02,7,5,5,50,14,9,1,5,4,5,13,4,4,9,4,5,2,17,1,55,3,10,7,4,7,1,1,8,1,17,19,1,21,121.5459533,25.0336719
114,03,17,18,45,11南港區,南港區研究院路1段與大坑街口口,0,0,1,1,B03,7,5,5,50,14,9,1,5,4,5,13,2,1,3,4,5,2,17,1,44,3,10,7,1,7,8,1,8,2,2,100,1,21,121.6157647,25.0490421
114,03,17,18,50,04大安區,大安區信義路4段265巷與延吉街口,0,0,2,1,C03,7,5,5,30,4,2,1,5,4,5,13,2,1,5,5,5,2,16,1,27,2,9,6,1,7,5,1,10,1,11,71,1,21,121.5558934,25.0350974
114,03,17,18,55,10文山區,文山區木柵路4段與木柵路4段21巷口口,0,0,2,1,C03,8,5,5,50,14,9,1,5,4,5,13,1,1,5,4,5,2,13,2,18,2,8,5,3,7,9,1,10,1,11,108,1,21,121.5713584,24.9930989
114,03,17,19,11,04大安區,大安區和平東路3段與富陽街口,0,0,2,1,B01,7,5,5,50,5,2,1,5,4,5,13,2,1,8,3,5,1,3,1,58,3,10,7,1,7,5,1,4,1,8,70,1,26,121.5567433,25.0203576
114,03,17,19,28,05中正區,中正區愛國東路與寧波東街口,0,0,2,1,C03,7,5,5,50,3,1,1,5,4,5,13,1,1,1,4,4,2,15,1,49,2,9,5,1,7,15,1,9,3,11,83,1,22,121.5203901,25.0332978
114,03,17,19,50,12內湖區,內湖區潭美街與安康路228巷口,0,0,2,1,C03,7,5,5,40,3,1,1,5,4,5,13,2,1,5,5,5,2,17,1,41,2,9,6,1,7,5,1,10,1,12,42,1,21,121.6035562,25.0611894
114,03,17,20,05,08士林區,士林區延平北路7段106巷與社子大橋口,0,0,1,1,B03,7,5,5,40,3,1,1,5,4,5,13,1,1,9,4,5,1,17,1,53,3,10,7,1,7,11,6,18,2,4,44,1,21,121.4944947,25.11065826
114,03,17,20,15,05中正區,中正區忠孝西路1段M5前,0,0,1,1,A02,7,5,5,50,14,10,1,5,4,5,13,4,4,3,4,5,1,9,1,39,3,10,7,1,7,1,1,2,1,2,36,1,21,121.5164135,25.046607
114,03,17,20,22,06松山區,松山區八德路4段與八德路4段453巷口,0,0,1,1,B01,7,5,5,50,3,1,1,5,4,5,13,1,1,8,3,5,2,16,1,54,3,10,3,4,7,11,1,4,2,5,71,1,21,121.5707694,25.0498183
114,03,17,20,30,05中正區,中正區濟南路2段與臨沂街口,0,0,1,1,B01,8,5,5,30,4,1,1,5,4,5,13,4,4,4,5,5,2,15,1,63,3,10,7,1,7,9,1,4,2,2,72,1,21,121.5300998,25.0406295
114,03,17,21,45,03中山區,中山區安東街16巷與安東街口口,0,0,1,1,C03,8,6,5,30,3,1,1,5,4,5,13,4,4,10,5,5,2,17,1,57,3,10,5,1,7,9,1,10,1,17,86,1,22,121.5421397,25.0454242
114,03,17,21,49,04大安區,大安區安和路2段與敦化南路2段81巷45弄口,0,0,1,1,B03,7,5,5,50,4,1,1,5,4,5,13,1,1,3,4,5,2,17,1,52,3,10,7,4,7,11,1,8,1,4,44,1,21,121.5506778,25.0289773
114,03,17,22,09,04大安區,大安區光復南路290巷與光復南路290巷口廢鐵道,0,0,1,1,C03,8,5,5,30,4,1,4,5,4,5,13,4,4,9,5,5,2,15,1,22,2,9,5,1,7,9,1,10,1,11,72,1,22,121.5567401,25.0393589
114,03,17,22,15,01大同區,大同區承德路3段267號,0,0,2,1,C03,8,5,5,50,14,9,1,5,4,5,13,4,4,1,4,5,2,17,2,30,2,9,6,1,7,9,1,10,2,11,108,1,21,121.5190188,25.0726585
114,03,18,00,12,03中山區,中山區中山北路2段與民權東路口側附近1段口,0,0,1,1,B03,8,5,5,50,4,1,1,5,4,5,13,1,1,1,4,5,2,17,1,46,3,10,3,4,7,5,1,8,1,2,44,1,21,121.5226879,25.0629035
114,03,18,02,50,07信義區,信義區松仁路58號,0,0,1,1,C03,8,5,5,30,14,9,1,5,4,5,13,4,4,9,4,5,2,17,2,23,2,8,6,1,7,1,1,10,2,11,42,1,23,121.5676735,25.038501
114,03,18,07,16,07信義區,信義區信義路4段456號,0,0,1,1,C03,7,7,5,50,14,9,1,5,4,5,13,4,4,9,4,5,2,13,2,47,2,9,5,1,7,9,1,10,2,11,16,1,21,121.5579729,25.0329973
114,03,18,07,18,05中正區,中正區和平西路1段與廈門街口口,0,0,1,1,C03,8,6,5,50,4,1,1,5,4,5,13,1,1,1,4,5,1,16,2,51,2,8,6,1,7,5,1,10,2,11,71,1,21,121.5183244,25.0264973
114,03,18,07,36,02萬華區,萬華區西寧南路與漢口街2段口,0,0,2,1,C03,7,5,5,50,4,1,1,5,4,5,13,1,1,9,4,5,2,17,1,63,2,8,6,4,7,5,6,18,1,14,8,1,21,121.506781,25.045627
114,03,18,07,36,06松山區,松山區民權東路4段西往東第0205113號燈桿前,0,0,2,1,C03,7,6,5,50,14,7,1,5,4,5,13,4,4,1,4,4,2,13,1,20,2,9,6,4,7,8,1,10,2,11,100,1,21,121.5517645,25.061505
114,03,18,07,40,01大同區,大同區鄭州路109號,0,0,2,1,C03,7,6,5,40,14,9,1,5,4,5,13,4,4,1,4,5,2,13,2,35,2,9,6,4,7,9,1,10,1,11,16,1,22,121.5112515,25.0501164
114,03,18,07,46,09北投區,北投區文化三路與永興路1段口口,0,0,1,1,C03,7,6,5,30,3,1,1,5,4,5,13,4,4,5,5,5,2,16,2,45,2,9,5,1,7,5,1,10,1,14,72,1,21,121.4984964,25.1375174
114,03,18,07,51,03中山區,中山區民權東路3段與龍江路口,0,0,2,1,C03,7,7,5,50,22,9,5,5,4,5,13,1,1,10,5,5,2,13,1,26,2,9,5,1,7,9,1,10,1,11,16,1,21,121.5408893,25.06233111
114,03,18,07,59,04大安區,大安區基隆路3段與臥龍街口,0,0,1,1,C03,7,6,5,50,14,9,1,5,4,5,13,4,4,1,4,5,2,13,1,27,3,10,6,1,7,9,1,10,1,13,16,1,21,121.5481442,25.0202946
114,03,18,08,00,04大安區,大安區羅斯福路4段與基隆路4段口,0,0,2,1,C03,7,6,5,50,5,1,1,5,4,5,13,1,1,8,3,5,1,13,2,37,2,8,5,1,7,9,1,10,1,14,44,1,21,121.5374293,25.0111892
114,03,18,08,00,09北投區,北投區大度路往淡水No.1205117燈桿,0,0,7,1,C03,8,7,5,50,14,12,1,5,4,5,13,4,4,1,2,3,1,17,2,54,2,9,6,1,7,9,1,10,1,11,16,1,22,121.4923376,25.121741
114,03,18,08,09,06松山區,松山區健康路325巷7號,0,0,1,1,F02,8,7,5,30,14,9,1,5,4,5,13,1,1,9,4,5,2,16,1,17,2,9,4,1,7,5,8,20,9,14,8,1,21,121.5672289,25.0557561
114,03,18,08,17,08士林區,士林區承德路4段與承德路4段292巷口,0,0,1,1,B03,7,7,5,40,3,1,1,5,4,5,13,4,4,9,4,4,1,17,1,67,3,10,7,1,7,6,1,8,2,2,9,1,21,121.5192042,25.0896256
114,03,18,08,23,03中山區,中山區樂群一路與敬業三路口,0,0,1,1,C02,8,7,5,50,3,2,1,5,4,5,13,2,1,1,4,5,2,13,1,33,2,9,6,1,7,9,1,9,1,11,16,1,21,121.5561323,25.0771063
114,03,18,08,28,07信義區,信義區吳興街281巷57號,0,0,1,1,C03,7,6,5,30,14,9,1,5,4,5,13,4,4,10,5,5,1,17,1,44,3,10,3,4,7,11,1,10,2,17,10,1,22,121.5655364,25.02652711
114,03,18,08,34,06松山區,松山區八德路2段與八德路2段366巷口,0,0,1,1,B03,7,7,5,50,4,1,1,5,4,5,13,2,1,5,4,5,2,17,1,50,3,10,7,1,7,7,1,8,2,6,100,1,21,121.5453718,25.0479235
114,03,18,08,43,06松山區,松山區復興北路與民族東路口,0,0,1,1,C03,7,6,5,50,4,1,1,5,4,5,13,1,1,1,4,5,2,12,1,60,3,10,6,1,7,7,1,10,9,12,100,1,21,121.5443714,25.06644289
114,03,18,08,52,09北投區,北投區承德路6段與河美街口,0,0,1,1,B01,7,6,5,50,5,2,1,5,4,5,13,2,1,1,4,4,2,17,1,48,3,10,7,1,7,8,1,4,1,17,100,1,21,121.5128113,25.0985599
114,03,18,09,00,10文山區,文山區木新路3段74巷與興隆路4段179巷口,0,0,1,1,B02,7,6,5,30,4,1,1,5,4,5,13,4,4,10,5,5,2,15,1,58,3,10,7,1,7,9,1,4,1,5,75,1,21,121.563009,24.9837636
114,03,18,09,02,04大安區,大安區和平東路2段與新生南路2段口,0,0,1,1,B01,7,6,5,50,4,1,1,5,4,5,13,2,1,10,5,5,2,12,1,69,3,10,3,4,7,15,1,8,1,6,100,1,22,121.5346312,25.0261941
114,03,18,09,12,02萬華區,萬華區環河南路1段與長沙街2段口,0,0,2,1,C03,7,6,5,50,3,1,1,5,4,5,13,2,1,9,4,5,2,13,2,26,2,9,6,1,7,9,1,10,1,11,108,1,22,121.4995922,25.0415301
114,03,18,10,12,04大安區,大安區和平東路3段與基隆路2段口,0,0,1,1,B03,7,7,5,50,4,2,1,5,4,5,13,2,1,8,3,5,1,17,2,39,3,10,7,1,7,6,1,8,1,5,9,1,26,121.5522917,25.0240371
114,03,18,11,01,01大同區,大同區重慶北路1段與長安西路口,0,0,1,1,B12,8,7,5,50,4,1,1,5,4,5,13,2,1,1,4,4,2,17,1,59,3,10,3,4,7,5,1,4,1,5,71,1,21,121.5138812,25.0516331
114,03,18,11,20,06松山區,松山區光復北路與南京東路5段口,0,0,1,1,B01,7,6,5,50,3,1,1,5,4,5,13,2,1,1,3,5,2,17,2,51,3,10,7,1,7,6,1,4,1,1,9,1,21,121.557813,25.0513281
114,03,18,11,25,09北投區,北投區承德路6段與文承路口,0,0,2,1,C03,7,6,5,60,3,1,1,5,4,5,13,2,1,1,4,4,2,17,1,25,3,10,6,1,7,9,1,9,9,13,44,2,25,121.5117875,25.1049451
114,03,18,12,01,12內湖區,內湖區金龍路與內湖路3段59巷口,0,0,1,1,B12,8,6,5,50,3,1,1,5,4,5,13,2,1,5,4,5,2,16,1,39,3,10,7,1,7,5,1,8,2,8,8,1,21,121.5915945,25.0853083
114,03,18,13,22,09北投區,北投區泉源路1206141號燈桿,0,0,2,1,B03,8,6,5,40,22,9,1,5,4,5,13,4,4,4,5,5,1,38,1,66,2,9,7,1,7,15,3,18,2,5,108,1,21,121.5280635,25.1448416
114,03,18,13,38,01大同區,大同區敦煌路159號,0,0,1,1,B02,8,7,5,50,14,9,1,5,4,5,13,4,4,1,4,5,2,17,1,30,3,10,3,4,7,9,7,19,1,2,44,1,21,121.5114745,25.0764225
114,03,18,13,38,03中山區,中山區民族東路與龍江路口,0,0,2,1,C03,7,6,5,50,4,1,1,5,4,5,13,2,1,1,4,4,2,16,1,18,2,9,6,1,7,5,1,10,1,11,71,1,21,121.5410648,25.0680861
114,03,18,13,55,06松山區,松山區八德路4段228號,0,0,1,1,A02,8,6,5,50,14,9,1,5,4,5,13,2,1,9,4,5,2,17,1,60,3,10,3,4,7,9,1,2,1,2,77,1,22,121.5650346,25.0488711
114,03,18,14,15,11南港區,南港區東新街6號,0,0,1,1,C03,7,7,5,50,11,9,1,5,4,5,13,4,4,5,4,5,2,13,2,62,2,8,3,4,7,9,1,10,1,11,44,1,21,121.5826931,25.0512108
114,03,18,14,26,08士林區,士林區忠誠路1段173巷與德行東路190巷口,0,0,1,1,B12,7,5,5,30,4,1,1,5,4,5,13,4,4,10,5,5,2,17,1,60,3,10,3,4,7,9,1,8,1,1,72,1,22,121.5312832,25.1080966
114,03,18,14,46,01大同區,大同區承德路3段與民權西路口,0,0,1,1,C03,8,6,5,50,5,1,1,5,4,5,13,4,4,1,5,5,2,13,1,38,2,8,6,1,7,9,1,10,1,11,108,1,21,121.5181476,25.0630847
114,03,18,14,48,08士林區,士林區福德路與大東路口東北角,0,0,2,1,C03,8,6,5,50,4,1,1,5,4,5,13,2,1,5,5,5,2,12,2,28,2,3,6,1,7,9,1,10,2,14,44,1,22,121.5313387,25.10505364
114,03,18,15,00,01大同區,大同區長安西路與長安西路78巷口,0,0,1,1,C03,7,6,5,30,3,1,1,5,4,5,13,2,1,5,4,5,2,17,1,54,4,11,3,4,7,9,7,19,11,11,81,2,22,121.519288,25.0503165
114,03,18,16,24,01大同區,大同區民生西路與寧夏路口,0,0,1,1,B12,8,6,5,50,4,1,1,5,4,5,13,2,1,5,4,5,2,17,1,46,3,10,3,4,7,6,1,3,1,2,9,1,22,121.5155942,25.0570623
114,03,18,16,40,10文山區,文山區木柵路3段27號附近側附近,0,0,1,1,A03,7,5,5,50,14,9,1,5,4,5,13,4,4,5,4,5,2,12,1,59,3,10,3,4,7,4,1,2,2,2,118,1,22,121.5657408,24.9884265
114,03,18,17,09,03中山區,中山區明水路325號,0,0,1,1,C03,8,7,6,50,14,9,1,5,4,5,13,4,4,1,4,5,2,17,1,28,2,9,6,1,7,9,1,10,1,11,108,1,21,121.5423365,25.0776563
114,03,18,17,19,03中山區,(中山北路2段44巷26號前),0,0,1,1,B03,7,7,5,30,3,1,5,5,4,5,13,4,4,10,5,5,2,17,1,54,3,10,7,1,7,6,1,4,1,5,9,1,21,121.5207067,25.05498821
114,03,18,17,29,06松山區,松山區濱江街863號對面,0,0,1,1,B12,8,5,5,40,14,8,1,5,4,3,13,4,4,9,4,4,2,13,1,23,3,10,7,1,7,14,1,8,2,7,38,1,21,121.5604542,25.07119728
114,03,18,17,30,09北投區,北投區承德路7段393巷與洲美街口,0,0,2,1,C03,8,6,6,40,4,1,1,5,4,5,13,1,1,5,5,5,2,16,1,49,2,9,6,1,7,5,1,10,2,12,71,1,26,121.4988692,25.112054
114,03,18,17,37,12內湖區,內湖區內湖路2段與內湖路2段103巷口,0,0,1,1,C03,8,6,5,30,4,1,1,5,4,5,13,2,1,5,4,5,2,16,1,18,2,9,6,1,7,4,1,10,1,12,108,1,21,121.5827402,25.0798573
114,03,18,17,40,06松山區,松山區市民大道5段與東寧路口,0,0,1,1,B03,8,6,5,40,3,1,1,5,4,5,13,2,1,3,4,5,2,17,1,66,3,10,3,4,7,6,1,8,1,6,9,1,22,121.5632125,25.0474521
114,03,18,17,56,07信義區,信義區市民大道6段151號附近側附近,0,0,1,1,C03,7,5,5,40,14,9,1,5,4,5,13,4,4,9,4,5,2,18,1,29,2,8,5,4,7,9,1,10,1,14,118,1,21,121.5733865,25.0491856
114,03,18,18,05,07信義區,信義區信義路5段7號與松智路口,0,0,1,1,B03,8,5,5,50,4,1,1,5,4,5,13,2,1,1,4,5,2,3,2,70,3,10,7,1,7,6,1,8,2,1,70,1,21,121.565212,25.0329774
114,03,18,18,07,08士林區,士林區中山北路4段南向北,0,0,1,1,C03,8,5,5,50,14,7,1,5,4,5,13,4,4,1,4,5,1,13,1,51,4,11,5,4,7,9,1,10,9,11,16,1,21,121.5178259,25.0868356
114,03,18,18,10,06松山區,松山區市民大道6段與松山路口,0,0,1,1,B03,8,5,5,40,4,1,1,5,4,5,13,2,1,1,4,5,2,16,1,29,3,10,7,1,7,9,1,8,1,5,13,1,21,121.577852,25.0494994
114,03,18,18,11,10文山區,文山區下崙路與下崙路28巷口,0,0,2,1,C03,7,5,5,30,3,1,1,5,4,5,13,4,4,10,5,5,2,13,2,29,2,9,6,1,7,9,1,10,1,11,108,1,21,121.5568125,24.9863318
114,03,18,18,21,10文山區,文山區木柵路1段與辛亥路6段口,0,0,1,1,B03,8,5,5,50,14,9,2,5,4,5,13,2,1,5,4,5,2,9,1,65,3,10,3,4,7,5,1,8,1,1,70,1,21,121.5523586,24.9879311
114,03,18,18,32,03中山區,中山區龍江路76巷與南京東路口側附近3段48巷口,0,0,2,1,C03,8,7,5,30,4,1,1,5,4,5,13,4,4,10,5,5,2,17,1,29,2,7,3,4,7,5,1,10,1,14,118,1,21,121.538491,25.0513276
114,03,18,18,32,04大安區,大安區臥龍街151巷9號與臥龍街151巷口,0,0,2,1,C03,8,5,5,30,4,2,1,5,4,5,13,4,4,10,5,5,2,15,1,23,3,10,5,1,7,9,1,10,1,14,72,1,21,121.551492,25.0191361
114,03,18,18,52,01大同區,大同區承德路3段與民權西路口,0,0,2,1,C03,7,5,5,50,14,9,1,5,4,5,13,1,1,9,4,5,1,16,2,42,2,9,3,4,7,6,1,10,1,12,9,1,21,121.5184809,25.0630048
114,03,18,19,00,12內湖區,內湖區民權東路6段81巷與民權東路6段口,0,0,3,1,C03,7,5,5,50,4,2,1,5,4,5,13,2,1,1,4,5,2,3,1,64,2,8,6,1,7,9,1,10,2,14,70,1,21,121.5878509,25.069225
114,03,18,19,01,04大安區,大安區市民大道3段222號與市民大道3段口迴轉道,0,0,1,1,B01,7,5,5,40,22,6,1,5,4,5,13,4,4,1,4,5,2,16,1,54,3,10,3,4,7,5,1,8,1,4,44,1,22,121.5451534,25.0449189
114,03,18,19,05,01大同區,大同區民生西路251號,0,0,1,1,C03,7,5,5,50,14,9,1,5,4,5,13,4,4,8,3,5,1,16,1,63,2,8,6,1,7,15,1,10,1,12,100,1,21,121.5159756,25.0571232
114,03,18,19,23,04大安區,大安區和平東路2段96巷與和平東路2段118巷4弄口口,0,0,1,1,B03,8,5,5,50,3,2,1,5,4,5,13,4,4,9,5,5,1,17,1,31,4,11,3,4,7,21,7,19,11,15,44,2,22,121.5412949,25.0243368
114,03,18,20,01,09北投區,北投區大業路527巷1204022號燈桿,0,0,3,1,C03,7,5,5,40,14,9,1,5,4,5,13,4,4,5,5,5,2,10,1,35,2,9,5,1,7,9,1,10,2,11,116,1,21,121.481512,25.1331349
114,03,18,20,24,12內湖區,內湖區內湖路1段411巷與內湖路1段411巷9弄口,0,0,1,1,C03,7,5,5,30,4,1,1,5,4,5,13,4,4,5,5,5,2,15,1,59,2,8,5,1,7,9,1,8,1,14,72,1,21,121.5711025,25.0821549
114,03,18,20,25,09北投區,北投區建民路與建民路150巷口,0,0,2,1,C03,7,5,5,30,4,1,1,5,4,5,13,4,4,10,5,5,2,15,1,62,2,9,5,1,7,9,1,10,1,12,72,1,21,121.5192901,25.110442
114,03,18,21,08,08士林區,士林區中山北路5段與福林路口,0,0,1,1,B03,8,6,5,50,4,2,1,5,4,5,13,2,1,1,4,5,1,17,1,35,3,10,7,1,7,6,1,8,2,6,9,1,21,121.5282194,25.09400891
114,03,18,21,10,12內湖區,內湖區康寧路3段75巷175弄與康寧路3段75巷口,0,0,1,1,B01,7,5,5,50,3,1,1,5,4,5,13,4,4,10,5,5,2,16,1,52,3,10,7,1,7,1,1,4,2,8,19,1,21,121.6120697,25.0768351
114,03,18,21,54,03中山區,中山區農安街與中山北路3段口,0,0,1,1,F01,7,5,5,0,4,1,1,5,4,5,13,2,1,4,5,5,1,16,2,45,2,9,3,4,7,7,8,20,9,14,100,1,21,121.5223872,25.06493399
114,03,18,22,18,10文山區,文山區木柵路4段20-1號,0,0,1,1,G01,8,5,5,50,14,9,2,5,4,5,13,4,4,5,4,5,2,17,1,57,3,10,4,1,7,1,8,20,11,16,19,2,21,121.5726627,24.99648336
114,03,19,00,26,08士林區,士林區德行東路190巷與德行東路190巷30弄口口,0,0,2,1,C03,7,5,5,30,4,1,1,5,4,5,13,4,4,10,5,5,1,15,1,23,2,7,6,1,7,9,1,10,1,11,72,1,21,121.5318111,25.1073508
114,03,19,02,00,12內湖區,內湖區環山路1段70號,0,0,3,1,C03,8,5,5,50,3,2,1,5,4,5,13,3,1,5,4,4,2,17,1,18,2,9,6,1,7,11,1,10,2,14,10,1,21,121.5669049,25.0863836
114,03,19,02,23,07信義區,信義區基隆路2段與光復南路口,0,0,3,1,B01,7,5,5,50,4,2,1,5,4,5,13,2,1,3,4,5,2,23,1,68,2,3,7,1,7,9,1,4,1,8,108,1,21,121.5576899,25.0299612
114,03,19,04,44,02萬華區,萬華區堤外便道近果菜市場疏散門,0,0,1,1,G06,7,5,5,30,3,2,1,5,4,5,13,4,4,10,5,5,2,16,1,31,2,8,3,4,7,6,8,20,1,16,108,1,22,121.4993993,25.0166296
114,03,19,06,05,04大安區,大安區敦化南路2段與和平東路3段口,0,0,1,1,B03,7,6,5,50,4,1,1,5,4,5,13,2,1,1,4,5,2,12,1,57,3,10,3,4,7,6,1,8,1,7,9,1,21,121.5489709,25.0248664
114,03,19,06,30,08士林區,士林區通河東街1段167巷口,0,0,1,1,C03,8,6,5,30,14,9,1,5,4,5,13,4,4,10,5,5,1,13,1,22,2,1,3,4,7,9,1,10,2,11,16,1,22,121.5156546,25.0880943
114,03,19,07,00,05中正區,中正區漢口街1段與中華路1段口,0,0,1,1,C03,7,7,5,50,4,1,1,5,4,5,13,1,1,1,4,1,2,13,1,67,2,8,5,1,7,9,1,10,1,11,44,1,21,121.5094783,25.0452999
114,03,19,07,30,04大安區,大安區市民大道4段與忠孝東路4段205巷口,0,0,1,1,B03,7,6,5,40,14,9,1,5,4,5,13,4,4,1,4,5,2,13,1,51,3,10,7,1,7,7,1,8,1,7,100,1,21,121.5520029,25.044415
114,03,19,07,30,10文山區,文山區秀明路1段與秀明路1段103巷口口,0,0,2,1,C03,8,6,5,30,3,18,1,5,4,5,13,2,1,10,5,5,2,3,1,34,2,9,5,1,7,6,1,10,9,11,70,1,21,121.5663802,24.9907056
114,03,19,07,36,04大安區,大安區忠孝東路4段與大安路1段口,0,0,1,1,C02,7,7,5,50,4,2,1,5,4,5,13,1,1,8,3,5,1,16,1,49,2,3,5,1,7,9,1,9,1,14,108,1,21,121.5461611,25.0414793