發生年度,發生月,發生日,發生時-Hours,發生分,區序,肇事地點,死亡人數,2-30日死亡人數,受傷人數,當事人序號,車種,天候,光線,道路類別,速限-速度限制,道路型態,事故位置,路面狀況1,路面狀況2,路面狀況3,道路障礙1,道路障礙2,號誌1,號誌2,車道劃分-分向,車道劃分-分道1,車道劃分-分道2,車道劃分-分道3,事故類型及型態,性別,年齡,受傷程度,主要傷處,保護裝置,行動電話,車輛用途,當事者行動狀態,駕駛資格情形,駕駛執照種類,飲酒情形,車輛撞擊部位1,肇因碼-個別,個人肇逃否,職業,座標-X,座標-Y
114,03,29,21,28,11南港區,南港區南港路2段298號,0,0,1,1,C03,6,5,5,50,14,9,1,4,4,5,13,4,4,1,4,5,2,11,2,30,2,8,5,1,7,9,1,10,1,12,108,1,21,121.5955072,25.0544686
114,03,29,22,02,06松山區,松山區八德路4段與松山路口口,0,0,1,1,C03,6,5,5,50,4,1,1,4,4,5,13,2,1,1,4,5,2,23,1,43,2,9,6,1,7,9,7,19,8,14,21,1,21,121.5779678,25.0500522
114,03,29,22,07,05中正區,中正區公園路與凱達格蘭大道口,0,0,1,1,B03,7,5,5,50,4,1,1,4,4,5,13,1,1,9,4,5,2,11,2,40,3,10,7,1,7,15,1,8,1,1,71,1,21,121.5149875,25.03957962
114,03,29,22,35,06松山區,松山區市民大道4段與八德路3段8巷口,0,0,1,1,B03,7,5,5,40,4,1,1,4,4,5,13,4,4,1,4,5,2,17,1,54,3,10,3,4,7,5,1,8,2,17,72,1,21,121.5497737,25.0448974
114,03,29,22,49,09北投區,北投區北投路2段與大業路516巷口,0,0,1,1,C03,8,5,5,50,4,2,1,5,4,5,13,1,1,9,4,5,1,17,1,19,3,10,6,1,7,5,1,10,1,14,71,1,21,121.4977292,25.132454
114,03,29,23,07,04大安區,大安區復興南路2段與復興南路2段78巷口,0,0,1,1,B03,6,6,5,50,3,1,1,4,4,5,13,2,1,10,5,5,2,17,1,45,3,10,3,4,7,5,1,8,1,6,8,1,21,121.5435039,25.0310768
114,03,29,23,47,01大同區,大同區鄭州路與重慶北路1段口,0,0,1,1,C03,6,5,5,40,14,9,1,4,4,5,13,4,4,1,4,5,2,13,1,36,2,9,6,1,7,9,1,10,1,11,108,1,21,121.5129359,25.0496868
114,03,29,23,54,08士林區,士林區忠誠路1段與德行東路132巷3弄口,0,0,1,1,B03,7,5,5,50,4,1,1,5,4,5,13,1,1,1,3,5,1,17,1,26,3,10,7,1,7,6,1,8,1,5,9,1,22,121.5299375,25.1074449
114,03,30,01,29,02萬華區,萬華區昆明街與開封街2段口,0,0,2,1,C03,6,5,5,50,4,2,1,4,4,5,13,1,1,9,5,5,2,17,1,30,2,7,5,1,7,12,1,10,1,11,108,1,21,121.5059446,25.046921
114,03,30,01,31,03中山區,中山區民族西路與玉門街口,0,0,1,1,B01,7,5,5,50,14,9,1,5,4,5,13,2,1,4,5,5,1,13,1,41,3,10,3,4,7,9,1,4,2,1,76,1,21,121.5204193,25.06852224
114,03,30,02,58,03中山區,中山區民族西路與玉門街口,0,0,2,1,C03,6,5,5,50,14,9,1,4,4,5,13,1,1,5,4,5,2,3,1,40,2,9,5,1,7,9,1,10,1,11,108,1,22,121.5196178,25.0684432
114,03,30,03,32,02萬華區,萬華區興義街與西園路2段372巷口,0,0,1,1,C03,6,5,5,30,4,1,1,4,4,5,13,4,4,10,5,5,2,17,1,36,2,8,5,4,7,9,1,10,1,11,72,1,21,121.4907605,25.02580387
114,03,30,03,38,08士林區,士林區士東路91巷17號,0,0,2,1,C03,6,5,5,30,14,9,1,4,4,5,13,4,4,8,3,5,1,3,1,41,2,9,3,4,7,9,1,10,2,12,70,1,22,121.5294165,25.1132795
114,03,30,08,00,03中山區,中山區龍江路412巷61-1號,0,0,1,1,B12,6,7,5,50,14,7,1,4,4,5,13,4,4,7,4,4,2,9,1,57,3,10,3,4,7,9,1,8,1,5,108,1,21,121.5383507,25.06767822
114,03,30,08,20,09北投區,北投區泉源路221號與行義路口惇敘高工前,0,0,1,1,A02,6,6,5,30,14,9,1,4,4,5,13,4,4,9,4,5,2,2,1,54,3,10,7,1,7,9,1,2,2,1,108,1,21,121.5209274,25.12081414
114,03,30,08,20,07信義區,信義區市民高架永吉路匝道往東,0,0,1,1,B03,6,5,5,60,10,9,1,4,4,5,13,4,4,1,4,5,1,17,1,45,3,10,7,1,7,7,1,8,1,17,100,1,22,121.5634473,25.0448517
114,03,30,08,34,08士林區,士林區延平北路7段18-2號號,0,0,2,1,B12,6,6,5,50,14,9,1,4,4,5,13,4,4,1,4,5,1,13,1,68,2,9,3,4,7,9,1,8,1,1,16,1,21,121.4976656,25.0942427
114,03,30,08,45,10文山區,文山區辛亥路4段與辛亥路4段101巷口,0,0,1,1,C03,6,6,5,50,3,2,1,4,4,5,13,2,1,9,4,5,2,13,2,24,2,8,6,1,7,9,1,10,1,11,16,1,21,121.5585289,25.0065052
114,03,30,09,41,02萬華區,萬華區青年路與青年路30巷口,0,0,1,1,B03,6,7,5,30,3,2,1,4,4,5,13,1,1,5,5,5,2,13,2,24,3,10,7,1,7,9,1,8,1,1,108,1,21,121.5048598,25.0255606
114,03,30,09,50,12內湖區,內湖區行善路與金豐街口,0,0,1,1,C04,6,6,5,50,4,2,1,4,4,5,13,1,1,1,5,5,2,12,2,46,2,9,6,1,7,7,1,8,2,14,100,1,21,121.5857479,25.0664458
114,03,30,10,11,05中正區,中正區金山南路1段120號與金山南路1段口,0,0,1,1,F01,6,7,5,50,4,2,1,3,4,5,13,2,1,5,4,5,2,17,2,73,2,9,4,1,7,5,8,20,2,12,8,1,21,121.5273144,25.0350709
114,03,30,10,50,01大同區,大同區歸綏街與安西街口,0,0,1,1,C03,6,6,5,30,3,1,1,4,4,5,13,4,4,9,4,5,2,17,2,74,2,9,5,1,7,5,3,18,2,12,72,1,21,121.5102428,25.0582428
114,03,30,11,00,10文山區,文山區萬芳交流道與木柵路4段口,0,0,2,1,B03,6,5,5,50,3,2,1,4,4,5,13,4,4,1,4,5,1,17,1,25,3,10,7,1,7,6,1,8,2,4,73,1,21,121.5765403,25.0001676
114,03,30,11,04,04大安區,大安區和平東路3段228巷39號,0,0,1,1,B01,6,6,5,50,14,9,1,4,4,5,13,4,4,5,2,5,1,17,1,62,3,10,3,4,7,9,1,4,2,1,108,1,21,121.5539089,25.0212458
114,03,30,11,10,03中山區,中山區中山北路2段與民生東路1段口,0,0,1,1,C03,6,7,5,50,4,2,1,4,4,5,13,2,1,1,5,5,2,18,2,61,2,1,6,1,7,9,1,10,1,14,42,1,26,121.5229698,25.0577244
114,03,30,11,30,02萬華區,萬華區堤外便道與萬大路口水門口,0,0,2,1,B03,6,6,5,50,4,1,1,4,4,5,13,2,1,5,5,5,2,17,1,47,3,10,7,1,7,5,1,8,1,8,8,1,21,121.4952543,25.0161373
114,03,30,11,30,07信義區,信義區莊敬路381號,0,0,1,1,A04,6,7,5,40,14,8,1,4,4,5,13,4,4,9,4,4,2,9,1,72,3,10,7,1,7,12,1,1,9,17,44,1,21,121.5651068,25.0276524
114,03,30,11,35,03中山區,中山區北安路647號,0,0,1,1,C03,6,7,5,50,14,9,5,4,4,5,13,4,4,10,5,5,2,17,1,19,2,9,5,1,7,9,1,10,1,17,42,1,21,121.5496356,25.0839172
114,03,30,12,09,03中山區,中山區中山北路3段181號,0,0,1,1,B03,6,7,5,50,14,9,1,4,4,5,13,4,4,1,4,5,2,17,1,35,3,10,7,1,7,1,1,8,1,4,19,1,21,121.523803,25.0716291
114,03,30,12,30,03中山區,中山區松江路與松江路164巷口,0,0,1,1,B02,6,6,5,50,3,1,1,4,4,5,13,4,4,1,4,4,2,16,1,22,3,10,3,4,7,6,1,8,1,2,9,1,21,121.5325336,25.0574805
114,03,30,12,30,11南港區,南港區忠孝東路6段152號,0,0,1,1,A02,8,5,5,40,14,9,1,5,4,5,13,4,4,1,4,4,2,9,1,60,3,10,7,1,7,14,1,2,9,17,44,1,21,121.5857272,25.0482091
114,03,30,12,46,10文山區,文山區木新路3段與忠順街1段26巷口,0,0,1,1,C03,6,6,5,50,14,9,2,4,4,5,13,2,1,10,5,5,2,9,1,24,3,10,5,1,7,5,1,10,1,11,70,1,21,121.5600586,24.9815182
114,03,30,13,40,10文山區,文山區保儀路109巷與永安街22巷9弄口,0,0,1,1,C03,6,5,5,30,3,1,1,4,4,5,13,4,4,10,5,5,1,17,1,58,3,10,6,1,7,5,1,10,1,14,72,1,21,121.5693146,24.9856814
114,03,30,14,20,07信義區,信義區永吉路與虎林街口,0,0,1,1,B02,6,6,5,50,4,1,1,4,4,5,13,2,1,1,4,4,2,16,2,45,3,10,7,1,7,5,1,8,2,6,71,1,21,121.5770132,25.0453927
114,03,30,14,29,07信義區,信義區松仁路2號,0,0,1,1,B02,6,6,5,50,14,9,1,4,4,5,13,4,4,1,4,5,2,12,1,52,3,10,3,4,7,1,1,8,2,8,19,1,21,121.5684235,25.0396287
114,03,30,15,05,08士林區,士林區磺溪便道與克強路口,0,0,1,1,B03,6,5,5,30,4,1,1,4,4,5,13,4,4,10,5,5,1,17,1,46,3,10,7,1,7,9,1,8,1,1,72,1,21,121.5224992,25.1092325
114,03,30,15,46,05中正區,中正區辛亥路1段台電大樓站一號出口前,0,0,2,1,B03,6,7,5,50,14,9,1,4,4,5,13,4,4,10,4,5,2,13,1,57,3,10,7,1,7,7,1,8,2,5,100,1,22,121.5288858,25.0197004
114,03,30,16,54,04大安區,大安區和平東路1段與麗水街口,0,0,1,1,C02,6,6,5,40,3,1,1,4,4,5,13,4,4,1,4,5,2,13,1,23,2,8,6,1,7,9,1,9,1,11,108,1,21,121.5280168,25.0267578
114,03,30,17,17,06松山區,松山區復興北路69號,0,0,1,1,,7,6,5,0,14,20,4,5,4,5,13,4,4,10,5,5,2,9,4,0,,,,,,,,,,,119,2,,121.5441959,25.0505624
114,03,30,18,05,12內湖區,內湖區安泰街49巷與安泰街口,0,0,1,1,A02,6,5,6,30,3,1,1,4,4,5,13,4,4,10,5,5,2,9,1,56,3,10,3,1,7,14,1,6,9,17,40,2,26,121.6177283,25.0738935
114,03,30,18,16,04大安區,大安區仁愛路3段26-5號,0,0,1,1,C03,7,5,5,50,14,8,1,4,4,5,10,4,4,1,4,1,2,17,2,46,2,9,3,4,7,3,1,10,11,15,18,2,22,121.5360005,25.0376368
114,03,30,18,20,08士林區,士林區前港街與前港街110巷口,0,0,2,1,C03,8,5,5,30,3,1,1,5,4,5,13,4,4,10,5,5,2,3,1,29,2,9,6,1,7,9,1,10,1,15,70,1,26,121.5185064,25.0852026
114,03,30,18,35,05中正區,中正區永福橋往永和方向,0,0,2,1,C03,6,5,5,50,14,8,1,4,4,5,13,4,4,5,2,5,2,13,2,29,2,9,5,1,7,9,1,10,1,12,44,1,22,121.5282886,25.0117462
114,03,30,18,44,10文山區,文山區指南路2段177號,0,0,1,1,B03,6,5,5,40,14,9,1,4,4,5,13,4,4,5,5,5,2,17,1,74,3,10,7,1,7,11,1,8,1,8,10,1,22,121.5779873,24.9871936
114,03,30,18,48,01大同區,大同區西寧北路與忠孝西路2段口,0,0,1,1,B03,6,5,5,50,5,2,1,4,4,5,13,1,1,5,5,5,2,17,1,37,3,10,7,1,7,8,1,8,1,1,108,1,21,121.5076655,25.0489138
114,03,30,18,51,07信義區,信義區基隆路1段101巷與松隆路9巷口,0,0,1,1,B03,6,5,5,50,5,2,1,4,4,5,13,4,4,10,5,5,2,17,1,33,3,10,3,4,7,5,1,8,2,5,72,1,21,121.5675666,25.0450446
114,03,30,19,06,05中正區,中正區丹陽街與紹興南街口,0,0,1,1,B01,6,5,5,30,4,1,1,4,4,5,13,2,1,5,4,5,2,3,1,61,3,10,7,1,7,5,1,4,2,8,70,1,22,121.5236852,25.03943883
114,03,30,19,07,07信義區,信義區基隆路2段與信義路5段口,0,0,1,1,B03,6,5,5,50,4,1,1,4,4,5,13,1,1,3,4,5,2,12,1,23,3,10,3,4,7,15,1,8,2,4,44,1,21,121.5594003,25.0328951
114,03,30,19,17,06松山區,松山區興安街與復興北路口,0,0,1,1,B01,6,5,5,50,4,18,1,4,3,5,13,1,1,1,4,5,2,3,1,65,3,10,7,1,7,5,1,4,2,1,70,1,21,121.5442167,25.0561771
114,03,30,19,23,11南港區,南港區南港路2段與南港路2段178巷口,0,0,1,1,B03,6,5,5,50,4,1,1,4,4,5,13,2,1,4,3,5,2,17,2,42,3,10,7,1,7,5,1,8,1,2,71,1,21,121.5996901,25.0534939
114,03,30,19,33,06松山區,松山區塔悠路與撫遠街395巷口,0,0,1,1,C03,6,5,5,40,3,1,1,4,4,5,13,4,4,8,3,4,1,17,1,50,2,9,3,1,7,9,1,10,1,14,118,1,21,121.5677402,25.0657198
114,03,30,19,36,08士林區,士林區延平北路5段與葫蘆街口,0,0,2,1,C03,7,5,5,50,3,2,1,5,4,5,13,2,1,3,4,5,2,16,1,47,2,9,5,1,7,6,1,10,1,11,9,1,21,121.511152,25.07954791
114,03,30,20,06,03中山區,中山區松江路與松江路25巷口,0,0,1,1,B03,6,5,5,50,4,1,1,4,4,5,13,1,1,5,5,5,2,1,1,53,3,10,7,1,7,5,1,8,1,5,70,1,22,121.532898,25.0470173
114,03,30,20,13,03中山區,中山區長春路與吉林路口,0,0,2,1,B03,6,5,5,50,4,18,1,4,4,5,13,1,1,9,4,5,2,3,2,36,3,10,3,4,7,5,1,8,2,1,70,1,21,121.5210673,25.05023209
114,03,30,20,33,01大同區,大同區鄭州路與西寧北路口,0,0,1,1,B03,6,5,5,40,5,1,1,4,4,5,13,1,1,5,5,5,2,13,2,49,3,10,7,1,7,9,1,4,2,1,108,1,21,121.5082171,25.050489
114,03,30,20,35,03中山區,中山區林森北路與雙城街23巷口,0,0,1,1,B03,6,5,5,30,4,1,1,4,4,5,13,4,4,9,5,5,2,3,1,49,3,10,3,4,7,9,1,8,1,5,70,1,21,121.5256285,25.06577877
114,03,30,20,41,04大安區,大安區四維路與四維路170巷口,0,0,1,1,B01,6,5,5,30,4,1,1,4,4,5,13,3,1,10,5,5,2,15,1,40,3,10,3,4,7,9,1,4,1,4,72,1,21,121.5480185,25.028159
114,03,30,20,52,07信義區,信義區忠孝東路5段743巷與忠孝東路5段口,0,0,2,1,B03,6,5,5,50,5,2,1,4,4,5,13,1,1,3,3,5,2,16,1,40,3,10,3,4,7,6,1,8,1,5,9,1,21,121.5810808,25.0431598
114,03,30,21,46,09北投區,北投區大業路與大度路口,0,0,1,1,C03,6,5,5,50,5,1,1,4,4,5,13,2,1,1,4,5,2,16,2,67,2,9,6,1,7,5,1,10,1,14,8,1,22,121.4995882,25.1211468
114,03,30,21,49,12內湖區,內湖區內湖路2段與成功路3段174巷口,0,0,1,1,B03,6,5,5,50,4,18,1,4,4,5,13,2,1,5,5,5,2,3,2,22,3,10,7,1,7,5,1,8,2,8,70,1,21,121.5903242,25.08210938
114,03,30,22,20,03中山區,中山區建國北路1段35號,0,0,1,1,C03,6,5,5,50,14,9,1,4,4,5,13,4,4,1,4,5,2,13,1,25,2,7,5,1,7,9,1,10,1,11,108,1,21,121.5369756,25.0475745
114,03,30,22,22,02萬華區,萬華區中華路1段90號,0,0,1,1,C03,6,5,5,50,14,9,1,4,4,5,13,4,4,1,4,5,2,13,2,47,2,8,5,4,7,9,1,10,2,11,16,1,21,121.5088751,25.04478333
114,03,30,22,54,04大安區,大安區忠孝東路4段216巷與敦化南路1段233巷口,0,0,1,1,B01,6,6,5,30,4,1,1,4,4,5,13,4,4,10,5,5,2,15,1,62,3,10,3,4,7,9,1,8,1,2,72,1,21,121.5529859,25.0403457
114,03,30,23,05,02萬華區,萬華區昆明街與昆明街258巷口,0,0,1,1,C03,6,5,5,50,4,1,1,4,4,5,13,4,4,10,5,5,2,16,1,19,3,10,6,1,7,5,1,10,1,14,8,1,25,121.5041046,25.03931489
114,03,31,00,23,04大安區,大安區敦化南路1段與敦化南路1段270巷口,0,0,1,1,C03,6,6,5,50,4,1,1,4,4,5,13,4,4,10,5,5,2,15,2,27,3,10,3,4,7,9,1,10,1,12,44,1,21,121.5485672,25.0388555
114,03,31,04,52,10文山區,文山區興隆路3段185巷與興隆路3段185巷9弄口,0,0,1,1,C04,6,5,5,30,4,1,1,4,4,5,13,4,4,10,5,5,2,2,1,46,3,10,5,1,7,9,1,10,2,11,108,1,21,121.5619884,24.99542636
114,03,31,04,53,01大同區,大同區民權西路與承德路2段口,0,0,2,1,C03,6,5,5,50,5,2,1,4,4,5,13,4,4,1,5,4,2,12,2,41,2,8,6,1,7,9,1,10,2,14,17,1,21,121.5186443,25.0627959
114,03,31,06,50,09北投區,北投區承德路7段與公館路口,0,0,1,1,C03,6,7,5,60,4,2,1,4,4,5,13,1,1,1,4,4,2,13,1,42,3,10,5,1,7,9,3,18,1,11,16,1,22,121.5017401,25.1194726
114,03,31,08,07,02萬華區,萬華區西園路2段140巷與雙園街67巷口,0,0,1,1,B01,6,6,5,50,5,1,1,4,4,5,13,4,4,10,5,5,2,11,1,66,3,10,3,4,7,9,1,4,1,2,17,1,22,121.4952775,25.0312396
114,03,31,08,14,07信義區,信義區信義路4段與基隆路1段口,0,0,1,1,C03,6,6,5,50,4,2,1,4,4,5,13,2,1,10,5,5,2,13,2,51,2,6,5,1,7,5,1,10,1,11,108,1,21,121.5599985,25.0332667
114,03,31,08,38,08士林區,士林區克強路3號,0,0,1,1,B01,6,5,5,50,14,9,1,4,4,5,13,4,4,5,5,5,1,17,1,65,3,10,7,1,7,14,1,4,1,2,40,1,21,121.5249327,25.1087557
114,03,31,08,55,07信義區,信義區忠孝東路4段508號,0,0,1,1,C03,6,7,5,50,14,9,1,4,4,5,13,4,4,10,3,5,2,12,1,29,3,10,5,4,7,9,1,10,1,12,108,1,21,121.5619811,25.0411295
114,03,31,08,57,12內湖區,內湖區成功路3段87號,0,0,1,1,C03,6,5,5,50,14,9,1,4,4,5,13,4,4,1,4,5,2,13,1,28,2,9,6,1,7,9,1,10,1,11,16,1,22,121.5897361,25.0785697
114,03,31,09,05,09北投區,北投區承德路7段與承德路7段344巷口,0,0,1,1,C03,6,7,5,60,3,2,1,4,4,5,13,1,1,1,4,5,2,13,1,23,2,8,5,1,7,9,1,10,1,11,16,1,22,121.5035739,25.1174266
114,03,31,09,12,12內湖區,內湖區舊宗路1段30巷對面,0,0,1,1,B03,6,6,5,50,14,9,1,4,4,5,13,4,4,1,4,5,2,17,1,56,4,11,3,4,7,15,7,19,9,17,100,2,21,121.5809441,25.0580871
114,03,31,09,14,12內湖區,內湖區內湖路1段396號前,0,0,1,1,B03,6,5,5,40,14,8,1,4,4,5,13,4,4,1,4,4,2,12,1,69,3,10,7,1,7,12,1,8,2,5,17,1,21,121.5736069,25.0805282
114,03,31,09,15,04大安區,大安區復興南路2段393號,0,0,2,1,C03,6,7,5,50,14,9,1,4,4,5,13,4,4,1,4,1,2,13,2,44,2,9,5,1,7,9,1,10,1,11,16,1,21,121.5436227,25.0219047
114,03,31,09,16,07信義區,信義區和平東路3段與和平東路3段341巷口,0,0,1,1,B03,6,5,5,30,5,2,1,4,4,5,13,2,1,1,4,5,2,17,1,33,3,10,7,1,7,6,1,8,1,5,44,1,22,121.5564988,25.0207763
114,03,31,09,28,09北投區,北投區石牌路2段與振興街口,0,0,1,1,C03,6,6,5,50,14,9,1,4,4,5,13,1,1,9,4,5,2,12,2,19,3,10,5,1,7,15,1,10,1,13,100,1,21,121.5213253,25.1189678
114,03,31,09,48,12內湖區,內湖區陽光街與文德路208巷口,0,0,1,1,B03,6,6,5,50,3,1,1,4,4,5,13,1,1,10,5,5,2,16,1,32,3,10,7,1,7,5,1,8,2,1,8,1,21,121.5835846,25.075048
114,03,31,10,06,04大安區,大安區基隆路4段41巷與基隆路4段41巷68弄口口,0,0,1,1,A11,6,7,5,30,4,2,1,4,4,5,13,2,1,5,5,5,1,17,1,54,3,10,7,1,7,6,1,3,1,2,9,1,21,121.5410085,25.0113827
114,03,31,10,30,03中山區,中山區長安東路2段與長安東路2段129巷口,0,0,1,1,B01,6,6,5,50,4,1,1,4,4,5,13,4,4,5,4,5,2,17,1,50,3,10,7,1,7,11,1,4,1,4,10,1,21,121.5359567,25.04838604
114,03,31,11,45,08士林區,士林區中山北路5段與中山北路5段505巷口口,0,0,1,1,B01,6,6,5,40,14,9,1,4,4,5,13,2,1,1,5,5,2,16,1,60,3,10,7,1,7,6,1,4,1,5,9,1,21,121.527899,25.09369818
114,03,31,12,09,05中正區,中正區羅斯福路3段與辛亥路1段口,0,0,1,1,B03,6,7,5,50,4,18,1,4,4,5,13,2,1,1,4,5,2,1,2,61,3,10,7,1,7,6,1,8,1,1,70,1,22,121.5294153,25.0194208
114,03,31,12,50,03中山區,中山區樂群一路中山432號公園,0,0,1,1,B03,6,6,5,50,14,9,1,4,4,5,13,4,4,3,4,5,2,17,2,73,3,10,7,1,7,8,1,8,1,17,100,1,21,121.5554082,25.07714054
114,03,31,12,59,03中山區,中山區民權東路2段與民權東路2段135巷口,0,0,2,1,B02,6,5,5,50,4,1,1,4,4,5,13,1,1,1,4,5,2,16,2,37,3,10,3,4,7,5,1,8,1,4,98,1,21,121.5345881,25.06249898
114,03,31,14,05,04大安區,大安區和平東路1段與泰順街口,0,0,1,1,B03,6,5,5,50,3,18,1,4,4,5,13,2,1,1,3,5,1,3,2,47,3,10,7,1,7,11,1,8,2,8,70,1,21,121.5315241,25.0263319
114,03,31,14,40,07信義區,信義區光復南路417號,0,0,1,1,A02,6,5,5,50,14,9,1,4,4,5,13,4,4,1,4,5,2,9,1,64,3,10,7,1,7,1,1,2,1,17,19,1,21,121.5575482,25.0362519
114,03,31,14,49,03中山區,中山區南京東路2段與一江街口側附近口,0,0,1,1,,6,7,5,50,4,1,1,4,4,5,13,1,1,1,4,4,2,17,4,0,,,,,,,,,,,119,2,,121.5318221,25.0519668
114,03,31,14,57,03中山區,中山區北安路與崇實路口,0,0,1,1,B03,6,7,5,50,4,2,1,4,4,5,13,1,1,1,4,5,2,13,1,47,3,10,7,1,7,9,1,8,1,5,108,1,22,121.5449765,25.0797912
114,03,31,15,35,11南港區,南港區研究院路1段與富康街口,0,0,1,1,B03,6,7,5,50,4,2,1,4,4,5,13,2,1,1,4,5,2,15,2,45,3,10,7,1,7,9,1,8,1,1,42,1,21,121.6165371,25.0543801
114,03,31,16,38,02萬華區,萬華區堤外便道南往北(DSR290牌面前),0,0,2,1,C03,6,6,7,40,14,11,1,4,4,5,13,4,4,8,3,5,1,13,2,67,2,8,5,1,7,9,1,10,1,11,16,1,21,121.4968644,25.0397169
114,03,31,18,03,09北投區,北投區東華街1段與東華街1段438巷口,0,0,2,1,C03,6,5,5,30,3,1,1,4,4,5,13,4,4,1,5,5,2,3,2,48,2,1,5,1,7,9,1,10,2,11,70,1,21,121.5178591,25.1116822
114,03,31,18,03,07信義區,信義區仁愛路4段512巷與仁愛路4段口,0,0,1,1,B03,7,5,5,50,5,2,1,4,4,5,13,1,1,5,5,5,2,17,1,29,3,10,7,1,7,6,1,8,1,5,108,1,21,121.5613273,25.0374588
114,03,31,18,10,02萬華區,萬華區環河南路1段與峨眉街口,0,0,1,1,B12,6,5,5,30,3,1,1,4,4,5,13,4,4,5,5,5,2,16,1,69,3,10,7,1,7,6,1,5,1,2,9,1,26,121.5015599,25.04490179
114,03,31,18,15,03中山區,中山區建國北路2段28號,0,0,1,1,C03,6,5,5,50,14,9,1,4,4,5,13,4,4,9,4,5,2,13,2,35,2,8,5,1,7,9,1,10,2,11,16,1,21,121.536572,25.05306773
114,03,31,18,16,03中山區,中山區復興北路164號,0,0,1,1,A02,6,5,5,50,14,9,1,4,4,5,13,2,1,1,4,5,2,9,1,51,3,10,7,1,7,14,1,6,9,2,36,1,21,121.54399,25.0538443
114,03,31,18,35,03中山區,中山區北安路458巷41弄19號,0,0,2,1,B03,7,5,5,0,22,25,1,4,4,5,13,4,4,10,5,5,2,12,1,34,3,10,3,4,7,1,1,8,2,1,42,1,22,121.545857,25.07876876
114,03,31,18,48,10文山區,文山區木新路3段與辛亥路7段口,0,0,1,1,B03,6,5,5,50,3,2,1,4,4,5,13,4,4,10,4,5,2,17,1,63,3,10,7,1,7,6,1,7,1,2,9,1,21,121.5545643,24.9801867
114,03,31,18,54,03中山區,中山區民權東路3段與龍江路口,0,0,1,1,B03,6,5,5,50,4,2,1,4,4,5,13,1,1,1,3,5,1,2,2,50,3,10,7,1,7,5,1,8,1,4,70,1,21,121.5405302,25.06232778
114,03,31,18,55,11南港區,南港區南港路2段與南港路2段178巷口,0,0,1,1,B02,6,5,5,50,4,1,1,4,4,5,13,2,1,4,3,5,2,17,1,47,3,10,7,1,7,5,1,8,1,2,71,1,21,121.6000431,25.0535198
114,03,31,18,56,05中正區,中正區凱達格蘭大道與懷寧街口,0,0,1,1,B01,6,5,5,50,4,1,1,4,4,5,13,4,4,1,4,5,2,17,1,56,3,10,7,1,7,6,1,4,1,8,17,1,22,121.5138208,25.03987323
114,03,31,19,00,09北投區,北投區石牌路2段322號正門口,0,0,2,1,C02,6,5,5,50,22,9,1,4,4,5,13,3,2,5,5,5,2,3,1,45,2,9,6,1,7,9,1,9,1,14,70,1,22,121.5228368,25.1207549
114,03,31,19,02,09北投區,北投區石牌路2段322號,0,0,1,1,B03,6,5,5,50,14,9,1,4,4,5,13,1,1,9,4,4,1,12,2,45,3,10,7,1,7,15,1,8,9,2,77,2,21,121.5227021,25.1202129
114,03,31,19,13,02萬華區,萬華區康定路與廣州街口,0,0,2,1,C03,6,5,5,50,4,1,1,4,4,5,13,2,1,9,4,5,2,17,2,30,2,9,6,1,7,5,1,10,1,11,118,1,22,121.5014484,25.0366118
114,03,31,19,21,01大同區,大同區太原路與民生西路口,0,0,1,1,B01,6,5,5,50,3,1,1,4,4,5,13,1,1,5,5,5,2,17,1,63,3,10,7,1,7,11,1,3,2,1,71,1,21,121.5169409,25.0570671
114,03,31,19,27,12內湖區,內湖區內湖路2段與成功路4段30巷口,0,0,1,1,C03,6,5,5,50,3,1,1,4,4,5,13,4,4,9,4,5,2,3,1,36,3,10,6,1,7,9,1,10,2,11,70,1,21,121.5908251,25.0824445
114,03,31,19,40,12內湖區,內湖區瑞光路與港墘路口,0,0,1,1,B03,6,5,5,50,4,1,1,4,4,5,13,2,1,1,4,5,2,3,1,54,3,10,3,4,7,6,1,8,2,5,70,1,22,121.5748648,25.0762954
114,03,31,19,42,04大安區,大安區信義路3段與新生南路2段口,0,0,1,1,B03,6,5,5,50,4,1,1,4,4,5,13,2,1,8,3,4,1,16,1,63,3,10,7,1,7,5,1,8,1,2,83,1,21,121.5328717,25.033569
114,03,31,19,44,02萬華區,萬華區西藏路201號,0,0,3,1,C03,6,5,5,50,14,9,1,4,4,5,13,2,1,1,4,5,2,13,1,27,2,8,3,4,7,14,1,10,1,13,108,1,22,121.4990735,25.0292983
114,03,31,19,49,10文山區,文山區萬安街21巷12號,0,0,1,1,C03,6,5,5,30,14,9,1,4,4,5,13,4,4,10,5,5,2,1,1,21,3,10,5,1,7,9,1,10,2,11,108,1,21,121.5709856,25.001031
114,03,31,20,08,10文山區,文山區萬芳路與萬芳路107巷口口,0,0,1,1,C03,6,5,5,50,5,2,1,4,4,1,13,2,1,5,4,5,2,20,1,41,2,9,6,1,7,9,1,10,2,11,131,1,21,121.5619196,24.9972775
114,03,31,20,18,04大安區,大安區和平東路2段128之2號,0,0,1,1,C03,6,5,5,50,14,9,1,4,4,5,13,4,4,1,4,5,2,12,2,28,2,8,6,1,7,9,1,10,1,12,17,1,21,121.5437326,25.0247981
114,03,31,20,46,07信義區,信義區松山路與松德路口,0,0,1,1,C03,6,5,5,50,14,9,1,4,4,5,13,1,1,9,4,5,2,11,2,67,2,9,6,1,7,15,1,10,1,14,99,1,21,121.5778217,25.0396639