發生年度,發生月,發生日,發生時-Hours,發生分,區序,肇事地點,死亡人數,2-30日死亡人數,受傷人數,當事人序號,車種,天候,光線,道路類別,速限-速度限制,道路型態,事故位置,路面狀況1,路面狀況2,路面狀況3,道路障礙1,道路障礙2,號誌1,號誌2,車道劃分-分向,車道劃分-分道1,車道劃分-分道2,車道劃分-分道3,事故類型及型態,性別,年齡,受傷程度,主要傷處,保護裝置,行動電話,車輛用途,當事者行動狀態,駕駛資格情形,駕駛執照種類,飲酒情形,車輛撞擊部位1,肇因碼-個別,個人肇逃否,職業,座標-X,座標-Y
114,03,31,20,55,03中山區,中山區市民大道3段與市民大道3段口163號前迴轉道,0,0,2,1,C03,6,5,5,40,3,1,1,4,4,5,13,4,4,9,4,5,2,16,1,74,2,7,6,4,7,9,1,10,2,14,72,1,22,121.5410891,25.04462015
114,03,31,20,57,06松山區,松山區撫遠街與撫遠街379巷口,0,0,1,1,B03,6,5,5,30,4,1,1,4,4,5,13,1,1,1,4,5,2,15,2,28,3,10,7,1,7,15,1,8,1,1,42,1,21,121.5658218,25.0643689
114,03,31,21,00,06松山區,松山區市民大道4段39號,0,0,1,1,C03,6,5,5,40,14,9,1,4,4,5,13,4,4,1,3,5,2,12,2,45,3,10,6,1,7,5,1,10,1,14,8,1,22,121.5451318,25.0450957
114,03,31,21,09,09北投區,北投區承德路7段與石牌路1段口,0,0,1,1,B03,6,5,5,60,3,2,1,4,4,5,13,2,1,1,4,5,2,13,1,24,3,10,7,1,7,9,1,8,1,1,108,1,22,121.5089181,25.1126062
114,03,31,21,58,10文山區,文山區木柵路3段79號旁,0,0,1,1,B03,6,5,5,50,14,9,1,4,4,5,13,2,1,9,5,5,2,13,1,23,3,10,7,1,7,9,1,8,1,1,81,1,21,121.5676201,24.9887579
114,03,31,22,11,03中山區,中山區南京東路3段與龍江路口,0,0,1,1,C03,6,5,5,40,4,1,1,4,4,5,10,2,1,1,4,4,2,12,2,34,2,9,6,4,7,8,1,10,1,14,100,1,21,121.540674,25.05201842
114,03,31,22,30,12內湖區,內湖區康樂街125號,0,0,1,1,C03,6,5,5,50,14,9,1,4,4,5,13,4,4,5,5,5,2,17,2,26,2,9,6,1,7,9,1,10,2,11,108,1,21,121.6192003,25.071046
114,03,31,22,32,06松山區,松山區八德路2段與復興南路1段口,0,0,1,1,B01,6,5,5,50,4,18,1,4,4,5,13,2,1,9,4,5,2,3,1,66,4,11,3,4,7,5,7,19,11,15,70,2,22,121.5440676,25.04770011
114,04,01,02,53,03中山區,中山區民權東路1段與林森北路口,0,0,1,1,B01,6,7,5,50,14,9,1,4,4,5,13,4,4,5,4,5,1,2,1,62,3,10,7,1,7,9,1,4,11,4,108,2,21,121.5255703,25.06299673
114,04,01,05,01,02萬華區,萬華區萬大路618巷4號,0,0,2,1,C04,6,5,5,30,14,9,1,4,4,5,13,4,4,10,5,5,2,3,2,61,2,4,5,1,7,9,1,10,1,11,44,1,21,121.4955298,25.017281
114,04,01,07,30,10文山區,文山區辛亥路7段與辛亥路7段65巷口口,0,0,1,1,B03,6,6,5,50,3,1,1,4,4,5,13,4,4,5,5,4,2,16,2,42,3,10,7,1,7,6,1,8,1,2,9,1,21,121.5542017,24.9837042
114,04,01,07,36,03中山區,中山區北安路305號對面,0,0,2,1,C03,6,7,5,50,14,9,1,4,4,5,13,1,1,1,4,5,2,13,1,25,2,9,3,4,7,12,1,10,1,12,42,1,21,121.5372327,25.08287423
114,04,01,07,50,08士林區,士林區大南路與大東路口口,0,0,1,1,C03,6,6,5,30,4,1,4,3,4,5,13,4,4,10,5,5,1,17,2,23,2,9,6,1,7,9,1,10,1,12,44,1,21,121.5251299,25.0892687
114,04,01,08,09,08士林區,士林區大南路與通河東街1段口,0,0,1,1,C03,6,6,5,50,4,2,1,4,4,5,13,1,1,4,5,5,1,17,1,46,2,8,5,1,7,9,1,10,2,17,42,1,21,121.5156029,25.0895276
114,04,01,08,25,05中正區,中正區忠孝東路1段與林森北路口,0,0,1,1,B01,6,6,5,50,4,2,1,4,4,5,13,2,1,1,4,5,2,13,1,57,3,10,7,1,7,9,6,4,2,1,16,1,21,121.5236921,25.0448114
114,04,01,08,31,07信義區,信義區永吉路30巷125號對面,0,0,1,1,C03,6,6,5,30,14,9,1,4,4,5,13,4,4,8,5,5,2,12,2,51,2,8,5,1,7,7,1,10,1,14,100,1,21,121.5687331,25.0428168
114,04,01,08,37,04大安區,大安區敦化南路2段與安和路2段171巷口,0,0,1,1,B03,6,7,5,50,4,2,1,4,4,5,13,2,1,5,4,5,2,12,1,61,3,10,7,1,7,8,1,8,1,5,100,1,22,121.5489709,25.0282492
114,04,01,08,50,01大同區,大同區塔城街與塔城街15巷口,0,0,1,1,F01,6,6,5,50,3,1,1,4,4,5,13,4,4,8,3,5,2,15,2,52,2,7,4,1,7,11,8,20,1,12,74,1,21,121.510523,25.0515319
114,04,01,08,55,04大安區,大安區金山南路2段與金華街口,0,0,1,1,B03,6,5,5,50,4,1,1,4,4,5,13,1,1,1,4,5,2,16,2,28,3,10,3,4,7,8,1,8,1,5,100,1,21,121.526664,25.0302265
114,04,01,08,58,05中正區,中正區水源快速道路往南師大路匝道,0,0,1,1,B12,6,7,5,40,14,9,1,4,4,5,13,1,1,1,4,5,2,13,1,64,3,10,7,1,7,9,1,7,2,1,16,1,22,121.524413,25.0209007
114,04,01,09,00,12內湖區,內湖區民權東路6段56巷與民權東路6段56巷25弄口,0,0,1,1,C03,6,6,5,50,4,1,1,4,4,5,13,4,4,5,5,4,2,16,1,27,2,9,5,1,7,15,1,10,1,12,14,1,22,121.5853682,25.0674019
114,04,01,09,40,04大安區,大安區復興南路1段與市民大道4段口,0,0,1,1,C03,6,7,5,50,4,1,1,4,4,5,13,2,1,1,4,5,1,17,2,80,2,9,6,1,7,6,1,10,1,12,9,1,21,121.5440164,25.0447583
114,04,01,10,02,11南港區,南港區經貿二路與經貿二路157巷口,0,0,1,1,B03,6,6,7,50,3,1,1,4,4,5,13,2,1,1,3,4,2,2,1,29,3,10,3,1,7,5,1,8,1,1,70,1,22,121.6165467,25.059195
114,04,01,10,04,07信義區,信義區信安街67巷81號,0,0,1,1,B03,6,6,5,50,14,8,1,4,4,5,13,4,4,8,5,4,2,16,1,50,3,10,3,4,7,5,1,8,1,1,8,1,22,121.5602253,25.0259009
114,04,01,10,35,06松山區,松山區光復北路與健康路口,0,0,3,1,C03,6,6,5,50,4,2,1,4,4,5,13,1,1,8,1,5,2,16,1,65,3,10,6,1,7,5,1,10,1,14,118,1,21,121.5564636,25.0537832
114,04,01,11,00,06松山區,松山區八德路3段與延吉街口,0,0,1,1,B03,6,7,5,50,3,1,1,4,4,5,13,1,1,5,4,5,2,16,2,44,3,10,7,1,7,6,1,8,1,2,9,1,22,121.5532793,25.0481333
114,04,01,11,10,04大安區,大安區建國南路1段175巷與建國南路1段口,0,0,1,1,B11,6,5,5,50,3,18,1,4,4,5,13,2,1,1,4,5,2,3,1,40,4,11,7,1,7,15,1,8,11,15,70,2,21,121.5376293,25.0408893
114,04,01,11,42,10文山區,文山區新光路2段燈桿019號旁,0,0,2,1,C03,6,6,5,50,11,7,1,4,4,5,13,4,4,3,4,4,2,18,1,21,2,9,5,1,7,9,1,10,1,12,116,1,21,121.5740447,24.9951196
114,04,01,12,15,03中山區,中山區南京東路2段與松江路口,0,0,2,1,C03,6,6,5,50,4,18,1,4,4,5,13,2,1,1,4,4,2,3,1,70,2,8,5,4,7,9,1,10,1,11,81,1,21,121.5331102,25.052228
114,04,01,13,10,03中山區,中山區市民大道3段與松江路口,0,0,2,1,C03,6,6,5,50,4,2,1,4,4,5,13,1,1,1,4,5,2,16,2,21,2,8,5,1,7,6,1,10,1,12,9,1,21,121.5327644,25.0456879
114,04,01,15,25,12內湖區,內湖區舊宗路2段121巷與瑞湖街口口,0,0,1,1,B03,6,5,5,50,4,2,1,4,4,5,13,2,1,9,5,5,2,17,1,25,3,10,3,4,7,6,1,8,1,2,9,1,21,121.5764493,25.0691338
114,04,01,16,20,04大安區,大安區延吉街與光復南路308巷口,0,0,2,1,C03,6,7,5,30,4,1,1,4,4,5,13,4,4,5,4,5,2,17,1,48,2,8,6,1,7,9,1,10,1,11,14,1,21,121.555156,25.0389141
114,04,01,16,26,03中山區,中山區南京東路3段132號,0,0,2,1,C03,6,6,5,50,14,9,1,4,4,5,13,4,4,8,3,5,1,17,1,44,3,10,5,1,7,9,1,10,1,13,44,1,21,121.5409817,25.0518263
114,04,01,17,00,07信義區,信義區忠孝東路5段與忠孝東路5段743巷1弄口,0,0,1,1,B03,6,6,5,50,5,1,1,4,4,5,13,1,1,1,4,5,2,16,1,44,3,10,3,4,7,8,1,8,2,2,100,1,22,121.5812616,25.0434402
114,04,01,17,15,07信義區,信義區基隆路1段與基隆路1段102巷口,0,0,1,1,B03,6,5,5,50,3,1,1,4,4,5,13,4,4,3,4,5,2,16,1,46,3,10,7,1,7,8,1,8,1,2,100,1,21,121.5668264,25.0453721
114,04,01,17,30,04大安區,大安區市民大道4段32號,0,0,2,1,B03,6,7,8,40,14,9,1,4,4,5,13,4,4,1,4,5,2,12,1,33,2,8,7,1,7,8,1,8,1,2,100,1,21,121.5446594,25.0448853
114,04,01,17,42,05中正區,中正區市民大道2段與天津街口,0,0,2,1,C03,6,5,5,40,4,1,1,4,4,5,13,2,1,1,4,5,2,13,1,19,2,9,5,1,7,9,1,10,2,11,108,1,22,121.522375,25.04783065
114,04,01,18,00,03中山區,中山區民權東路2段192號,0,0,1,1,C03,7,5,5,50,14,9,1,5,4,5,13,4,4,1,4,5,2,13,1,21,2,8,6,1,7,9,1,10,1,11,16,1,21,121.5368254,25.06234104
114,04,01,18,05,04大安區,大安區辛亥路1段34巷與辛亥路1段口,0,0,1,1,B03,7,5,5,20,5,2,1,4,4,5,13,4,4,8,3,4,1,16,2,48,3,10,7,1,7,6,1,8,1,8,72,1,21,121.5299428,25.0200104
114,04,01,18,20,07信義區,信義區基隆路1段與一之六號道路口,0,0,1,1,C03,6,5,5,50,14,9,1,4,4,5,13,4,4,3,4,5,2,13,1,23,2,9,5,1,7,9,1,10,1,11,16,1,21,121.5604909,25.0343607
114,04,01,18,31,12內湖區,內湖區瑞光路410號,0,0,1,1,B03,6,5,5,50,14,9,1,4,4,5,13,4,4,5,4,5,2,17,1,38,3,10,7,1,7,11,1,8,1,8,10,1,21,121.6124854,25.06743699
114,04,01,18,32,11南港區,南港區松河街與重陽路203巷口口,0,0,1,1,B03,7,5,5,50,3,1,1,4,4,5,13,4,4,5,5,5,2,12,1,24,3,10,3,4,7,1,1,8,1,1,108,1,22,121.6002777,25.0582916
114,04,01,18,42,04大安區,大安區建國南路1段與仁愛路3段口,0,0,1,1,B01,7,5,5,50,14,9,1,4,4,5,13,4,4,1,5,5,2,17,1,50,3,10,7,1,7,10,1,4,1,17,100,1,21,121.5381248,25.0375765
114,04,01,18,53,10文山區,文山區辛亥路4段101巷1號,0,0,1,1,C03,7,5,5,50,14,9,1,5,4,5,13,2,1,5,5,5,2,1,1,64,3,10,5,1,7,9,1,10,11,12,108,2,21,121.5588252,25.0066587
114,04,01,19,03,06松山區,松山區八德路4段松山火車站公車轉運站,0,0,1,1,A02,8,5,5,50,3,1,1,5,4,5,13,2,1,2,4,5,2,2,1,58,3,10,7,1,7,6,1,2,9,5,70,2,21,121.5781446,25.049923
114,04,01,19,16,07信義區,信義區信安街67巷與吳興街156巷65弄口,0,0,1,1,F01,7,5,5,50,14,9,1,5,4,5,13,4,4,9,4,4,2,17,2,32,2,8,4,1,7,5,8,20,1,11,44,1,21,121.5591835,25.0259597
114,04,01,19,22,07信義區,信義區崇德街95號,0,0,2,1,H01,7,5,5,50,14,9,1,4,4,5,13,1,1,4,5,5,2,3,1,62,2,9,4,5,8,16,8,20,10,17,121,1,21,121.5555906,25.0241436
114,04,01,19,42,05中正區,中正區愛國西路與博愛路口,0,0,1,1,B01,6,5,5,50,4,1,1,4,4,5,13,1,1,1,3,1,2,17,1,62,3,10,7,1,7,6,1,4,2,5,9,1,21,121.5108317,25.0356156
114,04,01,20,34,10文山區,文山區木柵路5段與文和橋口,0,0,1,1,B03,6,5,5,50,3,1,1,4,4,5,13,2,1,10,5,5,2,16,1,64,3,10,7,1,7,5,1,8,1,2,71,1,21,121.5949987,25.0016881
114,04,01,20,36,11南港區,南港區南港路2段與南港路2段23巷口,0,0,1,1,B03,7,5,5,50,4,1,1,5,4,5,13,2,1,5,4,4,1,16,1,40,3,10,3,4,7,5,1,8,1,1,71,1,21,121.6032426,25.0536983
114,04,01,20,39,10文山區,文山區景興路與景興路97巷口,0,0,1,1,C03,8,5,5,50,3,2,1,5,4,5,13,4,4,1,4,5,2,17,1,20,2,9,6,1,7,9,1,10,1,11,13,1,21,121.5448738,24.99547076
114,04,01,21,44,07信義區,信義區松隆路與永吉路30巷口,0,0,1,1,B03,7,5,5,50,4,2,1,5,4,5,13,1,1,3,3,5,2,16,1,49,3,10,3,4,7,11,1,8,1,5,10,1,21,121.56863,25.0444015
114,04,01,21,57,03中山區,中山區大直街與大直街127巷口,0,0,1,1,B03,8,5,5,50,4,1,1,5,4,5,13,4,4,8,3,5,2,3,1,76,3,10,7,4,7,11,1,8,2,1,70,1,21,121.5490849,25.0841568
114,04,01,23,04,04大安區,大安區敦化南路1段233巷與仁愛路4段151巷口,0,0,1,1,C03,7,5,5,30,4,1,1,5,4,5,13,4,4,10,5,5,2,15,1,33,2,8,6,1,7,9,1,10,1,11,14,1,21,121.5517989,25.0403758
114,04,01,23,23,09北投區,北投區大度路3段與關渡路口,0,0,1,1,B03,7,5,5,50,3,1,1,5,4,5,13,1,1,1,4,5,2,16,1,21,3,10,7,1,7,6,1,8,1,5,9,1,21,121.4694253,25.1229025
114,04,02,05,27,08士林區,士林區雙溪街與福國路15巷口,0,0,2,1,C03,7,5,5,50,3,2,1,5,4,5,13,4,4,5,5,5,2,13,1,54,2,8,5,1,7,9,1,10,1,11,108,1,21,121.5247015,25.10046371
114,04,02,06,28,08士林區,士林區愛富一街2號,0,0,2,1,C03,7,6,5,30,11,9,1,4,4,5,13,4,4,10,5,5,2,11,1,20,2,9,3,4,7,15,1,10,1,11,17,1,21,121.5457384,25.13839923
114,04,02,06,35,04大安區,大安區和平東路2段24號,0,0,1,1,C03,8,6,5,50,14,8,1,5,4,5,13,4,4,4,3,4,2,12,1,34,2,7,6,1,7,9,1,10,2,14,42,1,21,121.5353594,25.02587252
114,04,02,06,42,04大安區,大安區復興南路2段與復興南路2段151巷口,0,0,1,1,B03,8,7,5,50,4,1,1,5,4,5,13,2,1,1,4,5,2,17,1,76,3,10,7,1,7,5,1,8,1,1,71,1,21,121.5435706,25.0284007
114,04,02,06,55,03中山區,中山區民權東路2段24號,0,0,1,1,C03,7,7,5,50,14,9,1,5,4,5,13,1,1,1,4,5,2,13,1,27,2,7,5,1,7,9,1,10,1,13,13,1,21,121.5286164,25.0625309
114,04,02,07,49,12內湖區,內湖區內湖路2段179巷228號附近側附近,0,0,1,1,C03,7,7,5,50,14,9,1,5,4,5,13,4,4,4,3,5,1,13,1,83,2,9,5,1,7,9,1,10,1,11,108,1,21,121.5848099,25.0843297
114,04,02,07,54,08士林區,士林區中山北路4段與通河街口,0,0,1,1,C03,8,6,5,50,4,2,1,5,4,5,13,2,1,1,4,5,1,13,1,34,2,8,5,1,7,9,1,10,1,17,108,1,21,121.524247,25.08011821
114,04,02,07,55,02萬華區,萬華區艋舺大道與艋舺大道口446號,0,0,2,1,C03,7,6,5,50,4,2,1,5,4,5,13,4,4,10,5,5,2,17,1,34,2,9,5,1,7,5,1,10,9,11,108,1,21,121.4911777,25.0285884
114,04,02,07,56,09北投區,北投區承德路7段與承德路7段344巷口,0,0,2,1,C03,7,7,5,60,3,2,1,5,4,5,13,2,1,1,4,4,2,13,1,32,2,9,5,1,7,9,1,10,1,11,16,1,21,121.5036901,25.1173941
114,04,02,07,57,09北投區,北投區育仁路10號,0,0,2,1,C03,7,7,5,50,14,9,2,5,4,5,13,1,1,5,5,5,2,12,1,58,2,9,5,1,7,1,1,10,1,14,19,1,21,121.4985827,25.1326303
114,04,02,08,03,06松山區,松山區光復北路37號,0,0,2,1,C03,7,6,5,50,14,9,1,5,4,5,13,4,4,1,4,5,2,12,1,24,2,8,6,1,7,8,1,10,1,12,100,1,22,121.5579237,25.04987891
114,04,02,08,13,10文山區,文山區木柵路4段77號,0,0,2,1,C03,8,6,5,50,14,9,1,5,4,5,13,4,4,5,4,5,2,12,1,64,2,9,6,1,7,9,1,10,2,14,44,1,21,121.5722896,24.9961147
114,04,02,08,24,06松山區,松山區麥帥一橋西往東第6根路燈,0,0,3,1,C03,7,7,5,40,14,11,1,5,4,5,13,4,4,1,4,5,2,13,1,31,2,9,5,1,7,9,1,10,1,11,16,1,25,121.5684105,25.05129053
114,04,02,08,25,12內湖區,內湖區潭美街與安美街口,0,0,1,1,B02,7,6,5,40,3,1,1,5,4,5,13,2,1,5,5,5,2,17,1,37,3,10,7,1,7,12,1,8,2,4,108,1,21,121.6027893,25.0610816
114,04,02,08,44,06松山區,松山區延壽街356巷與延壽街口,0,0,2,1,C03,7,7,5,50,3,1,1,5,4,5,13,4,4,5,4,5,2,13,2,31,2,9,5,1,7,9,1,10,1,11,16,1,26,121.5590147,25.0565317
114,04,02,09,00,05中正區,中正區中華路1段57號,0,0,1,1,B03,7,6,5,50,14,9,1,5,4,5,13,4,4,1,4,5,2,12,2,50,3,10,7,1,7,8,1,8,2,2,100,1,22,121.5082739,25.0414187
114,04,02,09,15,03中山區,中山區吉林路與民生東路2段口,0,0,1,1,B03,8,7,5,50,4,1,1,5,4,5,13,1,1,9,4,5,2,15,2,21,3,10,7,1,7,15,1,8,2,1,71,1,21,121.5302153,25.0579729
114,04,02,09,45,06松山區,松山區南京東路5段與南京東路5段291巷口,0,0,1,1,A11,7,7,5,50,4,1,1,5,4,5,13,2,1,9,4,5,2,17,1,60,3,10,7,1,7,8,1,2,2,2,100,1,22,121.5659253,25.0514591
114,04,02,10,24,07信義區,信義區永吉路491巷9弄34號,0,0,1,1,B13,8,7,5,30,14,9,1,5,4,5,13,4,4,10,5,5,2,17,1,23,3,10,3,4,7,14,1,8,1,4,40,1,21,121.5799284,25.0465627
114,04,02,10,43,11南港區,南港區忠孝東路6段70巷5弄與忠孝東路6段70巷口,0,0,1,1,B03,7,6,5,30,3,2,1,5,4,5,13,4,4,10,5,5,2,16,1,43,3,10,3,1,7,6,1,8,1,8,72,1,21,121.5847978,25.0461411
114,04,02,10,43,07信義區,信義區信安街83號,0,0,1,1,B03,7,6,5,50,14,9,1,5,4,5,13,1,1,4,4,5,2,9,2,39,3,10,7,1,7,14,1,8,1,1,40,1,21,121.5572975,25.025873
114,04,02,10,55,05中正區,中正區林森南路61巷與仁愛路1段21巷口,0,0,1,1,B03,7,6,5,30,4,1,1,5,4,5,13,4,4,10,5,5,2,15,1,59,3,10,7,1,7,9,1,8,2,5,72,1,22,121.5232569,25.0395696
114,04,02,10,59,04大安區,大安區辛亥路2段與新生南路3段口,0,0,1,1,B03,8,6,5,50,4,2,1,5,4,5,13,2,1,1,4,5,2,13,2,59,2,3,7,1,7,9,1,8,1,1,42,1,22,121.5353138,25.0226378
114,04,02,11,10,04大安區,大安區基隆路2段與光復南路口,0,0,1,1,F02,8,6,5,50,5,1,1,5,4,5,13,2,1,3,4,5,2,9,1,66,3,10,4,4,7,15,8,20,1,11,4,1,21,121.557487,25.0298305
114,04,02,11,12,05中正區,中正區貴陽街1段(近公園路),0,0,1,1,A05,7,5,5,50,14,9,1,5,4,5,13,4,4,5,4,5,2,17,1,64,3,10,7,1,7,9,1,2,2,1,108,1,21,121.5159353,25.0384104
114,04,02,11,23,10文山區,文山區光輝路71巷與光輝路口側附近口,0,0,1,1,C03,8,6,5,30,4,1,1,5,4,5,13,3,1,10,5,5,2,15,2,68,2,8,5,1,7,9,1,10,2,11,72,1,21,121.5565891,24.9849683
114,04,02,11,45,03中山區,中山區松江路252巷與松江路252巷6弄口,0,0,1,1,C03,7,7,5,30,4,1,1,5,4,5,13,4,4,10,5,5,2,15,2,38,2,9,6,1,7,9,1,10,1,11,72,1,21,121.5325182,25.0591827
114,04,02,11,50,03中山區,中山區建國北路1段與南京東路2段口,0,0,2,1,C03,8,6,5,50,4,1,1,5,4,5,13,1,1,5,4,4,2,13,1,26,2,9,6,1,7,9,6,18,1,11,108,1,22,121.5362854,25.0518333
114,04,02,11,54,02萬華區,萬華區艋舺大道與艋舺大道120巷口,0,0,2,1,C03,7,6,5,50,3,1,1,5,4,5,13,2,1,1,4,5,2,12,2,58,2,9,6,1,7,9,3,18,1,14,85,1,21,121.5024079,25.0333905
114,04,02,12,17,07信義區,信義區市民大道5段與菸廠路口,0,0,1,1,C03,8,7,5,40,5,1,1,5,4,5,13,2,1,1,4,1,2,12,2,57,2,9,6,1,7,8,1,10,2,14,100,1,22,121.5579982,25.0449838
114,04,02,12,21,06松山區,松山區新東街與新東街20巷口,0,0,1,1,B03,7,6,6,50,4,1,1,5,4,5,13,4,4,9,4,5,2,7,1,63,3,10,7,1,7,2,1,8,1,3,12,1,22,121.566049,25.0583644
114,04,02,12,30,12內湖區,內湖區成功交流道與成功路2段口（東南角）,0,0,1,1,B03,7,5,5,50,4,1,1,5,4,5,13,1,1,1,4,5,1,16,1,32,3,10,7,1,7,6,1,8,1,5,9,1,21,121.5909703,25.0641892
114,04,02,12,48,12內湖區,內湖區康樂街與康湖路口,0,0,1,1,B03,7,6,5,50,14,9,1,5,4,5,13,4,4,5,5,5,2,12,1,65,3,10,7,1,7,1,1,8,1,8,19,1,21,121.6231203,25.0782514
114,04,02,13,24,05中正區,中正區羅斯福路3段與辛亥路1段口,0,0,1,1,B01,8,6,5,50,4,2,1,5,4,5,13,1,1,1,4,5,2,16,1,67,3,10,7,1,7,6,1,4,1,1,9,1,21,121.5289126,25.0197451
114,04,02,13,30,05中正區,中正區重慶南路1段與愛國西路口,0,0,2,1,C03,7,6,5,50,4,2,1,5,4,5,13,1,1,3,4,1,2,12,1,53,2,8,6,1,7,1,1,10,2,14,19,1,22,121.5120575,25.0356513
114,04,02,13,30,08士林區,士林區中山北路6段與忠誠路1段口口,0,0,1,1,A02,8,6,5,50,14,9,1,5,4,5,13,1,1,1,3,4,1,9,1,25,3,10,7,1,7,9,1,2,1,17,42,1,21,121.5247752,25.10392855
114,04,02,14,06,07信義區,信義區中坡北路與忠孝東路5段口,0,0,1,1,B12,8,6,5,50,4,2,1,5,4,5,13,1,1,1,4,5,2,12,1,30,3,10,7,1,7,8,1,4,1,2,100,1,22,121.5817885,25.0442579
114,04,02,14,13,08士林區,士林區重慶北路4段與延平北路5段244巷口,0,0,1,1,C03,7,6,5,40,3,1,1,5,4,5,13,4,4,1,4,4,2,17,1,65,3,10,3,4,7,6,1,10,1,12,9,1,21,121.5112787,25.084905
114,04,02,14,15,03中山區,中山區建國高架道,0,0,2,1,B03,8,7,5,70,14,9,1,5,4,5,13,4,4,1,4,5,2,13,1,53,3,10,7,1,7,9,1,8,1,1,108,1,21,121.5337445,25.07184488
114,04,02,15,38,01大同區,大同區延平北路4段與延平北路4段294巷口,0,0,1,1,B03,8,6,5,50,4,2,1,5,4,5,13,1,1,1,4,5,2,17,1,46,3,10,7,1,7,11,1,8,1,7,10,1,21,121.5120785,25.07714344
114,04,02,16,10,06松山區,松山區民生東路4段131巷與民生東路4段97巷6弄口,0,0,1,1,B03,7,6,5,30,3,1,1,5,4,5,13,4,4,10,5,5,2,17,1,62,3,10,7,1,7,5,1,8,1,1,72,1,21,121.5535136,25.0594016
114,04,02,16,15,03中山區,中山區北安路47號,0,0,1,1,B01,8,7,5,50,14,9,1,5,4,5,13,4,4,1,4,5,2,17,1,58,3,10,7,1,7,5,1,4,1,1,8,1,21,121.5290386,25.0778631
114,04,02,16,15,04大安區,大安區和平東路2段201號,0,0,1,1,C03,8,7,5,50,14,7,1,5,4,5,13,4,4,1,4,4,2,13,1,18,2,9,6,1,7,9,1,10,1,11,16,1,21,121.5424232,25.0251737
114,04,02,16,30,12內湖區,內湖區金湖路49號,0,0,1,1,C03,8,6,5,50,3,1,1,5,4,5,13,2,1,1,4,5,2,17,1,22,3,10,6,1,7,6,1,10,1,12,9,1,21,121.5966466,25.082329
114,04,02,16,33,02萬華區,萬華區廣州街211號,0,0,1,1,C03,7,7,5,50,14,9,1,5,4,5,13,4,4,9,5,5,2,8,1,30,3,10,5,1,7,9,1,10,1,11,42,1,21,121.49974,25.0366216
114,04,02,16,49,06松山區,松山區民權東路5段與撫遠街口,0,0,2,1,C03,7,6,5,50,4,2,1,5,4,5,13,2,1,8,3,4,2,12,1,70,2,9,5,1,7,9,1,10,1,12,13,1,21,121.5662294,25.0631415
114,04,02,17,04,02萬華區,萬華區康定路與武昌街2段口,0,0,1,1,C03,7,6,5,50,5,1,1,5,4,5,13,1,1,9,5,5,2,17,2,59,2,9,6,1,7,5,1,10,1,13,8,1,21,121.5031737,25.045532
114,04,02,17,06,12內湖區,內湖區成功路2段與成功路2段406巷口,0,0,1,1,C03,8,7,5,50,3,1,1,5,4,5,13,4,4,1,4,5,2,12,2,31,2,8,5,1,7,1,1,10,9,14,19,1,21,121.5899675,25.070827
114,04,02,17,12,07信義區,信義區松高路與忠孝東路5段22巷口,0,0,1,1,C03,8,5,5,50,14,9,1,5,4,5,13,2,1,9,4,5,2,12,1,23,2,9,5,1,7,7,1,10,1,12,100,1,21,121.5661384,25.0391852
114,04,02,17,25,01大同區,大同區太原路與平陽街口,0,0,2,1,C03,8,6,5,50,4,1,1,5,4,5,13,2,1,5,2,5,2,17,1,38,3,10,6,1,7,9,1,10,1,17,30,1,21,121.5165766,25.0552632
114,04,02,17,25,08士林區,士林區中正路與中興街口,0,0,2,1,B03,8,6,5,50,3,2,1,5,4,5,13,1,1,3,4,5,2,17,1,34,3,10,7,1,7,14,1,8,2,4,40,1,22,121.5227401,25.0947021
114,04,02,17,30,01大同區,大同區環河北路1段331號,0,0,1,1,B03,8,6,5,50,14,9,1,5,4,5,13,4,4,1,4,5,2,17,1,70,3,10,7,1,7,1,1,8,1,17,19,1,21,121.5084935,25.05993322
114,04,02,17,40,03中山區,中山區市民大道2段65號,0,0,2,1,C03,8,7,5,40,14,9,1,5,4,5,13,4,4,1,4,5,2,13,1,25,2,9,5,1,7,7,1,10,1,11,100,1,22,121.5289855,25.046672
114,04,02,17,50,05中正區,中正區杭州南路1段105巷與仁愛路2段14巷口,0,0,2,1,C03,7,6,5,30,4,1,1,5,4,5,13,4,4,10,5,5,2,15,2,39,2,9,5,1,7,9,1,10,1,11,72,1,21,121.525916,25.037321
114,04,02,18,10,01大同區,大同區塔城街36號,0,0,1,1,C03,7,5,5,50,14,9,1,5,4,5,13,4,4,4,4,5,2,16,1,24,2,8,3,4,7,9,1,10,1,12,108,1,21,121.510485,25.0515833
114,04,02,18,21,08士林區,士林區中山北路7段171號,0,0,1,1,A02,7,5,5,50,14,9,1,5,4,5,13,4,4,10,5,5,1,9,1,48,3,10,7,1,7,14,1,2,9,17,40,2,21,121.5324851,25.124145
114,04,02,18,22,03中山區,中山區新生北路1段89號,0,0,1,1,B01,7,5,5,50,14,9,1,5,4,5,13,4,4,10,5,5,1,17,2,69,3,10,7,1,7,5,1,4,1,2,16,1,21,121.5280227,25.05171821
114,04,02,18,24,03中山區,中山區市民大道2段與中山北路1段口,0,0,1,1,C03,8,5,5,50,4,1,1,5,4,5,13,2,1,1,4,5,2,11,2,22,2,8,6,1,7,9,1,10,1,14,108,1,21,121.521013,25.04818656