發生年度,發生月,發生日,發生時-Hours,發生分,區序,肇事地點,死亡人數,2-30日死亡人數,受傷人數,當事人序號,車種,天候,光線,道路類別,速限-速度限制,道路型態,事故位置,路面狀況1,路面狀況2,路面狀況3,道路障礙1,道路障礙2,號誌1,號誌2,車道劃分-分向,車道劃分-分道1,車道劃分-分道2,車道劃分-分道3,事故類型及型態,性別,年齡,受傷程度,主要傷處,保護裝置,行動電話,車輛用途,當事者行動狀態,駕駛資格情形,駕駛執照種類,飲酒情形,車輛撞擊部位1,肇因碼-個別,個人肇逃否,職業,座標-X,座標-Y
114,04,02,18,26,06松山區,松山區復興北路與錦州街口,0,0,1,1,B03,7,5,5,50,3,2,1,5,4,5,13,2,1,8,3,5,2,2,1,55,3,10,7,1,7,5,1,8,1,4,70,1,21,121.5442463,25.0602506
114,04,02,18,36,10文山區,文山區福興路82巷1弄與福興路106巷28弄口,0,0,1,1,F02,8,5,5,30,3,2,1,5,4,5,13,4,4,10,5,5,2,16,1,12,2,8,4,1,7,5,8,20,1,11,72,1,14,121.5500714,25.0057999
114,04,02,18,52,08士林區,士林區福林路與中山北路5段470巷口,0,0,1,1,B03,7,5,5,50,3,2,1,5,4,5,13,4,4,5,4,5,1,17,1,35,3,10,7,1,7,9,1,8,2,4,13,1,22,121.5291284,25.0944758
114,04,02,18,57,07信義區,信義區永吉路278巷與永吉路278巷58弄口,0,0,2,1,C03,8,5,5,30,4,1,1,5,4,5,13,4,4,9,4,5,2,15,1,22,2,8,5,1,7,9,1,9,1,14,72,1,21,121.5741428,25.0433864
114,04,02,19,19,04大安區,大安區復興南路2段171巷與和平東路2段265巷口,0,0,1,1,C01,7,5,5,30,4,1,1,5,4,5,13,4,4,10,5,5,2,15,1,48,2,9,6,1,7,9,1,9,1,11,72,1,21,121.5440792,25.0277344
114,04,02,20,58,10文山區,文山區羅斯福路6段與景福街口,0,0,2,1,F01,8,5,5,50,4,1,1,5,4,5,13,2,1,1,4,5,2,15,1,16,2,8,4,1,7,9,8,20,1,12,81,1,16,121.5397646,24.9996054
114,04,02,21,00,03中山區,中山區新生北路1段與林森北路119巷口,0,0,1,1,C03,8,5,5,50,4,2,1,5,4,5,13,2,1,1,4,5,2,17,2,32,3,10,6,1,7,7,1,10,9,17,100,1,21,121.5280249,25.0505497
114,04,02,23,23,12內湖區,內湖區內湖路1段518巷與洲子街口,0,0,1,1,B03,7,5,5,30,4,1,1,5,4,5,13,3,1,5,4,5,1,17,1,34,3,10,7,1,7,9,1,8,1,5,72,1,26,121.5735136,25.079106
114,04,03,01,10,02萬華區,萬華區西園路1段與廣州街口,0,0,1,1,B01,7,5,5,40,4,1,1,5,4,5,13,1,1,10,4,5,2,16,1,45,3,10,7,1,7,5,1,4,1,2,71,1,21,121.4994319,25.0366837
114,04,03,02,05,04大安區,大安區忠孝東路4段205巷與敦化南路1段161巷口,0,0,1,1,B03,7,5,5,30,4,1,1,5,4,5,13,4,4,10,5,5,2,15,1,41,2,1,3,4,7,9,1,8,1,1,72,1,21,121.5519476,25.0434814
114,04,03,08,00,11南港區,南港區昆陽街與昆陽街157巷口口,0,0,1,1,B03,8,6,5,50,3,1,1,5,4,5,13,2,1,5,5,5,2,13,1,47,3,10,7,1,7,1,1,8,1,5,108,1,21,121.5944024,25.0493605
114,04,03,08,23,10文山區,文山區木柵路1段與辛亥路6段口,0,0,1,1,B03,7,6,5,50,4,1,1,5,4,5,13,1,1,10,5,5,2,16,1,72,3,10,7,1,7,5,1,8,2,1,74,1,21,121.5523976,24.9878755
114,04,03,08,53,02萬華區,萬華區華江橋機慢車道往台北市,0,0,2,1,C03,8,7,5,40,8,11,1,5,4,5,13,4,4,1,4,5,2,13,1,30,2,9,3,4,7,9,1,10,1,11,16,1,22,121.4873898,25.0355214
114,04,03,08,53,02萬華區,萬華區華江橋機車道往台北,0,0,1,1,C03,7,7,8,40,8,11,1,5,4,5,13,4,4,3,5,5,2,12,1,64,2,9,3,1,7,7,1,10,1,14,100,1,22,121.4871381,25.0355395
114,04,03,08,54,10文山區,文山區木柵路5段與木柵路5段43巷口,0,0,1,1,F01,8,6,5,50,14,9,1,5,4,5,13,4,4,5,4,5,2,18,2,31,2,8,5,1,7,9,8,20,1,14,42,1,21,121.5843806,25.002938
114,04,03,09,42,12內湖區,內湖區內湖路1段737巷90號前,0,0,1,1,C03,8,5,5,50,14,9,1,5,4,5,13,4,4,5,5,5,2,16,2,71,3,10,6,1,7,6,1,10,2,12,9,1,21,121.5791654,25.0823881
114,04,03,09,44,09北投區,北投區明德路與富貴一路1巷口,0,0,1,1,B03,8,7,5,50,4,1,1,5,4,5,13,4,4,10,5,5,2,16,1,47,3,10,7,1,7,5,1,8,1,1,74,1,21,121.5223901,25.1143914
114,04,03,09,57,03中山區,中山區建國北路1段與長安東路2段口朱崙迴轉道A,0,0,1,1,B02,8,6,5,50,3,1,1,5,4,5,13,1,1,9,4,5,2,16,1,46,3,10,3,4,7,5,1,8,1,1,8,1,22,121.5364419,25.0491596
114,04,03,10,00,04大安區,大安區仁愛路4段300巷與仁愛路4段300巷9弄口,0,0,1,1,C03,8,6,5,30,4,1,1,5,4,5,13,4,4,10,5,5,1,15,1,37,2,9,3,4,7,9,1,9,1,11,72,1,21,121.5542838,25.03695893
114,04,03,10,10,05中正區,中正區古亭河濱公園近永福橋自行車道,0,0,2,1,F01,8,7,5,50,14,23,1,5,4,5,13,4,4,5,5,5,1,1,1,13,2,9,5,1,7,9,8,20,1,11,70,1,22,121.5306029,25.0103328
114,04,03,10,48,02萬華區,萬華區富民路101號前,0,0,1,1,C03,8,5,8,30,22,22,1,5,4,5,13,4,4,10,5,5,2,9,1,68,3,10,3,4,7,15,1,10,1,11,116,1,21,121.4993409,25.0183921
114,04,03,10,59,04大安區,大安區復興南路2段340巷與和平東路2段118巷口,0,0,1,1,B03,8,6,5,30,4,1,1,5,4,5,13,4,4,10,5,5,2,15,1,32,3,10,7,4,7,9,1,8,1,5,72,1,21,121.5428456,25.0226819
114,04,03,11,11,09北投區,北投區中央南路1段與大興街口,0,0,1,1,B03,8,7,5,50,4,1,1,5,4,5,13,2,1,10,5,5,2,16,1,30,3,10,7,1,7,6,1,8,1,2,9,1,21,121.5012077,25.1306471
114,04,03,11,29,07信義區,信義區基隆路1段與基隆路1段190巷口,0,0,1,1,B03,7,6,5,50,3,2,1,5,4,5,13,4,4,1,3,5,2,17,1,42,3,10,7,1,7,7,1,8,1,17,100,1,21,121.5646787,25.0417529
114,04,03,11,47,07信義區,信義區大道路與大道路94巷口,0,0,2,1,C03,8,6,5,30,4,2,1,5,4,5,13,4,4,9,4,5,2,15,2,70,2,9,5,1,7,9,3,18,1,11,72,1,22,121.5826374,25.0404068
114,04,03,11,50,06松山區,松山區光復北路11巷35號,0,0,1,1,B03,8,7,5,30,14,9,1,5,4,5,13,4,4,9,4,5,2,17,1,48,3,10,3,4,7,1,1,8,1,4,19,1,22,121.5602533,25.0500118
114,04,03,12,27,07信義區,信義區市民大道6段與松隆路329巷口,0,0,1,1,B03,8,6,5,40,3,1,1,4,4,5,13,2,1,8,3,5,2,17,1,57,3,10,3,4,7,7,1,8,1,8,100,1,21,121.5791828,25.0489532
114,04,03,12,45,06松山區,松山區敦化北路155巷100弄101號,0,0,1,1,C03,8,6,5,30,14,9,1,5,4,5,13,4,4,10,5,5,2,10,1,45,2,8,5,1,7,9,1,10,1,11,5,1,21,121.5521821,25.05420168
114,04,03,12,50,03中山區,中山區長安東路1段53巷與林森北路107巷口,0,0,1,1,B01,7,6,5,30,4,1,1,5,4,5,13,4,4,10,4,5,2,3,1,54,3,10,2,1,7,9,1,4,2,5,70,1,21,121.5266978,25.0498643
114,04,03,12,50,06松山區,松山區南京東路5段291巷與南京東路5段291巷19弄口,0,0,1,1,B03,8,7,5,30,3,1,1,5,4,5,13,4,4,10,5,5,2,9,1,27,3,10,7,4,7,9,1,8,1,4,108,2,22,121.5662211,25.052416
114,04,03,12,55,09北投區,北投區承德路7段與承德路7段1巷口,0,0,1,1,C03,8,6,5,60,3,1,1,5,5,5,13,1,1,1,4,5,2,18,1,22,2,8,5,1,7,9,1,10,1,12,44,1,21,121.5106069,25.1109979
114,04,03,13,01,08士林區,士林區德行東路331巷與德行東路365巷11弄口,0,0,1,1,B03,8,6,5,30,3,1,1,5,4,5,13,4,4,9,4,5,1,17,1,21,3,10,7,1,7,11,1,8,2,8,10,1,21,121.5374648,25.11108546
114,04,03,13,41,10文山區,文山區萬美街2段與萬寧街口,0,0,2,1,C03,7,6,5,40,3,1,1,5,4,5,13,1,1,5,5,5,1,12,1,21,2,9,6,1,7,10,1,10,1,14,118,1,21,121.5629276,25.003425
114,04,03,14,16,10文山區,文山區木柵路1段與景美溪橋口,0,0,2,1,B03,8,6,5,50,4,1,1,5,4,5,13,1,1,5,5,5,2,17,1,50,2,9,7,1,7,6,1,8,1,2,9,1,21,121.5453115,24.986793
114,04,03,14,20,06松山區,松山區延吉街8號,0,0,1,1,C03,8,6,5,50,14,9,1,5,4,5,13,4,4,9,4,5,2,13,1,28,2,7,6,1,7,9,1,9,1,11,108,1,22,121.553421,25.0473476
114,04,03,14,36,03中山區,中山區南京東路1段13巷與南京東路1段13巷7弄口,0,0,2,1,C03,8,7,5,30,4,1,1,5,4,5,13,4,4,10,4,5,2,15,2,33,2,8,5,1,7,9,1,10,1,14,72,1,21,121.5236853,25.0535793
114,04,03,14,41,05中正區,中正區古亭河濱公園花海區旁自行車道,0,0,1,1,F01,8,7,5,0,14,23,1,5,4,5,13,4,4,10,5,5,1,12,2,13,3,10,2,1,7,11,8,20,1,14,10,1,22,121.5261788,25.0139764
114,04,03,14,43,01大同區,大同區承德路2段與民權西路口,0,0,2,1,C03,8,7,5,50,4,2,1,5,4,5,13,2,1,1,4,5,2,17,2,27,2,9,3,4,7,9,1,10,1,11,16,1,21,121.5180053,25.0628152
114,04,03,14,44,07信義區,信義區市府路與松壽路口,0,0,1,1,B03,7,5,5,50,4,1,1,5,4,5,13,2,1,5,4,5,2,17,2,72,3,10,7,1,7,5,1,8,1,5,71,1,21,121.5636583,25.0359761
114,04,03,15,25,01大同區,大同區延平北路3段與民權西路口,0,0,1,1,B12,8,6,5,50,5,1,1,5,4,5,13,2,1,1,4,5,2,13,1,57,3,10,7,1,7,6,1,8,1,6,97,1,21,121.5109416,25.0630553
114,04,03,15,47,07信義區,信義區信安街67巷與吳興街156巷65弄口,0,0,1,1,C03,7,5,5,50,3,1,1,5,4,5,13,4,4,5,5,4,2,13,2,54,2,9,6,1,7,9,3,18,1,11,108,1,21,121.559037,25.0259418
114,04,03,16,07,02萬華區,萬華區堤外便道自行車道龍山004桿,0,0,2,1,F01,7,7,5,0,22,23,1,5,4,5,13,4,4,9,5,5,2,10,1,53,2,9,4,1,7,4,8,20,1,11,44,1,21,121.4961123,25.0396021
114,04,03,16,11,01大同區,大同區台北橋機慢車道,0,0,2,1,C03,8,7,5,50,14,11,1,5,4,5,13,4,4,1,4,5,2,17,1,22,2,9,3,4,7,9,1,10,1,11,108,1,21,121.508303,25.0635454
114,04,03,16,14,06松山區,松山區市民大道6段與松信路口,0,0,2,1,C04,7,6,5,40,4,2,1,5,4,5,13,2,1,8,3,5,2,12,2,39,2,9,5,1,7,15,1,10,1,11,71,1,21,121.5722098,25.0494588
114,04,03,16,44,08士林區,士林區延平北路5段與葫蘆街口,0,0,1,1,B03,7,5,5,50,3,2,1,5,4,5,13,2,1,2,4,5,2,16,1,79,3,10,7,1,7,11,1,8,1,8,10,1,21,121.5108707,25.08007791
114,04,03,16,48,02萬華區,萬華區萬大路與艋舺大道120巷38弄口,0,0,1,1,H01,8,7,5,0,4,1,1,5,4,5,13,4,4,8,3,5,2,3,2,78,2,8,4,5,8,16,8,20,10,16,121,1,21,121.5005818,25.0316262
114,04,03,17,05,05中正區,中正區廈門街與廈門街82巷口口,0,0,1,1,B02,8,6,5,30,3,1,1,5,4,5,13,4,4,9,5,5,1,16,1,45,3,10,7,1,7,5,7,19,2,8,74,1,21,121.5173775,25.0241765
114,04,03,17,29,09北投區,北投區承德路6段與福國路口,0,0,1,1,B03,8,6,5,60,14,9,1,5,4,5,13,4,4,1,2,5,2,13,1,38,2,3,7,1,7,9,1,8,2,1,108,1,21,121.5123982,25.1011615
114,04,03,18,38,03中山區,中山區建國北路3段與民權東路3段口,0,0,1,1,B03,7,5,5,50,4,1,1,5,4,5,13,2,1,1,4,5,2,16,1,35,3,10,3,4,7,6,1,8,1,5,9,1,21,121.537075,25.0621064
114,04,03,19,12,02萬華區,萬華區內江街與雅江街口,0,0,2,1,C03,7,5,5,50,4,1,1,5,4,5,13,4,4,5,5,5,2,17,1,42,2,9,6,1,7,9,1,10,1,14,108,2,21,121.5015012,25.0417364
114,04,03,19,41,07信義區,信義區信安街與崇德街口,0,0,1,1,B03,8,5,5,50,4,2,1,5,4,5,13,1,1,9,5,5,2,3,1,74,3,10,3,4,7,5,1,8,9,1,70,1,22,121.5558325,25.0239791
114,04,03,20,12,02萬華區,萬華區西園路2段與寶興街口,0,0,1,1,B01,8,5,5,50,4,1,1,5,4,5,13,1,1,8,3,5,1,17,1,50,3,10,7,1,7,8,1,4,1,3,100,1,21,121.4939459,25.0271708
114,04,03,20,48,08士林區,士林區中正路與福林路口,0,0,1,1,B12,8,5,5,50,4,1,1,5,4,5,13,1,1,5,4,5,2,11,1,38,3,10,3,4,7,1,1,8,1,5,108,1,21,121.5324233,25.0966904
114,04,03,21,31,03中山區,中山區八德路2段與八德路2段300巷口,0,0,1,1,C03,8,5,5,50,4,2,1,5,4,5,13,2,1,5,4,5,2,17,1,40,3,10,6,1,7,8,1,10,1,17,100,1,21,121.5421941,25.0471224
114,04,03,21,40,08士林區,士林區重慶北路4段與通河西街1段口,0,0,2,1,B03,7,5,5,30,3,1,1,5,4,5,13,1,1,5,5,5,2,16,1,35,3,10,7,1,7,5,1,8,1,8,83,1,21,121.5118944,25.08778142
114,04,03,22,52,06松山區,松山區富錦街與三民路口,0,0,1,1,B01,7,5,5,50,4,1,1,5,4,5,13,2,1,5,5,5,2,2,1,69,3,10,7,1,7,6,1,4,2,1,70,1,21,121.5631777,25.0608591
114,04,03,23,09,10文山區,文山區下崙路(75號汽車停車格）,0,0,2,1,C03,8,5,5,50,14,9,2,5,4,5,13,4,4,9,5,5,2,17,1,69,2,9,5,4,7,9,1,10,1,14,42,1,21,121.5556955,24.9862347
114,04,03,23,16,04大安區,大安區建國南路2段151巷16號,0,0,1,1,B03,7,5,5,30,14,9,1,5,4,5,13,4,4,8,3,5,2,13,2,50,3,10,7,1,7,9,1,8,1,3,44,1,21,121.538671,25.028782
114,04,04,00,00,03中山區,中山區龍江路與龍江路305巷口,0,0,2,1,C03,7,5,5,50,4,1,1,5,4,5,13,2,1,10,5,5,2,2,1,49,2,1,6,1,7,9,1,10,2,14,70,1,21,121.5222951,25.05801985
114,04,04,02,10,12內湖區,內湖區成功路2段與石潭路口,0,0,1,1,,8,5,5,50,3,2,1,5,4,5,13,1,1,9,4,5,2,13,4,0,,,,,,,,,,,119,2,,121.5905542,25.0638628
114,04,04,07,45,12內湖區,內湖區民權東路6段與民權東路6段191巷口口,0,0,1,1,C03,8,6,5,40,4,2,1,5,4,5,13,2,1,1,3,4,2,13,1,48,3,10,5,1,7,9,1,10,1,11,16,1,21,121.5978744,25.0674878
114,04,04,08,55,12內湖區,內湖區南湖右岸河濱公園西向東，近路燈3012286,0,0,1,1,F01,8,6,8,30,14,23,1,5,4,5,13,4,4,9,5,5,2,18,1,15,2,9,4,1,7,9,8,20,1,14,116,1,21,121.6114482,25.06175606
114,04,04,09,12,05中正區,中正區中華路2段與中華路2段467巷口口,0,0,2,1,C03,8,6,5,40,3,1,1,5,4,5,13,3,1,5,5,4,1,16,2,46,2,8,6,1,7,5,1,10,2,11,8,1,21,121.511371,25.0242279
114,04,04,10,16,07信義區,信義區永吉路502巷與松山路287巷口口,0,0,2,1,C03,8,5,8,30,4,1,1,5,4,5,13,4,4,10,5,5,2,17,2,20,2,8,6,1,7,9,1,10,2,14,72,1,21,121.5800419,25.0429043
114,04,04,11,01,02萬華區,萬華區忠孝西路2段與忠孝西路2段16巷口,0,0,1,1,C03,8,5,5,50,3,1,1,5,4,5,13,4,4,9,5,5,2,16,1,19,3,10,5,1,7,6,1,10,1,13,9,1,21,121.5085472,25.0482542
114,04,04,11,50,08士林區,士林區基河路與基河路300巷口,0,0,1,1,B03,7,7,5,50,3,1,1,5,4,5,13,3,1,3,5,5,1,15,1,51,3,10,7,1,7,9,1,8,1,6,72,1,21,121.519402,25.0941827
114,04,04,12,10,10文山區,文山區木柵路5段55號停車格,0,0,1,1,B03,8,6,6,50,14,9,1,5,4,5,13,4,4,5,4,5,2,17,1,58,3,10,7,1,7,13,1,8,9,8,40,1,21,121.5830765,25.0027784
114,04,04,12,41,09北投區,北投區文林北路與文承路口,0,0,2,1,C03,8,6,5,50,4,1,1,5,4,5,13,1,1,1,4,4,2,13,2,21,2,8,6,1,7,9,1,10,1,11,76,1,21,121.5162968,25.1062873
114,04,04,13,38,03中山區,中山區南京東路3段與南京東路3段109巷口,0,0,1,1,A12,8,7,5,50,3,1,1,5,4,5,13,4,4,1,4,4,2,16,1,56,3,10,7,1,7,6,1,7,1,2,9,1,22,121.5397764,25.05197834
114,04,04,13,47,08士林區,士林區德行東路190巷30弄與忠誠路1段171巷口,0,0,3,1,C03,8,6,5,30,4,2,1,5,4,5,13,4,4,10,5,5,1,15,2,24,2,9,5,1,7,9,1,10,2,12,72,1,21,121.5310228,25.10690198
114,04,04,13,50,05中正區,中正區羅斯福路2段與潮州街口,0,0,1,1,A04,8,7,5,50,14,10,1,5,4,5,13,1,1,1,4,5,2,9,1,52,3,10,7,1,7,12,1,2,9,17,118,2,22,121.5206551,25.0295128
114,04,04,14,05,12內湖區,內湖區文湖街20號,0,0,1,1,H01,8,6,5,50,14,9,1,5,4,5,13,4,4,7,5,5,2,3,2,41,2,8,4,5,8,16,8,20,10,16,121,1,21,121.5941491,25.07086354
114,04,04,14,41,02萬華區,萬華區堤外便道(貴陽疏散門),0,0,2,1,F01,8,5,5,40,14,11,1,5,4,5,13,3,1,1,4,5,2,17,2,12,2,7,4,4,7,11,8,20,2,11,11,1,21,121.4991488,25.04158335
114,04,04,15,06,04大安區,大安區建國南路1段248號,0,0,2,1,C03,8,6,5,40,11,9,1,5,4,5,13,4,4,1,4,5,2,17,1,48,2,8,5,1,7,7,1,9,2,15,100,1,21,121.5374709,25.0372539
114,04,04,15,14,11南港區,南港區玉成街201巷與玉成街201巷8弄口,0,0,1,1,B03,7,6,5,30,4,2,1,5,4,5,13,4,4,5,5,5,2,17,2,45,3,10,7,1,7,6,1,8,1,8,72,1,21,121.585796,25.0447534
114,04,04,15,35,03中山區,中山區中山北路2段與長春路口,0,0,2,1,B03,8,7,5,50,4,1,1,5,4,5,13,2,1,9,4,5,2,17,1,23,3,10,7,1,7,9,1,8,1,3,16,1,21,121.5227947,25.054808
114,04,04,15,35,09北投區,北投區承德路6段與河美街口,0,0,1,1,B01,8,6,5,50,4,1,1,5,4,5,13,1,1,1,4,4,2,17,1,56,3,10,7,1,7,8,1,4,2,6,100,1,26,121.5126387,25.0989892
114,04,04,15,53,02萬華區,萬華區華中河濱公園堤外便道,0,0,1,1,B03,8,5,5,50,11,9,1,5,4,5,13,4,4,9,4,5,2,17,1,69,3,10,7,4,7,6,1,8,1,2,9,1,21,121.5072572,25.03521097
114,04,04,16,13,02萬華區,萬華區大理街與大理街156巷口,0,0,1,1,B03,8,6,5,30,4,1,1,5,4,5,13,4,4,10,5,5,2,17,1,34,3,10,7,1,7,6,1,8,1,1,72,1,21,121.49557,25.03404867
114,04,04,16,20,03中山區,中山區大直橋,0,0,1,1,C03,7,6,5,50,14,9,1,5,4,5,13,4,4,1,5,5,2,13,1,45,3,10,6,1,7,8,1,10,1,13,100,1,22,121.5442879,25.0787398
114,04,04,16,30,02萬華區,萬華區長順街與堤外便道口,0,0,1,1,B03,7,6,6,50,4,1,1,5,4,5,13,1,1,9,5,5,2,15,1,47,3,10,7,1,7,9,1,8,1,1,81,1,22,121.4885228,25.0324915
114,04,04,17,18,07信義區,信義區忠孝東路4段與逸仙路口,0,0,1,1,C03,8,7,5,50,4,4,1,5,4,5,13,1,1,3,4,5,2,13,2,67,2,9,5,1,7,9,1,10,1,11,108,1,21,121.5614817,25.0411459
114,04,04,17,37,01大同區,大同區承德橋北往南機慢車道,0,0,2,1,C03,8,6,5,40,8,11,1,5,4,5,13,4,4,2,5,4,1,13,1,36,2,7,6,1,7,9,1,10,1,11,108,1,21,121.5207949,25.0773594
114,04,04,17,37,06松山區,松山區敦化北路與民生東路3段口口,0,0,2,1,C03,8,7,5,50,4,2,1,5,4,5,13,2,1,1,4,5,2,12,2,55,2,9,6,1,7,7,1,10,2,12,100,1,21,121.5482944,25.0576221
114,04,04,18,04,08士林區,士林區仰德大道1段北往南（國安局停車場）,0,0,2,1,C03,8,5,5,40,14,9,1,5,4,5,13,4,4,4,5,5,2,17,1,28,2,8,3,4,7,5,1,10,1,12,8,1,22,121.5372655,25.1080422
114,04,04,18,41,09北投區,北投區新民路與泉源路口,0,0,1,1,B03,7,5,5,30,3,1,1,5,4,5,13,4,4,5,5,5,1,16,1,60,3,10,7,1,7,5,1,8,2,1,74,1,21,121.5151494,25.141941
114,04,04,18,42,05中正區,中正區重慶南路2段與南海路口,0,0,1,1,B02,8,5,5,50,4,1,1,5,4,5,13,1,1,1,4,5,2,17,1,54,3,10,7,1,7,5,1,8,1,5,71,1,22,121.5142711,25.0319672
114,04,04,19,20,01大同區,大同區台北橋機慢車道往三重,0,0,4,1,C03,7,5,7,50,10,11,1,5,4,5,13,4,4,9,4,5,2,17,1,38,2,9,5,1,7,7,1,10,2,13,100,1,21,121.5085631,25.0635247
114,04,04,19,20,02萬華區,萬華區華江橋機慢車道往新北市(燈桿001051),0,0,2,1,C03,7,5,5,40,8,11,1,5,4,5,13,4,4,3,4,5,2,13,2,22,2,9,6,1,7,9,1,10,1,11,118,1,21,121.4891436,25.0356641
114,04,04,20,08,04大安區,大安區敦化南路1段161巷與敦化南路1段161巷5弄口,0,0,1,1,C03,8,5,5,30,4,1,1,5,4,5,13,4,4,10,5,5,1,15,1,26,2,8,6,4,7,9,1,10,1,14,80,1,21,121.5496602,25.0435227
114,04,04,20,56,07信義區,信義區吳興街281巷43號,0,0,2,1,F01,7,5,5,30,14,9,5,5,4,5,13,4,4,10,5,5,2,16,1,69,2,9,2,4,7,11,8,20,1,12,10,1,22,121.5653992,25.0265639
114,04,04,21,55,12內湖區,內湖區港墘路189號,0,0,1,1,F02,7,5,5,50,14,13,1,5,4,5,13,4,4,1,4,5,2,18,2,52,2,9,2,1,7,15,8,20,1,11,42,1,21,121.5746562,25.0757064
114,04,04,22,16,03中山區,中山區松江路19號,0,0,1,1,C03,7,5,5,50,14,9,1,5,4,5,13,4,4,10,5,5,2,17,2,32,3,10,5,1,7,9,1,10,1,17,42,1,21,121.5329364,25.0470252
114,04,04,22,38,03中山區,中山區民權東路3段與建國北路2段口,0,0,1,1,,7,5,5,50,4,2,1,5,4,5,13,2,1,1,4,5,2,27,3,43,,,,,,,,,,,66,1,,121.5373516,25.0623025
114,04,04,23,45,07信義區,信義區忠孝東路5段與忠孝東路5段71巷口,0,0,1,1,B03,8,6,5,50,3,1,1,5,4,5,13,4,4,3,4,5,2,16,2,38,3,10,3,4,7,6,1,8,2,6,9,1,21,121.5673217,25.041168
114,04,05,02,24,04大安區,大安區文昌街與安和路2段口,0,0,1,1,B03,7,5,5,30,4,1,1,4,4,5,13,2,1,10,5,5,2,3,1,44,3,10,7,1,7,5,1,14,2,1,70,1,22,121.5524242,25.032576
114,04,05,05,21,05中正區,中正區羅斯福路2段20號,0,0,1,1,C01,7,5,5,50,14,9,1,5,4,5,13,4,4,1,4,5,2,12,1,20,2,9,6,1,7,8,1,9,2,14,100,1,22,121.5209898,25.0289055
114,04,05,08,24,04大安區,大安區基隆路3段與敦南街口,0,0,1,1,B03,7,5,5,30,3,1,1,5,4,5,13,4,4,8,3,5,1,16,1,52,3,10,7,1,7,6,1,8,1,8,72,1,21,121.5480992,25.020558
114,04,05,09,40,04大安區,大安區復興南路2段340巷與和平東路2段118巷口,0,0,1,1,B03,8,5,5,30,4,1,1,5,4,5,13,4,4,10,5,5,2,15,1,68,3,10,3,4,7,9,1,8,1,1,72,1,21,121.5428462,25.0226842
114,04,05,09,48,08士林區,士林區百齡右岸河濱公園,0,0,1,1,F01,6,6,5,50,14,23,1,4,4,5,13,4,4,10,5,5,1,18,1,27,2,9,4,1,7,9,8,20,1,14,42,1,22,121.5114463,25.0944192
114,04,05,10,25,12內湖區,內湖區大湖街190-1號,0,0,1,1,B03,6,5,5,30,14,9,1,4,4,5,13,4,4,10,5,5,1,13,1,71,3,10,2,1,7,9,1,8,1,1,16,1,21,121.6053897,25.0940956
114,04,05,10,55,01大同區,大同區民族西路與民族西路225巷口,0,0,1,1,B03,6,7,5,50,4,2,1,4,4,5,13,2,1,5,4,5,2,17,1,37,3,10,3,4,7,11,1,4,1,8,98,1,21,121.5121631,25.0686542
114,04,05,11,03,08士林區,士林區通河西街2段與堤外便道口,0,0,3,1,C03,6,6,5,40,11,9,1,4,4,5,13,4,4,8,4,5,1,13,1,34,2,9,3,4,7,9,1,10,1,11,16,1,21,121.5081349,25.0932458
114,04,05,11,10,11南港區,南港區南港路1段與興中路口,0,0,1,1,C03,6,7,5,50,4,1,1,4,4,1,13,1,1,4,3,5,2,17,1,36,2,8,6,1,7,9,1,10,1,17,108,1,21,121.6075651,25.0545268
114,04,05,11,39,05中正區,中正區重慶南路3段與汀州路2段口,0,0,1,1,C03,6,7,5,50,4,1,1,4,4,5,13,1,1,2,4,5,2,17,1,29,3,10,6,1,7,15,1,10,1,17,100,1,22,121.5165208,25.0255147
114,04,05,11,45,11南港區,南港區忠孝東路7段99號西往東路邊停車格(52),0,0,1,1,C03,7,6,5,40,14,11,1,4,4,5,13,4,4,5,4,5,2,13,1,18,2,9,5,1,7,9,1,10,1,11,108,1,21,121.5991356,25.0511281
114,04,05,12,30,10文山區,文山區羅斯福路5段與興隆路1段口,0,0,1,1,C03,6,6,5,50,5,1,1,4,4,5,13,2,1,5,2,5,2,16,2,69,2,8,6,1,7,6,1,10,2,14,99,1,21,121.538841,25.0045024
114,04,05,12,39,01大同區,大同區長安西路與塔城街口,0,0,1,1,B03,6,5,5,50,4,1,1,4,4,5,13,2,1,5,5,5,2,16,1,48,3,10,7,1,7,6,1,8,1,5,9,1,21,121.5109285,25.0519029
114,04,05,12,40,09北投區,北投區大業路527巷1202633號燈桿,0,0,1,1,C03,8,5,5,40,14,9,1,5,4,5,13,4,4,7,4,5,1,21,1,40,2,1,5,1,7,9,1,10,8,11,21,1,21,121.4907192,25.1377551
114,04,05,13,20,02萬華區,萬華區中華路2段416巷128號,0,0,1,1,B03,7,7,5,30,14,9,1,4,4,5,13,4,4,9,5,5,2,17,1,37,3,10,7,1,7,11,6,8,1,2,10,1,21,121.5012529,25.0264111
114,04,05,13,44,04大安區,大安區復興南路1段與復興南路1段253巷口,0,0,1,1,B03,7,6,5,50,3,2,1,4,4,5,13,4,4,1,4,5,2,17,1,50,3,10,3,4,7,6,7,19,1,17,72,1,22,121.5437355,25.0369729
114,04,05,14,25,03中山區,中山區復興北路514巷與復興北路488巷1弄口,0,0,1,1,B12,7,7,5,30,4,1,1,4,4,5,13,4,4,9,4,5,2,17,1,58,3,10,7,1,7,5,1,8,1,8,72,1,21,121.5437055,25.0659251
114,04,05,14,53,07信義區,信義區嘉興街與嘉興街181巷口,0,0,2,1,B12,6,6,5,30,3,1,1,4,4,5,13,2,1,10,5,5,2,1,1,55,3,10,3,4,7,5,1,8,3,8,70,1,21,121.5565216,25.026338