發生年度,發生月,發生日,發生時-Hours,發生分,區序,肇事地點,死亡人數,2-30日死亡人數,受傷人數,當事人序號,車種,天候,光線,道路類別,速限-速度限制,道路型態,事故位置,路面狀況1,路面狀況2,路面狀況3,道路障礙1,道路障礙2,號誌1,號誌2,車道劃分-分向,車道劃分-分道1,車道劃分-分道2,車道劃分-分道3,事故類型及型態,性別,年齡,受傷程度,主要傷處,保護裝置,行動電話,車輛用途,當事者行動狀態,駕駛資格情形,駕駛執照種類,飲酒情形,車輛撞擊部位1,肇因碼-個別,個人肇逃否,職業,座標-X,座標-Y
114,04,07,19,17,09北投區,北投區光明路與育仁路口口,0,0,1,1,B03,7,5,5,50,3,1,1,5,4,5,13,1,1,7,5,5,2,13,1,41,3,10,7,1,7,9,1,8,2,1,108,1,21,121.4989538,25.1323727
114,04,07,19,29,03中山區,中山區市民大道2段與天津街口,0,0,1,1,C03,7,5,5,50,4,2,1,5,4,5,13,1,1,10,5,5,2,12,1,69,2,9,5,1,7,4,1,10,2,12,1,1,22,121.5223349,25.048017
114,04,07,19,47,02萬華區,萬華區堤外便道近桂林水門,0,0,2,1,C03,7,5,5,40,14,9,1,5,4,5,13,4,4,10,5,5,2,12,1,28,2,3,5,1,7,9,1,10,1,11,108,1,21,121.4940201,25.037899
114,04,07,19,53,02萬華區,萬華區艋舺大道與西藏路口,0,0,1,1,A05,7,5,5,50,14,9,1,5,4,5,12,2,1,10,5,5,2,12,1,36,3,10,3,4,7,14,1,2,1,4,38,1,22,121.4919055,25.0294884
114,04,07,22,06,06松山區,松山區民生東路5段與新東街口,0,0,1,1,B03,8,5,5,50,4,1,1,5,4,5,13,1,1,1,4,5,2,3,1,28,3,10,7,1,7,5,1,8,2,8,70,1,22,121.5660172,25.0590479
114,04,07,23,00,05中正區,中正區公園路與愛國西路口,0,0,3,1,C03,7,5,5,50,4,1,1,5,4,5,13,1,1,1,4,5,2,16,2,24,2,9,6,1,7,5,1,10,2,13,8,1,22,121.5147509,25.0352794
114,04,07,23,31,05中正區,中正區金門街與晉江街口,0,0,1,1,A12,7,5,5,30,4,1,1,5,4,5,13,4,4,10,5,5,1,15,1,26,3,10,7,1,7,9,1,6,2,1,108,1,21,121.5245819,25.0229438
114,04,07,23,36,04大安區,大安區信義路4段與光復南路口口,0,0,1,1,B03,8,5,5,50,4,2,1,5,4,5,13,2,1,3,4,5,2,13,2,42,3,10,7,1,7,1,1,8,1,1,108,1,22,121.5574699,25.0334083
114,04,08,00,26,05中正區,中正區中華路1段與忠孝西路1段口,0,0,4,1,B02,7,5,5,50,4,1,1,5,4,5,13,1,1,3,4,5,2,17,1,20,2,1,7,1,7,6,1,8,2,8,108,1,22,121.5127348,25.04743828
114,04,08,01,15,12內湖區,內湖區瑞光路583巷與洲子街口,0,0,1,1,B03,7,5,5,50,4,1,1,5,4,5,13,3,1,4,3,5,1,15,2,56,3,10,3,4,7,9,1,8,1,4,72,1,21,121.5683255,25.0811347
114,04,08,06,42,02萬華區,萬華區康定路71號,0,0,1,1,B03,8,5,8,50,22,22,1,5,4,5,13,4,4,10,5,5,2,17,1,54,3,10,3,4,7,1,6,18,1,17,19,1,21,121.5021657,25.040817
114,04,08,07,10,05中正區,中正區愛國西路1006390燈桿,0,0,1,1,C03,8,7,5,50,14,9,1,5,4,5,13,4,4,1,4,5,2,13,2,55,2,7,5,4,7,9,1,10,1,11,16,1,21,121.5141518,25.0348412
114,04,08,07,16,10文山區,文山區仙岩路79號,0,0,1,1,B03,8,6,5,50,14,9,1,5,4,5,13,4,4,9,5,5,2,17,1,38,3,10,7,1,7,1,6,8,3,4,19,1,21,121.5506884,25.0003754
114,04,08,07,20,09北投區,北投區文林北路與明德路口口,0,0,1,1,B03,8,6,5,50,4,1,1,5,4,5,13,2,1,1,4,4,2,16,1,41,3,10,7,1,7,6,1,3,2,2,9,1,21,121.5164382,25.1061079
114,04,08,07,28,09北投區,北投區西安街2段353號,0,0,1,1,B03,7,5,5,50,14,9,1,5,4,5,13,1,1,9,4,5,2,12,1,34,3,10,7,1,7,9,1,8,1,5,17,1,21,121.5045032,25.1209173
114,04,08,07,34,04大安區,大安區和平東路1段129號,0,0,1,1,C03,8,6,5,50,14,7,1,5,4,5,13,4,4,3,4,4,2,13,1,46,2,8,6,4,7,9,1,10,1,11,16,1,21,121.5301245,25.0265471
114,04,08,07,38,07信義區,信義區松隆路與松隆路329巷口,0,0,1,1,B03,7,6,5,50,4,2,1,5,4,5,13,2,1,1,4,5,2,16,1,47,3,10,3,4,7,9,1,8,2,7,81,1,21,121.5793664,25.0481189
114,04,08,07,48,03中山區,中山區樂群二路與樂群二路266巷口,0,0,2,1,C03,8,7,5,50,4,1,1,5,4,5,13,2,1,1,5,5,2,16,2,46,3,10,6,1,7,5,1,10,1,12,71,1,21,121.5618088,25.0800157
114,04,08,07,50,08士林區,士林區通河街與承德路4段口,0,0,2,1,C03,7,6,5,50,4,1,1,5,4,5,13,1,1,5,5,5,2,17,2,53,2,9,6,1,7,6,1,10,1,12,9,1,22,121.5220213,25.0802695
114,04,08,07,51,02萬華區,萬華區貴陽街2段與昆明街口,0,0,1,1,B03,8,6,5,50,4,1,1,5,4,5,13,1,1,8,3,5,1,17,2,52,3,10,7,1,7,8,1,8,1,4,100,1,21,121.5041987,25.0397583
114,04,08,08,04,02萬華區,萬華區桂林路242巷與桂林路228巷11弄口,0,0,2,1,C03,8,5,8,50,22,22,1,5,4,5,13,1,1,10,5,5,2,17,1,50,2,9,3,4,7,15,1,10,1,12,44,1,21,121.4955537,25.0385199
114,04,08,08,18,11南港區,南港區南港路1段與惠民街口,0,0,1,1,C03,8,6,5,50,3,1,1,5,4,5,13,2,1,5,4,5,2,12,2,29,2,9,5,1,7,8,1,10,2,14,100,1,21,121.6102333,25.0549946
114,04,08,08,30,07信義區,信義區永吉路30巷與永吉路30巷12弄口,0,0,1,1,C03,8,6,5,50,4,2,1,5,4,5,13,4,4,5,5,5,2,13,1,51,3,10,6,1,7,9,1,10,2,11,108,1,22,121.5693249,25.045176
114,04,08,08,35,05中正區,中正區重慶南路2段與南海路口,0,0,2,1,C03,8,7,5,50,4,2,1,5,4,5,13,1,1,1,4,5,2,12,1,69,2,8,5,4,7,15,1,10,2,11,44,1,21,121.5144088,25.0315763
114,04,08,08,37,06松山區,松山區市民大道5段路燈0607106,0,0,1,1,C03,8,7,5,40,22,6,1,5,4,5,13,4,4,1,4,5,2,13,1,29,2,8,5,1,7,7,1,10,1,11,100,1,21,121.5686726,25.0490106
114,04,08,09,30,10文山區,文山區指南路3段43號,0,0,1,1,C03,8,7,5,30,14,9,1,5,4,5,13,4,4,10,5,5,2,10,1,19,2,9,5,2,7,9,1,10,1,11,108,1,21,121.5798041,24.9842833
114,04,08,09,45,09北投區,北投區光明路與中山路口,0,0,1,1,B03,8,6,5,40,4,1,1,5,4,5,13,2,1,5,5,5,2,16,2,61,3,10,7,1,7,6,1,8,2,2,9,1,21,121.5041848,25.1369069
114,04,08,09,54,03中山區,中山區民權西路與天祥路口,0,0,1,1,C03,7,6,5,50,4,1,1,5,4,5,13,1,1,1,4,5,2,16,1,25,3,10,5,4,7,9,1,10,1,14,44,1,21,121.5213225,25.0625018
114,04,08,10,00,03中山區,中山區民族東路12號對面,0,0,3,1,C03,7,7,5,50,14,9,5,5,4,5,13,4,4,10,5,5,2,17,1,19,2,7,5,1,7,9,1,10,1,11,44,1,21,121.5239654,25.06847437
114,04,08,10,10,02萬華區,萬華區堤外便道與堤外便道口華中一號疏散門口,0,0,1,1,B03,8,6,5,50,4,1,1,5,4,5,13,1,1,8,3,5,1,9,1,23,3,10,7,1,7,5,1,8,1,4,108,1,21,121.4957646,25.0161667
114,04,08,10,32,10文山區,文山區道南橋與新光路1段口,0,0,1,1,F02,8,6,8,50,22,22,1,5,4,5,13,1,1,5,5,5,2,18,2,53,2,9,4,4,7,12,8,20,9,14,42,1,22,121.5735185,24.9880909
114,04,08,11,25,12內湖區,內湖區行善路與行忠路口,0,0,1,1,B03,7,5,5,50,4,1,1,5,4,5,13,2,1,1,4,4,1,16,1,43,4,11,3,4,7,5,7,19,9,15,71,1,21,121.585865,25.0662021
114,04,08,11,37,08士林區,士林區延平北路6段與社中街口,0,0,1,1,B12,7,6,5,50,4,1,1,5,4,5,13,1,1,1,4,3,2,17,1,44,3,10,7,1,7,9,1,8,9,6,81,2,21,121.5010845,25.0904141
114,04,08,11,42,07信義區,信義區基隆路2段155號,1,0,0,1,C03,8,7,5,50,14,9,1,5,4,5,13,4,4,1,4,5,2,13,1,33,1,3,5,1,7,9,1,9,2,11,108,1,21,121.5544158,25.0259518
114,04,08,12,30,08士林區,士林區至誠路2段與雙溪街口,0,0,1,1,C03,8,6,5,50,5,1,1,5,4,5,13,3,1,5,5,5,2,17,2,28,2,8,6,1,7,8,1,10,1,14,100,1,26,121.5266181,25.1008608
114,04,08,12,38,04大安區,大安區仁愛路3段與信義路3段147巷口,0,0,1,1,B03,7,6,5,30,3,1,1,5,4,5,13,4,4,1,4,5,2,17,2,45,3,10,3,4,7,5,1,8,1,5,72,1,22,121.54194,25.0378137
114,04,08,12,41,07信義區,信義區和平東路3段195號,0,0,1,1,B01,8,7,5,50,14,9,1,5,4,5,13,4,4,1,4,5,2,17,1,31,3,10,3,4,7,14,1,4,1,2,40,1,21,121.5531795,25.0239059
114,04,08,13,05,08士林區,士林區德行東路331巷與士東路266巷11弄口,0,0,1,1,C03,8,7,5,30,3,2,1,5,4,5,13,4,4,5,4,5,1,17,1,19,2,9,5,1,7,9,1,10,1,12,4,1,21,121.5374807,25.1119754
114,04,08,13,30,08士林區,士林區中山北路5段與福國路口,0,0,1,1,C03,8,6,5,50,14,9,1,5,4,5,13,4,4,1,4,5,1,17,1,42,4,11,5,1,7,7,1,10,11,15,100,2,21,121.5257541,25.1022589
114,04,08,13,35,08士林區,士林區德行西路116號,0,0,1,1,B02,7,5,8,50,22,22,1,5,4,5,13,4,4,5,5,5,2,17,1,44,3,10,7,1,7,11,1,8,1,4,10,1,21,121.5209426,25.10408447
114,04,08,13,37,10文山區,文山區木柵路3段77巷與木柵路3段85巷8弄口,0,0,2,1,C03,7,6,5,30,4,1,1,5,4,5,13,4,4,10,5,5,2,15,2,41,2,8,5,4,7,9,1,10,1,14,118,1,22,121.5668825,24.9894205
114,04,08,13,51,05中正區,中正區中山北路1段與市民大道2段口,0,0,1,1,C03,8,5,5,40,4,1,1,5,4,5,13,2,1,1,3,5,2,13,1,27,2,9,5,1,7,9,1,10,1,11,108,1,21,121.5206989,25.0479926
114,04,08,14,20,01大同區,大同區重慶北路3段130號,0,0,1,1,B03,8,5,6,50,14,9,1,5,4,5,13,4,4,1,4,5,2,12,1,45,3,10,7,1,7,9,1,8,1,2,17,1,21,121.5135934,25.067563
114,04,08,14,35,08士林區,士林區中山北路5段與福林路口,0,0,1,1,C03,8,6,5,50,14,9,1,5,4,5,13,4,4,9,4,5,1,13,1,62,2,8,5,1,7,9,1,10,1,11,16,1,21,121.528075,25.0933559
114,04,08,14,44,08士林區,士林區承德路4段與福港街口,0,0,1,1,B03,8,6,5,50,4,1,1,5,4,5,13,2,1,1,4,5,1,17,1,63,3,10,7,1,7,5,1,8,2,17,71,1,21,121.5184089,25.0899965
114,04,08,14,59,04大安區,大安區基隆路3段155巷26號,0,0,1,1,C03,7,6,5,50,14,9,1,5,4,5,13,4,4,9,4,5,2,13,1,19,3,10,5,1,7,14,1,10,1,13,42,1,21,121.5431918,25.0149779
114,04,08,15,21,11南港區,南港區研究院路2段與研究院路2段88巷口,0,0,1,1,B03,7,6,5,50,5,1,1,5,4,5,13,1,1,1,3,5,2,17,1,43,3,10,3,4,7,11,1,8,1,17,10,1,22,121.6154669,25.0451095
114,04,08,15,28,05中正區,中正區信義路1段與信義路1段口1003631燈桿,0,0,1,1,B03,8,5,5,50,4,2,1,5,4,5,13,4,4,1,5,5,2,17,2,40,3,10,7,1,7,8,1,8,1,2,17,1,21,121.5190231,25.03792698
114,04,08,15,34,09北投區,北投區石牌路2段與天母西路口,0,0,1,1,B03,7,5,5,50,3,1,1,5,4,5,13,3,1,5,4,5,2,16,2,61,3,10,7,1,7,5,1,8,1,1,72,1,21,121.5212297,25.11934901
114,04,08,16,34,02萬華區,萬華區艋舺大道206號,0,0,1,1,C03,7,6,5,50,11,9,1,5,4,3,10,4,4,8,3,5,2,10,1,22,2,9,5,4,7,9,1,10,1,14,4,1,22,121.4992837,25.0327588
114,04,08,16,44,02萬華區,萬華區南寧路45號,0,0,1,1,A02,8,6,5,50,14,9,1,5,4,5,13,4,4,8,3,5,1,9,1,53,3,10,7,1,7,15,1,2,9,17,44,1,21,121.5039504,25.0358185
114,04,08,16,54,03中山區,中山區新生北路1段45號,0,0,1,1,B03,8,6,5,50,14,9,1,5,4,5,13,1,1,1,5,5,2,13,1,64,3,10,3,4,7,1,1,8,1,8,108,1,22,121.5301738,25.0478627
114,04,08,18,17,03中山區,中山區明水路與明水路439巷口,0,0,1,1,B03,8,5,5,50,3,1,1,5,4,5,13,4,4,3,4,5,2,17,2,43,3,10,7,1,7,6,1,8,1,2,9,1,21,121.5496309,25.07740494
114,04,08,18,25,09北投區,北投區中央北路4段與一德街口,0,0,1,1,B03,8,5,5,50,14,9,1,5,4,5,13,1,1,9,4,5,2,16,1,34,3,10,7,1,7,5,1,8,1,1,80,1,21,121.4689212,25.12846997
114,04,08,18,30,06松山區,松山區民權大橋西往東第4根燈桿處,0,0,2,1,C03,8,5,5,30,14,11,1,5,4,5,13,4,4,2,4,5,2,13,2,32,2,9,5,1,7,9,1,10,1,11,16,1,21,121.5676748,25.06358197
114,04,08,18,33,06松山區,松山區延壽街72巷與三民路80巷口,0,0,1,1,C03,7,6,5,30,5,1,1,5,4,5,13,4,4,8,3,5,2,10,1,41,2,8,5,1,7,9,1,10,1,13,72,1,21,121.5654519,25.0563525
114,04,08,18,33,06松山區,松山區敦化北路與南京東路3段口,0,0,1,1,C03,8,6,5,50,14,7,1,5,4,5,13,2,1,3,4,4,2,17,1,24,2,8,6,4,7,7,1,10,1,14,100,1,22,121.5487398,25.0521584
114,04,08,18,59,05中正區,中正區鄭州路與重慶北路1段口往南過路口,0,0,1,1,C03,7,5,5,30,4,2,1,5,4,1,13,4,4,5,4,5,2,16,2,24,2,8,6,4,7,7,1,10,2,14,100,1,22,121.5133851,25.04818228
114,04,08,19,20,03中山區,中山區北安路近自強隧道機車地下道,0,0,2,1,C03,8,5,5,50,14,11,1,5,4,5,13,4,4,10,4,5,2,18,1,65,2,9,5,1,7,9,1,10,1,12,118,1,21,121.5519004,25.08537277
114,04,08,19,30,12內湖區,內湖區瑞光路與江南街口,0,0,1,1,B01,8,5,5,50,3,1,1,5,4,5,13,2,1,5,4,5,2,17,1,44,3,10,7,1,7,5,1,4,1,1,108,1,21,121.5754892,25.0760524
114,04,08,19,35,07信義區,信義區基隆路1段131號,0,0,1,1,C03,8,5,5,50,14,9,1,5,4,5,13,4,4,1,4,5,2,18,2,18,2,9,5,1,7,9,1,10,1,14,116,1,21,121.5665408,25.0443741
114,04,08,19,40,06松山區,松山區八德路4段194號,0,0,1,1,C03,8,5,5,50,14,9,1,5,4,5,13,4,4,5,4,5,2,18,2,24,2,9,6,1,7,9,1,10,1,14,116,1,22,121.5635939,25.0487334
114,04,08,19,52,10文山區,文山區萬芳路(萬芳社區捷運站前）,0,0,1,1,C03,8,5,5,50,14,9,1,5,4,5,13,4,4,10,5,5,2,16,2,28,2,8,5,1,7,1,1,10,1,14,19,1,21,121.5675332,24.999008
114,04,08,20,10,05中正區,中正區濟南路1段與林森南路口,0,0,1,1,C03,7,5,5,50,14,9,1,5,4,5,13,4,4,5,4,5,2,16,1,22,3,10,6,1,7,1,1,10,2,13,19,1,22,121.5227082,25.0420114
114,04,08,20,20,03中山區,中山區松江路67號旁,0,0,2,1,C03,8,7,8,50,14,9,1,5,4,5,13,4,4,1,4,5,2,13,1,19,2,7,3,4,7,9,1,10,9,11,16,1,21,121.5330686,25.0488358
114,04,08,20,20,05中正區,中正區同安街與晉江街口,0,0,1,1,B03,8,5,5,30,4,2,1,5,4,5,13,4,4,10,5,5,2,17,1,47,3,10,7,1,7,9,3,18,11,4,75,2,21,121.5223221,25.0248334
114,04,08,20,33,03中山區,中山區建國北路2段與建國北路2段11巷口,0,0,1,1,B03,7,5,5,50,3,1,1,5,4,5,13,4,4,1,4,5,2,16,2,22,3,10,7,1,7,6,1,8,1,5,9,1,22,121.5371012,25.0536054
114,04,08,20,52,04大安區,大安區延吉街246巷與延吉街口,0,0,1,1,B03,7,5,5,30,3,1,1,5,4,5,13,4,4,10,5,5,2,15,1,35,3,10,7,1,7,9,1,8,1,1,72,1,21,121.5556671,25.0354484
114,04,08,21,19,06松山區,松山區虎林街與市民大道6段口,0,0,1,1,B03,7,5,5,50,3,2,1,5,4,5,13,2,1,1,3,5,2,17,2,56,3,10,7,1,7,5,1,8,1,1,108,1,22,121.5759215,25.0493992
114,04,08,21,45,09北投區,北投區豐年路2段與中央北路2段237巷巷口,0,0,2,1,B03,7,5,5,30,3,1,1,5,4,5,13,4,4,10,5,5,2,16,1,32,3,10,7,1,7,6,1,8,2,5,72,1,21,121.4934428,25.1369223
114,04,08,22,00,06松山區,松山區三民路80巷與三民路口,0,0,1,1,C03,8,5,5,50,4,1,1,5,3,5,13,1,1,5,4,5,2,18,2,30,2,5,6,1,7,9,1,10,1,12,44,1,22,121.5636914,25.0563782
114,04,08,22,42,04大安區,大安區新生南路3段86號,0,0,1,1,C04,8,5,5,50,14,9,1,5,4,5,13,4,4,1,4,4,2,12,2,55,2,9,5,1,7,7,1,8,1,14,100,1,21,121.5335923,25.0184581
114,04,09,00,00,04大安區,大安區和平東路2段與和平東路2段175巷口,0,0,1,1,C03,8,5,5,50,4,2,1,5,4,5,13,1,1,1,4,5,2,13,1,19,2,9,5,1,7,9,1,10,1,11,108,1,21,121.5420008,25.0251274
114,04,09,00,32,06松山區,松山區市民大道5段與東興路口,1,0,0,1,B01,8,6,5,50,4,1,1,5,4,5,13,2,1,3,4,5,2,16,1,48,3,10,3,4,7,5,1,4,2,2,83,1,22,121.5657882,25.048393
114,04,09,04,19,02萬華區,萬華區西園路2段與艋舺大道口,0,0,2,1,C03,7,5,6,50,4,1,1,5,4,5,13,1,1,10,4,5,2,13,1,49,2,9,6,1,7,9,1,10,1,11,16,1,21,121.4979671,25.033013
114,04,09,04,36,03中山區,中山區民權東路2段與吉林路口,0,0,3,1,C02,8,5,5,50,5,2,1,5,4,5,13,1,1,1,4,5,2,13,1,22,2,9,5,1,7,9,1,9,1,11,16,1,21,121.5300326,25.0624881
114,04,09,06,19,08士林區,士林區延平北路5段與延平北路5段1巷口口,0,0,1,1,C03,8,6,5,50,4,1,1,5,4,5,13,1,1,1,4,5,1,13,1,53,2,9,6,1,7,9,1,10,1,11,16,1,21,121.5112277,25.0790581
114,04,09,07,22,10文山區,文山區保儀路與保儀路142巷口,0,0,2,1,C03,8,6,5,30,5,1,1,5,4,5,13,4,4,10,5,5,2,17,1,43,2,9,6,1,7,5,1,10,1,14,8,1,21,121.5655704,24.9834608
114,04,09,07,26,12內湖區,內湖區環山路2段53巷6弄18號與環山路2段53巷6弄口,0,0,1,1,C03,7,6,6,30,3,1,1,5,4,3,10,4,4,10,5,5,2,16,2,37,2,9,6,1,7,5,1,10,2,11,72,1,22,121.5740182,25.08473
114,04,09,07,35,07信義區,信義區光復南路423號,0,0,1,1,C03,8,6,5,50,14,9,1,5,4,5,13,4,4,1,4,5,2,12,2,65,2,8,6,1,7,7,1,10,2,13,100,1,22,121.5576292,25.03610175
114,04,09,07,44,09北投區,北投區光明路166-6號,0,0,2,1,C03,8,6,5,50,14,9,1,5,4,5,13,4,4,5,5,5,2,17,2,41,2,9,5,1,7,11,1,10,2,14,10,1,21,121.5027296,25.1353027
114,04,09,07,46,01大同區,大同區忠孝西路1段與環河北路1段口,0,0,2,1,C03,8,6,5,50,4,2,1,5,4,5,13,2,1,1,4,5,2,17,1,44,2,7,6,1,7,7,1,10,1,11,100,1,21,121.5063001,25.04913544
114,04,09,08,08,03中山區,中山區新生北路2段與民權東路2段口,0,0,6,1,C03,7,7,5,50,4,1,1,5,4,5,13,1,1,9,4,5,2,13,1,40,2,8,6,1,7,15,1,10,1,13,13,1,21,121.5283724,25.0625974
114,04,09,08,09,04大安區,大安區和平東路1段72號,0,0,1,1,C03,8,6,5,50,14,7,1,5,4,5,13,4,4,3,4,4,2,17,2,68,2,1,6,4,7,9,1,10,1,12,108,1,21,121.5247578,25.0268175
114,04,09,08,15,09北投區,北投區大業路157號,0,0,1,1,C03,8,6,5,60,14,9,1,5,4,5,13,4,4,1,4,5,2,16,1,16,2,9,5,1,7,4,2,18,2,11,108,1,21,121.4986462,25.1248488
114,04,09,08,20,04大安區,大安區辛亥路3段與基隆路3段口,0,0,1,1,C03,8,5,5,50,4,2,1,5,4,5,13,2,1,8,3,5,1,13,1,50,2,9,5,1,7,9,1,10,1,11,108,1,21,121.5471056,25.0190282
114,04,09,08,30,08士林區,士林區前港街66號,0,0,3,1,C03,8,6,5,30,14,9,1,5,4,5,13,4,4,10,5,5,1,10,1,61,2,9,6,1,7,9,1,9,2,11,5,1,21,121.5203773,25.08490078
114,04,09,08,40,01大同區,大同區長安西路與塔城街口,0,0,2,1,C03,8,7,5,50,4,2,1,5,4,5,13,2,1,5,4,5,2,15,2,31,2,9,3,4,7,15,1,10,1,11,42,1,21,121.5104623,25.0520483
114,04,09,08,41,12內湖區,內湖區江南街89巷與江南街117巷8弄口,0,0,1,1,C03,8,6,5,30,3,1,1,5,4,5,13,4,4,10,5,5,2,17,1,31,2,9,5,1,7,6,1,10,9,12,99,1,21,121.577334,25.07648434
114,04,09,08,56,10文山區,文山區萬美街1段與萬和街口,0,0,1,1,,7,5,5,40,3,2,1,5,4,5,13,4,4,10,5,5,2,18,3,0,,,,,,,,,,,67,1,,121.5671604,25.0022209
114,04,09,09,02,03中山區,中山區民族東路410巷2弄14號前,0,0,1,1,C03,8,7,5,50,14,9,1,5,4,5,13,4,4,9,4,5,2,17,2,69,2,5,3,4,7,5,1,10,1,11,8,1,21,121.5375509,25.0668331
114,04,09,09,17,12內湖區,南港區重陽路453號,0,0,1,1,B12,8,6,5,50,14,9,1,5,4,5,13,4,4,9,4,5,2,17,1,50,3,10,7,1,7,14,1,8,2,4,40,1,21,121.610279,25.059389
114,04,09,09,18,07信義區,信義區基隆路1段與永吉路口,0,0,1,1,C03,8,6,5,50,14,9,1,5,4,5,13,1,1,1,4,5,2,12,1,42,3,10,3,4,7,10,1,10,2,11,100,1,21,121.5675872,25.045809
114,04,09,09,30,09北投區,北投區文化三路與杏林一路口,0,0,1,1,C03,7,7,5,30,14,9,1,5,4,4,12,4,4,10,5,5,2,29,2,65,2,9,6,1,7,9,1,10,9,11,108,1,21,121.4991415,25.1406395
114,04,09,09,30,11南港區,南港區忠孝東路6段70巷與忠孝東路6段口,0,0,1,1,C03,8,6,5,30,3,2,1,5,4,5,13,4,4,10,5,5,2,16,1,57,3,10,6,1,7,6,1,10,9,11,108,1,21,121.5837985,25.0465446
114,04,09,09,35,05中正區,中正區水源快速道路往南256燈桿,0,0,1,1,B12,8,7,5,60,10,9,1,5,4,5,13,4,4,1,4,5,1,13,1,74,3,10,7,1,7,9,1,8,1,1,16,1,22,121.5213842,25.020519
114,04,09,09,38,06松山區,松山區撫遠街與民權東路5段口,0,0,1,1,C03,8,7,5,50,14,9,1,5,4,5,13,2,1,1,4,5,2,17,1,47,3,10,5,1,7,15,1,10,1,14,80,1,21,121.566077,25.0629658
114,04,09,09,45,10文山區,文山區新光路2段與文和橋口,0,0,1,1,A12,8,6,5,50,3,1,1,5,4,5,13,3,1,10,5,5,2,17,1,41,3,10,7,1,7,5,1,3,1,4,72,1,21,121.5963548,25.0013418
114,04,09,09,50,09北投區,北投區光明路與中央南路1段口,0,0,1,1,C03,8,6,5,50,5,2,1,5,4,5,13,3,1,5,5,5,1,17,2,41,3,10,5,1,7,5,1,10,1,14,17,1,21,121.5014319,25.1328221
114,04,09,09,51,03中山區,中山區德惠街12號,0,0,2,1,C03,8,6,5,50,14,9,1,5,4,5,13,4,4,9,4,5,2,17,2,32,2,9,6,1,7,5,1,10,1,14,8,1,21,121.5236872,25.06673663
114,04,09,10,02,03中山區,中山區遼寧街與南京東路口側附近3段194巷口,0,0,1,1,B03,8,7,5,30,4,1,1,5,4,5,13,4,4,10,5,5,2,17,2,31,3,10,3,4,7,9,1,8,1,6,72,1,21,121.5419119,25.050946
114,04,09,10,12,12內湖區,內湖區新明路298巷14弄與新明路298巷口,0,0,1,1,B03,7,6,5,50,3,1,1,5,4,5,13,4,4,5,4,5,2,12,2,30,3,10,3,4,7,8,1,8,1,2,100,1,22,121.5818532,25.0565499
114,04,09,10,39,03中山區,中山區民權東路2段124號,0,0,1,1,C03,8,7,5,50,14,9,1,5,4,5,13,4,4,1,4,5,2,13,2,33,3,10,6,1,7,9,1,10,1,11,108,1,21,121.5323395,25.06255497
114,04,09,11,03,01大同區,大同區承德路2段164號,0,0,2,1,B03,8,5,5,50,14,9,1,5,4,5,13,4,4,1,4,1,2,12,1,77,3,10,7,1,7,9,1,8,2,2,108,1,21,121.5181494,25.0607864
114,04,09,11,12,05中正區,中正區晉江街124巷與晉江街口,0,0,2,1,C03,8,7,5,30,4,1,1,5,4,5,13,4,4,10,5,5,2,15,1,60,2,7,5,1,7,9,1,10,1,14,72,1,22,121.5255416,25.022159
114,04,09,12,03,08士林區,士林區通河西街1段與通河西街1段口堤外便道,0,0,3,1,C03,8,6,5,40,3,2,1,5,4,5,13,4,4,10,5,5,1,16,1,20,2,9,5,1,7,5,1,10,1,14,44,1,21,121.5126923,25.0857405
114,04,09,12,28,05中正區,中正區重慶南路2段與重慶南路2段7巷口,0,0,2,1,C03,8,7,5,50,3,1,1,5,4,5,13,4,4,1,4,5,2,17,2,52,3,10,5,1,7,8,1,10,2,12,100,1,22,121.5136393,25.0332899
114,04,09,12,37,03中山區,中山區中山北路2段123號,0,0,1,1,C03,7,7,5,50,14,9,5,5,4,5,13,4,4,10,5,5,2,13,1,30,2,9,5,1,7,12,1,10,2,11,16,1,21,121.5233989,25.0613194
114,04,09,12,55,02萬華區,萬華區環河南路1段與武昌街2段口,0,0,2,1,C03,8,5,5,50,4,1,1,5,4,5,13,1,1,4,4,5,2,17,1,71,2,8,5,4,7,5,1,10,2,14,8,1,21,121.5025898,25.0457123
114,04,09,13,03,01大同區,大同區鄭州路與承德路1段口,0,0,3,1,C03,8,6,5,40,5,2,1,5,4,5,13,4,4,1,4,5,2,17,2,29,2,9,6,1,7,9,1,10,1,14,42,1,21,121.5163516,25.04894581
114,04,09,13,10,07信義區,信義區松仁路56號,0,0,1,1,A02,8,6,5,50,14,9,1,5,4,5,13,4,4,1,4,5,2,9,1,50,3,10,7,1,7,9,1,2,9,17,44,1,22,121.5682535,25.0371036
114,04,09,14,11,08士林區,士林區葫蘆街與葫蘆街47巷口,0,0,1,1,B03,8,6,5,30,5,2,1,5,4,5,13,4,4,10,5,5,2,17,1,54,3,10,7,1,7,9,1,8,2,1,42,1,21,121.5094717,25.0800879
114,04,09,14,42,12內湖區,內湖區瑞光路與陽光街口,0,0,1,1,B03,8,6,5,50,4,1,1,5,4,5,13,2,1,5,4,5,2,13,2,43,3,10,7,1,7,5,1,8,1,8,16,1,21,121.5792679,25.0737643