發生年度,發生月,發生日,發生時-Hours,發生分,區序,肇事地點,死亡人數,2-30日死亡人數,受傷人數,當事人序號,車種,天候,光線,道路類別,速限-速度限制,道路型態,事故位置,路面狀況1,路面狀況2,路面狀況3,道路障礙1,道路障礙2,號誌1,號誌2,車道劃分-分向,車道劃分-分道1,車道劃分-分道2,車道劃分-分道3,事故類型及型態,性別,年齡,受傷程度,主要傷處,保護裝置,行動電話,車輛用途,當事者行動狀態,駕駛資格情形,駕駛執照種類,飲酒情形,車輛撞擊部位1,肇因碼-個別,個人肇逃否,職業,座標-X,座標-Y
114,04,11,11,56,07信義區,信義區松隆路42號,0,0,1,1,C03,8,5,8,50,22,22,1,5,4,5,13,4,4,1,4,5,2,13,1,46,2,9,6,1,7,9,1,10,1,11,16,1,21,121.5679236,25.0438147
114,04,11,12,11,10文山區,文山區老泉街(燈桿0701068）,0,0,2,1,C01,8,7,5,50,11,9,1,5,4,5,13,3,1,10,5,5,2,17,1,21,2,9,5,1,7,5,1,9,1,14,80,1,21,121.5574623,24.9762223
114,04,11,12,16,02萬華區,萬華區中華路2段與廣州街口,0,0,2,1,C03,8,5,8,40,22,22,1,5,4,5,13,1,1,10,5,5,2,17,1,49,2,9,3,4,7,6,1,10,1,13,9,1,21,121.5064189,25.036149
114,04,11,12,17,04大安區,大安區基隆路2段132巷口側附近,0,0,1,1,B11,8,5,6,30,14,9,1,5,4,5,13,4,4,10,5,5,2,17,1,55,3,10,3,4,7,6,1,3,1,6,80,1,21,121.556811,25.0286988
114,04,11,12,45,12內湖區,內湖區安美街175巷與潭美街口,0,0,1,1,B12,7,5,5,40,4,2,1,5,4,5,13,4,4,5,5,5,2,17,1,48,3,10,7,1,7,6,1,8,2,6,9,1,21,121.6006299,25.0609107
114,04,11,12,49,04大安區,大安區新生南路1段與新生南路1段133巷口口,0,0,2,1,C03,8,6,5,50,3,1,1,5,4,5,13,4,4,3,4,5,2,17,1,38,2,7,5,1,7,6,1,10,1,13,9,1,22,121.5329383,25.0374143
114,04,11,12,56,03中山區,中山區建國北路2段與南京東路3段口,0,0,1,1,B01,8,7,5,50,4,2,1,5,4,5,13,1,1,1,4,5,2,13,1,64,3,10,7,1,7,9,1,2,1,1,16,1,21,121.5372558,25.0520885
114,04,11,13,15,03中山區,中山區伊通街127號,0,0,1,1,C03,8,6,5,50,14,9,1,5,4,5,13,4,4,9,5,5,2,11,1,28,2,9,6,1,7,9,1,10,1,11,44,1,22,121.534797,25.0541078
114,04,11,13,20,02萬華區,萬華區環河南路2段與廣州街口,0,0,1,1,C03,8,7,5,50,4,2,1,5,4,5,13,1,1,1,4,5,2,17,1,34,2,9,5,1,7,10,1,10,1,13,100,1,21,121.4956487,25.0367845
114,04,11,13,20,05中正區,中正區中山南路與仁愛路1段口,0,0,1,1,C03,8,7,5,50,5,1,1,5,4,5,13,1,1,1,3,1,2,17,2,37,3,10,6,1,7,7,1,10,1,12,100,1,21,121.5181268,25.0392308
114,04,11,13,43,06松山區,松山區新東街20巷7號,0,0,1,1,B03,8,6,5,30,14,9,1,5,4,5,13,4,4,10,5,5,2,17,1,55,3,10,7,1,7,13,1,8,1,4,40,1,22,121.5661718,25.05836669
114,04,11,14,00,07信義區,信義區吳興街225巷與吳興街口口,0,0,2,1,F02,8,5,5,50,4,1,1,5,4,5,13,1,1,5,4,5,2,16,1,41,2,8,4,1,7,6,8,20,1,12,5,1,22,121.5631902,25.0277802
114,04,11,14,28,07信義區,信義區莊敬路與信義路5段口,0,0,1,1,C03,7,7,5,50,4,1,1,5,4,5,13,2,1,9,4,5,2,16,1,37,2,9,6,4,7,5,1,10,1,14,103,1,21,121.5613399,25.0330417
114,04,11,14,30,12內湖區,內湖區內湖路2段與內湖路2段376巷口,0,0,1,1,C03,7,5,5,30,3,1,1,5,4,5,13,4,4,4,3,5,1,16,2,42,3,10,3,4,7,5,1,10,1,14,72,1,21,121.5911307,25.0826437
114,04,11,14,45,10文山區,文山區景中街與景美街口,0,0,2,1,C03,8,6,5,30,4,1,1,5,4,5,13,4,4,10,5,5,2,16,1,18,2,9,6,1,7,5,1,10,1,13,72,1,21,121.5417807,24.9929032
114,04,11,15,30,07信義區,信義區基隆路2段48號,0,0,1,1,C03,8,7,5,50,14,9,1,5,4,5,13,4,4,1,4,5,2,17,1,46,3,10,3,4,7,9,1,10,9,11,108,1,21,121.5585734,25.0315676
114,04,11,15,35,07信義區,信義區虎林街120巷與永吉路180巷口,0,0,1,1,B03,8,6,5,30,4,1,1,5,4,5,13,4,4,10,5,5,1,3,1,34,3,10,3,4,7,15,1,8,1,4,108,1,22,121.5713841,25.0422858
114,04,11,15,36,04大安區,大安區羅斯福路4段與新生南路3段口,0,0,1,1,B01,7,6,5,50,4,1,1,5,4,5,13,1,1,1,1,5,2,17,1,64,3,10,7,1,7,7,1,4,9,17,44,1,21,121.5329718,25.0161699
114,04,11,16,04,08士林區,士林區仰德大道3段61號,0,0,1,1,B03,8,7,5,40,14,9,1,5,4,5,13,4,4,4,3,5,1,17,1,47,3,10,3,4,7,14,1,8,1,4,40,1,22,121.5527089,25.1188169
114,04,11,16,12,05中正區,中正區北平西路與承德路1段口,0,0,1,1,A04,7,7,5,50,3,1,1,5,4,5,13,4,4,10,4,5,2,16,1,46,3,10,7,4,7,5,1,2,1,7,17,1,21,121.516167,25.04765699
114,04,11,16,15,03中山區,中山區民族東路與建國北路3段113巷口,0,0,1,1,C03,7,6,5,50,14,9,1,5,4,5,13,4,4,9,5,5,2,16,1,34,2,9,6,1,7,9,1,10,1,14,44,1,21,121.5362567,25.0679212
114,04,11,16,18,02萬華區,萬華區西寧南路無名巷,0,0,2,1,C03,7,6,5,50,3,2,1,5,4,5,13,4,4,10,5,5,2,17,2,32,2,7,5,1,7,5,1,10,1,12,74,1,21,121.5063125,25.0389672
114,04,11,16,35,06松山區,松山區塔悠路與撫遠街403巷口,0,0,1,1,C03,8,7,5,50,4,2,1,5,4,5,13,1,1,9,4,4,2,13,2,29,2,8,5,1,7,9,1,10,1,11,16,1,22,121.567972,25.0662147
114,04,11,16,49,04大安區,大安區仁愛路4段25號與仁愛路4段口,0,0,1,1,C03,7,6,5,30,3,2,1,5,4,5,13,4,4,10,3,5,2,17,1,73,2,9,5,1,7,6,1,10,1,14,72,1,21,121.545005,25.0381371
114,04,11,16,56,08士林區,士林區延平北路6段與社中街口,0,0,2,1,C03,7,5,5,50,4,1,1,5,4,5,13,2,1,1,2,5,2,16,1,19,2,8,6,1,7,11,1,10,2,14,10,1,25,121.5012542,25.0904777
114,04,11,16,57,01大同區,中正區市民大道1段與市民大道1段口Y1對面,0,0,3,1,C03,8,6,5,40,5,2,1,5,4,5,13,4,4,1,5,5,2,17,1,30,2,9,6,1,7,7,1,9,2,14,100,1,23,121.5186489,25.0483392
114,04,11,17,23,06松山區,松山區民生東路3段109號,0,0,1,1,C03,8,5,5,50,14,9,1,5,3,5,13,4,4,1,3,5,2,29,2,38,2,9,5,1,7,9,1,10,3,12,44,1,26,121.5455868,25.0578785
114,04,11,17,30,07信義區,信義區忠孝東路5段238-2號,0,0,1,1,C03,8,7,5,50,14,9,1,5,4,5,13,4,4,1,4,5,2,12,1,46,3,10,3,4,7,15,1,10,1,13,100,1,21,121.572147,25.0408605
114,04,11,17,40,12內湖區,內湖區安康路93巷與永保街口口,0,0,2,1,C03,8,5,5,30,3,1,1,5,4,5,13,4,4,9,5,5,2,16,1,43,2,9,6,1,7,5,1,10,1,14,72,1,21,121.5972165,25.0632415
114,04,11,17,46,07信義區,信義區信義路4段與基隆路2段口,0,0,2,1,C03,8,6,5,50,4,1,1,5,4,5,13,2,1,1,4,5,1,12,1,63,2,9,3,4,7,10,1,10,1,12,100,1,22,121.5592787,25.032946
114,04,11,17,48,01大同區,大同區重慶北路1段與長安西路口,0,0,1,1,B03,7,5,5,50,14,9,1,5,4,5,13,1,1,9,4,5,1,16,2,28,3,10,3,4,7,8,1,8,1,1,100,1,21,121.5139688,25.0514951
114,04,11,17,49,01大同區,大同區重慶北路3段(0803156燈桿）,0,0,1,1,C03,7,6,5,50,14,9,1,5,4,5,13,4,4,1,4,5,2,17,2,40,2,9,5,1,7,7,1,10,1,14,100,1,21,121.5137297,25.074521
114,04,11,17,52,03中山區,中山區錦州街427號,0,0,1,1,B02,7,5,5,50,14,9,1,5,4,5,13,4,4,9,4,5,2,2,1,28,3,10,3,4,7,9,1,8,2,1,108,1,22,121.5421045,25.06016683
114,04,11,18,00,12內湖區,內湖區民權東路6段與瑞光路口,0,0,1,1,C03,7,6,5,50,4,1,1,5,4,5,13,1,1,1,3,5,1,16,1,26,2,7,6,1,7,5,1,10,1,14,8,1,21,121.5842629,25.0687053
114,04,11,18,40,03中山區,中山區北安路458巷47弄與明水路口,0,0,2,1,C03,8,5,5,50,3,1,1,5,4,5,13,4,4,9,4,5,2,17,2,44,2,9,5,1,7,7,1,10,1,14,102,1,21,121.5456758,25.0774994
114,04,11,18,42,11南港區,南港區經貿一路與經貿一路105巷口口,0,0,1,1,B01,8,5,5,50,3,1,1,5,4,5,13,2,1,5,4,5,2,16,1,38,3,10,7,1,7,5,1,4,1,8,8,1,21,121.6194866,25.0591026
114,04,11,19,35,01大同區,大同區南京西路與南京西路167巷口,0,0,1,1,C03,7,5,5,50,4,2,1,5,4,5,13,4,4,5,4,5,2,3,1,58,3,10,6,4,7,9,1,10,2,11,108,1,22,121.5127295,25.0539854
114,04,11,19,42,07信義區,信義區基隆路1段與東興路口,0,0,1,1,B03,7,5,5,50,4,1,1,5,4,5,13,1,1,1,4,5,2,17,1,58,3,10,3,4,7,6,1,8,1,5,9,1,22,121.5671368,25.045969
114,04,11,19,50,11南港區,南港區南港路1段186號,0,0,1,1,C03,8,6,5,50,14,9,1,5,4,5,13,4,4,5,4,5,2,16,1,42,2,9,6,1,7,7,1,9,1,14,100,1,21,121.6115554,25.0551976
114,04,11,19,52,04大安區,大安區仁愛路3段143巷與仁愛路3段123巷9弄口,0,0,1,1,C02,7,5,5,30,4,1,1,5,4,5,13,4,4,10,5,5,2,15,1,60,2,9,5,1,7,9,1,9,1,12,72,1,21,121.5430146,25.0390462
114,04,11,20,00,05中正區,中正區愛國西路與延平南路口,0,0,1,1,F02,7,5,5,50,5,1,1,5,4,5,13,2,1,5,5,5,2,15,1,63,3,10,5,1,7,15,8,20,2,11,86,1,21,121.5081004,25.0370873
114,04,11,20,14,01大同區,大同區承德路2段與南京西路口,0,0,1,1,B12,8,5,5,50,4,2,1,5,4,5,13,2,1,1,4,5,2,13,2,55,3,10,7,1,7,9,1,8,2,5,16,1,21,121.5173737,25.0529997
114,04,11,20,15,12內湖區,內湖區民權大橋往松山,0,0,1,1,C03,8,5,5,30,8,11,1,5,4,5,13,4,4,1,1,5,2,18,2,60,2,9,6,1,7,7,1,10,1,12,100,1,21,121.5700242,25.0638939
114,04,11,20,20,03中山區,中山區堤頂大道2段258號,0,0,1,1,B11,8,5,5,50,14,9,1,5,4,5,13,4,4,10,5,5,2,17,1,42,3,10,7,1,7,1,1,4,1,17,19,1,21,121.5654819,25.07868818
114,04,11,20,20,12內湖區,內湖區民權大橋東向西機慢車專用道,0,0,1,1,C03,8,5,5,30,8,11,1,5,4,5,13,4,4,1,1,5,2,13,2,40,2,9,6,1,7,9,1,10,2,12,16,1,21,121.5693584,25.0641254
114,04,11,20,26,04大安區,大安區安和路2段與安和路2段171巷口,0,0,1,1,C03,8,5,5,30,4,18,1,5,4,1,11,1,1,10,5,5,2,9,1,44,3,10,6,1,7,5,1,10,2,11,70,1,21,121.5499575,25.0281688
114,04,11,21,12,08士林區,士林區福林路243號,0,0,2,1,B03,7,5,5,50,14,9,1,5,4,5,13,2,1,4,3,5,2,13,1,31,3,10,7,1,7,8,1,8,2,6,100,1,21,121.5347437,25.09818156
114,04,11,21,14,07信義區,信義區光復南路419巷與光復南路421巷6弄口,0,0,1,1,C03,7,5,5,30,4,1,1,5,4,5,13,4,4,10,5,5,1,15,1,26,2,7,3,4,7,9,1,10,1,11,72,1,21,121.5584194,25.0365232
114,04,11,21,30,02萬華區,萬華區西寧南路161號,0,0,1,1,C03,8,5,5,50,14,9,1,5,4,3,13,4,4,9,4,5,2,17,1,65,2,8,5,4,7,9,1,10,1,14,108,1,21,121.5087141,25.05152388
114,04,11,21,34,10文山區,文山區指南路3段53號,0,0,2,1,C03,7,5,5,30,14,9,1,5,4,5,13,4,4,10,5,5,1,16,1,23,2,7,6,1,7,11,1,10,1,14,44,1,21,121.5798151,24.9836309
114,04,11,21,50,03中山區,中山區樂群三路與敬業一路口,0,0,1,1,B03,7,5,5,50,4,1,1,5,4,5,13,2,1,5,5,5,2,16,1,40,3,10,7,1,7,6,1,8,2,2,9,1,21,121.5523401,25.0827367
114,04,11,22,05,12內湖區,內湖區內湖路2段211號前,0,0,2,1,C03,8,5,5,50,14,9,1,5,4,5,13,4,4,9,5,5,2,16,1,25,2,9,6,1,7,5,1,10,1,12,8,1,21,121.5885474,25.0816107
114,04,11,22,10,06松山區,松山區塔悠路與延壽街口,0,0,1,1,C03,7,5,5,50,3,1,1,5,4,5,13,1,1,9,4,5,2,17,1,35,4,11,3,4,7,5,7,19,9,17,83,2,22,121.5691405,25.0573443
114,04,11,23,01,02萬華區,萬華區環河南路1段與環河南路1段348巷口,0,0,1,1,C03,7,5,5,50,5,1,1,5,4,5,13,2,1,1,4,5,2,16,2,41,2,9,3,4,7,5,1,10,1,14,8,1,22,121.4978892,25.0403193
114,04,11,23,05,05中正區,中正區中華路2段與莒光路口,0,0,2,1,B03,7,5,5,50,4,1,1,5,4,5,13,1,1,5,4,5,2,16,2,33,3,10,7,1,7,5,1,8,1,5,71,1,22,121.504182,25.0313513
114,04,11,23,36,09北投區,北投區中央北路4段與一心路口,0,0,3,1,C03,7,5,5,50,3,1,1,5,4,5,13,3,1,5,4,5,2,3,1,20,2,9,3,4,7,9,1,10,2,11,70,1,26,121.4748107,25.132505
114,04,11,23,46,10文山區,文山區木柵路1段140號,0,0,1,1,C03,7,5,5,50,14,9,1,5,4,5,13,4,4,5,4,5,2,13,1,19,2,9,6,1,7,9,1,10,2,13,108,1,25,121.551532,24.9876483
114,04,12,07,26,07信義區,信義區福德街209號,0,0,1,1,B03,7,5,5,30,14,9,1,5,4,5,13,4,4,5,5,5,2,12,1,40,3,10,3,1,7,9,7,19,11,15,108,2,22,121.584612,25.0384039
114,04,12,08,09,03中山區,中山區民族東路新生公園,0,0,2,1,C04,7,7,5,50,14,9,1,5,4,5,13,4,4,1,4,5,2,12,2,82,2,9,5,1,7,8,1,8,1,12,100,1,22,121.5325539,25.0683197
114,04,12,09,08,01大同區,大同區民權西路與延平北路2段口,0,0,2,1,C03,8,5,5,50,4,1,1,5,4,5,13,2,1,1,4,5,2,16,2,61,4,11,3,4,7,5,7,19,11,15,8,2,22,121.512173,25.0629022
114,04,12,09,10,03中山區,中山區遼寧街與長春路口,0,0,1,1,B03,7,7,5,50,4,1,1,5,4,5,13,1,1,9,4,5,2,15,2,53,3,10,7,1,7,15,1,8,1,5,74,1,21,121.5421121,25.054669
114,04,12,09,40,04大安區,大安區忠孝東路3段與復興南路1段口,0,0,1,1,B03,7,6,5,50,4,1,1,5,4,5,13,1,1,10,5,5,2,15,1,77,4,11,3,4,7,9,1,8,11,15,81,2,22,121.5437214,25.0415337
114,04,12,09,56,02萬華區,萬華區康定路與康定路172巷口,0,0,1,1,B01,8,5,5,50,14,9,1,5,4,5,13,4,4,5,4,5,2,17,1,55,3,10,7,4,7,11,1,4,1,8,10,1,21,121.5018865,25.0393068
114,04,12,10,00,08士林區,士林區延平北路9段206巷引道旁自行車道,0,0,2,1,F01,7,6,5,0,3,1,1,5,4,5,13,4,4,10,5,5,1,17,1,47,2,9,4,4,7,6,8,20,1,15,108,1,21,121.4734524,25.1096183
114,04,12,10,35,12內湖區,內湖區江南街71巷與江南街71巷65弄口,0,0,1,1,C03,7,5,5,50,4,1,1,5,4,5,13,4,4,5,4,5,1,16,1,33,3,10,6,1,7,5,1,10,1,13,44,1,21,121.5784324,25.0758987
114,04,12,10,54,04大安區,大安區羅斯福路2段與羅斯福路2段15巷口口,0,0,1,1,B02,8,6,5,50,5,1,1,5,4,5,13,2,1,1,4,5,2,13,1,30,3,10,7,1,7,9,1,8,1,5,16,1,21,121.5218963,25.0279611
114,04,12,11,00,03中山區,中山區民權東路2段5號,0,0,1,1,B01,7,7,5,50,14,9,1,5,4,5,13,4,4,1,4,5,2,12,1,60,3,10,7,1,7,9,1,4,1,5,42,1,21,121.5284048,25.06267159
114,04,12,11,53,06松山區,松山區三民路29巷5號,0,0,1,1,B03,8,5,5,30,14,9,1,5,4,5,13,4,4,10,4,5,2,13,1,59,3,10,3,4,7,14,1,8,1,7,38,1,22,121.5629969,25.0549422
114,04,12,12,05,05中正區,中正區金山南路1段與金山南路1段73巷口,0,0,1,1,B03,8,7,5,50,3,1,1,5,4,5,13,4,4,3,5,5,2,17,1,68,3,10,7,1,7,6,1,8,2,5,9,1,26,121.5279769,25.0367581
114,04,12,12,12,01大同區,大同區哈密街45巷與哈密街口,0,0,1,1,B03,8,6,5,30,5,2,1,5,4,5,13,4,4,10,5,5,2,2,2,37,3,10,7,1,7,9,1,8,1,2,108,1,21,121.5173903,25.0736235
114,04,12,12,33,11南港區,南港區研究院路1段與研究院路1段130巷口,0,0,1,1,C03,8,6,5,50,5,1,1,5,4,5,13,1,1,10,5,5,2,13,1,32,3,10,5,1,7,7,1,10,3,13,100,1,21,121.6157525,25.0492308
114,04,12,13,41,04大安區,大安區延吉街與延吉街70巷口口,0,0,1,1,C03,8,6,5,50,4,1,1,5,4,5,13,2,1,5,5,5,2,17,2,26,3,10,5,1,7,5,1,10,1,11,71,1,22,121.554173,25.0425397
114,04,12,13,57,03中山區,中山區中山北路2段65巷與中山北路2段口,0,0,1,1,C03,7,6,5,50,3,1,1,5,4,5,13,4,4,1,4,5,2,16,2,29,3,10,6,1,7,6,1,10,1,13,9,1,22,121.5227826,25.05680342
114,04,12,14,17,11南港區,南港區研究院路3段與研究院路3段175巷口,0,0,1,1,B03,8,7,5,50,3,1,1,5,4,5,13,4,4,10,5,5,2,16,1,51,3,10,3,4,7,6,1,8,1,2,9,1,21,121.6125894,25.0334845
114,04,12,14,19,11南港區,南港區南港路1段與南港路1段287巷口口,0,0,1,1,C04,8,7,5,30,3,18,1,5,4,5,13,4,4,10,5,5,1,9,1,35,3,10,5,4,7,14,1,10,1,11,38,1,21,121.6084966,25.0545755
114,04,12,14,43,06松山區,松山區民權東路5段與撫遠街口,0,0,1,1,B03,8,6,5,50,4,2,1,5,4,5,13,1,1,1,4,5,2,11,2,31,3,10,7,1,7,8,1,8,2,2,100,1,22,121.5660868,25.0631627
114,04,12,14,44,07信義區,信義區吳興街與吳興街336巷口,0,0,2,1,B03,8,7,5,30,3,2,1,5,4,3,13,4,4,9,5,5,2,16,1,63,3,10,7,1,7,5,1,14,2,5,72,1,21,121.5662175,25.0261194
114,04,12,15,17,12內湖區,內湖區文德路與文德路208巷口,0,0,2,1,B03,8,7,5,50,4,1,1,5,4,5,13,1,1,1,3,5,2,17,1,50,3,10,7,1,7,6,1,8,1,3,9,1,21,121.5835541,25.0784458
114,04,12,15,50,06松山區,松山區撫遠街195巷與塔悠路口,0,0,1,1,B03,7,6,6,50,4,2,1,5,4,5,13,4,4,1,4,5,2,12,2,48,3,10,7,1,7,9,1,8,1,2,108,1,22,121.5684806,25.0618364
114,04,12,16,20,03中山區,中山區民族東路與民族東路512巷13弄口,0,0,1,1,B03,7,7,5,50,3,1,1,5,4,5,13,3,1,1,4,5,2,15,2,65,3,10,7,1,7,11,1,8,1,2,44,1,21,121.5433204,25.0672391
114,04,12,16,45,05中正區,中正區金山北路3號,0,0,1,1,H01,8,7,5,50,14,9,1,5,4,5,13,4,4,10,5,5,2,9,1,113,4,11,4,5,8,16,8,20,11,16,121,2,22,121.5302701,25.0439004
114,04,12,17,06,10文山區,文山區辛亥路7段與木柵路1段口,0,0,2,1,C03,8,7,5,50,4,1,1,5,4,5,13,1,1,5,4,5,2,16,1,18,2,7,5,1,7,15,3,18,1,11,100,1,21,121.5524227,24.9877749
114,04,12,18,07,02萬華區,萬華區開封街2段66號,0,0,1,1,B02,7,5,5,50,14,9,1,5,4,5,13,4,4,10,5,5,2,17,1,49,3,10,7,1,7,7,1,8,1,17,100,1,21,121.506213,25.046746
114,04,12,18,13,11南港區,南港區忠孝東路6段與東新街口,0,0,1,1,B03,7,6,5,50,4,2,1,4,4,5,13,2,1,5,2,5,2,16,1,29,3,10,3,4,7,11,1,8,2,8,44,1,21,121.5849594,25.0481738
114,04,12,18,17,03中山區,中山區中山北路2段與民權東路1段口,0,0,1,1,B03,7,5,5,50,4,1,1,5,4,5,13,1,1,3,4,5,1,16,1,60,3,10,7,1,7,6,1,8,1,5,9,1,21,121.5225752,25.06308823
114,04,12,19,00,03中山區,中山區民族東路與新生北路3段口,0,0,2,1,C03,8,5,5,50,4,1,1,5,4,5,13,2,1,10,5,5,2,16,1,63,2,8,6,1,7,11,6,10,2,11,10,1,26,121.5281321,25.0682926
114,04,12,19,02,06松山區,松山區八德路4段與虎林街口,0,0,1,1,B01,7,5,5,50,3,1,1,4,4,5,13,1,1,1,4,5,2,17,1,52,3,10,7,1,7,5,1,4,1,5,74,1,21,121.5759498,25.0499662
114,04,12,19,06,04大安區,大安區青田街5巷與青田街口,0,0,2,1,C03,7,5,5,30,4,2,1,5,4,5,13,4,4,10,5,5,1,15,1,63,2,8,5,1,7,9,1,10,1,11,72,1,26,121.5319649,25.0285989
114,04,12,19,09,03中山區,中山區北安路139號忠烈祠前,0,0,1,1,C03,7,5,5,50,18,9,1,5,4,5,13,4,4,10,4,5,1,16,2,69,2,9,5,1,7,7,1,10,1,14,100,1,21,121.5332342,25.0782137
114,04,12,19,28,09北投區,北投區大業路與光明路口,0,0,3,1,C03,6,5,5,50,5,2,1,4,4,5,13,2,1,10,5,5,2,16,2,18,2,9,5,1,7,5,1,10,1,12,71,1,21,121.5037905,25.1372655
114,04,12,19,30,12內湖區,內湖區成功路2段與安康路口,0,0,2,1,B03,6,5,5,50,3,2,1,4,4,5,13,4,4,1,3,5,1,15,1,69,3,10,3,4,7,15,1,8,1,8,72,1,21,121.5911081,25.0617059
114,04,12,19,55,07信義區,信義區松智路北向南(市府旁),0,0,1,1,C01,7,5,5,50,14,9,1,5,4,5,13,4,4,9,5,5,2,17,1,48,2,7,3,4,7,9,1,9,1,12,44,1,21,121.5654259,25.0362083
114,04,12,20,28,08士林區,士林區福林路254巷與至善路1段口,0,0,2,1,B03,8,5,5,40,3,2,1,5,4,5,13,3,1,1,4,4,1,12,1,57,3,10,7,1,7,9,1,7,1,5,44,1,21,121.5378157,25.0979048
114,04,12,20,36,02萬華區,萬華區環河南路2段274-1號,0,0,1,1,C03,7,6,5,50,14,9,1,5,4,5,13,4,4,4,4,5,1,24,1,58,2,1,3,4,7,9,1,10,1,11,108,1,22,121.4918846,25.032699
114,04,12,20,48,03中山區,中山區中山北路2段62巷與中山北路2段62巷29弄口,0,0,1,1,B03,6,5,5,30,4,1,1,4,4,5,13,4,4,9,5,5,2,15,1,35,3,10,7,4,7,9,1,8,1,2,72,1,21,121.5211639,25.0567131
114,04,12,21,04,04大安區,大安區通化街39巷與通化街口,0,0,1,1,C03,6,5,5,30,4,2,1,4,4,5,13,4,4,4,3,5,1,15,2,47,2,5,5,1,7,15,1,10,1,14,72,1,26,121.554263,25.0310256
114,04,12,21,20,01大同區,大同區民生西路與萬全街口口,0,0,2,1,C03,6,5,5,50,3,2,1,4,4,5,13,4,4,9,4,5,2,13,1,51,2,9,5,1,7,12,1,10,1,11,16,2,21,121.5204974,25.0576926
114,04,12,21,26,03中山區,中山區民族西路花博公園旁,0,0,2,1,C03,6,5,5,50,14,9,1,4,4,5,13,4,4,5,4,5,2,13,1,22,2,7,6,1,7,9,1,10,1,11,16,1,21,121.5213981,25.068562
114,04,12,21,41,03中山區,中山區南京西路與中山北路1段口,0,0,1,1,C03,6,5,5,50,4,1,1,4,4,5,13,2,1,10,4,5,2,16,2,19,3,10,6,1,7,11,1,10,1,12,10,1,21,121.5223133,25.0523223
114,04,12,21,45,08士林區,士林區基河路與劍潭路口,0,0,1,1,B03,6,5,5,50,4,2,1,4,4,5,13,2,1,1,4,5,1,3,1,46,3,10,7,1,7,5,1,8,1,1,70,1,21,121.5247827,25.08440285
114,04,12,21,47,11南港區,南港區富康街與富康街49巷口口,0,0,1,1,C03,6,5,5,30,4,1,1,4,4,5,13,4,4,5,5,5,2,16,1,53,3,10,6,1,7,5,1,10,1,12,74,1,21,121.6171054,25.0528348
114,04,12,21,57,07信義區,信義區松山路512號,0,0,1,1,B01,6,5,5,50,14,9,1,4,4,5,13,4,4,9,5,5,2,17,1,43,3,10,7,1,7,11,1,4,2,6,10,1,21,121.5780761,25.0381851
114,04,12,22,00,03中山區,中山區長安西路19巷2弄與南京西路口,0,0,1,1,A12,6,5,5,30,4,1,1,4,4,5,13,2,1,10,5,5,2,16,1,54,3,10,7,1,7,6,1,7,2,2,9,1,21,121.5204762,25.0525385
114,04,12,22,28,07信義區,信義區忠孝東路5段71巷與忠孝東路5段31巷18弄口,0,0,2,1,C04,6,5,5,30,4,1,1,4,4,5,13,4,4,10,5,5,2,3,2,23,2,8,5,1,7,9,1,10,11,11,66,1,21,121.5673019,25.0416463
114,04,12,22,36,11南港區,南港區昆陽街140巷51號,0,0,1,1,C03,6,5,5,30,14,9,1,4,4,5,13,4,4,10,5,5,2,2,1,67,3,10,5,1,7,9,1,10,7,11,108,1,21,121.592237,25.0494483
114,04,12,22,37,07信義區,信義區松高路與逸仙路附近側附近口,0,0,2,1,C03,6,5,5,50,14,9,1,4,4,5,13,4,4,10,4,5,2,13,1,66,2,9,6,4,7,9,1,10,1,11,42,1,22,121.5619546,25.0392483
114,04,12,22,38,09北投區,北投區石牌路1段與西安街1段口,0,0,1,1,A02,6,5,5,50,4,19,1,4,4,5,13,2,1,3,4,4,2,3,1,52,3,10,7,1,7,5,1,1,2,8,70,1,21,121.5149156,25.1149971
114,04,12,22,50,06松山區,松山區八德路4段192號,0,0,1,1,F01,6,5,5,0,14,25,4,4,4,5,13,4,4,10,5,5,2,18,2,38,2,8,4,1,7,9,8,20,1,15,42,1,22,121.5638107,25.0486794
114,04,12,23,15,09北投區,北投區大業路508號,0,0,1,1,B02,6,5,5,60,11,7,1,4,4,5,13,4,4,1,4,4,2,12,1,65,3,10,7,1,7,8,1,8,1,2,100,1,21,121.4957965,25.1331777
114,04,12,23,36,03中山區,中山區長安東路1段與新生北路1段口,0,0,1,1,B01,6,5,5,50,4,18,1,4,4,5,13,2,1,1,4,5,2,3,1,45,3,10,7,1,7,5,1,4,2,1,70,1,21,121.5295521,25.0480219
114,04,12,23,40,04大安區,大安區文昌街與文昌街278巷口,0,0,1,1,C03,6,5,5,30,4,1,1,4,4,5,13,4,4,10,4,5,1,15,1,21,2,9,5,1,7,9,1,10,1,12,80,1,21,121.5565867,25.0321992
114,04,13,00,03,02萬華區,萬華區桂林路與華西街口,0,0,1,1,C03,6,5,5,50,4,1,1,4,4,5,13,1,1,6,1,5,2,3,1,34,3,10,5,1,7,9,1,10,1,12,108,1,22,121.4982935,25.0385291
114,04,13,01,30,12內湖區,內湖區內湖路3段31-1號,0,0,2,1,C02,6,5,5,30,14,9,1,4,4,5,13,4,4,10,5,5,2,3,1,20,2,9,6,1,7,9,1,9,2,11,108,1,21,121.5931265,25.0852302