發生年度,發生月,發生日,發生時-Hours,發生分,區序,肇事地點,死亡人數,2-30日死亡人數,受傷人數,當事人序號,車種,天候,光線,道路類別,速限-速度限制,道路型態,事故位置,路面狀況1,路面狀況2,路面狀況3,道路障礙1,道路障礙2,號誌1,號誌2,車道劃分-分向,車道劃分-分道1,車道劃分-分道2,車道劃分-分道3,事故類型及型態,性別,年齡,受傷程度,主要傷處,保護裝置,行動電話,車輛用途,當事者行動狀態,駕駛資格情形,駕駛執照種類,飲酒情形,車輛撞擊部位1,肇因碼-個別,個人肇逃否,職業,座標-X,座標-Y
114,04,13,03,52,05中正區,中正區羅斯福路4段與羅斯福路4段136巷口口,0,0,1,1,C03,6,5,5,50,3,2,1,4,4,5,13,4,4,1,4,5,2,13,1,29,2,8,5,1,7,9,1,10,9,11,108,2,21,121.5358686,25.0130434
114,04,13,04,24,09北投區,北投區石牌路1段39巷與尊賢街264巷口,0,0,1,1,C03,6,5,5,30,3,2,1,4,4,5,13,4,4,10,5,5,2,17,1,24,2,8,5,1,7,9,1,10,1,14,5,1,21,121.5092255,25.1175662
114,04,13,08,51,09北投區,北投區明德路與建民路口,0,0,1,1,B03,7,6,5,50,4,1,1,5,4,5,13,4,4,9,5,5,2,16,1,50,3,10,7,1,7,5,1,8,1,8,8,1,21,121.5211386,25.1112073
114,04,13,09,00,05中正區,中正區中山南路21號,0,0,2,1,C03,8,6,5,50,14,9,1,5,4,5,13,4,4,1,4,5,2,16,1,61,2,9,6,1,7,12,1,10,1,13,37,1,22,121.5174298,25.0377824
114,04,13,09,57,09北投區,北投區泉源路1209709號燈桿近清廉橋,0,0,1,1,B03,7,5,5,40,14,9,1,5,4,5,13,4,4,7,4,5,1,17,1,73,3,10,7,1,7,15,1,8,9,17,4,2,21,121.5225084,25.1441901
114,04,13,10,01,09北投區,北投區紗帽路1206503號燈桿,0,0,2,1,C03,8,6,5,50,11,9,1,5,4,5,13,4,4,8,5,5,1,11,1,23,2,9,6,1,7,9,1,10,1,12,116,1,21,121.5443422,25.1422916
114,04,13,10,15,08士林區,士林區文林路與大東路口,0,0,1,1,C03,8,5,5,50,3,1,1,5,4,5,13,4,4,5,5,5,2,17,1,31,3,10,3,4,7,7,6,10,1,14,100,1,22,121.5249592,25.0937326
114,04,13,11,58,01大同區,大同區民族西路與延平北路3段口,0,0,1,1,F01,8,6,5,50,5,1,1,5,4,5,13,1,1,5,4,5,2,17,1,15,2,9,5,1,7,5,8,20,2,14,71,1,21,121.5108908,25.0686763
114,04,13,12,35,05中正區,中正區中華路1段與貴陽街1段口,0,0,2,1,B03,8,7,5,50,4,1,1,5,4,5,13,1,1,1,4,5,2,17,1,72,3,10,7,1,7,6,1,8,2,2,9,1,21,121.5076382,25.0391684
114,04,13,12,48,05中正區,中正區中華路2段與西藏路口,0,0,1,1,C03,8,7,5,50,4,1,1,5,4,5,13,1,1,5,4,5,2,13,1,60,2,8,5,1,7,9,1,10,1,14,16,1,22,121.5042098,25.0300462
114,04,13,13,09,05中正區,中正區中山北路1段與市民大道2段口,0,0,3,1,C03,7,6,5,50,4,1,1,5,4,5,13,1,1,5,4,5,2,16,1,34,2,8,6,4,7,8,1,10,1,13,100,1,22,121.5209315,25.04802869
114,04,13,13,15,12內湖區,內湖區東湖路43巷與東湖路43巷26弄口,0,0,1,1,C03,7,5,5,30,4,1,1,5,4,5,13,4,4,10,5,5,1,15,1,45,2,9,3,4,7,9,1,10,1,11,72,1,21,121.6136482,25.0697992
114,04,13,13,25,04大安區,大安區麗水街13巷18號,0,0,1,1,B01,7,6,5,30,14,9,1,5,4,5,13,4,4,10,5,5,1,4,1,65,3,10,7,1,7,9,1,4,1,5,44,1,21,121.5294533,25.0301436
114,04,13,13,58,02萬華區,萬華區忠孝橋往北市機車道,0,0,1,1,C03,7,6,5,40,14,11,1,5,4,5,13,4,4,3,3,4,2,17,1,51,3,10,3,4,7,9,1,10,1,17,42,1,22,121.5060705,25.0488784
114,04,13,13,58,05中正區,中正區忠孝西路1段50號,0,0,1,1,A02,8,6,5,50,14,9,1,5,4,5,13,4,4,3,4,5,1,9,1,61,3,10,7,1,7,15,1,2,2,2,118,1,21,121.5158983,25.0464946
114,04,13,14,08,05中正區,中正區中山南路與仁愛路1段口,0,0,2,1,C03,7,5,5,50,4,1,1,5,4,5,13,2,1,1,4,1,2,12,1,36,2,9,5,1,7,8,1,10,1,14,100,1,21,121.5179151,25.0395711
114,04,13,14,13,12內湖區,內湖區內湖路1段585號,0,0,1,1,C03,8,6,5,40,14,8,1,5,4,5,13,4,4,1,4,4,2,17,1,77,2,9,5,1,7,9,1,10,2,14,108,1,21,121.5729536,25.08083883
114,04,13,15,09,03中山區,中山區民權東路2段與建國北路3段口,0,0,2,1,C03,8,7,5,50,14,9,1,5,4,5,13,4,4,1,4,5,2,13,1,18,2,9,5,1,7,9,1,10,1,11,16,1,22,121.5363693,25.0624688
114,04,13,15,26,08士林區,士林區光華路61巷4弄081電線桿前,0,0,1,1,C03,8,6,5,30,14,9,1,5,4,5,13,4,4,10,5,5,1,13,1,26,2,9,6,1,7,9,1,10,1,11,16,1,21,121.5399872,25.12874343
114,04,13,15,53,07信義區,信義區信安街135號,0,0,2,1,C03,7,7,5,50,14,9,1,5,4,5,13,4,4,9,5,5,2,16,1,50,2,7,5,1,7,9,1,10,1,12,44,1,21,121.5556238,25.0237752
114,04,13,16,37,10文山區,文山區木新路2段79巷12弄與無名巷口口,0,0,1,1,C03,8,6,5,30,3,1,1,5,4,5,13,4,4,10,5,5,2,16,1,62,2,9,5,1,7,9,1,10,2,11,72,1,21,121.570895,24.9840437
114,04,13,16,52,06松山區,松山區八德路4段295巷與八德路4段口,0,0,1,1,C03,8,7,8,30,3,2,1,5,4,5,13,1,1,9,4,5,2,17,1,76,3,10,5,1,7,9,1,10,1,17,5,1,22,121.5662407,25.0491422
114,04,13,16,54,08士林區,士林區承德路4段與承德路4段10巷口,0,0,2,1,C03,7,5,5,30,4,1,1,5,4,5,13,1,1,1,5,5,2,15,1,26,2,9,6,1,7,9,1,10,1,11,81,1,21,121.5215945,25.079524
114,04,13,17,15,10文山區,文山區木新路3段與樟新街口,0,0,3,1,B03,7,5,5,50,4,1,1,5,4,5,13,1,1,3,5,5,2,17,1,37,3,10,3,4,7,6,1,8,1,2,9,1,22,121.5549009,24.98016873
114,04,13,17,35,03中山區,中山區松江路與長安東路2段口,0,0,1,1,,8,7,5,50,4,1,1,5,4,5,13,1,1,1,4,5,2,15,4,0,,,,,,,,,,,119,2,,121.5328452,25.0484239
114,04,13,17,58,01大同區,大同區台北橋機慢車道282525燈桿,0,0,2,1,F01,8,5,7,50,8,11,1,5,4,5,13,4,4,5,4,5,2,12,1,44,2,9,4,1,7,8,8,20,1,13,100,1,21,121.5086213,25.0635265
114,04,13,18,06,05中正區,中正區重慶南路1段與衡陽路口,0,0,3,1,C03,7,5,5,50,4,2,1,5,4,5,13,1,1,5,4,5,2,3,1,32,2,8,6,1,7,6,1,10,2,11,70,1,22,121.5130711,25.0423307
114,04,13,18,37,02萬華區,萬華區萬大路423巷與萬大路423巷45弄口,0,0,2,1,C03,8,5,5,50,3,18,1,5,4,5,13,4,4,5,5,5,2,3,2,51,2,8,5,1,7,9,1,10,1,11,70,1,21,121.500429,25.0212878
114,04,13,19,12,06松山區,松山區慶城街第0205971號燈桿(文華東方酒店停車場出口處),0,0,2,1,B03,7,5,5,30,14,9,1,5,4,5,13,4,4,10,5,5,2,17,1,45,3,10,7,1,7,1,1,8,1,8,19,1,22,121.5474114,25.0559606
114,04,13,20,17,01大同區,大同區鄭州路與重慶北路1段口口,0,0,1,1,B03,8,5,5,40,5,1,1,5,4,5,13,2,1,1,4,5,2,13,1,30,3,10,7,1,7,8,1,8,1,5,44,1,22,121.5135076,25.0494892
114,04,13,21,35,08士林區,士林區福林路與忠勇街口,0,0,2,1,C03,7,5,5,30,5,1,1,5,4,5,13,1,1,5,1,5,1,15,1,29,2,9,5,1,7,9,1,10,1,14,44,1,21,121.5342336,25.09801909
114,04,13,21,40,03中山區,中山區明水路706號,0,0,1,1,C03,8,5,5,50,14,9,1,5,4,5,13,1,2,1,4,5,2,19,2,61,2,1,6,1,7,9,1,10,2,12,108,1,21,121.552536,25.08548155
114,04,13,22,38,03中山區,中山區北安路535號,0,0,1,1,C03,8,5,5,50,14,9,1,5,4,5,13,2,1,1,4,5,2,12,2,26,2,8,6,1,7,9,1,10,2,14,108,1,21,121.5471713,25.0798971
114,04,14,00,47,03中山區,中山區新生北路3段與新生北路3段56巷口,0,0,1,1,B03,8,5,5,30,3,2,1,5,4,5,13,4,4,10,5,5,2,14,1,35,3,10,7,1,7,2,6,8,2,3,12,1,21,121.5273942,25.06535134
114,04,14,06,00,03中山區,中山區民權東路2段21號,0,0,1,1,C03,8,7,5,50,14,18,1,5,4,5,13,1,1,9,5,5,2,3,1,20,3,10,5,1,7,9,1,10,2,11,70,1,21,121.5291088,25.06269897
114,04,14,06,50,12內湖區,內湖區康寧路3段75巷24弄與康寧路3段75巷口,0,0,1,1,C03,8,7,5,40,3,2,1,5,4,5,13,4,4,5,5,5,2,13,1,52,3,10,5,1,7,12,1,10,1,14,16,1,21,121.6091039,25.0730147
114,04,14,07,13,03中山區,中山區林森北路448號,0,0,1,1,B01,7,6,5,50,14,9,1,5,4,5,13,4,4,9,5,5,2,16,1,31,3,10,7,1,7,11,1,4,1,4,10,1,22,121.5255931,25.0608272
114,04,14,07,16,04大安區,大安區基隆路3段與辛亥路3段口,0,0,1,1,B03,8,6,5,50,14,9,1,5,4,5,13,4,4,1,3,5,2,12,1,48,3,10,7,1,7,9,1,14,1,17,17,1,22,121.5461896,25.0186299
114,04,14,07,18,12內湖區,內湖區康寧街與康樂街口,0,0,2,1,B03,8,7,5,50,5,1,1,5,4,5,13,1,1,4,5,5,1,17,1,60,3,10,7,1,7,6,1,8,1,5,9,1,21,121.6176545,25.0678148
114,04,14,07,25,11南港區,南港區八德路4段與玉成街口,0,0,1,1,B12,8,6,5,50,4,2,1,5,4,5,13,1,1,5,4,5,2,16,1,64,3,10,3,4,7,6,1,8,1,2,9,1,21,121.5816195,25.0512338
114,04,14,07,32,12內湖區,內湖區瑞湖街62號與瑞光路188巷口,0,0,1,1,C03,8,6,5,50,3,2,1,5,4,5,13,4,4,5,4,5,1,3,1,63,3,10,5,1,7,9,1,10,1,11,70,1,26,121.5759171,25.0737133
114,04,14,07,54,02萬華區,萬華區中華路1段與長沙街2段口,0,0,2,1,B03,8,5,5,50,4,1,1,5,4,5,13,1,1,1,4,5,2,17,1,80,3,10,7,4,7,6,1,8,1,6,9,1,21,121.5076304,25.0406643
114,04,14,07,54,02萬華區,萬華區中華路1段與長沙街2段口,,,2,1,B03,7,,,50,,,,,,,,,,,,,,,1,80,,,,,,,,,1,,,,,121.5076283,25.04060271
114,04,14,07,55,07信義區,信義區基隆路2段151號,0,0,2,1,F01,8,6,5,0,14,20,4,5,4,5,13,4,4,10,5,5,2,3,2,35,2,7,4,1,7,9,8,20,11,11,70,1,21,121.5548983,25.0262694
114,04,14,07,56,05中正區,中正區金山北路(迴轉道籃球場旁),0,0,2,1,C03,8,7,5,50,14,9,1,5,4,5,13,4,4,10,5,5,2,13,1,29,2,9,6,1,7,9,3,18,2,11,16,1,21,121.5303234,25.0452632
114,04,14,08,00,08士林區,士林區中山北路7段47號,0,0,1,1,B03,8,6,5,50,14,9,1,5,4,5,13,4,4,1,4,5,2,17,2,56,3,10,3,4,7,10,1,8,2,7,100,1,21,121.5307566,25.11953025
114,04,14,08,01,04大安區,大安區羅斯福路4段與基隆路4段口,0,0,1,1,B03,7,6,5,50,5,1,1,5,4,5,13,2,1,1,4,5,2,16,1,42,3,10,3,4,7,6,1,8,1,5,9,1,22,121.537371,25.0111052
114,04,14,08,03,07信義區,信義區信義路5段17號附近側附近,0,0,1,1,B03,8,7,5,50,14,9,1,5,4,5,13,4,4,9,4,5,2,12,1,65,3,10,7,1,7,9,1,8,1,2,108,1,21,121.5677078,25.0328126
114,04,14,08,30,12內湖區,內湖區民權東路6段與民善街口,0,0,1,1,C03,8,7,5,40,4,1,1,5,4,5,13,2,1,1,4,5,2,16,1,62,2,9,5,1,7,5,1,10,2,14,98,1,21,121.5742153,25.0653408
114,04,14,08,30,07信義區,信義區吳興街467巷與吳興街口,0,0,1,1,C03,8,6,5,30,4,2,1,5,4,5,13,4,4,10,5,5,2,17,1,34,3,10,6,1,7,5,1,10,1,17,44,1,21,121.563038,25.02754196
114,04,14,08,31,03中山區,中山區濱江街與大直橋口,0,0,3,1,C03,8,7,5,50,4,1,1,5,4,5,13,1,1,1,4,5,2,17,1,25,2,9,5,1,7,6,1,10,1,14,99,1,22,121.5438081,25.0721979
114,04,14,08,40,07信義區,信義區光復南路417號,0,0,1,1,F01,7,7,5,0,14,20,4,5,4,5,13,4,4,10,5,5,2,9,1,57,3,10,4,1,7,9,8,20,2,17,16,1,21,121.5577,25.0367572
114,04,14,08,50,09北投區,北投區光明路與光明路口,0,0,1,1,C03,8,7,5,50,3,2,1,5,4,5,13,2,1,5,5,5,2,3,1,54,3,10,6,1,7,9,1,9,2,11,70,1,23,121.504189,25.1364078
114,04,14,09,05,03中山區,中山區長安東路2段與吉林路口,0,0,1,1,C03,7,6,5,50,4,1,1,5,4,5,13,1,1,9,1,1,2,12,2,56,2,7,6,4,7,9,1,8,2,11,108,1,22,121.5308496,25.04852777
114,04,14,09,36,07信義區,信義區虎林街212巷與虎林街202巷口,0,0,1,1,C03,8,6,5,30,4,1,1,5,4,5,13,4,4,10,5,5,2,16,1,24,2,9,5,1,7,9,1,10,1,11,72,1,21,121.576453,25.0378824
114,04,14,10,07,07信義區,信義區松智路與松平路口,0,0,1,1,C03,7,7,5,50,4,2,1,5,4,5,13,1,1,5,5,5,2,16,1,31,2,8,3,4,7,9,1,10,1,11,44,1,22,121.5653987,25.030459
114,04,14,10,10,08士林區,士林區福林路60號,0,0,1,1,B12,8,6,8,30,22,22,1,5,4,5,13,4,4,10,5,5,2,17,1,73,3,10,3,4,7,5,1,8,1,8,8,1,21,121.5309362,25.09463309
114,04,14,10,32,09北投區,北投區崇仰一路與公館路口,0,0,1,1,B03,8,5,5,50,3,1,1,5,4,5,13,3,1,9,4,5,1,17,2,43,3,10,7,1,7,5,1,8,1,17,80,1,21,121.5052221,25.123687
114,04,14,10,35,05中正區,中正區忠孝東路2段與新生南路1段口,0,0,1,1,C03,8,5,5,50,4,2,1,5,4,5,13,1,1,9,4,5,2,17,2,24,3,10,5,1,7,15,1,10,2,12,17,1,21,121.5327959,25.0422159
114,04,14,10,35,05中正區,中正區汀州路3段138號,0,0,2,1,C03,8,6,5,50,14,9,1,5,4,5,13,4,4,9,5,5,1,17,1,38,2,8,6,1,7,11,1,10,2,14,10,1,21,121.5344307,25.0136353
114,04,14,10,38,01大同區,大同區民權西路與民權西路160巷口,0,0,1,1,B01,8,6,5,50,14,9,1,5,4,5,13,4,4,8,3,5,1,12,1,52,3,10,3,4,7,9,1,8,2,2,108,1,21,121.5156142,25.0628403
114,04,14,10,51,07信義區,信義區基隆路2段33號,0,0,1,1,A02,8,7,5,50,14,9,1,5,4,5,13,4,4,10,5,5,2,9,1,53,3,10,7,1,7,1,1,2,9,17,36,2,21,121.558933,25.0317845
114,04,14,10,58,01大同區,大同區南京西路與貴德街口,0,0,1,1,C03,7,7,5,50,4,1,1,5,4,5,13,4,4,5,5,5,2,15,1,22,3,10,6,1,7,9,1,10,1,11,75,1,21,121.5081762,25.0535735
114,04,14,11,21,05中正區,中正區羅斯福路2段與和平西路1段口,0,0,2,1,C03,8,6,5,50,4,2,1,5,4,5,13,1,1,1,4,5,2,17,1,19,2,9,5,1,7,9,1,10,1,14,108,1,21,121.5220563,25.0273296
114,04,14,11,26,05中正區,中正區羅斯福路2段與杭州南路2段口口,0,0,1,1,C03,8,6,5,50,5,1,1,5,4,5,13,1,1,5,4,5,1,17,1,21,3,10,6,1,7,9,1,10,2,11,108,1,21,121.5223213,25.0286216
114,04,14,11,36,03中山區,中山區民權東路3段與復興北路口,0,0,1,1,C03,8,7,5,50,14,9,1,5,4,5,13,1,1,1,4,5,2,13,2,24,2,9,5,1,7,9,1,10,2,11,16,1,22,121.5438009,25.0622285
114,04,14,11,49,02萬華區,萬華區環河南路1段181號,0,0,1,1,B03,8,6,5,50,14,9,1,5,4,5,13,4,4,4,3,5,2,16,1,57,3,10,3,4,7,11,1,8,1,4,10,1,22,121.4986199,25.0407493
114,04,14,11,58,03中山區,中山區民權東路2段92巷與松江路362巷口,0,0,2,1,C03,8,6,5,30,5,2,1,5,4,5,13,4,4,8,3,5,1,17,1,44,2,9,5,1,7,9,1,10,1,14,72,1,21,121.5317311,25.06197
114,04,14,12,25,08士林區,士林區中正路與華興街口,0,0,1,1,A02,8,6,5,50,14,9,1,5,4,5,13,2,1,1,4,5,1,9,1,49,3,10,7,1,7,15,1,2,1,17,118,1,21,121.5225889,25.094646
114,04,14,12,48,04大安區,大安區敦化南路1段153號,0,0,1,1,C03,8,6,5,50,14,9,1,5,4,5,13,4,4,9,4,5,2,17,2,18,2,9,5,1,7,10,1,10,1,11,108,1,21,121.5491598,25.043831
114,04,14,13,00,03中山區,中山區撫順街31號,0,0,1,1,B03,8,7,5,50,14,9,1,5,4,5,13,4,4,9,4,5,2,12,2,54,3,10,7,1,7,9,1,8,1,2,108,1,21,121.5197157,25.0634479
114,04,14,13,10,03中山區,中山區南京西路23巷與中山北路2段42巷口,0,0,1,1,C03,8,7,5,30,14,9,1,5,4,5,13,4,4,10,5,5,2,17,1,55,3,10,5,1,7,8,1,10,1,13,100,1,22,121.5206575,25.0545903
114,04,14,13,17,04大安區,大安區和平東路1段248巷與溫州街16巷口口,0,0,1,1,C03,8,6,5,30,4,1,1,5,4,5,13,4,4,10,5,5,2,15,2,50,3,10,5,1,7,9,1,10,1,13,75,1,22,121.5327822,25.0252575
114,04,14,13,34,04大安區,大安區建國南路2段與和平東路2段口,0,0,2,1,C03,8,5,5,50,4,1,1,5,4,5,13,2,1,10,5,5,2,17,2,19,2,9,3,4,7,15,1,10,1,11,44,1,21,121.5374035,25.0258587
114,04,14,14,00,03中山區,中山區樂群二路266巷與基湖路120巷口,0,0,1,1,B03,8,6,5,30,14,9,1,5,4,5,13,4,4,9,3,5,1,17,1,43,3,10,7,1,7,5,1,8,1,8,8,1,21,121.5618118,25.0786151
114,04,14,14,16,03中山區,中山區新生北路2段與民生東路2段口,0,0,1,1,C03,8,7,5,50,5,1,1,5,4,5,13,1,1,1,4,5,2,17,1,34,2,9,5,1,7,9,1,10,1,14,44,1,21,121.5277383,25.0580224
114,04,14,14,25,03中山區,中山區中山北路2段24-3號,0,0,1,1,H01,8,6,5,50,14,8,1,5,4,5,13,4,4,5,5,1,2,3,1,78,2,9,4,5,8,16,8,20,10,16,53,1,22,121.5228845,25.0585468
114,04,14,14,33,06松山區,松山區撫遠街389巷與民權東路5段口41號旁無名巷,0,0,1,1,B02,8,6,5,30,3,1,1,5,4,5,13,4,4,10,5,5,2,15,1,36,3,10,7,1,7,15,1,8,1,2,72,1,22,121.566583,25.0645496
114,04,14,15,00,05中正區,中正區市民大道3段8號,0,0,1,1,C03,8,7,5,40,14,9,1,5,4,5,13,4,4,7,4,5,2,13,1,32,2,9,6,1,7,9,1,10,2,11,108,1,21,121.5320643,25.0455159
114,04,14,15,01,07信義區,信義區松仁路153號,0,0,1,1,F01,8,7,5,50,14,9,1,5,4,5,13,4,4,8,3,4,2,17,1,24,2,9,3,4,7,9,8,20,1,12,108,1,22,121.568473,25.0295795
114,04,14,15,05,08士林區,士林區中山北路5段691號,0,0,1,1,C03,8,6,5,50,14,9,1,5,4,5,13,4,4,1,4,5,1,12,1,76,2,9,6,1,7,9,1,10,1,14,17,1,21,121.5273689,25.0973145
114,04,14,15,23,03中山區,中山區松江路67號,0,0,2,1,B01,7,7,5,50,14,9,1,5,4,5,13,4,4,1,3,5,1,17,1,48,3,10,7,1,7,9,1,4,1,2,13,1,21,121.5183568,25.04847309
114,04,14,15,50,09北投區,北投區榮華三路2號,0,0,1,1,B12,8,7,5,30,14,9,1,5,4,5,13,4,4,5,5,5,2,12,1,46,3,10,7,1,7,4,1,8,1,6,1,1,22,121.524354,25.1136909
114,04,14,16,00,05中正區,中正區仁愛路1段1號,0,0,1,1,B03,8,6,5,50,14,23,1,5,4,5,13,4,4,1,4,5,2,16,1,57,3,10,7,1,7,1,1,8,1,1,19,1,22,121.5204701,25.0391023
114,04,14,16,20,08士林區,士林區陽明路1段與新園街口,0,0,2,1,B03,8,6,5,40,4,2,1,5,4,5,13,3,1,10,4,5,1,17,1,38,3,10,7,1,7,9,1,8,2,4,72,1,21,121.550046,25.1512304
114,04,14,16,40,07信義區,信義區吳興街190巷1號,0,0,1,1,C03,8,7,5,50,14,9,1,5,4,5,13,4,4,9,5,5,2,17,1,39,3,10,5,1,7,13,1,10,1,14,113,1,21,121.5624148,25.0286304
114,04,14,16,44,01大同區,大同區南京西路181號,0,0,1,1,C03,8,6,5,50,14,9,1,5,4,5,13,4,4,5,2,5,2,17,2,43,2,9,5,1,7,7,1,10,1,14,100,1,21,121.5126019,25.05395803
114,04,14,17,08,09北投區,北投區育仁路103號,0,0,3,1,C03,8,6,5,30,14,9,1,5,4,5,13,4,4,9,5,5,2,3,1,56,2,9,6,1,7,9,1,10,2,11,13,1,21,121.4997766,25.1350451
114,04,14,17,08,07信義區,信義區吳興街281巷與吳興街281巷11弄口,0,0,2,1,C03,7,6,5,30,3,1,1,5,4,5,13,4,4,10,5,5,2,16,1,31,2,8,6,1,7,5,1,10,1,11,74,1,21,121.5646075,25.026502
114,04,14,17,17,01大同區,大同區南京西路與太原路口,0,0,1,1,B02,8,6,5,50,4,1,1,5,4,5,13,2,1,8,3,5,1,16,2,40,3,10,3,4,7,5,1,8,2,2,8,1,21,121.5161228,25.0536712
114,04,14,17,30,08士林區,士林區中正路與通河西街1段口,0,0,2,1,C03,8,7,8,40,3,1,1,5,4,5,13,1,1,5,1,5,1,16,1,56,2,9,5,1,7,5,1,10,1,12,99,1,21,121.5118701,25.08776392
114,04,14,17,33,05中正區,中正區公園路15之1號與公園路口,0,0,2,1,C03,8,7,5,50,4,2,1,5,4,5,11,4,4,10,5,5,2,16,2,54,2,7,6,1,7,1,1,10,1,11,19,1,21,121.5171294,25.0445743
114,04,14,17,51,01大同區,大同區承德路1段與南京西路口,0,0,1,1,C03,7,6,5,50,4,2,1,5,4,5,13,1,1,1,4,5,2,17,2,58,2,9,5,1,7,5,1,10,2,12,108,1,21,121.5179683,25.05322865
114,04,14,18,00,08士林區,士林區德行東路與德行東路265巷口口,0,0,1,1,C03,8,5,5,30,4,1,1,5,4,5,13,4,4,4,3,5,1,1,1,18,3,10,6,1,7,9,1,10,1,11,70,1,21,121.5349687,25.1099714
114,04,14,18,22,01大同區,大同區酒泉街221號,0,0,1,1,A04,8,5,5,50,14,9,1,5,4,5,13,4,4,9,4,5,2,9,1,60,3,10,7,1,7,12,1,2,1,17,36,1,22,121.5115202,25.0722361
114,04,14,18,23,10文山區,文山區木柵路3段與木柵路3段77巷口,0,0,2,1,B03,8,5,5,50,3,18,1,5,4,5,13,4,4,10,5,5,2,3,2,53,3,10,7,1,7,9,1,8,11,1,70,1,21,121.5669562,24.9886239
114,04,14,18,30,07信義區,信義區吳興街與吳興街220巷口,0,0,1,1,C03,8,5,5,50,4,2,1,5,4,5,13,2,1,9,4,5,2,17,1,21,2,8,6,1,7,6,1,10,1,12,42,1,22,121.5631984,25.0276268
114,04,14,18,55,06松山區,松山區南京東路4段1號,0,0,1,1,B01,7,5,5,50,14,9,1,4,4,5,13,2,1,1,5,5,2,13,1,41,3,10,3,4,7,9,1,4,1,1,16,1,22,121.5494368,25.0518396
114,04,14,18,58,10文山區,文山區木柵路4段與秀明路1段口,0,0,1,1,B03,7,6,4,50,4,1,1,5,4,5,13,1,1,5,4,5,2,2,2,71,3,10,7,1,7,6,1,8,2,2,70,1,21,121.5709917,24.9917185
114,04,14,19,07,03中山區,中山區建國北路2段65號,0,0,1,1,,7,5,5,0,14,20,5,5,4,5,13,4,4,10,5,5,2,9,4,0,,,,,,,,,11,,119,2,,121.5372336,25.05604866
114,04,14,19,18,02萬華區,萬華區成都路42號,0,0,1,1,B03,8,5,5,50,14,9,1,5,4,5,13,4,4,10,5,5,2,17,1,50,3,10,7,1,7,9,1,8,1,5,108,1,21,121.5064512,25.0426145
114,04,14,19,20,09北投區,北投區中央北路3段122號與中央北路3段口,0,0,2,1,C03,7,5,5,50,3,2,1,5,4,5,13,4,4,9,4,5,2,16,1,24,2,7,3,4,7,1,1,10,2,14,19,1,26,121.483437,25.13739306
114,04,14,19,27,10文山區,文山區木柵路2段與興隆路4段口,0,0,1,1,C03,7,5,5,50,4,1,1,5,4,5,13,2,1,10,5,5,2,3,1,34,2,9,5,4,7,9,1,10,9,11,70,1,22,121.560143,24.988611
114,04,14,19,40,08士林區,士林區福國路與文林路口,0,0,1,1,B03,8,5,5,50,5,1,1,5,4,5,13,1,1,1,4,4,2,17,1,73,3,10,3,4,7,6,1,7,1,8,9,1,21,121.5210753,25.1020706
114,04,14,19,50,03中山區,中山區吉林路197號,0,0,1,1,C03,7,5,5,50,14,7,1,5,4,5,13,4,4,9,5,4,2,18,2,25,2,9,6,1,7,9,1,10,9,12,44,1,21,121.52778,25.06008873
114,04,14,19,56,05中正區,中正區和平西路2段與泉州街口,0,0,1,1,B03,8,5,5,50,5,1,1,5,4,5,13,1,1,1,4,5,2,17,1,53,3,10,7,1,7,6,1,8,1,5,9,1,22,121.5145433,25.0276372
114,04,14,19,57,02萬華區,萬華區桂林路216號對面,0,0,1,1,C03,8,5,8,50,22,22,1,5,4,5,13,4,4,10,5,5,2,13,1,29,3,10,3,4,7,9,1,9,1,11,16,1,21,121.4967588,25.0385804
114,04,14,20,20,11南港區,南港區松河街東往西（南港幹40L20）,0,0,2,1,C03,7,5,5,50,14,9,1,5,4,5,13,4,4,9,5,5,2,12,1,23,2,9,6,1,7,4,1,10,1,11,108,1,21,121.5898134,25.0558942
114,04,14,21,00,03中山區,中山區北安路自強隧道圓環,0,0,1,1,C03,7,5,5,50,18,17,1,5,4,5,13,4,4,9,4,5,2,12,1,17,2,9,5,4,7,7,2,18,1,12,100,1,21,121.5514273,25.0857239
114,04,14,21,24,04大安區,大安區羅斯福路4段與基隆路4段口,0,0,1,1,C03,8,5,5,50,5,1,1,5,4,5,13,1,1,1,4,5,2,12,1,22,2,9,5,1,7,7,1,10,2,12,100,1,21,121.5377639,25.0106285
114,04,14,21,37,09北投區,北投區尊賢街211號,0,0,2,1,C03,7,5,5,30,14,9,1,5,4,5,13,4,4,10,5,5,2,3,2,44,2,9,3,4,7,9,1,10,1,11,44,1,22,121.5079988,25.1154182
114,04,14,21,50,10文山區,(舊木柵路5段口旁),0,0,1,1,A02,8,5,5,50,3,2,1,5,4,5,13,1,1,5,4,5,2,38,1,58,3,10,7,1,7,15,1,1,2,8,118,1,21,121.5875854,25.0028399
114,04,14,21,50,12內湖區,內湖區康寧路1段173巷與康寧路1段口,0,0,2,1,C03,7,5,5,50,3,1,1,5,4,5,13,4,4,9,5,5,2,16,2,72,2,9,5,1,7,5,1,10,1,14,17,1,21,121.5952764,25.0786395
114,04,14,22,02,12內湖區,內湖區安康路與安康路25巷口,0,0,2,1,C03,7,5,5,50,4,1,1,5,4,5,13,1,1,5,5,5,2,17,1,25,2,9,5,1,7,5,1,10,1,12,8,1,21,121.5933679,25.062496