發生年度,發生月,發生日,發生時-Hours,發生分,區序,肇事地點,死亡人數,2-30日死亡人數,受傷人數,當事人序號,車種,天候,光線,道路類別,速限-速度限制,道路型態,事故位置,路面狀況1,路面狀況2,路面狀況3,道路障礙1,道路障礙2,號誌1,號誌2,車道劃分-分向,車道劃分-分道1,車道劃分-分道2,車道劃分-分道3,事故類型及型態,性別,年齡,受傷程度,主要傷處,保護裝置,行動電話,車輛用途,當事者行動狀態,駕駛資格情形,駕駛執照種類,飲酒情形,車輛撞擊部位1,肇因碼-個別,個人肇逃否,職業,座標-X,座標-Y
114,04,22,19,36,02萬華區,萬華區環河快速道路（華中橋引道）,0,0,1,1,C02,8,5,5,40,14,7,1,5,4,5,13,4,4,1,5,5,2,13,1,27,2,9,5,1,7,9,3,18,1,11,16,1,21,121.4940212,25.0172736
114,04,22,20,12,04大安區,大安區永康街與永康街2巷口,0,0,3,1,F01,7,5,5,30,4,1,1,5,4,5,13,4,4,10,5,5,2,16,1,46,2,9,3,4,7,7,8,20,2,14,100,1,21,121.5298085,25.0329188
114,04,22,20,28,03中山區,中山區民權東路2段與松江路口,0,0,1,1,C03,8,5,5,50,14,9,1,5,4,5,13,4,4,8,3,5,2,13,1,39,2,9,6,4,7,9,1,10,2,11,108,1,21,121.5335716,25.0625516
114,04,22,20,38,08士林區,士林區文林路118號,0,0,2,1,B03,7,5,5,50,14,9,1,5,4,5,13,4,4,4,5,5,2,14,1,61,3,10,7,1,7,2,1,8,1,3,12,1,21,121.5263806,25.0883232
114,04,22,20,55,12內湖區,內湖區民權東路6段與金湖路口引道,0,0,2,1,B03,7,5,5,50,3,2,1,5,4,5,13,4,4,1,5,5,2,17,1,51,2,9,3,4,7,9,1,8,9,1,118,1,21,121.6052409,25.0728527
114,04,22,21,05,08士林區,士林區至善路2段與故宮路口,0,0,1,1,B01,7,6,5,50,4,2,1,5,4,5,13,1,1,1,4,4,1,16,1,50,3,10,3,4,7,6,1,4,1,1,9,1,21,121.5463872,25.0982099
114,04,22,22,08,01大同區,大同區忠孝西路2段與環河北路1段口,0,0,1,1,C03,7,5,5,50,3,1,1,5,4,5,13,2,1,5,2,5,2,17,1,19,3,10,5,4,7,9,1,10,1,11,108,1,21,121.5064872,25.0496043
114,04,22,22,18,01大同區,大同區民權西路與重慶北路2段口口,0,0,1,1,C03,8,5,5,50,4,1,1,5,4,5,13,2,1,1,5,5,2,13,2,23,2,9,6,1,7,6,1,10,1,13,9,1,21,121.5133986,25.0628928
114,04,22,22,20,01大同區,大同區承德路3段與酒泉街口,0,0,2,1,C03,8,5,5,50,4,1,1,5,4,5,13,2,1,9,4,5,2,16,1,53,2,9,5,1,7,7,1,10,2,12,100,1,21,121.51856,25.0705623
114,04,22,22,22,02萬華區,萬華區昆明街76-1號,0,0,1,1,C03,7,5,5,50,14,9,1,5,4,5,13,1,1,10,3,5,2,13,2,18,3,10,6,1,7,9,1,10,9,11,108,1,21,121.5055998,25.0456891
114,04,22,22,57,01大同區,大同區台北橋機慢車道（西向東）,0,0,2,1,C03,8,5,7,40,14,11,1,5,4,5,13,4,4,10,5,5,1,13,1,29,2,9,6,4,7,9,1,10,1,11,44,1,21,121.5062856,25.0635913
114,04,23,00,07,01大同區,大同區環河北路1段與歸綏街口口,0,0,1,1,C03,8,5,5,50,3,1,1,5,4,5,13,4,4,1,4,5,2,13,2,22,3,10,6,1,7,6,1,10,9,17,9,1,21,121.5084912,25.0580612
114,04,23,07,13,05中正區,中正區中華路1段與漢口街1段口,0,0,1,1,C03,6,6,5,50,4,1,1,4,4,5,13,1,1,1,4,1,1,12,1,57,4,11,3,4,7,9,1,10,11,17,44,1,22,121.5093334,25.0451416
114,04,23,07,24,07信義區,信義區虎林街88巷18弄與虎林街82巷口口,0,0,3,1,C03,6,6,5,30,3,2,1,4,4,3,10,4,4,9,5,5,2,17,1,76,2,9,6,1,7,1,1,10,1,11,19,1,22,121.5766827,25.0432714
114,04,23,07,41,12內湖區,內湖區東湖路113巷95弄與康寧路3段189巷46弄口,0,0,2,1,C03,6,6,5,30,3,2,1,4,4,5,13,4,4,10,5,5,2,3,2,47,2,8,6,1,7,9,1,10,9,11,70,1,21,121.6181779,25.07067756
114,04,23,07,50,03中山區,中山區吉林路與新生北路3段3巷口,0,0,1,1,B03,8,5,5,50,4,1,1,4,4,5,13,4,4,9,5,5,2,16,1,69,3,10,3,4,7,11,1,8,2,4,10,1,22,121.5302675,25.0630411
114,04,23,07,55,08士林區,士林區仰德大道2段21號,0,0,2,1,C03,6,5,5,40,14,9,1,4,4,5,13,4,4,4,5,5,2,13,1,35,2,7,3,4,7,9,1,10,1,11,108,1,22,121.5425539,25.1039286
114,04,23,07,59,05中正區,中正區中華路1段與中華路1段95巷口,0,0,1,1,C03,6,5,5,30,3,1,1,4,4,5,13,4,4,9,4,5,2,17,2,28,2,9,5,1,7,6,1,10,2,14,72,1,21,121.5072483,25.037782
114,04,23,08,07,06松山區,松山區撫遠街403巷22號,0,0,1,1,B03,6,6,5,50,14,9,1,4,4,5,13,4,4,8,5,5,2,17,1,70,3,10,7,1,7,2,1,8,1,3,44,1,22,121.5661886,25.066141
114,04,23,08,23,04大安區,大安區市民大道3段與安東街口,0,0,2,1,C03,6,7,5,40,3,4,1,4,4,5,13,1,1,10,4,5,2,13,2,36,2,7,5,4,7,9,1,10,1,11,13,1,22,121.5419312,25.0445441
114,04,23,08,26,11南港區,南港區重陽路263巷1號,0,0,1,1,C04,6,6,5,50,4,2,1,4,4,5,13,4,4,5,5,4,2,12,2,38,2,7,5,1,7,7,1,10,1,14,72,1,22,121.6035848,25.0576683
114,04,23,08,33,06松山區,松山區市民大道4段與市民大道4段口123號前迴轉道,0,0,1,1,B12,6,6,5,40,14,9,1,4,4,5,13,4,4,9,4,5,2,17,1,25,3,10,2,4,7,5,1,8,1,2,72,1,22,121.5497304,25.0448911
114,04,23,08,42,11南港區,南港區研究院路1段47號附近側附近,0,0,1,1,B01,6,7,5,50,3,1,1,4,4,5,13,2,1,1,3,5,2,12,1,58,3,10,7,1,7,9,1,4,1,2,108,1,21,121.61678,25.0529707
114,04,23,08,43,11南港區,南港區南港路2段與興南街口,0,0,3,1,C03,6,6,5,50,3,1,1,4,4,5,13,2,1,5,5,4,2,13,2,24,2,7,5,1,7,9,1,10,11,13,42,1,22,121.5977656,25.0540255
114,04,23,08,46,10文山區,文山區羅斯福路5段97巷2-2號旁,0,0,3,1,H01,6,6,5,30,14,9,1,4,4,3,10,4,4,10,5,5,2,3,1,68,2,9,4,5,8,18,8,20,10,16,121,1,21,121.5399109,25.0053847
114,04,23,08,58,08士林區,士林區承德路4段與大南路口,0,0,1,1,F01,6,5,5,50,5,1,1,4,4,5,13,2,1,9,4,5,1,17,1,72,2,1,2,1,7,8,8,20,2,14,99,1,21,121.5216093,25.0886961
114,04,23,09,28,05中正區,中正區貴陽街1段與懷寧街口,0,0,2,1,C03,6,7,5,50,3,1,1,4,4,5,13,4,4,4,4,5,2,13,2,18,2,8,6,1,7,9,1,10,1,11,108,1,21,121.5136221,25.0386985
114,04,23,09,34,12內湖區,內湖區東湖路與東湖路7巷口,0,0,1,1,A02,6,6,5,50,3,2,1,4,4,5,13,4,4,5,4,5,2,13,1,45,3,10,7,1,7,9,1,2,1,5,16,1,21,121.6125914,25.0689089
114,04,23,10,30,03中山區,中山區民族東路與新生北路3段口,0,0,1,1,C03,7,6,5,50,4,1,1,4,4,5,13,1,1,5,4,5,2,12,2,54,2,8,5,1,7,9,1,10,1,12,44,1,22,121.5278702,25.0682715
114,04,23,10,43,09北投區,北投區大度路與大度路150巷口,0,0,2,1,B03,6,7,5,70,3,1,1,4,4,5,13,1,1,1,4,1,1,16,1,53,3,10,7,1,7,6,1,8,2,2,98,1,22,121.4935861,25.1216934
114,04,23,10,48,01大同區,大同區鄭州路145號與西寧北路口,0,0,1,1,B03,8,7,5,50,22,9,1,4,4,5,13,4,4,5,4,5,2,17,1,40,3,10,3,4,7,5,1,8,1,2,8,1,21,121.5084917,25.0514704
114,04,23,10,49,03中山區,中山區樂群一路往東燈桿編號0105995,0,0,1,1,B03,8,7,5,50,14,9,1,5,4,5,13,4,4,1,4,5,2,13,1,25,3,10,7,1,7,9,3,18,2,1,108,1,22,121.5634334,25.0761681
114,04,23,10,57,03中山區,中山區北安路與北安路770巷口,0,0,2,1,C03,7,7,5,50,3,2,1,5,4,5,13,4,4,1,4,5,2,17,1,40,2,9,5,1,7,9,1,10,1,12,42,1,21,121.5531832,25.0855062
114,04,23,11,00,04大安區,大安區仁愛路4段341號,0,0,1,1,B03,7,6,5,50,14,9,1,5,4,5,13,4,4,10,5,5,2,17,1,44,3,10,7,1,7,9,1,8,1,17,72,1,21,121.5540194,25.0379577
114,04,23,11,10,07信義區,信義區莊敬路168號,0,0,1,1,C03,8,7,5,40,14,9,1,5,4,5,13,4,4,9,4,4,2,13,1,79,2,9,5,4,7,9,1,10,1,11,108,1,22,121.5612504,25.0316988
114,04,23,11,20,03中山區,中山區民權東路3段28號,0,0,2,1,B02,7,7,5,50,14,9,1,5,4,5,13,4,4,1,4,5,2,12,1,44,3,10,3,4,7,8,1,8,1,5,100,1,21,121.5411628,25.0622873
114,04,23,12,06,03中山區,中山區中原街與新生北路2段41巷口,0,0,2,1,B01,7,6,5,50,4,1,1,5,4,5,13,4,4,9,5,5,2,17,1,32,2,2,3,4,7,1,1,4,1,8,44,1,22,121.5288314,25.0554787
114,04,23,12,10,03中山區,中山區南京東路2段115巷內,0,0,1,1,B03,7,6,5,50,14,9,1,5,4,5,13,4,4,10,4,5,2,2,1,67,3,10,7,1,7,9,1,8,2,5,108,1,21,121.5336355,25.05381069
114,04,23,12,20,12內湖區,內湖區東湖路119巷2號,0,0,1,1,B03,7,6,5,30,14,9,4,5,4,5,13,4,4,10,5,5,2,17,2,27,3,10,7,1,7,9,1,8,1,5,108,1,21,121.6163816,25.0684658
114,04,23,12,57,03中山區,中山區民生東路3段77號,0,0,1,1,B03,7,7,5,50,14,9,1,5,4,5,13,4,4,1,4,5,2,12,1,45,3,10,3,4,7,1,1,8,1,4,19,1,21,121.54386,25.05785466
114,04,23,13,32,07信義區,信義區松德路與信義路6段15巷12弄口,0,0,1,1,B12,8,7,5,30,3,1,1,5,4,5,13,4,4,1,4,4,2,17,1,52,3,10,3,4,7,6,1,1,1,4,72,1,21,121.5746678,25.0350004
114,04,23,13,42,06松山區,松山區民權東路4段與光復北路口,0,0,2,1,C03,8,6,5,50,4,2,1,5,4,5,13,2,1,1,3,5,2,13,1,46,2,9,6,1,7,9,1,10,1,11,108,1,22,121.5542956,25.0617838
114,04,23,13,45,02萬華區,萬華區貴陽街2段115巷與貴陽街2段口,0,0,2,1,C03,8,6,5,30,3,1,1,5,4,5,13,4,4,10,5,5,2,17,1,77,2,5,5,1,7,9,1,10,1,11,72,1,21,121.5031894,25.0398932
114,04,23,13,45,10文山區,文山區興隆路4段62巷與無名巷口,0,0,2,1,C04,8,6,5,30,4,1,1,5,4,5,13,4,4,10,5,5,1,15,1,22,2,8,5,1,7,9,1,10,1,11,72,1,21,121.5606376,24.9850639
114,04,23,14,17,04大安區,大安區信義路4段與大安路2段口,0,0,1,1,,8,6,5,0,14,20,4,5,4,5,13,4,4,10,5,5,2,9,4,0,4,11,3,4,7,9,8,20,11,11,119,2,21,121.5462428,25.0331764
114,04,23,14,36,07信義區,信義區基隆路車行地下道南往北,0,0,1,1,B01,7,5,5,50,7,7,1,5,4,5,13,4,4,8,3,5,2,17,1,24,3,10,3,4,7,9,1,4,2,1,108,1,21,121.5653846,25.0427769
114,04,23,15,05,09北投區,北投區公館路與北投路1段口,0,0,1,1,B01,7,6,5,50,4,1,1,5,4,5,13,2,1,1,4,5,2,12,1,51,3,10,7,1,7,9,1,4,2,8,108,1,21,121.5028453,25.1214139
114,04,23,15,10,08士林區,士林區天母北路與天母北路87巷口,0,0,2,1,C03,8,6,5,50,5,2,1,5,4,5,13,1,1,9,5,5,1,12,1,43,2,9,5,1,7,9,1,10,2,12,17,1,21,121.526818,25.1217052
114,04,23,15,13,03中山區,中山區長安東路2段144號對面,0,0,1,1,C03,7,6,5,30,14,9,1,5,4,5,13,4,4,5,4,5,2,16,1,74,2,9,5,1,7,8,1,10,1,12,100,1,21,121.5374435,25.0484334
114,04,23,15,17,03中山區,中山區中山北路2段45巷39號,0,0,1,1,B01,7,6,5,0,14,9,1,5,4,5,13,4,4,10,5,5,2,1,1,56,3,10,7,1,7,9,1,4,9,2,77,1,22,121.5249777,25.0543629
114,04,23,15,45,02萬華區,萬華區艋舺大道與西藏路口,0,0,2,1,B03,7,6,5,50,4,1,1,5,4,5,13,1,1,1,4,5,2,17,1,76,3,10,7,1,7,5,1,8,1,2,80,1,22,121.4918141,25.0288954
114,04,23,16,00,08士林區,士林區中正路596號,0,0,2,1,C03,8,7,5,50,14,9,2,5,4,5,13,4,4,1,5,5,1,17,2,26,2,9,5,1,7,8,1,10,1,14,100,1,21,121.5098028,25.0869841
114,04,23,16,25,01大同區,大同區環河北路2段185巷與迪化街2段146巷口,0,0,4,1,C03,7,6,5,30,5,1,1,5,4,5,13,4,4,10,5,5,2,17,2,57,2,7,6,4,7,9,1,10,2,12,108,1,22,121.5097547,25.0682016
114,04,23,16,31,03中山區,中山區民權東路2段與新生北路3段口,0,0,1,1,C03,7,6,5,50,14,9,1,5,4,5,13,2,1,3,4,5,2,12,2,18,2,9,6,1,7,7,1,10,1,14,100,1,22,121.5281127,25.0626672
114,04,23,16,45,08士林區,士林區中山北路6段與中山北路6段405巷口,0,0,1,1,B01,8,6,5,50,3,2,1,5,4,5,13,2,1,1,4,5,1,17,1,66,3,10,7,1,7,9,1,4,2,5,13,1,21,121.5266589,25.1129494
114,04,23,17,02,06松山區,松山區光復南路46巷與八德路3段158巷口,0,0,1,1,B03,6,7,5,30,4,1,1,4,4,5,13,4,4,10,5,5,2,15,2,65,3,10,7,1,7,9,1,8,1,4,72,1,22,121.5553742,25.04588
114,04,23,17,09,08士林區,士林區中正路與中正路212巷口,0,0,2,1,B03,8,5,5,50,4,1,1,5,4,5,13,2,1,1,4,5,2,17,1,44,2,2,3,4,7,5,1,8,1,5,8,1,22,121.5263105,25.0954871
114,04,23,17,15,12內湖區,內湖區民權東路6段180巷41弄與民權東路6段180巷口,0,0,1,1,C03,6,6,5,30,4,1,1,4,4,5,13,1,1,10,5,5,2,16,1,57,2,9,5,1,7,9,1,9,2,14,13,1,21,121.5927312,25.0674609
114,04,23,17,16,12內湖區,內湖區舊宗路1段與新湖二路口,0,0,1,1,B03,6,6,5,50,4,2,1,4,4,5,13,1,1,1,4,5,2,17,1,29,3,10,7,1,7,7,1,8,9,17,100,1,21,121.5778917,25.0621058
114,04,23,17,20,05中正區,中正區中華路1段與中華路1段21巷口,0,0,1,1,B03,7,6,5,50,3,2,1,5,4,5,13,4,4,1,4,5,2,16,1,33,3,10,7,4,7,8,1,8,2,5,100,1,22,121.5093619,25.05153117
114,04,23,17,52,04大安區,大安區延吉街與忠孝東路4段口,0,0,1,1,C03,7,5,5,50,4,1,1,5,4,5,13,1,1,9,4,5,2,17,1,37,2,9,6,1,7,15,1,10,1,13,100,1,21,121.5545011,25.0413529
114,04,23,18,05,01大同區,大同區重慶北路3段264號,0,0,1,1,B01,7,5,5,50,14,9,1,5,4,5,13,4,4,1,4,5,2,12,1,69,3,10,3,4,7,10,1,4,2,2,100,1,21,121.5136671,25.0715596
114,04,23,18,15,01大同區,大同區鄭州路143巷與長安西路口,0,0,1,1,B03,6,5,5,30,5,1,1,4,4,5,13,4,4,10,5,5,2,16,1,52,3,10,7,1,7,5,1,8,1,1,44,1,21,121.5100223,25.0520101
114,04,23,18,36,01大同區,大同區民生西路301-1號,0,0,1,1,C03,7,5,5,50,14,9,1,5,4,5,13,4,4,8,3,5,1,13,1,54,2,9,6,1,7,9,1,10,1,11,108,1,21,121.5128448,25.057026
114,04,23,18,52,03中山區,中山區吉林路138號,0,0,3,1,C03,7,5,5,40,14,9,1,5,4,5,13,4,4,10,5,5,2,13,1,19,2,9,5,1,7,9,1,10,1,11,108,1,21,121.5300974,25.05569706
114,04,23,18,58,08士林區,士林區德行東路與忠誠路1段口,0,0,2,1,C03,7,5,5,50,4,1,1,4,4,5,13,1,1,5,5,4,2,17,1,25,2,8,6,1,7,5,1,10,1,11,8,1,21,121.5301927,25.10830857
114,04,23,19,10,11南港區,南港區八德路4段與中坡北路口側附近口,0,0,1,1,B03,7,5,5,50,5,1,1,5,4,5,13,2,1,9,5,5,2,16,1,55,3,10,2,1,7,5,1,8,1,2,98,1,21,121.5798684,25.05051
114,04,23,19,39,08士林區,士林區延平北路5段244號,0,0,1,1,,7,5,8,0,22,22,1,5,4,5,13,2,1,1,5,5,1,17,4,0,4,11,3,4,7,5,8,20,11,17,119,2,22,121.5099092,25.0846609
114,04,23,20,16,11南港區,南港區舊莊街2段近白雲橋,0,0,1,1,C03,7,5,5,30,14,9,1,5,4,5,13,4,4,10,5,5,1,10,1,30,2,8,5,1,7,9,1,10,1,11,108,1,21,121.6520178,25.0277312
114,04,23,20,40,06松山區,松山區光復北路230巷與光復北路口,0,0,2,1,C04,7,5,5,50,4,1,1,5,4,5,13,1,1,5,4,5,2,17,1,24,2,8,5,1,7,5,1,8,1,12,71,1,21,121.555598,25.0562512
114,04,23,20,40,09北投區,北投區紗帽路118燈桿,0,0,1,1,C03,7,5,5,40,11,9,1,5,4,5,13,4,4,4,3,5,1,17,1,53,2,9,6,1,7,6,1,10,1,11,42,1,21,121.5455578,25.14243239
114,04,23,20,59,04大安區,大安區基隆路4段與羅斯福路4段口,0,0,2,1,C03,8,5,5,50,14,9,1,5,4,5,13,2,1,1,4,1,2,13,1,37,2,9,3,4,7,9,1,10,1,11,108,1,21,121.5372806,25.011501
114,04,23,21,30,06松山區,松山區八德路3段12巷與八德路3段12巷51弄口,0,0,1,1,B03,7,5,5,30,4,1,1,5,4,5,13,4,4,9,5,5,2,17,1,31,3,10,7,1,7,9,1,8,1,17,72,1,21,121.5507144,25.046188
114,04,23,21,35,05中正區,中正區延平南路與延平南路230巷口口,0,0,1,1,B03,7,5,5,50,3,1,1,5,4,5,13,4,4,9,5,5,2,16,1,50,3,10,3,4,7,5,1,8,1,1,74,1,21,121.5074326,25.0340137
114,04,23,21,50,12內湖區,內湖區文湖街42號,0,0,1,1,B03,8,5,5,50,14,9,1,5,4,5,13,4,4,9,5,5,2,17,2,34,3,10,7,1,7,6,1,8,1,5,9,1,21,121.5638793,25.08624113
114,04,23,22,13,02萬華區,萬華區漢中街與開封街2段口,0,0,1,1,C03,7,5,5,50,3,1,1,5,4,5,13,4,4,8,4,5,2,16,1,20,3,10,5,4,7,5,1,10,1,14,8,1,22,121.5080467,25.0463133
114,04,23,22,54,12內湖區,內湖區潭美街與安康路228巷口(編號0309035燈桿前),1,0,0,1,C03,7,5,5,40,14,9,1,5,4,5,13,4,4,5,5,5,2,38,1,74,1,9,6,1,7,9,1,10,9,11,42,1,22,121.6038278,25.0611615
114,04,23,23,30,08士林區,士林區文林路770巷與克強路口,0,0,1,1,C03,7,5,5,30,4,2,1,5,4,5,13,4,4,5,5,5,2,15,1,21,2,9,6,1,7,9,1,10,1,11,72,1,21,121.5225188,25.1092465
114,04,24,00,00,06松山區,松山區八德路4段181巷16弄11號,0,0,1,1,C03,8,5,5,30,14,9,2,5,3,5,10,4,4,10,5,5,2,18,1,44,2,9,5,1,7,9,1,10,1,17,116,1,22,121.5628637,25.04920849
114,04,24,05,25,12內湖區,內湖區五分街與安康路口,0,0,1,1,B03,6,5,5,30,4,1,1,4,4,4,12,4,4,10,4,4,1,17,1,71,3,10,7,1,7,9,1,8,1,5,75,1,21,121.6152369,25.0673502
114,04,24,05,56,10文山區,文山區萬芳路與萬利街口,0,0,1,1,C03,8,6,5,50,14,9,2,5,4,5,13,2,1,5,4,5,2,18,1,34,2,9,5,4,7,9,1,10,11,11,116,1,21,121.5666484,24.9990617
114,04,24,07,00,07信義區,信義區忠孝東路5段236巷與松高路口,0,0,1,1,C04,7,6,5,50,4,1,1,5,4,5,13,1,1,9,4,5,2,17,2,49,3,10,3,4,7,5,1,11,1,11,71,1,22,121.5718524,25.0390509
114,04,24,07,21,10文山區,文山區羅斯福路6段與景華街口,0,0,1,1,C03,7,5,5,50,4,2,1,5,4,5,13,2,1,1,4,5,2,12,2,60,2,9,5,1,7,9,1,10,1,14,108,1,21,121.5412559,24.995017
114,04,24,07,38,12內湖區,內湖區民權東路6段與民權東路6段296巷口,0,0,2,1,B03,7,6,5,50,3,1,1,5,4,5,13,1,1,1,3,5,1,16,2,36,3,10,7,1,7,6,1,8,1,2,9,1,21,121.6045118,25.0725474
114,04,24,07,49,09北投區,北投區石牌路2段與東華街1段口,0,0,1,1,B03,7,7,5,50,4,1,1,5,4,5,13,2,1,10,5,5,2,13,1,30,3,10,7,1,7,9,1,8,1,1,108,1,21,121.5152251,25.1152335
114,04,24,07,53,09北投區,北投區北投路1段與無名巷口,0,0,1,1,B01,7,7,5,40,3,1,1,5,4,5,13,1,1,5,5,4,2,16,1,58,3,10,7,1,7,11,1,4,1,4,10,1,21,121.500915,25.1252714
114,04,24,08,09,08士林區,士林區福林路240號泰北高中前,0,0,2,1,C03,7,7,5,50,14,9,1,5,4,5,13,2,1,8,3,5,2,17,1,19,2,9,5,1,7,8,1,10,1,13,100,1,22,121.5337654,25.0974142
114,04,24,08,23,05中正區,中正區福州街16號,0,0,1,1,B03,7,7,5,50,14,9,1,5,4,5,13,4,4,9,5,5,2,16,1,35,3,10,7,1,7,6,1,8,1,2,9,1,22,121.5182958,25.0285907
114,04,24,08,34,06松山區,松山區民權東路3段162號,0,0,1,1,B03,7,6,5,50,14,9,1,5,4,5,13,4,4,3,4,5,2,12,1,48,3,10,7,1,7,8,1,8,1,7,100,1,21,121.5480935,25.0619406
114,04,24,08,39,01大同區,大同區南京西路與西寧北路口,0,0,1,1,C03,7,6,5,50,4,1,1,5,4,5,13,3,2,5,5,5,2,17,1,22,2,9,6,4,7,9,1,10,1,14,42,1,22,121.5086553,25.0533685
114,04,24,08,40,04大安區,大安區市民高架道與市民高架道口(西往東)建國南路上方,0,0,1,1,B03,7,5,5,80,10,9,1,5,4,5,13,4,4,8,3,5,1,20,1,30,2,7,7,1,7,9,1,8,2,8,108,1,21,121.5183568,25.04847309
114,04,24,08,55,03中山區,中山區長安東路2段與長安東路2段35巷口,0,0,1,1,B03,7,7,5,50,4,2,1,5,4,5,13,1,1,9,4,5,2,12,1,64,3,10,7,1,7,9,1,10,1,2,44,1,21,121.5316056,25.0485017
114,04,24,09,00,12內湖區,內湖區文德路66巷11弄與文德路66巷口,0,0,1,1,F01,6,6,5,30,4,1,1,4,4,5,13,4,4,10,5,5,2,17,1,67,2,9,4,1,7,6,8,20,2,12,42,1,21,121.5819224,25.0777376
114,04,24,09,04,11南港區,南港區忠孝東路7段547號,0,0,1,1,B03,7,7,5,40,14,8,1,5,4,5,13,4,4,1,3,4,2,12,2,70,3,10,7,1,7,1,1,6,1,4,19,1,21,121.613258,25.0529166
114,04,24,09,17,06松山區,松山區八德路4段245巷與八德路4段181巷17弄口,0,0,2,1,C03,7,7,5,30,4,1,1,5,4,5,13,4,4,10,5,5,2,15,1,32,2,8,5,1,7,9,1,10,1,11,75,1,22,121.5645357,25.049983
114,04,24,09,40,09北投區,北投區承德路7段與立農街1段口,0,0,1,1,C03,7,7,5,60,3,2,1,5,4,5,13,4,4,1,4,5,2,13,2,31,2,9,5,1,7,9,1,10,2,11,108,1,22,121.5027551,25.1186131
114,04,24,09,40,12內湖區,內湖區環山路2段153號,0,0,2,1,C03,8,5,5,50,14,7,1,5,4,5,13,4,4,9,4,4,2,10,2,28,2,9,3,4,7,9,1,10,1,11,42,1,22,121.5774346,25.0838155
114,04,24,09,50,03中山區,中山區北安路與劍南路口,0,0,2,1,C03,6,7,5,50,3,1,1,4,4,5,13,1,1,1,4,5,2,16,1,27,2,9,5,1,7,8,1,10,1,14,100,1,22,121.5542043,25.0852361
114,04,24,10,07,05中正區,中正區襄陽路與南陽街口,0,0,3,1,C04,6,5,5,50,14,9,1,4,4,5,13,4,4,9,5,5,2,9,1,35,2,7,6,1,7,8,1,21,1,11,70,1,21,121.5160337,25.04337569
114,04,24,10,22,02萬華區,萬華區西寧南路70號,0,0,1,1,C03,6,6,5,50,14,9,1,4,4,5,13,4,4,10,4,5,2,17,1,48,3,10,6,1,7,1,1,10,1,17,19,1,21,121.5060833,25.0433537
114,04,24,10,23,05中正區,中正區忠孝東路2段與八德路1段口,0,0,1,1,C03,7,5,5,50,5,1,1,5,4,5,13,2,1,1,4,5,2,13,2,53,2,9,5,1,7,8,1,10,1,13,100,1,21,121.5289974,25.04330549
114,04,24,11,03,05中正區,中正區公園路與凱達格蘭大道口,0,0,2,1,B01,6,5,5,50,4,1,1,4,4,5,13,1,1,4,4,5,1,17,1,59,3,10,7,1,7,5,1,4,1,2,71,1,21,121.5156466,25.0396795
114,04,24,11,04,07信義區,信義區市府路1號,0,0,1,1,C03,6,7,5,50,14,9,1,4,4,5,13,2,1,5,4,5,2,18,2,61,2,9,5,4,7,9,1,10,1,14,42,1,21,121.5636939,25.0374533
114,04,24,11,08,07信義區,信義區忠孝東路5段與松仁路口,0,0,1,1,C03,6,6,5,50,4,2,1,4,4,5,13,2,1,1,4,5,1,12,2,44,3,10,3,4,7,8,1,10,1,14,100,1,22,121.5678654,25.0409945
114,04,24,11,24,02萬華區,萬華區長泰街282巷與長泰街282巷11弄口,0,0,1,1,C03,6,6,5,30,3,2,1,4,4,5,13,4,4,10,5,5,2,17,2,48,2,8,3,4,7,9,3,18,2,12,108,1,22,121.4936299,25.0216873
114,04,24,11,24,02萬華區,萬華區光復橋往臺北市(新北003015燈桿),0,0,1,1,C03,6,6,5,50,8,9,1,4,4,5,13,4,4,1,5,5,2,18,1,34,2,9,6,1,7,9,1,10,1,14,116,1,26,121.4920367,25.02539247
114,04,24,11,42,05中正區,中正區重慶南路3段與寧波西街口,0,0,1,1,C03,6,6,5,50,4,2,1,4,4,5,13,1,1,1,4,5,2,17,2,47,4,11,3,4,7,6,7,19,11,15,9,2,22,121.5153923,25.0297292
114,04,24,11,46,11南港區,南港區南港路3段與南港路3段50巷口口,0,0,1,1,C03,7,7,6,50,3,1,1,4,4,5,13,2,1,5,4,5,1,16,1,37,2,9,5,4,7,9,6,10,1,14,13,1,21,121.5917455,25.0540676
114,04,24,11,51,03中山區,中山區長安東路2段與吉林路口,0,0,1,1,B03,6,7,5,50,5,1,1,4,4,5,13,1,1,9,4,5,2,12,1,45,3,10,7,1,7,7,1,8,1,2,100,1,21,121.5299555,25.0485396
114,04,24,11,55,06松山區,松山區民生東路5段146號,0,0,1,1,A02,6,7,5,50,14,9,1,4,4,5,13,1,1,1,4,1,2,9,1,38,3,10,7,4,7,9,1,1,1,17,44,1,21,121.5620539,25.058717
114,04,24,12,56,06松山區,松山區八德路3段與延吉街口,0,0,1,1,C03,6,6,5,50,4,1,1,4,4,5,13,2,1,9,4,5,2,17,2,26,2,9,6,1,7,5,1,10,1,14,8,1,21,121.5533732,25.0482119
114,04,24,13,30,08士林區,士林區至誠路2段與至誠路2段51巷口,0,0,3,1,F01,7,5,5,30,3,1,1,4,4,5,13,4,4,5,5,5,2,15,1,68,2,1,3,1,7,1,8,20,1,12,19,1,21,121.5281752,25.1015561
114,04,24,14,35,09北投區,北投區承德路7段401巷,0,0,1,1,C03,6,7,5,30,14,9,1,4,4,5,13,4,4,10,5,5,2,18,2,60,2,9,5,1,7,9,1,10,9,12,42,1,21,121.4881811,25.11667126