發生年度,發生月,發生日,發生時-Hours,發生分,區序,肇事地點,死亡人數,2-30日死亡人數,受傷人數,當事人序號,車種,天候,光線,道路類別,速限-速度限制,道路型態,事故位置,路面狀況1,路面狀況2,路面狀況3,道路障礙1,道路障礙2,號誌1,號誌2,車道劃分-分向,車道劃分-分道1,車道劃分-分道2,車道劃分-分道3,事故類型及型態,性別,年齡,受傷程度,主要傷處,保護裝置,行動電話,車輛用途,當事者行動狀態,駕駛資格情形,駕駛執照種類,飲酒情形,車輛撞擊部位1,肇因碼-個別,個人肇逃否,職業,座標-X,座標-Y
114,04,26,12,50,02萬華區,萬華區廣州街216號,0,0,1,1,B03,7,5,5,50,14,9,1,4,4,5,13,4,4,10,4,5,2,16,1,52,3,10,3,4,7,1,1,8,1,8,44,1,22,121.4971006,25.03677
114,04,26,12,50,06松山區,松山區松河街214號,0,0,1,1,F01,6,7,5,40,14,9,1,4,4,5,13,4,4,5,5,5,2,12,1,63,2,9,3,1,7,5,8,20,9,14,8,1,22,121.5779878,25.0516823
114,04,26,13,18,05中正區,中正區重慶南路3段與和平西路1段口,0,0,1,1,C03,6,6,5,50,5,1,1,4,4,5,13,1,1,1,4,5,2,12,1,33,3,10,5,1,7,9,1,10,2,12,108,1,21,121.5158104,25.0276357
114,04,26,15,00,08士林區,士林區光華路61巷4弄NO.1108375燈桿,0,0,1,1,C03,6,6,5,30,11,9,1,4,4,5,13,4,4,10,5,5,1,10,2,20,2,9,5,1,7,9,1,16,1,11,5,1,21,121.5362188,25.13434939
114,04,26,15,54,03中山區,中山區美堤河濱公園與美堤河濱公園口,0,0,1,1,B03,6,7,5,30,3,1,1,4,4,5,13,4,4,5,2,5,2,9,1,52,3,10,7,1,7,9,1,8,1,1,69,2,21,121.5644486,25.07581851
114,04,26,16,23,12內湖區,內湖區康寧路3段56巷與民權東路6段296巷口,0,0,2,1,B03,6,7,8,30,3,1,1,4,4,5,13,4,4,10,5,5,2,17,1,78,3,10,3,4,7,5,1,8,2,5,72,1,21,121.609397,25.06988541
114,04,26,16,42,02萬華區,萬華區桂林路與康定路口,0,0,2,1,C03,6,6,5,50,4,1,1,4,4,5,13,2,1,5,4,5,2,17,1,66,2,8,6,1,7,5,1,10,1,12,74,1,21,121.5017262,25.0383386
114,04,26,17,10,08士林區,士林區通河東街2段與承德路5段口,0,0,1,1,F01,6,6,5,50,4,1,1,4,4,5,13,1,1,10,5,5,2,17,1,83,2,9,4,4,7,9,8,20,9,15,81,1,21,121.5149714,25.09574739
114,04,26,17,10,08士林區,士林區社子街22巷與社子街84巷口,0,0,2,1,C03,8,6,5,30,4,2,1,4,4,5,13,4,4,10,5,5,1,16,2,22,2,9,3,4,7,9,1,10,1,11,72,1,21,121.5065568,25.0866729
114,04,26,17,16,04大安區,大安區忠孝東路4段308號與延吉街口廢鐵道,0,0,1,1,B01,6,6,5,30,3,1,1,4,4,5,13,4,4,10,5,5,2,16,1,52,3,10,3,4,7,6,1,4,1,4,80,1,21,121.5568352,25.0412979
114,04,26,17,21,08士林區,士林區通河東街1段與福港街262巷口,0,0,3,1,C03,6,6,5,30,3,1,1,4,4,5,13,4,4,10,5,5,2,16,2,43,2,9,6,1,7,5,1,10,1,14,8,1,26,121.5163782,25.0838999
114,04,26,17,36,05中正區,中正區仁愛路1段51號,0,0,1,1,C04,6,7,5,50,14,9,2,4,4,5,13,4,4,1,4,1,2,17,2,47,2,9,6,1,7,9,1,10,2,12,42,1,21,121.5244512,25.0385221
114,04,26,18,10,05中正區,中正區羅斯福路3段與金門街口,0,0,2,1,C03,7,5,5,50,4,2,1,4,4,5,13,1,1,1,4,5,2,17,1,66,2,9,5,1,7,12,1,10,2,14,116,1,22,121.5248985,25.0235688
114,04,26,18,20,05中正區,中正區重慶南路1段2號,0,0,1,1,H01,7,5,5,0,14,9,1,4,4,5,13,4,4,10,4,5,2,3,1,113,4,11,4,5,8,16,8,20,11,16,121,1,22,121.5132621,25.04689029
114,04,26,18,27,09北投區,北投區中和街與復興一路口,0,0,2,1,C03,6,5,5,50,3,1,1,4,4,5,13,4,4,5,5,5,2,3,1,44,2,8,6,1,7,9,1,10,2,11,70,1,21,121.5017808,25.1389796
114,04,26,18,45,04大安區,大安區永康街28-1號,0,0,1,1,B03,8,6,5,30,14,9,1,5,4,5,13,4,4,10,5,5,2,2,1,42,3,10,3,4,7,9,1,8,1,5,108,1,21,121.5295138,25.0306432
114,04,26,19,50,08士林區,士林區文林路與文林路643巷口,0,0,3,1,C03,7,5,5,50,3,1,1,5,4,5,13,4,4,9,5,5,2,17,1,17,2,9,6,1,7,11,2,18,9,14,10,1,26,121.523145,25.1002257
114,04,26,20,23,04大安區,大安區濟南路3段44號,0,0,1,1,,8,5,5,50,14,9,1,5,4,5,13,4,4,9,4,5,2,3,4,0,,,,,,,,,,,119,2,,121.5358129,25.0401594
114,04,26,21,37,12內湖區,內湖區東湖路與東湖路33巷口,0,0,1,1,C03,8,5,5,30,3,1,1,4,4,5,13,4,4,5,4,5,2,16,1,16,3,10,5,1,7,6,2,18,1,14,72,1,21,121.6135149,25.0688507
114,04,26,21,45,10文山區,文山區萬安街與萬安街22巷口,0,0,1,1,B01,7,5,5,50,3,1,1,4,4,5,13,4,4,10,5,5,2,17,1,51,3,10,3,4,7,11,1,4,1,17,10,1,21,121.5706032,25.0008136
114,04,26,22,20,12內湖區,內湖區民權東路6段296巷與民權東路6段口,0,0,1,1,B03,7,5,5,50,3,1,1,5,4,5,13,2,1,1,4,5,2,16,1,65,3,10,7,1,7,6,1,8,1,5,9,1,21,121.6052428,25.0724746
114,04,26,22,43,07信義區,信義區忠孝東路5段191號,0,0,1,1,B03,8,5,5,50,14,9,1,5,4,5,13,4,4,1,4,5,2,17,1,25,3,10,7,1,7,8,1,8,1,7,100,1,22,121.56953,25.041082
114,04,26,23,33,10文山區,文山區辛亥路5段25巷與辛亥路5段口,0,0,2,1,B03,7,5,5,30,4,1,1,5,4,5,12,2,1,5,5,5,2,16,1,26,3,10,7,1,7,5,1,8,2,5,71,1,21,121.5540723,24.9998606
114,04,27,02,56,09北投區,北投區行義路與同德街口,0,0,2,1,C03,7,5,5,40,4,1,1,5,4,5,13,2,1,5,2,5,2,16,1,69,2,9,5,1,7,9,1,10,2,11,81,1,21,121.5270078,25.1253068
114,04,27,07,08,03中山區,中山區長安東路2段與伊通街口,0,0,1,1,B01,7,7,6,50,4,1,1,5,4,5,13,4,4,10,4,5,2,16,1,40,3,10,7,1,7,5,1,4,2,1,71,1,21,121.5353126,25.0485488
114,04,27,08,32,03中山區,中山區民生東路2段95號,0,0,1,1,B01,8,7,5,50,14,9,1,5,4,5,13,4,4,5,4,5,2,11,1,58,3,10,7,1,7,11,1,4,1,5,10,1,21,121.531124,25.058042
114,04,27,09,16,12內湖區,內湖區內湖路1段392號,0,0,1,1,B03,8,6,5,50,14,7,1,5,4,5,13,2,1,1,4,4,2,12,1,74,3,10,7,1,7,8,1,8,1,7,100,1,21,121.5731433,25.0807731
114,04,27,09,50,05中正區,中正區愛國西路與延平南路口,0,0,1,1,B03,8,7,5,50,4,4,1,5,4,5,13,1,1,1,4,5,2,17,1,30,3,10,7,1,7,14,1,8,2,5,42,1,21,121.5083729,25.0369309
114,04,27,09,54,03中山區,中山區南京東路2段與吉林路口,0,0,2,1,C03,8,6,5,50,4,1,1,5,4,5,13,1,1,5,4,5,2,17,2,23,2,9,6,4,7,15,1,10,1,11,74,1,21,121.5301103,25.0520071
114,04,27,09,59,02萬華區,萬華區富民路與萬大路493巷12弄口,0,0,1,1,C03,8,6,5,30,3,2,1,5,4,5,13,4,4,10,4,5,1,17,2,63,2,9,3,4,7,5,1,10,1,13,73,1,22,121.4979017,25.0190878
114,04,27,10,30,12內湖區,內湖區文德路22巷27弄與文德路22巷9弄口,0,0,1,1,B03,7,5,5,30,3,2,1,5,4,5,13,4,4,10,5,5,2,17,1,43,3,10,7,1,7,1,1,8,2,4,19,1,21,121.5795376,25.0764757
114,04,27,11,04,07信義區,信義區松智路與松智路29巷口,0,0,1,1,B01,8,6,5,50,3,2,1,5,4,5,13,4,4,9,5,5,2,16,1,36,3,10,7,1,7,5,1,4,1,8,8,1,21,121.5653658,25.0314243
114,04,27,11,28,12內湖區,內湖區安康路25巷與安康路口,0,0,1,1,B12,7,6,5,50,4,1,1,5,4,5,13,2,1,5,4,5,2,13,1,56,3,10,3,4,7,5,1,8,1,1,16,1,22,121.5934497,25.0626207
114,04,27,12,15,08士林區,士林區通河街76巷與承德路4段10巷口,0,0,2,1,B03,8,6,5,30,4,1,1,5,4,5,13,4,4,5,5,5,2,15,1,77,3,10,7,1,7,9,1,8,1,8,72,1,21,121.5201432,25.0801284
114,04,27,12,17,09北投區,北投區行義路192巷與行義路口,0,0,2,1,B01,8,6,5,30,3,1,1,5,4,5,13,4,4,10,5,5,2,16,1,66,3,10,7,1,7,5,1,4,2,1,72,1,26,121.5285926,25.133213
114,04,27,12,44,07信義區,信義區基隆路2段145號,0,0,1,1,B01,8,6,5,50,14,9,1,5,4,5,13,4,4,1,4,5,2,12,1,39,3,10,7,1,7,15,1,4,1,2,17,1,21,121.5557224,25.0270422
114,04,27,12,45,04大安區,大安區新生南路2段與金華街口,0,0,1,1,F01,8,6,5,50,4,1,1,5,4,5,13,1,1,8,3,5,2,29,2,23,2,8,3,4,7,9,8,20,1,17,42,1,21,121.5338664,25.0307956
114,04,27,13,00,04大安區,大安區忠孝東路3段217巷,0,0,11,1,A02,7,5,5,50,14,9,1,5,4,5,13,4,4,1,4,5,1,13,1,45,3,10,7,1,7,9,1,2,2,1,108,1,21,121.5400596,25.0417653
114,04,27,13,10,07信義區,信義區忠孝東路5段345巷1號,0,0,1,1,C03,8,6,5,30,14,9,1,5,4,5,13,4,4,10,5,5,2,17,1,46,2,8,3,4,7,11,1,10,1,14,10,1,21,121.5740605,25.0411378
114,04,27,13,26,10文山區,文山區萬美街1段與萬和街口,0,0,2,1,C03,8,6,5,40,3,2,1,5,4,5,13,2,1,10,5,5,2,13,1,40,2,8,6,1,7,5,1,10,1,11,108,1,21,121.5666376,25.0020463
114,04,27,13,29,03中山區,中山區北安路與大直街口,0,0,2,1,B03,8,6,6,50,4,1,1,5,4,5,13,2,1,8,3,5,2,16,1,35,3,10,7,4,7,6,1,8,2,17,9,1,21,121.5492324,25.084179
114,04,27,14,25,04大安區,大安區忠孝東路4段181巷7弄3號,0,0,1,1,C03,8,6,5,30,14,9,1,5,4,5,13,4,4,10,5,5,1,18,1,36,2,9,5,1,7,9,1,10,1,14,42,1,21,121.5509695,25.0421008
114,04,27,14,30,09北投區,北投區大度路3段301巷204號,0,0,1,1,B01,8,6,5,30,14,9,4,5,4,5,13,4,4,10,5,5,2,2,1,58,3,10,7,1,7,9,1,3,1,5,77,1,21,121.4646148,25.11771626
114,04,27,14,39,12內湖區,內湖區成功路2段325號前,0,0,1,1,C03,8,7,5,50,14,9,1,5,4,5,13,2,1,1,4,5,2,13,1,56,2,9,6,1,7,9,1,10,2,11,16,1,21,121.5898598,25.0715813
114,04,27,15,09,03中山區,中山區復興北路與長春路口,0,0,2,1,C03,8,7,5,50,4,1,1,5,4,5,13,2,1,1,4,5,2,16,1,60,2,8,6,1,7,9,1,10,1,11,44,1,21,121.5439872,25.0546448
114,04,27,15,38,07信義區,信義區忠孝東路5段與松仁路口,0,0,2,1,B12,8,6,5,50,4,2,1,5,4,5,13,2,1,10,4,5,2,12,1,29,3,10,3,4,7,9,1,8,1,2,17,1,21,121.5685932,25.041
114,04,27,15,43,04大安區,大安區復興南路2段302號,0,0,1,1,B03,8,6,5,40,14,8,1,5,4,5,13,2,1,9,4,4,1,12,2,48,3,10,3,4,7,3,1,8,1,5,18,1,21,121.5433125,25.023723
114,04,27,15,50,08士林區,士林區雙溪街與福華路口,0,0,1,1,C03,7,7,5,50,3,1,1,5,4,5,13,4,4,9,4,5,1,17,1,39,2,8,5,1,7,5,1,10,2,12,72,1,21,121.5237823,25.09992508
114,04,27,15,58,11南港區,南港區忠孝東路7段與研究院路1段口,0,0,3,1,F01,8,6,5,50,14,9,1,5,4,5,13,4,4,5,4,5,2,11,1,67,2,9,6,1,7,8,8,20,1,13,100,1,22,121.6163179,25.0528615
114,04,27,16,10,03中山區,中山區民族東路60號,0,0,2,1,B03,8,6,5,50,14,9,1,5,4,5,13,4,4,5,4,5,2,12,2,68,3,10,3,4,7,9,1,8,1,2,108,1,21,121.5265707,25.0680958
114,04,27,16,42,05中正區,中正區莒光路2號,0,0,1,1,C03,8,7,5,50,14,9,1,5,4,5,13,4,4,1,4,5,2,12,1,42,3,10,5,1,7,6,1,10,1,12,9,1,21,121.5072469,25.0313086
114,04,27,16,57,05中正區,中正區中山北路1段與市民大道1段口,0,0,2,1,C03,8,6,5,50,4,1,1,5,4,5,13,1,1,5,4,5,2,13,1,34,2,8,6,4,7,9,1,10,2,11,108,1,22,121.5201876,25.04769928
114,04,27,16,57,12內湖區,內湖區舊宗路1段與行善路口,0,0,1,1,C03,8,6,5,50,4,1,1,5,4,5,13,2,1,1,4,5,2,17,1,33,3,10,5,1,7,9,1,10,2,17,30,1,21,121.5802488,25.0588191
114,04,27,17,00,09北投區,北投區聖景路142號,0,0,2,1,C03,8,6,5,40,11,9,1,5,4,5,13,4,4,10,5,5,2,11,1,59,2,8,5,1,7,9,1,10,2,14,5,1,21,121.4626623,25.1219299
114,04,27,17,13,01大同區,大同區南京西路25巷18-3號,0,0,2,1,H01,8,6,5,30,14,9,1,5,4,5,13,4,4,10,5,5,2,9,2,7,2,9,4,5,8,18,8,20,10,16,53,1,21,121.5204979,25.0550676
114,04,27,17,14,04大安區,大安區信義路3段與新生南路2段口,0,0,1,1,B03,8,6,5,40,4,2,1,5,4,5,13,2,1,10,5,5,2,16,1,37,3,10,3,4,7,8,1,8,2,1,80,1,22,121.5325906,25.0333182
114,04,27,18,00,08士林區,士林區中山北路6段與福國路口,0,0,1,1,B03,7,6,5,50,4,2,1,5,4,5,13,1,1,3,4,5,1,16,1,37,3,10,3,4,7,6,6,18,2,2,9,1,21,121.5253039,25.1027596
114,04,27,18,12,03中山區,中山區北安路與大直街口,0,0,2,1,C03,8,6,5,50,5,1,1,5,4,5,13,2,1,3,4,5,2,12,1,24,2,9,5,1,7,8,1,10,1,14,100,1,21,121.5473657,25.07989086
114,04,27,18,43,03中山區,中山區大直橋,0,0,2,1,B01,7,5,5,50,14,9,1,5,4,5,13,4,4,8,3,5,1,17,1,65,3,10,7,1,7,12,1,4,1,17,14,1,21,121.5443743,25.0793832
114,04,27,19,02,05中正區,中正區仁愛路2段與金山南路1段口,0,0,1,1,B03,8,6,5,50,4,1,1,5,4,5,13,1,1,3,4,5,1,12,1,56,3,10,7,1,7,15,1,8,2,8,80,1,22,121.5281882,25.0380327
114,04,27,19,14,05中正區,中正區中華路2段307巷與中華路2段口,0,0,1,1,A02,8,5,5,40,3,1,1,5,4,5,13,1,1,5,4,4,2,9,1,54,3,10,7,1,7,12,1,2,1,17,118,1,21,121.5054013,25.0286355
114,04,27,19,25,04大安區,大安區瑞安街與復興南路2段148巷口,0,0,2,1,C02,7,5,5,50,5,1,1,5,4,5,13,2,1,8,3,5,1,16,1,40,2,9,5,1,7,6,1,9,1,11,9,1,21,121.5412267,25.0284482
114,04,27,19,35,03中山區,中山區龍江路342巷與五常街53巷口,0,0,1,1,B02,8,6,5,50,4,1,1,5,4,5,13,4,4,5,5,5,2,1,1,47,3,10,3,4,7,5,1,8,1,4,8,1,22,121.5396956,25.0655548
114,04,27,20,02,03中山區,中山區吉林路175號,0,0,2,1,B03,8,6,5,40,14,9,1,5,4,5,13,4,4,8,4,4,2,12,1,21,3,10,3,4,7,9,1,8,1,2,108,1,22,121.5302901,25.0593847
114,04,27,20,09,10文山區,文山區木柵路2段109巷與秀明路1段19巷5弄口,0,0,1,1,C03,8,5,5,30,3,1,1,5,4,5,13,4,4,10,5,5,2,17,1,61,2,8,6,1,7,2,1,10,1,13,42,1,22,121.5630243,24.9899094
114,04,27,21,17,02萬華區,萬華區萬大路277巷與萬大路口側附近237巷10弄口,0,0,2,1,C03,7,5,5,30,4,1,1,5,4,5,13,4,4,10,5,5,2,16,1,22,2,9,5,1,7,9,1,10,1,14,72,1,22,121.5010549,25.0254282
114,04,27,22,43,09北投區,北投區公館路308巷與公館路228巷口口,0,0,2,1,C03,7,5,5,30,4,1,1,5,4,5,13,4,4,10,5,5,2,15,1,34,2,9,5,1,7,9,1,10,1,13,72,1,21,121.5057275,25.12523
114,04,27,23,00,01大同區,大同區鄭州路與鄭州路29巷口口,0,0,2,1,C03,7,5,5,40,3,1,1,5,4,5,13,1,1,8,3,5,2,13,1,19,2,7,6,1,7,9,1,10,9,11,16,1,21,121.5143295,25.0492967
114,04,27,23,20,03中山區,中山區林森北路與林森北路416巷口,0,0,2,1,C03,8,5,5,50,3,1,1,5,4,5,13,4,4,5,5,5,2,17,1,20,2,9,5,1,7,5,1,10,2,14,44,1,21,121.5255273,25.05972524
114,04,28,02,42,10文山區,文山區萬慶街64號,0,0,2,1,C03,7,5,5,30,3,2,1,4,4,5,13,4,4,10,5,5,2,17,2,18,2,9,6,1,7,9,3,18,2,11,89,1,21,121.5373237,24.994274
114,04,28,07,01,10文山區,文山區辛亥路7段與辛亥路7段5巷口口,0,0,1,1,B03,6,6,5,30,3,1,1,4,4,5,13,4,4,10,5,5,2,17,1,72,3,10,7,1,7,6,1,8,9,17,73,1,21,121.5525001,24.9872249
114,04,28,07,30,10文山區,文山區指南路3段43號,0,0,1,1,B03,6,6,5,30,14,9,1,4,4,5,13,4,4,10,5,5,1,12,1,44,3,10,7,1,7,1,1,8,1,4,19,1,21,121.5797034,24.9840884
114,04,28,07,44,09北投區,北投區明德路與明德路188巷口,0,0,1,1,C03,6,6,5,30,4,1,1,4,4,5,13,4,4,10,5,5,2,16,1,31,2,8,5,1,7,5,1,10,2,14,8,1,21,121.521487,25.1116362
114,04,28,07,50,03中山區,中山區林森北路477號,0,0,1,1,B03,7,7,8,50,22,22,1,4,4,5,13,4,4,10,5,5,2,9,2,50,3,10,7,1,7,1,1,8,1,1,19,1,21,121.5256058,25.06101863
114,04,28,07,51,11南港區,南港區研究院路2段9-2號,0,0,1,1,B03,6,6,5,50,14,9,1,4,4,5,13,4,4,1,4,5,2,17,1,34,3,10,7,1,7,13,1,8,1,4,40,1,21,121.6154203,25.0467064
114,04,28,08,00,06松山區,松山區光復北路與延壽街口,0,0,2,1,B03,6,6,5,50,4,1,1,4,4,5,13,2,1,5,5,5,2,16,2,53,3,10,3,4,7,5,1,8,1,1,71,1,22,121.5555616,25.0562483
114,04,28,08,20,04大安區,大安區和平東路2段與復興南路2段口,0,0,1,1,B03,6,6,5,50,4,1,1,4,4,5,13,2,1,1,4,5,1,11,1,49,3,10,3,4,7,8,1,8,1,2,100,1,21,121.5435484,25.024924
114,04,28,08,35,07信義區,信義區信義路5段150巷與信義路5段150巷445弄口,0,0,1,1,B02,6,6,5,30,3,1,1,4,4,5,13,4,4,9,4,5,2,17,1,52,3,10,7,1,7,5,1,4,1,4,72,1,22,121.572376,25.0222886
114,04,28,08,36,05中正區,中正區汀州路2段與廈門街口口,0,0,1,1,C03,6,6,5,50,4,2,1,4,4,5,13,1,1,5,5,5,2,17,2,63,2,8,5,1,7,12,1,10,2,14,42,1,21,121.5173015,25.0254472
114,04,28,08,44,05中正區,中正區青島東路與紹興南街口,0,0,1,1,B12,6,6,5,40,4,2,1,4,4,5,13,1,1,5,5,4,2,16,1,59,3,10,7,4,7,7,1,8,2,8,100,1,22,121.5244339,25.04331858
114,04,28,08,49,12內湖區,內湖區潭美街543號,0,0,1,1,B03,6,6,5,40,14,9,1,4,4,5,13,4,4,5,5,5,2,17,2,34,3,10,7,1,7,14,1,8,1,2,38,1,21,121.6003143,25.0608027
114,04,28,09,05,06松山區,松山區敦化北路155巷與敦化北路199巷2弄口,0,0,1,1,B03,6,6,5,30,4,1,1,4,4,5,13,4,4,5,5,5,2,15,1,39,3,10,3,4,7,9,1,8,1,1,72,1,22,121.5499539,25.0542782
114,04,28,09,30,02萬華區,萬華區桂林路與柳州街口,0,0,1,1,B01,6,6,5,50,4,1,1,4,4,5,13,2,1,5,5,5,2,16,1,54,3,10,7,1,7,6,1,4,1,5,9,1,26,121.5051159,25.03774959
114,04,28,09,50,07信義區,信義區松德路與松德路118巷口,0,0,1,1,B03,6,6,5,50,4,2,1,4,4,5,13,1,1,1,4,4,2,17,2,37,3,10,7,1,7,11,1,8,1,5,10,1,22,121.5747073,25.0373634
114,04,28,10,23,10文山區,文山區汀州路4段與無名巷口(181號旁),0,0,1,1,B03,6,6,5,50,3,1,1,4,4,5,13,4,4,5,5,5,2,16,1,54,3,10,7,1,7,5,1,8,1,6,8,1,21,121.5355579,25.0040931
114,04,28,10,49,03中山區,中山區建國高架道往北（民權匝道出口處）,0,0,4,1,B02,7,5,5,40,10,16,1,5,4,5,13,4,4,1,4,5,2,17,1,31,2,9,3,4,7,7,1,15,2,5,108,1,21,121.5370397,25.05963124
114,04,28,11,06,03中山區,中山區錦州街與松江路口,0,0,1,1,B01,6,6,5,50,4,18,1,4,4,5,13,2,1,1,5,5,2,3,1,64,3,10,7,1,7,5,1,4,1,4,70,1,21,121.5331227,25.0602623
114,04,28,11,27,06松山區,松山區八德路3段106巷與八德路3段口,0,0,1,1,B03,6,7,5,50,5,1,1,4,4,5,13,1,1,5,4,5,2,17,1,63,4,11,3,4,7,5,7,19,11,15,119,2,22,121.5536526,25.0481493
114,04,28,11,45,05中正區,中正區市民大道1段與中山北路1段口,0,0,2,1,C03,6,7,5,40,14,9,1,4,4,5,13,4,4,1,4,5,2,17,1,19,2,9,5,1,7,9,1,10,1,11,108,1,21,121.5201014,25.0481054
114,04,28,12,10,08士林區,士林區承德路4段40巷26號,0,0,1,1,C03,8,7,5,50,14,9,1,5,4,5,13,4,4,9,4,5,1,17,1,41,2,8,5,1,7,1,1,10,2,14,19,1,21,121.5219168,25.08099765
114,04,28,12,33,03中山區,中山區復興北路150號,0,0,1,1,C03,8,6,5,50,14,9,1,5,4,5,13,2,1,8,3,5,2,12,1,52,2,7,5,4,7,10,1,10,2,11,100,1,21,121.5439884,25.0523287
114,04,28,12,45,05中正區,中正區中華路2段與中華路2段175巷口口,0,0,2,1,C03,8,6,5,50,4,1,1,5,4,5,13,4,4,5,4,5,1,17,1,66,2,8,6,1,7,11,1,10,11,14,103,1,21,121.5041158,25.0300305
114,04,28,12,56,07信義區,信義區忠孝東路5段423巷4弄13號,0,0,1,1,B03,7,6,5,30,14,9,1,5,4,5,13,4,4,10,5,5,2,17,1,33,3,10,7,1,7,1,1,8,1,5,19,1,21,121.5758349,25.041365
114,04,28,13,25,08士林區,士林區德行西路與磺溪街口,0,0,1,1,B03,8,6,5,50,3,2,1,5,4,5,13,2,1,9,4,5,1,13,1,54,3,10,7,1,7,9,1,8,2,1,108,1,21,121.5233106,25.1056701
114,04,28,15,51,11南港區,南港區重陽路202號,0,0,1,1,B03,7,6,5,50,14,8,1,5,4,5,13,4,4,5,5,4,2,16,2,62,3,10,3,4,7,5,1,8,1,5,8,1,22,121.6030262,25.0576342
114,04,28,16,16,05中正區,中正區市民大道2段1001805號燈桿,0,0,1,1,B01,8,7,5,40,14,9,1,5,4,5,13,4,4,10,4,5,2,12,1,22,3,10,7,1,7,9,1,4,2,2,17,1,21,121.5234647,25.0477744
114,04,28,16,30,05中正區,中正區中山南路2巷,0,0,1,1,B01,7,6,5,30,14,9,2,4,5,5,13,4,4,10,5,5,1,12,1,64,3,10,7,1,7,9,1,4,2,2,108,1,21,121.5187226,25.0450783
114,04,28,16,41,01大同區,大同區太原路33號,0,0,1,1,B03,7,6,5,50,14,9,1,5,4,5,13,4,4,5,2,5,2,17,2,59,3,10,7,4,7,11,1,8,1,7,94,1,21,121.515552,25.0508455
114,04,28,16,49,05中正區,中正區中正橋與中正橋口水源快速道路匝道口,0,0,3,1,B03,8,7,8,50,8,9,1,5,4,5,13,4,4,1,4,5,2,12,2,49,2,9,7,1,7,7,1,8,2,3,100,1,21,121.5163846,25.0218041
114,04,28,16,56,08士林區,士林區士東路91巷與士東路91巷26弄口,0,0,1,1,C03,8,6,5,30,4,2,1,5,4,3,13,4,4,9,5,5,2,17,1,57,4,11,3,4,7,15,7,19,8,14,4,2,21,121.5296988,25.1134712
114,04,28,17,00,09北投區,北投區公館路與公館路308巷口,0,0,2,1,C03,7,7,5,30,4,1,1,5,4,5,13,4,4,5,5,5,1,16,1,46,2,9,6,1,7,5,1,10,1,14,72,1,22,121.506502,25.12458708
114,04,28,17,00,12內湖區,內湖區潭美街551號,0,0,1,1,B02,7,5,5,40,14,9,1,5,4,5,13,4,4,10,5,5,2,16,2,47,3,10,7,1,7,6,1,8,2,5,9,1,21,121.6006512,25.0608482
114,04,28,17,03,02萬華區,萬華區西寧南路與漢口街2段口,0,0,1,1,B01,7,5,5,50,4,1,1,5,4,5,13,1,1,10,3,5,2,12,1,48,3,10,3,4,7,1,1,8,1,4,19,1,22,121.5067336,25.0455636
114,04,28,17,38,02萬華區,萬華區成都路與康定路口,0,0,1,1,C03,8,6,5,50,4,1,1,5,4,5,13,2,1,10,4,5,2,17,1,32,2,9,6,1,7,5,1,10,1,14,8,1,21,121.502721,25.0435205
114,04,28,17,40,01大同區,大同區重慶北路3段312巷與重慶北路3段口,0,0,1,1,B03,7,6,5,30,3,1,1,5,4,5,13,4,4,1,4,5,2,17,1,41,3,10,7,4,7,6,1,8,1,5,80,1,21,121.5142771,25.0738312
114,04,28,18,05,07信義區,信義區永吉路491巷9弄與永吉路491巷7弄口,0,0,1,1,C03,7,5,5,30,4,1,1,5,4,2,12,4,4,10,5,5,2,15,2,41,2,8,3,4,7,9,1,11,1,12,75,1,22,121.5797335,25.0463749
114,04,28,18,10,03中山區,中山區長春路281號,0,0,1,1,B01,8,7,5,50,14,9,1,5,4,5,13,4,4,10,4,4,2,17,1,68,3,10,7,1,7,6,1,4,9,17,80,1,21,121.5417832,25.0546751
114,04,28,18,13,04大安區,大安區建國南路1段與新生南路1段103巷口,0,0,1,1,B03,8,6,5,50,4,1,1,5,4,5,13,2,1,1,4,5,1,16,1,22,3,10,3,4,7,5,1,8,1,6,8,1,21,121.5372862,25.0406902
114,04,28,18,24,02萬華區,萬華區桂林路53號,0,0,1,1,B01,7,5,5,50,14,9,1,5,4,5,13,4,4,8,3,5,2,16,1,69,3,10,3,4,7,5,1,8,1,2,8,1,22,121.5033778,25.0381239
114,04,28,18,28,03中山區,中山區中山北路2段與民權西路口,0,0,1,1,C03,8,5,5,50,4,1,1,5,4,5,13,1,1,1,4,5,2,12,1,21,3,10,6,1,7,9,1,10,1,12,108,1,22,121.5225169,25.0626539
114,04,28,18,39,01大同區,大同區重慶北路3段236巷5弄與重慶北路3段252巷口,0,0,1,1,C03,8,5,5,50,4,1,1,5,4,5,13,4,4,10,5,5,2,17,1,35,2,7,5,4,7,9,1,10,1,12,72,1,21,121.5138258,25.0711701
114,04,28,18,39,06松山區,松山區三民路與三民路43巷口,0,0,3,1,C03,7,5,5,50,4,1,1,5,4,5,13,1,1,5,4,5,2,17,1,73,2,8,6,1,7,5,1,10,2,14,8,1,21,121.5636956,25.056072
114,04,28,19,04,05中正區,中正區信義路2段與新生南路1段口,0,0,1,1,C03,8,5,5,50,4,1,1,5,4,5,13,2,1,1,4,5,2,16,1,19,3,10,5,1,7,10,1,10,2,13,100,1,25,121.5325275,25.0336704