發生年度,發生月,發生日,發生時-Hours,發生分,區序,肇事地點,死亡人數,2-30日死亡人數,受傷人數,當事人序號,車種,天候,光線,道路類別,速限-速度限制,道路型態,事故位置,路面狀況1,路面狀況2,路面狀況3,道路障礙1,道路障礙2,號誌1,號誌2,車道劃分-分向,車道劃分-分道1,車道劃分-分道2,車道劃分-分道3,事故類型及型態,性別,年齡,受傷程度,主要傷處,保護裝置,行動電話,車輛用途,當事者行動狀態,駕駛資格情形,駕駛執照種類,飲酒情形,車輛撞擊部位1,肇因碼-個別,個人肇逃否,職業,座標-X,座標-Y
114,04,28,19,04,12內湖區,內湖區港墘路250號前,0,0,1,1,B03,7,5,5,50,14,9,1,5,4,5,13,4,4,1,4,5,2,13,2,36,3,10,7,1,7,9,1,8,9,1,16,1,21,121.5734346,25.0749939
114,04,28,19,08,12內湖區,內湖區文德路208巷與文德路90巷口,0,0,1,1,B03,7,5,5,50,4,1,1,5,4,5,13,2,1,5,5,5,2,12,1,26,3,10,3,4,7,11,1,8,2,4,10,1,22,121.5836062,25.0771558
114,04,28,19,14,12內湖區,內湖區民權東路6段220號,0,0,1,1,C03,7,5,5,40,14,8,1,5,4,5,13,4,4,1,3,4,1,12,2,55,2,9,3,4,7,9,1,10,1,14,118,1,21,121.5994466,25.0667299
114,04,28,19,31,06松山區,松山區民生東路5段與撫遠街口口,0,0,1,1,C03,7,5,5,50,4,2,1,5,4,5,13,2,1,1,4,5,2,13,2,22,2,9,6,1,7,9,1,10,1,11,16,1,21,121.5681732,25.0595004
114,04,28,19,31,11南港區,南港區興華路與重陽路口,0,0,3,1,B03,7,5,5,50,4,2,1,5,4,5,13,1,1,5,4,4,2,15,1,46,3,10,3,4,7,9,1,6,1,8,81,1,21,121.605311,25.0579198
114,04,28,19,52,07信義區,信義區吳興街220巷59弄與吳興街156巷65弄口,0,0,1,1,F01,7,5,5,30,4,1,1,5,4,5,13,4,4,5,4,4,2,16,2,64,2,9,4,1,7,9,8,20,1,11,86,1,21,121.5590427,25.0271079
114,04,28,20,02,03中山區,中山區民族東路與林森北路口,0,0,2,1,C03,7,7,5,50,14,9,1,5,4,5,13,2,1,8,3,5,1,17,2,18,2,7,5,1,7,7,3,18,2,14,108,1,21,121.5258991,25.06839881
114,04,28,21,22,04大安區,大安區安和路2段172號,0,0,3,1,C03,8,5,5,50,14,9,1,5,4,5,13,3,1,1,4,5,2,13,2,61,2,9,3,4,7,9,1,10,1,11,108,1,21,121.5500546,25.025486
114,04,28,21,35,08士林區,士林區中山北路5段465號,0,0,2,1,C03,7,5,5,40,14,9,1,5,4,5,13,4,4,1,4,5,2,13,1,18,3,10,6,1,7,9,1,10,2,11,16,1,22,121.5277798,25.0929458
114,04,28,21,40,04大安區,大安區金華街199巷與金華街199巷3弄口,0,0,1,1,B03,7,5,5,30,4,1,1,5,4,5,13,4,4,8,3,5,1,15,1,45,3,10,7,1,7,9,1,8,1,4,72,1,21,121.528159,25.0306748
114,04,28,21,49,07信義區,信義區松德路25巷與松山路540巷口,0,0,1,1,C03,7,6,5,30,4,1,1,5,4,5,13,4,4,10,5,5,2,3,2,45,3,10,6,1,7,9,1,9,2,11,108,1,22,121.5776469,25.0376595
114,04,28,21,50,09北投區,北投區中央北路1段118號前,0,0,2,1,C03,7,5,5,50,14,9,1,5,4,5,13,4,4,9,5,5,2,17,1,69,2,9,5,1,7,11,1,10,1,14,10,1,21,121.4992999,25.134974
114,04,28,23,24,05中正區,中正區羅斯福路1段與林森南路地下道口,0,0,1,1,B12,8,5,5,30,4,1,1,5,4,5,13,1,1,10,4,5,1,17,1,45,2,3,7,1,7,9,1,8,1,1,16,1,21,121.5183344,25.0330805
114,04,28,23,40,04大安區,大安區建國南路1段336號,0,0,1,1,B01,7,5,5,50,14,9,1,5,4,5,13,4,4,1,4,5,2,13,1,64,3,10,3,4,7,6,1,4,1,3,9,1,22,121.538102,25.0349606
114,04,29,00,15,09北投區,北投區致遠一路1段與文林北路244巷口,0,0,1,1,C03,7,5,5,30,3,1,1,5,4,5,13,4,4,9,5,5,2,16,2,41,2,8,6,1,7,5,1,10,1,14,72,1,21,121.5153186,25.1092706
114,04,29,00,35,08士林區,士林區中山北路6段與德行東路口,0,0,1,1,C03,8,5,5,50,4,1,1,5,4,5,13,2,1,1,4,5,2,17,1,21,2,9,6,1,7,9,1,10,1,11,81,1,25,121.5249498,25.10649031
114,04,29,00,35,07信義區,信義區松山路292巷與虎林街口,0,0,1,1,C03,7,5,5,30,4,1,1,5,4,5,13,4,4,10,5,5,2,15,1,24,2,9,3,4,7,9,1,10,1,11,99,1,22,121.5771566,25.0432967
114,04,29,02,03,01大同區,大同區安西街與延平北路2段272巷口,0,0,1,1,C03,7,5,5,30,4,1,1,5,4,5,13,4,4,10,5,5,2,17,1,31,2,9,6,1,7,9,3,18,2,11,72,1,21,121.5097548,25.0620786
114,04,29,06,13,02萬華區,萬華區萬大路388號,0,0,1,1,B03,8,7,5,30,14,9,1,5,4,5,13,1,1,9,5,5,2,14,1,46,2,9,7,1,7,2,3,18,9,6,42,1,21,121.4987406,25.0218182
114,04,29,06,42,03中山區,中山區中山北路2段128巷與中山北路2段128巷6弄口,0,0,1,1,C03,8,7,5,30,4,1,1,5,4,5,13,4,4,10,5,5,1,15,1,55,3,10,5,1,7,9,1,10,1,12,72,2,21,121.5211246,25.05031372
114,04,29,07,13,06松山區,松山區民權東路4段與三民路口,0,0,1,1,C03,8,5,5,50,3,1,1,5,4,5,13,1,1,1,4,4,2,13,1,30,2,9,6,1,7,9,1,10,1,11,16,1,21,121.5628478,25.0627513
114,04,29,07,25,10文山區,文山區木柵路4段159巷（062電幹旁）,0,0,2,1,C03,8,6,5,30,11,9,1,5,4,5,13,4,4,10,5,5,2,10,1,42,2,9,3,4,7,9,1,9,1,11,44,1,26,121.5696259,25.001297
114,04,29,07,25,11南港區,南港區興南街與興南街52巷口,0,0,1,1,C03,8,7,5,30,3,2,1,5,4,5,13,4,4,8,4,5,2,17,2,65,2,9,5,1,7,5,1,10,1,14,72,1,21,121.6033802,25.05687281
114,04,29,07,30,08士林區,士林區承德路5段N0.1101935燈桿,0,0,1,1,C03,8,6,5,60,14,8,1,5,4,5,13,4,4,1,4,4,1,17,1,24,3,10,5,1,7,8,1,10,2,13,100,1,21,121.5161616,25.09235358
114,04,29,08,00,12內湖區,內湖區行善路111巷與舊宗路1段30巷口口,0,0,1,1,C03,8,6,5,50,3,2,1,5,4,5,13,4,4,5,5,5,2,12,1,68,3,10,5,1,7,9,1,10,9,12,16,1,21,121.5798949,25.0577883
114,04,29,08,09,11南港區,南港區成福路211巷4號,0,0,1,1,C03,8,6,5,30,14,9,1,5,4,5,13,4,4,9,5,5,1,16,2,56,2,8,5,1,7,4,1,10,1,11,1,1,22,121.5897916,25.0401299
114,04,29,08,10,12內湖區,內湖區大湖街與八連路二段329巷口,0,0,1,1,B03,8,6,5,30,3,1,1,5,4,5,13,4,4,10,5,5,1,16,1,44,3,10,7,1,7,5,1,8,2,4,8,1,21,121.609329,25.10574556
114,04,29,08,12,10文山區,文山區興隆路4段105巷52號,0,0,1,1,C03,8,6,5,30,14,9,1,5,4,5,13,1,1,5,5,5,1,13,1,28,2,8,6,1,7,9,1,9,1,11,16,1,21,121.5623795,24.9873599
114,04,29,08,14,01大同區,大同區塔城街北門捷運站2號出口,0,0,1,1,C03,8,6,5,50,14,9,1,5,4,5,13,4,4,5,5,5,2,12,1,18,2,1,6,1,7,9,1,10,1,14,108,1,22,121.5104382,25.0493931
114,04,29,08,16,02萬華區,萬華區漢口街2段69號,0,0,2,1,C03,8,7,5,50,14,9,1,5,4,5,13,4,4,10,4,5,2,12,1,31,2,7,5,1,7,7,1,10,1,14,100,1,21,121.5053057,25.0460615
114,04,29,08,30,03中山區,中山區新生北路1段與南京東路1段口,0,0,1,1,C03,8,7,5,50,4,2,1,5,4,5,13,1,1,1,4,5,2,13,2,27,3,10,6,1,7,9,1,10,1,11,16,1,21,121.5282541,25.05207424
114,04,29,08,52,01大同區,大同區延平北路2段與民權西路口,0,0,2,1,C03,8,6,5,50,4,1,1,5,4,5,13,2,1,1,4,5,2,17,1,63,2,7,6,4,7,6,1,10,11,12,9,1,22,121.5110867,25.0628191
114,04,29,09,20,07信義區,信義區虎林街與虎林街56巷口,0,0,1,1,C03,8,6,5,30,4,1,1,5,4,5,13,4,4,9,5,5,1,15,1,55,2,9,5,1,7,9,1,10,1,12,72,1,22,121.5769487,25.046505
114,04,29,09,30,05中正區,中正區中山南路與凱達格蘭大道口,0,0,1,1,B03,8,6,5,50,5,1,1,5,4,5,13,1,1,1,4,5,2,16,2,34,3,10,7,1,7,6,1,8,2,5,9,1,22,121.5173559,25.0392321
114,04,29,09,46,02萬華區,萬華區艋舺大道與西藏路口,0,0,1,1,B01,8,6,5,50,4,1,1,5,4,5,13,2,1,5,4,4,2,3,1,51,3,10,7,1,7,5,1,4,1,1,70,1,26,121.4919066,25.02896787
114,04,29,09,50,04大安區,大安區信義路3段與建國南路2段口,0,0,1,1,B03,8,6,5,50,4,1,1,5,4,5,13,2,1,1,4,5,1,16,1,64,3,10,3,4,7,6,1,8,1,5,9,1,21,121.5375642,25.0333383
114,04,29,10,23,08士林區,士林區中山北路5段與中正路口口,0,0,1,1,B13,7,7,5,50,4,1,1,5,4,5,13,2,1,8,3,4,2,12,1,59,4,11,7,1,7,10,1,8,11,15,100,2,21,121.5279791,25.0958706
114,04,29,10,24,01大同區,大同區民族西路86號,0,0,1,1,C03,8,6,5,50,14,9,1,5,4,5,13,4,4,5,5,5,2,13,2,60,2,8,6,1,7,9,1,10,1,11,16,1,22,121.5171973,25.0685176
114,04,29,10,26,04大安區,大安區信義路3段134巷與信義路3段口,0,0,2,1,C03,8,7,5,50,4,2,1,5,4,5,13,2,1,8,3,5,1,12,2,28,2,8,5,1,7,12,1,10,1,11,108,1,26,121.539319,25.0333544
114,04,29,10,33,03中山區,中山區民權東路3段4號,0,0,1,1,C03,7,7,5,50,14,9,1,5,4,5,13,4,4,10,4,5,2,17,1,52,2,9,5,1,7,8,1,10,1,12,100,1,21,121.5384428,25.0621654
114,04,29,10,45,01大同區,大同區錦西街與興城街口,0,0,1,1,C03,8,7,5,50,14,9,1,5,4,5,13,4,4,5,4,5,2,17,2,26,2,9,3,4,7,9,1,10,1,14,17,1,21,121.5174896,25.0601554
114,04,29,10,50,02萬華區,萬華區峨眉街與成都路133巷口,0,0,1,1,C03,8,6,5,30,4,1,1,5,4,3,13,4,4,10,5,5,2,15,1,65,2,9,5,1,7,9,1,10,1,11,72,1,22,121.5038326,25.0442743
114,04,29,10,55,08士林區,士林區福國路15巷與中山北路5段811巷口,0,0,2,1,C03,8,7,5,30,4,1,1,5,4,5,13,4,4,10,4,5,1,17,1,30,2,9,5,1,7,9,1,10,2,14,72,1,21,121.5245971,25.10090364
114,04,29,11,08,05中正區,中正區鄭州路與重慶北路1段口,0,0,2,1,C03,8,5,5,40,4,2,1,5,4,5,13,1,1,9,4,5,2,17,1,75,2,9,5,1,7,15,1,10,2,12,17,1,21,121.5134768,25.0492395
114,04,29,12,15,10文山區,文山區辛亥路6段31號,0,0,1,1,C03,8,5,5,50,14,9,1,5,4,3,13,4,4,1,4,5,1,12,2,25,2,9,6,1,7,7,1,10,1,14,100,1,21,121.5525079,24.9896483
114,04,29,12,26,06松山區,松山區北寧路60之3號,0,0,2,1,C04,7,6,5,50,14,9,1,5,4,5,13,4,4,5,4,5,2,17,1,48,2,9,6,1,7,1,1,10,9,11,19,1,21,121.5526814,25.050434
114,04,29,12,30,02萬華區,萬華區和平西路3段382巷與和平西路3段382巷12弄口,0,0,2,1,C03,8,6,5,30,4,1,1,5,4,5,13,4,4,10,5,5,2,15,2,68,2,9,6,1,7,9,3,18,1,11,75,1,22,121.4914597,25.0345146
114,04,29,12,30,05中正區,中正區鄭州路與承德路1段口,0,0,2,1,F01,8,7,5,0,4,1,1,5,4,5,13,1,1,10,5,5,2,15,1,80,2,7,4,1,7,9,8,20,2,14,81,1,21,121.516418,25.048687
114,04,29,12,33,03中山區,中山區建國北路2段19巷與建國北路2段口,0,0,1,1,B03,8,6,5,30,3,1,1,5,4,3,13,4,4,10,5,5,2,15,1,58,3,10,3,4,7,9,1,8,1,8,72,1,21,121.5376535,25.0543267
114,04,29,12,40,10文山區,文山區福興路73號,0,0,1,1,C03,8,6,5,30,11,9,1,5,4,5,13,4,4,10,5,5,2,17,1,17,2,9,6,1,7,9,2,18,2,11,42,1,21,121.5499163,25.003801
114,04,29,12,40,12內湖區,內湖區內湖路2段103巷66號,0,0,1,1,B12,8,6,5,30,14,9,1,5,4,5,13,4,4,9,5,5,2,16,1,67,3,10,7,1,7,1,1,8,2,1,80,1,21,121.5808115,25.0829566
114,04,29,12,41,10文山區,文山區指南路2段221號（070831）燈桿,0,0,1,1,B03,8,6,5,40,14,9,1,5,4,5,13,4,4,9,5,5,2,17,1,35,3,10,3,4,7,9,1,10,9,2,77,1,21,121.5670038,25.00214899
114,04,29,12,45,05中正區,中正區羅斯福路4段與羅斯福路4段52巷口口,0,0,1,1,B01,8,6,5,30,3,1,1,5,4,5,13,4,4,10,5,5,1,17,1,60,3,10,7,1,7,6,1,4,2,1,99,1,21,121.5340868,25.0146348
114,04,29,12,47,03中山區,中山區長安東路2段與吉林路口,0,0,1,1,B01,8,6,5,50,4,2,1,5,4,5,13,1,1,5,4,5,2,11,1,67,3,10,7,1,7,9,1,4,1,2,17,1,21,121.5301484,25.0484674
114,04,29,13,43,07信義區,信義區市民大道5段12號,0,0,2,1,C03,8,6,5,50,14,9,1,5,4,5,13,2,1,1,4,5,2,13,2,64,2,1,6,1,7,9,1,10,1,11,16,1,22,121.5594683,25.0456562
114,04,29,13,51,10文山區,文山區木柵路2段138巷（10號貨車裝卸專用區）,0,0,1,1,B12,8,6,5,30,14,9,1,5,4,5,13,4,4,5,5,5,2,17,1,44,3,10,3,4,7,1,1,8,1,4,19,1,22,121.5623302,24.9874442
114,04,29,14,10,12內湖區,內湖區內湖路2段103巷與環山路3段口,0,0,1,1,B03,8,6,5,30,3,2,1,5,4,5,13,2,1,5,5,5,2,3,1,60,3,10,7,1,7,5,1,8,2,1,70,1,21,121.5791287,25.08436677
114,04,29,15,05,06松山區,松山區市民大道4段與敦化南路1段口,0,0,1,1,B03,8,6,5,40,4,2,1,5,4,5,13,2,1,9,4,5,2,16,2,25,3,10,7,1,7,6,1,8,1,2,9,1,22,121.5491582,25.04493202
114,04,29,15,27,01大同區,大同區延平北路4段與延平北路4段294巷口,0,0,1,1,C03,8,6,5,50,3,2,1,5,4,5,13,2,1,1,4,5,2,17,1,47,3,10,5,4,7,9,6,18,6,13,21,1,21,121.5127013,25.077228
114,04,29,15,30,01大同區,大同區承德路2段與民生西路口,0,0,1,1,B03,8,7,5,50,4,2,1,5,4,5,13,2,1,1,4,5,2,17,1,69,3,10,3,4,7,15,1,8,1,5,16,1,21,121.5179684,25.0573176
114,04,29,15,46,03中山區,往西（市民大道停車場林森金山入口處）,0,0,1,1,C04,7,5,5,40,14,9,1,5,4,5,13,4,4,1,4,5,2,12,2,21,2,8,3,4,7,14,1,11,1,14,44,1,21,121.5244843,25.04833961
114,04,29,15,51,04大安區,大安區羅斯福路3段與師大路口,0,0,1,1,C03,8,5,5,50,4,1,1,5,4,5,13,2,1,5,5,5,2,16,1,27,2,9,6,1,7,9,1,10,1,12,17,1,21,121.5276908,25.021237
114,04,29,15,55,04大安區,大安區辛亥路2段171巷與辛亥路2段171巷16弄口,0,0,2,1,C03,7,6,5,30,4,1,1,5,4,5,13,4,4,9,5,5,2,16,1,21,2,9,5,1,7,5,1,10,1,14,44,1,21,121.5411118,25.0223503
114,04,29,16,10,03中山區,中山區新生北路3段與濱江街口,0,0,1,1,B02,8,7,5,40,3,2,1,5,4,5,13,3,1,9,4,5,2,16,1,42,3,10,7,1,7,9,1,8,1,2,72,1,21,121.5289296,25.07087763
114,04,29,16,18,07信義區,信義區莊敬路391巷與莊敬路391巷1弄口口,0,0,1,1,C03,8,5,5,30,4,1,1,5,4,5,13,4,4,9,5,5,2,15,2,51,2,9,6,1,7,9,1,10,1,11,72,1,22,121.5656651,25.0279117
114,04,29,16,22,09北投區,北投區石牌路1段與承德路7段口,0,0,1,1,C03,8,7,5,50,3,1,1,5,4,5,13,2,1,5,4,5,2,16,1,22,2,9,6,1,7,6,1,10,1,11,9,1,22,121.5093545,25.1125977
114,04,29,17,10,08士林區,士林區至善路2段與至善路2段口中影前,0,0,2,1,B03,8,6,5,50,3,2,1,5,4,5,13,1,1,1,4,4,2,17,1,50,3,10,7,1,7,6,1,8,2,2,9,1,22,121.5440883,25.0969573
114,04,29,17,12,06松山區,松山區復興北路地下道往南機車慢行牌面,0,0,2,1,C03,8,5,5,40,7,9,1,5,4,5,13,4,4,7,2,5,2,13,2,19,2,1,6,3,7,9,1,10,1,11,16,1,21,121.5442575,25.06751508
114,04,29,17,14,12內湖區,內湖區康樂街61巷,0,0,1,1,C03,7,6,6,30,14,9,5,5,4,5,13,4,4,10,5,5,2,13,2,48,2,8,6,1,7,9,1,10,1,11,16,1,22,121.6198748,25.0685392
114,04,29,17,33,08士林區,士林區延平北路8段2巷與延平北路8段2巷200弄口,0,0,2,1,C04,8,6,5,30,3,1,1,5,4,5,13,4,4,10,5,5,1,16,1,39,2,9,6,1,7,5,1,11,1,14,72,1,26,121.4900439,25.1097792
114,04,29,17,49,03中山區,中山區德惠街7-1號,0,0,1,1,B03,8,7,5,50,14,9,1,5,4,5,13,4,4,9,5,5,2,16,1,57,3,10,7,1,7,5,1,8,1,8,44,1,21,121.5237842,25.06677275
114,04,29,17,57,10文山區,文山區羅斯福路6段389號,0,0,1,1,C03,8,6,5,50,14,9,1,5,4,5,13,4,4,1,4,5,2,13,2,61,2,1,6,1,7,9,1,10,2,11,108,1,21,121.5407705,24.9926116
114,04,29,18,04,03中山區,中山區建國高架道南往北(197號燈桿),0,0,1,1,B03,7,6,5,70,14,9,1,5,4,5,13,4,4,9,3,4,1,17,1,61,3,10,7,1,7,7,1,8,1,4,100,1,21,121.5340806,25.0674578
114,04,29,18,13,12內湖區,內湖區瑞光路26巷20弄26號,0,0,1,1,C03,8,5,5,50,14,9,1,5,4,5,13,4,4,5,4,5,2,17,1,43,3,10,5,1,7,5,1,10,1,17,8,1,21,121.5821143,25.0699126
114,04,29,18,40,12內湖區,內湖區內湖路2段179巷242號,0,0,1,1,C03,7,5,5,50,14,9,1,5,4,5,13,1,1,4,3,5,1,13,1,39,2,9,3,4,7,9,1,10,1,11,16,1,21,121.583947,25.084512
114,04,29,18,41,04大安區,大安區忠孝東路3段與建國南路1段口,0,0,1,1,B01,8,5,5,50,4,1,1,5,4,5,13,2,1,1,4,5,2,16,1,65,3,10,7,1,7,5,1,4,1,7,8,1,26,121.5368855,25.0417066
114,04,29,18,42,05中正區,中正區中山北路1段與市民大道1段口,0,0,2,1,C03,8,5,5,50,4,1,1,5,4,5,13,2,1,1,4,5,2,13,1,34,2,9,5,1,7,9,1,10,2,11,81,1,21,121.5206119,25.0481068
114,04,29,19,01,12內湖區,內湖區安康路與東湖路160巷10弄口,0,0,4,1,C03,8,6,5,50,3,2,1,5,4,5,13,4,4,5,5,5,2,12,2,56,2,8,6,1,7,8,1,10,1,12,100,1,21,121.6155918,25.0677514
114,04,29,19,02,02萬華區,萬華區西寧南路與洛陽街口,0,0,2,1,C03,8,5,5,50,4,1,1,5,4,5,13,2,1,9,4,5,2,16,1,55,3,10,6,1,7,5,1,9,1,12,71,1,22,121.5073655,25.0475696
114,04,29,19,05,07信義區,信義區信義路5段180號,0,0,1,1,C03,7,5,5,40,7,9,1,5,4,5,13,4,4,10,4,5,2,29,2,43,2,8,6,4,7,9,1,10,1,11,116,1,22,121.5737003,25.032851
114,04,29,19,39,03中山區,中山區新生北路2段與民權東路1段口,0,0,2,1,B03,8,5,5,50,3,1,1,5,4,5,13,4,4,5,5,5,2,14,1,53,3,10,7,1,7,2,1,8,1,3,12,1,22,121.5273978,25.062366
114,04,29,19,44,10文山區,文山區景華街85號,0,0,1,1,C03,8,5,5,30,14,9,1,5,4,5,13,4,4,10,5,5,2,17,1,80,2,8,6,1,7,9,1,10,1,11,108,1,21,121.5458657,24.99529261
114,04,29,20,10,12內湖區,內湖區康寧路3段75巷50號,0,0,1,1,C03,7,5,5,30,14,9,1,5,4,5,13,3,1,4,4,5,1,13,2,54,2,7,3,4,7,9,1,10,1,11,108,1,21,121.6091006,25.0738959
114,04,29,20,11,04大安區,大安區敦化南路2段與四維路154巷口,0,0,1,1,C03,7,5,5,50,4,1,1,5,4,5,13,1,1,1,4,5,1,17,1,21,2,9,5,1,7,5,1,10,1,13,98,1,21,121.5485715,25.031008
114,04,29,21,13,02萬華區,萬華區長沙街2段93號昆明街上,0,0,3,1,B03,8,5,5,50,14,9,1,5,4,5,13,4,4,10,4,5,2,17,1,73,3,10,7,1,7,14,1,8,1,17,40,1,21,121.5044004,25.0407207
114,04,29,21,25,10文山區,文山區試院路8號,0,0,1,1,B03,8,5,5,30,14,9,1,5,4,5,13,4,4,9,5,5,1,16,2,37,3,10,7,1,7,11,1,8,1,4,80,1,21,121.5494552,24.9885199
114,04,29,21,33,05中正區,中正區羅斯福路4段與羅斯福路4段90巷口,0,0,2,1,C03,7,5,5,50,3,1,1,5,4,5,13,2,1,2,3,5,2,17,2,26,2,9,6,1,7,9,1,10,1,11,16,1,22,121.5347348,25.014235
114,04,29,22,00,03中山區,中山區中山北路1段與長安東路1段口,0,0,2,1,C03,8,5,5,50,4,1,1,5,4,5,13,1,1,1,4,5,2,12,2,19,2,9,5,1,7,8,1,10,1,14,100,1,21,121.5217042,25.0497767
114,04,29,22,09,08士林區,士林區天母西路71號,0,0,1,1,A02,8,5,5,50,14,9,1,5,4,5,13,4,4,5,5,5,2,9,1,47,3,10,3,4,7,1,1,2,9,17,44,1,21,121.5234376,25.11608778
114,04,29,22,17,11南港區,南港區南港路1段與興華路口,0,0,2,1,C03,8,5,7,50,14,7,1,5,4,5,13,2,1,4,4,4,2,17,1,20,2,9,3,4,7,9,1,10,2,11,44,1,21,121.6064444,25.0542785
114,04,29,22,32,08士林區,士林區格致路1106115燈桿,0,0,2,1,C03,7,5,5,40,14,9,1,5,4,5,13,4,4,4,5,5,1,17,1,22,2,9,6,1,7,5,1,10,1,13,8,1,21,121.5313987,25.10489349
114,04,29,22,40,03中山區,中山區市民大道3段137號,0,0,1,1,C03,8,5,5,40,14,9,1,5,4,5,13,4,4,1,4,5,2,13,1,30,2,9,5,1,7,9,3,18,2,11,108,1,21,121.5388506,25.0447381
114,04,29,23,08,05中正區,中正區貴陽街1段與博愛路口,0,0,2,1,C03,8,5,5,50,4,1,1,5,4,5,13,1,1,5,4,5,2,17,1,20,2,9,6,1,7,5,3,18,2,12,71,1,21,121.511182,25.038975
114,04,29,23,10,03中山區,中山區龍江路132巷與長春路258巷口,0,0,1,1,B03,8,5,5,30,4,1,1,5,4,5,13,4,4,10,5,5,2,15,1,19,3,10,7,1,7,9,1,8,2,8,72,1,22,121.5391016,25.0542714
114,04,30,00,24,03中山區,中山區林森北路與新生北路3段88巷口,0,0,1,1,B03,8,5,5,50,4,1,1,5,4,5,13,4,4,9,4,5,2,17,1,31,3,10,7,1,7,11,1,8,1,8,10,1,21,121.5257449,25.0678801
114,04,30,00,30,09北投區,北投區光明路與光明路口口,0,0,1,1,B01,7,5,5,50,3,18,1,5,4,5,13,3,1,10,5,5,2,3,1,45,3,10,7,1,7,9,1,4,1,5,70,1,21,121.5042085,25.136391
114,04,30,00,34,02萬華區,萬華區西園路2段與東園街口,0,0,1,1,C03,8,5,5,50,3,1,1,5,4,5,13,1,1,1,4,5,2,13,1,25,2,9,5,1,7,9,1,10,1,11,16,1,21,121.4952694,25.0282941
114,04,30,04,53,02萬華區,萬華區萬大路與環河快速道路口,0,0,1,1,F07,8,6,5,50,4,1,1,5,4,5,13,2,1,1,4,5,2,15,1,52,2,9,4,1,7,9,8,20,1,17,85,1,22,121.4953279,25.0165015
114,04,30,05,34,05中正區,中正區三元街與寧波西街口,0,0,1,1,H01,8,7,5,0,4,1,1,5,4,5,13,2,1,9,4,5,2,3,2,57,3,10,4,5,8,16,8,20,10,16,122,1,21,121.5114546,25.0280948
114,04,30,06,32,03中山區,中山區八德路2段174巷24弄與建國南路1段口,0,0,2,1,C03,8,6,5,30,3,1,1,5,4,5,13,4,4,1,5,5,2,15,1,42,2,9,5,4,7,9,1,10,1,11,108,1,22,121.5369779,25.0454056
114,04,30,07,52,07信義區,信義區基隆路1段51號,0,0,2,1,C03,8,5,5,50,14,9,1,5,4,5,13,4,4,1,3,5,2,13,1,19,2,9,6,1,7,9,1,10,1,11,14,1,21,121.5684006,25.04741
114,04,30,07,58,05中正區,中正區羅斯福路1段與林森南路口口,0,0,1,1,C03,8,6,5,50,5,1,1,5,4,5,13,1,1,1,4,4,2,13,1,51,2,7,6,1,7,9,1,10,1,11,16,1,21,121.5180286,25.0329778
114,04,30,08,00,10文山區,文山區興隆路3段與辛亥路4段口口,0,0,1,1,C03,8,6,5,50,4,1,1,5,4,5,13,2,1,1,2,5,2,13,1,39,2,8,6,1,7,6,3,18,1,11,9,1,21,121.5546778,25.0009143
114,04,30,08,08,06松山區,松山區敦化北路199巷與敦化北路199巷口北側道路,0,0,1,1,B03,8,7,5,30,3,1,1,5,4,5,13,2,1,9,4,5,2,3,1,47,3,10,7,1,7,6,1,8,11,15,44,2,21,121.5513155,25.05662029
114,04,30,08,30,03中山區,中山區中山北路3段（往北水晶情人橋前）,0,0,1,1,A02,8,7,5,50,14,9,1,5,4,5,13,4,4,9,4,5,2,12,1,42,3,10,7,1,7,9,1,2,1,5,44,1,21,121.5235073,25.07040554
114,04,30,08,35,12內湖區,內湖區內湖路1段與港墘路口,0,0,1,1,B03,8,5,5,50,4,2,1,5,4,5,13,2,1,1,4,5,1,12,1,72,3,10,7,1,7,9,1,8,2,2,44,1,21,121.5770768,25.0796552
114,04,30,08,37,10文山區,文山區興隆路1段13號,0,0,2,1,B03,8,6,5,50,14,9,1,5,4,5,10,4,4,5,4,5,2,16,2,46,3,10,7,1,7,1,1,8,2,8,19,1,21,121.5394964,25.00426259
114,04,30,08,45,08士林區,士林區延平北路6段與延平北路6段199巷口,0,0,1,1,C03,8,6,5,30,3,2,1,5,4,5,13,4,4,9,5,5,1,17,1,57,3,10,5,1,7,6,1,10,2,17,9,1,21,121.5057923,25.0894377
114,04,30,08,47,06松山區,松山區市民大道6段0204130燈桿旁,0,0,1,1,C03,8,6,5,40,14,9,1,5,4,5,13,4,4,1,4,5,2,12,1,33,3,10,6,1,7,9,1,10,1,11,44,1,21,121.5796555,25.0495048
114,04,30,08,51,07信義區,信義區信義路5段與基隆路2段口,0,0,2,1,B03,8,6,5,50,4,1,1,5,4,5,13,2,1,8,3,5,2,17,1,59,3,10,3,4,7,9,1,8,1,1,42,1,21,121.5594182,25.032673
114,04,30,09,00,03中山區,中山區合江街188巷與合江街口,0,0,1,1,B03,7,5,5,30,4,1,1,5,4,5,13,4,4,5,5,5,2,15,2,56,3,10,3,4,7,9,1,8,1,1,72,1,21,121.539353,25.06125055
114,04,30,09,07,08士林區,士林區延平北路7段257號,0,0,1,1,C03,8,6,5,50,14,9,1,5,4,5,13,4,4,5,5,5,2,17,2,29,2,9,6,1,7,15,1,10,1,12,108,1,21,121.4876828,25.1028853
114,04,30,09,10,11南港區,南港區松河街與重陽路187巷口,0,0,1,1,C03,8,6,5,50,3,1,1,5,4,5,13,4,4,5,5,5,2,13,2,31,2,9,6,4,7,9,1,10,2,14,16,1,21,121.5980567,25.0583153