發生年度,發生月,發生日,發生時-Hours,發生分,區序,肇事地點,死亡人數,2-30日死亡人數,受傷人數,當事人序號,車種,天候,光線,道路類別,速限-速度限制,道路型態,事故位置,路面狀況1,路面狀況2,路面狀況3,道路障礙1,道路障礙2,號誌1,號誌2,車道劃分-分向,車道劃分-分道1,車道劃分-分道2,車道劃分-分道3,事故類型及型態,性別,年齡,受傷程度,主要傷處,保護裝置,行動電話,車輛用途,當事者行動狀態,駕駛資格情形,駕駛執照種類,飲酒情形,車輛撞擊部位1,肇因碼-個別,個人肇逃否,職業,座標-X,座標-Y
114,05,03,23,54,05中正區,中正區南昌路1段與南海路口口,0,0,1,1,C03,7,5,5,30,4,1,4,5,4,5,13,1,1,10,4,5,2,15,1,29,3,10,5,1,7,9,1,10,1,12,81,1,21,121.516302,25.0323882
114,05,04,00,07,05中正區,中正區詔安街與詔安街26巷口,0,0,1,1,B01,6,5,5,30,4,1,1,4,4,5,13,4,4,10,5,5,2,15,1,55,3,10,7,4,7,9,1,4,2,8,72,1,21,121.5159602,25.0251196
114,05,04,02,49,01大同區,大同區忠孝西路2段14號對面,0,0,1,1,C03,7,5,5,50,14,9,1,5,4,5,13,4,4,1,4,5,2,29,1,21,2,9,3,4,7,15,1,10,4,11,42,1,21,121.5092696,25.0482365
114,05,04,05,37,02萬華區,萬華區康定路與三水街口,0,0,2,1,C03,8,5,5,50,4,2,1,5,4,5,13,1,1,10,5,5,2,17,1,79,2,9,3,4,7,5,1,10,1,12,8,1,21,121.501344,25.0360339
114,05,04,06,09,02萬華區,萬華區桂林路與西昌街口,0,0,2,1,C02,8,5,5,50,4,1,1,5,4,5,13,1,1,5,4,4,2,15,1,42,2,9,5,4,7,9,1,9,1,11,118,1,21,121.5004974,25.0384637
114,05,04,06,34,02萬華區,萬華區環河快速道路往北第6010979號燈桿,0,0,1,1,B12,7,7,5,70,14,9,1,5,4,5,13,4,4,1,4,5,2,13,1,47,2,9,7,1,7,9,1,8,1,1,108,1,21,121.5025307,25.0458541
114,05,04,07,14,10文山區,文山區興隆路4段75號,0,0,1,1,C03,8,6,5,50,14,9,1,5,4,5,13,4,4,1,4,5,2,12,1,39,2,9,5,1,7,9,3,18,2,11,108,1,21,121.5600369,24.9891668
114,05,04,07,23,02萬華區,萬華區環河南路1段與康定路口,0,0,2,1,C03,7,7,5,50,3,2,1,5,4,5,13,1,1,8,3,5,2,13,1,55,2,9,5,1,7,9,1,10,1,12,44,1,21,121.5030447,25.0460187
114,05,04,08,54,12內湖區,內湖區康寧路3段與康寧路3段75巷口,0,0,1,1,C03,8,6,5,50,3,2,1,5,4,5,13,2,1,1,4,5,2,17,1,22,3,10,6,1,7,5,1,10,1,14,83,1,21,121.6095002,25.07160445
114,05,04,09,02,07信義區,信義區松壽路2號,0,0,1,1,C03,8,6,5,50,14,9,1,5,4,5,13,4,4,8,3,5,2,12,1,52,2,7,3,4,7,8,1,10,1,14,100,1,22,121.5631948,25.0359016
114,05,04,09,45,06松山區,松山區民權東路3段與光復北路口,0,0,1,1,B01,8,6,5,50,4,2,1,5,4,5,13,1,1,1,3,5,2,17,1,64,3,10,7,4,7,5,1,4,11,1,42,1,21,121.5543628,25.0619407
114,05,04,09,45,08士林區,士林區基河路與福德路口,0,0,1,1,B03,8,7,5,50,3,2,1,5,4,5,13,2,1,5,4,5,1,17,1,24,3,10,7,1,7,6,1,8,1,5,9,1,21,121.5209514,25.0921955
114,05,04,10,05,08士林區,士林區東山路25巷,0,0,1,1,B03,8,5,5,30,14,9,1,5,4,5,13,1,1,10,5,5,1,10,1,71,3,10,7,1,7,9,1,8,1,1,81,1,21,121.5413776,25.1218348
114,05,04,10,22,02萬華區,萬華區漢口街2段53巷與漢口街2段口,0,0,2,1,C03,7,5,5,50,3,1,1,5,4,5,13,4,4,5,4,5,2,17,2,38,2,9,5,1,7,5,1,10,1,14,8,1,21,121.5062122,25.0458382
114,05,04,10,23,04大安區,大安區通安街與文昌街口,0,0,1,1,C03,8,6,5,30,4,2,1,5,4,5,13,1,1,9,4,5,2,12,2,24,2,9,6,1,7,15,1,10,1,14,100,1,21,121.5533303,25.0327115
114,05,04,10,38,07信義區,信義區松仁路與松高路口,0,0,1,1,C03,8,6,5,50,4,1,1,5,4,5,13,1,1,9,4,5,2,12,1,64,2,9,5,1,7,7,1,10,1,12,100,1,22,121.5683355,25.0391434
114,05,04,10,45,06松山區,松山區八德路4段與東興路口,0,0,2,1,C03,7,6,5,50,4,2,1,5,4,5,13,1,1,9,4,5,2,16,1,18,2,9,6,1,7,6,1,10,1,12,9,1,21,121.5654484,25.0491364
114,05,04,10,55,02萬華區,萬華區環河南路1段與康定路口,0,0,1,1,C03,7,5,5,50,3,1,1,5,4,5,13,1,1,8,3,4,2,16,1,29,2,9,5,4,7,6,1,10,1,11,9,1,22,121.5032611,25.0459584
114,05,04,11,01,03中山區,中山區南京東路3段與復興北路口,0,0,2,1,C03,8,7,5,40,4,1,1,5,4,5,13,1,1,1,4,4,2,13,1,44,2,9,5,1,7,9,1,10,1,11,16,1,22,121.5436748,25.0517605
114,05,04,11,06,04大安區,大安區樂利路97號,0,0,2,1,C03,7,7,5,40,14,9,1,5,4,5,13,4,4,10,4,5,2,12,1,34,2,9,5,4,7,15,1,10,1,11,16,1,21,121.5521523,25.0255584
114,05,04,11,20,02萬華區,萬華區萬大路與長泰街口,0,0,1,1,B03,8,7,5,50,4,2,1,5,4,5,13,1,1,2,4,5,2,17,1,71,3,10,7,1,7,6,1,7,1,2,9,1,21,121.4995275,25.0227188
114,05,04,11,20,03中山區,中山區植福路11號前,0,0,1,1,B03,7,7,5,50,14,9,1,5,4,5,13,1,1,9,4,5,2,13,2,42,3,10,3,4,7,9,1,14,1,1,16,1,22,121.5578218,25.08416281
114,05,04,11,20,12內湖區,內湖區東湖路119巷與康樂街20巷口,0,0,1,1,B03,7,6,5,30,3,1,4,5,4,5,13,4,4,10,5,5,2,16,1,55,3,10,7,1,7,9,1,8,1,1,14,1,21,121.6165885,25.0688538
114,05,04,11,25,12內湖區,內湖區民權東路6段280巷25弄與民權東路6段280巷口,0,0,2,1,C03,8,7,5,30,4,1,1,5,4,5,13,4,4,10,5,5,2,15,1,22,2,9,5,1,7,9,1,10,2,12,75,1,21,121.6059543,25.0714681
114,05,04,12,15,06松山區,松山區南京東路5段與南京東路5段口333號旁無名巷,0,0,1,1,C03,7,6,5,30,3,2,1,5,4,5,8,4,4,10,5,5,2,17,1,51,3,10,5,1,7,6,1,10,1,11,9,1,21,121.5672536,25.0515073
114,05,04,12,18,01大同區,大同區延平北路2段與涼州街口,0,0,1,1,B03,7,6,5,50,4,2,1,5,4,5,13,1,1,5,2,5,2,17,1,32,3,10,7,1,7,5,1,8,1,1,108,1,21,121.5114099,25.06065984
114,05,04,12,25,09北投區,北投區北投路1段022燈桿,0,0,1,1,B03,7,7,5,50,8,9,1,5,4,5,13,4,4,5,2,5,1,12,2,42,3,10,3,4,7,4,1,8,1,2,1,1,21,121.50206,25.1218204
114,05,04,12,49,10文山區,文山區木柵路1段（考試院公車站牌）,0,0,1,1,A02,7,5,5,50,14,9,1,5,4,5,13,4,4,4,4,5,2,9,1,57,3,10,3,4,7,3,1,2,9,5,44,1,22,121.5495265,24.98743
114,05,04,13,38,01大同區,大同區民族西路66號,0,0,1,1,C03,8,6,5,50,14,9,1,5,4,5,13,1,1,5,4,5,2,17,1,38,2,9,6,1,7,9,1,9,2,14,44,1,21,121.5180724,25.0685052
114,05,04,15,20,05中正區,中正區忠孝東路2段與臨沂街口,0,0,1,1,C03,7,6,5,50,4,2,1,5,4,5,13,1,1,1,4,5,2,13,2,28,3,10,6,1,7,9,1,10,1,11,16,1,22,121.5310178,25.0429081
114,05,04,15,29,05中正區,中正區中山南路與信義路1段口,0,0,1,1,C03,7,5,5,40,4,2,1,5,4,5,13,1,1,1,4,1,2,3,1,22,3,10,5,1,7,6,1,10,2,11,70,1,21,121.5178984,25.03840727
114,05,04,16,05,08士林區,士林區至善路1段與福林路254巷口,0,0,1,1,B03,8,6,5,40,3,2,1,5,4,5,13,2,1,1,4,4,1,12,1,72,3,10,7,1,7,9,1,8,1,2,108,1,21,121.5371444,25.09820756
114,05,04,17,38,03中山區,中山區大佳河濱公園9號水門附近,0,0,2,1,F01,8,7,5,30,14,9,1,5,4,5,13,4,4,5,5,5,2,12,2,7,2,8,4,1,7,15,8,20,1,14,8,1,21,121.5373725,25.0756948
114,05,04,17,39,04大安區,大安區基隆路3段與辛亥路3段口,0,0,2,1,F01,7,5,5,50,4,2,1,5,4,5,13,1,1,1,4,1,1,9,2,27,2,9,4,1,7,9,8,20,1,11,118,1,21,121.5470157,25.0192716
114,05,04,18,38,05中正區,中正區和平西路2段與南海路口,0,0,1,1,C03,8,5,5,50,4,1,1,5,4,5,13,1,1,1,4,5,2,12,2,18,2,9,5,1,7,10,1,10,1,12,100,1,21,121.5094533,25.0304742
114,05,04,19,13,08士林區,士林區天母西路與天母西路50巷口,0,0,2,1,C03,8,5,5,50,3,2,1,5,4,5,13,4,4,9,4,5,1,13,1,22,2,9,6,1,7,9,1,10,1,11,16,1,25,121.5248543,25.11847907
114,05,04,19,20,12內湖區,內湖區舊宗路1段與行善路口,0,0,1,1,B12,7,5,5,50,14,9,1,5,4,5,13,1,1,1,5,5,2,13,1,53,3,10,7,1,7,9,1,8,2,1,108,1,21,121.5814669,25.0582461
114,05,04,19,27,05中正區,中正區汀州路3段與思源街口,0,0,1,1,B03,8,5,5,50,3,2,1,5,4,5,13,1,1,5,4,5,2,17,1,72,3,10,7,1,7,6,1,8,2,5,17,1,22,121.5322665,25.0150268
114,05,04,19,38,08士林區,士林區仰德大道1段110號國安局停車場前,0,0,1,1,C03,8,5,5,40,12,9,1,5,4,5,13,4,4,5,5,5,1,29,1,63,2,9,6,4,7,6,1,10,9,12,42,1,21,121.5365632,25.1085102
114,05,04,19,58,03中山區,中山區北安路與北安路621巷口,0,0,1,1,H01,7,5,5,50,4,1,1,5,4,5,13,1,1,3,4,5,2,9,2,67,2,9,4,5,8,20,8,20,10,16,60,1,21,121.5490257,25.08299169
114,05,04,19,59,12內湖區,內湖區民權東路6段與民權東路6段56巷口,0,0,1,1,B01,8,5,5,50,4,1,1,5,4,5,13,2,1,5,4,5,2,13,1,52,3,10,7,1,7,9,1,8,2,1,108,1,21,121.5845069,25.068613
114,05,04,20,02,02萬華區,萬華區環河南路2段與長順街口,0,0,1,1,C03,8,5,5,50,4,1,1,5,4,5,13,1,1,1,5,5,2,17,2,54,3,10,5,1,7,5,1,10,1,11,74,1,21,121.4907268,25.0313863
114,05,04,20,05,02萬華區,萬華區華中橋往新北市機車道(華中023標牌),0,0,1,1,C03,8,5,5,40,8,11,1,5,4,5,13,4,4,1,5,5,2,17,2,64,3,10,5,1,7,12,1,10,1,17,30,1,21,121.4954472,25.01566642
114,05,04,20,10,09北投區,北投區致遠二路80號與石牌路1段口,0,0,1,1,B03,7,5,5,50,14,9,1,5,4,5,13,4,4,5,4,5,2,17,1,31,3,10,3,4,7,6,1,8,2,5,9,1,22,121.5132265,25.114464
114,05,04,21,37,06松山區,松山區東興路與南京東路5段口,0,0,1,1,B03,7,5,5,50,3,2,1,5,4,5,13,2,1,1,3,5,2,2,1,68,3,10,3,4,7,5,1,8,2,8,70,1,21,121.5652239,25.0514207
114,05,04,22,54,07信義區,信義區吳興街220巷與吳興街220巷59弄口,0,0,1,1,B01,8,5,5,50,3,2,1,5,4,5,13,2,1,5,5,5,2,16,1,50,3,10,3,4,7,6,1,4,2,2,9,1,21,121.5616289,25.02659
114,05,04,23,28,03中山區,中山區長安東路2段與遼寧街口,0,0,1,1,B03,7,5,5,50,4,1,1,5,4,5,13,4,4,10,4,5,2,17,1,48,3,10,7,1,7,9,1,8,11,1,81,2,21,121.5421272,25.04826202
114,05,05,00,22,05中正區,中正區思源街1號,0,0,1,1,B02,6,5,8,50,22,22,1,4,4,5,13,1,1,1,4,4,2,12,1,36,3,10,7,1,7,11,1,8,1,8,92,1,21,121.5302767,25.013554
114,05,05,00,52,01大同區,大同區承德路2段與民生西路口,0,0,1,1,B01,8,5,5,50,5,18,1,5,4,5,13,2,1,1,4,5,2,9,1,66,3,10,7,1,7,5,6,18,2,1,70,1,21,121.5182548,25.05737147
114,05,05,01,12,03中山區,中山區中山北路2段與民生東路1段口,0,0,1,1,B03,7,5,5,50,14,9,1,5,4,5,13,1,1,5,4,5,2,13,2,25,3,10,3,4,7,9,1,8,1,1,108,1,21,121.5232183,25.0580022
114,05,05,07,16,03中山區,中山區民權東路2段與建國北路3段口,0,0,2,1,C03,8,6,5,50,4,4,1,5,4,5,13,4,4,9,4,5,2,13,2,58,2,7,5,1,7,9,1,11,1,11,108,1,21,121.5369377,25.0625212
114,05,05,07,16,08士林區,士林區中正路與文林路口,0,0,2,1,C03,8,6,5,50,4,1,1,5,4,5,13,2,1,1,4,5,1,13,1,72,2,7,5,1,7,5,1,10,1,11,16,1,21,121.5245956,25.09501964
114,05,05,07,32,02萬華區,萬華區西園路1段與西園路1段306巷口,0,0,1,1,B03,8,5,5,30,3,1,1,5,4,5,13,4,4,1,4,5,2,17,1,35,3,10,7,4,7,1,1,8,1,5,19,1,21,121.4983158,25.03344098
114,05,05,07,32,08士林區,士林區天母東路69巷6號停車格,0,0,1,1,B03,8,5,5,40,14,9,1,5,4,5,13,4,4,8,5,5,1,3,1,52,3,10,7,1,7,9,1,8,2,4,44,1,21,121.5344742,25.1186572
114,05,05,08,00,08士林區,士林區延平北路8段與延平北路8段5巷口口,0,0,1,1,C03,8,6,5,40,3,1,1,5,4,5,13,1,1,8,5,5,1,17,1,51,3,10,6,1,7,1,1,10,1,17,19,1,21,121.4871773,25.10327803
114,05,05,08,15,12內湖區,內湖區堤頂大道2段407巷與內湖路1段120巷15弄口,0,0,2,1,B03,7,6,5,50,14,9,1,5,4,5,13,4,4,9,5,5,2,16,1,41,3,10,3,4,7,6,1,8,1,2,9,1,21,121.5643048,25.0813746
114,05,05,08,20,03中山區,中山區中山北路2段與民生西路口,0,0,2,1,C03,7,6,5,50,4,1,1,5,4,5,13,2,1,1,5,1,2,11,1,24,2,9,6,1,7,9,1,10,1,14,108,1,22,121.5226869,25.0578464
114,05,05,08,29,05中正區,中正區金華街與羅斯福路1段83巷口,0,0,1,1,C03,8,6,5,50,3,1,1,5,4,5,13,4,4,9,4,5,1,13,1,35,3,10,5,1,7,9,1,10,1,11,108,1,21,121.5202777,25.0317965
114,05,05,08,30,12內湖區,內湖區成功路2段與成功路2段273巷口,0,0,1,1,B02,8,5,5,50,3,1,1,5,4,5,13,4,4,1,4,5,1,16,2,38,3,10,7,1,7,6,1,8,1,2,9,1,21,121.5909426,25.0684433
114,05,05,08,35,10文山區,文山區興隆路3段與興隆路3段207巷口,0,0,3,1,C03,8,6,5,50,3,1,1,5,4,5,13,2,1,1,4,5,2,16,1,63,2,9,6,1,7,5,1,10,2,12,71,1,21,121.5597704,24.9953207
114,05,05,08,36,04大安區,大安區新生南路1段與新生南路1段137巷口,0,0,2,1,C03,7,5,5,50,14,9,1,5,4,5,13,4,4,1,4,1,1,13,1,27,2,9,5,1,7,9,1,10,1,11,16,1,21,121.5329119,25.0371059
114,05,05,08,36,04大安區,大安區新生南路1段與新生南路1段137巷口,0,0,1,1,C03,8,6,5,50,14,9,1,5,4,5,13,4,4,1,4,5,2,13,1,64,3,10,6,1,7,9,1,10,1,11,16,1,21,121.5329131,25.0369853
114,05,05,08,40,12內湖區,內湖區民權東路6段與民權東路6段180巷口口,0,0,3,1,C03,8,6,5,50,4,1,1,5,4,5,13,2,1,1,4,5,2,13,1,53,2,9,5,1,7,9,1,10,2,11,108,1,21,121.5927406,25.0688386
114,05,05,08,50,11南港區,南港區南港路1段與三重路口,0,0,1,1,B01,8,6,6,50,5,1,1,5,4,5,13,2,1,1,3,5,2,16,1,50,3,10,3,4,7,11,1,4,2,17,98,1,21,121.6140479,25.0552423
114,05,05,08,54,05中正區,中正區忠孝西路1段與重慶南路1段口,0,0,2,1,B03,7,7,5,50,4,2,1,5,4,5,13,1,1,9,4,5,2,13,1,43,2,8,7,1,7,6,1,8,2,1,108,1,21,121.5132677,25.04711365
114,05,05,09,00,08士林區,士林區文林路與福國路口,0,0,1,1,C03,8,6,5,50,4,1,1,5,4,5,13,1,1,1,5,5,1,16,1,84,2,8,5,1,7,10,1,10,1,14,100,1,21,121.5207563,25.1017873
114,05,05,09,09,02萬華區,萬華區康定路與康定路278巷口,0,0,2,1,C03,7,7,5,30,3,1,1,5,4,5,13,4,4,10,5,5,2,15,1,39,2,9,5,1,7,9,1,10,1,11,108,1,21,121.5014555,25.0369377
114,05,05,09,21,06松山區,松山區民權東路3段166號,0,0,1,1,B03,8,5,5,50,14,9,1,5,4,5,13,4,4,9,4,5,2,17,1,31,3,10,7,1,7,7,1,8,1,4,100,1,21,121.5484112,25.06187227
114,05,05,09,39,04大安區,大安區忠孝東路4段270號,0,0,1,1,B01,8,6,5,50,14,9,1,5,4,5,13,4,4,9,4,5,1,13,1,54,3,10,3,4,7,8,1,4,1,6,100,1,21,121.555184,25.0413072
114,05,05,09,46,05中正區,中正區忠孝東路2段與金山南路1段口,0,0,1,1,C03,8,5,5,50,4,2,1,5,4,5,13,1,1,1,4,5,1,17,1,30,2,8,5,1,7,9,1,10,1,11,108,1,21,121.529882,25.0427898
114,05,05,09,59,08士林區,士林區延平北路7段106巷353號,0,0,2,1,C03,8,6,5,40,14,9,1,5,4,5,13,4,4,10,5,5,1,16,1,43,2,9,5,1,7,5,1,10,2,14,8,1,21,121.4955415,25.1084422
114,05,05,10,34,04大安區,大安區忠孝東路3段與建國南路1段口,0,0,1,1,B01,7,6,5,50,4,1,1,5,4,5,13,1,1,1,4,5,2,17,1,62,3,10,7,1,7,7,1,4,1,15,100,1,21,121.5365546,25.0418712
114,05,05,10,41,04大安區,大安區羅斯福路4段60號對面,0,0,1,1,B12,8,6,5,50,14,9,1,5,4,5,13,4,4,1,4,5,2,12,1,64,3,10,3,4,7,8,1,8,1,2,100,1,22,121.5343378,25.01487322
114,05,05,11,05,12內湖區,內湖區康寧路3段99巷17弄28號與康寧路3段75巷24弄口,0,0,2,1,C03,7,5,5,30,4,1,1,5,4,5,13,4,4,10,5,5,1,15,1,24,2,9,3,4,7,9,1,10,1,14,72,1,21,121.609726,25.0728893
114,05,05,11,23,12內湖區,內湖區舊宗路1段與新湖三路口,0,0,1,1,B03,8,6,5,50,4,1,1,5,4,5,13,2,1,1,4,5,2,16,1,71,3,10,7,1,7,5,1,8,2,4,83,1,21,121.5767895,25.0635228
114,05,05,12,01,04大安區,大安區臥龍街188巷與辛亥路3段157巷12弄口,0,0,2,1,C03,8,6,5,30,3,1,1,5,4,5,13,4,4,9,4,5,1,16,1,19,2,8,5,1,7,5,1,10,1,12,74,1,21,121.550632,25.0168722
114,05,05,12,25,10文山區,文山區興隆路3段與興隆路3段192巷口,0,0,2,1,C03,8,6,5,50,4,1,1,5,4,5,13,2,1,1,4,5,2,16,2,55,2,7,6,1,7,11,1,10,1,11,103,1,21,121.5588302,24.9980871
114,05,05,12,30,03中山區,中山區中原街與新生北路3段25巷口,0,0,2,1,C03,7,6,5,30,4,1,1,5,4,5,13,4,4,5,5,5,2,15,1,66,2,9,6,1,7,9,1,10,1,11,72,1,22,121.5290493,25.0644264
114,05,05,12,53,05中正區,中正區市民大道2段與林森北路口,0,0,4,1,C03,8,6,5,40,4,1,1,5,4,5,13,2,1,1,4,5,2,16,1,24,2,9,6,1,7,7,1,10,2,14,100,1,22,121.5241938,25.0477005
114,05,05,13,03,08士林區,士林區中正路與士商路口,0,0,3,1,C03,8,6,5,50,4,2,1,5,4,5,13,1,1,5,4,4,1,12,2,52,2,7,6,1,7,8,1,10,1,12,101,1,22,121.5191214,25.0926225
114,05,05,13,12,08士林區,士林區格致路與凱旋路口,0,0,1,1,B03,8,6,5,40,3,2,1,5,4,5,13,4,4,9,5,5,1,17,1,29,3,10,7,1,7,6,1,8,2,2,9,1,21,121.5463383,25.1369802
114,05,05,13,15,04大安區,大安區基隆路4段73巷,0,0,1,1,B03,8,6,5,30,14,8,1,5,4,5,13,4,4,9,4,4,1,16,1,73,3,10,3,4,7,7,1,8,1,2,100,1,21,121.5401881,25.0123933
114,05,05,13,40,12內湖區,內湖區康寧路3段189巷與東湖路43巷口,0,0,1,1,B12,7,5,5,30,4,1,1,5,4,5,13,4,4,10,5,5,1,15,1,35,3,10,3,4,7,9,1,8,1,4,72,1,21,121.6129399,25.0705918
114,05,05,14,10,05中正區,中正區汀州路3段27巷與汀州路3段27巷2弄口口,0,0,1,1,C03,8,6,5,30,3,1,1,5,4,5,13,4,4,10,5,5,1,17,2,29,2,7,6,1,7,15,1,10,2,11,42,1,21,121.5269288,25.0195581
114,05,05,14,35,03中山區,中山區市民大道2段49號,0,0,2,1,C03,8,6,5,40,14,9,1,5,4,5,13,4,4,1,4,5,2,16,1,75,2,8,5,1,7,1,1,10,1,13,19,1,21,121.5426875,25.0792422
114,05,05,15,00,06松山區,松山區民權東路3段與敦化北路口,0,0,1,1,C03,7,6,5,50,4,1,1,5,4,5,13,2,1,1,4,5,2,17,2,24,2,7,6,4,7,9,1,10,1,12,16,1,21,121.5504308,25.0614051
114,05,05,15,14,08士林區,士林區格致路與光華路口,0,0,3,1,C03,8,7,5,30,4,1,1,5,4,5,13,3,1,8,5,5,1,15,1,22,2,9,3,4,7,9,1,10,1,11,72,1,22,121.546364,25.1366767
114,05,05,15,17,08士林區,士林區中正路與志成街口,0,0,1,1,C03,8,5,5,50,14,9,1,5,4,5,13,4,4,3,4,5,2,16,1,19,2,9,5,1,7,9,1,10,1,11,13,1,21,121.5299072,25.09630766
114,05,05,15,30,08士林區,士林區永平街9巷與永平街9巷18弄口,0,0,2,1,C03,7,6,5,30,4,1,1,5,4,5,13,4,4,10,5,5,2,17,1,38,2,5,3,4,7,9,6,10,9,11,108,1,21,121.504284,25.0896966
114,05,05,16,07,07信義區,信義區忠孝東路5段423巷與忠孝東路5段423巷3弄口,0,0,1,1,C03,8,7,5,30,4,1,1,5,4,5,13,4,4,9,4,5,2,15,1,46,2,9,5,1,7,9,1,10,2,11,72,1,21,121.5753171,25.0413844
114,05,05,16,29,03中山區,中山區民權東路3段往西（榮星花園）,0,0,1,1,C03,8,6,5,50,14,9,1,5,4,5,13,2,1,8,3,5,2,13,2,29,2,9,6,4,7,9,1,10,2,11,108,1,21,121.5379351,25.0625005
114,05,05,16,32,04大安區,大安區復興南路1段247號,0,0,1,1,B03,7,7,5,50,14,9,1,5,4,5,13,4,4,1,4,5,2,17,4,,,,,,,,,,,,119,2,,121.5437915,25.0371625
114,05,05,16,33,06松山區,松山區南京東路3段333號,0,0,1,1,C03,7,6,5,50,14,7,1,5,4,5,13,4,4,1,3,4,2,12,2,18,2,9,6,1,7,7,1,10,1,14,100,1,22,121.5474325,25.0518475
114,05,05,16,57,08士林區,士林區文林路587巷與美崙街8巷口,0,0,1,1,C03,8,7,5,30,14,9,1,5,4,5,13,4,4,10,5,5,1,3,1,73,3,10,3,4,7,9,1,10,1,11,108,1,22,121.5229644,25.0981549
114,05,05,17,07,06松山區,松山區寶清街與南京東路5段291巷29弄口,0,0,1,1,C03,7,5,5,30,4,2,1,5,4,5,13,4,4,7,4,5,2,12,1,18,4,11,3,4,7,9,7,19,11,12,108,2,21,121.5678175,25.0527475
114,05,05,17,10,04大安區,大安區潮州街55巷與杭州南路2段61巷口,0,0,1,1,C03,8,7,5,30,4,1,1,5,4,5,13,4,4,10,5,5,2,15,1,67,2,9,6,1,7,9,1,10,1,12,75,1,21,121.5241859,25.030031
114,05,05,17,10,12內湖區,內湖區行忠路與行忠路178巷附近口,0,0,1,1,B11,8,6,5,50,3,2,1,5,4,5,13,4,4,5,4,5,2,16,1,66,3,10,7,1,7,1,1,4,1,8,19,1,21,121.5843967,25.0667348
114,05,05,17,15,04大安區,(和平東路2段109號前),0,0,1,1,B01,7,5,5,50,14,9,1,5,4,5,13,2,1,1,1,5,2,16,1,64,3,10,7,1,7,5,1,4,1,5,85,1,21,121.5402854,25.0254243
114,05,05,17,27,02萬華區,萬華區環河南路1段與漢口街2段口,0,0,2,1,C03,7,6,5,50,3,2,1,5,4,5,13,1,1,5,4,5,1,17,1,23,2,9,3,4,7,6,1,10,1,13,9,1,22,121.5036098,25.046436
114,05,05,17,28,12內湖區,內湖區內湖路1段91巷與內湖路1段91巷24弄口口,0,0,1,1,C03,7,5,5,30,3,1,1,5,4,5,13,4,4,4,5,5,2,16,2,73,2,8,6,1,7,5,1,10,1,11,72,1,21,121.5617843,25.0852548
114,05,05,17,30,08士林區,士林區福林路229號,0,0,1,1,B12,8,5,5,50,14,9,1,5,4,5,13,4,4,5,4,5,2,17,1,33,3,10,3,4,7,1,3,18,1,17,19,1,22,121.5342708,25.09798229
114,05,05,17,40,05中正區,中正區西藏路62巷與西藏路口,0,0,1,1,C03,8,6,5,30,4,2,1,5,4,5,13,1,1,3,4,5,2,17,1,42,3,10,5,1,7,1,1,10,2,17,19,1,21,121.5061021,25.0304633
114,05,05,17,41,05中正區,中正區金山南路1段71號,0,0,1,1,B03,8,6,5,50,14,9,1,5,4,5,13,4,4,3,4,5,2,13,1,43,3,10,7,1,7,9,1,8,2,1,108,1,22,121.5281187,25.03737656
114,05,05,17,45,05中正區,中正區南海路100號,0,0,1,1,B01,8,7,5,50,14,9,1,5,4,5,13,4,4,5,4,5,2,17,1,69,3,10,7,1,7,1,1,4,1,5,19,1,21,121.5082101,25.0282324
114,05,05,17,57,07信義區,信義區吳興街220巷與吳興街220巷73弄口,0,0,1,1,B03,8,6,8,50,22,22,2,5,4,3,10,4,4,5,4,5,2,17,2,40,3,10,3,4,7,1,1,8,2,1,19,1,21,121.5613392,25.0263154
114,05,05,18,02,07信義區,信義區信義路6段95號,0,0,1,1,C03,7,7,5,50,14,9,1,5,4,5,13,4,4,5,4,5,2,18,2,31,2,9,5,1,7,9,1,10,9,12,42,1,21,121.5776469,25.0359479
114,05,05,18,03,12內湖區,內湖區瑞光路412號前,0,0,1,1,C03,7,5,5,50,14,9,1,5,4,5,13,4,4,5,4,5,2,13,1,27,2,9,6,1,7,12,1,10,1,11,16,1,21,121.5702924,25.0784569
114,05,05,18,47,03中山區,中山區長春路45號前,0,0,3,1,C03,7,5,5,40,14,8,1,5,4,5,13,4,4,9,4,4,2,3,1,49,2,7,3,4,7,9,1,10,1,11,108,1,21,121.5261569,25.0549676
114,05,05,18,48,03中山區,中山區八德路2段與龍江路口,0,0,1,1,B01,7,5,5,50,3,1,1,5,4,5,13,1,1,5,4,5,2,16,1,55,3,10,3,4,7,1,1,4,1,8,19,1,21,121.5406527,25.0467719
114,05,05,18,49,09北投區,北投區承德路7段與承德路7段1巷口,0,0,1,1,B03,7,5,5,60,3,1,1,5,4,5,13,1,1,1,4,5,2,16,2,51,3,10,7,1,7,6,1,8,1,5,9,1,21,121.5105561,25.1109905
114,05,05,18,55,09北投區,北投區中央北路4段與學園路口,0,0,2,1,C03,7,5,5,50,4,1,1,5,4,5,13,1,1,10,4,5,2,16,1,19,2,9,5,1,7,5,1,10,1,12,71,1,22,121.4659501,25.1266828
114,05,05,18,55,12內湖區,內湖區內湖路1段227號,0,0,1,1,B03,8,5,5,40,14,9,1,5,4,5,13,4,4,1,4,5,2,17,1,40,3,10,7,1,7,1,1,8,1,15,19,1,21,121.5648641,25.0826781
114,05,05,19,21,11南港區,南港區研究院路1段57號,0,0,2,1,C03,8,5,5,50,4,1,1,5,4,5,13,2,1,3,4,5,2,16,1,43,3,10,5,1,7,5,1,10,1,13,8,1,22,121.6163083,25.0530068