發生年度,發生月,發生日,發生時-Hours,發生分,區序,肇事地點,死亡人數,2-30日死亡人數,受傷人數,當事人序號,車種,天候,光線,道路類別,速限-速度限制,道路型態,事故位置,路面狀況1,路面狀況2,路面狀況3,道路障礙1,道路障礙2,號誌1,號誌2,車道劃分-分向,車道劃分-分道1,車道劃分-分道2,車道劃分-分道3,事故類型及型態,性別,年齡,受傷程度,主要傷處,保護裝置,行動電話,車輛用途,當事者行動狀態,駕駛資格情形,駕駛執照種類,飲酒情形,車輛撞擊部位1,肇因碼-個別,個人肇逃否,職業,座標-X,座標-Y
114,05,05,19,30,12內湖區,內湖區民權東路6段296巷3號,0,0,1,1,B03,8,5,5,50,14,9,1,5,4,5,13,4,4,9,5,5,2,11,1,43,3,10,7,1,7,1,1,8,2,8,19,1,21,121.6056086,25.0723599
114,05,05,19,34,08士林區,士林區通河西街1段與重慶北路4段口,0,0,1,1,C03,7,5,5,50,3,2,1,5,4,5,13,1,1,10,5,5,1,17,1,50,3,10,6,1,7,9,6,18,2,12,81,1,21,121.5119043,25.0877274
114,05,05,20,30,02萬華區,萬華區華江橋往新北市汽車道,0,0,1,1,B01,8,5,5,50,8,7,1,5,4,5,13,4,4,1,5,1,2,17,1,67,2,9,7,1,7,9,1,4,1,8,108,1,26,121.4882012,25.03572301
114,05,05,21,40,03中山區,中山區長安東路1段51號前,0,0,3,1,C03,7,5,5,50,14,9,2,5,4,5,13,4,4,5,4,5,2,13,1,27,2,7,3,4,7,9,1,10,1,11,108,1,21,121.5261243,25.0488408
114,05,05,21,40,03中山區,中山區長安東路2段與龍江路口,0,0,1,1,B03,7,5,5,50,4,1,1,5,4,5,13,1,1,5,4,5,2,17,1,29,3,10,7,1,7,5,1,8,1,5,71,1,21,121.5404147,25.04840887
114,05,05,22,48,01大同區,大同區民族西路95號,0,0,1,1,H01,7,5,5,50,14,9,1,5,4,5,13,4,4,5,4,5,2,9,2,84,2,9,4,5,8,16,8,20,10,16,121,1,21,121.5175377,25.068565
114,05,05,23,00,08士林區,士林區通河西街2段與通河西街2段口堤外（百齡橋堤外汽機車停車場）,0,0,2,1,C03,8,5,5,30,3,1,1,5,4,5,13,4,4,10,5,5,2,10,1,24,2,8,6,1,7,9,1,10,1,11,72,1,21,121.5115597,25.09054498
114,05,06,00,30,09北投區,北投區大度路與承德路7段401巷620弄口,0,0,1,1,B03,7,5,5,70,5,18,1,5,4,5,13,2,1,1,2,4,1,3,1,46,3,10,7,1,7,9,1,8,2,2,118,1,21,121.485855,25.121914
114,05,06,04,23,11南港區,南港區忠孝東路6段與東新街口,0,0,1,1,C03,8,5,5,50,4,1,1,5,4,5,13,1,1,1,3,5,2,17,1,43,2,9,5,1,7,9,1,10,1,11,81,1,21,121.5850443,25.0480104
114,05,06,05,02,11南港區,南港區南港路1段190號,0,0,1,1,B12,7,7,5,50,14,9,1,5,4,5,13,4,4,5,4,5,2,17,1,23,3,10,7,1,7,11,1,8,2,4,10,1,21,121.6112488,25.0551539
114,05,06,06,05,05中正區,中正區漢口街1段與重慶南路1段口,0,0,1,1,F03,7,6,5,50,4,1,1,5,4,5,13,2,1,10,4,5,2,17,1,65,3,10,5,1,7,8,8,20,9,17,100,1,21,121.5132633,25.0451696
114,05,06,07,15,08士林區,士林區中山北路5段631號,0,0,1,1,F01,8,6,5,0,14,20,1,5,4,5,13,4,4,10,5,5,2,9,1,81,2,9,4,1,7,9,8,20,1,12,108,1,21,121.5275381,25.0963955
114,05,06,07,27,11南港區,南港區同德路與同德路85巷口,0,0,1,1,B03,7,6,4,50,4,2,1,5,4,5,13,1,1,5,4,5,2,17,1,47,3,10,7,1,7,5,1,8,1,17,71,1,21,121.5858502,25.0460241
114,05,06,08,05,03中山區,中山區中山北路2段與民生西路口,0,0,1,1,C03,8,6,5,50,14,9,1,5,4,5,13,2,1,1,4,1,2,12,1,42,3,10,6,1,7,21,3,18,11,12,17,2,21,121.5227695,25.0582544
114,05,06,08,20,03中山區,中山區民族東路與松江路口,0,0,1,1,B03,8,7,5,50,4,1,1,5,4,5,13,4,4,9,4,5,2,17,1,40,3,10,7,1,7,8,1,8,1,2,100,1,21,121.5330207,25.068604
114,05,06,08,20,04大安區,大安區仁愛路3段123巷與仁愛路3段123巷26弄口,0,0,1,1,C03,7,5,5,30,4,1,1,5,4,5,13,4,4,10,4,5,1,15,1,41,2,9,5,1,7,9,1,10,1,11,72,1,21,121.5419761,25.0390652
114,05,06,08,25,12內湖區,南港區經貿二路與南港路1段口,0,0,1,1,C03,7,6,5,50,4,2,1,5,4,5,13,1,1,3,5,5,1,13,2,44,2,9,5,1,7,9,1,10,2,11,108,1,26,121.6170825,25.055142
114,05,06,08,26,09北投區,北投區明德路38巷與文林北路94巷口,0,0,1,1,B03,7,7,5,30,4,1,1,5,4,5,13,4,4,10,5,5,1,15,1,30,3,10,7,1,7,9,1,8,1,2,44,1,22,121.5189245,25.10690488
114,05,06,08,31,06松山區,松山區八德路4段72巷與光復南路13巷口口,0,0,2,1,C03,7,6,5,30,4,1,1,5,4,5,13,4,4,10,5,5,2,15,2,27,2,9,6,1,7,9,1,10,1,14,44,1,21,121.5601779,25.0478762
114,05,06,08,48,09北投區,北投區大業路527巷1202632燈桿,0,0,1,1,C03,8,5,5,40,14,9,1,5,4,5,13,4,4,7,4,5,1,12,1,44,3,10,6,1,7,9,1,10,2,14,17,1,21,121.4903902,25.1377011
114,05,06,09,32,10文山區,文山區木柵路2段與秀明路1段口,0,0,1,1,C03,7,5,5,50,4,1,1,5,4,5,13,2,1,10,5,5,2,16,2,19,3,10,3,4,7,6,1,10,1,12,9,1,22,121.5631992,24.989031
114,05,06,09,33,10文山區,文山區辛亥路7段與忠順街1段口,0,0,1,1,B03,7,6,5,50,3,1,1,5,4,5,13,1,1,10,5,5,2,16,1,72,3,10,7,1,7,5,1,8,2,6,74,1,21,121.5540612,24.9832082
114,05,06,09,36,01大同區,大同區五原路與五原路16巷口,0,0,1,1,C03,7,7,5,30,4,1,1,5,4,5,13,4,4,10,5,5,2,15,2,25,2,9,6,1,7,9,1,10,1,12,72,1,21,121.5177076,25.0564944
114,05,06,09,43,05中正區,中正區中山南路與青島西路口,0,0,1,1,B01,8,6,5,50,4,1,1,5,4,5,9,2,1,5,4,5,1,17,2,52,3,10,7,1,7,7,1,4,1,17,100,1,22,121.5191306,25.04458153
114,05,06,10,12,10文山區,文山區保儀路26巷2號,0,0,1,1,C03,7,5,5,30,14,9,1,5,4,5,13,4,4,10,5,5,2,16,2,37,3,10,6,1,7,11,1,10,1,11,44,1,21,121.5682646,24.9882782
114,05,06,10,19,10文山區,文山區一壽街3巷與木新路3段243巷4弄口,0,0,1,1,C03,7,6,5,30,14,9,1,5,4,5,13,4,4,10,5,5,2,11,1,24,2,7,6,1,7,9,1,10,2,14,5,1,21,121.5577951,24.9800218
114,05,06,10,32,01大同區,大同區重慶北路1段61號,0,0,1,1,B03,8,6,5,50,14,9,1,5,4,5,13,4,4,1,4,5,2,9,1,53,3,10,7,1,7,14,1,8,2,2,40,1,21,121.5139145,25.0512385
114,05,06,10,38,07信義區,信義區基隆路1段206號,0,0,1,1,C03,7,6,8,50,14,9,1,5,4,5,13,4,4,8,3,5,2,17,2,36,2,9,3,4,7,9,1,10,1,11,42,1,21,121.5647924,25.041956
114,05,06,10,53,08士林區,士林區天母東路59-1號,0,0,1,1,B12,8,6,5,50,14,9,1,5,4,5,13,4,4,3,4,5,1,16,1,57,3,10,7,1,7,10,1,8,2,15,100,1,22,121.5337806,25.1181048
114,05,06,11,02,03中山區,中山區新生北路3段43號,0,0,2,1,C03,7,7,5,50,14,9,1,5,4,5,13,4,4,1,3,5,1,12,2,52,2,8,5,1,7,7,1,10,1,13,100,1,21,121.5279175,25.06564598
114,05,06,11,26,08士林區,士林區承德路4段與承德路4段77巷口,0,0,1,1,B03,8,6,5,50,5,1,1,5,4,5,13,2,1,1,4,4,2,17,2,58,4,11,3,4,7,5,7,19,9,17,96,2,22,121.523219,25.0821902
114,05,06,11,28,12內湖區,內湖區行善路與行善路383巷口,0,0,1,1,B03,8,6,5,50,3,1,1,5,4,5,13,4,4,1,4,4,2,17,2,59,3,10,7,1,7,6,1,8,1,5,9,1,21,121.5854636,25.06401733
114,05,06,11,35,08士林區,士林區中山北路6段與天母西路口,0,0,1,1,B03,8,6,5,50,5,2,1,5,4,5,13,2,1,1,4,5,1,17,2,77,3,10,7,1,7,6,1,8,5,1,85,1,21,121.5300074,25.1183259
114,05,06,11,39,12內湖區,內湖區民權東路6段13-16號,0,0,1,1,A02,8,6,5,50,14,8,1,5,4,5,13,4,4,1,4,4,2,11,1,39,3,10,7,1,7,8,1,2,2,6,100,1,21,121.5794676,25.0670618
114,05,06,11,52,08士林區,士林區福林路與福林路254巷口,0,0,1,1,C03,7,6,5,50,4,1,1,5,4,5,13,2,1,5,4,5,2,17,1,20,3,10,6,1,7,5,1,10,1,13,44,1,25,121.5345453,25.098032
114,05,06,12,06,05中正區,中正區林森南路與青島東路口,0,0,1,1,C03,8,5,5,50,14,9,1,5,4,5,13,4,4,9,4,4,2,17,1,21,3,10,5,1,7,15,1,10,9,12,44,1,21,121.5228068,25.0436617
114,05,06,12,12,05中正區,中正區中華路1段（台北憲兵隊前）,0,0,1,1,B03,8,6,6,50,14,10,1,5,4,5,13,4,4,2,3,1,2,12,2,28,3,10,2,1,7,8,1,8,2,5,100,1,22,121.508099,25.0411443
114,05,06,12,22,02萬華區,萬華區康定路與艋舺大道口,0,0,1,1,C03,7,7,5,50,4,1,1,5,4,5,13,2,1,1,4,5,2,3,1,58,3,10,3,4,7,9,1,10,1,11,70,1,22,121.5005443,25.0328875
114,05,06,12,38,09北投區,北投區中正街49巷27號,0,0,1,1,C03,8,5,5,30,14,9,1,5,4,5,13,4,4,10,5,5,1,1,1,56,3,10,6,1,7,9,3,18,8,11,21,1,21,121.4999115,25.1317443
114,05,06,12,45,06松山區,松山區民生東路5段260巷與新東街20巷口,0,0,1,1,C03,8,5,5,30,4,1,1,5,4,5,13,4,4,10,5,5,2,15,2,18,2,9,5,1,7,9,1,10,1,11,75,1,21,121.5672406,25.0584525
114,05,06,13,25,11南港區,南港區南港路2段19號,0,0,2,1,B03,7,6,5,40,14,7,1,5,4,5,13,2,1,5,5,4,2,16,1,56,3,10,3,4,7,11,1,8,1,4,10,1,21,121.6033809,25.0537469
114,05,06,13,31,09北投區,北投區承美路與福真路口,0,0,1,1,A42,8,7,5,30,4,1,1,5,4,5,13,4,4,9,4,5,2,16,1,32,3,10,7,1,1,9,1,1,2,1,72,1,21,121.5037473,25.0981359
114,05,06,13,42,04大安區,大安區復興南路2段與復興南路2段210巷口口,0,0,2,1,C03,7,6,5,50,4,2,1,5,4,5,13,2,1,1,4,5,2,13,1,35,2,9,3,4,7,9,1,10,1,11,108,1,22,121.5438448,25.0267594
114,05,06,13,48,09北投區,北投區吉利街與吉利街280巷口,0,0,1,1,C03,7,7,5,30,4,1,1,5,4,5,13,4,4,10,5,5,2,16,2,26,2,9,5,1,7,9,1,10,1,12,75,1,21,121.5106233,25.11824481
114,05,06,13,54,03中山區,中山區復興北路與五常街口,0,0,1,1,B03,7,7,5,50,4,2,1,5,4,5,13,1,1,1,4,5,1,12,1,29,3,10,7,1,7,10,1,8,11,2,100,1,21,121.5211521,25.0500369
114,05,06,14,46,12內湖區,內湖區文德路90巷與文德路208巷6弄口,0,0,1,1,B03,8,6,5,30,4,1,1,5,4,5,13,4,4,10,5,5,2,15,2,64,3,10,7,1,7,9,1,8,1,8,72,1,21,121.5824862,25.0779487
114,05,06,14,58,03中山區,中山區松江路235巷與民生東路2段147巷口,0,0,3,1,C03,8,7,5,30,4,2,1,5,4,5,13,2,1,10,5,5,2,16,1,28,2,9,6,1,7,5,1,10,1,14,8,1,21,121.5347875,25.058848
114,05,06,15,06,01大同區,大同區承德路3段與承德路3段247巷口口,0,0,1,1,C02,8,5,5,50,3,2,1,5,4,5,13,4,4,9,4,5,2,12,1,43,3,10,5,1,7,8,1,9,2,12,100,1,22,121.5185724,25.0710564
114,05,06,15,20,08士林區,士林區中正路與中正路635巷口,0,0,1,1,B12,7,6,5,50,3,2,1,5,4,5,13,4,4,1,4,5,2,17,1,38,3,10,3,4,7,9,1,8,1,2,17,1,22,121.5082222,25.0862517
114,05,06,15,35,06松山區,松山區東興路與市民大道5段口,0,0,1,1,A02,7,6,5,50,4,2,1,5,4,5,13,2,1,1,2,5,2,9,1,46,3,10,7,4,7,9,1,2,2,17,44,1,21,121.5656282,25.048528
114,05,06,15,45,12內湖區,內湖區舊宗路2段189號,0,0,2,1,B03,7,5,5,50,14,9,1,5,4,5,13,4,4,1,4,5,1,13,1,47,3,10,7,1,7,9,1,7,2,1,118,1,21,121.5743425,25.0719967
114,05,06,15,50,03中山區,中山區民族東路410巷與五常街口,0,0,1,1,C03,8,6,5,50,3,2,1,5,4,5,13,4,4,5,5,5,2,17,2,68,3,10,5,1,7,5,1,10,1,17,72,1,21,121.5384082,25.0642963
114,05,06,16,12,08士林區,士林區百齡左岸河濱公園自行車道129燈桿,0,0,2,1,F01,7,6,5,30,14,23,1,5,4,5,13,4,4,10,5,5,1,1,1,15,2,9,4,1,7,9,8,20,1,15,108,1,21,121.5122982,25.08903571
114,05,06,16,20,03中山區,中山區市民大道3段與建國南路1段口,0,0,1,1,C03,7,7,5,40,5,1,1,5,4,5,13,1,1,1,4,5,1,12,2,34,2,9,5,1,7,9,1,10,2,11,108,1,21,121.5363009,25.04485584
114,05,06,16,27,01大同區,大同區承德路1段46號,0,0,1,1,C03,7,7,5,50,14,9,1,5,4,5,13,4,4,1,4,5,1,13,1,22,2,7,6,1,7,9,1,10,1,11,16,1,21,121.517058,25.0513977
114,05,06,16,38,12內湖區,內湖區南京東路6段與南京東路6段330巷口,0,0,1,1,F01,7,6,5,30,3,1,1,5,4,5,13,4,4,10,5,5,2,16,2,49,2,9,2,1,7,11,8,20,1,11,11,1,21,121.5844508,25.0582858
114,05,06,16,45,11南港區,南港區中坡南路與玉成街140巷口,0,0,2,1,C03,7,6,5,30,3,2,1,5,4,5,13,4,4,5,5,5,2,16,1,69,2,8,5,1,7,5,1,10,1,14,72,1,21,121.5824631,25.0438069
114,05,06,17,04,03中山區,中山區天祥路與錦西街口,0,0,1,1,C03,8,7,5,50,3,1,1,5,4,5,13,4,4,5,5,5,2,17,1,48,3,10,6,1,7,5,1,10,9,17,4,1,21,121.5208729,25.060384
114,05,06,17,07,06松山區,松山區濱江街373號,0,0,1,1,B12,8,6,8,50,22,22,1,5,4,5,13,4,4,1,4,5,2,17,1,61,3,10,7,4,7,6,1,2,11,17,37,1,21,121.5521765,25.07248756
114,05,06,17,08,07信義區,信義區崇德街81巷與崇德街口口,0,0,1,1,B03,7,5,8,50,22,22,1,5,4,5,13,1,1,1,4,5,2,17,1,66,3,10,7,1,7,5,1,8,1,1,108,1,22,121.555372,25.0241698
114,05,06,17,14,02萬華區,萬華區萬大路424巷147號,0,0,1,1,C03,7,6,5,50,14,9,1,5,4,5,13,4,4,9,4,5,1,17,1,58,2,3,3,4,7,9,1,10,1,11,4,1,22,121.4944556,25.0208955
114,05,06,17,15,10文山區,文山區興隆路1段與興隆路1段251巷口口,0,0,1,1,,8,6,5,50,3,2,1,5,4,5,13,2,1,1,4,5,2,12,4,0,4,11,3,4,7,21,7,,11,,119,2,,121.5441355,24.9992759
114,05,06,17,20,08士林區,士林區福華路與德行西路口,0,0,1,1,B03,8,6,6,50,4,1,1,5,4,5,13,1,1,9,3,5,1,12,1,56,3,10,7,1,7,9,1,8,1,5,44,1,21,121.5223706,25.10491113
114,05,06,17,27,07信義區,信義區中坡北路與中坡北路37巷口口,0,0,1,1,C03,7,5,5,50,5,2,4,5,4,5,13,4,4,10,5,5,2,17,2,54,4,11,6,4,7,6,1,10,9,17,44,1,21,121.5805224,25.0457785
114,05,06,17,41,07信義區,信義區信義路5段與松仁路口,0,0,2,1,C03,8,5,5,50,14,9,1,5,4,5,13,2,1,1,4,5,2,13,1,26,2,9,5,1,7,9,1,10,1,11,108,1,21,121.5680278,25.0327817
114,05,06,17,45,03中山區,中山區長安東路2段與復興北路口,0,0,1,1,C03,7,5,5,30,4,1,1,5,4,5,13,1,1,1,4,5,2,16,1,46,2,9,3,4,7,8,1,10,1,14,100,1,21,121.5439385,25.04786774
114,05,06,17,48,04大安區,大安區金華街與金華街164巷口,0,0,1,1,B01,8,6,5,50,4,1,1,5,4,5,13,2,1,5,4,5,1,16,1,61,3,10,7,1,7,5,1,4,1,15,8,1,21,121.5306331,25.0297544
114,05,06,17,50,03中山區,中山區市民大道3段133號,0,0,1,1,C03,8,6,5,40,14,9,1,5,4,5,13,4,4,1,4,5,2,16,1,24,3,10,6,1,7,8,1,10,2,12,100,1,21,121.53871,25.0447886
114,05,06,17,55,05中正區,中正區忠孝東路1段與鎮江街口,0,0,1,1,A04,8,6,5,50,4,2,1,5,4,5,13,1,1,9,4,5,1,9,1,31,3,10,7,1,7,9,1,2,2,1,16,1,21,121.5216776,25.0454448
114,05,06,17,57,02萬華區,萬華區漢中街與漢中街147巷口,0,0,2,1,C03,7,5,5,50,3,1,1,5,4,5,13,4,4,5,5,5,2,16,1,20,2,9,5,1,7,6,1,10,1,12,9,1,22,121.5072376,25.0417099
114,05,06,18,02,02萬華區,萬華區桂林路與華西街29巷1弄口,0,0,2,1,C03,8,5,5,50,4,1,1,5,4,5,13,2,1,9,4,4,2,16,1,29,2,9,6,1,7,9,1,9,1,11,94,1,22,121.499223,25.0384899
114,05,06,18,25,12內湖區,內湖區文德路208巷與文德路208巷58弄口,0,0,1,1,F01,7,5,5,50,3,1,1,5,4,5,13,1,1,4,3,5,1,16,2,14,3,10,3,4,7,5,8,20,1,14,8,1,21,121.5835993,25.0764013
114,05,06,18,35,01大同區,大同區民生西路與西寧北路口口,0,0,1,1,B03,8,5,5,50,4,1,1,5,4,5,13,2,1,5,5,5,2,16,2,55,3,10,7,1,7,9,1,8,1,5,44,1,21,121.5090359,25.0568839
114,05,06,18,39,04大安區,大安區安居街30號與安居街34巷口,0,0,1,1,C03,8,5,5,30,3,1,1,5,4,5,13,4,4,8,5,5,2,3,1,54,3,10,5,1,7,9,1,10,1,11,70,1,22,121.5545763,25.0206476
114,05,06,18,51,10文山區,文山區萬盛街106巷與興隆路1段55巷27弄口口,0,0,2,1,C03,8,5,5,30,3,19,1,5,4,5,13,4,4,5,5,5,2,3,1,56,2,8,6,1,7,9,1,9,2,12,70,1,21,121.5408857,25.0043197
114,05,06,18,53,01大同區,大同區重慶北路1段與長安西路口,0,0,2,1,C03,7,5,5,50,4,2,1,5,4,5,13,2,1,1,4,5,2,17,2,51,2,9,3,4,7,15,6,8,1,11,71,1,21,121.5140092,25.051615
114,05,06,18,58,07信義區,信義區基隆路1段與忠孝東路5段口,0,0,2,1,C03,8,5,5,30,4,1,1,5,4,5,13,1,1,1,4,5,2,12,2,46,2,9,3,4,7,7,1,10,1,12,100,1,21,121.5645779,25.0410573
114,05,06,19,14,04大安區,大安區新生南路1段與八德路2段口,0,0,3,1,C03,7,5,5,50,4,2,1,5,4,5,13,2,1,1,4,5,2,13,2,57,2,9,5,1,7,6,1,10,1,13,9,1,21,121.5329859,25.0442184
114,05,06,19,20,10文山區,文山區景文街181號,0,0,1,1,B03,7,5,5,50,14,9,1,5,4,5,13,4,4,5,5,5,2,12,2,62,3,10,7,1,7,9,1,8,1,2,17,1,21,121.5408836,24.9887817
114,05,06,20,50,12內湖區,內湖區新明路與成功路2段口,0,0,1,1,B01,8,5,5,50,4,1,1,5,4,5,13,2,1,1,4,5,2,17,1,40,3,10,7,1,7,1,1,4,1,5,108,1,21,121.5909574,25.0604592
114,05,06,21,00,10文山區,文山區忠順街2段與興隆路4段口,0,0,1,1,B03,8,5,5,50,4,1,1,5,4,5,13,2,1,10,5,5,1,17,2,57,3,10,7,1,7,5,1,8,2,1,71,1,21,121.5617067,24.984516
114,05,06,21,10,12內湖區,內湖區內湖路2段320號,0,0,2,1,C03,7,5,5,50,14,9,1,5,4,5,13,4,4,9,5,5,2,16,2,43,2,9,6,1,7,1,1,10,2,14,19,1,21,121.5883925,25.0815681
114,05,06,21,39,08士林區,士林區中山北路6段與福國路口,0,0,1,1,B03,7,5,5,50,3,2,1,5,4,5,13,2,1,3,4,5,1,17,1,32,3,10,7,1,7,7,1,8,2,8,100,1,21,121.5254708,25.10273086
114,05,06,21,52,10文山區,文山區萬安街16巷8號（停車埸出入口）,0,0,1,1,B03,7,5,5,30,14,9,1,5,4,5,13,4,4,9,5,5,2,17,1,56,3,10,3,4,7,1,1,8,2,7,19,1,22,121.5670504,25.00220585
114,05,06,22,39,02萬華區,萬華區長順街123巷與環河南路2段280巷口,0,0,1,1,C03,7,5,5,30,3,1,1,5,4,5,13,4,4,9,5,5,2,17,1,20,2,7,6,1,7,5,1,10,1,12,72,1,21,121.4891345,25.0330843
114,05,06,22,48,03中山區,中山區建國北路3段113巷與民族東路410巷2弄口,0,0,2,1,B01,7,5,5,50,5,1,1,5,4,5,13,3,1,9,5,5,2,17,1,32,3,10,7,1,7,5,1,4,1,4,8,1,21,121.5362584,25.06684507
114,05,07,00,02,09北投區,北投區中和街與中和街391巷口,0,0,1,1,B03,8,5,5,50,3,1,1,5,4,5,13,4,4,9,4,5,2,16,1,30,3,10,7,1,7,5,1,8,1,8,8,1,21,121.4986113,25.142425
114,05,07,03,08,02萬華區,萬華區西藏路125巷與中華路2段416巷口,0,0,1,1,B12,8,5,5,30,4,1,1,5,4,5,13,3,1,10,5,5,2,17,1,53,3,10,3,4,7,9,6,18,1,5,14,1,21,121.5031503,25.0267872
114,05,07,04,40,08士林區,士林區通河街76巷與承德路4段10巷口,0,0,1,1,B13,7,6,5,30,4,1,1,4,4,5,13,4,4,5,4,5,1,15,1,28,3,10,3,4,7,9,1,8,1,4,72,1,22,121.5201442,25.0801136
114,05,07,06,54,02萬華區,萬華區國興路100號,0,0,1,1,C03,6,7,5,50,14,9,1,4,4,5,13,4,4,9,5,5,2,17,1,50,2,9,5,1,7,4,1,10,1,12,1,1,21,121.5055057,25.0271519
114,05,07,07,12,06松山區,松山區光復南路與光復南路17巷口,0,0,1,1,C03,6,7,5,50,3,2,1,4,4,5,13,4,4,1,4,5,2,17,2,46,2,7,5,1,7,9,1,10,1,11,108,1,21,121.5578571,25.0475661
114,05,07,07,20,10文山區,文山區新光路2段燈桿0707676號,0,0,1,1,C03,6,6,5,50,14,9,1,4,4,5,13,4,4,9,5,5,1,17,2,29,2,9,3,4,7,4,1,10,1,14,42,1,22,121.5950534,24.99759671
114,05,07,07,20,07信義區,信義區永吉路與松信路口口,0,0,1,1,B03,6,5,8,50,4,1,1,4,4,5,13,1,1,1,4,5,2,17,1,61,3,10,7,1,7,6,1,8,1,17,9,1,22,121.5721667,25.045509
114,05,07,07,20,07信義區,信義區環東大道下基隆路匝道,0,0,1,1,B03,6,7,5,40,14,16,1,4,4,5,13,4,4,10,4,5,2,13,1,59,3,10,3,4,7,9,1,8,1,1,16,1,21,121.5677107,25.0465321
114,05,07,07,29,04大安區,大安區仁愛路4段345巷5弄與延吉街口,0,0,1,1,B01,6,7,5,30,4,2,1,4,4,5,13,4,4,8,3,5,1,15,1,64,3,10,7,1,7,15,1,4,1,2,72,1,21,121.5552906,25.0384512
114,05,07,07,57,07信義區,信義區基隆路2段131-11號,0,0,1,1,C03,6,6,5,50,14,8,1,4,4,5,13,4,4,8,3,4,2,18,1,27,2,9,6,1,7,9,1,10,1,14,42,1,21,121.5564936,25.0278271
114,05,07,08,01,10文山區,文山區保儀路109巷3弄5號,0,0,1,1,H01,6,5,5,30,14,9,1,4,4,5,13,4,4,10,5,5,2,3,2,76,2,9,4,5,8,16,8,20,10,16,123,1,22,121.5684329,24.9862949
114,05,07,08,01,12內湖區,內湖區南京東路6段與南京東路6段口機車道,0,0,1,1,C03,7,5,5,30,3,1,1,4,4,4,9,1,1,10,4,5,1,12,2,48,2,9,5,1,7,10,1,10,1,12,100,1,26,121.5771209,25.0543681
114,05,07,08,10,01大同區,大同區台北橋機慢車道往東,0,0,1,1,C03,7,6,5,50,14,9,1,4,4,5,13,2,1,1,4,5,2,13,2,25,3,10,3,4,7,9,1,10,9,11,108,1,21,121.5108092,25.0629022
114,05,07,08,10,05中正區,中正區重慶南路3段與汀州路2段口,0,0,1,1,B12,6,7,5,50,4,1,1,4,4,5,13,1,1,1,4,5,2,17,1,23,4,11,3,4,7,9,7,19,9,15,30,2,21,121.5164553,25.0256015
114,05,07,08,26,11南港區,南港區東新街與市民大道7段口,0,0,1,1,C03,6,6,5,50,4,1,1,4,4,5,13,1,1,9,4,5,2,16,1,20,3,10,6,1,7,9,1,10,1,14,44,1,21,121.5836257,25.0497712
114,05,07,08,33,02萬華區,萬華區內江街與內江街110巷口,0,0,1,1,A02,6,6,5,50,3,2,1,4,4,5,13,2,1,10,4,5,2,17,1,55,3,10,7,1,7,1,1,2,11,17,19,1,21,121.5037353,25.041575
114,05,07,08,50,06松山區,松山區市民大道6段與基隆路1段口,0,0,1,1,C03,6,5,5,40,4,4,1,4,4,5,13,2,1,3,5,5,2,13,2,46,2,9,6,1,7,9,1,10,1,11,42,1,22,121.5696166,25.0491584
114,05,07,08,50,11南港區,南港區忠孝東路6段317號與忠孝東路6段口,0,0,1,1,B03,6,6,5,50,4,1,1,4,4,5,13,2,1,1,4,5,2,16,2,40,3,10,3,4,7,5,1,8,2,2,74,1,21,121.5911919,25.0498375
114,05,07,08,55,09北投區,北投區洲美快速道路與大度路150巷口,0,0,2,1,A41,6,7,5,60,3,2,1,4,4,5,13,1,1,2,3,5,1,13,1,52,3,10,7,1,1,9,1,1,1,1,16,1,22,121.4937859,25.1215494
114,05,07,09,14,05中正區,中正區公園路與愛國西路口,0,0,1,1,B03,6,5,5,0,4,1,1,4,4,5,13,1,1,9,4,5,2,17,2,64,3,10,7,1,7,5,1,8,11,8,8,2,21,121.5151605,25.0349941
114,05,07,09,18,03中山區,中山區長安東路2段153巷與長安東路2段153巷東口無名巷,0,0,1,1,B03,6,6,5,30,3,1,1,4,4,5,13,4,4,9,5,5,2,17,1,49,4,11,7,4,7,5,7,19,9,17,72,1,21,121.5391186,25.049559
114,05,07,09,23,08士林區,士林區延平北路5段與中正路口,0,0,2,1,B12,6,7,5,50,4,2,1,4,4,5,13,1,1,10,4,5,1,13,1,49,3,10,7,1,7,9,1,8,2,1,16,1,21,121.5093542,25.08645547
114,05,07,09,34,04大安區,大安區和平東路3段1巷與和平東路3段口,0,0,1,1,B01,6,7,5,50,4,2,1,4,4,5,13,2,1,8,3,5,1,17,1,50,3,10,7,1,7,15,1,4,1,17,100,1,26,121.5466524,25.0247757
114,05,07,10,10,06松山區,松山區民生東路4段與民生東路4段80巷口,0,0,2,1,C03,6,5,5,50,4,1,1,4,4,5,13,1,1,1,4,5,2,17,1,34,2,8,6,1,7,5,1,10,1,12,71,1,21,121.5529034,25.0580024
114,05,07,10,18,03中山區,中山區長春路與南京東路3段223巷口,0,0,2,1,C03,6,6,5,30,4,1,1,4,4,5,13,4,4,9,4,5,2,16,2,46,2,8,5,1,7,9,1,10,1,14,72,1,21,121.5435175,25.0545375
114,05,07,10,18,09北投區,北投區公館路與公館路63巷口,0,0,1,1,B03,6,7,5,50,5,2,1,4,4,5,13,4,4,5,5,5,1,3,1,21,3,10,7,1,7,9,1,8,1,1,70,1,22,121.5038527,25.1325143
114,05,07,10,20,03中山區,中山區中山北路2段116巷與錦西街5巷口,0,0,1,1,A11,7,7,5,30,4,1,1,4,4,5,13,4,4,10,5,5,2,15,1,50,3,10,7,1,7,9,1,7,1,1,75,1,21,121.5219026,25.06094031