發生年度,發生月,發生日,發生時-Hours,發生分,區序,肇事地點,死亡人數,2-30日死亡人數,受傷人數,當事人序號,車種,天候,光線,道路類別,速限-速度限制,道路型態,事故位置,路面狀況1,路面狀況2,路面狀況3,道路障礙1,道路障礙2,號誌1,號誌2,車道劃分-分向,車道劃分-分道1,車道劃分-分道2,車道劃分-分道3,事故類型及型態,性別,年齡,受傷程度,主要傷處,保護裝置,行動電話,車輛用途,當事者行動狀態,駕駛資格情形,駕駛執照種類,飲酒情形,車輛撞擊部位1,肇因碼-個別,個人肇逃否,職業,座標-X,座標-Y
114,05,07,10,25,06松山區,松山區撫遠街與民權東路5段口,0,0,1,1,C03,6,5,5,50,4,1,1,4,4,5,13,2,1,1,4,5,2,15,2,28,2,9,6,1,7,6,1,10,1,12,9,1,22,121.5660411,25.0632946
114,05,07,10,34,08士林區,士林區承德路4段與承德路4段292巷口,0,0,1,1,B11,6,6,5,40,3,2,1,4,4,5,13,4,4,1,4,4,2,17,1,30,3,10,7,1,7,6,1,4,1,6,9,1,22,121.5191957,25.0896316
114,05,07,11,15,01大同區,大同區延平北路4段115號,0,0,1,1,B03,6,6,5,50,14,9,1,4,4,5,13,2,1,5,4,5,2,17,1,55,3,10,3,4,7,7,1,8,1,5,100,1,22,121.5112686,25.0728787
114,05,07,11,26,06松山區,松山區光復北路11巷44號,0,0,1,1,C03,6,6,5,50,14,9,1,4,4,5,13,4,4,8,5,5,2,13,2,22,2,9,6,1,7,9,1,10,1,11,16,1,22,121.5597462,25.049791
114,05,07,11,53,09北投區,北投區東華街1段372號,0,0,1,1,C03,7,7,5,50,14,9,1,5,4,5,13,4,4,10,4,5,2,13,1,29,2,9,5,1,7,9,1,10,1,11,16,1,22,121.5189552,25.1099287
114,05,07,12,03,04大安區,大安區和平東路3段與四維路口,0,0,1,1,B02,6,6,5,50,3,1,1,4,4,5,13,4,4,1,4,5,2,16,2,35,3,10,7,1,7,6,1,8,9,5,9,1,21,121.5478673,25.0247227
114,05,07,12,23,04大安區,大安區建國南路2段與建國南路2段口無名巷,0,0,1,1,B02,6,7,5,50,3,1,1,4,4,5,13,4,4,5,4,5,1,16,2,50,3,10,7,1,7,6,1,8,1,2,9,1,21,121.5381232,25.03164815
114,05,07,12,26,06松山區,松山區新東街41-6號,0,0,1,1,C03,6,6,5,50,14,9,1,4,4,5,13,4,4,9,5,5,2,13,1,55,2,8,6,1,7,9,1,10,1,11,118,1,21,121.5655737,25.06061812
114,05,07,12,42,08士林區,士林區文林路740巷與文林路740巷9弄口,0,0,2,1,C03,6,6,5,30,4,2,1,4,4,5,13,4,4,10,5,5,1,17,1,38,2,9,5,1,7,9,1,10,1,14,72,1,21,121.5209276,25.10327136
114,05,07,13,00,04大安區,大安區敦化南路1段161巷與忠孝東路4段147巷口,0,0,1,1,C03,6,6,5,30,4,1,1,4,4,5,13,4,4,8,5,5,2,17,1,25,3,10,3,4,7,5,1,10,1,14,8,1,21,121.5497157,25.0435322
114,05,07,13,10,02萬華區,萬華區堤外便道近果菜市場疏散門,0,0,2,1,C03,6,7,5,50,3,1,1,4,4,5,13,4,4,9,4,5,2,16,1,43,2,5,3,4,7,6,6,18,1,12,9,1,22,121.499511,25.0165697
114,05,07,13,28,04大安區,大安區仁愛路3段與仁愛路3段118巷口口,0,0,1,1,B03,6,7,5,50,4,1,1,4,4,5,13,2,1,1,4,5,1,17,2,47,3,10,7,1,7,5,1,8,1,4,8,1,21,121.5399944,25.0376529
114,05,07,15,02,02萬華區,萬華區環河南路1段62號,0,0,1,1,C03,6,6,5,50,14,9,1,4,4,5,13,4,4,8,3,5,1,29,2,63,2,8,5,1,7,12,1,10,9,11,44,1,21,121.5050387,25.0478138
114,05,07,15,09,04大安區,大安區基隆路2段與敦化南路2段口,0,0,1,1,B13,6,6,5,50,3,1,1,4,4,5,13,1,1,1,5,5,2,16,1,72,3,10,7,1,7,5,1,8,1,4,8,1,21,121.5493359,25.0211671
114,05,07,16,01,08士林區,士林區雨聲街與雨聲街口（陽明醫院旁）,0,0,1,1,B03,6,6,5,50,3,1,1,4,4,5,13,2,1,5,5,5,1,17,2,49,3,10,7,1,7,5,1,8,2,1,108,1,21,121.531468,25.10484884
114,05,07,16,30,07信義區,信義區忠孝東路5段35號,0,0,1,1,C03,6,7,5,50,14,9,1,4,4,5,13,1,1,3,4,5,2,12,2,44,2,9,6,4,7,10,1,10,1,14,100,1,21,121.5661555,25.0411863
114,05,07,17,15,10文山區,文山區辛亥路4段與辛亥路4段222巷口,0,0,1,1,F01,6,6,5,50,3,2,1,4,4,5,13,2,1,1,4,5,1,17,1,13,3,10,4,1,7,11,8,20,2,11,42,1,15,121.555495,25.0022225
114,05,07,17,20,07信義區,信義區松山路與福德街口,0,0,1,1,B03,6,7,5,50,4,1,1,4,4,5,13,1,1,5,4,5,2,17,1,67,3,10,3,4,7,5,6,18,1,5,80,1,21,121.5784709,25.0362666
114,05,07,17,21,07信義區,信義區市民大道5段25號對面,0,0,1,1,B03,7,5,5,50,14,9,1,4,4,5,13,4,4,1,4,5,2,17,2,32,3,10,7,1,7,8,1,8,1,5,100,1,21,121.5591244,25.0455347
114,05,07,17,30,07信義區,信義區忠孝東路4段515號,0,0,1,1,F01,6,5,5,0,22,20,4,4,4,5,13,4,4,10,5,5,2,18,2,61,2,8,4,1,7,5,8,20,9,14,42,1,21,121.5580039,25.0415519
114,05,07,17,34,12內湖區,內湖區新明路與新明路219巷口,0,0,2,1,C03,6,5,5,50,3,2,1,4,4,5,13,2,1,5,4,5,1,17,1,37,2,8,6,1,7,7,1,10,2,14,42,1,21,121.5876713,25.0583117
114,05,07,17,55,03中山區,中山區中山北路3段與民族西路口,0,0,2,1,C03,7,5,5,50,4,1,1,4,4,5,13,1,1,9,4,5,2,12,2,42,2,7,6,1,7,10,1,10,1,13,100,1,21,121.5228053,25.06810635
114,05,07,18,00,07信義區,信義區信安街103巷22之5號,0,0,2,1,C03,6,5,5,30,14,9,1,4,4,5,13,4,4,10,5,5,2,18,1,35,2,9,6,4,7,9,1,10,1,12,42,1,21,121.5603504,25.0246707
114,05,07,18,12,07信義區,信義區忠孝東路5段423巷與忠孝東路5段423巷6弄口,0,0,1,1,B03,6,5,5,30,4,1,1,4,4,5,13,4,4,9,5,5,2,17,1,34,3,10,3,4,7,1,1,8,1,17,72,1,21,121.5753521,25.0413874
114,05,07,18,16,04大安區,大安區新生北路1段與市民大道3段口,0,0,1,1,B02,6,6,5,50,4,2,1,4,4,5,13,2,1,1,4,5,2,17,1,42,4,11,3,4,7,8,7,19,11,17,100,2,21,121.5330191,25.04509065
114,05,07,18,16,05中正區,中正區林森北路與林森北路9巷口,0,0,1,1,B03,6,6,5,50,3,1,1,4,4,5,13,4,4,7,4,5,2,16,2,29,3,10,2,1,7,5,1,8,2,1,2,1,22,121.5237034,25.0458083
114,05,07,18,37,02萬華區,萬華區青年路與水源路口,0,0,1,1,B01,6,5,5,50,4,1,1,4,4,5,13,1,1,8,5,5,2,17,1,60,3,10,7,1,7,5,1,4,1,8,71,1,21,121.504273,25.0198765
114,05,07,18,41,08士林區,士林區福國路26號,0,0,1,1,C03,7,5,5,30,14,9,1,4,4,5,13,1,1,1,4,5,1,17,1,32,3,10,3,4,7,5,1,10,1,17,8,1,22,121.5245342,25.102281
114,05,07,19,04,06松山區,松山區八德路2段366巷與八德路2段346巷3弄口,0,0,1,1,C03,7,5,5,30,3,2,1,4,4,5,13,4,4,10,5,5,2,17,2,30,2,9,6,1,7,5,1,10,1,13,72,1,22,121.5459664,25.0476588
114,05,07,19,18,06松山區,松山區復興北路與民族東路口,0,0,1,1,B03,6,5,5,50,4,1,1,4,4,5,13,1,1,1,4,5,2,12,1,32,3,10,7,1,7,10,1,8,1,2,100,1,22,121.5443735,25.0661358
114,05,07,19,26,07信義區,信義區市民大道5段14巷,0,0,1,1,,7,5,8,30,12,9,1,5,3,5,13,4,4,7,5,5,2,29,3,0,,,,,,,,,,,129,1,,121.5600108,25.0454814
114,05,07,19,30,04大安區,大安區忠孝東路4段216巷與敦化南路1段233巷口,0,0,1,1,B03,6,5,5,30,4,1,1,4,4,5,13,4,4,5,1,5,2,15,1,49,3,10,7,1,7,9,1,8,1,4,72,1,21,121.5529674,25.04028256
114,05,07,20,30,05中正區,中正區開封街1段14巷與重慶南路1段29巷口,0,0,2,1,C03,7,5,5,30,4,1,1,4,4,5,13,4,4,10,5,5,2,15,1,47,2,8,5,1,7,9,1,10,2,11,75,1,21,121.5138118,25.0454789
114,05,07,20,40,04大安區,大安區通化街17號與通化街24巷口對面,0,0,1,1,B03,6,5,5,50,4,2,1,4,4,5,13,4,4,8,5,5,2,13,1,29,3,10,7,1,7,9,1,8,1,5,108,1,22,121.5542375,25.0317573
114,05,07,22,42,11南港區,南港區研究院路1段與研究院路1段151巷口,0,0,2,1,C03,7,5,5,50,3,1,1,5,4,5,13,2,1,3,4,5,2,16,1,55,2,8,5,4,7,5,1,10,1,12,74,1,22,121.6156453,25.050765
114,05,07,23,00,08士林區,士林區中山北路6段與德行西路口,0,0,1,1,B03,7,5,5,50,4,1,1,5,4,5,13,1,1,5,4,5,2,17,1,39,3,10,3,4,7,5,1,8,2,8,71,1,21,121.5248872,25.1064933
114,05,07,23,04,12內湖區,內湖區安泰街45巷7號前,0,0,1,1,B03,7,5,5,30,14,9,1,4,4,5,13,4,4,10,5,5,2,17,1,76,3,10,7,1,7,13,1,8,2,8,40,1,21,121.6181253,25.0738814
114,05,08,00,04,10文山區,文山區木柵路5段43巷燈桿南22號旁,0,0,2,1,C03,7,5,5,30,11,9,1,4,4,5,13,4,4,5,5,5,2,18,1,26,2,9,5,1,7,9,1,10,1,14,118,1,21,121.5857874,25.008692
114,05,08,01,30,10文山區,文山區木柵路5段203號停車格,0,0,1,1,C03,7,5,5,50,14,9,1,5,4,5,13,4,4,1,4,5,1,17,2,35,2,9,5,1,7,9,1,10,1,11,42,1,21,121.5947832,25.0005654
114,05,08,06,05,09北投區,北投區公館路與東華街2段口,0,0,1,1,,8,6,5,50,4,2,1,5,4,5,13,2,1,4,1,5,2,13,4,0,,,,,,,,,,,119,2,,121.5028098,25.12209246
114,05,08,06,20,08士林區,士林區承德路4段與劍潭路口口,0,0,1,1,C03,7,7,5,50,4,1,1,4,4,5,13,2,1,1,4,5,1,17,1,39,3,10,5,1,7,7,1,10,2,12,100,1,21,121.5234745,25.08402089
114,05,08,06,35,01大同區,大同區重慶北路2段與民權西路口,0,0,1,1,C03,7,6,5,50,4,2,1,5,4,5,13,1,1,1,4,5,2,17,1,62,2,9,5,1,7,9,1,10,1,14,16,1,21,121.5132468,25.06289955
114,05,08,06,45,12內湖區,內湖區行愛路與民權東路6段口,0,0,2,1,C03,7,6,5,50,14,9,1,5,4,5,13,4,4,5,5,5,2,9,1,45,2,8,6,1,7,9,1,10,2,11,108,1,22,121.5786345,25.066299
114,05,08,07,00,07信義區,信義區忠孝東路5段與基隆路1段口,0,0,1,1,C03,7,6,5,50,4,2,1,5,4,5,13,2,1,1,3,4,2,13,1,38,2,8,6,1,7,12,1,10,1,11,17,1,21,121.5646055,25.0416456
114,05,08,07,26,02萬華區,萬華區萬大路322巷與德昌街7巷口,0,0,2,1,C03,7,6,5,30,3,1,1,5,4,5,13,4,4,10,5,5,2,17,1,69,2,5,6,1,7,5,1,10,1,14,118,1,21,121.4995796,25.0246498
114,05,08,07,40,01大同區,大同區塔城街與忠孝西路2段口,0,0,2,1,C03,7,7,5,50,4,1,1,5,4,5,13,1,1,1,4,5,2,16,2,42,2,8,6,1,7,5,1,10,1,11,8,1,21,121.5099082,25.0481591
114,05,08,07,40,07信義區,信義區市府路與松壽路口口,0,0,1,1,B03,8,5,8,50,4,1,1,5,4,5,13,2,1,1,4,5,2,17,1,54,3,10,7,1,7,6,1,8,9,17,9,2,22,121.5636548,25.0359734
114,05,08,08,03,02萬華區,萬華區堤外便道(龍山忠孝3-08號燈桿),0,0,1,1,C03,8,6,5,40,14,11,1,5,4,5,13,4,4,4,5,5,2,17,1,37,4,11,3,4,7,21,7,19,9,15,108,2,22,121.5053401,25.0489894
114,05,08,08,22,03中山區,中山區民權東路2段107號,0,0,1,1,C03,8,7,5,50,14,9,1,5,4,5,13,4,4,3,4,5,2,13,1,44,2,9,5,1,7,9,1,10,1,11,108,1,21,121.5328359,25.0626142
114,05,08,08,34,04大安區,大安區杭州南路2段61巷與潮州街55巷口,0,0,2,1,C03,7,6,5,30,4,1,1,5,4,5,13,4,4,10,5,5,2,15,1,40,2,9,6,4,7,9,1,10,1,11,75,1,22,121.5241885,25.0300296
114,05,08,08,46,05中正區,中正區重慶南路1段130號,0,0,1,1,C03,8,5,5,50,14,9,1,5,4,5,13,4,4,9,4,5,2,17,2,33,2,4,5,1,7,9,1,10,1,11,16,1,21,121.5126288,25.0363454
114,05,08,08,48,11南港區,南港區研究院路3段與研究院路口側附近3段14巷口,0,0,2,1,C03,8,6,5,50,11,9,1,5,4,5,13,4,4,9,5,5,2,13,1,32,2,9,3,4,7,11,1,10,1,14,11,1,22,121.6166834,25.0353391
114,05,08,08,55,08士林區,士林區至善路2段266巷與至善路2段口,0,0,1,1,B01,8,6,5,50,3,1,1,5,4,5,13,1,1,10,5,5,1,16,1,61,3,10,7,1,7,11,1,4,1,7,10,1,21,121.5509103,25.1005384
114,05,08,08,59,12內湖區,內湖區新明路298巷與南京東路6段口,0,0,3,1,C03,8,7,5,50,14,9,1,5,4,5,13,1,1,4,4,5,1,13,2,24,2,9,6,1,7,9,1,10,1,11,108,1,21,121.5816599,25.0570101
114,05,08,09,00,09北投區,北投區大度路與承德路7段401巷620弄口,0,0,1,1,B02,7,6,5,50,4,1,1,5,4,5,13,2,1,1,4,5,2,16,2,26,3,10,7,1,7,6,1,8,1,6,9,1,21,121.5232863,25.11576008
114,05,08,09,01,01大同區,大同區民族西路與無名巷口,0,0,1,1,C03,8,6,5,50,4,2,1,5,4,5,13,1,1,5,2,5,2,29,1,37,2,8,5,1,7,9,1,10,1,14,42,1,21,121.5168547,25.06857555
114,05,08,09,02,05中正區,中正區博愛路83號,0,0,1,1,B03,8,6,5,50,14,9,1,5,4,5,13,4,4,10,4,5,1,12,1,54,3,10,7,1,7,9,1,8,2,2,108,1,22,121.5115426,25.0433858
114,05,08,09,06,06松山區,松山區健康路325巷6弄27號,0,0,1,1,F01,8,6,8,30,22,22,5,5,4,5,13,4,4,10,5,5,2,17,2,80,2,9,4,1,7,9,8,20,9,14,116,1,21,121.5685518,25.0550223
114,05,08,09,15,08士林區,士林區中山北路6段35巷與福國路15巷口,0,0,1,1,B03,7,5,8,50,22,22,1,5,4,5,13,2,1,10,5,5,1,17,1,54,3,10,7,1,7,6,1,8,1,1,9,1,21,121.5209576,25.12088555
114,05,08,09,29,03中山區,中山區南京東路2段13號,0,0,1,1,B13,8,7,5,50,14,8,1,5,4,5,13,4,4,1,4,4,2,12,1,30,3,10,7,1,7,9,1,8,1,2,108,1,26,121.5285895,25.052167
114,05,08,09,31,12內湖區,內湖區舊宗路2段189號,0,0,2,1,C03,8,7,5,50,14,9,1,5,4,5,13,4,4,1,4,5,2,13,1,19,2,8,5,1,7,9,1,10,1,11,16,1,21,121.5742901,25.0719558
114,05,08,10,04,09北投區,北投區聖景路1205654號燈桿,0,0,3,1,C03,7,7,5,40,14,9,1,5,4,5,13,4,4,10,5,5,2,11,1,22,2,9,5,1,7,9,1,10,2,11,17,1,22,121.4628393,25.1214188
114,05,08,10,17,11南港區,南港區研究院路1段與研究院路1段151巷口,0,0,2,1,C03,8,6,5,50,5,1,1,5,4,5,13,1,1,3,4,5,2,13,2,23,2,9,5,1,7,9,1,10,1,11,108,1,21,121.6158126,25.0491289
114,05,08,10,18,04大安區,大安區市民大道4段與忠孝東路4段223巷口,0,0,1,1,C03,8,6,8,40,22,22,1,5,4,5,13,2,1,1,4,5,2,12,1,39,3,10,6,1,7,7,1,10,1,12,100,1,21,121.552986,25.0442563
114,05,08,10,23,07信義區,信義區基隆路2段149之40號,0,0,1,1,C03,8,6,5,50,14,9,1,5,4,5,13,4,4,8,3,5,2,13,1,21,2,9,5,4,7,21,1,10,1,11,44,1,21,121.5543216,25.0258724
114,05,08,10,26,07信義區,信義區和平東路3段635號,0,0,1,1,F01,8,7,5,40,14,9,1,5,4,5,13,2,1,9,4,4,2,18,1,56,2,9,4,4,7,9,8,20,9,11,116,1,22,121.5633573,25.0130883
114,05,08,10,28,05中正區,中正區廈門街113巷與同安街口口,0,0,1,1,C03,8,6,5,30,4,1,1,5,4,5,13,4,4,10,5,5,1,17,1,71,2,8,6,1,7,5,1,10,2,12,72,1,21,121.5215903,25.0232792
114,05,08,10,30,10文山區,文山區興隆路4段1巷3號,0,0,1,1,B03,8,7,5,30,11,9,1,5,4,5,13,4,4,10,5,5,2,17,2,50,3,10,7,1,7,1,1,8,1,8,19,1,21,121.559216,24.9912606
114,05,08,10,43,02萬華區,萬華區萬大路414號,0,0,1,1,A02,7,7,5,50,14,9,1,5,4,5,13,4,4,10,4,5,2,12,1,54,3,10,3,1,7,9,1,2,1,2,108,1,22,121.4983476,25.0212152
114,05,08,10,50,04大安區,大安區嘉興街與樂業街口,0,0,1,1,C03,8,7,5,30,5,2,1,5,4,5,13,4,4,5,5,5,1,17,2,73,2,7,6,1,7,5,1,10,1,13,72,1,21,121.5514517,25.0213582
114,05,08,11,24,09北投區,北投區明德路與明德路289巷口,0,0,1,1,B03,8,7,5,50,4,1,1,5,4,5,13,3,1,10,5,5,2,17,1,70,3,10,7,1,7,1,1,8,2,1,42,1,21,121.5214083,25.1152643
114,05,08,11,52,07信義區,信義區基隆路1段與基隆路1段102巷口,0,0,1,1,B03,8,6,5,50,3,2,1,5,4,5,13,4,4,10,3,5,2,16,1,34,3,10,3,4,7,6,1,8,2,5,9,1,21,121.5668426,25.0453811
114,05,08,12,07,04大安區,大安區忠孝東路3段與建國南路1段口,0,0,2,1,C03,8,6,5,50,5,1,1,5,4,5,13,1,1,8,3,5,2,17,1,43,2,9,3,4,7,6,1,10,1,11,9,1,21,121.5373138,25.0418635
114,05,08,12,23,05中正區,中正區汀州路3段120號,0,0,2,1,F03,8,6,5,50,14,9,1,5,4,5,13,4,4,9,5,5,2,16,1,69,2,8,6,1,7,5,8,20,1,12,8,1,21,121.5335713,25.0141473
114,05,08,12,35,07信義區,信義區信安街與信安街15巷口,0,0,1,1,C03,7,6,8,50,4,1,1,5,4,5,13,4,4,8,4,5,2,17,1,68,2,9,3,4,7,15,1,10,1,11,72,1,21,121.5580535,25.027755
114,05,08,12,53,03中山區,中山區明水路與明水路557巷口,0,0,1,1,B03,8,6,5,40,3,2,1,5,4,5,13,4,4,8,3,4,2,16,2,75,4,11,3,4,7,6,7,19,11,15,9,2,21,121.5521808,25.0792832
114,05,08,13,09,03中山區,中山區北安路458巷9號,0,0,1,1,B03,8,6,5,30,14,9,1,5,4,5,13,2,1,10,5,5,2,13,1,41,3,10,7,4,7,3,1,8,2,1,18,1,21,121.54458,25.0791745
114,05,08,13,19,02萬華區,萬華區中興橋機車道往台北,0,0,1,1,C03,7,7,5,30,8,11,1,5,4,5,13,4,4,10,5,5,2,18,1,47,2,9,5,4,7,9,1,10,1,15,13,1,22,121.4995198,25.04486242
114,05,08,13,26,03中山區,中山區市民大道2段47號,0,0,2,1,C03,8,7,5,40,14,9,1,5,4,5,13,4,4,1,4,5,2,17,1,23,2,9,6,2,7,9,1,10,1,11,108,1,21,121.5286489,25.0468629
114,05,08,13,30,03中山區,中山區中山北路2段83號,0,0,1,1,C03,8,6,5,50,14,9,1,5,4,5,13,4,4,1,4,5,2,13,1,31,2,9,6,1,7,9,1,10,1,11,16,1,21,121.5229755,25.0584419
114,05,08,13,31,05中正區,中正區重慶南路1段與寶慶路口,0,0,1,1,C03,8,5,5,50,4,2,1,5,4,5,13,2,1,10,4,5,2,13,2,20,2,9,5,1,7,7,1,10,1,13,100,1,21,121.5127846,25.0410723
114,05,08,13,44,07信義區,信義區莊敬路與松勤街口,0,0,1,1,B01,8,6,5,50,4,1,1,5,4,5,13,2,1,9,3,5,2,16,1,49,3,10,3,4,7,5,1,8,2,4,8,1,21,121.5612819,25.032223
114,05,08,13,50,02萬華區,萬華區環河南路2段與和平西路3段口,0,0,2,1,C03,8,6,5,50,14,9,1,5,4,5,13,1,1,10,5,5,2,17,2,70,2,8,5,1,7,9,1,10,9,17,108,1,21,121.494091,25.035193
114,05,08,14,21,07信義區,信義區基隆路1段200號,0,0,1,1,C03,8,5,5,50,14,9,1,5,4,5,13,4,4,9,4,5,2,13,2,28,2,8,6,1,7,9,1,10,1,11,16,1,22,121.5636382,25.039983
114,05,08,14,51,01大同區,大同區台北橋機慢車道往三重,0,0,1,1,C04,7,6,5,50,14,11,1,5,4,5,13,4,4,1,4,5,2,29,2,58,2,9,6,1,7,9,1,21,1,14,42,1,21,121.5075999,25.0637387
114,05,08,14,53,12內湖區,內湖區瑞湖街與舊宗路2段135巷口,0,0,1,1,B03,8,7,5,50,3,2,1,5,4,5,13,4,4,5,5,5,2,16,1,44,3,10,7,1,7,6,1,8,1,2,9,1,21,121.5764291,25.0697552
114,05,08,15,04,03中山區,中山區吉林路與新生北路2段41巷口,0,0,1,1,B02,8,6,5,30,4,1,1,5,4,5,13,4,4,5,4,5,2,15,1,58,3,10,3,4,7,9,1,8,1,1,72,1,22,121.530167,25.055312
114,05,08,15,12,06松山區,松山區民權東路3段103巷與民權東路3段口,0,0,2,1,C03,8,5,5,50,3,2,1,5,4,5,13,4,4,1,3,5,2,13,1,40,2,9,5,4,7,8,1,10,1,13,100,1,21,121.5447962,25.0622232
114,05,08,15,14,06松山區,松山區基隆路1段與八德路4段口,0,0,1,1,C03,8,6,5,50,4,1,1,5,4,5,13,2,1,5,4,5,2,17,2,35,2,9,6,4,7,1,1,10,1,14,19,1,22,121.5698893,25.0496059
114,05,08,15,20,06松山區,松山區八德路3段12巷與八德路3段12巷52弄口,0,0,1,1,B03,8,6,5,30,4,1,1,5,4,5,13,4,4,9,4,5,2,15,2,45,3,10,7,1,7,9,1,8,1,2,72,1,21,121.5507096,25.0461547
114,05,08,15,24,02萬華區,萬華區寶興街與東園街28巷口,0,0,1,1,C03,8,6,5,30,3,2,1,5,4,5,13,2,1,10,5,5,2,9,1,72,3,10,6,1,7,14,1,10,1,12,42,1,21,121.4944361,25.02616
114,05,08,15,50,12內湖區,內湖區民權東路6段56巷與民權東路6段90巷16弄口,0,0,2,1,C03,8,6,5,50,3,1,1,5,4,5,13,4,4,9,5,4,2,16,1,62,2,7,6,1,7,5,1,10,1,12,74,1,22,121.5851117,25.0679292
114,05,08,16,08,08士林區,士林區士東路200巷與士東路200巷49弄口,0,0,1,1,C04,8,5,5,30,3,1,1,5,4,5,13,4,4,9,5,5,2,17,2,62,2,7,3,4,7,5,1,21,1,12,72,1,22,121.5233996,25.11577098
114,05,08,16,15,02萬華區,萬華區西園路1段與廣州街口,0,0,1,1,B03,8,6,5,40,4,1,1,5,4,5,13,1,1,8,3,5,1,17,1,43,3,10,7,1,7,11,1,8,1,5,92,1,21,121.4993155,25.0366331
114,05,08,16,27,08士林區,士林區承德橋與通河街口,0,0,1,1,C03,7,6,5,50,4,1,1,5,4,5,13,1,1,1,4,5,2,17,2,51,2,9,3,4,7,8,1,10,2,15,100,1,21,121.5222316,25.08056638
114,05,08,16,44,03中山區,中山區民生東路2段147巷與建國北路2段186巷口,0,0,1,1,B03,7,5,5,30,4,1,1,5,4,5,13,4,4,9,5,5,2,15,1,57,3,10,3,4,7,9,1,8,1,1,72,1,21,121.5348369,25.05962761
114,05,08,16,47,09北投區,北投區育仁路113號,0,0,1,1,C03,8,7,5,30,14,9,1,5,4,5,13,4,4,9,5,5,2,11,2,30,2,9,5,1,7,9,1,10,1,14,44,1,22,121.5000377,25.135386
114,05,08,16,58,04大安區,大安區仁愛路4段345巷15弄15號,0,0,2,1,C03,8,6,5,30,14,9,1,5,4,5,13,4,4,10,5,5,2,12,2,48,2,9,6,1,7,1,1,10,1,13,19,1,21,121.5544078,25.0389431
114,05,08,17,24,07信義區,信義區松仁路2號,0,0,2,1,C03,8,7,5,50,14,9,1,5,4,5,13,4,4,1,4,5,2,17,1,39,2,9,6,4,7,9,1,10,1,11,99,1,21,121.5684064,25.040444
114,05,08,17,26,05中正區,中正區重慶南路1段與寶慶路口,0,0,2,1,C03,7,6,5,50,4,2,1,5,4,5,13,1,1,5,4,5,2,16,1,31,2,8,6,4,7,7,1,10,1,12,100,1,22,121.513053,25.04091953
114,05,08,18,06,05中正區,中正區廣州街與廣州街口花園酒店停車場車道口,0,0,1,1,B03,8,5,5,40,4,1,1,5,4,5,13,4,4,5,5,5,2,16,1,45,3,10,7,1,7,1,1,8,1,8,19,1,21,121.5071725,25.0359102
114,05,08,18,16,05中正區,中正區金山南路1段與臨沂街6巷口,0,0,2,1,C03,8,5,5,30,5,1,1,5,4,5,13,4,4,9,5,5,1,15,1,19,2,3,5,1,7,9,3,18,2,12,75,1,25,121.5298192,25.0426289
114,05,08,18,20,12內湖區,內湖區環山路2段53巷6弄24號,0,0,1,1,C03,8,6,5,30,14,9,1,5,4,5,13,4,4,10,5,5,1,10,1,44,2,9,6,1,7,1,1,10,1,11,19,1,21,121.5743768,25.08459527
114,05,08,18,40,12內湖區,內湖區新明路380巷3弄與新明路362巷口,0,0,1,1,C03,7,5,5,30,4,1,1,5,4,5,13,4,4,10,5,5,2,15,1,34,2,9,5,1,7,9,1,10,1,14,44,1,21,121.580913,25.0555646
114,05,08,18,50,03中山區,中山區復興北路320巷與民生東路3段73巷口,0,0,1,1,F02,8,5,5,30,4,1,1,5,4,5,13,4,4,10,4,5,2,15,1,70,2,9,4,1,7,9,8,20,1,12,89,1,21,121.5435674,25.0594312
114,05,08,18,52,01大同區,大同區延平北路3段47-1號,0,0,1,1,,7,5,5,50,14,9,1,5,4,5,13,4,4,8,3,5,1,8,4,,4,11,3,4,7,9,7,19,11,12,119,2,22,121.5111118,25.0651728
114,05,08,18,58,03中山區,中山區建國南路1段與市民大道3段口,0,0,1,1,B03,7,5,5,50,5,2,1,5,4,5,13,4,4,8,3,5,1,17,1,62,3,10,7,1,7,6,1,8,1,2,9,1,21,121.5369565,25.0452778
114,05,08,19,00,06松山區,松山區塔悠路與撫遠街261巷口,0,0,1,1,B12,7,5,5,50,3,1,1,5,4,5,13,4,4,1,4,5,2,13,1,40,3,10,3,4,7,5,1,8,2,8,108,1,22,121.5684752,25.0622324
114,05,08,19,00,08士林區,士林區延平北路5段76號,0,0,2,1,C03,7,5,5,50,14,9,1,5,4,5,13,4,4,1,4,5,1,17,1,47,2,9,3,1,7,9,1,9,6,15,21,2,21,121.5055476,25.08957565
114,05,08,19,05,06松山區,松山區光復北路165巷與光復北路口,0,0,2,1,C03,7,5,5,30,3,2,1,5,4,5,13,2,1,8,3,5,2,17,1,73,2,7,6,1,7,5,3,18,1,11,8,1,22,121.555395,25.0571874
114,05,08,19,15,05中正區,中正區羅斯福路1段與林森南路地下道口,0,0,1,1,C03,8,5,5,30,4,1,1,5,4,5,13,1,1,10,4,5,1,17,2,32,3,10,5,1,7,5,1,10,1,13,8,1,21,121.5180727,25.0328719
114,05,08,19,51,04大安區,大安區市民大道3段與市民大道3段150巷口,0,0,1,1,B01,8,5,5,30,3,1,1,5,4,5,13,4,4,1,4,4,2,17,1,62,3,10,7,1,7,6,1,4,9,17,72,2,21,121.5354534,25.0447436