發生年度,發生月,發生日,發生時-Hours,發生分,區序,肇事地點,死亡人數,2-30日死亡人數,受傷人數,當事人序號,車種,天候,光線,道路類別,速限-速度限制,道路型態,事故位置,路面狀況1,路面狀況2,路面狀況3,道路障礙1,道路障礙2,號誌1,號誌2,車道劃分-分向,車道劃分-分道1,車道劃分-分道2,車道劃分-分道3,事故類型及型態,性別,年齡,受傷程度,主要傷處,保護裝置,行動電話,車輛用途,當事者行動狀態,駕駛資格情形,駕駛執照種類,飲酒情形,車輛撞擊部位1,肇因碼-個別,個人肇逃否,職業,座標-X,座標-Y
114,05,08,21,20,05中正區,中正區公園路與青島西路口,0,0,1,1,F01,7,5,5,50,4,2,1,5,4,5,13,1,1,5,4,5,2,16,1,63,3,10,4,1,7,11,8,20,2,14,4,1,22,121.5170928,25.0448483
114,05,08,21,37,04大安區,大安區羅斯福路3段與辛亥路1段口,0,0,2,1,C03,8,5,5,50,4,2,1,5,4,5,13,2,1,1,4,5,2,17,1,23,2,7,6,1,7,9,1,10,1,11,108,1,21,121.529238,25.01985935
114,05,08,22,17,04大安區,大安區新生南路3段與辛亥路1段口,0,0,3,1,C03,8,5,5,50,4,1,1,5,4,5,13,1,1,10,5,5,2,17,2,23,2,7,6,1,7,5,1,10,1,14,8,1,21,121.5343739,25.0226393
114,05,08,22,44,02萬華區,萬華區康定路與內江街口,0,0,1,1,C03,8,5,5,50,4,1,1,5,4,5,13,1,1,9,5,5,2,17,2,47,2,9,5,1,7,12,1,10,1,11,108,1,21,121.5022528,25.041816
114,05,08,22,50,05中正區,中正區重慶南路3段與和平西路1段口,0,0,1,1,C03,8,5,5,50,5,1,1,5,4,5,13,1,1,1,4,5,2,3,1,22,3,10,5,1,7,6,1,10,1,11,70,1,25,121.5159305,25.0276191
114,05,09,00,43,07信義區,信義區忠孝東路5段524巷1弄30號,0,0,1,1,C03,7,5,5,30,14,9,1,5,4,5,13,4,4,10,5,5,2,17,2,27,2,8,6,1,7,9,1,10,1,12,108,1,21,121.580724,25.0415654
114,05,09,01,44,05中正區,中正區信義路2段243巷與新生南路1段160巷口口,0,0,1,1,B01,8,5,5,30,4,1,1,5,4,5,13,4,4,9,5,5,2,15,1,55,3,10,7,1,7,9,1,4,2,2,72,1,21,121.5311885,25.0346291
114,05,09,03,49,02萬華區,往台北市方向（燈桿:萬板大橋013）,0,0,3,1,B03,8,5,5,50,8,7,1,5,4,5,13,4,4,1,4,5,2,10,1,28,3,10,7,4,7,9,1,4,2,1,4,1,21,121.4901764,25.0303233
114,05,09,06,33,04大安區,大安區敦化南路2段與安和路2段171巷口口,0,0,2,1,C03,8,6,5,50,14,9,1,5,4,5,13,2,1,1,4,5,2,13,1,36,2,9,3,4,7,9,1,10,1,11,16,1,22,121.549455,25.0279668
114,05,09,06,50,08士林區,士林區福林路與福林路100巷口,0,0,2,1,C03,7,6,5,30,3,2,1,5,4,5,13,1,1,5,5,5,1,17,2,38,2,9,6,1,7,5,1,10,2,14,44,1,22,121.5312046,25.0958149
114,05,09,06,54,05中正區,中正區開封街1段與懷寧街口,0,0,1,1,B12,8,5,5,50,4,1,1,5,4,5,13,3,1,9,4,5,2,15,1,50,3,10,7,1,7,9,1,4,1,1,72,1,21,121.5141765,25.0460136
114,05,09,06,59,08士林區,士林區中正路與中正路104巷口口,0,0,1,1,B12,7,7,5,50,3,1,1,5,4,5,13,4,4,3,3,4,2,16,1,36,3,10,3,4,7,6,1,8,1,2,9,1,27,121.5295312,25.096156
114,05,09,07,07,05中正區,中正區羅斯福路3段40號,0,0,1,1,C03,8,7,5,50,14,9,1,5,4,5,13,4,4,1,4,5,2,5,1,42,3,10,5,1,7,9,6,18,2,11,108,1,22,121.5254914,25.0228527
114,05,09,07,13,09北投區,北投區崇仁路1段與崇仁路1段17巷口,0,0,1,1,B03,7,6,5,30,4,1,1,5,4,5,13,4,4,5,4,5,2,15,1,54,3,10,7,1,7,9,1,8,1,4,72,1,21,121.5013142,25.12778799
114,05,09,07,18,12內湖區,內湖區康樂街136巷與康樂街136巷15弄口,0,0,1,1,B03,7,6,5,30,4,1,1,5,4,5,13,4,4,10,5,5,2,16,1,63,3,10,7,1,7,5,1,8,1,8,8,1,21,121.6184738,25.0719244
114,05,09,07,33,05中正區,中正區中山南路與凱達格蘭大道口,0,0,1,1,C03,8,6,5,50,18,9,1,5,4,5,13,1,1,10,4,1,1,13,1,37,2,7,6,1,7,9,1,10,2,11,16,1,21,121.5175179,25.039401
114,05,09,07,37,02萬華區,萬華區華中橋機車道往臺北市（7010511燈桿）,0,0,2,1,C03,8,7,5,40,8,11,1,5,4,5,13,4,4,1,4,5,2,13,1,23,2,9,5,1,7,9,1,10,1,11,108,1,21,121.4955597,25.0120178
114,05,09,07,49,08士林區,士林區承德路5段往北,0,0,2,1,C03,8,6,5,40,14,8,1,5,4,5,13,4,4,1,4,4,1,12,2,26,2,9,3,4,7,10,1,10,1,12,100,1,21,121.5158003,25.0921821
114,05,09,07,50,02萬華區,萬華區環河南路2段與桂林路口,0,0,1,1,C03,7,6,5,50,4,1,1,5,4,5,13,2,1,5,4,4,2,17,1,51,3,10,6,1,7,9,1,10,1,12,99,1,21,121.4970879,25.0384968
114,05,09,08,00,12內湖區,內湖區陽光街110號,0,0,1,1,A02,7,6,6,50,14,9,1,5,4,5,13,4,4,9,5,5,2,12,1,59,3,10,7,1,7,1,1,2,1,8,19,1,26,121.5844719,25.0750032
114,05,09,08,00,12內湖區,內湖區舊宗路2段(堤頂大道1、2段144燈桿),0,0,1,1,C03,8,6,5,50,14,9,1,5,4,5,13,4,4,1,4,5,2,13,2,48,2,8,6,1,7,9,1,10,1,11,44,1,22,121.5729999,25.0738343
114,05,09,08,06,11南港區,南港區東新街3號對面,0,0,1,1,B03,8,6,5,50,14,9,1,5,4,5,13,4,4,1,4,5,2,16,1,37,3,10,3,4,7,6,1,8,1,5,9,1,22,121.5843459,25.0488292
114,05,09,08,20,08士林區,士林區基河路與基河路188巷口,0,0,1,1,B03,8,5,5,30,3,1,1,5,4,5,13,4,4,5,4,5,1,17,1,64,3,10,7,1,7,6,1,8,2,8,72,1,21,121.5222333,25.0903348
114,05,09,08,20,07信義區,信義區嘉興街127巷與信安街口,0,0,1,1,C03,8,6,5,30,3,1,1,5,4,5,13,2,1,8,3,5,2,10,1,35,2,9,6,1,7,12,1,10,1,11,44,1,22,121.5582681,25.0286854
114,05,09,08,24,06松山區,松山區敦化北路與民生東路4段口,0,0,1,1,C03,7,6,5,50,4,1,1,5,4,5,13,2,1,4,3,4,2,12,2,45,2,8,5,1,7,8,1,10,1,12,100,1,21,121.5492804,25.0576568
114,05,09,08,25,09北投區,北投區泉源路46號與泉源路口,0,0,2,1,C03,8,7,5,50,3,2,1,5,4,5,13,4,4,5,5,5,1,16,2,31,2,9,6,1,7,9,1,10,1,11,108,1,22,121.5087673,25.1411483
114,05,09,08,27,12內湖區,內湖區新湖三路128號,0,0,2,1,C03,8,7,5,50,14,9,1,5,4,5,13,4,4,4,4,5,2,12,1,25,2,9,5,1,7,8,1,10,1,12,100,1,22,121.5771285,25.0638086
114,05,09,08,30,03中山區,中山區基湖路與基湖路145巷口,0,0,1,1,B03,7,7,5,50,4,1,1,5,4,5,13,4,4,1,5,5,2,16,2,54,3,10,7,1,7,5,1,8,1,2,71,1,21,121.5642992,25.07828721
114,05,09,08,31,09北投區,北投區西安街1段與自強街141巷口,0,0,1,1,B03,7,6,5,50,3,1,1,5,4,5,13,4,4,5,4,5,2,15,1,76,3,10,7,1,7,1,1,8,1,5,19,1,21,121.5170885,25.11155746
114,05,09,08,32,12內湖區,內湖區舊宗路1段100號對面,0,0,1,1,C03,8,7,5,50,14,9,1,5,4,5,13,4,4,1,4,5,2,12,2,25,2,9,5,1,7,7,1,10,2,14,100,1,21,121.5794873,25.0599532
114,05,09,08,34,05中正區,中正區愛國西路與重慶南路2段口,0,0,2,1,C03,7,7,5,50,4,1,1,5,4,5,13,1,1,1,4,5,2,17,1,70,2,9,5,1,7,6,1,10,1,12,9,1,22,121.5123671,25.0350354
114,05,09,08,36,01大同區,大同區甘谷街30號,0,0,1,1,F01,8,6,5,30,14,9,1,5,4,5,13,4,4,10,5,5,2,17,2,75,2,9,4,1,7,15,8,20,2,14,102,1,21,121.5108526,25.0528208
114,05,09,08,43,10文山區,文山區木柵路3段第0706071燈桿,0,0,1,1,F01,8,7,5,0,14,20,4,5,4,4,13,4,4,10,5,5,2,9,2,57,2,9,4,1,7,9,8,20,1,11,99,1,21,121.57109,24.9910583
114,05,09,08,50,07信義區,信義區松仁路與松高路口,0,0,2,1,C03,8,6,5,50,14,9,1,5,4,5,13,2,1,1,4,4,2,13,2,23,2,9,3,4,7,9,1,10,1,11,16,1,21,121.5685087,25.0388311
114,05,09,09,00,04大安區,大安區建國南路1段299號,0,0,1,1,C03,8,6,5,50,14,9,1,5,4,5,13,4,4,1,4,5,2,12,1,74,2,9,3,4,7,8,1,10,1,12,100,1,22,121.5381357,25.0354909
114,05,09,09,02,08士林區,士林區延平北路7段106巷與延平北路7段106巷327弄口,0,0,1,1,B01,7,6,5,40,3,2,1,5,4,5,13,1,1,10,5,5,1,16,1,57,3,10,3,4,7,6,1,4,1,5,9,1,21,121.495904,25.1046354
114,05,09,09,12,05中正區,中正區忠孝西路1段M5,0,0,1,1,A02,8,6,5,50,14,9,1,5,4,5,13,4,4,3,4,5,1,9,1,58,3,10,7,1,7,14,1,2,2,2,40,1,21,121.5163909,25.0466166
114,05,09,09,28,03中山區,中山區南京東路2段與南京東路2段214巷口,0,0,1,1,B03,8,7,5,30,3,2,1,5,4,5,13,4,4,10,5,5,2,17,1,69,3,10,7,1,7,6,1,8,1,5,9,1,21,121.5360575,25.0518719
114,05,09,09,40,03中山區,中山區松江路與民生東路2段口,0,0,1,1,C03,8,7,5,50,4,2,1,5,4,5,13,1,1,1,4,5,2,16,1,68,3,10,6,1,7,9,1,11,2,14,42,1,21,121.5334126,25.0578446
114,05,09,09,53,05中正區,中正區汀州路2段與同安街口,0,0,1,1,C03,8,7,5,50,4,1,1,5,4,5,13,1,1,5,5,5,2,17,1,20,2,9,5,1,7,9,1,10,1,12,108,1,22,121.5216064,25.0241403
114,05,09,10,04,03中山區,中山區市民大道2段與林森北路口,0,0,1,1,B01,8,6,5,50,14,9,1,5,4,1,11,4,4,5,4,4,2,12,1,52,3,10,3,4,7,9,1,4,1,2,44,1,21,121.5246457,25.0480245
114,05,09,10,15,10文山區,文山區新光路2段與文和橋口口,0,0,1,1,B03,8,7,5,50,3,1,1,5,4,5,13,3,1,5,5,5,2,16,1,74,3,10,7,1,7,6,1,8,2,2,9,1,21,121.5963367,25.0013861
114,05,09,10,25,08士林區,士林區延平北路6段與中正路口,0,0,1,1,B03,8,6,5,50,4,1,1,5,4,5,13,2,1,5,4,5,2,13,1,41,3,10,7,1,7,5,1,8,1,1,108,1,26,121.5092002,25.086853
114,05,09,10,33,03中山區,中山區中山北路4段與中山北路3段口中山橋往南,0,0,1,1,C03,7,6,5,50,4,1,1,5,4,5,13,1,1,7,4,5,2,16,1,23,2,8,6,1,7,7,1,10,1,11,100,1,21,121.5258065,25.074851
114,05,09,10,40,04大安區,大安區金山南路2段與潮州街口,0,0,1,1,B01,8,7,5,50,4,1,1,5,4,5,13,2,1,1,4,5,1,17,1,56,3,10,7,1,7,5,1,3,1,5,108,1,21,121.5263555,25.0289501
114,05,09,10,48,06松山區,松山區民權東路3段與敦化北路口,0,0,2,1,C03,8,6,5,50,4,2,1,5,4,5,13,1,1,1,3,5,2,13,2,51,2,9,6,1,7,9,1,10,1,11,16,1,21,121.5502132,25.0614839
114,05,09,10,56,12內湖區,內湖區民權大橋與民權大橋口西往東(第15支路燈桿),0,0,1,1,C03,8,6,5,40,8,11,1,5,4,5,13,4,4,3,4,4,2,13,1,25,3,10,6,1,7,9,1,10,1,15,16,1,21,121.57383,25.06533616
114,05,09,11,12,03中山區,中山區民權西路與天祥路口,0,0,1,1,C03,7,5,5,50,4,1,1,5,4,5,13,1,1,1,4,5,2,13,1,37,2,8,3,4,7,9,1,10,1,11,16,1,21,121.5209032,25.0627375
114,05,09,11,18,09北投區,北投區大業路與中央北路1段口,0,0,1,1,C03,8,7,6,50,4,2,1,5,4,5,13,2,1,3,4,5,2,16,1,68,3,10,5,1,7,8,1,10,1,14,100,1,22,121.4970894,25.1358813
114,05,09,11,33,05中正區,中正區天津街2號,0,0,1,1,B03,8,5,5,50,14,9,1,5,4,5,13,2,1,9,4,5,2,16,1,67,3,10,7,1,7,11,1,8,1,1,10,1,21,121.5219538,25.046411
114,05,09,11,52,07信義區,信義區基隆路1段151號,0,0,1,1,B01,7,6,5,50,14,9,1,5,4,5,13,4,4,9,3,5,2,12,1,57,3,10,3,4,7,1,1,8,1,4,19,1,21,121.5654526,25.0425417
114,05,09,11,53,04大安區,大安區信義路2段28號,0,0,1,1,C03,8,6,5,50,14,9,1,5,4,5,13,4,4,1,4,5,2,12,2,25,2,8,6,1,7,9,1,10,2,14,17,1,21,121.5253778,25.0348353
114,05,09,13,03,01大同區,大同區南京西路163號,0,0,1,1,B03,7,6,5,50,14,9,1,5,4,5,13,4,4,5,2,5,2,9,2,39,3,10,7,1,7,9,1,8,2,2,70,1,21,121.5130944,25.05398545
114,05,09,13,18,12內湖區,內湖區民權東路6段46巷與行忠路口口,0,0,3,1,C03,8,7,5,50,3,1,1,5,4,5,13,4,4,9,4,5,2,17,1,25,2,9,6,1,7,6,1,10,1,12,9,1,21,121.5829028,25.0673578
114,05,09,13,50,07信義區,信義區松平路30巷與松平路30巷6弄口,0,0,1,1,F01,7,5,5,30,3,2,1,5,4,5,13,4,4,10,5,5,2,17,1,19,2,9,4,1,7,1,8,20,1,14,19,1,22,121.5635654,25.0299636
114,05,09,14,00,08士林區,士林區承德路4段10巷與通河街76巷口,0,0,1,1,C03,7,5,8,30,22,22,1,5,4,5,13,4,4,9,5,5,1,17,2,55,2,9,5,1,7,9,1,21,1,11,72,1,21,121.5201394,25.08011526
114,05,09,14,48,08士林區,士林區重慶北路4段141號,0,0,2,1,C03,8,6,5,40,14,8,1,5,4,5,13,4,4,1,4,4,1,17,1,28,2,7,5,1,7,1,1,10,1,11,19,1,21,121.5122324,25.08275436
114,05,09,14,52,08士林區,士林區延平北路6段100號,0,0,1,1,C03,8,7,7,50,14,9,1,5,4,5,13,2,1,4,3,5,1,12,2,72,2,9,3,4,7,9,1,10,1,11,16,1,22,121.508231,25.0887752
114,05,09,15,35,08士林區,士林區忠誠路1段56號,0,0,2,1,C03,8,6,5,40,14,8,1,5,4,5,13,4,4,1,4,4,1,2,1,31,2,9,5,1,7,9,1,10,2,14,108,1,21,121.5270741,25.1045232
114,05,09,15,38,03中山區,中山區大直橋（南往北國道一號下方）,0,0,1,1,C03,7,7,5,50,8,9,1,5,4,5,13,4,4,1,4,5,2,13,2,28,2,7,6,1,7,9,1,10,1,11,108,1,21,121.5438475,25.07241038
114,05,09,15,40,04大安區,大安區忠孝東路4段317號,0,0,2,1,C03,6,6,5,50,14,9,1,4,4,5,13,4,4,1,4,5,2,17,1,24,2,9,3,4,7,9,1,10,1,15,42,1,22,121.5563791,25.0415955
114,05,09,15,47,10文山區,文山區木柵路4段與萬芳交流道口口,0,0,2,1,C03,6,6,5,50,3,1,1,4,4,5,13,1,1,10,5,5,1,16,1,23,2,8,6,1,7,9,1,10,2,11,81,1,21,121.5768131,25.000213
114,05,09,15,53,08士林區,士林區中正路與文昌路口,0,0,1,1,B03,8,6,5,50,3,2,1,5,4,5,13,2,1,1,4,5,1,17,2,60,3,10,7,1,7,9,1,8,2,8,44,1,21,121.5217599,25.0945907
114,05,09,16,23,02萬華區,萬華區環河南路3段359號,0,0,1,1,C03,8,6,5,50,14,9,1,5,4,5,13,4,4,10,5,5,2,12,1,75,2,7,5,1,7,8,1,10,1,14,100,1,26,121.4949369,25.01704127
114,05,09,16,55,11南港區,南港區成美橋與南港路3段口,0,0,1,1,C03,6,6,5,50,5,2,1,4,4,5,13,1,1,5,4,5,2,16,2,24,3,10,6,1,7,5,1,10,1,14,8,1,21,121.5827953,25.0518737
114,05,09,17,05,06松山區,松山區撫遠街380巷21號,0,0,1,1,B03,7,5,5,30,14,9,1,4,4,5,13,4,4,8,3,5,2,1,2,38,3,10,3,4,7,5,1,8,2,1,70,1,22,121.5647311,25.0641829
114,05,09,17,30,09北投區,北投區大業路157號,0,0,1,1,B03,8,6,5,50,14,9,1,5,4,5,13,4,4,8,3,5,2,17,2,39,3,10,7,1,7,6,1,8,1,5,9,1,21,121.4987045,25.12483707
114,05,09,17,52,04大安區,大安區新生南路1段139巷與新生南路1段口,0,0,1,1,B01,7,6,5,50,4,1,1,5,4,5,13,2,1,10,5,5,2,17,1,57,3,10,3,4,7,8,1,4,1,3,100,1,22,121.5329146,25.0367148
114,05,09,18,05,01大同區,大同區民權西路127號,0,0,2,1,B03,8,5,5,50,14,9,1,5,4,5,13,4,4,1,4,5,2,17,1,62,3,10,7,1,7,9,1,8,1,2,108,1,21,121.517185,25.0630164
114,05,09,18,20,07信義區,信義區福德街與大道路口,0,0,1,1,B12,7,5,5,30,4,2,1,4,4,5,13,1,1,1,3,5,2,17,1,22,3,10,3,4,7,5,1,8,1,17,71,1,21,121.5837984,25.0380993
114,05,09,18,31,05中正區,中正區重慶北路1段與鄭州路口口,0,0,1,1,C03,8,5,5,40,4,1,1,5,4,5,13,2,1,1,4,5,2,12,1,28,3,10,6,1,7,9,1,10,2,14,108,1,21,121.5135243,25.04922657
114,05,09,18,39,06松山區,松山區八德路3段與北寧路口,0,0,1,1,B03,7,5,5,50,4,1,1,4,4,5,13,2,1,4,3,5,2,17,1,34,3,10,3,4,7,7,1,8,1,17,100,1,22,121.5524635,25.0482345
114,05,09,18,40,02萬華區,萬華區成都路與漢中街口,0,0,1,1,A02,8,5,5,50,4,1,1,5,4,5,13,1,1,5,4,5,2,12,1,41,3,10,7,4,7,9,1,2,1,7,17,1,21,121.5076717,25.04235521
114,05,09,18,51,02萬華區,萬華區桂林路與桂林路242巷口,0,0,2,1,C03,7,5,6,50,5,1,1,5,4,5,13,1,1,9,5,5,2,16,2,36,2,8,5,1,7,5,1,10,1,12,8,1,21,121.4962725,25.0387087
114,05,09,18,59,04大安區,大安區敦化南路2段與敦化南路2段81巷口,0,0,1,1,F01,6,5,5,50,3,2,1,4,4,5,13,2,1,1,4,5,2,17,1,21,2,9,4,1,7,9,8,20,2,12,85,1,21,121.5491413,25.0299326
114,05,09,19,08,12內湖區,內湖區瑞光路與瑞光路258巷口,0,0,1,1,B03,6,5,5,50,4,1,1,4,4,5,13,2,1,5,4,5,2,17,2,66,3,10,3,4,7,7,1,8,1,17,100,1,21,121.5758777,25.0757694
114,05,09,19,12,02萬華區,萬華區西寧南路與開封街2段口,0,0,1,1,C03,6,5,5,50,4,1,1,4,4,5,13,1,1,8,3,5,1,17,1,25,2,9,5,1,7,12,1,10,1,14,16,1,21,121.5071036,25.0465255
114,05,09,20,58,03中山區,中山區民權東路2段71巷23號,0,0,2,1,C03,7,5,6,50,14,9,1,5,4,5,13,4,4,9,5,5,2,3,2,29,2,9,5,1,7,9,1,10,2,11,108,1,22,121.52771,25.06012846
114,05,09,21,26,03中山區,中山區錦西街8號,0,0,1,1,B01,7,5,5,50,14,18,1,5,4,5,13,1,1,9,4,5,2,3,1,68,3,10,3,4,7,9,1,4,2,1,70,1,22,121.5217878,25.0603232
114,05,09,21,52,07信義區,信義區基隆路1段157號,0,0,1,1,B03,7,5,5,50,14,9,1,5,4,5,13,4,4,1,4,5,2,12,1,71,2,6,7,1,7,9,1,8,2,1,108,1,21,121.5654457,25.0430562
114,05,09,22,00,08士林區,士林區中正路501號對面,0,0,1,1,B12,7,5,5,50,14,7,1,5,4,5,13,4,4,8,3,5,2,12,1,38,2,9,3,4,7,9,1,8,2,1,108,1,22,121.5179458,25.0919638
114,05,09,23,10,03中山區,中山區市民大道2段迴轉道近65號,0,0,1,1,C03,7,5,5,40,22,6,1,5,4,5,13,4,4,1,4,5,1,17,2,23,2,9,5,1,7,9,1,10,1,11,108,1,21,121.5292101,25.0465523
114,05,09,23,40,12內湖區,內湖區民權東路6段161號,0,0,2,1,C03,8,5,5,50,14,8,1,5,4,5,13,2,1,1,4,4,2,12,2,23,2,8,5,1,7,8,1,10,2,12,100,1,21,121.595615,25.0684923
114,05,10,05,51,05中正區,中正區市民大道2段與天津街口,0,0,1,1,B03,6,6,5,40,4,1,1,4,4,5,13,1,1,1,5,5,2,15,1,19,3,10,2,1,7,9,1,8,2,5,81,1,22,121.5223635,25.0478287
114,05,10,07,08,07信義區,信義區福德街86號,0,0,1,1,A02,7,6,5,50,14,9,1,5,4,5,13,4,4,1,4,5,2,9,1,55,3,10,3,4,7,9,1,2,2,17,44,1,21,121.5828874,25.0377703
114,05,10,07,23,07信義區,信義區松勤街150號,0,0,1,1,C03,7,7,5,30,14,9,1,5,4,5,13,4,4,10,5,5,2,12,2,63,3,10,5,1,7,11,1,10,1,14,10,1,21,121.5696997,25.030985
114,05,10,07,31,01大同區,大同區環河北路1段與南京西路口,0,0,2,1,C03,7,5,5,50,3,4,1,5,4,5,13,2,1,7,2,5,2,13,2,39,2,9,5,1,7,7,1,10,2,15,100,1,21,121.5077384,25.0539655
114,05,10,07,35,08士林區,士林區基河路與基河路251巷口,0,0,2,1,A02,7,6,5,50,4,1,1,5,4,5,13,2,1,5,4,5,2,17,1,50,3,10,3,4,7,9,1,2,2,5,81,1,21,121.5215862,25.0913492
114,05,10,07,45,12內湖區,內湖區南京東路6段與新明路298巷口,0,0,2,1,F01,6,6,5,50,4,2,1,4,4,5,8,2,1,5,4,5,2,9,1,13,2,9,4,1,7,9,8,20,2,11,70,1,21,121.5814651,25.05695674
114,05,10,07,48,09北投區,北投區石牌路2段榮總一公車站,0,0,1,1,C03,6,6,5,50,14,9,1,4,4,5,13,4,4,9,4,5,2,13,1,20,2,8,6,1,7,9,1,10,2,11,16,1,21,121.520721,25.1187778
114,05,10,08,28,10文山區,文山區新光路1段35號,0,0,1,1,C03,7,5,5,50,14,9,1,5,4,5,13,4,4,9,5,5,2,11,1,66,3,10,3,4,7,4,1,10,1,14,1,1,22,121.5737633,24.9895418
114,05,10,08,47,07信義區,信義區基隆路1段與忠孝東路4段口,0,0,1,1,B03,7,7,5,50,4,1,1,5,4,5,13,2,1,3,4,5,1,16,1,63,3,10,7,1,7,6,1,8,1,5,9,1,21,121.5641935,25.0410863
114,05,10,08,50,11南港區,南港區向陽路與市民大道7段口,0,0,2,1,C03,6,7,5,50,4,1,1,4,4,5,13,2,1,1,4,5,2,16,1,63,2,8,5,1,7,6,1,10,2,12,9,1,21,121.5956089,25.0514061
114,05,10,09,06,09北投區,北投區中正街與光明路口,0,0,1,1,B03,6,7,5,30,4,1,1,4,4,5,13,4,4,10,5,5,2,17,2,73,3,10,7,1,7,9,1,8,9,17,72,1,22,121.4994773,25.1326813
114,05,10,09,35,07信義區,信義區永吉路321巷與虎林街56巷口,0,0,1,1,F01,6,6,5,30,4,1,1,4,4,5,8,4,4,5,5,5,2,15,2,70,2,9,4,4,7,9,8,20,1,11,72,1,21,121.5755491,25.0465544
114,05,10,09,43,09北投區,北投區光明路136號,0,0,1,1,B03,7,6,5,50,14,9,1,4,4,5,13,4,4,5,4,5,2,12,2,47,3,10,7,1,7,13,1,8,1,15,40,1,21,121.5021306,25.13413154
114,05,10,09,55,04大安區,大安區信義路4段265巷31弄與信義路4段265巷口,0,0,1,1,C03,6,6,5,30,4,1,1,4,4,5,13,4,4,10,5,5,2,13,1,31,2,9,6,4,7,9,1,10,1,11,13,1,22,121.5550484,25.0346179
114,05,10,10,00,06松山區,松山區敦化南路1段57號,0,0,1,1,A02,6,5,5,40,14,9,1,4,4,5,13,4,4,9,4,4,2,9,2,50,3,10,7,1,7,9,1,2,1,17,44,1,21,121.5491619,25.04586086
114,05,10,10,15,09北投區,北投區石牌路1段166巷與西安街1段281巷口,0,0,1,1,C03,6,6,5,30,14,9,1,4,4,5,13,4,4,10,5,5,2,3,1,70,3,10,6,1,7,9,1,8,2,11,108,1,21,121.5160048,25.1111355
114,05,10,10,17,08士林區,士林區中山北路6段35巷與中山北路6段口,0,0,2,1,B03,6,7,5,50,4,1,1,4,4,5,13,2,1,1,4,5,1,17,1,49,3,10,7,1,7,9,1,8,1,2,99,1,21,121.5247863,25.10395421
114,05,10,12,35,07信義區,信義區忠孝東路5段269號,0,0,1,1,B11,6,6,5,50,14,9,1,4,4,5,13,4,4,1,4,5,2,17,1,34,3,10,3,4,7,7,1,4,1,17,100,1,22,121.5709842,25.0410184
114,05,10,12,48,04大安區,大安區市民大道4段與忠孝東路4段223巷口口,0,0,1,1,B03,6,6,5,40,3,1,1,4,4,5,13,1,1,10,3,5,1,17,1,41,3,10,3,4,7,6,1,8,2,5,9,1,21,121.5538156,25.0441086
114,05,10,12,50,11南港區,南港區忠孝東路7段570號,0,0,2,1,C03,6,6,5,40,14,8,1,4,4,5,13,4,4,1,3,4,2,13,1,44,2,9,3,4,7,9,1,10,1,11,17,1,21,121.6134488,25.0527896
114,05,10,12,53,10文山區,文山區景文街與景文街142巷口,0,0,1,1,B03,6,6,5,50,5,1,1,4,4,5,12,2,1,5,5,4,1,16,2,47,3,10,7,1,7,5,1,8,2,5,98,1,21,121.540806,24.9884694
114,05,10,13,21,09北投區,北投區文林北路80巷60弄8號,0,0,2,1,C03,6,7,5,50,14,9,1,4,4,5,13,4,4,10,5,5,2,16,1,65,2,8,3,4,7,1,1,10,2,11,19,1,21,121.5195587,25.1061452
114,05,10,13,27,05中正區,中正區金山南路1段79巷與金山南路1段口,0,0,2,1,B12,7,5,5,30,3,2,1,4,4,5,13,4,4,1,4,1,2,17,1,35,3,10,7,1,7,6,1,8,1,6,17,1,21,121.5280175,25.0368033
114,05,10,13,30,06松山區,松山區八德路2段424號,0,0,1,1,H01,6,6,5,50,14,9,1,4,4,5,13,2,1,3,4,5,2,9,2,65,2,9,4,5,8,16,8,20,10,16,121,1,22,121.5474974,25.0481676
114,05,10,15,04,04大安區,大安區敦化南路2段與四維路216巷口,0,0,1,1,B03,7,5,5,30,3,1,1,5,4,5,13,4,4,1,4,5,2,16,2,43,3,10,7,1,7,6,1,8,1,4,72,1,21,121.5484756,25.0257978
114,05,10,15,10,04大安區,大安區辛亥路2段與復興南路2段口口,0,0,1,1,B03,7,5,5,50,4,1,1,4,4,5,13,2,1,1,4,5,2,16,2,45,3,10,3,4,7,6,1,8,1,8,9,1,22,121.543869,25.0211764
114,05,10,15,34,04大安區,大安區辛亥路3段與基隆路3段口,0,0,1,1,C03,6,5,5,50,4,2,1,4,4,5,13,2,1,8,3,5,1,12,2,30,2,8,5,1,7,8,1,10,1,12,42,1,21,121.5471244,25.0190563
114,05,10,15,43,05中正區,中正區林森北路7-1號對面,0,0,2,1,C03,7,5,5,50,14,9,1,5,4,5,13,4,4,9,4,5,2,16,1,24,2,8,5,1,7,9,1,10,1,11,44,1,21,121.523584,25.04568041
114,05,10,16,13,01大同區,大同區錦西街與雙連街口,0,0,1,1,C03,8,5,5,50,3,1,1,5,4,5,13,1,1,9,4,5,2,13,1,32,2,7,5,1,7,9,6,18,1,11,16,1,21,121.519445,25.0601897
114,05,10,17,19,12內湖區,內湖區民權東路6段465號附近側附近,0,0,1,1,B03,7,6,5,50,14,9,1,5,4,5,13,4,4,1,3,1,1,12,1,19,4,11,3,4,7,10,7,19,11,15,100,2,22,121.6048573,25.0722711
114,05,10,17,26,03中山區,中山區農安街41號,0,0,2,1,C03,7,7,5,50,14,7,1,5,4,5,13,4,4,9,4,4,2,12,1,74,2,5,5,1,7,1,1,10,1,12,19,1,21,121.5257557,25.06486615