發生年度,發生月,發生日,發生時-Hours,發生分,區序,肇事地點,死亡人數,2-30日死亡人數,受傷人數,當事人序號,車種,天候,光線,道路類別,速限-速度限制,道路型態,事故位置,路面狀況1,路面狀況2,路面狀況3,道路障礙1,道路障礙2,號誌1,號誌2,車道劃分-分向,車道劃分-分道1,車道劃分-分道2,車道劃分-分道3,事故類型及型態,性別,年齡,受傷程度,主要傷處,保護裝置,行動電話,車輛用途,當事者行動狀態,駕駛資格情形,駕駛執照種類,飲酒情形,車輛撞擊部位1,肇因碼-個別,個人肇逃否,職業,座標-X,座標-Y
114,05,10,17,52,03中山區,中山區復興北路與長安東路2段口,0,0,1,1,C03,7,5,5,30,14,9,1,5,4,5,13,1,1,1,4,5,2,17,1,26,2,9,3,4,7,8,1,10,1,17,108,1,21,121.5439022,25.04843739
114,05,10,17,57,08士林區,士林區通河西街1段與重慶北路4段220巷口,0,0,1,1,B03,7,5,5,30,3,1,1,5,4,5,13,4,4,5,5,5,2,16,1,43,3,10,7,1,7,5,1,8,1,5,72,1,21,121.5122924,25.085911
114,05,10,18,40,10文山區,文山區興隆路2段86巷與興隆路2段78巷4弄口,0,0,1,1,B03,7,5,5,30,3,1,1,5,4,5,13,4,4,9,5,5,2,16,1,37,3,10,7,1,7,5,1,8,2,4,8,1,21,121.548673,24.9996102
114,05,10,19,34,12內湖區,內湖區金湖路394號附近側附近,0,0,1,1,B02,7,5,5,40,14,9,1,5,4,5,13,4,4,1,3,1,2,12,1,49,3,10,7,1,7,1,1,8,1,8,19,1,21,121.6050693,25.0735039
114,05,10,20,27,11南港區,南港區成福路121巷與成福路121巷43弄口,0,0,2,1,C03,6,5,5,30,4,1,1,4,4,4,8,4,4,10,5,5,2,15,1,28,2,9,5,4,7,9,1,10,1,12,75,1,21,121.5885109,25.0428566
114,05,10,20,30,09北投區,北投區中央北路2段與豐年路2段口,0,0,3,1,B03,8,5,5,50,3,2,1,5,4,5,13,1,1,5,4,5,2,13,1,50,3,10,3,4,7,15,1,8,9,1,108,1,21,121.49252,25.1380421
114,05,10,20,45,11南港區,南港區南港路2段與南港路2段41巷口,0,0,1,1,B03,7,5,5,50,3,2,1,4,4,5,13,2,1,5,4,5,2,16,1,36,3,10,7,1,7,5,1,8,2,8,8,1,22,121.6026493,25.0535848
114,05,10,21,54,05中正區,中正區忠孝東路1段與林森南路口,0,0,1,1,C03,6,6,5,50,4,2,1,4,4,5,13,1,1,9,4,5,1,12,2,49,2,8,6,1,7,8,1,11,2,12,100,1,22,121.5232124,25.0446114
114,05,10,22,39,07信義區,信義區基隆路1段與松隆路口,0,0,3,1,A12,7,5,5,50,3,1,1,5,4,5,13,1,1,3,3,5,2,17,1,30,3,10,3,4,7,10,1,3,2,5,100,1,21,121.5659088,25.0433321
114,05,10,23,07,06松山區,松山區長春路436號對面,0,0,1,1,B03,7,5,5,50,14,9,1,5,4,5,13,4,4,9,4,5,2,16,2,34,3,10,7,1,7,1,1,8,1,4,19,1,22,121.545239,25.0545511
114,05,11,00,55,04大安區,大安區和平東路3段往東莊敬隧道前,0,0,4,1,C03,7,5,5,40,14,9,1,5,4,5,13,4,4,8,3,5,1,13,1,45,2,7,5,1,7,9,1,10,1,11,108,1,21,121.5649345,25.0101521
114,05,11,01,35,04大安區,大安區大安路1段與大安路1段106巷口,0,0,1,1,C03,7,5,5,30,4,1,1,5,4,5,13,4,4,10,5,5,2,15,1,22,3,10,5,1,7,9,1,10,1,12,73,1,22,121.5460973,25.0401969
114,05,11,02,11,03中山區,中山區吉林路309號,0,0,1,1,B03,6,5,5,40,14,9,1,4,4,5,13,4,4,9,4,4,2,12,1,23,3,10,2,4,7,8,1,8,1,2,100,1,22,121.5303605,25.0633685
114,05,11,07,43,08士林區,士林區至善路2段與故宮路口,0,0,1,1,B03,6,6,5,50,3,2,1,4,4,5,13,2,1,1,4,1,2,16,1,66,3,10,7,1,7,6,1,8,1,8,9,1,21,121.5466996,25.09820133
114,05,11,10,07,01大同區,大同區延平北路2段270號,0,0,1,1,C03,6,6,5,50,14,9,1,4,4,5,13,2,1,9,4,5,2,3,2,72,3,10,6,4,7,5,1,10,1,14,70,1,21,121.5112121,25.0620924
114,05,11,10,20,08士林區,士林區通河西街1段與重慶北路4段口,0,0,1,1,C03,7,5,8,50,22,22,1,4,4,5,13,2,1,5,5,5,1,17,2,18,2,9,5,1,7,9,1,10,1,11,81,1,21,121.5119287,25.08752281
114,05,11,10,30,03中山區,中山區市民大道2段與長安東路1段30巷口東側迴轉道,0,0,1,1,B03,6,7,5,40,14,9,1,4,4,5,13,4,4,1,4,5,2,17,2,45,3,10,7,1,7,11,1,8,1,2,72,1,21,121.5266997,25.04755182
114,05,11,11,03,01大同區,大同區重慶北路3段與酒泉街口,0,0,1,1,H01,6,6,5,0,5,1,1,4,4,5,13,2,1,1,4,5,2,9,1,73,2,7,4,5,8,16,8,20,10,16,67,1,21,121.5140046,25.0720151
114,05,11,11,03,09北投區,北投區西安街1段161號前,0,0,1,1,C03,6,6,5,50,14,9,1,4,4,5,13,4,4,10,4,5,2,13,2,49,2,9,5,1,7,9,1,10,1,11,104,1,21,121.5186579,25.1096
114,05,11,12,00,03中山區,中山區建國北路2段與長春路口南側迴轉道,0,0,1,1,B03,6,7,5,50,14,9,1,4,4,5,13,4,4,9,4,5,2,17,1,58,3,10,7,1,7,11,1,8,1,6,72,1,21,121.5370011,25.05450509
114,05,11,12,23,05中正區,中正區中華路2段與愛國西路口,0,0,1,1,B03,6,6,6,50,5,2,1,4,4,5,13,1,1,1,4,5,2,17,1,32,3,10,7,1,7,5,1,8,1,2,83,1,21,121.5069683,25.0370006
114,05,11,13,08,02萬華區,萬華區西園路2段320巷與西園路2段320巷55弄口,0,0,1,1,C03,6,6,5,30,4,1,1,4,4,5,13,4,4,10,5,5,2,15,2,41,2,9,6,1,7,9,1,10,1,12,75,1,22,121.4909954,25.0274449
114,05,11,13,10,08士林區,士林區中正路士林國中前,0,0,1,1,A02,7,6,5,50,14,9,1,5,4,5,13,4,4,3,4,4,2,9,1,23,3,10,3,4,7,9,1,2,2,17,44,1,21,121.5227782,25.0945371
114,05,11,13,26,08士林區,士林區忠誠路1段與德行東路口,0,0,1,1,B03,6,6,5,50,4,1,1,4,4,5,13,1,1,5,5,5,2,17,2,24,3,10,7,1,7,5,1,8,1,1,71,1,26,121.5304326,25.1084544
114,05,11,15,56,06松山區,(近南京東路3段338巷),0,0,1,1,B01,6,6,5,50,14,7,1,4,4,5,13,4,4,1,4,4,2,17,1,69,4,11,3,4,7,6,7,19,11,15,9,2,22,121.5536342,25.0515683
114,05,11,17,11,01大同區,大同區延平北路1段47號,0,0,1,1,B03,6,5,5,50,14,9,1,4,4,5,13,4,4,5,5,5,2,16,1,22,3,10,7,1,7,11,1,8,1,4,10,1,21,121.5119938,25.0508032
114,05,11,17,16,05中正區,中正區和平西路1段34號對面,0,0,1,1,C03,6,6,5,50,14,9,1,4,4,5,13,4,4,1,4,5,2,12,1,25,2,8,6,1,7,7,1,10,1,12,44,1,21,121.5201435,25.0266807
114,05,11,17,37,03中山區,中山區松江路65號,0,0,2,1,C03,6,6,5,50,14,9,1,4,4,5,13,4,4,1,5,5,1,13,1,53,2,3,3,4,7,9,1,10,1,11,108,1,21,121.5330783,25.04908659
114,05,11,17,44,11南港區,南港區忠孝東路7段與忠孝東路7段415巷口,0,0,1,1,C03,6,5,5,50,3,1,1,4,4,5,13,2,1,3,4,5,2,16,1,18,2,6,5,4,7,4,1,10,1,14,108,1,22,121.6091069,25.0524603
114,05,11,18,40,08士林區,士林區福華路與中山北路5段829巷口,0,0,1,1,C03,6,5,5,50,4,1,1,4,4,5,13,4,4,5,4,5,2,16,1,62,2,9,3,4,7,4,1,10,2,15,94,1,21,121.5234606,25.10103785
114,05,11,19,29,10文山區,文山區木柵路1段與景美溪橋口口,0,0,1,1,,6,5,5,50,4,1,1,4,4,5,13,2,1,1,4,5,2,27,3,0,,,,,,,,,,,66,1,,121.5452644,24.9867637
114,05,11,19,50,12內湖區,內湖區環山路1段24巷與環山路1段口口,0,0,1,1,B03,6,5,5,50,4,1,1,4,4,5,13,1,1,10,5,5,2,17,2,69,4,11,3,4,7,9,7,19,11,17,81,2,22,121.5655541,25.0845365
114,05,11,19,52,10文山區,文山區木新路1段與開元街口附近,0,0,2,1,H01,6,5,5,50,3,2,1,4,4,5,13,4,4,5,4,5,2,3,2,60,2,8,4,5,8,18,8,20,10,16,121,1,22,121.5706487,24.9895124
114,05,11,22,34,05中正區,中正區市民大道1段與承德路1段口,0,0,2,1,C03,6,5,5,40,4,1,1,4,4,5,13,2,1,10,4,5,2,15,2,53,2,9,6,1,7,1,1,10,2,14,85,1,21,121.5164295,25.0486659
114,05,11,22,35,07信義區,信義區松山路421號,0,0,1,1,B11,6,5,5,50,14,9,1,4,4,5,13,1,1,5,3,5,2,13,1,45,3,10,7,1,7,9,1,4,1,1,108,1,21,121.5778802,25.0405285
114,05,12,00,05,03中山區,中山區中山北路1段與長安東路1段口,0,0,1,1,B03,8,5,5,50,4,1,1,5,4,5,13,2,1,5,2,5,2,17,1,49,3,10,7,1,7,5,1,8,1,17,71,1,21,121.5217044,25.0497774
114,05,12,03,11,02萬華區,萬華區昆明街與西寧南路50巷口,0,0,1,1,B03,7,5,5,50,3,1,1,5,4,5,13,4,4,5,4,5,2,3,1,28,3,10,7,1,7,6,1,8,1,5,70,1,21,121.5053095,25.0444292
114,05,12,03,58,12內湖區,內湖區內湖路1段與內湖路1段91巷口,0,0,1,1,B03,6,5,5,50,4,1,1,4,4,5,13,2,1,1,4,5,1,16,1,53,3,10,2,1,7,5,1,8,1,6,85,1,21,121.5612175,25.084498
114,05,12,05,24,02萬華區,萬華區環河南路1段與內江街口,0,0,1,1,B01,7,6,5,50,3,1,1,5,4,5,13,2,1,5,4,5,2,17,1,69,3,10,7,1,7,9,6,18,1,8,86,1,21,121.4999986,25.0418256
114,05,12,06,20,12內湖區,內湖區民權東路6段與成功路2段口,0,0,1,1,A02,7,5,5,50,4,2,1,5,4,5,13,2,1,1,4,5,1,12,1,50,3,10,7,1,7,9,1,2,2,2,44,1,21,121.5908832,25.0690468
114,05,12,06,59,11南港區,南港區南港路2段與南港路2段41巷口,0,0,2,1,C03,8,7,5,50,4,1,1,5,4,5,13,1,1,4,3,4,2,17,2,63,2,9,5,1,7,5,1,10,1,14,44,1,21,121.6029249,25.0535242
114,05,12,07,40,08士林區,士林區中正路與福港街口,0,0,2,1,C03,7,6,5,50,3,2,1,5,4,5,13,1,1,5,4,5,2,12,1,83,2,8,6,1,7,7,1,10,1,14,100,1,21,121.5177856,25.0916876
114,05,12,07,42,06松山區,松山區光復北路與富錦街口,0,0,1,1,B03,7,6,5,40,3,1,1,5,4,5,13,1,1,5,4,5,1,17,1,49,3,10,7,1,7,6,1,8,1,2,9,1,21,121.5549282,25.0602499
114,05,12,07,55,08士林區,士林區文林路740巷與德行西路94巷口,0,0,1,1,B03,7,6,5,30,4,1,1,5,4,5,13,4,4,10,5,5,2,15,1,40,3,10,7,1,7,9,1,8,2,1,44,1,22,121.5214544,25.1036255
114,05,12,08,02,08士林區,士林區中正路622號,0,0,3,1,C03,7,6,5,50,14,9,1,5,4,5,13,1,1,10,4,5,2,17,1,54,2,7,6,1,7,9,1,9,1,11,108,1,26,121.5086,25.0866421
114,05,12,08,03,10文山區,文山區辛亥路4段北往南（燈桿編號0705695旁）,0,0,1,1,B03,7,6,5,50,11,9,1,5,4,5,13,4,4,1,4,5,2,12,1,49,3,10,7,1,7,8,1,8,1,2,100,1,21,121.5582614,25.0086638
114,05,12,08,07,03中山區,中山區民族東路282號,0,0,4,1,C03,7,6,5,50,14,9,1,5,4,5,13,4,4,1,5,5,1,13,2,49,2,1,3,4,7,9,1,10,1,14,44,1,21,121.5356495,25.0681156
114,05,12,08,07,03中山區,中山區民權西路34-2號,0,0,2,1,C03,8,7,5,50,14,9,1,5,4,5,13,4,4,1,4,5,2,13,1,23,2,9,5,1,7,8,3,18,1,11,100,1,22,121.5214239,25.0627485
114,05,12,08,28,03中山區,中山區民生東路2段161號,0,0,2,1,C04,8,6,5,50,14,9,1,5,4,5,13,4,4,1,4,5,2,12,2,32,2,9,5,1,7,7,1,10,1,14,100,1,22,121.5362254,25.0579814
114,05,12,08,40,03中山區,中山區建國北路3段78號,0,0,1,1,C03,8,7,5,50,14,9,1,5,4,5,13,4,4,1,4,5,2,28,2,43,2,9,5,1,7,9,1,10,1,11,108,1,21,121.5360634,25.0658038
114,05,12,09,00,08士林區,士林區故宮路與故宮路48巷口口旁,0,0,2,1,C03,7,6,5,50,4,2,1,5,4,5,13,4,4,3,4,5,2,17,1,44,2,9,3,4,7,9,1,9,2,11,13,1,21,121.5476949,25.0960836
114,05,12,09,07,10文山區,文山區指南路2段32號旁,0,0,2,1,C03,7,6,5,40,14,19,1,5,4,5,10,4,4,10,5,5,2,1,2,25,2,8,6,1,7,9,1,10,1,11,44,1,21,121.5748084,24.987827
114,05,12,09,10,09北投區,北投區大業路527巷1204031號燈桿旁,0,0,1,1,C03,8,6,5,40,11,9,1,5,4,5,13,4,4,9,5,5,2,20,2,60,2,9,5,1,7,9,1,10,1,11,42,1,21,121.4781335,25.134069
114,05,12,09,14,07信義區,信義區松仁路與松平路口,0,0,1,1,B03,8,7,5,50,4,1,1,5,4,5,13,1,1,5,4,5,2,17,1,20,3,10,3,4,7,5,1,8,1,1,108,1,21,121.5683829,25.0304553
114,05,12,09,23,12內湖區,內湖區成功路3段與星雲街口口,0,0,1,1,B03,8,7,5,50,4,2,1,5,4,5,13,2,1,1,4,5,2,12,1,60,3,10,3,4,7,9,1,8,1,2,77,1,22,121.5900796,25.0772855
114,05,12,09,34,04大安區,大安區大安路1段169巷與大安路1段口,0,0,1,1,C03,7,6,5,50,14,9,1,5,4,5,13,4,4,5,5,5,2,16,1,83,2,9,5,1,7,7,1,10,1,14,100,1,21,121.5460411,25.0367818
114,05,12,09,52,05中正區,中正區羅斯福路4段與羅斯福路4段24巷口,0,0,1,1,C03,8,6,5,50,3,2,1,5,4,5,13,4,4,3,4,5,2,16,1,18,2,9,5,1,7,6,1,10,2,14,72,1,21,121.5334135,25.0155501
114,05,12,09,55,03中山區,中山區復興北路與南京東路3段口,0,0,1,1,C03,8,6,5,50,4,1,1,5,4,5,13,1,1,1,4,5,2,13,2,29,3,10,6,4,7,9,1,10,1,11,16,1,22,121.5439845,25.0521872
114,05,12,09,59,02萬華區,萬華區堤外便道自行車道(華中露營場後方),1,0,1,1,F01,8,6,5,40,22,23,1,5,4,5,13,4,4,9,5,5,2,13,1,17,2,9,4,1,7,9,8,20,1,11,108,1,16,121.4994126,25.0138939
114,05,12,10,54,08士林區,士林區延平北路7段106巷94弄與延平北路7段106巷口,0,0,1,1,B03,7,6,5,30,3,1,1,5,4,5,13,4,4,10,5,5,1,17,1,59,4,11,3,4,7,6,1,8,9,1,72,1,21,121.5181355,25.08711292
114,05,12,11,23,07信義區,信義區吳興街281巷與吳興街281巷47弄口口,0,0,1,1,C03,8,7,8,30,3,2,1,5,4,5,13,4,4,10,5,5,2,13,1,23,3,10,6,1,7,9,1,10,1,11,16,1,22,121.5656417,25.0265486
114,05,12,11,34,11南港區,南港區忠孝東路6段159巷與忠孝東路6段口,0,0,1,1,C03,8,6,5,30,4,1,1,5,4,5,13,4,4,10,5,5,2,15,1,43,2,6,5,1,7,9,1,10,1,14,72,1,22,121.5864726,25.0489701
114,05,12,12,08,12內湖區,內湖區新湖二路與新湖二路259巷口,0,0,2,1,C03,7,6,5,50,4,2,1,5,4,5,13,2,3,5,4,5,2,3,1,31,2,7,6,1,7,9,1,10,2,11,70,1,21,121.5816345,25.06390674
114,05,12,12,09,01大同區,大同區涼州街與保安街49巷口,0,0,3,1,C03,8,6,5,30,3,1,1,5,4,5,13,4,4,10,5,5,2,17,1,63,2,9,6,4,7,5,1,9,1,14,72,1,22,121.5118515,25.0606646
114,05,12,12,13,05中正區,中正區愛國西路與公園路口,0,0,1,1,B03,8,5,5,50,4,2,1,5,4,5,13,1,1,1,5,5,2,17,1,35,3,10,7,1,7,9,1,8,9,2,118,1,21,121.5146733,25.03510094
114,05,12,12,20,12內湖區,內湖區潭美街與安美街口,0,0,1,1,C03,8,6,5,40,3,1,1,5,4,5,13,2,1,5,5,5,2,17,1,33,2,9,6,1,7,4,1,10,1,11,1,1,21,121.6027613,25.0610253
114,05,12,12,21,07信義區,信義區松信路50巷與松隆路123巷口口,0,0,1,1,C03,7,7,5,30,4,1,1,5,4,5,13,4,4,10,5,5,2,15,1,28,2,9,6,1,7,9,1,9,1,12,72,1,21,121.5715601,25.0472869
114,05,12,12,40,07信義區,信義區和平東路3段631巷4-6號,0,0,1,1,B03,8,7,8,30,22,22,1,5,4,5,13,4,4,10,5,5,2,11,1,70,3,10,7,1,7,9,1,8,2,4,5,1,22,121.5649013,25.0121862
114,05,12,12,42,06松山區,松山區堤頂大道與麥帥二橋口,0,0,1,1,B03,7,5,5,80,14,9,1,5,4,5,13,4,4,5,2,5,2,12,1,54,3,10,7,1,7,10,1,8,1,2,100,1,21,121.5699625,25.0503806
114,05,12,12,58,04大安區,大安區辛亥路2段與復興南路2段口,0,0,1,1,B03,8,6,5,50,5,2,1,5,4,5,13,2,1,1,4,1,1,12,1,65,3,10,3,4,7,8,1,8,1,2,100,1,22,121.542854,25.020903
114,05,12,13,37,05中正區,中正區中山南路與青島東路口,0,0,3,1,B03,8,6,5,50,4,1,1,5,4,5,13,2,1,5,4,5,2,15,1,47,2,7,7,1,7,9,1,8,2,4,81,1,22,121.5192461,25.04454469
114,05,12,13,53,09北投區,北投區懷德街與懷德街14巷口,0,0,2,1,C03,8,7,5,30,4,1,1,5,4,5,13,4,4,10,5,5,2,15,1,58,2,9,5,1,7,9,1,10,1,11,72,1,21,121.5193439,25.11159446
114,05,12,13,57,03中山區,中山區市民大道3段與八德路2段300巷口,0,0,1,1,B03,8,7,5,40,4,1,1,5,4,5,13,4,4,10,5,5,2,15,2,53,3,10,7,1,7,9,1,8,1,1,72,1,22,121.5428425,25.0448259
114,05,12,14,36,11南港區,南港區東新街170巷7弄與東新街180巷口,0,0,1,1,C03,7,6,5,30,3,2,1,5,4,5,13,4,4,5,4,5,2,17,2,46,2,9,5,1,7,6,1,10,1,11,14,1,21,121.5932213,25.0453454
114,05,12,14,43,06松山區,松山區健康路與塔悠路口,0,0,1,1,B02,8,6,5,50,3,2,1,5,4,5,13,2,1,1,3,5,2,17,2,59,3,10,7,1,7,6,1,8,1,1,44,1,22,121.5698871,25.054504
114,05,12,15,17,06松山區,松山區八德路4段與東興路口,0,0,3,1,C03,8,6,5,50,4,4,1,5,4,5,13,1,1,5,4,5,2,12,1,43,2,9,6,1,7,8,1,10,1,15,100,1,22,121.5655109,25.04895583
114,05,12,15,26,10文山區,文山區辛亥路7段與木柵路1段口,0,0,2,1,C03,7,6,5,50,4,1,1,5,4,5,13,1,1,10,5,5,2,17,1,62,2,9,3,4,7,5,1,10,2,12,71,1,22,121.5522957,24.9877714
114,05,12,15,28,05中正區,中正區青島東路與青島東路口成功高中後方,0,0,2,1,C03,7,6,5,40,3,2,1,5,4,5,13,4,4,10,4,4,2,16,1,19,2,9,6,4,7,1,1,10,2,14,19,1,22,121.5237243,25.04350119
114,05,12,15,58,02萬華區,萬華區西園路2段與東園街口,0,0,2,1,C03,7,6,5,50,3,1,1,5,4,5,13,1,1,1,4,5,2,13,1,74,2,8,5,1,7,9,1,10,1,13,14,1,21,121.4952548,25.0280722
114,05,12,16,09,09北投區,北投區吉利街125號,0,0,1,1,C03,8,6,5,30,14,9,1,5,4,5,13,4,4,9,5,5,2,12,1,76,3,10,6,1,7,4,1,10,1,12,108,1,26,121.5068127,25.1185962
114,05,12,16,13,02萬華區,萬華區環河快速道路北往南二層接三層匝道,0,0,1,1,B03,7,7,5,40,8,9,1,5,4,5,13,4,4,10,5,5,2,13,1,59,3,10,7,1,7,9,1,8,1,1,16,1,21,121.4953156,25.03761292
114,05,12,16,19,05中正區,中正區中山南路與愛國東路口往北,0,0,1,1,B02,8,6,5,50,4,2,1,5,4,5,13,2,1,5,4,5,2,12,1,48,3,10,7,1,7,9,1,8,2,2,44,1,22,121.5167377,25.03530484
114,05,12,16,21,02萬華區,萬華區西園路2段與西藏路口,0,0,2,1,C03,8,6,5,50,4,1,1,5,4,5,13,2,1,1,4,5,2,16,1,21,2,9,6,1,7,9,1,10,1,14,81,1,22,121.4956182,25.0286765
114,05,12,17,37,06松山區,松山區敦化北路與民生東路4段口,0,0,2,1,C03,8,5,5,50,5,4,1,5,4,5,13,1,1,1,4,5,2,13,1,46,2,7,6,1,7,9,1,10,1,11,16,1,22,121.549283,25.05777191
114,05,12,17,39,04大安區,大安區建國南路2段與建國南路2段39巷口,0,0,2,1,C03,8,6,5,30,3,2,1,5,4,5,13,4,4,1,5,5,2,16,2,75,2,9,5,1,7,5,3,18,1,11,72,1,22,121.537869,25.0326646
114,05,12,17,56,12內湖區,內湖區瑞光路66巷與瑞光路口,0,0,1,1,B03,7,6,5,50,4,1,1,5,4,5,13,1,1,10,5,5,2,16,1,36,3,10,7,1,7,11,1,8,2,5,10,1,21,121.5827423,25.0707341
114,05,12,18,04,03中山區,中山區民權東路2段與吉林路口,0,0,1,1,B02,8,6,5,50,4,1,1,5,4,5,13,2,1,1,5,5,1,13,1,35,3,10,3,4,7,9,1,8,1,1,108,1,21,121.5305516,25.06262916
114,05,12,18,20,12內湖區,內湖區行善路與舊宗路1段口,0,0,2,1,C03,7,6,5,50,4,2,1,5,4,5,13,1,1,5,5,5,2,17,1,35,2,9,5,1,7,9,1,10,1,11,108,1,21,121.5802443,25.0589421
114,05,12,18,35,06松山區,松山區延壽街72巷與健康路325巷19弄口,0,0,1,1,C03,8,6,5,30,4,1,1,5,4,5,13,4,4,10,5,5,2,17,1,77,2,9,5,1,7,5,6,10,1,15,5,1,22,121.5654726,25.0557232
114,05,12,18,40,08士林區,士林區芝玉路2段52巷與芝玉路2段口,0,0,2,1,C03,8,5,5,30,5,1,1,5,4,5,13,4,4,10,5,5,2,15,1,21,2,9,3,4,7,9,1,10,2,14,72,1,21,121.5347512,25.111763
114,05,12,18,40,10文山區,文山區萬安街與萬安街16巷口,0,0,1,1,B03,8,5,5,30,4,1,1,5,4,5,13,4,4,10,5,5,1,17,1,49,3,10,7,1,7,5,1,8,1,8,74,1,21,121.5704747,25.0010736
114,05,12,18,47,04大安區,大安區仁愛路4段與復興南路1段口口,0,0,1,1,C03,8,5,5,50,5,1,1,5,4,5,13,2,1,1,4,5,2,12,1,41,2,9,5,1,7,9,1,9,2,12,4,1,23,121.5436432,25.0378981
114,05,12,18,54,12內湖區,內湖區康寧路3段75巷與康寧路3段75巷24弄口口,0,0,2,1,C03,7,5,5,40,3,1,1,5,4,5,13,4,4,5,5,5,2,3,2,27,2,9,6,1,7,9,1,10,2,11,70,1,21,121.6091019,25.0728487
114,05,12,18,59,11南港區,南港區松河街(成美橋橋下),0,0,1,1,C03,7,5,8,40,14,9,1,5,4,5,13,4,4,4,5,5,2,3,2,50,3,10,5,1,7,9,1,10,11,11,70,2,21,121.5829504,25.0528302
114,05,12,19,01,10文山區,文山區興隆路2段21號,0,0,2,1,C03,8,5,5,50,14,9,1,5,4,5,13,4,4,1,4,5,2,12,2,39,2,9,6,1,7,9,1,10,2,11,108,1,21,121.5456784,24.998877
114,05,12,19,10,11南港區,南港區忠孝東路6段(近玉成街口),0,0,1,1,B03,7,5,5,50,14,8,1,5,4,5,13,4,4,1,3,4,2,12,1,47,3,10,7,1,7,8,1,8,1,5,100,1,21,121.5833452,25.046307
114,05,12,19,14,12內湖區,內湖區康寧路3段與無名巷口,0,0,1,1,B03,8,5,5,50,14,9,1,5,4,5,13,4,4,1,4,5,2,12,1,75,3,10,7,1,7,9,1,8,1,2,108,1,21,121.6110151,25.0663326
114,05,12,19,30,12內湖區,內湖區新明路298巷與南京東路6段口口,0,0,2,1,C03,8,5,5,50,4,1,1,5,4,5,13,1,1,5,4,5,2,16,1,41,2,9,6,1,7,9,6,10,1,11,44,1,21,121.5816859,25.0568758
114,05,12,19,32,07信義區,信義區基隆路2段與嘉興街216巷口,0,0,1,1,B03,8,5,5,50,14,9,1,5,4,5,13,2,1,1,4,5,2,13,1,32,3,10,7,1,7,9,1,8,1,5,16,1,21,121.5560167,25.0273123
114,05,12,20,04,05中正區,中正區福州街與牯嶺街口,0,0,2,1,C03,7,5,5,50,4,1,1,5,4,5,13,2,1,5,4,5,2,16,2,55,2,9,5,1,7,5,1,10,1,12,74,1,21,121.5177561,25.0282995
114,05,12,20,07,03中山區,中山區民生東路3段與遼寧街口,0,0,2,1,B01,8,5,5,50,3,2,1,5,4,5,13,2,1,1,3,5,2,13,1,68,3,10,7,4,7,11,1,4,2,7,103,1,21,121.5422598,25.0578225
114,05,12,20,10,11南港區,南港區經貿二路與研究院路1段口,0,0,1,1,A02,8,6,5,50,4,1,1,5,4,5,13,1,1,3,5,5,2,16,1,59,3,10,3,1,7,5,1,1,2,5,71,1,21,121.6166899,25.0551435
114,05,12,20,26,08士林區,士林區芝玉路2段52巷與芝玉路2段口,0,0,1,1,B03,7,5,5,30,5,1,1,5,4,4,12,4,4,10,5,5,2,16,1,52,3,10,7,1,7,5,1,8,1,4,72,1,21,121.5346797,25.11165811
114,05,12,20,29,04大安區,大安區信義路4段265巷與信義路4段265巷5弄口,0,0,1,1,C03,8,5,5,30,4,1,1,5,4,5,13,4,4,4,3,5,2,11,2,25,2,9,6,1,7,9,1,10,1,11,16,1,21,121.5543238,25.0337697
114,05,12,21,08,12內湖區,內湖區民權東路6段與瑞光路口,0,0,2,1,C03,7,5,5,50,4,1,1,5,4,5,13,2,1,1,4,5,1,12,1,20,2,8,6,1,7,8,1,10,1,12,100,1,21,121.5840327,25.0690291
114,05,12,21,49,04大安區,大安區市民大道4段與敦化南路1段口,0,0,1,1,B03,8,5,5,40,4,1,1,5,4,5,13,1,1,10,5,5,2,16,1,34,3,10,7,1,7,5,1,8,1,4,8,1,21,121.5490166,25.0447693
114,05,12,21,50,11南港區,南港區成美橋左岸河濱公園籃球場,0,0,1,1,,8,5,8,0,22,23,1,5,4,5,13,4,4,9,5,5,1,29,3,27,,,,,,,,,,,130,1,,121.5872483,25.0542063
114,05,12,22,03,04大安區,大安區通安街與安和路2段23巷口,0,0,2,1,C03,8,5,5,30,4,1,1,5,4,5,13,4,4,5,4,5,2,15,1,34,2,9,6,1,7,9,1,10,1,14,72,1,21,121.5533105,25.0320893
114,05,12,22,38,07信義區,信義區基隆路1段與基隆路1段102巷口,0,0,1,1,B03,8,5,5,50,3,2,1,5,4,5,13,4,4,9,4,5,2,17,1,27,3,10,7,1,7,6,6,18,1,5,9,1,21,121.5668044,25.0453428
114,05,12,23,41,04大安區,大安區和平東路1段與羅斯福路2段口,0,0,2,1,C03,8,5,5,50,4,1,1,5,4,5,13,2,1,1,4,5,2,17,1,39,2,7,5,1,7,6,3,18,1,11,9,1,21,121.5227352,25.0268339
114,05,13,01,03,04大安區,大安區基隆路3段22巷與基隆路3段口,0,0,1,1,B01,8,5,5,50,5,1,1,5,4,5,13,4,4,1,4,5,2,16,1,64,3,10,7,4,7,6,1,4,1,2,9,1,21,121.5471719,25.019799
114,05,13,01,48,09北投區,北投區陽明路1段1106104燈桿,0,0,1,1,,8,7,5,40,14,9,1,2,4,5,13,4,4,7,4,4,1,29,3,0,,,,,,,,,,,67,1,,121.5493324,25.1483858
114,05,13,06,42,10文山區,文山區萬美街1段與萬美街1段19巷口口,0,0,1,1,C03,8,7,5,30,3,1,1,5,4,5,13,3,1,10,5,5,2,16,2,55,2,9,5,1,7,5,1,10,2,12,72,1,21,121.5685181,25.0024842