發生年度,發生月,發生日,發生時-Hours,發生分,區序,肇事地點,死亡人數,2-30日死亡人數,受傷人數,當事人序號,車種,天候,光線,道路類別,速限-速度限制,道路型態,事故位置,路面狀況1,路面狀況2,路面狀況3,道路障礙1,道路障礙2,號誌1,號誌2,車道劃分-分向,車道劃分-分道1,車道劃分-分道2,車道劃分-分道3,事故類型及型態,性別,年齡,受傷程度,主要傷處,保護裝置,行動電話,車輛用途,當事者行動狀態,駕駛資格情形,駕駛執照種類,飲酒情形,車輛撞擊部位1,肇因碼-個別,個人肇逃否,職業,座標-X,座標-Y
114,05,13,06,53,12內湖區,內湖區舊宗路2段121巷與瑞湖街口側附近口,0,0,1,1,C03,7,7,5,50,4,2,1,5,4,5,13,2,1,4,3,5,2,16,2,41,2,9,6,1,7,9,1,10,1,11,76,1,21,121.5764283,25.0690631
114,05,13,07,30,08士林區,士林區文昌路與文昌路155巷口,0,0,1,1,C03,8,7,5,50,4,1,1,5,4,5,13,4,4,9,4,5,1,15,2,26,2,9,6,1,7,9,1,10,2,12,72,1,21,121.520405,25.09768981
114,05,13,07,33,03中山區,中山區北安路海軍司令部前,0,0,1,1,C03,7,5,5,50,14,9,1,5,4,5,13,4,4,1,4,5,2,12,1,32,2,8,6,4,7,7,1,10,1,14,100,1,21,121.5391239,25.07822288
114,05,13,07,50,03中山區,中山區民權東路2段與吉林路口,0,0,1,1,C03,8,7,5,50,4,2,1,5,4,5,13,1,1,1,4,5,2,13,2,47,2,8,5,1,7,9,1,10,1,11,16,1,21,121.5300105,25.0624618
114,05,13,08,02,12內湖區,內湖區康寧路1段156巷與康寧路1段156巷10弄口,0,0,1,1,B03,8,6,5,30,4,1,1,5,4,5,13,4,4,10,5,5,2,17,1,70,3,10,7,1,7,9,6,18,9,8,72,1,21,121.5902087,25.08202269
114,05,13,08,12,07信義區,信義區基隆路2段17號,0,0,1,1,C03,8,6,5,50,14,9,1,5,4,5,13,4,4,1,4,5,2,12,1,46,2,8,6,1,7,8,1,10,2,13,100,1,22,121.5595242,25.0319215
114,05,13,08,22,02萬華區,萬華區西園路2段270號,0,0,2,1,C03,8,7,5,50,14,9,1,5,4,5,13,4,4,1,4,5,2,16,2,58,2,8,3,4,7,6,3,18,1,11,9,1,22,121.494561,25.027735
114,05,13,08,23,06松山區,松山區民權東路5段與撫遠街口,0,0,1,1,A04,8,5,5,50,4,1,1,5,4,5,13,2,1,1,3,5,2,9,1,40,3,10,7,1,7,12,1,2,1,17,44,1,22,121.5659451,25.063285
114,05,13,08,30,01大同區,大同區重慶北路3段88號,0,0,3,1,C03,7,6,5,50,14,9,1,5,4,5,13,4,4,1,4,5,2,12,1,22,2,9,3,4,7,7,1,10,1,14,100,1,21,121.5135851,25.0663138
114,05,13,08,31,04大安區,大安區忠孝東路3段與建國南路1段口,0,0,1,1,C03,8,6,5,50,5,1,1,5,4,5,13,1,1,8,3,5,2,17,1,39,3,10,3,4,7,15,1,10,9,15,14,1,21,121.5367756,25.0420246
114,05,13,09,06,03中山區,中山區林森北路與新生北路3段88巷口,0,0,1,1,B03,7,6,5,50,4,18,1,5,4,5,13,4,4,10,4,5,2,3,1,71,3,10,3,4,7,9,1,8,9,1,70,1,22,121.5211928,25.05002003
114,05,13,09,30,08士林區,士林區菁山路101巷第161號燈桿前,0,0,1,1,F01,8,6,5,40,14,9,1,5,4,5,13,4,4,10,5,5,1,18,1,64,2,9,5,1,7,9,8,20,1,15,108,1,21,121.5623194,25.15510029
114,05,13,09,31,01大同區,大同區重慶北路1段與重慶北路1段26巷口,0,0,1,1,C03,8,6,5,50,4,2,1,5,4,5,13,1,1,5,5,5,2,17,2,34,3,10,6,1,7,8,1,10,1,15,100,1,22,121.5136071,25.0507045
114,05,13,10,00,09北投區,北投區中央南路1段與清江路口,0,0,1,1,C03,8,6,5,50,4,1,1,5,4,5,13,4,4,9,5,5,2,17,2,50,2,8,6,1,7,6,1,10,1,12,9,1,21,121.5013374,25.1316686
114,05,13,10,14,01大同區,大同區承德路2段與南京西路口,0,0,2,1,C03,8,6,5,50,4,1,1,5,4,5,13,2,1,1,4,5,2,12,1,29,2,9,3,4,7,9,1,10,1,12,108,1,21,121.5175994,25.05323381
114,05,13,10,27,12內湖區,內湖區康寧路1段與康寧路1段26巷口,0,0,1,1,C03,8,7,5,50,3,2,1,5,4,5,13,4,4,9,4,5,2,9,1,40,3,10,6,1,7,9,1,10,2,11,108,1,21,121.5918302,25.0804866
114,05,13,10,36,08士林區,士林區承德路5段與通河東街2段口,0,0,1,1,A41,8,5,5,50,14,9,1,5,4,5,13,4,4,1,4,5,2,17,4,0,4,11,3,4,7,21,7,19,11,15,119,2,22,121.5181513,25.08706755
114,05,13,11,00,02萬華區,萬華區中華路2段150巷與莒光路153巷口,0,0,2,1,C03,8,6,5,30,4,1,1,5,4,5,13,4,4,10,5,5,1,15,1,34,2,8,5,1,7,9,1,9,1,11,75,1,21,121.5029734,25.0303763
114,05,13,11,08,06松山區,松山區南京東路5段252號,0,0,1,1,B01,8,6,5,50,14,7,1,5,4,5,13,4,4,9,4,5,2,13,1,57,3,10,7,1,7,12,1,8,1,7,44,1,21,121.566295,25.0512715
114,05,13,11,30,10文山區,文山區景華街與景華街128巷口,0,0,2,1,C03,8,6,5,30,3,1,1,4,4,5,13,1,1,9,5,5,2,16,1,37,2,7,6,1,7,5,1,10,2,11,74,1,21,121.5470465,24.9958435
114,05,13,11,35,05中正區,中正區金華街與杭州南路2段口,0,0,1,1,B03,8,6,5,50,4,1,1,5,4,5,13,1,1,5,4,5,2,3,1,73,3,10,7,1,7,5,1,8,1,4,70,1,21,121.5222202,25.0308188
114,05,13,11,56,05中正區,中正區延平南路與中華路1段95巷口,0,0,1,1,B01,8,6,5,50,3,1,1,5,4,5,13,4,4,9,5,5,2,3,1,62,3,10,7,4,7,5,1,4,2,8,108,1,21,121.5083036,25.03773477
114,05,13,12,19,03中山區,中山區長春路14-1號,0,0,2,1,C03,8,7,5,40,14,8,1,5,4,5,13,4,4,9,4,4,2,1,2,33,2,9,5,1,7,9,1,10,2,11,44,1,22,121.5235812,25.054936
114,05,13,12,28,03中山區,中山區長安東路1段30巷與長安東路1段口,0,0,1,1,C03,7,7,5,50,4,1,1,5,4,5,13,1,1,5,2,5,1,12,1,67,2,9,5,1,7,9,1,10,1,11,76,1,21,121.5262501,25.04879539
114,05,13,12,30,05中正區,中正區貴陽街1段60號,0,0,2,1,C04,8,7,5,50,14,9,1,5,4,5,13,4,4,5,4,5,2,17,2,33,2,9,5,1,7,9,1,10,2,11,16,1,21,121.5104923,25.0389478
114,05,13,12,35,08士林區,士林區天母東路與天母東路105巷口,0,0,2,1,F02,8,6,5,50,3,1,1,5,4,5,13,1,1,1,4,5,2,17,2,78,2,9,4,1,7,1,8,20,2,14,19,1,22,121.5363891,25.1181192
114,05,13,12,36,08士林區,士林區中山北路7段與中山北路7段191巷口,0,0,1,1,C03,8,5,5,30,3,1,1,5,4,5,13,4,4,7,5,5,2,17,2,64,2,7,3,4,7,7,1,10,1,14,100,1,22,121.5326801,25.1247067
114,05,13,12,57,01大同區,大同區南京西路與重慶北路1段口,0,0,2,1,C04,8,6,5,50,5,1,1,5,4,5,13,4,4,5,5,5,2,16,1,76,3,10,6,1,7,6,1,10,2,12,9,1,21,121.5141088,25.0539869
114,05,13,13,20,08士林區,士林區延平北路7段與延平北路7段106巷口,0,0,2,1,C03,8,6,5,30,3,2,1,5,4,5,13,4,4,5,5,5,2,17,1,80,2,8,6,1,7,5,1,10,1,14,74,1,21,121.4975966,25.096612
114,05,13,13,40,08士林區,士林區中山北路4段與通河街口,0,0,1,1,C03,8,6,5,50,14,9,1,5,4,5,13,2,1,1,3,5,1,17,1,61,3,10,6,1,7,6,1,10,9,17,9,1,21,121.5242625,25.08001629
114,05,13,13,48,05中正區,中正區汀州路1段與西藏路口,0,0,2,1,C03,8,7,5,50,4,1,1,5,4,5,13,1,1,5,5,5,2,17,1,52,2,8,5,1,7,6,1,10,1,12,9,1,22,121.5070483,25.0308144
114,05,13,14,15,03中山區,中山區長春路137巷與松江路170巷口,0,0,2,1,C03,8,5,5,30,4,1,1,5,4,5,13,4,4,9,4,5,2,15,2,36,2,9,6,4,7,9,1,10,1,11,108,1,21,121.5222722,25.05812326
114,05,13,14,31,04大安區,大安區仁愛路4段與大安路1段口,0,0,1,1,B01,8,7,5,50,4,1,1,5,4,5,13,2,1,1,4,5,1,17,1,61,3,10,7,1,7,6,1,4,1,5,108,1,21,121.5460442,25.038208
114,05,13,14,37,09北投區,北投區關渡自行車道西往東,0,0,2,1,F01,8,6,8,0,14,23,1,5,4,5,13,4,4,9,4,5,2,12,1,56,2,9,5,1,7,4,8,20,1,12,108,1,21,121.4861081,25.1154174
114,05,13,15,06,12內湖區,內湖區民權東路6段與行愛路口,0,0,2,1,A02,8,5,5,50,5,2,1,5,4,5,13,2,1,9,4,5,2,17,2,37,3,10,7,1,7,1,1,2,2,17,19,1,21,121.5792537,25.0671039
114,05,13,15,10,07信義區,信義區吳興街450巷與吳興街口,0,0,1,1,B13,8,7,5,30,4,1,1,5,4,5,13,4,4,10,5,5,2,17,1,27,3,10,3,4,7,11,1,8,1,6,10,1,21,121.5686138,25.0240188
114,05,13,15,15,02萬華區,萬華區西園路2段127號,0,0,1,1,C03,7,7,5,50,14,9,1,5,4,5,13,4,4,1,3,5,2,12,1,37,2,9,5,1,7,7,1,10,2,14,100,1,21,121.496101,25.0295598
114,05,13,16,00,03中山區,中山區長安東路2段與復興北路口,0,0,1,1,C03,7,7,5,50,4,2,1,5,4,5,13,1,1,1,4,5,2,13,1,25,2,9,5,1,7,7,1,10,2,11,16,1,21,121.5439216,25.048482
114,05,13,16,00,10文山區,文山區木新路3段74巷與木新路3段74巷8弄口,0,0,1,1,B03,8,6,5,50,4,1,1,5,4,5,13,4,4,10,5,5,1,15,2,67,3,10,7,1,7,9,1,8,1,1,72,1,21,121.5633303,24.9828933
114,05,13,16,11,10文山區,文山區萬芳路與萬利街口,0,0,1,1,B03,8,5,5,50,3,1,1,5,4,5,13,2,1,10,5,5,1,17,2,20,3,10,7,1,7,5,1,8,1,6,71,1,21,121.566926,24.9990886
114,05,13,16,15,07信義區,信義區信安街67巷與信安街口側附近口,0,0,1,1,F02,8,7,5,0,4,1,1,5,4,5,13,2,1,5,4,4,2,16,2,70,2,9,5,4,7,5,8,20,1,11,71,1,22,121.5575891,25.0260482
114,05,13,16,26,03中山區,中山區天津街與南京東路1段口,0,0,1,1,C03,8,6,5,50,3,1,1,5,4,5,13,3,1,1,5,5,1,1,1,57,4,11,5,4,7,6,1,10,11,12,70,1,21,121.5235816,25.05202099
114,05,13,16,42,05中正區,中正區羅斯福路2段與潮州街口,0,0,2,1,C03,8,7,5,50,4,1,1,5,4,5,13,1,1,1,4,5,2,13,1,20,2,9,5,1,7,9,1,10,1,11,108,1,22,121.5207366,25.0295472
114,05,13,17,17,03中山區,中山區南京東路3段與遼寧街口,0,0,1,1,C03,8,7,5,50,4,2,1,5,4,5,13,1,1,1,4,5,2,13,1,60,3,10,5,1,7,9,1,10,2,11,16,1,21,121.5401024,25.0518818
114,05,13,17,35,01大同區,大同區台北橋機慢車道,0,0,2,1,C03,7,6,5,50,14,9,1,5,4,5,13,4,4,10,4,5,2,13,1,23,2,8,3,4,7,9,1,10,2,11,108,1,21,121.5103196,25.0631824
114,05,13,17,53,03中山區,中山區八德路2段與遼寧街口,0,0,1,1,B03,7,5,5,50,4,1,1,5,4,5,13,1,1,9,4,5,2,17,1,50,3,10,3,4,7,5,1,8,1,1,44,1,21,121.5419475,25.04710908
114,05,13,18,25,12內湖區,內湖區新明路143巷7號,0,0,2,1,C03,8,6,5,30,14,9,1,5,4,3,10,4,4,10,5,5,2,17,2,49,2,9,5,1,7,1,1,10,1,11,19,1,21,121.5896295,25.0589046
114,05,13,18,27,02萬華區,萬華區西園路1段與桂林路口,0,0,1,1,C03,8,6,8,50,4,1,1,5,4,5,13,1,1,9,4,5,1,10,1,82,3,10,5,1,7,9,1,10,1,11,80,1,22,121.4997348,25.0384018
114,05,13,18,27,11南港區,南港區忠孝東路6段與東新街口,0,0,1,1,B01,7,5,5,50,4,2,1,5,4,5,13,2,1,1,2,5,2,16,1,66,3,10,7,1,7,5,1,4,1,1,71,1,21,121.5850735,25.0480068
114,05,13,18,33,03中山區,中山區北安路往自強隧道機車專用道,0,0,1,1,C03,8,5,5,50,14,11,1,5,4,5,13,4,4,10,3,1,2,13,2,28,3,10,6,4,7,9,1,10,1,11,108,1,21,121.5515313,25.0861545
114,05,13,18,45,08士林區,士林區延平北路6段與社子街口,0,0,1,1,F01,8,6,5,50,4,2,1,5,4,5,13,2,1,9,5,5,1,9,1,78,2,8,4,1,7,6,8,20,1,12,108,1,21,121.5088406,25.08771768
114,05,13,18,50,04大安區,大安區復興南路2段148巷與瑞安街61巷1弄口,0,0,2,1,F01,8,5,5,50,4,1,1,5,4,5,13,4,4,10,5,5,2,16,1,17,2,8,4,1,7,5,8,20,1,14,8,1,21,121.5428164,25.0284343
114,05,13,19,04,02萬華區,萬華區萬大路297號,0,0,1,1,C03,7,5,5,50,14,9,1,5,4,5,13,4,4,3,4,5,2,13,1,32,2,9,5,4,7,9,1,10,1,11,108,1,22,121.5004355,25.025088
114,05,13,19,12,11南港區,南港區東新街與忠孝東路6段口,0,0,1,1,C03,8,5,5,50,3,1,1,5,4,5,13,1,1,1,3,5,2,13,2,54,2,7,5,1,7,12,1,11,1,13,14,1,21,121.5848171,25.0482384
114,05,13,19,18,04大安區,大安區和平東路3段與安和路2段口,0,0,1,1,B02,7,5,5,50,5,2,1,5,4,5,13,2,1,1,4,5,1,13,1,24,3,10,3,4,7,9,1,8,1,1,16,1,22,121.5504004,25.0243523
114,05,13,19,20,02萬華區,萬華區艋舺大道與西藏路口,0,0,1,1,B03,7,5,5,50,5,2,1,5,4,5,13,1,1,8,3,5,2,16,1,61,3,10,7,1,7,6,1,8,1,5,108,1,21,121.4914954,25.0292232
114,05,13,19,25,01大同區,大同區民權西路194號,0,0,1,1,,8,5,5,0,14,20,1,5,4,5,13,4,4,10,5,5,2,1,4,0,,,,,,,,,11,,119,2,,121.514219,25.0628462
114,05,13,19,55,10文山區,文山區興隆路1段與興隆路1段83巷口,0,0,1,1,C03,7,5,5,50,3,2,1,5,4,5,13,2,1,1,4,5,2,12,1,42,2,9,6,1,7,9,1,10,2,12,13,1,21,121.5412726,25.0031653
114,05,13,19,56,02萬華區,萬華區西寧南路69號,0,0,2,1,H01,7,5,5,50,14,9,1,5,4,5,13,4,4,8,3,5,2,3,1,39,3,10,4,5,8,16,8,20,10,16,122,1,22,121.5069825,25.0463861
114,05,13,20,00,08士林區,士林區三腳渡堤外停車場堤外自行車道,0,0,1,1,F01,7,5,7,30,14,23,1,5,4,5,13,4,4,10,4,5,1,17,1,14,2,9,4,1,7,9,8,20,2,11,16,1,21,121.5157396,25.0820395
114,05,13,21,19,04大安區,大安區忠孝東路4段與忠孝東路4段17巷口,0,0,1,1,C03,8,5,5,50,3,1,1,5,4,5,13,4,4,1,4,5,2,17,1,29,2,9,5,1,7,12,1,10,1,14,13,1,21,121.5444136,25.0417133
114,05,13,21,37,04大安區,大安區新生南路3段與新生南路3段76巷口,0,0,1,1,C03,7,5,5,50,3,2,1,5,4,5,13,4,4,1,4,5,1,13,2,44,2,9,3,4,7,9,1,10,1,11,108,1,22,121.5344741,25.0191494
114,05,13,21,41,04大安區,大安區仁愛路3段與仁愛路3段143巷口,0,0,1,1,B03,8,5,5,50,5,1,1,5,4,5,13,4,4,1,4,5,2,16,1,48,3,10,7,4,7,5,1,8,7,15,9,1,21,121.5429922,25.0381977
114,05,13,21,52,05中正區,中正區牯嶺街與廈門街99巷口,0,0,2,1,C03,8,5,5,30,4,1,1,5,4,5,13,4,4,10,5,5,2,16,1,63,2,9,5,1,7,5,1,9,2,12,72,1,21,121.5190624,25.0239118
114,05,13,23,56,10文山區,文山區景美街與景文街口,0,0,1,1,C04,8,5,5,50,3,1,1,5,4,5,13,4,4,5,5,5,1,16,2,24,2,9,6,1,7,5,1,10,1,11,72,1,21,121.5413634,24.9915472
114,05,13,23,58,08士林區,士林區雨聲街與雨聲街口陽明醫院前,0,0,2,1,C03,8,6,5,30,3,1,1,5,4,5,13,2,1,5,2,5,2,16,1,19,2,9,6,1,7,5,1,10,1,12,74,1,21,121.5311047,25.1046628
114,05,14,04,25,08士林區,士林區菁山路66號,0,0,1,1,C03,7,5,5,40,14,9,1,5,4,5,13,4,4,6,5,5,2,13,1,60,2,8,5,1,7,9,1,10,2,11,108,1,21,121.5478667,25.13854249
114,05,14,05,15,01大同區,大同區赤峰街53巷與赤峰街口,0,0,1,1,C03,8,6,5,30,4,1,1,5,4,5,13,4,4,8,4,5,2,15,2,30,2,8,6,1,7,9,1,10,1,11,72,1,21,121.519692,25.0561797
114,05,14,07,06,02萬華區,萬華區西藏路與寶興街口,0,0,2,1,C03,8,5,5,50,3,1,1,5,4,5,13,1,1,9,4,5,2,17,1,57,3,10,6,4,7,9,1,10,1,13,44,1,21,121.4923233,25.0284207
114,05,14,07,14,08士林區,士林區至善路1段與福林路254巷口,0,0,1,1,B02,8,5,5,40,3,1,1,5,4,5,13,4,4,7,4,5,1,12,1,58,3,10,7,1,7,8,1,4,2,15,100,1,21,121.5380756,25.0976824
114,05,14,07,15,12內湖區,內湖區行善路與新湖一路339巷口,0,0,2,1,C03,8,6,5,50,4,1,1,5,4,5,13,2,1,1,4,5,2,17,1,38,2,9,6,1,7,7,7,19,1,13,100,1,21,121.5846544,25.0627503
114,05,14,07,28,05中正區,中正區汀州路3段與汀州路3段24巷口,0,0,2,1,C04,8,6,5,50,3,1,1,5,4,5,13,4,4,5,4,5,2,17,2,47,2,8,5,1,7,5,1,10,1,12,8,1,21,121.5286638,25.0176214
114,05,14,07,28,10文山區,文山區萬芳路與萬和街口口,0,0,1,1,C03,8,6,5,50,3,1,1,5,4,5,13,2,1,5,4,5,1,16,1,21,3,10,6,1,7,5,1,10,1,14,71,1,21,121.5690152,24.9988522
114,05,14,07,29,02萬華區,萬華區大理街170巷2-1號,0,0,1,1,C03,8,6,5,30,14,9,1,5,4,5,13,4,4,10,5,5,2,27,1,76,2,9,6,1,7,9,1,10,1,11,44,1,22,121.4937739,25.033791
114,05,14,07,31,11南港區,南港區忠孝東路7段596巷2號,0,0,1,1,F01,8,7,5,30,14,9,1,5,4,5,13,4,4,10,5,5,2,10,2,58,3,10,3,4,7,9,8,20,1,11,4,1,21,121.6149433,25.0527394
114,05,14,07,49,09北投區,北投區天母西路與磺溪便道口,0,0,1,1,C03,8,7,5,50,4,1,1,5,4,5,13,4,4,10,5,5,2,16,1,45,3,10,5,1,7,6,1,10,1,12,9,1,22,121.523726,25.1186886
114,05,14,08,20,02萬華區,萬華區堤外便道新二號疏散門,0,0,1,1,C03,8,6,5,30,3,1,1,5,4,5,13,4,4,9,5,5,2,15,1,62,3,10,3,4,7,9,1,10,1,14,72,1,22,121.499486,25.0165386
114,05,14,08,20,03中山區,中山區北安路與自強隧道(外)口,0,0,1,1,C03,8,7,5,50,14,9,1,5,4,5,13,4,4,1,4,5,2,17,1,25,3,10,5,1,7,7,1,10,1,12,100,1,21,121.5522001,25.0860168
114,05,14,08,30,10文山區,文山區羅斯福路6段與羅斯福路6段159巷口,0,0,3,1,C03,8,6,5,50,4,4,1,5,4,5,13,2,1,1,4,5,2,13,2,42,2,9,6,1,7,9,1,10,1,11,108,1,21,121.5410195,24.9969454
114,05,14,08,49,07信義區,信義區莊敬路391巷與莊敬路391巷11弄口,0,0,1,1,C04,7,7,5,30,3,1,1,5,4,5,13,4,4,9,5,5,2,16,2,35,2,9,6,4,7,6,1,11,1,14,72,1,21,121.5659777,25.0285524
114,05,14,08,53,04大安區,大安區辛亥路3段與復興南路2段口,0,0,1,1,C03,8,7,5,50,4,1,1,5,4,5,13,2,1,1,3,1,2,16,2,41,2,9,5,1,7,10,1,10,1,12,100,1,21,121.5434247,25.0212057
114,05,14,08,55,05中正區,中正區漢口街1段與開封街1段34巷口,0,0,2,1,C03,8,6,5,50,3,1,1,5,4,5,13,4,4,10,4,5,2,16,1,38,2,9,6,4,7,1,1,10,1,11,19,1,22,121.5122437,25.04520144
114,05,14,08,56,04大安區,大安區基隆路高架道往北（049燈桿）,0,0,4,1,B13,7,6,5,60,14,7,1,5,4,5,13,4,4,1,4,5,1,13,1,37,2,9,3,4,7,9,1,8,2,1,108,1,21,121.5418263,25.014952
114,05,14,09,01,02萬華區,萬華區華江橋與華江橋口往北市機車道,0,0,1,1,C03,8,7,7,40,11,11,1,5,4,5,13,4,4,1,5,5,2,18,2,24,2,8,5,1,7,6,1,10,9,14,118,1,21,121.4890086,25.0353877
114,05,14,09,01,07信義區,信義區永吉路257號,0,0,1,1,B03,7,5,5,50,14,8,1,5,4,5,13,4,4,1,4,4,1,17,1,44,3,10,7,1,7,8,1,8,1,6,100,1,21,121.5749492,25.0455929
114,05,14,09,03,01大同區,大同區民權西路120號,0,0,1,1,A04,8,5,5,50,14,9,1,5,4,5,13,4,4,1,4,5,2,12,1,62,3,10,7,4,7,8,1,2,9,2,100,2,21,121.5167801,25.0628112
114,05,14,09,11,03中山區,中山區松江路313巷22-1號與民權東路2段152巷口,0,0,2,1,C03,7,6,5,30,4,2,1,5,4,5,13,4,4,9,5,5,2,13,2,35,2,9,6,1,7,9,1,10,1,11,16,1,22,121.5348753,25.0616309
114,05,14,09,12,08士林區,士林區福林路與福林路255巷口,0,0,1,1,B03,8,5,5,50,3,1,1,5,4,5,13,4,4,5,4,5,1,17,1,59,3,10,7,1,7,11,1,8,2,5,10,1,21,121.5353584,25.0984665
114,05,14,09,31,05中正區,中正區中山南路與濟南路1段口,0,0,2,1,C03,8,6,5,50,4,2,1,5,4,5,13,1,1,1,4,5,2,13,2,53,2,9,6,1,7,9,1,10,9,11,108,1,22,121.518983,25.0431062
114,05,14,09,36,06松山區,松山區塔悠路與健康路口,0,0,2,1,C03,8,6,5,50,3,2,1,5,4,5,13,4,4,1,4,4,2,13,1,31,2,9,5,1,7,7,1,10,1,11,108,1,21,121.5698636,25.0548204
114,05,14,09,57,04大安區,大安區基隆路2段291巷與基隆路2段口,0,0,2,1,C03,8,7,5,50,14,9,1,5,4,5,13,4,4,8,3,5,1,12,2,54,2,8,5,1,7,15,1,10,1,12,100,1,26,121.5495123,25.0215449
114,05,14,10,09,07信義區,信義區永吉路200巷與永吉路200巷24弄口,0,0,1,1,G06,8,7,5,0,4,1,1,5,4,5,13,4,4,10,5,5,2,16,2,32,3,10,4,4,7,5,8,20,1,16,8,1,21,121.5726006,25.0446335
114,05,14,10,18,05中正區,中正區林森南路地下道,0,0,2,1,C03,7,5,5,50,6,9,1,5,4,5,13,4,4,10,2,5,2,13,1,74,2,9,6,4,7,9,1,10,2,11,16,1,22,121.5131995,25.04076226
114,05,14,10,30,03中山區,中山區新生北路2段與林森北路259巷口,0,0,1,1,B03,8,7,5,50,3,1,1,5,4,5,13,4,4,1,4,5,2,12,1,73,3,10,7,1,7,6,1,8,2,5,9,1,21,121.5274231,25.05431698
114,05,14,10,31,12內湖區,內湖區內湖路1段595號,0,0,2,1,B03,8,5,5,50,14,9,1,5,4,5,13,2,1,1,4,5,2,17,1,59,2,7,3,1,7,15,1,8,1,4,40,1,21,121.5734151,25.0807871
114,05,14,10,35,12內湖區,內湖區東湖路113巷與東湖路口,0,0,2,1,C03,8,6,5,50,4,1,1,5,4,5,13,2,1,5,4,5,2,17,1,24,2,9,6,1,7,6,1,10,1,13,9,1,21,121.6151394,25.0686045
114,05,14,10,40,06松山區,松山區三民路40號,0,0,1,1,A02,8,6,5,50,14,9,1,5,4,5,13,4,4,5,4,5,2,9,1,52,3,10,7,4,7,9,1,2,1,17,44,1,21,121.5639121,25.0533646
114,05,14,10,42,07信義區,信義區東興路57號對面,0,0,1,1,A02,7,5,5,50,14,9,1,5,4,5,13,4,4,5,5,5,2,12,1,54,3,10,7,1,7,9,1,2,2,2,108,1,21,121.5659762,25.0476929
114,05,14,10,50,03中山區,中山區吉林路315巷與吉林路口,0,0,1,1,C03,8,6,5,30,4,1,1,5,4,5,13,4,4,4,5,5,1,15,2,39,2,9,3,4,7,9,1,10,1,14,72,2,21,121.5303047,25.06357061
114,05,14,10,55,10文山區,文山區景明街29巷與景明街11巷6弄口第0704250燈桿,0,0,1,1,B03,8,6,5,30,11,9,1,5,4,5,13,4,4,10,5,5,2,10,2,27,3,10,7,1,7,9,1,8,1,1,5,1,22,121.5414048,25.0006349
114,05,14,11,15,06松山區,松山區敦化北路230號,0,0,1,1,C03,8,6,5,50,14,7,1,5,4,5,13,4,4,1,4,4,2,13,2,45,2,5,5,1,7,9,1,10,1,11,16,1,22,121.5493779,25.05921408
114,05,14,11,20,05中正區,中正區市民大道1段168號,0,0,1,1,C03,8,6,5,40,14,9,1,5,4,5,13,4,4,1,4,5,2,16,2,22,2,9,6,1,7,8,1,10,1,14,100,1,22,121.5186197,25.0483418
114,05,14,11,46,06松山區,松山區民權東路4段與敦化北路口,0,0,2,1,B03,8,6,5,50,4,1,1,5,4,5,13,2,1,3,4,4,2,17,1,65,2,7,3,4,7,5,1,8,2,5,85,1,22,121.5505972,25.061608
114,05,14,11,46,09北投區,北投區豐年路2段與中央北路2段237巷口,0,0,2,1,C03,8,7,5,30,3,1,1,5,4,5,13,4,4,10,5,5,2,17,1,22,2,9,3,4,7,5,1,10,1,11,72,1,26,121.4934929,25.1369016
114,05,14,12,20,10文山區,文山區木柵路1段17巷與木柵路1段口,0,0,1,1,C03,8,7,5,50,3,1,1,5,4,5,13,2,1,5,5,5,2,13,1,19,2,9,6,1,7,9,1,10,1,11,13,1,21,121.5439761,24.9885432
114,05,14,12,40,05中正區,中正區中華路1段與長沙街1段口,0,0,2,1,C03,8,6,5,50,4,1,1,5,4,5,13,1,1,10,4,4,2,16,2,62,2,9,6,4,7,7,1,10,2,11,100,1,22,121.5072976,25.0353073
114,05,14,13,09,04大安區,大安區基隆路4段與基隆路4段73巷口,0,0,1,1,C03,8,5,5,40,4,1,1,5,4,5,13,2,1,8,3,5,1,16,1,23,2,9,5,1,7,8,1,10,1,11,100,1,21,121.5395456,25.0129668
114,05,14,13,10,04大安區,大安區和平東路2段18巷與新生南路3段19巷口,0,0,1,1,B03,8,6,5,30,4,1,1,5,4,5,13,4,4,10,5,5,1,15,1,68,3,10,3,4,7,9,1,8,1,1,72,1,21,121.5364868,25.0249372
114,05,14,14,15,10文山區,文山區木柵路1段與和興路口口,0,0,1,1,B02,8,6,5,50,4,1,1,5,4,5,13,2,1,5,4,5,1,16,2,23,3,10,3,1,7,6,1,8,1,5,9,1,21,121.5460077,24.9866607
114,05,14,14,18,10文山區,文山區下崙路27-3號,0,0,1,1,F02,8,7,5,30,14,9,1,5,4,5,13,4,4,5,5,5,2,18,2,30,2,9,4,1,7,9,8,20,1,12,42,1,21,121.5578308,24.986264
114,05,14,14,20,07信義區,信義區松高路與逸仙路口,0,0,1,1,C03,8,6,5,50,3,2,1,5,4,5,13,2,1,4,3,4,2,17,1,62,2,8,6,1,7,6,1,10,1,11,44,1,21,121.5617467,25.0391271
114,05,14,14,52,04大安區,大安區基隆路4段與羅斯福路4段口,0,0,2,1,C03,8,6,5,50,4,1,1,5,4,5,13,1,1,1,5,5,2,16,1,19,2,9,6,1,7,5,1,10,1,14,96,1,21,121.5373712,25.01115163
114,05,14,14,53,06松山區,松山區民生東路4段與敦化北路口,0,0,2,1,B13,8,6,5,50,4,1,1,5,4,5,13,2,1,3,4,4,2,17,1,39,3,10,3,4,7,8,1,8,2,5,100,1,22,121.5490481,25.0572358