發生年度,發生月,發生日,發生時-Hours,發生分,區序,肇事地點,死亡人數,2-30日死亡人數,受傷人數,當事人序號,車種,天候,光線,道路類別,速限-速度限制,道路型態,事故位置,路面狀況1,路面狀況2,路面狀況3,道路障礙1,道路障礙2,號誌1,號誌2,車道劃分-分向,車道劃分-分道1,車道劃分-分道2,車道劃分-分道3,事故類型及型態,性別,年齡,受傷程度,主要傷處,保護裝置,行動電話,車輛用途,當事者行動狀態,駕駛資格情形,駕駛執照種類,飲酒情形,車輛撞擊部位1,肇因碼-個別,個人肇逃否,職業,座標-X,座標-Y
114,05,14,15,11,01大同區,大同區鄭州路與環河北路1段口,0,0,1,1,C03,7,6,5,50,14,9,1,5,4,5,13,4,4,8,3,5,1,17,2,64,2,9,3,4,7,7,1,10,1,14,17,1,21,121.5066491,25.0503987
114,05,14,15,35,06松山區,松山區復興北路81巷與復興北路口,0,0,1,1,B02,7,6,5,30,3,1,1,5,4,5,13,4,4,1,4,5,2,16,1,47,3,10,7,1,7,6,1,8,1,4,72,1,21,121.5441401,25.05119233
114,05,14,15,49,10文山區,文山區忠順街1段26巷27弄與忠順街1段26巷口口,0,0,1,1,B01,8,6,5,30,4,1,1,5,4,5,13,4,4,10,5,5,2,15,1,59,3,10,7,1,7,9,1,4,1,1,118,1,21,121.5598097,24.9820855
114,05,14,16,30,05中正區,中正區汀州路1段與西藏路口口,0,0,3,1,C03,8,6,5,50,4,1,1,5,4,5,13,1,1,5,5,5,1,16,1,62,2,7,6,1,7,5,1,10,2,12,8,1,21,121.5074173,25.030128
114,05,14,16,50,12內湖區,內湖區五分街與安康路口口,0,0,1,1,C03,8,7,5,30,4,1,1,5,4,5,13,4,4,9,5,5,2,15,2,59,2,9,3,4,7,6,1,10,1,14,74,1,22,121.6151523,25.0673594
114,05,14,16,51,04大安區,大安區信義路4段265巷與信義路4段265巷20弄口,0,0,1,1,B01,7,6,5,30,3,1,1,5,4,5,13,4,4,5,4,5,2,16,1,56,3,10,3,4,7,6,1,4,1,5,9,1,21,121.5546534,25.0344552
114,05,14,17,10,12內湖區,內湖區舊宗路2段207號,0,0,1,1,B03,8,5,5,50,14,9,1,5,4,5,13,4,4,9,4,5,2,12,1,65,3,10,7,1,7,8,1,8,2,2,100,1,21,121.5737934,25.0727365
114,05,14,17,15,10文山區,文山區景文街146巷23號,0,0,1,1,B12,8,6,5,30,14,9,1,5,4,5,13,4,4,10,5,5,2,12,1,51,3,10,7,1,7,9,1,8,11,6,108,1,21,121.5580105,24.99940989
114,05,14,17,20,12內湖區,內湖區成功路5段與康湖路口口,0,0,2,1,C03,8,6,5,50,3,4,1,5,4,5,13,2,1,1,4,4,2,13,2,36,2,9,5,1,7,8,1,10,1,13,100,1,21,121.6063157,25.0821204
114,05,14,17,21,11南港區,南港區重陽路與興華路口口,0,0,1,1,C03,8,6,5,50,4,1,1,5,4,5,13,2,1,5,5,5,2,16,1,24,2,9,3,4,7,5,1,10,1,14,44,1,22,121.6053836,25.0578084
114,05,14,18,12,09北投區,北投區石牌路2段與裕民四路口,0,0,2,1,C03,8,6,5,50,3,1,1,5,4,5,13,4,4,1,3,5,2,3,1,65,2,6,5,1,7,6,1,10,2,11,70,1,21,121.5157478,25.1155929
114,05,14,19,00,09北投區,北投區承德路7段401巷與承德路7段401巷331弄口,0,0,1,1,F01,8,5,5,30,3,1,1,5,4,5,13,4,4,10,5,5,2,3,1,61,3,10,4,1,7,9,8,20,1,11,108,1,22,121.4965304,25.1149045
114,05,14,19,15,09北投區,北投區大度路3段與立德路口往東55公尺處,0,0,1,1,C03,8,5,5,50,14,9,1,5,4,5,13,4,4,1,4,5,1,17,2,68,2,8,6,1,7,15,1,10,1,11,100,1,21,121.4722451,25.1229534
114,05,14,19,20,06松山區,松山區八德路4段與塔悠路口,0,0,1,1,A12,8,5,5,50,5,1,1,5,4,5,13,1,1,1,3,5,2,16,1,38,3,10,3,4,7,6,1,3,1,6,118,1,21,121.5724597,25.0500119
114,05,14,19,35,08士林區,士林區重陽橋機車道028燈桿,0,0,2,1,C03,8,5,5,50,8,11,1,5,4,5,13,4,4,1,1,5,2,13,2,31,2,9,6,1,7,9,1,10,1,11,16,1,21,121.5073344,25.0862991
114,05,14,19,49,08士林區,士林區士商路與基河路118巷口,0,0,2,1,C02,7,5,5,50,3,1,1,5,4,5,13,4,4,8,3,5,2,16,1,33,2,9,5,1,7,5,1,9,2,11,74,1,22,121.5210696,25.0895713
114,05,14,19,53,04大安區,大安區通化街與通化街98巷口,0,0,1,1,C03,8,5,5,50,4,2,1,5,4,5,13,4,4,10,5,5,2,13,2,49,2,7,3,4,7,9,1,10,1,11,108,1,21,121.5537431,25.0298511
114,05,14,19,54,05中正區,中正區古亭河濱公園自行車道近永福橋下,0,0,1,1,F01,7,5,8,0,22,23,1,5,4,5,13,4,4,5,5,5,1,17,1,16,3,10,4,1,7,5,8,20,1,11,8,1,22,121.5306604,25.0102913
114,05,14,20,40,02萬華區,萬華區西園路2段與莒光路口,0,0,2,1,F01,8,5,5,50,3,1,1,5,4,5,13,1,1,1,4,5,2,15,2,59,5,1,4,1,7,9,8,20,9,12,81,1,21,121.4967848,25.0311498
114,05,14,20,45,02萬華區,萬華區西園路2段與莒光路口,0,0,2,1,C03,7,5,5,50,3,1,1,5,4,4,13,2,1,1,4,5,2,17,1,38,2,9,6,1,7,5,1,10,2,12,71,1,21,121.4968649,25.0310718
114,05,14,20,55,10文山區,文山區景興路與景興路17巷口,0,0,2,1,C03,8,5,5,50,3,1,1,5,4,5,13,4,4,1,4,5,2,16,1,49,3,10,6,1,7,6,1,10,1,12,9,1,21,121.5447459,24.9979664
114,05,14,21,10,05中正區,中正區汀州路3段與羅斯福路3段284巷口,0,0,2,1,C03,8,5,5,50,4,1,1,5,4,5,13,1,1,5,5,5,2,16,2,26,2,9,5,4,7,5,1,10,2,12,71,1,21,121.5313549,25.0157226
114,05,14,21,40,04大安區,大安區仁愛路4段與光復南路口,0,0,2,1,C03,7,5,5,50,4,4,1,5,4,5,13,2,1,1,4,5,1,13,1,28,2,9,3,1,7,9,1,10,1,11,108,1,22,121.5571856,25.03776327
114,05,14,22,00,09北投區,北投區大度路3段往淡水1208619號燈桿,0,0,1,1,C03,8,5,5,50,14,12,1,5,4,5,13,4,4,1,4,5,1,18,2,33,2,9,6,1,7,15,1,10,1,12,42,1,21,121.484091,25.1222432
114,05,14,22,18,03中山區,中山區錦州街21號,0,0,1,1,C03,7,7,5,50,14,19,1,5,4,5,13,4,4,10,4,5,2,3,2,52,3,10,5,1,7,9,1,10,2,11,108,1,21,121.5253455,25.0604303
114,05,14,22,27,07信義區,信義區忠孝東路5段372巷27弄82-1號,0,0,1,1,B03,8,5,5,30,14,9,1,5,4,5,13,4,4,10,5,5,2,9,1,59,3,10,3,4,7,5,1,8,2,8,108,1,21,121.5759897,25.0395885
114,05,14,22,49,10文山區,文山區辛亥路4段與辛亥路4段202巷口,0,0,1,1,B03,8,5,5,50,3,1,1,5,4,5,13,4,4,1,4,5,2,13,1,45,3,10,7,1,7,9,1,8,2,8,108,1,21,121.555678,25.0025943
114,05,14,23,48,10文山區,文山區木新路3段與木新路3段215巷口,0,0,1,1,C03,8,5,5,30,3,2,1,5,4,5,13,4,4,10,5,5,2,16,1,42,3,10,5,1,7,6,1,10,1,11,72,1,21,121.5595793,24.9814007
114,05,15,06,04,05中正區,中正區杭州南路1段131號,0,0,2,1,C03,8,5,5,50,14,9,1,5,4,5,13,4,4,5,1,5,2,17,2,56,2,9,5,1,7,7,1,10,9,14,100,1,21,121.5247855,25.0370285
114,05,15,06,25,01大同區,大同區延平北路3段101號,0,0,2,1,F01,8,6,5,50,14,9,1,5,4,5,13,4,4,5,2,5,2,17,1,80,2,9,4,1,7,5,8,20,2,14,8,1,21,121.510903,25.06793417
114,05,15,06,27,07信義區,信義區吳興街156巷與吳興街156巷7弄口,0,0,1,1,B02,7,6,5,30,4,1,1,5,4,5,13,4,4,9,5,5,2,17,1,61,3,10,3,4,7,6,1,6,1,8,72,1,22,121.5615157,25.0290314
114,05,15,06,46,03中山區,中山區建國北路2段與長春路口,0,0,2,1,F01,7,5,5,50,4,2,1,5,4,5,13,1,1,1,3,5,1,17,2,64,2,8,4,1,7,5,8,20,1,14,8,1,21,121.5183568,25.04847309
114,05,15,06,56,08士林區,士林區至誠路1段與雨聲街口,0,0,1,1,B03,8,6,5,50,3,1,1,5,4,5,13,2,1,9,3,5,1,11,2,30,3,10,7,1,7,6,1,8,1,1,71,1,21,121.5336163,25.10150112
114,05,15,07,02,09北投區,北投區承德路7段376號立農公園地下停車場出入口,0,0,1,1,C03,7,7,5,0,14,20,4,5,4,5,13,4,4,10,5,5,2,17,2,61,2,8,5,1,7,9,1,10,1,11,88,1,22,121.5030089,25.1185077
114,05,15,07,27,03中山區,中山區民族西路與中山北路3段口,0,0,1,1,B03,8,6,5,50,4,1,1,5,4,5,13,4,4,5,5,5,2,16,1,30,3,10,7,1,7,5,1,8,2,4,71,1,21,121.5226695,25.0684682
114,05,15,07,35,03中山區,中山區民族東路與新生北路3段口,0,0,1,1,B03,8,7,5,50,4,1,1,5,4,5,13,2,1,5,2,5,2,17,1,41,3,10,7,1,7,9,1,8,1,1,16,1,21,121.5278694,25.0683216
114,05,15,07,41,09北投區,北投區泉源路與新民路口,0,0,1,1,B03,8,7,5,30,3,1,1,5,4,5,13,4,4,5,5,5,2,17,1,23,3,10,7,1,7,5,1,8,1,17,74,1,22,121.5150982,25.141951
114,05,15,07,44,10文山區,文山區福興路與福興路78巷口,0,0,2,1,C02,7,6,5,30,3,1,1,5,4,5,13,4,4,10,5,5,2,16,1,40,2,9,6,1,7,6,1,9,1,11,72,1,21,121.5498181,25.0043054
114,05,15,07,56,08士林區,士林區中山北路7段81巷與天玉街口,0,0,1,1,B02,8,5,5,50,14,9,1,5,4,5,13,4,4,5,5,5,2,17,2,48,3,10,3,4,7,1,1,8,1,4,19,1,22,121.5305778,25.1216414
114,05,15,08,00,12內湖區,內湖區永保街與安康路口,0,0,1,1,C03,8,6,5,50,3,1,1,5,4,5,13,4,4,5,4,5,2,18,2,36,2,9,5,1,7,9,1,10,1,15,44,1,21,121.6070325,25.0645691
114,05,15,08,00,07信義區,信義區和平東路3段與富陽街口,0,0,1,1,B01,8,7,5,50,4,1,1,5,4,5,13,1,1,9,5,5,2,16,1,54,3,10,3,4,7,6,1,4,1,2,9,1,21,121.5565264,25.0207878
114,05,15,08,04,09北投區,北投區石牌路2段與立農街2段口,0,0,1,1,A02,8,7,5,50,4,1,1,5,4,5,13,1,1,5,4,5,2,12,1,55,3,10,7,1,7,9,1,2,1,2,108,1,22,121.5190679,25.1188436
114,05,15,08,24,02萬華區,萬華區環河南路1段與內江街口,0,0,1,1,C03,8,6,5,50,4,1,1,5,4,5,13,2,1,9,4,5,2,17,1,26,3,10,6,1,7,5,1,9,1,12,8,1,22,121.5001633,25.0420616
114,05,15,08,24,06松山區,松山區民生東路5段與撫遠街口,0,0,1,1,C03,8,6,6,50,4,1,1,5,4,5,13,2,1,1,2,5,2,17,2,39,4,11,3,4,7,6,7,19,9,15,9,2,22,121.5684112,25.0593216
114,05,15,08,30,05中正區,中正區市民大道2段與金山北路口,0,0,1,1,C03,8,6,5,40,14,9,1,5,4,5,13,4,4,1,4,5,2,17,1,39,3,10,6,1,7,9,1,10,1,14,17,1,22,121.5300727,25.0460058
114,05,15,08,30,07信義區,信義區基隆路1段176號,0,0,1,1,C03,8,6,5,50,3,2,1,5,4,5,13,2,1,1,4,5,2,17,2,53,2,8,3,4,7,5,1,10,9,14,44,1,21,121.5653946,25.0430414
114,05,15,08,43,06松山區,松山區敦化北路與民生東路3段口口,0,0,1,1,B03,8,7,5,50,5,1,1,5,4,5,13,2,1,5,4,4,2,17,1,46,3,10,7,1,7,8,1,8,1,2,100,1,21,121.5488187,25.05789
114,05,15,08,50,08士林區,士林區忠誠路2段與忠誠路2段154巷口,0,0,2,1,C03,8,6,5,40,3,1,1,5,4,5,13,1,1,1,4,4,2,17,1,75,2,9,5,1,7,5,1,10,2,12,96,1,22,121.5328848,25.115058
114,05,15,08,54,05中正區,中正區羅斯福路2段30巷與羅斯福路2段48巷口,0,0,1,1,B01,8,6,5,30,4,1,1,5,4,5,10,4,4,10,5,5,1,15,1,62,3,10,7,1,7,9,1,4,2,1,72,1,21,121.5209497,25.0275326
114,05,15,09,00,05中正區,中正區鄭州路1段與延平北路口,0,0,1,1,C03,8,7,5,40,4,1,1,5,3,5,13,1,1,1,5,5,2,18,1,40,2,9,5,1,7,9,1,10,2,12,13,1,21,121.5120537,25.0497431
114,05,15,09,17,08士林區,士林區中正路與文昌路口,0,0,2,1,C03,8,5,5,50,3,2,1,5,4,5,13,2,1,3,4,5,2,13,2,56,2,7,5,1,7,1,1,10,1,11,108,1,21,121.5223077,25.09453561
114,05,15,09,19,03中山區,中山區北安路420號與北安路口,0,0,1,1,D03,7,6,5,50,3,1,1,5,4,5,13,4,4,1,4,5,2,16,1,25,3,10,7,1,7,1,1,8,2,2,19,1,29,121.5430129,25.0795651
114,05,15,09,19,12內湖區,內湖區康寧路1段與成功路4段61巷35弄口,0,0,1,1,C03,8,6,5,50,4,2,1,5,4,5,13,4,4,5,4,5,2,13,2,72,2,9,5,1,7,9,1,10,1,11,108,1,21,121.592916,25.0798349
114,05,15,09,20,06松山區,松山區撫遠街403巷1-1號,0,0,1,1,C03,8,6,5,50,14,9,1,5,4,5,13,4,4,9,4,5,2,17,1,71,2,9,6,1,7,1,3,18,1,13,19,1,21,121.5677452,25.06643347
114,05,15,09,28,03中山區,中山區松江路139號,0,0,2,1,C03,8,6,5,50,14,9,1,5,4,5,13,4,4,1,4,5,2,12,1,29,2,7,5,1,7,9,1,10,1,11,16,1,21,121.5331733,25.0551576
114,05,15,09,38,01大同區,大同區民族西路與承德路3段口,0,0,3,1,C02,8,6,5,50,4,1,1,5,4,5,13,2,1,5,4,5,2,17,1,35,2,9,6,4,7,6,1,9,1,12,9,1,21,121.5186409,25.0683453
114,05,15,09,40,03中山區,中山區中山北路1段與市民大道2段口,0,0,2,1,C03,7,5,5,40,4,1,1,5,4,5,13,1,1,1,3,5,1,17,2,66,2,8,5,1,7,7,1,10,1,12,100,1,21,121.5183568,25.04847309
114,05,15,09,45,07信義區,信義區基隆路2段與信義路4段450巷口口,0,0,2,1,C03,8,5,8,50,4,1,1,5,4,5,13,1,1,1,4,5,2,12,2,46,2,9,6,1,7,8,1,10,1,12,118,1,22,121.5589006,25.0320745
114,05,15,09,51,04大安區,大安區復興南路1段219巷與仁愛路4段27巷口,0,0,1,1,B03,8,7,5,30,4,1,1,5,4,5,13,4,4,10,5,5,2,17,1,32,3,10,7,1,7,9,1,8,1,1,72,1,21,121.5451916,25.0390134
114,05,15,10,00,02萬華區,萬華區桂林路與南寧路口,0,0,1,1,B03,8,6,5,50,5,1,1,5,4,5,13,2,1,1,4,5,2,17,1,66,3,10,3,4,7,9,1,8,1,2,44,1,22,121.5064972,25.0372348
114,05,15,10,06,04大安區,大安區延吉街與延吉街242巷口,0,0,1,1,B01,7,6,5,50,3,1,1,5,4,5,13,4,4,5,4,5,2,16,1,56,3,10,3,4,7,5,1,4,1,1,80,1,21,121.5556304,25.0357997
114,05,15,10,15,04大安區,大安區基隆路4段與基隆路4段73巷口口,0,0,1,1,B02,8,7,5,40,4,1,1,5,4,5,13,2,1,1,4,4,1,17,2,29,3,10,7,1,7,6,1,8,1,1,9,1,21,121.5396275,25.0129795
114,05,15,10,37,03中山區,中山區南京西路12號,0,0,3,1,C03,8,7,5,50,14,9,1,5,4,5,13,4,4,1,4,5,2,13,1,25,2,8,5,1,7,9,1,10,1,11,16,1,21,121.5208502,25.052507
114,05,15,10,40,09北投區,北投區行義路與行義路5巷口,0,0,2,1,C03,7,7,5,40,5,18,1,5,4,5,13,4,4,5,5,5,2,3,1,71,2,9,5,1,7,9,1,10,2,11,70,1,22,121.5260309,25.124203
114,05,15,11,32,10文山區,文山區興隆路2段與興隆路2段244巷口,0,0,1,1,B01,8,6,5,50,3,1,1,5,4,5,13,4,4,5,5,5,2,16,1,65,3,10,7,1,7,5,1,8,1,1,72,1,21,121.5538253,25.0011115
114,05,15,11,47,01大同區,大同區承德路3段與承德路3段283巷口,0,0,1,1,B12,8,6,5,50,3,2,1,5,4,5,13,2,1,1,4,5,2,16,1,25,3,10,7,1,7,9,1,4,2,5,44,1,21,121.519641,25.073413
114,05,15,12,13,03中山區,中山區北安路與北安路458巷41弄口,0,0,1,1,B03,8,6,5,50,5,1,1,5,4,5,13,2,1,3,4,5,2,10,2,28,3,10,7,1,7,9,1,8,1,1,86,1,22,121.5472679,25.0798412
114,05,15,12,13,07信義區,信義區永吉路與永吉路30巷口,0,0,1,1,B03,8,6,5,50,4,2,1,5,4,5,13,2,1,1,4,5,2,16,1,40,3,10,3,4,7,6,1,8,2,6,9,1,21,121.5687831,25.0455987
114,05,15,12,15,08士林區,士林區中山北路5段811巷與福國路15巷口,0,0,2,1,C04,8,6,5,30,4,2,1,5,4,5,13,4,4,10,5,5,1,17,2,52,2,9,6,1,7,9,1,10,2,11,72,1,21,121.5246289,25.1009168
114,05,15,12,23,04大安區,大安區羅斯福路4段21號,0,0,1,1,C03,8,5,5,50,14,9,1,5,4,5,13,2,1,1,4,5,2,13,1,27,2,7,3,4,7,9,1,10,1,11,16,1,21,121.5353356,25.0139738
114,05,15,12,28,01大同區,大同區重慶北路3段與民權西路口,0,0,1,1,C03,7,6,5,50,4,2,1,5,4,5,13,2,1,1,4,5,2,13,2,22,2,8,6,1,7,9,1,10,1,11,16,1,21,121.5135482,25.063475
114,05,15,12,30,03中山區,中山區中山北路3段與中山橋口,0,0,1,1,C03,7,7,5,50,5,1,1,5,4,5,13,1,1,9,4,5,1,12,1,21,2,9,6,1,7,8,1,10,1,14,100,1,21,121.5240516,25.0727027
114,05,15,13,21,03中山區,中山區民權東路1段23號,0,0,1,1,C03,8,7,5,40,14,9,1,5,4,5,13,4,4,1,4,5,2,17,2,24,2,9,5,1,7,8,1,10,1,14,100,1,21,121.5239665,25.0628238
114,05,15,14,02,05中正區,中正區金山南路1段98號,0,0,1,1,C03,8,5,5,50,14,9,1,5,4,5,13,4,4,9,4,5,2,17,2,74,2,9,5,1,7,7,1,10,2,14,100,1,21,121.5275407,25.0357889
114,05,15,14,12,06松山區,松山區八德路3段198號,0,0,1,1,C03,8,5,5,30,14,9,1,5,4,5,13,2,1,4,3,5,2,13,1,21,2,9,5,1,7,9,3,18,1,11,16,1,22,121.5562961,25.0480262
114,05,15,14,19,04大安區,大安區羅斯福路2段35巷59號,0,0,1,1,B12,8,6,5,30,14,9,1,5,4,5,13,4,4,10,5,5,2,12,1,58,3,10,3,4,7,1,1,8,1,2,19,1,22,121.5242373,25.0276549
114,05,15,14,33,04大安區,大安區忠孝東路3段251巷與忠孝東路3段251巷7弄口,0,0,1,1,B03,8,7,5,30,4,1,1,5,4,5,13,4,4,10,5,5,2,17,1,38,3,10,7,1,7,9,1,2,1,1,75,1,21,121.5416521,25.0429903
114,05,15,14,55,08士林區,士林區延平北路6段與永平街口,0,0,1,1,B03,8,6,5,50,3,1,1,5,4,5,13,1,1,8,3,5,1,16,1,37,3,10,7,1,7,6,1,8,1,2,9,1,21,121.5053434,25.0894714
114,05,15,15,22,12內湖區,內湖區內湖路1段285巷65弄17號,0,0,1,1,B12,8,5,5,30,14,9,1,5,4,5,13,4,4,5,4,5,2,14,1,39,3,10,7,1,7,2,1,6,1,3,12,1,21,121.5675088,25.0844957
114,05,15,15,37,06松山區,松山區光復北路與民權東路4段口,0,0,2,1,A02,8,7,5,50,4,1,1,5,4,5,13,1,1,1,4,4,2,13,1,55,3,10,7,1,7,9,1,1,1,1,16,1,21,121.5542118,25.0617836
114,05,15,15,46,01大同區,大同區重慶北路1段與鄭州路口,0,0,1,1,B03,8,6,5,50,4,2,1,5,4,5,13,1,1,1,4,5,2,12,1,46,3,10,7,1,7,11,1,8,1,4,10,1,21,121.5133674,25.0497481
114,05,15,16,40,02萬華區,萬華區環河快速道路往南169桿,0,0,1,1,B13,7,7,5,60,14,9,1,5,4,5,13,4,4,1,4,5,2,13,1,24,3,10,7,1,7,9,1,8,1,1,16,1,21,121.4912425,25.0232332
114,05,15,17,00,12內湖區,內湖區環山路1段與內湖路1段附近口,0,0,1,1,C03,7,6,5,50,4,2,1,5,4,5,13,1,1,5,4,5,2,12,1,68,2,8,5,1,7,1,1,10,1,14,19,1,21,121.5655106,25.0827504
114,05,15,17,29,03中山區,中山區民生東路2段115巷與吉林路161巷口,0,0,1,1,B02,7,7,5,30,4,1,1,5,4,5,13,4,4,10,5,5,2,15,1,69,3,10,7,1,7,9,1,8,1,1,72,1,21,121.531627,25.05896372
114,05,15,17,30,04大安區,大安區和平東路1段與金山南路2段口,0,0,1,1,C04,8,6,5,50,3,1,1,5,4,5,13,2,1,1,4,5,2,17,2,33,2,9,3,4,7,6,1,10,1,12,17,1,22,121.5256641,25.0270699
114,05,15,17,30,04大安區,大安區金山南路2段與金華街口口,0,0,1,1,C03,8,7,5,50,4,2,1,5,4,5,13,2,1,1,4,5,1,17,2,23,3,10,6,1,7,7,1,10,1,13,100,1,21,121.5265836,25.03052
114,05,15,17,35,05中正區,中正區南海路與牯嶺街口,0,0,1,1,B03,8,7,5,30,4,1,1,5,4,1,13,1,1,10,4,5,2,16,1,68,3,10,7,1,7,5,1,8,1,4,8,1,22,121.5150176,25.0320116
114,05,15,17,42,12內湖區,內湖區瑞光路30號,0,0,1,1,B01,8,7,5,50,3,1,1,5,4,5,13,4,4,5,4,5,2,16,1,30,3,10,7,1,7,5,1,4,1,1,17,1,21,121.5829585,25.0700256
114,05,15,17,53,12內湖區,內湖區民權東路6段180巷與民權東路6段180巷41弄口,0,0,1,1,B03,8,7,8,50,4,1,1,5,4,5,13,1,1,5,5,5,2,16,1,46,3,10,7,1,7,6,1,8,1,2,9,1,21,121.5927389,25.067385
114,05,15,17,56,02萬華區,萬華區東園街78號,0,0,1,1,F01,7,5,5,50,14,9,1,5,4,5,13,1,1,8,3,5,2,17,1,14,2,9,4,1,7,5,8,20,1,11,45,1,15,121.4968532,25.0250208
114,05,15,18,00,09北投區,北投區立德路156號,0,0,2,1,C03,7,5,5,50,14,9,1,4,4,5,13,4,4,5,4,5,2,12,2,28,2,9,3,4,7,11,1,10,1,13,10,1,21,121.472774,25.1284502
114,05,15,18,03,11南港區,南港區市民大道7段與忠孝東路6段269巷口口,0,0,2,1,C03,8,6,5,50,14,9,1,5,4,5,13,2,1,1,4,5,2,12,2,51,2,9,3,4,7,7,1,10,1,13,14,1,22,121.5896836,25.0505579
114,05,15,18,08,04大安區,大安區麗水街17巷與麗水街口,0,0,1,1,B01,7,5,5,30,4,1,1,5,4,5,13,4,4,10,5,5,2,15,1,59,3,10,7,1,7,9,1,4,1,2,72,1,21,121.5284507,25.0293504
114,05,15,18,11,03中山區,中山區吉林路299巷1號旁,0,0,1,1,B01,8,5,5,30,14,9,1,5,4,5,13,4,4,10,5,5,2,1,1,69,3,10,7,1,7,9,1,4,2,2,108,1,21,121.5305451,25.0631135
114,05,15,18,30,06松山區,松山區敦化北路155巷與敦化北路155巷100弄口,0,0,1,1,C03,7,5,5,30,4,2,1,5,4,5,13,1,1,10,4,5,2,16,2,29,3,10,5,1,7,6,1,10,1,13,9,1,21,121.5521133,25.0542117
114,05,15,19,04,06松山區,松山區光復北路230巷與民生東路4段112巷口,0,0,2,1,F01,8,5,5,50,3,2,1,5,4,3,10,4,4,4,3,5,1,16,1,14,2,9,3,4,7,1,8,20,1,14,19,1,15,121.5546621,25.0562073
114,05,15,19,33,08士林區,士林區承德路5段80號,0,0,1,1,B03,7,5,5,50,14,12,1,5,4,5,13,4,4,1,4,1,2,17,1,29,3,10,7,1,7,8,1,8,1,2,100,1,21,121.5144393,25.0944204
114,05,15,19,38,12內湖區,內湖區成功路4段30巷47號,0,0,1,1,B03,8,5,8,30,3,2,1,5,4,5,13,4,4,5,5,5,2,3,1,48,3,10,7,1,7,9,1,8,1,1,70,1,21,121.5920134,25.0825281
114,05,15,20,38,05中正區,中正區羅斯福路4段與羅斯福路4段196巷口,0,0,1,1,B03,7,5,5,50,3,1,1,5,4,5,13,4,4,1,4,5,2,17,2,19,3,10,7,1,7,6,1,8,1,2,9,1,22,121.5365775,25.0119095
114,05,15,21,18,12內湖區,內湖區金龍路與內湖路3段18巷口,0,0,2,1,C03,7,5,5,30,3,1,1,5,4,5,13,4,4,10,5,5,2,16,2,54,2,9,5,1,7,5,1,10,1,14,73,1,21,121.5929944,25.0849004
114,05,15,22,05,03中山區,中山區建國高架道與民族東路口往北（民族東路上方）,0,0,1,1,B03,7,5,5,70,10,15,1,5,4,5,13,4,4,1,4,5,2,13,2,21,2,1,3,4,7,9,1,8,1,1,16,1,21,121.5337747,25.07174152
114,05,15,22,10,01大同區,大同區承德路3段與敦煌路口,0,0,1,1,C03,7,5,5,50,4,1,1,5,4,5,13,1,1,1,4,5,2,17,2,31,2,8,5,1,7,5,1,10,1,14,98,1,21,121.5202023,25.0752221
114,05,15,22,45,07信義區,信義區松隆路與松山路口側附近口,0,0,2,1,H01,7,5,5,50,14,19,1,5,4,5,13,2,1,3,4,5,2,3,1,77,2,9,4,5,8,16,8,20,10,16,122,1,22,121.577674,25.0482008
114,05,16,06,26,05中正區,中正區市民大道1段與中山北路1段口,0,0,1,1,C03,8,6,5,40,3,2,1,5,4,5,13,2,1,10,4,5,2,16,2,65,2,9,5,1,7,15,1,10,2,13,44,1,21,121.5201858,25.0480804
114,05,16,06,30,07信義區,信義區松德路與松德路12巷口,0,0,1,1,B01,8,6,5,40,3,2,1,5,4,5,13,4,4,1,3,4,2,17,1,63,3,10,3,4,7,1,1,4,1,8,19,1,21,121.5774899,25.0394401
114,05,16,06,37,01大同區,大同區重慶北路3段與哈密街59巷56弄口口,0,0,1,1,C03,8,6,6,50,3,1,1,4,4,5,13,4,4,1,4,5,2,17,1,21,2,9,6,1,7,9,1,10,1,14,13,1,21,121.5139769,25.0754594
114,05,16,07,02,01大同區,大同區民權西路與大龍街口,0,0,3,1,C03,8,6,5,50,5,1,1,5,4,5,13,2,1,5,4,5,2,15,1,46,2,9,5,1,7,9,6,18,1,11,81,1,21,121.515953,25.0628383
114,05,16,07,19,05中正區,中正區中華路2段39巷與中華路2段口,0,0,2,1,C03,8,6,5,50,3,1,1,5,4,5,13,4,4,1,4,5,2,17,2,65,2,9,5,1,7,8,1,10,1,12,100,1,21,121.506335,25.0351915
114,05,16,07,40,12內湖區,內湖區安康路22巷與潭美街口,0,0,1,1,C03,8,6,5,40,3,1,1,5,4,5,13,2,1,5,5,5,2,17,1,41,2,8,6,1,7,9,1,10,1,11,16,1,21,121.5937488,25.0609744
114,05,16,07,45,04大安區,大安區和平東路1段238號,0,0,1,1,F02,8,7,5,0,22,20,4,5,4,5,13,4,4,10,5,5,2,9,2,65,3,10,4,1,7,9,8,20,1,11,70,1,21,121.5344243,25.0260303
114,05,16,07,50,08士林區,士林區文林路770巷與克強路口,0,0,1,1,B03,8,6,5,30,4,1,1,5,4,5,13,4,4,10,5,5,2,16,2,39,3,10,7,1,7,5,1,8,1,5,72,1,21,121.5225031,25.10920473
114,05,16,07,51,05中正區,中正區牯嶺街13號前,0,0,2,1,C03,8,7,5,50,14,9,1,5,4,5,13,4,4,5,5,5,2,16,1,64,2,8,6,1,7,6,3,18,9,12,9,1,22,121.5157092,25.0310753
114,05,16,08,08,02萬華區,萬華區萬大路與萬大路186巷口,0,0,2,1,C03,8,6,5,30,4,1,1,5,4,5,13,2,1,1,4,5,2,16,2,29,2,9,6,1,7,5,1,10,1,12,98,1,22,121.5004217,25.0278469