發生年度,發生月,發生日,發生時-Hours,發生分,區序,肇事地點,死亡人數,2-30日死亡人數,受傷人數,當事人序號,車種,天候,光線,道路類別,速限-速度限制,道路型態,事故位置,路面狀況1,路面狀況2,路面狀況3,道路障礙1,道路障礙2,號誌1,號誌2,車道劃分-分向,車道劃分-分道1,車道劃分-分道2,車道劃分-分道3,事故類型及型態,性別,年齡,受傷程度,主要傷處,保護裝置,行動電話,車輛用途,當事者行動狀態,駕駛資格情形,駕駛執照種類,飲酒情形,車輛撞擊部位1,肇因碼-個別,個人肇逃否,職業,座標-X,座標-Y
114,05,16,08,10,05中正區,中正區和平西路1段106號,0,0,2,1,A02,8,7,5,50,14,10,1,5,4,5,13,4,4,2,4,5,2,9,1,58,3,10,7,1,7,1,1,1,1,17,19,1,22,121.5178287,25.0266997
114,05,16,08,20,02萬華區,萬華區環河南路3段與萬大路口,0,0,1,1,B12,8,5,5,50,4,1,1,5,4,5,13,1,1,9,4,5,2,17,1,30,3,10,7,4,7,9,1,8,1,2,17,1,21,121.4957834,25.01643211
114,05,16,08,22,01大同區,大同區重慶北路3段與民族西路口,0,0,1,1,C03,8,6,5,50,5,1,1,5,4,5,13,2,1,1,4,5,2,17,2,49,2,9,6,1,7,7,1,10,2,14,80,1,21,121.5136114,25.0688862
114,05,16,08,25,04大安區,大安區市民大道3段198號,0,0,1,1,C03,8,7,5,40,14,9,1,5,4,5,13,4,4,1,4,5,2,12,1,37,2,9,6,1,7,15,1,10,1,14,102,1,21,121.5386067,25.0445784
114,05,16,08,37,07信義區,信義區大道路與忠孝東路5段790巷70弄口,0,0,1,1,B03,8,6,5,50,3,2,1,5,4,5,13,4,4,4,5,5,2,13,2,31,3,10,3,4,7,9,1,8,1,1,108,1,21,121.5832061,25.0392409
114,05,16,08,43,01大同區,大同區鄭州路與延平北路1段口口,0,0,1,1,C03,8,6,5,40,4,2,1,5,4,5,13,2,1,1,5,5,2,13,2,44,2,9,6,1,7,9,1,10,1,11,16,1,21,121.5122785,25.0499044
114,05,16,08,45,06松山區,松山區敦化北路122號旁,0,0,1,1,B03,8,6,5,50,14,9,1,5,4,5,13,2,1,9,4,5,2,12,1,42,3,10,7,1,7,7,1,8,2,2,100,1,21,121.5484552,25.054437
114,05,16,08,53,12內湖區,內湖區內湖路1段與內湖路1段591巷口,0,0,2,1,C03,8,6,5,50,4,1,1,5,4,5,13,1,1,1,4,5,2,16,1,18,2,9,5,1,7,5,1,10,1,14,86,1,21,121.5732139,25.0807991
114,05,16,09,23,02萬華區,萬華區萬大路423巷28弄2號,0,0,2,1,H01,8,6,6,30,14,9,1,5,4,5,13,4,4,10,5,5,2,3,1,49,2,9,4,5,8,16,8,20,10,16,121,1,22,121.4999382,25.0208119
114,05,16,09,33,06松山區,松山區敦化北路88號,0,0,1,1,F01,7,6,5,40,14,9,1,5,4,5,13,4,4,1,4,5,2,17,1,71,2,9,4,1,7,8,8,20,1,14,100,1,21,121.5487004,25.0511723
114,05,16,09,41,05中正區,中正區中山南路與青島東路口,0,0,1,1,F01,8,6,5,50,4,1,1,5,4,5,13,2,1,1,4,5,2,13,1,36,3,10,4,1,7,9,8,20,9,17,44,1,21,121.5194646,25.0444462
114,05,16,09,45,03中山區,中山區建國北路3段93巷與建國北路3段口,0,0,1,1,B12,8,7,5,30,3,1,1,5,4,5,13,4,4,9,4,5,2,17,1,24,3,10,7,1,7,1,1,8,1,2,19,1,21,121.5366593,25.0657395
114,05,16,09,50,05中正區,中正區忠孝西路1段與重慶北路1段口,0,0,2,1,B02,8,7,5,50,5,1,1,5,4,5,13,2,1,7,4,5,2,16,1,47,3,10,7,1,7,6,1,15,1,6,9,1,21,121.5132643,25.0474101
114,05,16,10,12,10文山區,文山區景中街與景後街口,0,0,1,1,C03,8,6,5,50,4,1,1,5,4,5,13,2,1,1,4,5,2,16,1,59,3,10,6,1,7,5,1,10,2,12,71,1,21,121.5433603,24.9927352
114,05,16,10,25,05中正區,中正區重慶南路1段與忠孝西路1段口,0,0,2,1,B13,8,6,5,50,4,2,1,5,4,5,13,1,1,3,4,5,2,17,1,43,3,10,7,1,7,6,1,8,2,6,108,1,22,121.51324,25.0469792
114,05,16,10,26,02萬華區,萬華區峨眉街與康定路口,0,0,2,1,C03,8,5,5,50,4,2,1,5,4,5,13,1,1,9,4,5,2,17,1,20,2,9,6,4,7,9,1,10,2,11,13,1,21,121.5027388,25.0445171
114,05,16,10,30,06松山區,松山區塔悠路224號,0,0,1,1,C03,8,6,8,50,22,22,1,5,4,5,13,4,4,3,4,5,2,17,1,47,2,7,6,1,7,9,1,10,1,11,108,1,21,121.5690381,25.0583153
114,05,16,10,49,01大同區,大同區重慶北路1段與華陰街口,0,0,1,1,C03,8,6,5,50,4,2,1,5,4,5,13,2,1,1,4,5,2,17,1,38,3,10,6,4,7,15,1,10,11,13,100,2,21,121.5138465,25.0513688
114,05,16,11,09,07信義區,信義區林口街與福德街口,0,0,2,1,C03,8,5,5,50,4,2,1,5,4,5,13,2,1,1,4,5,2,3,2,52,2,7,5,1,7,6,1,10,2,11,70,1,21,121.579292,25.0362385
114,05,16,11,12,08士林區,士林區延平北路9段212號,0,0,2,1,C03,8,7,5,50,14,9,1,5,4,5,13,4,4,5,5,5,2,3,1,25,2,9,3,4,7,9,1,10,2,11,70,1,21,121.4712635,25.108215
114,05,16,11,18,07信義區,信義區基隆路1段與基隆路1段102巷口,0,0,1,1,B03,7,5,5,50,14,9,1,5,4,5,13,4,4,5,5,5,2,17,2,37,3,10,7,1,7,6,1,8,1,17,9,1,21,121.5668102,25.0453372
114,05,16,11,20,08士林區,士林區中山北路5段463號,0,0,1,1,C04,7,6,5,40,14,9,1,5,4,5,13,4,4,4,4,5,1,13,1,55,2,9,3,4,7,9,1,10,1,11,76,1,21,121.5276365,25.092196
114,05,16,11,43,05中正區,中正區羅斯福路2段48巷與羅斯福路2段30巷口,0,0,1,1,C03,8,6,5,30,4,1,1,5,4,5,10,4,4,10,5,5,1,15,1,24,2,9,5,1,7,9,1,10,1,11,72,1,21,121.520946,25.0275556
114,05,16,12,02,01大同區,大同區重慶北路3段236巷9號,0,0,1,1,C03,8,7,5,30,14,9,1,5,4,5,13,4,4,10,5,5,2,17,2,44,2,9,3,4,7,9,1,10,1,11,108,1,21,121.5131087,25.0705579
114,05,16,12,04,12內湖區,內湖區港墘路與港華街口側附近口,0,0,2,1,C03,7,7,5,50,4,1,1,5,4,5,13,2,1,1,3,5,2,16,1,46,2,9,6,1,7,5,1,10,1,12,74,1,21,121.5781523,25.0822078
114,05,16,12,10,08士林區,士林區承德路4段6巷與通河街76巷口,0,0,1,1,C03,8,6,5,30,4,2,1,5,4,5,13,4,4,10,5,5,2,17,2,57,2,9,6,1,7,6,1,10,1,11,94,1,26,121.5199235,25.07971417
114,05,16,12,14,03中山區,中山區建國北路2段188號與建國高架道口迴轉道,0,0,1,1,B01,7,7,5,50,3,18,1,5,4,5,13,2,1,9,4,5,2,3,1,63,3,10,3,4,7,5,1,4,2,1,70,1,22,121.5372564,25.05942652
114,05,16,12,24,12內湖區,內湖區金龍路與內湖路3段18巷口,0,0,2,1,C03,8,6,5,40,3,1,1,5,4,5,13,4,4,5,4,4,2,13,1,20,2,9,5,1,7,9,1,10,2,11,108,1,21,121.5929513,25.084889
114,05,16,12,45,08士林區,士林區中山北路4段與通河街口,0,0,2,1,,8,6,5,50,4,2,1,5,4,5,13,2,1,1,4,5,1,17,4,0,,,,,,,,,11,,119,2,,121.5182848,25.08718772
114,05,16,12,49,07信義區,信義區松高路與松智路口,0,0,1,1,B02,8,6,5,50,3,2,1,5,4,5,13,2,1,5,4,5,2,16,1,52,3,10,3,4,7,5,1,2,1,6,44,1,21,121.5655593,25.0390503
114,05,16,12,58,02萬華區,萬華區桂林路與康定路口,0,0,2,1,B03,8,5,5,50,4,1,1,5,4,5,13,1,1,10,5,5,2,17,1,50,3,10,3,4,7,5,1,8,1,2,98,1,21,121.501759,25.0383503
114,05,16,12,59,08士林區,士林區通河東街1段與大南路口,0,0,1,1,C03,8,6,5,30,4,2,1,5,4,5,13,1,1,10,5,5,1,17,1,32,3,10,6,1,7,5,1,10,2,11,71,1,21,121.5156207,25.08950254
114,05,16,13,08,09北投區,北投區大度路3段與關渡路口,0,0,1,1,C03,7,7,5,50,3,1,1,5,4,5,13,1,1,1,4,5,2,16,1,54,2,9,5,1,7,9,1,10,1,14,108,1,22,121.46948,25.122899
114,05,16,13,12,04大安區,大安區忠孝東路4段101巷與敦化南路1段160巷口口,0,0,1,1,B03,8,6,5,30,4,1,1,5,4,5,13,4,4,10,5,5,2,15,2,22,3,10,3,4,7,9,1,8,1,1,72,1,22,121.5484811,25.0435335
114,05,16,13,54,03中山區,中山區民生東路1段與林森北路口,0,0,3,1,C03,8,7,5,50,4,1,1,5,4,5,13,1,1,9,4,5,2,13,1,35,2,9,6,4,7,9,1,10,1,11,108,1,22,121.5258531,25.05813845
114,05,16,14,18,12內湖區,內湖區內湖路2段360號,0,0,1,1,B03,7,7,5,50,14,9,1,5,4,5,13,4,4,1,5,5,2,16,2,35,3,10,7,1,7,1,1,8,1,8,19,1,21,121.5905363,25.0821793
114,05,16,14,50,05中正區,中正區重慶南路2段與寧波西街口,0,0,1,1,B03,8,6,5,50,4,1,1,5,4,5,13,1,1,1,4,5,2,17,1,47,3,10,7,1,7,5,1,8,1,2,71,1,21,121.5153603,25.0298044
114,05,16,15,12,02萬華區,萬華區大理街與西園路1段口,0,0,2,1,C03,7,6,5,30,4,1,4,5,4,5,13,4,4,9,5,5,2,15,2,46,2,9,6,1,7,9,1,10,1,11,72,1,21,121.4993727,25.0344707
114,05,16,15,12,06松山區,松山區松河街與中坡北路口,0,0,2,1,C03,7,6,5,50,3,2,1,5,4,5,13,1,1,5,5,5,2,13,2,42,2,9,6,1,7,9,1,10,1,11,16,1,21,121.5799356,25.0521533
114,05,16,15,35,12內湖區,內湖區成功路3段與文德路附近口,0,0,1,1,B03,8,6,5,50,3,2,1,5,4,5,13,2,1,3,4,5,2,13,1,60,3,10,7,1,7,1,1,8,1,17,19,1,21,121.5896823,25.0786934
114,05,16,15,50,07信義區,信義區松山路287巷6弄與忠孝東路5段703巷1弄口,0,0,4,1,F02,7,7,5,30,3,2,1,5,4,5,13,4,4,10,5,5,2,16,1,73,2,9,4,1,7,5,8,20,1,14,8,1,21,121.578414,25.0424775
114,05,16,16,18,07信義區,信義區市民大道5段與東興路口,0,0,1,1,B12,8,6,5,50,14,9,1,5,4,5,13,1,1,1,4,5,2,13,1,64,3,10,7,1,7,9,1,8,1,1,108,1,21,121.5655243,25.0481678
114,05,16,16,26,05中正區,中正區公園路與貴陽街1段口,0,0,2,1,C03,8,6,5,50,4,1,1,5,4,5,13,1,1,10,5,5,2,16,2,48,2,8,6,1,7,5,1,10,2,14,8,1,22,121.5152264,25.03857
114,05,16,17,15,03中山區,中山區明水路與北安路458巷47弄口,0,0,2,1,C03,7,5,5,50,3,1,1,5,4,5,13,4,4,1,4,5,2,16,1,67,2,9,3,4,7,6,1,10,1,12,9,1,21,121.5221802,25.05806601
114,05,16,17,35,08士林區,士林區士東路200巷37號,0,0,2,1,C03,8,5,5,50,14,9,1,5,4,5,13,4,4,9,5,5,1,3,2,63,2,9,6,1,7,9,1,10,2,11,13,1,22,121.5338608,25.1112754
114,05,16,17,50,06松山區,松山區南京東路3段256巷與長安東路2段口,0,0,1,1,B03,8,5,5,30,3,1,1,5,4,5,13,4,4,9,4,5,2,17,1,43,3,10,7,1,7,5,1,8,1,8,72,1,21,121.544656,25.0482552
114,05,16,17,50,08士林區,士林區中正路與志成街口,0,0,1,1,B03,7,5,5,50,3,1,1,5,4,5,13,2,1,3,4,4,1,17,1,33,3,10,7,1,7,5,1,8,2,8,99,1,21,121.5302761,25.09625741
114,05,16,18,17,07信義區,信義區松山路與松山路540巷口,0,0,1,1,B03,8,5,5,30,4,1,1,5,4,5,13,1,1,9,4,5,2,17,1,65,3,10,3,4,7,6,1,8,9,10,77,1,21,121.5780776,25.0376954
114,05,16,18,35,02萬華區,萬華區東園街與東園街35巷口,0,0,1,1,B11,7,5,5,50,3,1,1,5,4,5,13,3,1,10,5,5,2,17,1,21,3,10,7,1,7,6,1,8,1,2,9,1,21,121.4957837,25.0274639
114,05,16,18,40,04大安區,大安區大安路1段96巷1號,0,0,1,1,C03,8,5,5,30,14,9,1,5,4,5,13,4,4,10,5,5,2,3,1,24,3,10,5,1,7,9,1,10,1,11,44,1,21,121.545744,25.0406105
114,05,16,18,58,09北投區,北投區大度路3段與立德路口,0,0,1,1,C03,7,5,5,50,3,1,1,5,4,5,13,2,1,1,4,5,2,13,1,33,3,10,5,1,7,9,1,10,1,12,104,1,21,121.4611803,25.13929372
114,05,16,19,05,04大安區,大安區辛亥路3段330號,0,0,2,1,C03,8,5,5,50,14,9,1,5,4,5,13,4,4,9,4,5,1,17,1,53,2,9,3,4,7,9,1,10,1,15,16,1,21,121.5536779,25.0133501
114,05,16,19,08,04大安區,大安區延吉街與光復南路308巷口,0,0,1,1,B03,7,5,5,30,4,1,1,5,4,5,13,4,4,10,5,5,2,15,1,52,3,10,7,1,7,9,1,8,1,5,75,1,21,121.5551227,25.03891
114,05,16,19,10,12內湖區,內湖區陽光街與陽光街202巷口,0,0,1,1,C03,7,5,5,50,4,2,1,5,4,5,13,4,4,5,5,5,2,13,1,23,2,8,5,1,7,9,1,10,1,11,16,1,21,121.5801779,25.07418138
114,05,16,19,12,03中山區,中山區長安東路2段與遼寧街口,0,0,1,1,B01,8,5,5,50,4,1,1,5,4,5,13,1,1,5,4,5,2,16,1,49,3,10,3,4,7,5,1,4,1,4,8,1,22,121.5420373,25.0482913
114,05,16,19,24,12內湖區,內湖區康樂街與康樂街162巷口,0,0,1,1,B01,7,5,5,50,3,2,1,5,4,5,13,4,4,9,5,5,2,17,1,53,3,10,7,1,7,2,1,4,1,17,12,1,21,121.6192861,25.07267511
114,05,16,19,37,09北投區,北投區東華街1段與東陽街口,0,0,1,1,B03,7,5,5,50,4,19,1,5,4,5,13,1,1,5,4,5,2,3,1,36,3,10,3,4,7,5,1,8,2,8,70,1,21,121.5174147,25.1122718
114,05,16,19,49,08士林區,士林區中山北路6段與中山北路6段口南往北第1107657號路燈桿,0,0,1,1,C03,7,5,5,50,14,9,1,5,4,5,13,4,4,1,4,5,1,29,1,82,2,9,6,1,7,9,1,10,9,14,118,1,21,121.5286823,25.11648162
114,05,16,20,07,11南港區,南港區八德路4段與東新街口,0,0,1,1,B03,8,5,5,50,5,18,1,5,4,5,13,2,1,5,4,5,2,3,1,25,3,10,3,4,7,6,1,8,2,8,9,1,21,121.5822635,25.0514928
114,05,16,20,13,10文山區,文山區景興路18號,0,0,1,1,B03,8,5,5,50,14,18,1,5,4,5,13,4,4,1,4,5,2,3,1,59,3,10,7,1,7,9,1,8,2,4,70,1,21,121.5446738,24.9977011
114,05,16,20,38,03中山區,中山區北安路與大直街口側附近口,0,0,2,1,C03,8,5,5,50,4,1,1,5,4,5,13,1,1,1,4,5,2,17,1,22,2,9,3,4,7,6,1,10,1,12,9,1,21,121.5473109,25.0799639
114,05,16,20,55,03中山區,中山區市民大道3段與八德路2段口,0,0,1,1,C03,8,5,5,50,4,1,1,5,4,5,13,1,1,1,4,5,2,16,1,18,3,10,6,4,7,6,1,10,1,12,17,1,22,121.5347217,25.0450854
114,05,16,21,00,09北投區,北投區中央北路1段與光明路口,0,0,1,1,B03,7,5,5,50,5,1,1,5,4,5,13,3,1,1,4,5,2,16,1,51,3,10,7,1,7,6,1,8,2,8,72,1,21,121.5015414,25.13348343
114,05,16,21,02,08士林區,士林區中山北路6段與中山北路6段441巷口,0,0,1,1,B02,8,5,5,50,4,1,1,5,4,5,13,2,1,1,4,5,2,16,2,30,3,10,7,1,7,11,1,8,1,3,10,1,21,121.5272706,25.1143307
114,05,16,21,15,03中山區,中山區民族東路410巷與民族東路410巷2弄口,0,0,1,1,F02,7,5,5,50,4,2,1,5,4,5,13,4,4,9,5,5,2,17,1,58,3,10,4,1,7,9,8,20,11,15,108,2,22,121.5381947,25.06695106
114,05,16,21,20,10文山區,文山區木柵路4段與萬芳路口,0,0,1,1,B03,8,5,5,50,4,1,1,5,4,5,13,1,1,5,4,5,2,16,2,57,3,10,7,1,7,6,1,8,1,2,9,1,21,121.5716999,24.9949907
114,05,16,23,35,10文山區,文山區木柵路1段與辛亥路6段口,0,0,2,1,C03,8,5,5,50,4,1,1,5,4,5,13,1,1,10,5,5,2,17,1,19,2,9,6,1,7,11,1,10,1,11,10,1,21,121.5522284,24.9878134
114,05,17,05,51,02萬華區,萬華區西園路2段128號,0,0,1,1,C03,8,5,5,50,14,9,1,5,4,5,13,1,1,9,4,5,2,17,1,28,2,9,6,4,7,9,3,18,8,11,21,1,21,121.496432,25.030599
114,05,17,06,04,06松山區,松山區民權東路5段與撫遠街口,0,0,1,1,B03,7,7,5,50,4,1,1,5,4,5,13,2,1,1,4,5,2,15,1,62,3,10,7,1,7,9,1,8,2,2,81,1,26,121.5659478,25.0631209
114,05,17,06,17,11南港區,南港區市民大道8段與興中路口,0,0,2,1,C03,8,6,5,50,4,1,1,5,4,5,13,2,1,4,3,5,2,16,1,79,2,9,3,4,7,5,1,10,1,14,8,1,21,121.6076706,25.0533432
114,05,17,06,49,07信義區,信義區嘉興街與嘉興街181巷口,0,0,1,1,B03,8,6,5,30,14,9,1,5,4,5,13,4,4,6,5,5,2,17,1,33,3,10,7,1,7,5,1,8,2,8,8,1,21,121.5564826,25.0263307
114,05,17,06,50,08士林區,士林區基河路與大南路口,0,0,1,1,B03,8,5,5,50,4,2,1,5,4,5,13,2,1,5,4,5,2,13,1,37,3,10,7,1,7,9,1,2,2,8,16,1,21,121.5228,25.0896872
114,05,17,07,00,08士林區,士林區萬溪產業道路至善幹45R68B7256BB99,0,0,1,1,C03,8,6,5,30,12,9,1,5,4,5,13,4,4,10,5,5,2,10,1,64,4,11,5,4,7,15,1,10,9,11,5,1,21,121.5842918,25.11953208
114,05,17,07,06,03中山區,中山區民權東路1段與民權東路1段12巷口,0,0,2,1,B03,7,7,5,50,3,2,5,5,4,5,13,4,4,10,5,5,2,16,1,64,3,10,7,1,7,6,1,8,2,2,9,1,21,121.523871,25.062633
114,05,17,07,17,05中正區,中正區重慶南路1段與重慶南路1段5巷口,0,0,1,1,C03,8,6,5,50,4,2,1,5,4,5,13,4,4,10,4,5,2,13,1,21,3,10,6,1,7,12,1,10,2,13,44,1,21,121.5132534,25.0465525
114,05,17,07,34,10文山區,文山區木新路1段與指南路1段51巷口,0,0,1,1,B03,8,5,5,50,4,1,1,5,4,5,13,2,1,10,5,5,1,17,1,59,3,10,7,1,7,6,1,8,1,2,44,1,21,121.5707153,24.9887221
114,05,17,07,52,03中山區,中山區五常街53巷與龍江路356巷口,0,0,2,1,C03,8,7,5,50,4,1,1,5,4,5,13,4,4,5,5,5,2,15,1,77,3,10,5,1,7,9,1,10,1,11,72,1,21,121.5396258,25.0660207
114,05,17,07,54,04大安區,大安區潮州街與永康街口,0,0,1,1,B01,8,6,8,30,4,1,1,5,4,5,13,4,4,9,3,5,2,15,1,53,3,10,7,1,7,9,1,4,1,1,72,1,21,121.5296094,25.0283785
114,05,17,08,08,04大安區,大安區敦化南路1段與敦化南路1段187巷口,0,0,3,1,C03,8,7,5,50,4,2,1,5,4,5,13,2,1,5,4,5,2,12,1,33,2,9,6,1,7,9,1,10,1,12,16,1,21,121.5490906,25.0423454
114,05,17,09,46,07信義區,信義區信義快速道路往南,0,0,1,1,B03,7,5,5,70,6,9,1,5,4,5,13,4,4,1,3,5,1,17,1,79,2,9,3,4,6,9,1,8,2,1,16,1,21,121.5670126,25.03311178
114,05,17,09,55,09北投區,北投區中和街與珠海路口,0,0,1,1,H01,8,6,5,50,4,18,1,5,4,1,13,1,1,9,4,5,2,5,1,33,2,6,4,5,8,17,8,20,10,16,67,1,21,121.5025189,25.1384287
114,05,17,09,56,07信義區,信義區忠孝東路5段8號,0,0,2,1,B01,8,6,5,50,14,9,1,5,4,5,13,4,4,4,3,5,2,13,1,61,3,10,7,1,7,9,1,4,1,1,118,1,21,121.5650517,25.0410809
114,05,17,10,08,02萬華區,萬華區東園街19號,0,0,1,1,F01,7,7,5,50,14,9,1,5,4,5,13,4,4,8,5,5,2,18,1,81,2,9,4,1,7,15,8,20,2,12,42,1,21,121.4956296,25.0276953
114,05,17,10,49,05中正區,中正區羅斯福路1段與林森南路口口,0,0,2,1,C03,8,6,5,40,5,1,1,5,4,5,13,1,1,1,4,4,2,3,1,31,2,8,5,1,7,9,1,10,1,11,108,1,21,121.5182105,25.0330361
114,05,17,11,29,04大安區,大安區忠孝東路3段與復興南路1段口,0,0,1,1,C03,8,5,5,50,5,1,1,5,4,5,13,1,1,1,4,5,2,17,2,20,3,10,6,4,7,6,1,10,1,13,9,1,21,121.5436497,25.041759
114,05,17,12,10,01大同區,大同區寧夏路與蘭州街口,0,0,1,1,B03,8,6,5,50,4,1,1,5,4,5,13,1,1,5,5,5,2,2,1,53,3,10,7,1,7,5,1,8,2,5,70,1,21,121.5139649,25.0618142
114,05,17,12,20,09北投區,北投區承德路7段與洲美快速道路口,0,0,2,1,B03,8,6,5,50,5,1,1,5,4,5,13,1,1,1,4,5,2,16,1,57,3,10,7,1,7,5,1,8,2,2,98,1,21,121.4997315,25.1208125
114,05,17,12,42,12內湖區,內湖區民權東路6段120巷與民權東路6段120巷7弄口,0,0,2,1,C03,7,6,5,30,4,1,1,5,4,5,13,4,4,10,5,5,2,15,2,38,2,8,5,1,7,9,1,10,1,14,108,1,21,121.5872257,25.0676509
114,05,17,13,13,07信義區,信義區基隆路1段與基隆路1段102巷口,0,0,1,1,B03,8,6,5,50,3,1,1,5,4,5,13,4,4,1,4,1,2,16,2,45,3,10,3,4,7,6,1,8,2,2,9,1,22,121.567587,25.045248
114,05,17,13,27,02萬華區,萬華區西藏路125巷5號,0,0,2,1,C03,7,7,5,30,14,9,1,5,4,5,13,4,4,10,5,5,2,16,1,26,3,10,5,1,7,5,1,10,2,11,8,1,21,121.5024354,25.0290108
114,05,17,13,38,10文山區,文山區辛亥路4段與辛亥路4段209巷口,0,0,1,1,B12,7,6,5,50,3,1,1,5,4,5,13,4,4,1,4,5,2,16,1,42,3,10,7,1,7,6,1,8,1,5,9,1,21,121.5556031,25.0023722
114,05,17,13,58,03中山區,中山區新生北路2段與新生北路2段118巷口,0,0,2,1,C03,7,6,5,50,4,1,1,5,4,5,13,4,4,5,5,5,2,16,1,52,2,9,6,1,7,5,1,10,1,11,74,1,21,121.5273563,25.06076572
114,05,17,13,59,06松山區,松山區敦化北路155巷3號,0,0,2,1,C03,7,6,5,30,14,9,1,5,4,5,13,4,4,9,4,5,2,13,1,45,2,8,6,4,7,9,1,10,1,11,16,1,22,121.549822,25.0542758
114,05,17,14,09,04大安區,大安區安和路1段129號,0,0,2,1,C03,6,6,5,50,14,9,1,4,4,5,13,4,4,3,3,5,2,12,1,24,2,9,6,1,7,9,1,10,1,12,108,1,21,121.5525726,25.034415
114,05,17,14,14,04大安區,大安區和平東路1段與師大路口,0,0,2,1,C03,6,7,5,40,3,2,1,4,4,5,13,2,1,1,4,4,2,12,2,29,2,9,6,1,7,9,1,10,1,11,44,1,21,121.5288082,25.026453
114,05,17,14,51,12內湖區,內湖區永保街132號,0,0,1,1,B12,6,6,5,40,14,9,1,4,4,5,13,4,4,5,5,5,2,16,1,58,3,10,7,1,7,1,1,8,1,4,19,1,21,121.6009759,25.0637746
114,05,17,14,59,04大安區,大安區通安街與通化街98巷口,0,0,1,1,C03,7,5,5,30,4,1,1,4,4,5,13,4,4,10,5,5,2,15,1,42,3,10,6,1,7,9,1,10,1,17,72,1,21,121.5530903,25.0299298
114,05,17,15,31,06松山區,松山區延壽街與塔悠路口,0,0,1,1,B03,6,7,5,50,4,1,1,4,4,5,13,2,1,9,4,4,2,17,2,60,3,10,3,4,7,2,1,8,1,6,42,1,22,121.5695245,25.0571948
114,05,17,16,03,11南港區,南港區南湖大橋(北向南),0,0,2,1,C03,6,7,5,50,14,9,1,4,4,5,13,4,4,1,4,5,2,12,1,25,2,7,5,1,7,7,1,10,1,14,100,1,21,121.6133005,25.0617201
114,05,17,16,39,05中正區,中正區福和橋往永和,0,0,1,1,C03,6,7,5,40,14,11,1,4,4,5,13,4,4,1,4,5,2,13,1,21,3,10,5,1,7,9,1,10,1,11,16,1,21,121.5320088,25.0087546
114,05,17,16,39,07信義區,信義區福德街84巷與林口街66巷口,0,0,3,1,C03,6,6,5,50,3,1,1,4,4,5,13,4,4,9,4,5,2,16,1,57,2,7,6,1,7,5,1,10,1,14,8,1,21,121.5805619,25.0392052
114,05,17,16,58,10文山區,文山區景華街128巷與景華街128巷2弄口口,0,0,2,1,B03,6,6,5,30,4,1,1,4,4,5,13,4,4,10,5,5,2,15,1,32,3,10,7,1,7,9,3,18,2,1,72,1,21,121.5473449,24.9954372
114,05,17,17,04,06松山區,松山區復興北路與長春路口,0,0,1,1,C03,6,7,5,50,4,1,1,4,4,5,13,1,1,1,4,5,2,18,1,71,2,1,5,1,7,9,1,10,2,14,42,1,21,121.5442352,25.0543147
114,05,17,17,19,06松山區,松山區八德路3段與敦化北路口,0,0,1,1,A02,6,7,5,50,14,10,1,4,4,5,13,2,1,5,4,5,2,9,1,44,3,10,7,1,7,9,1,1,9,17,44,1,21,121.54889,25.0484041
114,05,17,17,23,03中山區,中山區明水路與北安路458巷47弄口,0,0,1,1,B02,6,7,5,50,3,1,1,4,4,5,13,4,4,1,4,5,2,16,2,27,3,10,7,1,7,6,1,10,1,2,9,1,21,121.5457183,25.07752865
114,05,17,17,35,04大安區,大安區信義路3段147巷與信義路3段147巷36弄口,0,0,1,1,B01,7,5,5,30,4,1,1,4,4,5,13,4,4,4,3,5,2,15,1,68,3,10,7,1,7,9,1,4,1,5,72,1,21,121.5420158,25.0371933
114,05,17,17,46,06松山區,松山區民權東路3段181號,0,0,1,1,A04,7,6,5,50,14,10,1,5,4,5,13,2,1,1,4,5,2,9,1,44,3,10,7,1,7,14,1,2,11,17,44,1,21,121.5482276,25.0619515
114,05,17,19,36,02萬華區,萬華區和平西路3段384號與和平西路3段382巷口,0,0,1,1,B03,7,5,5,50,4,1,1,5,4,5,13,2,1,10,5,5,2,16,1,38,3,10,3,4,7,5,1,8,1,4,8,1,22,121.4914123,25.0354047
114,05,17,20,42,11南港區,南港區忠孝東路6段150號,0,0,1,1,C03,7,5,5,50,14,9,1,5,4,5,13,4,4,1,4,5,2,13,2,44,2,9,6,1,7,9,3,18,9,11,108,2,21,121.585788,25.0482561
114,05,17,21,41,03中山區,中山區中山北路2段46巷與中山北路2段口無名巷,0,0,2,1,C03,7,5,5,30,4,1,1,5,4,5,13,4,4,8,5,5,1,16,1,18,2,9,3,4,7,9,1,10,1,12,72,1,21,121.521698,25.05545179
114,05,17,21,46,10文山區,文山區木新路2段與保儀路口,0,0,1,1,B03,8,5,5,50,4,1,1,5,4,5,13,1,1,10,5,5,2,17,1,44,3,10,7,1,7,14,1,8,2,7,38,1,21,121.5654611,24.982793
114,05,17,22,14,12內湖區,內湖區民權東路6段56巷與民權東路6段56巷1弄口,0,0,2,1,B03,7,5,6,50,4,2,1,5,4,5,13,4,4,5,4,4,1,17,1,30,3,10,7,1,7,11,1,8,1,8,10,1,21,121.5847985,25.0682882
114,05,17,22,39,09北投區,北投區大度路與大度路150巷口,0,0,2,1,C03,7,5,5,50,4,1,1,5,4,5,13,1,1,1,4,1,1,16,2,25,2,9,6,1,7,9,1,10,2,11,81,1,21,121.4935722,25.1217036