發生年度,發生月,發生日,發生時-Hours,發生分,區序,肇事地點,死亡人數,2-30日死亡人數,受傷人數,當事人序號,車種,天候,光線,道路類別,速限-速度限制,道路型態,事故位置,路面狀況1,路面狀況2,路面狀況3,道路障礙1,道路障礙2,號誌1,號誌2,車道劃分-分向,車道劃分-分道1,車道劃分-分道2,車道劃分-分道3,事故類型及型態,性別,年齡,受傷程度,主要傷處,保護裝置,行動電話,車輛用途,當事者行動狀態,駕駛資格情形,駕駛執照種類,飲酒情形,車輛撞擊部位1,肇因碼-個別,個人肇逃否,職業,座標-X,座標-Y
114,05,22,00,30,06松山區,松山區民權東路4段與光復北路口,0,0,1,1,C03,8,5,5,40,4,2,1,5,4,5,13,1,1,1,4,4,2,18,1,35,2,9,5,1,7,6,1,10,1,14,42,1,26,121.5545767,25.0616617
114,05,22,05,45,07信義區,信義區福德街221巷248號,0,0,2,1,C03,8,7,6,30,12,9,1,5,4,5,13,4,4,10,5,5,2,18,1,75,2,9,5,1,7,6,1,10,9,12,42,1,21,121.586425,25.03118
114,05,22,06,01,10文山區,文山區和平東路4段與木柵路4段口,0,0,1,1,B12,8,5,5,50,3,1,1,5,4,5,13,2,1,5,4,5,2,17,1,63,3,10,3,4,7,1,1,8,1,5,19,1,22,121.5744194,24.9984681
114,05,22,06,14,01大同區,大同區大稻埕堤外便道三號水門外,0,0,1,1,H01,8,7,5,40,11,9,1,5,4,5,13,4,4,9,4,5,1,9,2,48,3,10,4,5,8,16,8,20,10,16,53,1,21,121.5064069,25.0518029
114,05,22,07,06,09北投區,北投區大度路3段與中央北路4段口,0,0,2,1,C02,8,6,5,50,4,1,1,5,4,5,13,2,1,1,4,5,2,13,1,34,2,9,5,1,7,9,1,9,1,11,16,1,21,121.4640679,25.1238821
114,05,22,07,36,12內湖區,內湖區內湖路2段376巷與內湖路2段口口,0,0,1,1,B03,8,7,5,30,3,1,1,5,4,5,13,4,4,5,5,5,2,17,1,44,3,10,7,1,7,1,1,8,2,8,72,1,21,121.591115,25.0826343
114,05,22,07,50,04大安區,大安區和平東路1段74巷口側附近,0,0,2,1,C03,8,5,5,40,14,9,1,5,4,5,13,4,4,1,4,4,2,17,1,69,2,7,3,4,7,7,1,10,1,11,108,1,21,121.5236185,25.0269283
114,05,22,08,01,10文山區,文山區木柵路1段381號,0,0,1,1,B03,8,5,5,50,14,9,1,5,4,5,13,4,4,5,4,5,2,16,1,46,3,10,7,1,7,11,1,8,2,8,10,1,21,121.5580954,24.9887555
114,05,22,08,10,12內湖區,內湖區瑞光路478巷18弄與瑞光路548巷口,0,0,2,1,C03,7,7,5,50,4,1,1,5,4,5,13,4,4,4,5,5,2,13,1,18,2,9,6,1,7,9,1,10,1,11,81,1,21,121.5672477,25.0790419
114,05,22,08,14,05中正區,中正區新生南路1段與信義路2段口,0,0,1,1,B03,8,7,5,50,4,1,1,5,4,5,13,1,1,1,3,1,2,13,1,24,3,10,7,1,7,9,1,8,1,1,16,1,21,121.5324229,25.0336937
114,05,22,08,16,03中山區,中山區長安東路1段30巷8弄與長安東路1段30巷口,0,0,1,1,C03,8,7,5,30,4,1,1,5,4,5,13,4,4,9,5,5,2,15,2,51,2,9,5,1,7,9,1,10,1,14,72,1,21,121.5261104,25.0478734
114,05,22,08,16,07信義區,信義區福德街與中坡南路口側附近口,0,0,1,1,C03,8,7,5,30,3,1,1,5,4,5,13,2,1,5,5,5,2,13,1,78,2,9,5,4,7,5,1,10,1,11,108,1,21,121.5840959,25.0383552
114,05,22,08,24,02萬華區,萬華區萬大路534巷與武成街28巷口,0,0,1,1,C03,8,5,5,30,4,1,1,5,4,5,13,4,4,10,5,5,2,15,1,74,2,1,5,4,7,9,1,10,2,11,75,1,21,121.4957391,25.019151
114,05,22,08,39,08士林區,士林區仰德大道2段與仰德大道2段134巷口,0,0,1,1,C03,8,6,5,30,3,2,1,5,4,5,13,1,1,5,5,5,1,13,1,23,2,9,5,1,7,9,1,10,2,11,108,1,21,121.5474497,25.109689
114,05,22,08,43,06松山區,松山區南京東路5段300號,0,0,2,1,C03,7,6,5,50,14,9,1,5,4,5,13,4,4,1,3,5,2,17,1,40,2,9,6,1,7,9,1,10,1,11,16,1,22,121.5674077,25.0511956
114,05,22,08,45,12內湖區,內湖區民權東路6段與民權東路6段191巷口,0,0,1,1,C03,7,5,5,50,4,2,1,5,4,5,13,1,1,1,5,5,2,17,1,52,3,10,5,1,7,15,1,10,1,12,17,1,21,121.5976299,25.0676131
114,05,22,08,49,04大安區,大安區基隆路2段291巷與樂業街72巷口,0,0,3,1,C03,8,5,5,30,4,1,1,5,4,5,13,4,4,10,5,5,1,15,1,26,2,9,5,1,7,9,1,10,1,12,72,1,21,121.5497019,25.0210898
114,05,22,08,56,07信義區,信義區和平東路3段燈桿0508329,0,0,1,1,C03,7,7,5,40,11,9,1,5,4,5,13,4,4,9,5,5,2,18,1,48,2,9,5,1,7,9,1,10,1,12,42,1,21,121.5650937,25.0101382
114,05,22,09,00,03中山區,中山區新生北路2段與民權東路1段口,0,0,1,1,G06,7,7,5,50,4,1,1,5,4,5,13,2,1,1,4,5,1,15,1,23,2,9,4,1,7,9,8,20,1,16,81,1,21,121.5275867,25.06248109
114,05,22,09,11,12內湖區,內湖區民權東路6段123巷28號,0,0,1,1,B03,8,6,5,30,14,9,1,5,4,5,13,4,4,9,5,5,2,17,1,25,3,10,7,1,7,9,1,8,2,5,107,1,21,121.5928905,25.0700773
114,05,22,09,20,01大同區,大同區延平北路3段11號,0,0,1,1,C03,8,7,5,50,14,9,1,5,4,5,13,4,4,9,4,5,2,16,2,18,3,10,5,1,7,6,1,10,1,13,9,1,21,121.5112227,25.0637734
114,05,22,09,30,07信義區,信義區市民大道5段燈桿編號0604024,0,0,1,1,B03,8,7,5,40,14,9,1,5,4,5,13,4,4,1,5,5,2,12,1,42,3,10,3,4,7,4,1,8,2,2,108,1,21,121.5563603,25.0543991
114,05,22,09,36,02萬華區,萬華區艋舺大道182號,0,0,2,1,C03,8,7,5,50,14,9,1,5,4,5,13,4,4,1,4,5,2,12,2,40,2,9,5,1,7,8,1,10,1,12,100,1,21,121.5002386,25.0328418
114,05,22,09,47,08士林區,士林區通河西街2段堤外便道,0,0,2,1,C03,7,6,5,50,14,9,1,5,4,5,13,4,4,9,4,5,1,16,1,74,3,10,5,1,7,5,1,10,9,17,44,2,22,121.5120993,25.08821512
114,05,22,09,49,05中正區,中正區市民大道2段與天津街口,0,0,1,1,B03,8,6,5,40,4,1,1,5,4,5,13,2,1,1,4,5,2,16,2,47,3,10,7,1,7,6,1,8,2,2,9,1,22,121.5223732,25.04781778
114,05,22,09,53,09北投區,北投區振華街與振華街22巷口,0,0,1,1,B03,8,6,5,50,3,1,1,5,4,5,13,4,4,5,5,5,2,16,1,24,3,10,7,1,7,6,1,8,1,2,9,1,21,121.5190008,25.1156801
114,05,22,09,54,06松山區,松山區撫遠街380巷與民權東路5段口1號旁無名巷,0,0,1,1,C03,7,6,5,30,3,2,1,5,4,5,13,4,4,4,5,5,2,17,2,52,2,9,6,1,7,5,1,10,1,11,4,1,22,121.5646925,25.0640866
114,05,22,10,00,03中山區,中山區明水路與樂群一路口,0,0,1,1,C03,8,7,5,50,14,9,1,5,4,5,13,1,1,1,4,5,2,13,2,37,2,9,5,1,7,9,1,10,1,11,108,1,21,121.5516304,25.0772166
114,05,22,10,23,05中正區,中正區仁愛路2段與臨沂街口,0,0,1,1,C03,8,6,5,50,4,4,1,5,4,5,13,1,1,10,4,1,1,13,1,37,2,8,6,1,7,9,1,10,2,11,16,1,22,121.5296171,25.038114
114,05,22,10,26,12內湖區,內湖區洲子街與內湖路1段360巷附近口,0,0,1,1,B02,7,6,5,50,14,9,1,5,4,5,13,4,4,5,5,5,2,17,1,45,3,10,7,1,7,14,1,8,1,2,40,1,21,121.5705385,25.0802977
114,05,22,11,02,03中山區,中山區北安路忠烈祠,0,0,1,1,B11,8,7,5,30,11,9,1,5,4,5,13,4,4,1,4,5,2,12,1,49,4,11,7,1,7,9,7,19,11,15,17,2,22,121.5334259,25.077925
114,05,22,11,07,12內湖區,內湖區東湖路與康寧路3段口,0,0,1,1,B01,8,6,5,40,3,2,1,5,4,5,13,4,4,1,4,4,2,17,1,59,3,10,7,1,7,8,1,4,1,7,44,1,21,121.6121819,25.0690684
114,05,22,11,47,05中正區,中正區南海路與牯嶺街口,0,0,1,1,C03,8,6,5,30,4,2,1,5,4,5,13,1,1,10,4,5,2,13,1,85,2,8,5,1,7,9,1,10,1,11,16,1,21,121.5152471,25.0321048
114,05,22,11,50,04大安區,大安區信義路4段與四維路口,0,0,2,1,C03,8,5,5,50,3,2,1,5,4,5,13,4,4,5,4,5,2,17,1,30,2,7,6,1,7,9,1,10,1,11,107,1,21,121.5483188,25.0334542
114,05,22,12,13,04大安區,大安區忠孝東路4段與敦化南路1段口,0,0,2,1,B01,7,6,5,50,4,2,1,5,4,5,13,2,1,1,4,5,2,9,2,68,3,10,3,4,7,14,1,4,1,2,38,1,22,121.5479899,25.0413778
114,05,22,13,10,07信義區,信義區永吉路30巷158弄與永吉路30巷口,0,0,1,1,C03,8,6,5,30,4,1,1,5,4,5,13,4,4,10,5,5,2,15,1,34,2,9,6,1,7,9,1,10,1,11,72,1,21,121.5687601,25.0423148
114,05,22,13,38,12內湖區,內湖區民善街與新湖一路口側附近口,0,0,1,1,B03,7,6,5,50,4,1,1,5,4,5,13,2,1,4,5,5,2,16,1,30,3,10,7,1,7,11,1,8,1,4,10,1,21,121.5762509,25.0588218
114,05,22,13,55,01大同區,大同區重慶北路3段236巷45弄與迪化街2段243巷口,0,0,1,1,B03,8,6,5,30,4,1,1,5,4,5,13,4,4,10,5,5,2,17,1,38,3,10,7,1,7,9,1,8,1,4,72,1,21,121.5123013,25.07131878
114,05,22,14,00,04大安區,大安區忠孝東路4段與延吉街口,0,0,1,1,B01,8,7,5,50,4,1,1,5,4,5,13,2,1,5,4,5,2,17,1,55,3,10,7,1,7,5,1,4,1,8,8,1,21,121.5545051,25.041311
114,05,22,14,08,06松山區,松山區吉祥路與光復北路11巷口,0,0,1,1,C03,7,6,5,30,5,1,1,5,4,5,13,1,1,4,3,5,2,17,1,60,3,10,6,1,7,5,1,10,1,17,71,1,21,121.5625127,25.050271
114,05,22,15,37,05中正區,中正區新生南路1段與仁愛路2段口,0,0,1,1,B03,8,6,5,50,4,1,1,5,4,5,13,1,1,3,4,1,1,17,1,35,3,10,7,1,7,6,1,8,2,5,9,1,22,121.5326049,25.0380718
114,05,22,16,14,05中正區,中正區林森南路與青島東路口,0,0,1,1,C03,8,6,5,50,4,1,1,5,4,5,13,2,1,5,4,5,2,16,1,72,3,10,5,1,7,9,1,10,11,12,4,2,21,121.5229482,25.04363561
114,05,22,16,20,12內湖區,內湖區南京東路6段與金莊路口口,0,0,1,1,C03,7,6,5,50,3,1,1,5,4,5,13,2,1,1,2,5,2,16,1,32,2,9,5,1,7,9,1,10,1,11,81,1,21,121.5887358,25.0614513
114,05,22,16,24,09北投區,北投區行義路與泉源路口,0,0,1,1,B03,8,5,5,40,4,2,1,5,4,5,13,1,1,9,4,5,1,17,1,62,3,10,7,1,7,6,1,8,2,2,9,1,21,121.5266854,25.1439707
114,05,22,17,05,03中山區,中山區松江路與建國北路3段口,0,0,1,1,B03,8,7,5,50,4,1,1,5,4,5,13,2,1,9,4,5,2,17,1,31,3,10,7,1,7,5,1,7,1,4,16,1,21,121.53343,25.0676006
114,05,22,17,10,10文山區,文山區指南路2段與萬壽路口,0,0,1,1,A02,8,5,5,40,4,2,1,5,4,5,13,4,4,9,5,5,1,9,1,51,3,10,7,1,7,14,1,2,2,2,40,1,26,121.5760348,24.9878076
114,05,22,17,14,09北投區,北投區東華街2段與致遠三路口6號停車格,0,0,1,1,C03,7,6,5,50,4,2,1,5,4,5,13,1,1,10,4,5,2,12,1,52,2,9,6,1,7,15,1,10,1,11,108,1,26,121.5080345,25.1207393
114,05,22,17,15,06松山區,松山區塔悠路與民權東路5段口,0,0,1,1,B02,7,7,5,30,3,1,1,5,4,5,13,2,1,1,4,5,2,13,1,57,3,10,7,1,7,6,1,8,1,5,108,1,26,121.5681319,25.0634075
114,05,22,17,26,11南港區,南港區南深路37號與南深路口,0,0,1,1,B03,8,6,5,30,3,2,1,5,4,5,13,1,1,5,4,5,2,16,1,62,3,10,3,4,7,6,1,8,1,6,9,1,21,121.621306,25.0295773
114,05,22,17,30,01大同區,大同區忠孝西路1段與塔城街口,0,0,2,1,C03,8,6,5,50,4,1,1,5,4,5,13,2,1,9,4,5,2,15,1,65,2,9,5,1,7,9,1,10,1,12,81,1,21,121.5101822,25.0482392
114,05,22,17,30,12內湖區,內湖區民權東路6段245巷與民權東路6段口,0,0,1,1,B02,7,5,5,50,4,1,1,5,4,5,13,2,1,1,4,5,2,17,2,34,3,10,7,1,7,5,1,8,1,1,108,1,21,121.6005002,25.06706
114,05,22,17,42,05中正區,中正區重慶南路1段與沅陵街口,0,0,1,1,B01,8,6,5,50,3,2,1,5,4,5,13,4,4,9,4,5,1,12,1,46,3,10,7,1,7,15,1,4,2,2,40,1,21,121.513133,25.0427271
114,05,22,18,17,05中正區,中正區市民大道3段與新生北路1段口,0,0,1,1,C04,7,5,6,50,4,1,1,5,4,5,13,1,1,10,5,5,2,16,2,45,2,9,5,1,7,10,1,10,1,12,100,1,21,121.5327192,25.0454732
114,05,22,18,20,05中正區,中正區水源快速道路(靠近中正橋),0,0,1,1,C01,8,6,5,60,14,7,1,5,4,5,13,4,4,3,4,5,1,13,1,23,2,9,5,1,7,9,1,9,1,11,108,1,21,121.5150039,25.0240035
114,05,22,18,20,10文山區,文山區興隆路4段76號,0,0,1,1,A02,8,5,5,50,14,18,1,5,4,5,13,4,4,1,4,5,1,9,1,44,3,10,7,1,7,9,1,2,1,17,108,1,21,121.5617769,24.9840642
114,05,22,18,54,08士林區,士林區承德路5段與文林路587巷口,0,0,1,1,B03,7,5,5,40,4,1,1,5,4,5,13,2,1,1,4,4,2,16,1,45,3,10,7,1,7,6,1,8,1,5,9,1,21,121.5135266,25.0977712
114,05,22,19,37,03中山區,中山區民權西路27號,0,0,3,1,C03,6,5,5,50,14,9,1,4,4,5,13,4,4,1,4,5,2,13,1,24,2,9,6,1,7,9,1,10,1,11,16,1,21,121.521259,25.0628617
114,05,22,19,40,01大同區,大同區環河北路1段145號,0,0,1,1,C03,6,5,5,50,14,9,1,4,4,5,12,4,4,10,5,5,2,13,1,70,2,8,5,1,7,9,1,10,1,11,108,1,21,121.5077467,25.0546574
114,05,22,19,50,05中正區,中正區中山南路與常德街口,0,0,1,1,C03,6,5,5,50,3,2,1,4,4,4,13,4,4,1,4,5,2,29,1,28,2,8,5,1,7,9,1,10,2,11,108,1,21,121.5183553,25.0410186
114,05,22,20,01,03中山區,中山區德惠街88號,0,0,2,1,C03,6,5,5,50,14,9,1,4,4,5,13,4,4,4,3,5,2,12,2,37,2,5,6,4,7,6,3,18,2,12,9,1,21,121.5286729,25.0666022
114,05,22,20,06,03中山區,中山區錦州街242巷與松江路259巷口,0,0,1,1,B01,7,5,5,30,4,1,1,4,4,5,13,4,4,10,5,5,2,15,1,39,3,10,7,1,7,9,1,8,1,8,72,1,21,121.5337362,25.0595807
114,05,22,20,50,01大同區,大同區重慶北路3段236巷45弄與迪化街2段243巷口口,0,0,2,1,C03,7,5,5,30,4,1,1,4,4,5,13,4,4,10,5,5,2,15,2,38,2,9,6,1,7,9,1,10,1,12,44,1,21,121.5122884,25.0713132
114,05,22,21,31,05中正區,中正區重慶南路3段60-3號,0,0,2,1,A05,7,5,5,50,14,9,1,5,4,5,13,4,4,1,4,5,2,12,1,64,3,10,7,4,7,9,1,1,1,2,17,1,21,121.5159593,25.0269446
114,05,22,22,01,07信義區,信義區永吉路322號,0,0,2,1,B03,8,5,5,50,14,8,1,5,4,5,13,4,4,1,4,4,2,17,1,57,3,10,7,1,7,6,1,8,1,2,80,1,22,121.5753987,25.0454236
114,05,22,22,50,06松山區,松山區市民大道4段163號,0,0,1,1,C03,7,5,5,40,14,9,1,5,4,5,13,4,4,1,4,5,2,13,1,33,3,10,6,1,7,9,1,10,1,11,16,1,21,121.5517367,25.0446469
114,05,22,23,47,07信義區,信義區松山路與松隆路口,0,0,1,1,B03,7,5,5,50,4,1,1,5,4,5,13,2,2,1,4,5,2,15,1,22,3,10,3,4,7,11,3,18,9,4,71,1,21,121.5777839,25.0479574
114,05,23,00,07,10文山區,文山區羅斯福路6段與萬隆街口,0,0,2,1,H01,8,5,5,50,4,19,1,5,4,5,13,2,1,1,4,5,2,6,2,44,2,9,4,5,8,18,8,20,10,16,122,1,21,121.539575,25.0003115
114,05,23,07,34,06松山區,松山區民權東路3段與敦化北路口,0,0,1,1,C03,8,6,5,50,5,1,1,5,4,5,13,2,1,1,4,5,2,12,1,21,2,9,6,1,7,9,1,10,2,12,16,1,21,121.5503045,25.0615038
114,05,23,07,40,08士林區,士林區延平北路5段與中正路口,0,0,1,1,C03,8,7,5,50,4,1,1,5,4,5,13,2,1,1,4,5,1,17,1,48,3,10,5,1,7,5,1,10,2,14,8,1,21,121.5093476,25.08660006
114,05,23,07,40,08士林區,士林區中山北路5段463號,0,0,1,1,C03,8,7,5,40,3,2,1,5,4,5,13,4,4,1,5,5,1,17,2,46,2,9,5,1,7,9,1,10,1,17,44,1,21,121.52762,25.09215584
114,05,23,07,41,09北投區,北投區大同街與大同街208巷口,0,0,2,1,B12,8,7,5,30,5,1,1,5,4,5,13,2,1,5,5,5,1,15,1,51,3,10,7,1,7,9,1,8,1,4,72,1,22,121.4992417,25.1384782
114,05,23,07,43,07信義區,信義區松仁路與莊敬路423巷8弄口,0,0,2,1,C03,7,6,5,50,4,1,1,5,4,5,13,1,1,8,3,5,2,12,2,18,2,7,3,4,7,7,1,10,9,12,100,2,22,121.5682723,25.0284733
114,05,23,08,01,11南港區,南港區忠孝東路7段369號,0,0,1,1,B03,8,6,5,50,3,2,1,5,4,5,13,4,4,1,4,4,2,16,1,27,3,10,3,4,7,6,1,8,1,2,9,1,21,121.6042983,25.0518997
114,05,23,08,10,07信義區,信義區基隆路1段與松隆路口,0,0,1,1,A02,8,6,5,50,14,9,1,5,4,5,13,2,1,1,4,5,1,12,1,58,3,10,3,4,7,14,1,2,1,2,44,1,21,121.5656217,25.0433952
114,05,23,08,17,06松山區,松山區民權大橋往內湖7510451號電桿前,0,0,2,1,C03,8,6,5,40,14,11,1,5,4,5,13,4,4,1,4,4,2,13,1,30,2,9,5,1,7,9,1,10,1,12,16,1,21,121.5664263,25.0632159
114,05,23,08,20,11南港區,南港區昆陽街157巷17號,0,0,1,1,C04,8,5,5,50,14,9,1,5,4,5,13,4,4,4,3,5,2,13,1,45,3,10,3,4,7,9,1,11,1,11,16,1,21,121.5948498,25.0500771
114,05,23,08,25,10文山區,文山區興隆路3段與興隆路3段192巷口,0,0,1,1,A05,8,6,5,50,3,1,1,5,4,5,13,1,1,1,4,5,2,16,1,57,3,10,7,1,7,5,1,1,1,2,71,1,22,121.5588028,24.9980384
114,05,23,08,28,12內湖區,內湖區環東大道(南港往內湖）(環東快速道路635號燈桿),0,0,5,1,B12,8,5,5,80,14,9,1,5,4,5,13,4,4,1,4,5,1,13,1,36,2,7,7,1,7,9,1,8,2,1,16,1,21,121.5667038,25.04496713
114,05,23,08,39,07信義區,信義區光復南路419巷與光復南路口,0,0,2,1,B03,7,7,5,30,3,2,1,4,4,5,13,4,4,10,5,5,2,14,1,36,3,10,7,1,7,2,1,14,1,3,12,1,21,121.5577015,25.0365343
114,05,23,08,40,03中山區,中山區松江路與民權東路2段口,0,0,1,1,H01,8,7,5,50,5,1,1,5,4,5,13,1,1,1,4,5,2,3,2,45,2,9,4,5,8,18,8,20,10,16,121,1,21,121.5332442,25.0623121
114,05,23,08,55,05中正區,中正區濟南路1段1002149燈桿,0,0,1,1,C03,8,5,5,30,14,8,1,5,4,5,13,4,4,9,4,4,2,17,2,67,2,8,5,1,7,9,1,10,1,12,108,1,21,121.5197145,25.04312281
114,05,23,09,02,04大安區,大安區新生南路1段103巷與忠孝東路3段10巷口,0,0,1,1,C03,8,5,5,30,4,1,1,5,4,5,13,4,4,10,5,5,1,15,1,24,2,9,5,1,7,9,1,10,1,11,72,1,21,121.5333996,25.0406602
114,05,23,09,03,01大同區,大同區重慶北路2段與保安街口,0,0,1,1,C03,8,6,5,50,4,1,1,5,4,5,13,1,1,1,4,5,2,16,2,43,2,8,6,1,7,5,1,10,2,12,74,1,21,121.5135696,25.05919094
114,05,23,09,03,11南港區,南港區忠孝東路6段159巷與忠孝東路附近側附近6段口,0,0,1,1,C03,8,6,5,30,4,1,1,5,4,5,13,4,4,10,5,5,2,15,1,38,3,10,6,1,7,9,1,10,2,12,72,1,21,121.5864789,25.0489603
114,05,23,09,06,05中正區,中正區重慶南路2段65號,0,0,2,1,C03,8,6,5,50,14,9,1,5,4,5,13,4,4,1,4,5,1,17,1,24,2,7,6,1,7,9,1,9,2,11,16,1,21,121.5152647,25.030239
114,05,23,09,30,11南港區,南港區重陽路429號,0,0,1,1,C03,7,6,5,50,14,9,1,5,4,5,13,4,4,5,4,5,2,17,1,74,2,9,5,1,7,1,1,10,1,17,42,1,21,121.6093456,25.0589938
114,05,23,09,37,01大同區,大同區民生西路112號,0,0,1,1,B01,8,6,5,50,14,9,1,5,4,5,13,4,4,8,3,5,1,17,1,39,3,10,3,4,7,8,1,4,11,17,100,2,21,121.5195706,25.0574915
114,05,23,09,38,03中山區,中山區民族西路與中山北路3段口,0,0,1,1,B03,8,6,5,50,4,1,1,5,4,5,13,2,1,9,4,5,2,16,1,68,3,10,3,4,7,5,1,8,2,3,71,1,21,121.5226931,25.06856984
114,05,23,10,00,12內湖區,內湖區新明路143巷與潭美街口,0,0,1,1,B01,8,6,5,30,3,2,1,5,4,5,13,2,1,10,5,5,2,5,1,49,4,11,3,4,7,5,7,19,11,15,108,2,21,121.6131115,25.06745553
114,05,23,10,10,12內湖區,內湖區康寧路1段與星雲街口,0,0,1,1,C03,8,6,5,50,4,1,1,5,4,5,13,2,1,5,5,5,2,17,2,25,2,8,6,1,7,5,1,10,1,13,8,1,21,121.5937485,25.0794412
114,05,23,10,29,04大安區,大安區瑞安街71巷3號,0,0,1,1,C03,7,5,5,30,14,9,1,5,4,5,13,2,1,5,3,5,1,16,1,80,2,8,5,1,7,11,1,10,1,13,10,1,21,121.5413479,25.028246
114,05,23,10,33,02萬華區,萬華區西園路2段140巷與雙園街67巷口,0,0,2,1,C03,8,6,5,50,5,1,1,5,4,5,13,4,4,10,5,5,2,17,1,74,2,9,6,1,7,5,3,18,1,11,74,1,21,121.4952745,25.031288
114,05,23,10,39,04大安區,大安區仁愛路4段與延吉街口,0,0,1,1,B03,7,6,5,50,5,1,1,5,4,5,13,1,1,9,4,5,2,16,1,54,3,10,7,4,7,6,1,8,1,2,9,1,21,121.5555151,25.0375156
114,05,23,12,00,06松山區,松山區復興南路1段51號,0,0,1,1,B13,7,6,5,50,14,9,1,5,4,5,13,4,4,1,4,5,2,12,1,45,3,10,7,1,7,9,1,8,1,2,108,1,21,121.5439942,25.0454257
114,05,23,12,01,10文山區,文山區新光路2段燈桿0707719號對面,0,0,1,1,B03,8,6,5,50,11,9,1,5,4,5,13,4,4,4,5,5,1,12,1,43,3,10,3,4,7,15,1,8,2,2,17,1,22,121.5886009,24.9995995
114,05,23,12,05,03中山區,中山區民權東路3段與建國北路2段口,0,0,2,1,C03,8,6,5,50,4,1,1,5,4,5,13,2,1,8,5,5,1,13,2,56,2,3,3,4,7,9,1,10,1,11,16,1,21,121.5371031,25.06228168
114,05,23,12,08,03中山區,中山區龍江路與長春路口,0,0,1,1,F02,8,6,5,50,5,2,1,5,4,5,13,2,1,9,3,5,1,17,1,48,2,9,5,1,7,9,8,20,1,11,4,1,21,121.5405003,25.0547852
114,05,23,12,15,12內湖區,內湖區五分街14巷與康寧路3段245巷口,0,0,2,1,C03,8,6,5,50,3,1,1,5,4,5,13,4,4,5,5,5,2,17,2,43,2,9,6,1,7,5,1,10,1,14,44,1,21,121.6133717,25.0663487
114,05,23,12,23,03中山區,中山區中山北路2段與中山北路2段46巷口,0,0,2,1,C03,8,6,5,50,14,9,1,5,4,5,13,4,4,9,4,5,2,13,1,55,3,10,6,4,7,9,1,8,1,13,14,1,22,121.5224864,25.05535661
114,05,23,12,24,05中正區,中正區金門街24巷與汀州路2段182巷口,0,0,1,1,B01,8,7,5,30,4,1,1,5,4,5,13,4,4,10,5,5,2,15,1,56,3,10,7,1,7,9,1,4,1,1,75,1,22,121.522244,25.0222295
114,05,23,12,32,05中正區,中正區館前路46號,0,0,1,1,C03,8,5,5,50,14,9,1,5,4,5,13,4,4,10,4,5,2,12,1,22,3,10,5,1,7,9,1,10,1,12,108,1,21,121.514968,25.0439227
114,05,23,12,46,07信義區,信義區光復南路與菸廠路口,0,0,2,1,C03,8,6,5,50,5,4,1,5,4,5,13,1,1,3,4,5,2,13,2,60,2,8,5,1,7,9,1,10,1,12,16,1,21,121.5578476,25.0448078
114,05,23,12,51,11南港區,南港區三重路與園區街口,0,0,3,1,C03,7,6,5,50,3,1,1,5,4,5,13,2,1,4,3,5,2,16,2,17,2,9,3,4,7,5,2,18,9,12,8,1,21,121.6141493,25.0590758
114,05,23,13,35,03中山區,中山區市民大道2段與長安東路1段30巷口,0,0,1,1,B03,7,6,5,40,3,1,1,5,4,5,13,2,1,1,5,5,2,16,2,34,3,10,7,1,7,6,1,8,1,2,9,1,22,121.5260663,25.0475335
114,05,23,14,12,02萬華區,萬華區西藏路269巷12號號,0,0,2,1,F01,8,6,5,30,11,9,1,5,4,5,13,4,4,10,5,5,2,17,2,62,2,9,4,1,7,9,8,20,1,11,5,1,21,121.4934017,25.0281338
114,05,23,14,14,02萬華區,萬華區大理街116巷與大理街口側附近口,0,0,1,1,B03,8,7,5,30,4,1,1,5,4,5,13,4,4,10,5,5,2,10,1,28,3,10,3,4,7,9,1,8,1,5,72,1,22,121.4973981,25.0342343
114,05,23,14,21,05中正區,中正區重慶南路1段76號與武昌街1段口,0,0,9,1,B03,8,5,5,50,4,2,1,5,4,5,13,1,1,10,5,5,2,17,1,78,2,1,7,1,7,4,3,18,2,1,108,1,21,121.5131883,25.04375249
114,05,23,14,26,06松山區,松山區敦化北路與八德路3段口,0,0,1,1,C03,7,6,5,50,14,8,1,5,4,5,13,4,4,1,4,4,2,12,1,75,2,9,6,1,7,9,1,10,1,11,76,1,21,121.549174,25.0486743
114,05,23,14,30,08士林區,士林區忠誠路1段173巷與德行東路190巷口,0,0,2,1,C02,8,6,5,30,4,1,1,5,4,5,13,4,4,10,5,5,2,15,1,68,2,9,5,1,7,9,1,9,1,12,72,1,21,121.5312907,25.1080497
114,05,23,14,34,02萬華區,萬華區西寧南路與洛陽街口,0,0,1,1,B03,8,7,5,50,4,1,1,5,4,5,13,1,1,9,4,5,2,16,1,25,3,10,7,1,7,5,1,8,1,4,8,1,21,121.5073332,25.047553
114,05,23,14,38,08士林區,士林區文昌路62號與文昌路口,0,0,1,1,B13,7,5,5,50,14,9,1,5,4,5,13,4,4,5,5,5,1,9,1,58,3,10,7,1,7,9,1,8,1,2,108,1,21,121.5212942,25.0960466
114,05,23,14,43,09北投區,北投區榮華三路與明德路口,0,0,1,1,B03,8,6,5,30,4,1,1,5,4,5,13,3,1,5,5,5,2,16,1,59,3,10,7,1,7,6,1,8,2,8,72,1,21,121.5222939,25.114079
114,05,23,14,45,11南港區,南港區新民街與興東街7巷口,0,0,1,1,B03,7,6,5,30,3,2,1,5,4,5,13,4,4,5,5,5,2,16,1,47,3,10,7,1,7,9,1,10,1,2,13,1,22,121.6131338,25.0561985