發生年度,發生月,發生日,發生時-Hours,發生分,區序,肇事地點,死亡人數,2-30日死亡人數,受傷人數,當事人序號,車種,天候,光線,道路類別,速限-速度限制,道路型態,事故位置,路面狀況1,路面狀況2,路面狀況3,道路障礙1,道路障礙2,號誌1,號誌2,車道劃分-分向,車道劃分-分道1,車道劃分-分道2,車道劃分-分道3,事故類型及型態,性別,年齡,受傷程度,主要傷處,保護裝置,行動電話,車輛用途,當事者行動狀態,駕駛資格情形,駕駛執照種類,飲酒情形,車輛撞擊部位1,肇因碼-個別,個人肇逃否,職業,座標-X,座標-Y
114,05,23,14,59,09北投區,北投區立賢路168號,0,0,2,1,C03,8,6,5,50,14,5,1,5,4,5,13,3,1,1,4,5,2,16,1,73,2,9,5,1,7,5,1,10,1,14,8,1,21,121.502218,25.1142816
114,05,23,15,11,12內湖區,內湖區江南街與江南街65巷口,0,0,1,1,C03,8,6,5,50,4,1,1,5,4,5,13,2,1,5,5,5,2,12,1,44,3,10,6,1,7,9,1,10,2,14,108,1,21,121.5776843,25.07749531
114,05,23,15,30,08士林區,士林區至善路3段與至善路3段71巷口,0,0,1,1,B03,7,6,5,50,3,1,1,5,4,5,13,2,1,5,4,5,2,17,1,62,3,10,3,4,7,6,1,8,2,2,9,1,21,121.5665138,25.1134482
114,05,23,15,32,01大同區,大同區承德路3段與承德路3段108巷口,0,0,2,1,C03,7,6,5,50,3,2,1,5,4,5,13,4,4,1,4,5,2,13,1,33,2,9,6,4,7,9,1,10,2,11,108,1,22,121.518254,25.0669654
114,05,23,15,37,04大安區,大安區和平東路3段與敦化南路2段口,0,0,1,1,B03,8,5,5,50,4,1,1,5,4,5,13,1,1,10,5,5,2,17,1,42,3,10,7,1,7,5,1,8,1,5,71,1,21,121.5489686,25.0245351
114,05,23,15,50,12內湖區,內湖區新湖一路77號前,0,0,1,1,B03,8,7,5,50,14,9,1,5,4,5,13,4,4,9,5,5,2,16,1,42,3,10,7,1,7,1,1,8,1,1,19,1,21,121.5753221,25.05852
114,05,23,16,19,04大安區,大安區和平東路1段與羅斯福路2段口,0,0,1,1,B01,8,7,5,50,4,2,1,5,4,5,13,2,1,1,4,5,2,17,1,53,3,10,7,1,7,6,1,4,1,1,9,1,21,121.5223121,25.027347
114,05,23,16,45,08士林區,士林區文林路102號,0,0,1,1,B01,7,5,8,50,22,22,1,5,4,5,13,2,1,5,5,5,1,17,1,42,4,11,3,4,7,8,1,4,9,17,100,1,21,121.5181157,25.0870974
114,05,23,17,02,08士林區,士林區中山北路5段與幸福街口,0,0,1,1,B01,7,7,5,50,3,2,1,5,4,5,13,4,4,4,5,5,1,17,1,68,3,10,7,1,7,6,1,8,1,6,9,1,21,121.5278342,25.0965331
114,05,23,17,11,06松山區,松山區民生東路5段188號,0,0,1,1,B03,8,7,5,50,18,9,1,5,4,5,13,2,1,1,4,5,2,17,2,47,3,10,7,1,7,10,1,8,1,5,100,1,25,121.5639006,25.0588101
114,05,23,17,15,04大安區,大安區基隆路4段與基隆路3段155巷口口,0,0,1,1,B02,8,6,5,50,4,1,1,5,4,5,13,2,1,1,4,4,2,17,1,61,3,10,7,1,7,6,1,8,1,7,9,1,21,121.5426046,25.0156226
114,05,23,17,17,11南港區,南港區興中路與南港路1段278巷2弄口,0,0,2,1,C03,8,6,5,50,3,2,1,5,4,5,13,4,4,5,4,5,2,15,1,54,2,9,6,1,7,9,1,10,1,11,14,1,21,121.6076443,25.053975
114,05,23,17,20,07信義區,信義區光復南路419巷與光復南路口,0,0,2,1,G06,8,7,5,50,3,1,1,5,4,5,13,4,4,10,5,5,2,17,2,36,2,8,4,1,7,9,8,20,2,16,99,1,22,121.5576766,25.0365625
114,05,23,17,25,03中山區,中山區中山北路3段與德惠街口,0,0,1,1,C01,8,7,5,50,14,9,1,5,4,5,13,4,4,9,4,5,2,29,1,49,2,9,6,1,7,9,1,9,1,12,44,1,21,121.5224797,25.06707932
114,05,23,17,25,08士林區,士林區中山北路5段378巷與中山北路5段口,0,0,1,1,B12,7,6,5,50,4,1,1,5,4,5,13,2,1,4,4,5,1,9,1,64,3,10,3,4,7,5,1,6,1,4,108,1,21,121.5274285,25.0902073
114,05,23,17,35,10文山區,文山區信義快速道路文山隧道北往南方向,0,0,2,1,B03,8,5,5,70,6,9,1,5,4,5,13,4,4,10,4,5,2,13,1,50,2,1,2,1,7,9,1,8,1,1,108,1,21,121.5813696,25.00992524
114,05,23,17,37,05中正區,中正區汀州路2段與重慶南路3段口口,0,0,1,1,B03,8,6,5,50,4,1,1,5,4,5,13,1,1,5,5,5,1,17,1,76,3,10,7,1,7,9,1,8,2,2,44,1,21,121.5169915,25.0256358
114,05,23,17,37,09北投區,北投區東華街2段與立農街1段187巷口,0,0,2,1,C03,8,6,5,40,3,1,1,5,4,5,13,1,1,10,4,5,2,16,2,69,2,9,6,1,7,5,3,18,2,14,8,1,21,121.5048706,25.1212943
114,05,23,17,38,06松山區,松山區北寧路18號,0,0,1,1,B01,7,6,5,50,14,8,1,5,4,5,13,4,4,5,4,4,2,12,1,42,3,10,7,1,7,11,1,8,2,4,10,1,21,121.5526491,25.0491632
114,05,23,17,50,06松山區,松山區八德路3段與八德路3段106巷口,0,0,1,1,C04,7,5,5,50,4,1,1,5,4,5,13,2,1,5,4,5,2,16,1,38,2,7,5,1,7,5,1,10,1,14,71,1,22,121.5536272,25.0481599
114,05,23,18,04,03中山區,中山區明水路與明水路397巷口,0,0,1,1,B03,7,7,5,50,4,1,1,5,4,5,13,4,4,10,5,5,2,17,2,32,3,10,7,1,7,5,1,8,1,1,71,1,21,121.5222675,25.05804122
114,05,23,18,09,09北投區,北投區立德路150號,0,0,1,1,C03,8,6,5,50,14,9,1,5,4,5,13,4,4,5,4,5,2,12,2,31,3,10,6,1,7,15,1,10,1,14,108,1,21,121.4721684,25.1276907
114,05,23,18,14,03中山區,中山區民權東路1段67號,0,0,1,1,B01,8,5,5,50,14,9,1,5,4,5,13,1,1,9,5,1,2,13,1,59,3,10,3,4,7,9,1,4,2,1,108,1,21,121.5265856,25.0628534
114,05,23,18,14,08士林區,士林區福林路與福林路100巷口口,0,0,2,1,C03,8,5,5,50,3,1,1,5,4,5,13,2,1,5,5,5,2,16,2,49,2,9,6,1,7,11,1,10,1,12,10,1,21,121.5311971,25.09583027
114,05,23,18,23,12內湖區,內湖區舊宗路1段與行善路口,0,0,1,1,B03,8,5,5,50,4,1,1,5,4,5,13,2,1,1,4,5,2,13,2,49,3,10,7,1,7,9,1,8,1,8,76,1,21,121.5803197,25.0587426
114,05,23,18,32,03中山區,中山區內湖路1段32巷6號停車格,0,0,1,1,B03,8,7,5,50,14,9,1,5,4,5,13,4,4,7,5,5,2,12,1,42,3,10,7,1,7,1,1,8,1,8,19,1,21,121.5594849,25.0844224
114,05,23,19,00,04大安區,大安區市民大道4段100號,0,0,2,1,C03,7,5,5,40,14,9,1,5,4,5,13,4,4,10,5,5,2,12,2,48,2,9,3,4,7,5,1,10,1,14,8,1,21,121.5499457,25.0446438
114,05,23,19,23,03中山區,中山區渭水路20號,0,0,2,1,C03,8,5,5,50,14,7,1,5,4,5,13,4,4,9,4,4,2,3,1,41,2,9,6,1,7,9,1,10,1,11,108,1,26,121.5347527,25.04567913
114,05,23,20,32,05中正區,中正區長沙街1段與中華路1段口,0,0,1,1,A02,8,5,5,50,4,2,1,5,4,5,13,1,1,1,4,1,1,17,1,48,3,10,7,1,7,15,1,2,1,17,100,1,21,121.5080134,25.0406444
114,05,23,20,55,12內湖區,內湖區東湖路51號,0,0,1,1,C03,7,5,5,50,14,9,1,5,4,5,13,4,4,4,3,5,1,12,1,46,2,8,3,4,7,8,1,10,1,14,100,1,21,121.6145363,25.0687248
114,05,23,21,42,03中山區,中山區民族東路336號停車場出入口,0,0,2,1,B01,8,6,5,50,3,1,1,5,4,5,13,2,1,1,4,4,2,17,1,67,3,10,7,1,7,1,1,4,1,4,19,1,21,121.5366407,25.0681613
114,05,23,21,53,04大安區,大安區安和路1段27號,0,0,1,1,C03,8,5,5,50,14,9,1,5,4,3,10,4,4,1,4,5,2,17,2,29,2,9,5,1,7,9,1,10,1,12,108,1,21,121.5500288,25.0393701
114,05,23,22,08,10文山區,文山區木新路3段與忠順街1段26巷口,0,0,3,1,B02,8,5,5,50,3,1,2,5,4,5,13,2,1,10,5,5,2,17,1,23,2,9,3,4,7,5,1,8,1,1,71,1,21,121.5599379,24.9815413
114,05,23,22,50,05中正區,中正區新生南路1段與仁愛路2段口,0,0,2,1,C03,7,5,5,50,4,1,1,5,4,5,13,1,1,1,5,5,2,13,1,20,2,9,5,1,7,9,1,10,2,11,16,1,21,121.5326462,25.0385096
114,05,24,00,04,03中山區,中山區建國高架道往南南京上方,0,0,2,1,B03,8,5,5,70,14,9,1,5,4,5,13,4,4,1,4,5,2,12,2,40,2,7,7,1,7,8,1,8,1,5,100,1,21,121.5359103,25.04192488
114,05,24,01,04,04大安區,大安區樂利路86巷2號,0,0,1,1,C03,7,5,5,30,14,9,1,5,4,5,13,4,4,10,5,5,2,17,1,24,3,10,5,1,7,9,1,10,1,17,108,1,21,121.5517215,25.02534854
114,05,24,03,01,08士林區,士林區菁山路101巷79號,0,0,1,1,C04,7,5,5,30,11,9,1,5,4,5,13,4,4,5,5,5,1,18,1,21,2,7,6,1,7,15,1,10,2,12,42,1,22,121.5626106,25.1534436
114,05,24,04,54,07信義區,信義區松信路131號,0,0,1,1,B01,8,5,5,50,14,8,1,5,4,5,13,4,4,10,5,4,2,13,1,55,3,10,3,4,7,8,1,8,2,6,100,1,21,121.5721107,25.044149
114,05,24,07,00,03中山區,中山區北安路與大直橋口,0,0,3,1,C03,7,6,5,50,4,2,1,5,4,5,13,2,1,1,5,5,2,13,1,57,2,9,6,1,7,5,1,10,1,11,16,1,22,121.5443826,25.0795425
114,05,24,07,28,12內湖區,內湖區民權東路6段296巷與民權東路6段296巷31弄口,0,0,2,1,B01,7,7,5,30,4,1,1,5,4,5,13,4,4,5,5,5,2,15,1,38,3,10,7,1,7,9,1,4,1,1,72,1,21,121.6064047,25.0720431
114,05,24,08,15,12內湖區,內湖區金湖路與金湖路363巷口,0,0,1,1,B03,7,6,5,50,5,2,1,5,4,5,13,4,4,1,3,5,1,16,2,48,3,10,7,1,7,6,1,8,9,2,9,1,21,121.6024898,25.0735922
114,05,24,08,35,08士林區,士林區延平北路6段10號,0,0,1,1,B03,7,7,5,50,14,9,1,5,4,5,13,4,4,9,4,5,1,17,1,38,3,10,7,1,7,7,1,8,2,2,108,1,21,121.5091537,25.08709675
114,05,24,08,35,09北投區,北投區知行路與知行路293巷口,0,0,1,1,B03,6,5,5,30,4,18,1,4,4,5,13,4,4,10,5,5,2,3,2,49,3,10,3,4,7,5,1,8,2,8,70,1,21,121.467385,25.1218854
114,05,24,09,00,12內湖區,內湖區內湖路1段323巷與內湖路1段323巷2弄口,0,0,1,1,C03,6,5,5,50,4,2,1,4,4,5,13,4,4,9,5,5,1,12,2,70,2,9,6,1,7,1,1,10,1,14,19,1,21,121.5679796,25.0824709
114,05,24,09,15,07信義區,信義區虎林街120巷與忠孝東路5段295巷口,0,0,1,1,B03,7,6,5,50,4,1,1,5,4,5,13,4,4,5,5,5,2,15,1,58,3,10,7,1,7,9,1,8,1,2,72,1,21,121.5725967,25.0422378
114,05,24,09,19,11南港區,南港區成美橋南往北上橋處,0,0,1,1,B03,7,6,5,50,8,9,1,5,4,5,13,2,1,5,4,5,2,16,1,68,3,10,7,1,7,7,1,8,1,7,80,1,21,121.582915,25.0520006
114,05,24,09,32,04大安區,大安區和平東路1段與溫州街口,0,0,1,1,B03,6,6,5,50,4,1,1,4,4,5,13,2,1,5,5,5,2,2,1,56,3,10,3,4,7,5,1,8,1,5,70,1,21,121.5335355,25.026247
114,05,24,10,10,07信義區,信義區光復南路463號,0,0,1,1,C03,6,5,5,50,14,9,1,4,4,5,13,4,4,1,4,5,2,18,1,34,2,9,5,1,7,9,1,10,1,12,44,1,21,121.5575623,25.0334087
114,05,24,10,27,06松山區,松山區塔悠路與寶清街105巷口,0,0,1,1,C03,6,7,5,30,3,1,1,4,4,5,13,4,4,1,4,5,2,17,2,23,3,10,6,1,7,6,1,10,11,17,72,2,21,121.5698455,25.0535338
114,05,24,10,52,12內湖區,內湖區民權大橋西向東,0,0,1,1,C03,6,7,5,50,14,11,1,4,4,5,13,4,4,1,4,5,2,13,1,32,2,9,5,1,7,9,1,10,1,11,16,1,21,121.5772244,25.0663091
114,05,24,10,54,04大安區,大安區基隆路2段249號,0,0,1,1,B01,6,6,5,50,14,8,1,4,4,5,13,2,1,2,3,4,2,17,1,62,3,10,7,1,7,7,1,8,9,17,100,2,21,121.5504525,25.0224312
114,05,24,11,45,05中正區,中正區重慶北路1段與鄭州路口,0,0,2,1,C03,7,5,5,40,4,2,1,4,4,5,13,1,1,1,4,1,2,13,1,50,2,8,5,1,7,9,1,10,9,11,108,1,21,121.5210987,25.04816558
114,05,24,12,34,12內湖區,內湖區內湖路3段與內湖路3段18巷口,0,0,1,1,B03,6,6,5,30,4,1,1,4,4,5,13,4,4,10,5,5,2,17,1,28,3,10,7,1,7,9,1,8,1,5,72,1,21,121.5928177,25.0846209
114,05,24,12,39,02萬華區,萬華區西昌街113號,0,0,1,1,H01,6,7,5,50,14,9,1,4,4,5,13,4,4,5,5,5,2,3,2,66,2,7,4,5,8,16,8,20,10,16,121,1,21,121.5006955,25.0405403
114,05,24,12,49,12內湖區,內湖區潭美街207號前,0,0,1,1,,6,5,5,40,14,9,1,4,4,5,13,4,4,5,5,5,2,16,4,0,4,11,3,4,7,21,7,19,11,15,119,2,22,121.5845052,25.0556533
114,05,24,12,50,03中山區,中山區北安路與大直街口,0,0,1,1,B03,6,6,5,50,4,1,1,4,4,5,13,1,1,1,4,5,2,17,2,36,3,10,7,1,7,12,1,8,2,17,44,1,21,121.5473246,25.0799611
114,05,24,12,59,01大同區,大同區重慶北路3段347號,0,0,1,1,B03,6,5,5,50,14,9,1,4,4,5,13,2,1,1,4,5,2,15,1,41,3,10,7,1,7,9,1,8,1,5,81,1,21,121.5139324,25.074781
114,05,24,13,08,12內湖區,內湖區行善路與行善路383巷口,0,0,1,1,B03,6,6,5,50,3,1,1,4,4,5,13,4,4,1,4,4,2,17,1,36,3,10,7,1,7,6,1,8,1,2,9,1,21,121.5854264,25.0638005
114,05,24,13,27,04大安區,大安區潮州街與潮州街107巷口,0,0,1,1,B02,6,6,5,30,4,1,1,4,4,5,13,4,4,10,5,5,2,15,1,22,3,10,7,1,7,9,1,8,1,1,72,1,21,121.5275419,25.0286883
114,05,24,13,45,02萬華區,萬華區西藏路125巷與青年路口,0,0,1,1,C03,7,5,5,30,3,1,1,4,4,5,13,1,1,8,4,5,2,17,1,30,2,9,5,4,7,12,1,10,1,14,42,1,22,121.5037042,25.0252354
114,05,24,13,52,08士林區,士林區仰德大道1段與仰德大道1段10巷口,0,0,1,1,C03,6,5,5,50,5,1,1,4,4,5,13,2,1,5,2,5,2,16,1,43,2,9,6,1,7,9,1,10,1,11,81,1,21,121.5376676,25.1008439
114,05,24,14,20,03中山區,中山區中山北路3段往北天橋下近花博美術園區,0,0,1,1,B03,7,7,5,50,14,8,1,4,4,5,13,1,1,3,4,5,1,17,2,29,4,11,3,4,7,8,1,8,9,17,100,2,21,121.5235232,25.0709821
114,05,24,14,26,03中山區,中山區中山北路3段53-3號,0,0,1,1,B03,7,6,5,50,14,9,1,4,4,5,13,4,4,5,5,1,2,17,1,32,3,10,7,1,7,7,1,8,1,17,100,1,22,121.5227613,25.0677185
114,05,24,14,47,03中山區,中山區新生北路2段與民權東路2段口,0,0,2,1,C03,7,7,5,50,4,1,1,5,4,5,13,4,4,1,4,5,2,16,2,32,2,9,6,1,7,5,1,10,1,14,98,1,21,121.5278226,25.0626509
114,05,24,16,17,08士林區,士林區福林路279號對面,0,0,1,1,C03,7,6,5,50,14,9,1,4,4,5,13,4,4,9,4,5,1,37,1,34,2,9,5,1,7,8,1,10,2,11,42,1,21,121.5356081,25.09861361
114,05,24,17,10,11南港區,南港區經貿一路137號Lala Port P4停車場出入口,0,0,1,1,B03,7,6,8,50,22,22,1,5,4,5,13,4,4,3,4,5,2,16,1,40,3,10,7,1,7,1,1,8,1,17,19,1,21,121.6182759,25.0604437
114,05,24,17,15,04大安區,大安區市民大道3段286號前迴轉道,0,0,1,1,B01,6,6,5,40,3,1,1,4,4,5,13,4,4,1,5,5,2,17,1,56,3,10,7,1,7,5,1,4,1,17,8,1,21,121.5429129,25.0446502
114,05,24,18,08,11南港區,南港區南港路1段與興華路口口,0,0,1,1,B03,6,5,5,50,4,1,1,4,4,5,13,2,1,5,4,4,2,17,1,31,3,10,7,1,7,8,1,8,1,17,100,1,21,121.6058965,25.0542521
114,05,24,18,30,12內湖區,內湖區陽光街與陽光街92巷14弄口,0,0,1,1,B03,6,5,5,50,3,1,1,4,4,5,13,4,4,9,5,5,2,16,1,50,3,10,7,1,7,6,1,8,2,6,9,1,21,121.5860046,25.0754484
114,05,24,18,39,12內湖區,內湖區舊宗路2段與舊宗路2段121巷口,0,0,1,1,B03,6,5,5,50,4,2,1,4,4,5,13,2,1,2,4,5,2,17,1,62,3,10,3,4,7,8,1,8,9,17,100,2,21,121.5797282,25.06869243
114,05,24,19,19,05中正區,中正區中華路2段與中華路2段309巷口,0,0,1,1,B03,6,5,5,40,3,2,1,4,4,5,13,4,4,9,4,4,2,17,1,46,3,10,7,1,7,1,1,8,2,17,19,1,22,121.5054676,25.0285058
114,05,24,20,44,05中正區,中正區南海路60號對面,0,0,1,1,C03,6,5,5,50,14,9,1,4,4,5,13,4,4,5,4,5,2,12,2,28,2,8,5,1,7,8,1,10,1,12,100,1,22,121.5089639,25.0300199
114,05,24,20,50,01大同區,大同區承德路3段與敦煌路口,0,0,1,1,B03,6,5,5,50,4,1,1,4,4,5,13,1,1,1,4,5,2,17,1,27,3,10,7,1,7,6,1,8,2,6,9,1,21,121.5202534,25.075099
114,05,24,20,55,01大同區,大同區承德路3段與民權西路口,0,0,1,1,C03,6,5,5,50,4,2,1,4,4,5,13,1,1,1,4,5,2,17,1,18,4,11,5,1,7,15,1,10,11,15,9,2,21,121.5184546,25.0630082
114,05,24,21,43,04大安區,大安區辛亥路1段與溫州街口,0,0,1,1,B01,6,5,5,30,4,1,1,4,4,5,13,2,1,1,4,4,2,17,1,61,3,10,7,1,7,9,1,4,9,17,81,1,21,121.5332209,25.0226772
114,05,24,21,52,03中山區,中山區新生北路3段3巷與中原街口,0,0,1,1,B03,6,5,5,30,4,1,1,4,4,5,8,4,4,9,5,5,2,16,1,26,3,10,3,4,7,6,1,8,1,5,72,1,21,121.5290069,25.06320762
114,05,24,22,00,03中山區,中山區長安東路2段與復興北路口,0,0,1,1,C03,6,5,5,50,4,1,1,4,4,5,13,1,1,1,4,5,2,17,1,23,2,9,5,4,7,9,1,10,1,17,44,1,21,121.5438523,25.0484539
114,05,24,22,20,08士林區,士林區前港街與後港街口,0,0,2,1,C03,6,5,8,30,4,1,1,4,1,5,13,4,4,10,5,5,1,17,1,31,2,9,5,1,7,9,1,10,1,12,75,1,21,121.52307,25.11564966
114,05,24,22,50,08士林區,士林區仰德大道1段110號,0,0,2,1,C03,6,5,5,40,14,9,1,4,4,5,13,1,1,4,5,5,2,17,1,23,2,7,6,1,7,9,1,10,2,11,81,1,21,121.5367063,25.1081113
114,05,24,23,34,01大同區,大同區長安西路與重慶北路1段口口,0,0,1,1,B02,7,5,5,50,4,1,1,4,4,5,13,2,1,5,5,5,2,16,1,33,3,10,7,1,7,5,1,15,1,1,8,1,21,121.5139208,25.0515876
114,05,25,00,10,04大安區,大安區光復南路與光復南路692巷口,0,0,1,1,B01,7,5,5,50,14,9,1,4,4,5,13,1,1,10,5,5,2,17,1,56,3,10,3,4,7,8,1,4,9,17,100,2,21,121.5573234,25.0300729
114,05,25,00,20,03中山區,中山區林森北路399巷與林森北路口,0,0,1,1,B03,7,5,5,30,3,18,1,4,4,5,13,1,1,9,4,5,2,3,1,31,3,10,7,1,7,6,1,4,11,1,70,2,21,121.5261334,25.0590856
114,05,25,06,10,01大同區,大同區鄭州路與西寧北路口,0,0,2,1,B03,6,5,5,40,4,2,1,4,4,5,13,1,1,1,4,5,2,17,1,64,3,10,3,4,7,8,1,8,9,17,100,1,21,121.5084713,25.0505728
114,05,25,06,13,05中正區,中正區中華路2段與愛國西路口,0,0,2,1,C03,6,7,5,50,4,1,1,4,4,5,13,1,1,1,4,5,2,13,1,33,2,9,5,1,7,9,1,10,1,11,108,1,22,121.5068095,25.0368357
114,05,25,07,52,08士林區,士林區凱旋路61巷4弄美國渡假村前,0,0,1,1,C03,6,6,5,30,14,9,1,4,4,5,13,4,4,10,5,5,2,11,1,26,3,10,6,1,7,9,1,10,1,14,102,1,21,121.5417917,25.1362735
114,05,25,08,26,03中山區,中山區建國北路2段與長春路口,0,0,1,1,B01,6,6,5,50,4,1,1,4,4,5,13,2,1,2,4,5,2,17,1,70,3,10,7,1,7,6,1,8,1,17,9,1,21,121.5370043,25.054318
114,05,25,10,18,01大同區,大同區酒泉街與迪化街2段口,0,0,2,1,C03,6,5,5,50,14,9,1,4,4,5,13,1,1,9,4,5,1,17,1,75,3,10,3,4,7,5,1,10,1,17,8,1,21,121.5126552,25.0721218
114,05,25,10,42,07信義區,信義區光復南路與仁愛路4段口,0,0,1,1,B03,6,7,5,50,4,2,1,4,4,5,13,1,1,1,4,5,2,17,1,51,3,10,3,4,7,14,1,8,1,2,40,1,21,121.557666,25.0373521
114,05,25,12,15,04大安區,大安區忠孝東路4段與敦化南路1段口,0,0,1,1,C03,7,5,5,50,5,1,1,4,4,5,13,1,1,3,3,5,2,17,1,27,3,10,6,1,7,8,1,10,1,17,100,1,21,121.5487702,25.0413993
114,05,25,12,35,04大安區,大安區基隆路3段與基隆路3段155巷口,0,0,1,1,B03,8,6,5,50,4,1,1,4,4,5,13,1,1,1,4,4,2,17,1,57,3,10,7,1,7,11,1,8,2,8,10,1,21,121.5424528,25.0157308
114,05,25,12,40,07信義區,信義區富陽街55巷與富陽街87巷口,0,0,1,1,C03,6,7,5,30,4,2,1,4,4,5,13,4,4,10,5,5,2,17,1,43,3,10,3,4,7,9,1,10,1,14,108,1,21,121.558748,25.0222209
114,05,25,12,44,08士林區,士林區百齡橋東往西,0,0,1,1,B01,6,5,5,50,8,9,1,4,4,5,13,4,4,1,4,5,2,13,1,49,2,9,7,1,7,9,1,4,1,1,16,1,21,121.5119845,25.0880221
114,05,25,12,57,10文山區,文山區興隆路4段(近木柵路2段),0,0,2,1,C03,7,6,8,50,22,22,1,4,4,5,13,1,1,1,5,5,2,18,1,18,2,8,3,4,7,14,1,10,2,14,42,1,22,121.56024,24.9886222
114,05,25,13,00,11南港區,南港區研究院路1段與研究院路1段101巷口,0,0,1,1,C03,7,6,5,50,4,2,1,4,4,5,13,1,1,5,4,5,2,17,1,86,2,8,5,1,7,5,1,10,1,14,96,1,21,121.6159985,25.0519375
114,05,25,13,02,11南港區,南港區舊莊街1段與舊莊街1段91巷口,0,0,1,1,C03,6,6,5,50,3,1,1,4,4,5,13,3,1,5,5,4,2,16,2,32,3,10,6,1,7,5,1,10,1,17,8,1,21,121.6191351,25.0407557
114,05,25,14,48,07信義區,信義區忠孝東路5段與忠孝東路5段22巷口,0,0,1,1,A02,7,6,5,50,3,2,1,4,4,5,13,1,1,4,3,5,2,17,1,64,3,10,7,1,7,6,1,2,9,17,44,1,21,121.5662856,25.0410666
114,05,25,14,49,05中正區,中正區重慶南路3段與汀州路2段口,0,0,1,1,B03,6,7,5,50,4,1,1,4,4,5,13,1,1,2,4,5,2,17,2,25,3,10,7,1,7,5,1,8,1,17,71,1,22,121.516256,25.0258496
114,05,25,15,10,10文山區,文山區和平東路4段326號,0,0,1,1,A02,6,6,5,40,14,9,1,4,4,5,13,4,4,5,5,5,2,13,1,58,3,10,7,1,7,14,1,2,2,7,44,1,21,121.5738778,24.9995696
114,05,25,15,35,05中正區,中正區市民大道1段與中山北路1段口,0,0,1,1,C03,8,7,5,40,4,1,1,5,4,5,13,1,1,10,5,5,2,12,1,47,3,10,5,1,7,8,1,10,2,12,100,1,26,121.5206168,25.0479537
114,05,25,16,00,12內湖區,內湖區瑞光路與港墘路口,0,0,1,1,B03,6,5,5,50,4,1,1,4,4,5,13,2,1,1,4,5,1,15,1,59,3,10,7,1,7,9,1,8,1,2,81,1,21,121.5749804,25.0763992
114,05,25,16,25,03中山區,中山區南京東路1段31巷與中山北路2段11巷口,0,0,1,1,F03,7,7,5,30,3,1,1,5,4,5,13,4,4,10,5,5,1,17,2,67,2,8,5,1,7,6,8,20,1,11,72,1,21,121.5183568,25.04847309
114,05,25,17,05,08士林區,士林區文林路30號,0,0,2,1,C03,8,7,5,50,14,9,1,5,4,5,13,4,4,5,4,5,1,3,2,29,2,5,6,1,7,9,1,10,2,11,70,1,21,121.5255648,25.0866519
114,05,25,17,16,01大同區,大同區淡水河濱自行車道,0,0,1,1,F01,7,6,8,0,22,23,1,5,4,5,13,4,4,10,5,5,2,17,1,13,3,10,3,4,7,1,8,20,1,11,19,1,21,121.5064241,25.0544372
114,05,25,17,27,08士林區,士林區延平北路5段與延平北路5段302巷口,0,0,1,1,C03,8,6,5,50,4,1,1,5,4,5,13,1,1,1,5,5,1,16,1,19,2,8,5,1,7,9,1,10,1,11,108,1,21,121.5095442,25.0858351
114,05,25,17,28,06松山區,松山區民權東路3段與敦化北路口,0,0,1,1,C03,8,5,5,50,4,1,1,5,4,5,13,1,1,9,4,5,2,12,2,41,2,9,5,4,7,6,1,10,1,14,9,1,22,121.5509476,25.0612713
114,05,25,17,43,06松山區,松山區長春路與長春路339巷口,0,0,1,1,B03,8,6,5,30,4,2,1,5,4,5,13,4,4,4,3,4,2,15,1,36,3,10,7,1,7,9,1,8,9,1,80,1,22,121.5447691,25.0546448
114,05,25,18,51,11南港區,南港區向陽路124號,0,0,1,1,C03,7,5,5,50,14,9,1,5,4,5,13,3,1,3,4,2,2,12,1,25,2,7,5,4,7,8,1,10,1,12,100,1,22,121.5950055,25.0545179
114,05,25,19,23,10文山區,文山區秀明路1段與久康街口口,0,0,1,1,C03,7,5,5,50,4,1,1,5,4,5,13,2,1,3,5,5,2,16,2,21,2,9,5,1,7,5,1,10,1,13,8,1,21,121.5649809,24.9898139
114,05,25,20,10,04大安區,大安區杭州南路2段61巷與潮州街55巷口,0,0,1,1,C03,8,5,5,30,4,1,1,5,4,5,13,4,4,10,5,5,2,15,2,19,2,9,6,1,7,9,1,10,1,12,44,1,21,121.5241866,25.0300373
114,05,25,20,15,03中山區,中山區龍江路292巷與龍江路口口,0,0,1,1,C03,7,5,5,30,5,1,1,5,4,5,13,4,4,9,4,5,2,17,1,62,2,9,3,4,7,9,1,10,1,14,72,1,21,121.5407499,25.0614319
114,05,25,20,25,07信義區,信義區忠孝東路5段215巷與虎林街120巷口口,0,0,3,1,B03,7,5,5,50,4,1,1,5,4,5,13,1,1,5,4,5,2,13,1,30,2,9,3,4,7,5,1,8,2,1,16,1,22,121.5702438,25.0423243
114,05,25,20,30,10文山區,文山區信義快速道路文山隧道北往南,0,0,2,1,B03,8,5,8,70,6,9,1,5,4,5,13,4,4,10,2,5,1,13,1,51,2,9,7,1,7,9,1,8,2,1,16,1,21,121.5812481,25.0095359
114,05,25,20,50,08士林區,士林區至善路1段與福林路254巷口,0,0,1,1,C03,7,5,5,40,3,1,1,5,4,5,13,3,1,1,4,4,2,18,1,22,2,9,6,1,7,9,1,10,1,12,108,1,25,121.5377266,25.09822325