發生年度,發生月,發生日,發生時-Hours,發生分,區序,肇事地點,死亡人數,2-30日死亡人數,受傷人數,當事人序號,車種,天候,光線,道路類別,速限-速度限制,道路型態,事故位置,路面狀況1,路面狀況2,路面狀況3,道路障礙1,道路障礙2,號誌1,號誌2,車道劃分-分向,車道劃分-分道1,車道劃分-分道2,車道劃分-分道3,事故類型及型態,性別,年齡,受傷程度,主要傷處,保護裝置,行動電話,車輛用途,當事者行動狀態,駕駛資格情形,駕駛執照種類,飲酒情形,車輛撞擊部位1,肇因碼-個別,個人肇逃否,職業,座標-X,座標-Y
114,05,25,21,23,05中正區,中正區汀州路2段與廈門街口,0,0,2,1,F01,7,5,5,50,4,1,1,5,4,5,13,1,1,5,5,5,2,17,2,21,2,8,4,1,7,5,8,20,1,14,8,1,22,121.5174371,25.0254562
114,05,25,21,41,05中正區,中正區中華路2段與愛國西路口,0,0,1,1,F01,8,5,5,50,5,2,1,5,4,5,13,1,1,1,4,5,2,17,1,19,3,10,4,1,7,9,8,20,1,12,81,1,16,121.5070172,25.0369989
114,05,25,21,49,02萬華區,萬華區西園路1段與西園路1段212巷口,0,0,1,1,A02,7,5,5,40,14,9,1,5,4,5,13,4,4,1,4,4,2,9,4,0,,,,,,,,,,,119,2,,121.4993256,25.0358472
114,05,25,22,33,07信義區,信義區永吉路168號,0,0,1,1,F01,7,5,5,0,22,25,1,5,4,5,13,4,4,10,5,5,2,18,1,61,2,1,4,1,7,9,8,20,7,11,21,1,22,121.5707796,25.0455223
114,05,25,23,09,01大同區,大同區忠孝橋機慢車道,0,0,3,1,C03,7,5,5,40,8,11,1,5,4,5,13,4,4,1,5,5,2,17,2,25,3,10,6,1,7,9,1,10,2,17,44,1,21,121.5064615,25.0490287
114,05,25,23,13,05中正區,中正區三元街與寧波西街口,0,0,1,1,B03,8,5,5,50,4,1,1,5,4,5,13,1,1,3,4,4,2,15,1,26,3,10,7,1,7,9,1,8,1,7,81,1,21,121.5113824,25.0280083
114,05,26,02,57,09北投區,北投區大業路與承德路7段口,0,0,1,1,C03,7,5,5,50,5,2,1,5,4,5,13,1,1,1,4,3,2,29,1,33,2,9,5,1,7,5,1,10,7,11,21,1,21,121.4998075,25.1207292
114,05,26,06,51,09北投區,北投區東昇路與東昇路12巷口,0,0,1,1,B03,6,6,5,50,4,1,1,4,4,5,13,3,1,4,5,5,1,16,1,55,3,10,7,1,7,6,1,8,2,2,9,1,21,121.523121,25.1458527
114,05,26,07,33,05中正區,中正區福州街與南昌路2段口,0,0,1,1,A02,6,7,5,50,4,18,1,4,4,5,13,2,1,5,5,5,2,2,2,52,3,10,7,1,7,5,1,2,9,15,44,2,21,121.5188892,25.0289081
114,05,26,07,54,05中正區,中正區忠孝東路2段101號,0,0,1,1,A02,6,6,5,50,14,9,1,4,4,5,13,4,4,1,4,5,2,17,1,49,3,10,7,1,7,14,1,2,9,17,38,1,21,121.5316896,25.042741
114,05,26,08,01,11南港區,南港區經貿二路185巷與經貿一路口,0,0,1,1,B03,6,7,5,50,3,2,1,4,4,5,13,4,4,1,4,5,2,12,1,55,3,10,7,1,7,7,1,8,1,5,100,1,21,121.6173734,25.0617621
114,05,26,08,05,07信義區,信義區忠孝東路5段236巷與忠孝東路5段236巷27弄口,0,0,2,1,C03,6,6,5,30,4,1,1,4,4,5,13,4,4,9,5,5,2,16,1,46,2,8,5,1,7,5,1,10,1,14,72,1,21,121.5718691,25.0385366
114,05,26,08,06,05中正區,中正區牯嶺街83號,0,0,1,1,F01,6,7,5,50,14,9,1,4,4,5,13,4,4,5,4,5,2,18,2,54,2,9,4,1,7,6,8,20,9,12,99,1,22,121.5183475,25.0275471
114,05,26,08,20,10文山區,文山區木柵路4段96之2號,0,0,2,1,C03,7,5,5,50,14,9,1,4,4,5,13,4,4,4,4,5,2,13,1,28,2,9,3,4,7,7,1,10,1,11,16,1,22,121.5751654,24.9988473
114,05,26,08,30,04大安區,大安區基隆路3段與辛亥路3段口,0,0,1,1,A02,6,6,5,50,14,9,1,4,4,5,12,2,1,10,5,5,2,13,1,55,3,10,3,4,7,9,1,2,1,5,44,1,21,121.5463185,25.0186849
114,05,26,08,35,05中正區,中正區市民高架道與市民高架道口往東 重慶北路匝道旁,0,0,2,1,C02,6,6,5,80,8,9,1,4,4,5,13,4,4,5,4,5,1,17,2,49,2,9,6,4,7,9,1,9,1,13,42,1,22,121.5312717,25.045509
114,05,26,08,40,03中山區,中山區復興北路376號,0,0,1,1,B03,6,7,5,50,14,9,1,4,4,5,13,4,4,1,4,5,2,12,2,55,3,10,7,1,7,1,1,8,1,4,19,1,21,121.5442439,25.0608409
114,05,26,08,53,09北投區,北投區天母西路101巷與天母西路口,0,0,1,1,B03,6,6,5,30,4,1,1,4,4,5,13,4,4,10,5,5,2,17,2,76,3,10,7,1,7,5,1,8,1,8,72,1,21,121.5238787,25.1186877
114,05,26,08,55,01大同區,大同區重慶北路2段與民權西路口,0,0,1,1,B03,6,6,5,0,4,2,1,4,4,5,13,2,1,1,5,5,2,12,1,39,3,10,7,1,7,9,1,8,2,2,44,1,22,121.5134872,25.062804
114,05,26,09,10,10文山區,文山區木柵路4段54號,0,0,1,1,A02,8,6,5,50,14,9,1,4,4,5,13,4,4,5,4,5,1,9,1,51,3,10,7,1,7,14,1,2,1,17,44,1,21,121.5739878,24.9975894
114,05,26,09,16,01大同區,大同區延平北路3段61巷8號,0,0,2,1,C04,6,5,5,30,14,9,1,4,4,5,13,4,4,10,5,5,2,3,2,74,2,9,5,1,7,1,1,11,1,11,108,1,22,121.5113882,25.0656095
114,05,26,09,45,11南港區,南港區南港路1段與興中路口,0,0,1,1,C03,7,6,5,50,4,2,1,4,4,5,13,1,1,5,4,5,2,17,1,73,2,7,5,1,7,9,1,10,1,11,44,1,21,121.6074487,25.0544424
114,05,26,09,52,08士林區,士林區至誠路1段與雨農路口,0,0,1,1,B01,7,6,5,50,3,1,1,4,4,5,13,1,1,5,4,5,1,16,2,48,3,10,3,4,7,6,1,4,1,5,9,1,22,121.5328931,25.1015067
114,05,26,10,09,01大同區,大同區重慶北路2段與保安街口,0,0,1,1,C03,6,7,5,50,4,2,1,4,4,3,13,1,1,5,5,5,2,13,2,56,2,9,6,1,7,9,1,10,2,11,108,1,21,121.5138641,25.0592207
114,05,26,10,20,08士林區,士林區延平北路6段258巷34號,0,0,1,1,C03,6,7,5,30,14,9,1,4,4,5,13,4,4,10,5,5,1,17,2,75,2,9,6,1,7,1,1,10,1,11,19,1,21,121.5232059,25.11634626
114,05,26,10,50,06松山區,松山區敦化南路1段與市民大道4段口,0,0,1,1,C03,6,6,5,50,4,1,1,4,4,5,13,1,1,1,3,4,2,18,2,29,2,9,6,1,7,9,1,10,11,14,42,1,21,121.5491437,25.044922
114,05,26,10,58,08士林區,士林區中正路與重陽橋口下迴轉道,0,0,1,1,B02,6,6,5,50,3,2,1,4,4,5,13,4,4,1,4,5,2,17,1,60,3,10,7,1,7,5,1,8,1,17,72,1,21,121.5085661,25.0866714
114,05,26,11,05,09北投區,北投區石牌路2段與裕民一路口,0,0,1,1,B03,6,6,5,30,4,1,1,4,4,5,13,1,1,10,5,5,2,17,1,65,3,10,7,1,7,5,1,8,1,8,71,1,21,121.5160518,25.1167218
114,05,26,11,09,04大安區,大安區敦化南路1段與敦化南路1段270巷口,0,0,1,1,B03,6,6,5,30,3,4,1,4,4,5,13,4,4,1,4,5,2,17,2,68,3,10,7,1,7,6,1,8,1,1,108,1,21,121.5485834,25.03887349
114,05,26,11,35,07信義區,信義區吳興街284巷22弄92-1號附近側附近,0,0,1,1,B12,6,7,5,30,14,9,1,4,4,5,13,4,4,10,5,5,1,17,1,37,3,10,3,4,7,1,1,4,1,17,19,1,21,121.5608734,25.0240382
114,05,26,11,38,07信義區,信義區嘉興街249號,0,0,1,1,C03,6,7,5,30,14,9,1,4,4,5,13,4,4,9,5,5,2,3,1,34,3,10,3,4,7,9,1,10,1,11,108,1,21,121.5635094,25.02706636
114,05,26,11,52,12內湖區,內湖區新明路219巷3號潭美街上,0,0,2,1,B03,7,6,5,40,14,9,1,4,4,5,13,4,4,10,4,5,1,17,2,70,3,10,7,1,7,11,1,8,1,8,10,1,21,121.5874251,25.0570778
114,05,26,12,30,06松山區,松山區八德路4段654號,0,0,1,1,C03,6,6,5,40,14,8,1,4,4,5,13,4,4,1,4,4,2,17,1,40,3,10,6,1,7,7,1,10,9,17,100,1,21,121.5751418,25.0499259
114,05,26,12,48,09北投區,北投區中央南路1段與中正街口,0,0,2,1,C03,6,6,5,50,4,1,1,4,4,5,13,4,4,5,4,5,2,3,1,23,2,8,5,1,7,9,1,10,1,11,70,1,21,121.5013315,25.13195637
114,05,26,13,00,08士林區,士林區劍潭路與承德路4段口,0,0,1,1,B03,6,7,5,50,4,1,1,4,4,5,13,1,1,1,5,5,2,17,1,73,3,10,7,1,7,5,1,8,1,1,71,1,21,121.5235943,25.08404912
114,05,26,13,20,09北投區,北投區大度路3段機車優先道往台北方向第1208577號燈桿旁,0,0,1,1,C03,6,6,5,50,14,12,1,4,4,5,13,4,4,1,4,1,1,17,2,21,2,9,5,1,7,9,1,10,1,14,118,1,21,121.4800906,25.1221802
114,05,26,14,00,09北投區,北投區公館路與三合街1段口,0,0,1,1,B02,6,5,5,40,4,2,1,4,4,5,13,2,1,5,4,5,2,12,1,46,3,10,7,1,7,8,1,8,1,4,100,1,21,121.5074033,25.12766833
114,05,26,14,28,08士林區,士林區中山北路5段與中正路口,0,0,1,1,B03,6,6,5,50,4,2,1,4,4,5,13,2,1,5,4,5,2,13,1,60,3,10,7,1,7,9,1,8,1,1,108,1,21,121.5279733,25.0956037
114,05,26,14,43,10文山區,文山區景華街與景華街49巷口口,0,0,1,1,F01,6,6,5,50,3,1,1,4,4,5,13,4,4,9,5,5,2,16,1,82,2,9,4,1,7,5,8,20,1,14,8,1,21,121.5429448,24.9950148
114,05,26,14,44,02萬華區,萬華區艋舺大道與西藏路口,0,0,1,1,C03,6,6,5,50,4,1,1,4,4,5,13,2,1,9,4,1,2,12,2,31,2,9,6,4,7,9,1,10,1,12,17,1,22,121.4915347,25.0289581
114,05,26,15,27,10文山區,文山區忠順街1段與忠順街1段9巷口口,0,0,1,1,C04,6,6,5,30,3,1,1,4,4,5,13,3,1,10,5,5,1,16,2,51,2,8,6,1,7,6,1,11,1,11,72,1,21,121.5569859,24.9835883
114,05,26,15,40,03中山區,中山區民族東路與新生北路3段口,0,0,1,1,B01,6,7,5,50,4,1,1,4,4,5,13,2,1,9,4,5,2,17,1,68,3,10,7,1,7,6,1,4,1,2,9,1,21,121.5280531,25.068466
114,05,26,15,50,05中正區,中正區重慶南路1段與開封街1段口,0,0,2,1,C03,6,6,5,50,4,1,1,4,4,5,13,1,1,10,4,5,2,16,2,18,2,7,6,4,7,5,1,10,2,14,8,1,22,121.5132323,25.04581484
114,05,26,15,53,03中山區,中山區松江路26巷與松江路口,0,0,1,1,B03,6,5,5,50,4,1,1,4,4,5,13,1,1,5,5,5,2,16,1,34,3,10,3,4,7,5,1,8,1,8,8,1,21,121.5330209,25.04701897
114,05,26,16,00,08士林區,士林區故宮路與故宮路48巷口,0,0,2,1,B03,6,6,5,50,4,2,1,4,4,5,13,1,1,3,4,5,2,17,1,72,3,10,3,4,7,9,1,8,1,1,108,1,21,121.5472904,25.0963936
114,05,26,16,35,05中正區,中正區延平南路與衡陽路口,0,0,1,1,B01,6,7,5,50,4,1,1,4,4,5,13,1,1,10,4,5,2,17,1,56,3,10,3,4,7,5,1,4,2,17,8,1,21,121.5096388,25.0421804
114,05,26,16,40,05中正區,中正區懷寧街與衡陽路口,0,0,1,1,C03,6,7,6,50,3,1,1,4,4,5,13,1,1,5,5,5,2,16,2,71,2,7,5,1,7,5,1,10,2,12,74,1,26,121.5140161,25.0422828
114,05,26,16,50,05中正區,中正區重慶南路1段136巷與重慶南路口側附近1段口,0,0,1,1,B03,6,7,5,50,3,1,1,3,4,5,13,4,4,9,4,5,2,16,2,23,3,10,7,1,7,5,1,8,1,2,74,1,27,121.5124936,25.03626
114,05,26,17,18,10文山區,文山區木柵路4段157號,0,0,1,1,B03,7,5,5,50,14,9,1,4,4,5,13,4,4,4,4,5,2,17,1,54,3,10,3,4,7,6,1,8,1,2,9,1,22,121.5754643,24.9995347
114,05,26,17,42,12內湖區,內湖區民權東路6段11巷與瑞光路76巷口,0,0,1,1,B12,6,6,5,50,3,2,1,4,4,5,13,4,4,5,4,5,1,17,1,59,3,10,7,1,7,6,1,8,1,5,9,1,21,121.5781096,25.0675784
114,05,26,17,55,12內湖區,內湖區民權東路6段與民權東路6段46巷口,0,0,1,1,B03,7,5,5,50,14,9,1,4,4,5,13,4,4,1,3,5,1,17,2,75,4,11,3,4,7,8,1,8,11,17,100,2,21,121.5812594,25.0677636
114,05,26,17,57,02萬華區,萬華區環河南路1段與峨眉街口,0,0,1,1,B03,6,5,5,30,3,1,1,4,4,5,13,4,4,9,4,5,2,17,1,26,3,10,7,4,7,6,1,8,1,4,9,1,22,121.5012662,25.04466256
114,05,26,18,06,08士林區,士林區延平北路6段460號,0,0,1,1,B03,7,5,5,50,14,9,1,4,4,5,13,4,4,1,3,5,1,17,1,50,5,1,3,4,7,9,1,8,2,1,22,1,22,121.4991282,25.0927987
114,05,26,18,11,01大同區,大同區重慶北路2段與民生西路口,0,0,1,1,C03,6,6,5,50,5,1,1,4,4,5,13,2,1,1,4,5,2,17,2,36,3,10,5,4,7,5,1,10,9,17,8,2,21,121.5138555,25.05700497
114,05,26,18,50,07信義區,信義區信義路5段8號,0,0,1,1,C03,7,5,8,50,22,22,1,4,4,5,13,4,4,1,4,5,2,17,2,24,2,9,6,1,7,8,1,10,2,14,100,1,22,121.5609094,25.032978
114,05,26,18,56,12內湖區,內湖區舊宗路2段與舊宗路口側附近2段213巷口,0,0,1,1,B03,7,5,5,50,3,2,1,5,4,5,13,4,4,4,5,5,2,3,1,60,3,10,7,1,7,6,1,8,2,1,70,1,21,121.5736007,25.0731032
114,05,26,19,00,05中正區,中正區重慶南路3段與和平西路1段口,0,0,1,1,C03,6,5,5,50,5,1,1,4,4,5,13,1,1,1,4,5,2,17,1,23,2,9,6,1,7,6,1,10,1,12,108,1,21,121.5159594,25.0275689
114,05,26,19,10,12內湖區,內湖區內湖路1段117號對面,0,0,2,1,C03,6,5,5,40,14,8,1,4,4,5,13,4,4,1,4,4,2,17,1,49,2,9,6,1,7,9,6,18,2,13,118,1,21,121.5617008,25.0840871
114,05,26,20,13,06松山區,松山區市民大道4段與復興南路1段口,0,0,1,1,B03,7,5,5,40,4,1,1,5,4,5,13,2,1,1,4,5,2,17,2,48,4,11,3,4,7,7,1,8,11,17,100,2,21,121.5439791,25.044975
114,05,26,20,27,04大安區,大安區忠孝東路4段與敦化南路1段口,0,0,1,1,B03,7,5,5,50,4,1,1,5,4,5,13,2,1,1,4,5,2,16,1,22,3,10,7,1,7,6,1,8,1,2,80,1,21,121.5485831,25.0416563
114,05,26,20,55,07信義區,信義區松智路與松勤街口,0,0,1,1,B03,7,5,5,50,4,1,1,4,4,5,13,1,1,9,5,5,2,16,1,33,3,10,3,4,7,6,1,8,1,5,9,1,21,121.5653533,25.0320082
114,05,26,22,18,02萬華區,萬華區萬大路361號前(路面坑洞),0,0,2,1,,8,5,8,30,22,22,1,5,5,5,13,4,4,10,5,5,2,29,3,0,,,,,,,,,,,128,1,,121.4999405,25.0234141
114,05,26,22,26,04大安區,大安區辛亥路3段法律學院圖書館,0,0,1,1,C03,7,5,5,50,14,9,1,5,4,5,13,4,4,1,4,5,1,13,1,19,2,9,5,1,7,9,1,10,1,11,108,1,21,121.5451528,25.02031275
114,05,26,22,38,10文山區,文山區景文街142巷(景美國小停車場出入口),0,0,1,1,C03,8,5,5,30,14,9,1,5,4,5,13,4,4,10,5,5,2,17,1,20,2,9,6,1,7,1,1,10,1,14,19,1,21,121.5405577,24.98853121
114,05,27,01,47,04大安區,大安區羅斯福路5段與萬盛街口,0,0,2,1,C03,8,5,5,50,5,18,1,5,4,5,13,2,1,8,3,4,1,1,1,27,2,9,6,1,7,9,1,8,1,14,80,1,21,121.5382375,25.008165
114,05,27,03,58,03中山區,中山區民權東路2段與民權東路口側附近2段135巷口,0,0,1,1,B02,8,5,5,50,4,1,1,5,4,5,13,1,1,1,4,5,2,17,1,25,3,10,3,4,7,9,1,8,1,17,44,1,22,121.5349614,25.0625006
114,05,27,06,50,09北投區,北投區泉源路75號,0,0,1,1,C03,8,6,5,40,22,9,1,4,4,5,13,4,4,9,5,5,1,18,1,27,2,9,6,1,7,15,1,10,9,14,13,1,21,121.5194295,25.1432957
114,05,27,07,14,10文山區,文山區木柵路4段與萬芳路口,0,0,1,1,C03,8,6,5,50,4,1,1,5,4,5,13,2,1,10,5,5,2,13,2,61,2,8,6,1,7,9,1,10,1,11,16,1,21,121.5717531,24.9952533
114,05,27,07,20,10文山區,文山區老泉街0701974燈桿,0,0,1,1,C03,7,5,5,40,14,9,1,4,4,5,13,4,4,10,5,5,2,19,1,60,2,9,3,4,7,9,1,10,1,11,107,1,22,121.5589519,24.979313
114,05,27,07,43,11南港區,南港區忠孝東路6段與昆陽街口,0,0,3,1,C03,7,6,5,30,4,1,1,5,4,5,13,2,2,5,5,5,2,16,2,58,2,9,5,4,7,5,1,10,1,11,8,1,22,121.5940008,25.0504408
114,05,27,08,17,12內湖區,內湖區東湖路43巷31號,0,0,1,1,C03,7,6,5,30,14,9,1,5,4,5,13,4,4,10,5,5,2,17,1,74,3,10,5,1,7,5,1,10,9,17,8,1,21,121.6133381,25.070117
114,05,27,08,20,12內湖區,內湖區南京東路6段與金莊路口,0,0,2,1,C03,8,6,7,50,3,1,1,5,4,5,13,2,1,10,4,5,2,13,2,44,2,8,5,1,7,6,1,10,1,11,16,1,21,121.5884905,25.06218297
114,05,27,08,40,03中山區,中山區長安東路2段與遼寧街口,0,0,2,1,C03,8,6,5,50,4,1,1,5,4,5,13,2,1,5,4,5,2,16,1,58,2,9,6,1,7,5,1,10,1,11,98,1,21,121.5421731,25.0482587
114,05,27,08,45,02萬華區,萬華區西藏路與寶興街口,0,0,1,1,C03,7,6,5,30,5,1,1,5,4,5,13,2,1,1,4,5,2,17,1,27,3,10,6,1,7,5,1,10,1,12,8,1,21,121.492286,25.0284561
114,05,27,08,48,07信義區,信義區福德街與大道路口口,0,0,1,1,B03,8,6,5,50,4,2,1,5,4,5,13,2,1,1,4,5,2,17,1,35,3,10,3,4,7,6,1,8,1,8,9,1,22,121.5836169,25.038007
114,05,27,08,55,06松山區,松山區長春路與慶城街口,0,0,1,1,C03,7,6,5,50,4,1,1,4,4,5,13,2,1,5,5,5,2,17,1,47,2,9,5,4,7,9,1,10,1,17,44,1,22,121.5461356,25.0544508
114,05,27,09,08,03中山區,中山區南京東路3段與復興北路口,0,0,1,1,C03,8,7,5,50,4,2,1,5,4,5,13,2,1,1,4,4,2,17,1,37,2,8,5,1,7,9,1,10,1,14,108,1,21,121.5437124,25.0517838
114,05,27,09,39,01大同區,大同區民生西路186號,0,0,1,1,C03,8,6,5,50,14,9,1,5,4,5,13,4,4,5,2,5,2,17,2,49,2,9,5,4,7,9,1,10,1,12,108,1,21,121.5173018,25.05722325
114,05,27,09,44,12內湖區,內湖區堤頂大道2段與瑞光路478巷口,0,0,1,1,C03,8,6,5,50,4,1,1,5,4,5,13,2,1,10,4,5,2,17,1,18,2,9,6,1,7,9,1,10,1,14,108,1,21,121.5686642,25.0774888
114,05,27,11,25,08士林區,士林區格致路與光華路口,0,0,1,1,B02,8,7,5,30,3,3,1,5,4,5,13,4,4,10,4,5,1,17,1,24,3,10,7,1,7,9,1,8,2,8,44,1,21,121.5458904,25.13686413
114,05,27,11,26,01大同區,大同區民權西路144巷與民權西路102巷4弄口,0,0,2,1,C03,8,6,5,30,4,1,1,5,4,5,13,1,1,10,5,5,2,17,1,29,2,8,5,1,7,5,1,10,2,14,8,1,21,121.5159098,25.06163152
114,05,27,11,32,06松山區,松山區南京東路3段與敦化北路口,0,0,1,1,A04,7,6,5,50,14,10,1,5,4,5,13,2,1,1,3,4,2,9,1,35,3,10,7,1,7,14,1,1,9,15,44,1,22,121.5483774,25.0517386
114,05,27,11,45,07信義區,信義區基隆路1段與基隆路1段172巷口,0,0,2,1,B03,8,6,5,40,3,1,1,5,4,5,13,4,4,1,4,5,1,16,1,72,3,10,3,4,7,6,1,8,9,2,9,1,22,121.5653858,25.0430168
114,05,27,12,03,04大安區,大安區辛亥路2段217號,0,0,1,1,C02,8,6,5,50,14,7,1,5,4,5,13,4,4,1,3,1,2,12,1,31,2,7,5,1,7,7,1,9,1,14,100,1,22,121.5423736,25.0213616
114,05,27,12,09,10文山區,文山區指南路2段與新光路1段口,0,0,2,1,C03,8,6,5,40,5,1,1,5,4,5,13,2,1,10,5,5,2,16,2,51,2,9,6,1,7,5,1,10,1,12,71,1,21,121.573576,24.9881321
114,05,27,12,22,02萬華區,萬華區桂林路242巷與桂林路228巷11弄口,0,0,1,1,C03,8,7,5,50,5,1,1,5,4,5,13,1,1,1,4,5,2,12,1,30,2,9,3,4,7,7,1,10,1,12,77,1,22,121.4954715,25.0384275
114,05,27,12,46,04大安區,大安區仁愛路4段與四維路口,0,0,1,1,B03,8,5,5,30,4,2,1,5,4,5,13,4,4,8,3,5,1,16,1,69,3,10,7,1,7,6,1,8,1,8,73,1,21,121.5482214,25.0372723
114,05,27,12,55,07信義區,信義區莊敬路376號附近側附近,0,0,2,1,C03,8,7,5,40,14,18,1,5,4,5,13,4,4,5,4,4,2,3,1,18,2,8,5,4,7,9,1,10,2,11,44,1,21,121.5651014,25.0275604
114,05,27,13,09,05中正區,中正區愛國西路與公園路口,0,0,1,1,B03,8,6,5,50,4,1,1,5,4,5,13,1,1,1,4,5,1,16,2,47,3,10,7,1,7,5,1,8,2,8,8,1,22,121.5151726,25.0349786
114,05,27,13,12,04大安區,大安區基隆路4段73巷與基隆路4段口,0,0,1,1,B01,8,6,5,50,4,1,5,5,4,5,13,1,1,10,5,5,2,17,1,64,3,10,7,1,7,9,1,4,1,17,44,1,21,121.5394985,25.0129779
114,05,27,13,14,01大同區,大同區延平北路3段76號,0,0,1,1,B03,7,6,5,50,14,9,1,5,4,5,13,4,4,4,4,5,2,14,1,73,3,10,3,4,7,2,6,18,2,3,116,1,21,121.5109303,25.0656416
114,05,27,13,15,08士林區,士林區德行東路331巷與德行東路331巷52弄口,0,0,1,1,C03,8,6,5,30,4,1,1,5,4,5,13,4,4,10,5,5,1,16,2,44,2,9,6,1,7,9,1,10,1,11,72,1,22,121.5381429,25.1126139
114,05,27,13,32,04大安區,大安區金山南路2段與愛國東路口口,0,0,1,1,C03,8,6,5,50,4,1,1,5,4,5,13,2,1,3,4,5,2,15,1,22,2,8,5,1,7,6,1,10,1,11,9,1,22,121.5268731,25.0315398
114,05,27,13,37,06松山區,松山區民生東路4段與光復北路口,0,0,3,1,A01,7,6,5,50,4,2,1,5,4,5,13,1,1,1,3,5,2,9,1,61,3,10,3,4,7,12,1,2,1,17,118,1,21,121.5550439,25.0581991
114,05,27,13,45,10文山區,文山區指南路2段與萬壽路口,0,0,1,1,C03,8,6,5,40,3,1,1,5,4,3,10,3,1,10,5,5,2,13,2,43,2,7,6,1,7,9,1,10,1,11,16,1,21,121.5757698,24.9876742
114,05,27,13,45,10文山區,文山區羅斯福路4段與基隆路4段口口,0,0,1,1,B03,8,6,5,50,5,1,1,5,4,5,13,2,1,1,4,5,2,15,1,71,3,10,7,1,7,9,1,8,1,2,81,1,21,121.5370322,25.0109216
114,05,27,13,48,01大同區,大同區民生西路與萬全街口,0,0,1,1,C03,8,6,5,50,4,2,1,5,4,5,13,1,1,5,2,5,2,17,1,31,2,8,5,1,7,9,1,10,1,11,16,1,21,121.520672,25.05766835
114,05,27,13,50,06松山區,松山區民權大橋往松山7510489燈桿,0,0,1,1,C03,8,6,5,50,8,9,1,5,4,5,13,4,4,8,3,4,1,16,1,68,3,10,3,1,7,4,1,10,1,14,108,1,21,121.5667874,25.0634388
114,05,27,14,08,02萬華區,萬華區萬大路493巷與萬大路449巷10弄口,0,0,1,1,C03,7,7,5,30,4,1,5,5,4,5,13,4,4,10,5,5,2,15,2,74,2,9,3,4,7,9,3,18,1,11,72,1,22,121.4982822,25.0199008
114,05,27,14,12,07信義區,信義區信義路4段與基隆路2段口,0,0,1,1,C03,8,6,5,50,4,1,1,5,4,5,13,2,1,1,4,5,1,16,2,56,2,9,3,4,7,5,1,10,1,12,108,1,22,121.5593572,25.0328501
114,05,27,14,18,07信義區,信義區忠孝東路5段790巷28號,0,0,1,1,F03,8,7,5,30,14,9,1,5,4,5,13,4,4,10,5,5,2,11,2,43,3,10,3,4,7,9,8,20,1,11,5,1,21,121.5829351,25.0421529
114,05,27,15,00,09北投區,北投區學園路1號大門口往南50公尺處,0,0,2,1,C03,8,6,5,40,14,9,1,5,4,5,13,4,4,5,5,5,2,13,1,20,2,8,6,1,7,9,1,10,1,11,16,1,25,121.4658928,25.1290913
114,05,27,15,07,03中山區,中山區中山北路1段與長安東路1段口,0,0,1,1,B02,8,7,5,50,4,1,1,5,4,5,13,2,1,9,4,5,2,12,1,74,3,10,7,1,7,6,1,8,1,5,9,1,21,121.5216957,25.04975978
114,05,27,15,16,12內湖區,內湖區成功路2段與成功路2段323巷口,0,0,1,1,C03,8,7,5,50,14,9,1,5,4,5,13,1,1,1,5,5,1,17,2,70,4,11,5,1,7,15,1,10,11,15,100,2,21,121.5901512,25.0705885
114,05,27,15,30,09北投區,北投區明德路與明德路150巷口,0,0,1,1,B03,8,5,5,50,3,1,1,5,4,5,13,1,1,5,4,5,2,13,1,57,3,10,3,4,7,5,6,8,1,8,16,1,21,121.5207923,25.1106597
114,05,27,15,33,09北投區,北投區湖山路1段與湖山路2段口,0,0,1,1,B03,8,5,5,30,4,1,1,5,4,5,13,4,4,5,4,5,2,16,1,53,3,10,7,1,7,5,1,8,1,8,8,1,21,121.5398739,25.15709359
114,05,27,16,25,07信義區,信義區忠孝東路5段372巷與忠孝東路5段236巷3弄口,0,0,1,1,F01,7,6,5,30,4,1,1,5,4,5,13,4,4,8,3,5,2,17,1,16,2,9,3,4,7,9,8,20,1,12,72,1,21,121.5740396,25.0403545
114,05,27,16,32,06松山區,松山區南京東路5段123巷與南京東路5段123巷2弄口,0,0,2,1,C03,7,5,5,50,4,1,1,5,4,5,13,4,4,9,5,5,2,17,1,68,3,10,6,1,7,15,1,10,1,13,14,1,21,121.5607937,25.05207851
114,05,27,16,45,02萬華區,萬華區西寧南路與忠孝西路2段口,0,0,1,1,B03,8,5,5,50,4,1,1,5,4,5,13,1,1,9,4,5,2,17,1,33,3,10,7,4,7,6,1,8,1,2,9,1,21,121.5086806,25.05152844
114,05,27,16,55,05中正區,中正區古亭河濱公園147號燈桿,0,0,2,1,F02,8,7,8,30,22,22,1,5,4,5,13,4,4,9,5,5,1,9,1,15,2,9,4,1,7,9,8,20,2,11,108,1,21,121.5251252,25.0141668
114,05,27,16,59,03中山區,中山區松江路與長安東路2段口,0,0,1,1,A02,8,7,5,50,4,2,1,5,4,5,13,1,1,1,4,5,2,9,4,0,,,,,,,,,,,119,2,,121.5329551,25.0485616
114,05,27,17,11,10文山區,文山區老泉街與老泉街口,0,0,1,1,C03,8,6,5,40,14,9,2,5,4,5,13,3,1,10,5,5,2,18,1,28,2,9,5,4,7,9,1,10,1,11,118,1,21,121.5575981,24.9762414
114,05,27,17,12,05中正區,中正區博愛路與愛國西路口口,0,0,2,1,B03,8,6,5,30,4,1,1,5,4,5,13,1,1,1,5,4,1,17,1,53,3,10,7,1,7,6,1,8,2,2,17,1,21,121.5114341,25.0351168
114,05,27,17,28,06松山區,松山區健康路303號前人行道,0,0,1,1,F01,7,6,5,0,14,20,4,5,4,5,13,4,4,10,5,5,2,17,2,33,3,10,4,1,7,8,8,20,1,17,100,1,21,121.5648892,25.0543547