發生年度,發生月,發生日,發生時-Hours,發生分,區序,肇事地點,死亡人數,2-30日死亡人數,受傷人數,當事人序號,車種,天候,光線,道路類別,速限-速度限制,道路型態,事故位置,路面狀況1,路面狀況2,路面狀況3,道路障礙1,道路障礙2,號誌1,號誌2,車道劃分-分向,車道劃分-分道1,車道劃分-分道2,車道劃分-分道3,事故類型及型態,性別,年齡,受傷程度,主要傷處,保護裝置,行動電話,車輛用途,當事者行動狀態,駕駛資格情形,駕駛執照種類,飲酒情形,車輛撞擊部位1,肇因碼-個別,個人肇逃否,職業,座標-X,座標-Y
114,05,29,10,17,05中正區,中正區忠孝東路2段64巷口側附近,,,2,1,C03,7,,,40,,,,,,,,,,,,,,,1,23,,,,,,,,,2,,,,,121.5290666,25.04349074
114,05,29,10,29,04大安區,大安區新生南路3段33號,0,0,1,1,C03,6,6,5,50,14,9,1,4,4,5,13,4,4,1,4,5,2,17,1,21,2,9,5,1,7,8,1,10,1,11,102,1,21,121.534695,25.0240859
114,05,29,10,31,12內湖區,內湖區成功路2段與成功交流道口北向南,0,0,1,1,B03,7,6,5,50,3,1,1,4,4,5,13,1,1,1,4,5,2,16,2,43,3,10,3,4,7,8,1,8,1,5,100,1,22,121.5902281,25.0649404
114,05,29,10,36,07信義區,信義區莊敬路423巷8弄與信義路5段150巷14弄口,0,0,1,1,C03,6,6,5,50,4,2,1,4,4,5,13,1,1,4,5,5,2,17,1,53,3,10,6,1,7,5,1,10,9,17,71,1,21,121.5683903,25.0285241
114,05,29,10,51,02萬華區,萬華區環河南路2段與環河南路2段175巷口,0,0,1,1,B12,6,6,5,50,4,1,1,4,4,5,13,2,1,1,4,5,2,17,1,29,3,10,7,1,7,5,1,8,1,1,8,1,21,121.492019,25.03284496
114,05,29,11,05,08士林區,士林區通河西街1段與無名巷口河西幹18B6350FC06電線杆,0,0,1,1,B03,6,7,5,30,3,1,1,4,4,5,13,4,4,9,4,5,1,17,1,36,3,10,7,1,7,5,1,8,2,4,74,1,21,121.5126398,25.0839469
114,05,29,11,49,03中山區,中山區建國北路2段96巷與建國北路2段口,0,0,1,1,C03,6,7,5,50,3,2,1,4,4,5,13,4,4,1,4,5,2,13,2,21,2,7,6,1,7,7,1,10,1,11,100,1,21,121.5366255,25.057514
114,05,29,11,50,03中山區,中山區民生東路3段15號,0,0,1,1,A11,6,7,5,50,14,9,1,4,4,5,13,4,4,1,4,5,2,8,1,25,3,10,7,1,7,2,1,1,9,3,42,1,21,121.5382414,25.05779992
114,05,29,12,02,10文山區,文山區羅斯福路5段41號,0,0,1,1,B01,6,5,4,50,14,9,1,4,4,5,13,4,4,1,4,5,2,12,1,60,3,10,7,1,7,8,1,4,11,2,100,1,21,121.5388896,25.0070455
114,05,29,12,50,10文山區,文山區辛亥隧道(內)第四涵洞約62公尺處(北往南),0,0,1,1,C03,6,5,5,50,6,9,1,4,4,5,13,4,4,1,2,5,1,20,2,64,2,9,6,1,7,9,1,10,2,12,42,1,21,121.5556641,25.01132383
114,05,29,12,53,05中正區,中正區鄭州路與重慶北路1段口,0,0,1,1,B01,6,6,5,40,4,1,1,4,4,5,13,1,1,1,4,5,1,17,1,66,3,10,7,1,7,5,1,4,11,4,8,1,21,121.5133009,25.0493098
114,05,29,13,27,09北投區,北投區承德路6段與承德路6段449巷口口,0,0,1,1,B11,6,6,5,60,3,1,1,4,4,5,13,4,4,1,4,5,2,17,1,28,3,10,7,1,7,6,1,4,2,5,9,1,21,121.5114112,25.1087976
114,05,29,13,32,06松山區,松山區南京東路4段與北寧路口,0,0,1,1,B01,6,7,5,50,4,1,1,4,4,5,13,1,1,1,4,4,2,16,1,55,3,10,7,1,7,6,1,8,1,2,9,1,26,121.5526442,25.0515591
114,05,29,13,59,01大同區,大同區長安西路與塔城街口,0,0,1,1,B03,6,5,5,50,4,1,1,4,4,5,13,2,1,5,4,5,2,3,2,32,3,10,7,1,7,9,1,8,2,1,70,1,21,121.5104298,25.05197873
114,05,29,14,10,10文山區,文山區萬樂街與萬和街口,0,0,1,1,C03,6,7,5,40,3,2,1,4,4,5,13,4,4,10,5,5,2,15,2,41,2,9,5,1,7,15,1,10,2,13,72,1,21,121.5690393,24.9993262
114,05,29,14,51,10文山區,文山區興隆路3段54號,0,0,1,1,B01,6,6,5,50,14,9,1,4,4,5,13,2,1,1,4,5,2,13,1,57,3,10,7,1,7,9,1,4,1,1,42,1,21,121.5558386,25.00028
114,05,29,15,04,11南港區,南港區忠孝東路7段與興中路口,0,0,1,1,B12,6,6,5,50,3,2,1,4,4,5,13,1,1,1,4,5,2,16,1,79,3,10,3,4,7,11,1,8,1,5,10,1,21,121.6078409,25.0522662
114,05,29,15,45,08士林區,士林區福林路與中山北路5段470巷口,0,0,1,1,C03,6,6,5,50,14,9,1,4,4,5,13,4,4,5,5,5,2,17,1,26,2,9,6,1,7,9,1,10,2,11,16,1,22,121.52962,25.0948128
114,05,29,16,35,04大安區,大安區金山南路2段200號,0,0,1,1,B01,6,6,5,50,14,9,1,4,4,5,13,4,4,9,4,5,1,9,1,63,3,10,3,4,7,14,1,4,1,5,38,1,21,121.5260053,25.0278132
114,05,29,16,42,09北投區,北投區吉利街142巷與尊賢街218巷23弄口口,0,0,2,1,C03,6,6,5,30,3,1,1,4,4,5,13,4,4,10,5,5,2,17,2,44,2,9,5,1,7,1,1,11,1,11,19,1,21,121.5084187,25.1158857
114,05,29,17,18,04大安區,大安區四維路44巷與四維路52巷19弄口,0,0,1,1,B01,7,5,5,30,4,1,1,4,4,5,13,4,4,5,4,5,2,15,1,38,3,10,7,1,7,9,1,4,1,2,75,1,21,121.5470813,25.0355544
114,05,29,17,38,05中正區,中正區湖口街與重慶南路2段19巷口,0,0,2,1,F01,6,5,5,30,3,2,1,4,4,5,13,4,4,10,5,5,2,9,1,16,2,9,4,1,7,6,8,20,1,12,9,1,22,121.5151565,25.0326834
114,05,29,17,39,02萬華區,萬華區環河快速道路二層接三層匝道,0,0,1,1,B03,6,7,5,40,10,16,1,4,4,5,13,4,4,10,5,5,2,13,1,36,3,10,7,1,7,9,3,18,1,1,108,1,21,121.5037617,25.0470384
114,05,29,17,40,08士林區,士林區至誠路2段與至誠路2段92巷口,0,0,1,1,C03,7,6,5,50,3,2,1,4,4,5,13,4,4,5,5,5,2,13,1,25,2,9,6,1,7,9,1,10,2,11,16,1,22,121.5276779,25.1013939
114,05,29,18,08,12內湖區,內湖區新湖二路345號,0,0,1,1,C03,7,5,5,40,14,9,1,4,4,5,13,4,4,5,4,5,2,12,1,28,2,9,5,1,7,1,1,10,1,14,19,1,21,121.5843689,25.0650018
114,05,29,18,35,07信義區,信義區松智路17號,0,0,1,1,C03,6,5,5,50,14,9,1,4,4,5,13,4,4,5,2,5,2,18,2,28,2,9,6,1,7,7,1,8,1,17,116,1,21,121.5653811,25.0342587
114,05,29,19,20,11南港區,南港區市民大道8段與興中路口,0,0,1,1,B01,7,5,5,50,4,2,2,4,4,5,13,2,1,5,4,5,2,3,1,63,3,10,7,1,7,5,1,4,2,1,70,1,21,121.6076462,25.0535139
114,05,29,19,40,07信義區,信義區信義路4段與基隆路2段口,0,0,1,1,A02,7,5,5,50,4,1,1,5,4,5,13,2,1,1,4,5,2,12,1,62,3,10,7,1,7,9,1,6,1,2,108,1,21,121.5594545,25.0329493
114,05,29,19,55,07信義區,信義區松德路159號對面(人行道),0,0,1,1,F01,7,5,8,0,22,20,1,5,4,5,13,4,4,10,5,5,2,2,1,18,3,10,4,1,7,9,8,20,1,11,118,1,21,121.5744932,25.0369364
114,05,29,21,10,03中山區,中山區林森北路與中山北路2段45巷口口,0,0,1,1,C03,7,5,5,50,4,1,1,5,4,5,13,1,1,5,4,5,2,3,1,38,2,9,3,4,7,9,1,10,9,17,44,1,21,121.5253877,25.0543302
114,05,29,21,25,04大安區,大安區愛國東路與金華街183巷口、金華街199巷,0,0,1,1,B01,7,5,5,30,4,2,1,5,4,5,13,1,1,5,5,5,2,17,1,55,3,10,7,1,7,9,1,4,2,1,108,2,21,121.5277109,25.0315327
114,05,29,21,34,07信義區,信義區信義路6段與松德路口,0,0,1,1,B03,7,5,5,50,5,2,1,5,4,5,13,1,1,5,5,5,2,16,2,63,3,10,7,1,7,9,1,8,1,2,81,1,21,121.5745023,25.0333271
114,05,29,21,42,07信義區,信義區松仁路2號,0,0,2,1,C03,8,5,5,50,14,9,1,5,4,5,13,4,4,9,4,5,2,17,1,51,2,9,5,1,7,7,1,10,1,14,100,1,21,121.5684191,25.0405104
114,05,29,23,07,04大安區,大安區復興南路1段107巷與大安路1段口,0,0,1,1,B01,6,5,5,30,4,1,1,4,4,5,13,4,4,9,4,5,1,15,1,51,3,10,3,4,7,9,1,4,1,5,72,1,21,121.5461742,25.0435934
114,05,30,02,41,04大安區,大安區忠孝東路4段與忠孝東路4段77巷口,0,0,2,1,B12,6,6,5,30,4,2,1,4,4,5,13,2,1,10,5,5,2,9,1,76,3,10,7,1,7,6,1,5,1,5,70,1,21,121.5471083,25.0416589
114,05,30,04,02,07信義區,信義區松廉路（信義廣場地下停車場）,0,0,1,1,C03,7,5,8,50,22,22,1,5,4,5,13,4,4,8,5,5,2,17,1,18,2,8,5,1,7,1,1,10,1,12,19,1,21,121.5664179,25.0340091
114,05,30,05,18,02萬華區,萬華區西藏路(西園路2段161號),0,0,1,1,C03,7,5,5,50,11,9,2,4,4,5,13,4,4,1,5,5,2,18,2,27,2,9,5,1,7,15,1,10,9,14,44,1,21,121.4959701,25.0287874
114,05,30,05,30,02萬華區,萬華區萬大路493巷與萬大路493巷48弄口,0,0,1,1,B12,7,7,5,30,4,1,1,5,4,5,13,4,4,9,5,5,2,16,2,46,3,10,3,4,7,5,1,8,9,4,72,1,22,121.4991696,25.01983
114,05,30,07,43,06松山區,松山區八德路4段692號,0,0,3,1,C03,8,7,5,40,14,9,1,5,4,5,13,4,4,1,4,5,2,13,2,31,2,9,5,1,7,7,1,10,1,11,13,1,25,121.577287,25.049494
114,05,30,09,20,03中山區,中山區北安路與大直街口,0,0,1,1,B03,8,6,5,50,4,1,1,5,4,5,13,1,1,1,4,5,2,12,1,70,3,10,3,4,7,8,1,8,1,6,108,1,22,121.5474226,25.0799787
114,05,30,09,50,07信義區,信義區吳興街197號,0,0,2,1,C03,8,7,5,50,14,9,1,5,4,5,13,4,4,9,5,5,2,9,2,52,3,10,5,1,7,9,1,10,11,14,108,1,21,121.5626403,25.0283474
114,05,30,10,51,08士林區,士林區德行東路109巷87號,0,0,1,1,C03,8,7,5,30,14,9,1,5,4,5,13,4,4,9,5,5,1,17,2,68,2,9,6,1,7,1,1,10,1,14,19,1,21,121.5286583,25.11040195
114,05,30,11,00,03中山區,中山區松江路194巷與松江路口,0,0,1,1,B01,8,5,5,30,3,1,1,5,4,5,8,4,4,10,5,5,2,15,1,60,3,10,3,4,7,9,1,4,1,5,99,1,21,121.5329016,25.0573926
114,05,30,11,55,07信義區,信義區基隆路1段與松壽路口,0,0,1,1,C03,8,6,5,50,14,9,1,5,4,5,13,1,1,1,4,5,2,13,1,30,2,9,5,1,7,9,1,10,2,11,16,1,21,121.5613512,25.035773
114,05,30,12,16,07信義區,信義區信義路5段詮營停車場出入口,0,0,1,1,B03,7,6,6,50,14,9,1,5,4,5,13,4,4,3,4,5,2,16,2,37,3,10,7,1,7,6,1,8,1,5,9,1,21,121.5649966,25.0328147
114,05,30,12,22,06松山區,松山區塔悠路與松河街口,0,0,1,1,C03,8,7,5,50,3,1,1,5,4,5,13,2,1,1,4,5,2,13,1,64,2,8,5,1,7,9,1,10,1,11,16,1,21,121.5709894,25.0509903
114,05,30,13,11,11南港區,南港區南港路2段與興華路口,0,0,2,1,C03,8,6,5,50,4,1,1,5,4,5,13,2,1,5,5,4,2,16,2,24,2,7,5,1,7,5,1,10,1,12,71,1,22,121.6061693,25.0543065
114,05,30,13,14,04大安區,大安區信義路2段198巷與永康街13巷口口,0,0,1,1,C03,8,6,5,30,4,1,1,5,4,5,13,4,4,10,5,5,2,15,2,24,2,9,5,1,7,9,1,10,1,11,72,1,21,121.5305488,25.0327524
114,05,30,14,45,05中正區,中正區和平西路1段134號對面,0,0,1,1,B03,8,6,5,50,14,9,1,5,4,5,13,4,4,1,4,5,2,12,2,59,3,10,7,1,7,8,1,8,1,2,100,1,21,121.5166059,25.0272039
114,05,30,14,49,11南港區,南港區三重路與經貿二路口,0,0,1,1,B03,8,7,5,50,3,1,1,5,4,5,13,4,4,5,4,5,2,16,1,52,3,10,7,1,7,6,1,8,1,2,9,1,21,121.6143394,25.0600263
114,05,30,15,13,04大安區,大安區仁愛路3段與仁愛路3段118巷口,0,0,2,1,B03,8,6,5,50,4,1,1,5,4,5,13,2,1,1,4,1,1,15,1,74,2,1,3,4,7,9,1,8,2,1,44,1,21,121.539767,25.0380872
114,05,30,15,25,02萬華區,萬華區萬大路與西藏路口,0,0,1,1,C03,8,7,5,50,4,4,1,5,4,5,13,1,1,9,4,4,2,17,1,64,2,8,5,1,7,14,1,9,1,14,42,1,21,121.5004846,25.0296296
114,05,30,16,13,10文山區,文山區興隆路4段與下崙路口,0,0,1,1,C03,8,7,5,50,4,1,1,5,4,5,13,1,1,10,5,5,2,18,1,83,2,1,5,1,7,5,1,10,1,12,42,1,21,121.5607735,24.9866434
114,05,30,16,33,06松山區,松山區復興南路1段31-1號,0,0,1,1,C03,7,6,5,50,14,9,1,5,4,5,13,4,4,1,4,5,2,17,4,0,,,,,,,,,11,,119,2,,121.5440421,25.0464068
114,05,30,16,40,03中山區,中山區民權西路36號,0,0,2,1,C03,8,6,5,50,14,9,1,5,4,5,13,4,4,1,4,5,2,12,2,43,2,8,6,1,7,9,1,10,1,12,108,1,22,121.5213909,25.06269
114,05,30,16,55,10文山區,文山區三福街4巷與羅斯福路6段159巷口,0,0,1,1,B01,8,6,5,30,4,1,1,5,4,5,10,4,4,10,5,5,2,15,1,66,3,10,7,1,7,9,1,4,2,1,72,1,21,121.5428115,24.9969676
114,05,30,17,09,03中山區,中山區中山北路2段與民權東路1段口,0,0,3,1,C03,7,6,5,50,4,3,1,5,4,5,13,2,1,5,5,1,2,11,2,30,2,8,6,1,7,9,1,10,1,12,16,1,22,121.5228256,25.0624831
114,05,30,17,09,05中正區,中正區和平西路2段與延平南路口,0,0,1,1,B03,8,7,5,40,4,1,1,5,4,5,13,1,1,1,4,4,2,17,1,38,3,10,7,1,7,6,1,8,1,2,9,1,22,121.5071266,25.0320107
114,05,30,17,10,04大安區,大安區大安路1段與大安路1段176巷口,0,0,1,1,F01,8,6,5,30,3,1,1,5,4,5,13,4,4,5,5,5,2,29,1,74,2,1,4,1,7,9,8,20,1,17,42,1,21,121.5459542,25.03645082
114,05,30,17,20,03中山區,中山區八德路2段與八德路2段167巷口,0,0,2,1,B03,8,7,5,50,4,1,1,5,4,5,13,1,1,5,4,5,2,16,2,44,3,10,7,1,7,5,1,8,1,1,98,1,22,121.5380626,25.0463465
114,05,30,17,32,03中山區,中山區樂群一路往東近敬業三路,0,0,1,1,C03,7,7,5,50,14,9,1,5,4,5,13,4,4,3,4,5,1,13,1,40,2,9,5,1,7,9,1,10,1,11,108,1,21,121.5564829,25.07716623
114,05,30,17,43,04大安區,大安區忠孝東路4段285號,0,0,1,1,A02,7,5,5,50,14,9,1,5,4,5,13,4,4,1,3,5,2,12,1,53,3,10,7,1,7,9,1,2,1,6,44,1,21,121.553892,25.0415039
114,05,30,19,05,07信義區,信義區忠孝東路4段515號,0,0,1,1,C03,8,5,5,50,14,9,1,5,4,5,13,4,4,1,4,5,2,13,2,65,3,10,6,1,7,9,1,10,2,11,16,1,21,121.5583966,25.0414404
114,05,30,19,25,12內湖區,內湖區潭美街777號,0,0,1,1,C03,8,5,5,40,14,9,1,5,3,5,13,4,4,8,3,5,1,18,1,27,2,9,3,4,7,9,1,10,1,12,108,1,21,121.6089199,25.0631739
114,05,30,21,16,06松山區,松山區民權東路4段西往東第0201187號燈桿,0,0,2,1,B03,8,5,5,40,14,8,1,5,4,5,13,4,4,3,4,4,2,17,2,54,3,10,7,1,7,2,1,8,1,7,12,1,21,121.5607919,25.0624356
114,05,30,21,30,09北投區,北投區河美街241-2號,0,0,1,1,,7,5,7,0,14,23,1,5,4,5,13,4,4,9,5,5,1,27,3,36,,,,,,,,,10,,66,1,,121.498655,25.1008016
114,05,30,21,58,09北投區,北投區北投路1段與大業路280巷口,0,0,3,1,B03,8,5,5,50,4,1,1,5,4,5,13,2,1,5,4,4,2,12,2,39,2,8,7,1,7,11,1,8,2,4,10,1,21,121.5004176,25.1277484
114,05,30,22,03,02萬華區,萬華區堤外便道自行車道（燈桿華中435）,0,0,1,1,F01,7,5,7,0,14,23,1,5,4,5,13,4,4,10,5,5,2,18,1,17,2,9,4,1,7,9,8,20,1,14,44,1,21,121.4898702,25.02538549
114,05,30,22,38,11南港區,南港區市民大道8段與南港路2段178巷口,0,0,1,1,C03,7,5,5,50,3,2,1,5,4,5,13,3,1,5,4,5,2,3,1,30,3,10,6,1,7,9,1,10,2,14,16,1,22,121.5997374,25.0521222
114,05,30,23,08,12內湖區,內湖區康樂街111巷與康樂街61巷口,0,0,1,1,B02,8,5,5,30,4,1,1,5,4,5,13,4,4,10,5,5,2,15,1,39,3,10,7,1,7,9,1,8,2,5,72,1,21,121.6192044,25.070529
114,05,30,23,38,10文山區,文山區和平東路4段與和平東路4段66巷口,0,0,1,1,,8,5,5,40,4,2,1,5,4,5,13,2,1,10,5,5,1,27,3,0,,,,,,,,,,,66,1,,121.5669672,25.0056629
114,05,31,00,54,02萬華區,萬華區廣州街263號,0,0,1,1,B03,8,5,6,50,14,9,1,5,4,5,13,4,4,9,4,5,1,9,1,35,3,10,7,1,7,11,1,8,1,8,10,1,21,121.4964653,25.0367542
114,05,31,02,02,01大同區,大同區承德路2段與民權西路口,0,0,1,1,B01,8,5,5,50,4,1,1,5,4,5,13,2,1,9,4,5,2,16,1,47,3,10,7,1,7,1,1,4,1,5,19,1,21,121.5182002,25.0626856
114,05,31,07,19,10文山區,文山區景後街與景興路202巷口,0,0,1,1,C03,8,6,5,50,4,18,1,5,4,5,13,3,1,9,5,5,2,3,2,72,3,10,6,1,7,9,3,18,2,11,70,1,21,121.5429394,24.9921508
114,05,31,08,14,02萬華區,萬華區萬大路與萬大路186巷口,0,0,1,1,F01,8,7,5,30,5,1,1,5,4,5,13,2,1,1,4,5,2,15,2,82,2,9,3,4,7,15,8,20,1,12,98,1,22,121.5004191,25.0278783
114,05,31,09,13,07信義區,信義區吳興街284巷22弄與吳興街284巷24弄口,0,0,1,1,C03,8,7,5,30,4,1,1,5,4,5,13,4,4,10,5,5,2,15,2,40,3,10,6,1,7,9,1,10,1,12,72,1,22,121.5614021,25.02385777
114,05,31,09,35,03中山區,中山區市民大道3段與松江路口,0,0,1,1,C03,8,6,5,40,5,1,1,5,4,5,13,2,1,8,3,5,1,17,2,23,2,9,5,1,7,9,1,10,9,11,16,1,21,121.533045,25.0455368
114,05,31,09,39,07信義區,信義區忠孝東路5段與松仁路口,0,0,1,1,B12,8,6,7,50,14,9,1,5,4,5,13,1,1,1,4,5,2,13,1,54,3,10,7,1,7,15,1,8,1,5,16,1,22,121.5682053,25.0410108
114,05,31,09,42,01大同區,大同區錦西街48號,0,0,1,1,C03,7,6,5,50,14,9,1,5,4,5,13,4,4,4,4,5,2,12,1,30,2,9,3,4,7,9,1,10,1,14,72,1,21,121.5202974,25.0603261
114,05,31,10,06,08士林區,士林區至善路2段與故宮路口,0,0,2,1,C03,8,6,5,30,4,2,1,5,4,1,13,2,1,1,4,5,1,17,2,58,2,7,5,1,7,6,3,18,1,14,9,1,21,121.5473181,25.09855048
114,05,31,10,20,03中山區,中山區龍江路與長春路口,0,0,2,1,C03,8,7,5,50,4,1,1,5,4,5,13,1,1,9,5,5,2,16,1,85,2,7,5,1,7,5,1,10,1,11,8,1,21,121.5405165,25.05418466
114,05,31,10,28,04大安區,大安區樂業街68號,0,0,1,1,B02,8,5,5,30,14,9,1,5,4,1,13,2,1,8,3,5,1,16,2,68,3,10,7,1,7,9,1,8,1,5,42,1,21,121.5505239,25.0220174
114,05,31,10,45,02萬華區,萬華區環河南路1段與康定路口,0,0,1,1,B03,8,5,8,50,22,22,1,5,4,5,13,1,1,10,5,5,2,17,2,39,3,10,3,4,7,6,1,8,1,6,9,1,21,121.5031848,25.046072
114,05,31,12,15,12內湖區,內湖區民權東路6段90巷5弄17號,0,0,2,1,C03,8,6,5,30,14,9,1,5,4,5,13,4,4,10,5,4,2,3,1,56,2,9,5,1,7,9,1,10,1,11,108,1,21,121.5862292,25.0685028
114,05,31,12,16,01大同區,大同區延平北路2段272巷與安西街口口,0,0,2,1,C03,8,6,5,30,4,1,1,5,4,5,13,4,4,10,5,5,2,15,2,23,2,8,6,1,7,9,1,10,1,11,72,1,21,121.5097538,25.0620837
114,05,31,12,23,08士林區,士林區菁山路與無名巷口礦寮一公車站旁無名巷口燈桿1111122前,0,0,1,1,B03,7,7,5,30,3,1,1,5,4,5,13,4,4,8,5,5,2,17,2,45,3,10,3,4,7,5,1,6,1,8,74,1,22,121.558984,25.1427197
114,05,31,12,45,03中山區,中山區建國北路3段與農安街口,0,0,1,1,B03,8,7,5,50,4,1,1,5,4,5,13,1,1,1,4,5,2,16,1,66,3,10,7,1,7,9,1,8,1,2,81,1,21,121.5368079,25.06453717
114,05,31,13,24,01大同區,大同區延平北路3段與延平北路3段18巷口,0,0,1,1,C03,8,6,5,50,5,1,1,5,4,5,13,4,4,5,5,5,2,16,1,53,3,10,5,1,7,5,1,10,2,14,8,1,21,121.5111593,25.0639235
114,05,31,13,45,09北投區,北投區大業路與永興路1段口,0,0,1,1,C03,8,7,5,50,3,2,1,5,4,5,13,4,4,10,5,5,2,16,2,35,3,10,5,1,7,6,1,10,2,13,72,1,21,121.4982899,25.1369753
114,05,31,14,00,09北投區,北投區中和街與中和街441巷口,0,0,1,1,B11,8,7,5,30,4,1,1,5,4,5,13,3,1,5,5,5,2,15,1,42,3,10,7,1,7,9,1,4,1,4,72,1,22,121.4977038,25.1442735
114,05,31,14,13,01大同區,大同區鄭州路與西寧北路口口,0,0,1,1,B01,8,5,5,50,5,1,1,5,4,5,13,2,1,1,4,5,2,13,1,56,3,10,7,1,7,1,1,8,2,5,44,1,22,121.5081768,25.0505646
114,05,31,15,08,02萬華區,萬華區和平西路3段與桂林路246巷口,0,0,2,1,B03,8,7,5,30,4,1,1,5,4,5,13,1,1,10,5,5,2,17,1,40,3,10,7,1,7,6,1,8,1,6,17,1,21,121.4910406,25.0357243
114,05,31,15,17,06松山區,松山區八德路4段245巷與八德路4段245巷32弄口口,0,0,2,1,C03,8,7,5,30,4,1,1,5,4,5,13,2,1,5,5,5,2,16,2,49,2,9,6,1,7,5,3,18,1,11,8,1,21,121.5645292,25.0499873
114,05,31,15,30,02萬華區,萬華區青年路126號,0,0,1,1,A02,8,6,5,30,14,9,1,5,4,5,13,4,4,5,5,5,2,9,1,64,3,10,7,1,7,1,1,2,1,17,42,1,26,121.5025887,25.02245671
114,05,31,15,51,12內湖區,內湖區內湖路1段與內湖路1段91巷口,0,0,1,1,F01,8,7,5,0,4,2,1,5,4,5,13,1,1,1,4,5,2,3,1,73,3,10,4,1,7,5,8,20,1,14,108,1,21,121.5687669,25.0792125
114,05,31,15,52,07信義區,信義區信義路5段與松德路口,0,0,1,1,C03,8,7,5,30,4,1,1,5,4,5,13,1,1,9,4,3,2,17,1,58,3,10,5,1,7,6,1,10,9,14,99,2,21,121.5744911,25.0333655
114,05,31,16,10,08士林區,士林區中山北路5段與中正路口,0,0,3,1,C03,7,5,8,50,22,22,1,5,4,5,13,2,1,1,5,4,1,13,1,51,2,9,5,1,7,9,1,10,1,11,16,1,21,121.5276429,25.09565179
114,05,31,16,25,07信義區,信義區忠孝東路5段345巷與忠孝東路5段423巷5弄口,0,0,2,1,C03,8,6,5,30,4,1,1,5,4,5,13,4,4,10,5,5,2,15,1,35,2,9,6,1,7,9,1,10,2,12,72,1,21,121.5740638,25.0417985
114,05,31,16,30,03中山區,中山區民權東路1段67號,0,0,1,1,C03,7,6,5,50,14,7,1,5,4,5,13,4,4,1,4,4,2,13,1,36,2,8,6,1,7,9,1,10,1,11,16,1,22,121.5259894,25.0625967
114,05,31,16,42,03中山區,中山區民權東路2段與新生北路3段口,0,0,3,1,C03,8,6,5,50,5,1,1,5,4,5,13,2,1,8,3,5,1,17,2,67,2,9,5,1,7,9,1,10,1,11,17,1,21,121.5276346,25.06271809
114,05,31,16,48,05中正區,中正區羅斯福路2段172-2號,0,0,1,1,F01,8,6,5,0,14,20,2,5,5,5,13,4,4,10,5,5,2,18,2,36,2,9,4,1,7,9,8,20,11,14,108,1,21,121.523465,25.0253882
114,05,31,17,15,02萬華區,萬華區環河南路2段與桂林路口,0,0,2,1,B03,8,6,5,50,4,1,1,5,4,5,13,2,1,1,5,5,2,16,1,32,3,10,7,1,7,6,3,18,1,5,98,1,26,121.4970582,25.03853412
114,05,31,17,20,07信義區,信義區松信路與虎林街120巷口,0,0,2,1,C03,8,7,8,50,4,2,1,5,4,5,13,1,1,5,4,5,2,16,2,25,2,9,3,4,7,6,1,10,2,11,5,1,21,121.5718388,25.0422302
114,05,31,18,16,07信義區,信義區松隆路161號,0,0,1,1,A02,7,7,5,50,14,7,1,5,4,5,13,1,1,1,4,5,1,9,1,61,3,10,3,4,7,1,1,2,9,17,44,1,21,121.5745308,25.0483171
114,05,31,18,30,02萬華區,萬華區西藏路272號,0,0,2,1,C03,7,5,5,50,14,9,1,5,4,5,13,4,4,3,3,5,2,13,2,56,4,11,5,1,7,1,3,18,11,13,19,1,22,121.5012156,25.0296237
114,05,31,19,29,04大安區,大安區復興南路2段與復興南路2段193巷口,0,0,1,1,B03,8,5,5,50,4,1,1,5,4,5,13,2,1,10,5,5,2,17,1,63,3,10,3,4,7,5,1,10,1,6,71,1,21,121.5435668,25.0265352
114,05,31,20,07,02萬華區,萬華區康定路與桂林路口,0,0,2,1,C01,8,5,5,50,4,2,1,5,4,5,13,1,1,5,4,5,2,17,2,22,2,1,5,1,7,5,1,10,1,11,71,1,21,121.5018113,25.0384955
114,05,31,23,10,12內湖區,內湖區內湖路1段737巷37號前,0,0,1,1,C03,8,5,5,30,14,9,1,5,4,5,13,4,4,9,5,5,2,9,1,47,3,10,6,1,7,2,1,11,7,13,21,1,21,121.578708,25.07983705
114,06,01,00,07,10文山區,文山區木柵路5段與木柵路5段21巷口口,0,0,2,1,C03,7,5,5,50,3,1,1,5,4,3,13,4,4,10,5,5,2,15,1,31,2,7,3,4,7,11,1,10,1,11,44,1,22,121.5814417,25.002364
114,06,01,07,21,01大同區,大同區民權西路與蘭州街口,0,0,2,1,F01,8,6,5,50,5,1,1,5,4,5,13,2,1,1,4,5,2,15,2,31,2,1,2,1,7,9,8,20,2,11,81,1,21,121.5146102,25.063098
114,06,01,09,11,03中山區,中山區北安路與大直街口,0,0,1,1,B03,8,7,5,50,4,1,1,5,4,5,13,1,1,5,5,5,2,2,1,73,3,10,7,1,7,5,1,8,2,8,70,1,22,121.5493854,25.0841857
114,06,01,09,33,09北投區,北投區義理街與義理街49巷口,0,0,1,1,B03,8,7,5,30,4,1,1,5,4,5,13,4,4,10,4,5,1,17,1,48,3,10,7,1,7,9,1,8,2,1,14,1,21,121.5155606,25.1169355
114,06,01,10,42,07信義區,信義區忠孝東路5段673號,0,0,1,1,B03,8,6,5,50,14,9,1,5,4,5,13,4,4,1,4,5,2,17,1,61,3,10,3,4,7,4,1,8,2,2,108,1,22,121.5797437,25.0419808