發生年度,發生月,發生日,發生時-Hours,發生分,區序,肇事地點,死亡人數,2-30日死亡人數,受傷人數,當事人序號,車種,天候,光線,道路類別,速限-速度限制,道路型態,事故位置,路面狀況1,路面狀況2,路面狀況3,道路障礙1,道路障礙2,號誌1,號誌2,車道劃分-分向,車道劃分-分道1,車道劃分-分道2,車道劃分-分道3,事故類型及型態,性別,年齡,受傷程度,主要傷處,保護裝置,行動電話,車輛用途,當事者行動狀態,駕駛資格情形,駕駛執照種類,飲酒情形,車輛撞擊部位1,肇因碼-個別,個人肇逃否,職業,座標-X,座標-Y
114,06,01,11,23,01大同區,大同區華陰街121號與太原路23巷口,0,0,1,1,C03,8,6,5,50,3,2,1,5,4,5,13,4,4,9,5,5,2,17,2,28,2,7,6,1,7,5,1,10,1,14,44,1,21,121.5163476,25.0500352
114,06,01,11,59,05中正區,中正區南海路與牯嶺街口,0,0,1,1,B03,8,6,5,30,4,1,1,5,4,5,13,1,1,10,4,5,2,17,1,47,3,10,7,1,7,5,1,8,2,4,8,1,21,121.5150264,25.0320109
114,06,01,12,14,12內湖區,內湖區舊宗路2段與舊宗路2段213巷口,0,0,1,1,B03,8,7,5,50,3,1,1,5,4,5,13,4,4,1,4,5,2,16,1,53,3,10,7,1,7,6,1,8,1,2,9,1,21,121.5736044,25.0730384
114,06,01,12,15,09北投區,北投區光明路與光明路72巷口,0,0,3,1,C03,8,6,5,50,4,1,1,5,4,5,13,4,4,9,5,5,2,16,1,50,2,8,5,1,7,7,1,10,1,12,100,1,21,121.5002929,25.1329337
114,06,01,13,13,04大安區,大安區安居街與樂業街口,0,0,1,1,C03,8,7,5,50,4,2,1,5,4,5,13,1,1,4,5,5,2,9,2,69,3,10,5,1,7,9,1,10,1,11,42,1,22,121.553564,25.0195865
114,06,01,14,05,07信義區,信義區和平東路3段391巷8弄與和平東路3段341巷口,0,0,1,1,C03,7,6,5,30,4,1,1,5,4,5,13,4,4,10,5,5,2,17,1,49,2,9,3,1,7,9,1,10,1,11,72,1,22,121.557,25.0210371
114,06,01,14,20,04大安區,大安區基隆路3段與基隆路3段155巷口,0,0,1,1,C03,8,5,5,50,4,1,1,5,4,5,13,2,1,10,5,5,2,29,1,72,2,9,3,4,7,15,1,10,1,15,42,1,21,121.5424505,25.0157519
114,06,01,14,30,10文山區,文山區木柵路2段138巷與興隆路4段105巷口口,0,0,1,1,B03,8,6,5,50,4,1,1,5,4,5,13,2,1,5,5,5,1,13,2,41,3,10,7,1,7,9,1,8,1,5,108,1,21,121.5623033,24.9876467
114,06,01,14,47,07信義區,信義區松智路與松智路9巷口口,0,0,2,1,B01,8,5,8,50,22,22,1,5,4,5,13,4,4,5,4,5,2,17,1,56,3,10,2,1,7,6,1,4,1,2,9,1,21,121.5655968,25.0378721
114,06,01,15,36,12內湖區,內湖區文德路206號,0,0,1,1,C03,8,7,5,50,14,9,1,5,4,5,13,1,1,1,4,5,1,17,1,27,3,10,6,1,7,8,1,10,1,13,100,1,21,121.5833491,25.0784556
114,06,01,16,05,12內湖區,內湖區民權東路6段與行忠路171巷口,0,0,1,1,C03,8,5,8,50,3,1,1,5,4,5,13,4,4,1,4,5,2,17,1,30,2,9,5,1,7,9,1,10,1,14,14,1,21,121.5811325,25.0676555
114,06,01,16,15,01大同區,大同區忠孝西路2段與塔城街口,0,0,1,1,B01,8,5,5,50,4,2,1,5,4,5,13,1,1,5,4,5,2,12,1,40,3,10,7,1,7,9,1,4,1,2,17,1,21,121.5101965,25.048578
114,06,01,16,40,07信義區,信義區忠孝東路4段與逸仙路口,0,0,1,1,F01,8,7,8,50,4,1,1,5,4,5,13,2,1,3,4,5,2,17,1,37,3,10,4,4,7,9,8,20,2,11,42,1,21,121.5614265,25.0411144
114,06,01,16,51,10文山區,文山區萬隆街與溪洲街137巷23弄口,0,0,1,1,C03,8,6,5,30,4,1,1,5,4,5,13,4,4,10,5,5,2,17,2,19,3,10,6,1,7,9,1,10,1,17,75,1,21,121.5366183,25.0009219
114,06,01,17,40,03中山區,中山區市民大道1段與中山北路1段口,0,0,1,1,C03,8,7,5,40,14,9,1,5,4,5,13,4,4,1,4,5,2,12,1,31,3,10,5,1,7,9,1,10,1,12,44,1,21,121.5203368,25.0482277
114,06,01,17,52,03中山區,中山區龍江路356巷與五常街53巷口,0,0,2,1,C03,7,7,5,50,4,1,1,5,4,5,13,4,4,4,5,5,1,17,1,54,2,7,5,1,7,5,1,10,1,14,8,1,21,121.5183568,25.04847309
114,06,01,18,30,07信義區,信義區信安街200號,0,0,1,1,C03,8,6,5,50,14,9,1,5,4,5,13,4,4,9,5,5,2,17,1,53,2,7,6,1,7,9,1,10,9,12,108,1,22,121.5548431,25.0225978
114,06,01,18,36,01大同區,大同區鄭州路與西寧北路口,0,0,1,1,B03,7,5,5,40,4,1,1,5,4,5,13,1,1,5,2,5,2,17,1,48,3,10,7,1,7,9,1,8,1,1,16,1,21,121.5081823,25.05054548
114,06,01,20,40,07信義區,信義區福德街與林口街口,0,0,1,1,B12,8,5,5,50,4,1,1,5,4,5,13,1,1,1,4,5,2,3,1,68,3,10,3,4,7,5,1,8,2,1,70,1,22,121.5791446,25.0364504
114,06,01,21,12,03中山區,中山區敬業二路美福飯店車道口,0,0,1,1,B01,8,5,5,50,14,9,1,5,4,5,13,4,4,5,5,5,2,17,1,60,3,10,7,1,7,8,1,4,1,17,100,1,21,121.554348,25.0803849
114,06,01,21,28,10文山區,文山區木新路2段與恆光街口,0,0,2,1,C03,8,5,5,50,4,2,1,5,4,5,13,1,1,5,5,4,2,17,1,64,2,3,5,1,7,11,1,10,1,12,10,1,21,121.566653,24.9832653
114,06,01,21,30,02萬華區,萬華區萬大路512號對面,0,0,1,1,B03,8,5,5,50,14,9,1,5,4,5,13,4,4,1,2,5,2,17,2,54,3,10,7,1,7,15,1,8,1,4,100,1,21,121.4971234,25.018888
114,06,01,21,35,01大同區,大同區台北橋機慢車道往西分岔前,0,0,2,1,C03,8,5,7,50,8,11,1,5,4,5,13,4,4,8,3,5,2,12,1,71,2,9,5,1,7,7,1,10,1,13,100,1,21,121.5085489,25.0635391
114,06,01,22,22,06松山區,松山區南京東路4段東往西第0205830燈桿,0,0,1,1,C04,8,5,5,50,14,9,1,5,5,5,13,4,4,3,5,4,2,18,2,38,2,9,6,1,7,9,1,10,1,12,42,1,21,121.5520454,25.0517464
114,06,01,23,40,03中山區,中山區南京東路3段與復興北路口,0,0,1,1,B03,8,5,5,50,4,1,1,5,4,5,13,2,1,1,4,4,2,16,1,41,3,10,7,1,7,6,1,8,2,2,9,1,21,121.5439447,25.051744
114,06,01,23,43,03中山區,中山區中山北路3段與民族西路口,0,0,1,1,B02,7,5,5,50,4,1,1,5,4,5,13,1,1,1,3,5,1,1,1,29,3,10,7,1,7,6,1,8,1,1,70,1,21,121.5183568,25.04847309
114,06,01,23,49,07信義區,信義區林口街166號,0,0,2,1,C01,7,5,5,40,11,7,1,5,4,5,13,4,4,5,5,4,2,13,1,57,2,7,6,4,7,9,1,9,2,11,16,1,21,121.580543,25.040227
114,06,02,00,20,03中山區,中山區中山北路2段與民權東路1段口,0,0,4,1,B03,8,5,6,50,4,1,1,5,4,5,13,2,1,1,3,4,2,16,1,38,2,7,7,4,7,5,1,8,2,6,71,1,21,121.5227213,25.0628521
114,06,02,01,07,11南港區,南港區南港路1段81號,0,0,1,1,C03,8,5,5,50,14,9,1,5,4,5,13,4,4,5,4,5,2,17,1,27,2,9,6,1,7,12,1,10,2,12,116,1,21,121.6154795,25.0551992
114,06,02,01,40,08士林區,士林區延平北路7段106巷與延平北路7段106巷94弄口,0,0,1,1,F01,7,5,5,30,3,2,1,5,4,5,13,4,4,10,5,5,1,17,1,77,2,9,4,1,7,6,8,20,2,11,72,1,22,121.4962459,25.0991314
114,06,02,03,00,04大安區,大安區忠孝東路4段與光復南路口口,0,0,2,1,C03,8,5,5,50,4,1,1,5,4,5,13,2,1,1,4,5,2,13,1,20,2,9,3,4,7,9,1,10,1,11,81,1,22,121.5579703,25.0412668
114,06,02,04,40,09北投區,北投區東華街2段與致遠三路口,0,0,1,1,A11,7,5,5,50,4,1,1,5,4,5,13,2,1,10,4,5,2,3,1,30,3,10,7,1,7,9,1,2,2,1,70,1,21,121.5115591,25.1198131
114,06,02,04,41,07信義區,信義區松平路77號,0,0,1,1,B03,7,5,8,30,22,22,1,5,4,5,13,4,4,9,4,5,2,17,1,58,3,10,3,4,7,1,1,8,2,1,19,1,22,121.5673674,25.030561
114,06,02,07,40,12內湖區,內湖區東湖路115號,0,0,3,1,C03,8,7,5,50,14,9,1,5,4,5,13,1,1,4,3,5,1,17,2,45,2,9,6,1,7,9,1,10,11,14,44,1,21,121.6157844,25.0684309
114,06,02,07,42,03中山區,中山區北安路海軍司令部,0,0,1,1,C03,7,6,5,50,14,9,1,5,4,5,13,1,1,1,4,5,2,13,1,18,2,9,5,4,7,9,1,10,1,11,16,1,22,121.5369568,25.08075332
114,06,02,07,58,02萬華區,萬華區堤外便道機車專用道北往南近忠孝橋,0,0,3,1,H01,8,6,7,30,14,11,1,5,4,5,13,4,4,10,5,5,2,9,1,33,3,10,4,5,8,16,8,20,1,16,121,1,21,121.4955844,25.0369441
114,06,02,08,04,05中正區,中正區愛國西路與羅斯福路1段口口,0,0,2,1,C03,8,6,5,50,4,1,1,5,4,5,13,1,1,1,4,5,1,17,2,57,2,8,6,1,7,9,3,18,1,14,16,1,21,121.5168896,25.0343633
114,06,02,08,05,01大同區,大同區民樂街115號,0,0,1,1,C03,8,7,5,50,14,9,1,5,4,5,13,4,4,9,4,5,2,17,1,54,3,10,3,4,7,10,1,10,1,12,100,1,21,121.5106245,25.0575185
114,06,02,08,17,04大安區,大安區信義路4段25號,0,0,1,1,B11,8,6,5,50,14,9,1,5,4,5,13,4,4,1,4,5,2,13,1,49,3,10,7,1,7,9,1,4,1,5,16,1,21,121.5447329,25.033418
114,06,02,08,23,05中正區,中正區金山南路1段91號,0,0,1,1,B03,7,7,5,50,14,9,1,5,4,5,13,4,4,1,4,1,2,12,1,56,3,10,7,1,7,14,1,8,2,6,44,1,21,121.5281555,25.03758932
114,06,02,08,25,10文山區,文山區福和河濱公園(福和40號燈桿）,0,0,1,1,F01,8,6,8,0,22,22,1,5,4,5,13,4,4,9,5,5,1,2,1,46,3,10,4,1,7,9,8,20,2,11,76,1,21,121.55796,24.99942457
114,06,02,08,43,04大安區,大安區忠孝東路4段300號,0,0,1,1,C03,8,6,5,50,14,9,1,5,4,5,13,4,4,3,4,5,2,13,1,24,2,8,5,1,7,9,1,10,1,11,16,1,22,121.5563739,25.0413124
114,06,02,09,25,07信義區,信義區松勤街與松平路99巷口,0,0,2,1,C03,7,6,5,50,3,1,1,5,4,5,13,4,4,4,5,5,2,13,1,18,2,9,6,1,7,9,1,10,1,11,44,1,21,121.5677065,25.0319301
114,06,02,09,28,07信義區,信義區永吉路321巷與虎林街56巷口,0,0,1,1,B01,7,6,5,30,4,1,1,5,4,5,13,4,4,9,3,5,2,17,1,26,3,10,3,4,7,9,1,8,1,17,80,1,21,121.5755234,25.0465271
114,06,02,09,45,05中正區,中正區和平西路1段34號,0,0,1,1,C03,8,6,5,40,14,8,1,5,4,5,13,4,4,1,4,4,1,17,1,36,2,8,6,1,7,9,1,10,1,11,108,1,21,121.5208545,25.0266293
114,06,02,09,45,05中正區,中正區重慶南路2段8巷16弄與重慶南路2段8巷口,0,0,1,1,C03,8,6,5,30,3,1,1,5,4,1,13,4,4,10,5,5,2,24,1,30,2,9,5,1,7,9,1,10,2,11,108,1,23,121.5095378,25.0337483
114,06,02,10,02,05中正區,中正區羅斯福路4段與基隆路4段口,0,0,1,1,B03,8,7,5,50,4,1,1,5,4,5,13,1,1,1,4,5,2,13,1,76,3,10,7,1,7,3,1,8,1,1,18,1,22,121.536992,25.0110972
114,06,02,10,05,03中山區,中山區民族東路與中山北路3段口,0,0,1,1,C03,7,7,5,50,4,1,1,5,4,5,13,1,1,3,4,5,1,17,1,19,3,10,5,1,7,7,1,10,1,12,100,1,21,121.5230408,25.06850254
114,06,02,10,20,11南港區,南港區重陽路532號,0,0,1,1,B03,8,7,5,40,14,8,1,5,4,5,13,4,4,9,5,4,2,17,1,29,3,10,7,1,7,1,1,8,1,8,19,1,21,121.6126866,25.061516
114,06,02,10,36,09北投區,北投區大度路與承德路7段口西往東,0,0,1,1,B03,8,5,5,50,4,2,1,5,4,5,13,1,1,9,4,5,1,12,1,77,3,10,7,1,7,9,3,18,1,1,16,1,21,121.4991638,25.1210808
114,06,02,10,47,02萬華區,萬華區雙園街18巷與雙園街口,0,0,1,1,C03,8,6,5,30,5,1,1,5,4,5,13,4,4,10,5,5,1,17,2,69,2,8,5,1,7,5,1,10,1,12,74,1,21,121.4945333,25.0295727
114,06,02,11,05,07信義區,信義區忠孝東路5段236巷與松高路口,0,0,1,1,B03,8,6,5,50,4,1,1,5,4,5,13,1,1,9,4,5,2,17,2,63,3,10,3,4,7,5,1,8,1,8,8,1,22,121.5718496,25.0389433
114,06,02,11,19,02萬華區,萬華區桂林路與桂林路242巷口,0,0,1,1,C03,8,7,5,50,5,2,1,5,4,5,13,1,2,1,5,5,2,13,2,31,2,9,5,1,7,12,1,10,1,11,16,1,21,121.4958513,25.0387103
114,06,02,11,27,04大安區,大安區基隆路4段與羅斯福路4段口,0,0,2,1,C03,8,6,5,50,5,1,1,5,4,5,13,1,1,1,3,5,2,17,1,29,2,9,6,1,7,5,1,10,1,11,96,1,21,121.5374179,25.0111829
114,06,02,11,27,07信義區,信義區松德路265號對面,0,0,1,1,C03,8,7,5,40,14,9,1,5,4,5,13,4,4,9,4,5,2,17,1,71,2,6,3,4,7,10,1,10,1,13,100,1,22,121.5745722,25.0331916
114,06,02,11,35,05中正區,中正區思源街1號(自來水園區前),0,0,2,1,C03,8,6,5,50,14,9,1,5,4,5,13,4,4,3,4,5,2,13,2,31,2,9,5,1,7,9,1,10,1,11,108,1,21,121.5317149,25.0145479
114,06,02,11,50,02萬華區,萬華區西藏路125巷與雙和街口,0,0,3,1,C03,8,7,5,30,4,1,1,5,4,5,13,1,1,10,5,5,2,16,1,71,2,9,5,1,7,5,1,10,1,14,9,1,21,121.5027104,25.027927
114,06,02,11,57,03中山區,中山區復興南路1段與市民大道4段口,0,0,1,1,B12,8,6,5,40,4,1,1,5,4,5,13,2,1,1,4,5,2,16,1,37,3,10,7,1,7,5,1,8,1,4,8,1,21,121.5437404,25.0449038
114,06,02,12,07,05中正區,中正區羅斯福路3段6號,0,0,1,1,B03,8,7,8,50,14,9,1,5,4,5,13,1,1,1,4,5,2,17,1,68,3,10,7,1,7,14,1,8,1,2,38,1,22,121.5249182,25.0235268
114,06,02,12,10,01大同區,大同區民權西路148號,0,0,1,1,C03,8,6,5,50,14,9,1,5,4,5,13,4,4,1,4,5,2,17,1,52,3,10,5,4,7,9,1,10,2,17,44,1,21,121.515867,25.0626167
114,06,02,12,17,03中山區,中山區建國北路3段與民權東路3段口迴轉道,0,0,1,1,B03,8,6,5,50,3,2,1,5,4,5,13,2,1,8,5,5,1,13,1,41,3,10,3,4,7,9,1,8,1,1,16,1,21,121.5370923,25.06368389
114,06,02,12,26,12內湖區,內湖區內湖路3段60巷10弄與內湖路3段60巷8弄口,0,0,1,1,C03,8,7,5,30,4,1,1,5,4,5,13,4,4,5,5,5,1,15,1,68,3,10,6,1,7,9,1,10,1,11,72,1,21,121.5916833,25.0879154
114,06,02,12,33,05中正區,中正區金山南路1段79巷與金山南路1段口口,0,0,1,1,B03,8,5,5,30,3,2,1,5,4,5,13,4,4,1,4,4,1,17,1,41,3,10,7,1,7,6,1,8,1,8,72,1,21,121.5280024,25.0368699
114,06,02,12,37,02萬華區,萬華區中華路1段114巷與漢中街口,0,0,1,1,B13,8,6,5,30,4,1,4,5,4,5,13,4,4,10,5,5,1,3,1,25,3,10,7,1,7,9,1,8,1,1,108,1,21,121.5074156,25.0440178
114,06,02,12,41,07信義區,信義區松平路與松平路99巷口,0,0,2,1,C03,8,6,5,30,3,1,1,5,4,5,13,4,4,9,5,5,2,17,1,90,2,9,3,1,7,6,1,10,2,12,9,1,22,121.567645,25.030472
114,06,02,12,45,08士林區,士林區中山北路5段376號,0,0,7,1,A02,7,7,6,50,14,9,1,5,4,5,13,4,4,1,3,5,1,23,1,58,3,10,7,1,7,9,1,2,2,1,108,1,21,121.5275999,25.0899903
114,06,02,13,09,09北投區,北投區石牌路2段與石牌路2段99巷口,0,0,1,1,B03,8,6,5,50,3,1,1,5,4,5,13,3,1,5,4,5,2,16,1,70,3,10,7,1,7,5,1,8,2,1,72,1,21,121.5169248,25.1177898
114,06,02,14,20,08士林區,士林區仰德大道2段與仰德大道2段134巷口,0,0,2,1,C03,8,6,5,0,14,9,1,5,4,5,13,4,4,5,5,5,1,13,1,18,2,9,6,1,7,9,1,10,2,11,108,1,22,121.5473286,25.109545
114,06,02,14,21,03中山區,中山區新生北路2段與新生北路2段5巷口,0,0,2,1,C03,8,6,5,50,3,1,1,5,4,5,13,4,4,9,4,5,2,13,1,32,2,9,6,4,7,9,1,10,1,11,16,1,22,121.5277102,25.05284238
114,06,02,15,30,04大安區,大安區基隆路2段與和平東路3段口,0,0,1,1,B03,8,5,5,50,4,2,1,5,4,5,13,2,1,1,4,5,2,17,1,32,3,10,3,4,7,6,1,8,1,5,9,1,21,121.5527844,25.0247062
114,06,02,15,32,03中山區,中山區中山北路1段128號,0,0,2,1,C03,8,6,5,50,14,9,1,5,4,5,13,4,4,1,4,5,2,16,1,20,2,9,6,1,7,9,1,10,1,14,108,1,21,121.5220835,25.0510075
114,06,02,15,49,04大安區,大安區復興南路2段336號,0,0,2,1,B02,8,6,5,50,14,9,1,5,4,5,13,2,1,1,4,4,2,17,1,55,3,10,7,1,7,10,1,8,1,6,100,1,22,121.5433237,25.0227777
114,06,02,15,51,05中正區,中正區南昌路1段與重慶南路2段7巷口口,0,0,1,1,C03,8,6,5,50,4,1,1,5,4,5,13,4,4,5,5,5,1,15,2,59,2,8,6,1,7,9,1,10,1,11,72,1,21,121.5150953,25.0342505
114,06,02,15,56,11南港區,南港區研究院路1段2號,0,0,1,1,C03,8,7,5,50,14,9,1,5,4,5,13,4,4,9,4,5,2,12,1,73,2,9,3,4,7,10,1,10,2,14,100,1,21,121.616474,25.0544189
114,06,02,16,02,01大同區,大同區環河北路1段與忠孝西路2段口,0,0,1,1,B03,8,6,5,50,5,1,1,5,4,5,13,1,1,5,4,5,2,12,1,74,3,10,7,1,7,15,1,8,2,4,44,1,21,121.5061047,25.0488643
114,06,02,16,23,04大安區,大安區師大路80巷與浦城街口,0,0,1,1,B03,8,6,5,30,4,1,1,5,4,5,13,4,4,10,5,5,2,17,2,42,3,10,7,1,7,5,1,8,1,1,72,1,21,121.5267921,25.0234082
114,06,02,16,25,09北投區,北投區雙全街與大業路口,0,0,1,1,B01,8,7,5,50,4,1,1,5,4,5,13,1,1,1,4,5,2,16,1,54,3,10,7,1,7,5,1,4,2,8,80,1,21,121.5012286,25.1370456
114,06,02,16,51,04大安區,大安區市民大道4段與忠孝東路4段205巷口,0,0,1,1,B03,8,6,5,40,3,1,1,5,4,5,13,4,4,8,3,5,2,17,2,44,3,10,3,4,7,6,1,8,1,6,9,1,21,121.5519393,25.0443793
114,06,02,16,52,04大安區,大安區和平東路2段175巷與瑞安街81巷口,0,0,2,1,C03,7,6,5,30,4,1,1,5,4,5,13,4,4,10,5,5,2,15,1,18,2,9,6,1,7,9,1,10,1,11,44,1,21,121.5417117,25.027854
114,06,02,16,55,07信義區,信義區永吉路與松信路口口,0,0,1,1,B01,7,5,8,50,4,1,1,5,4,5,13,1,1,1,4,5,2,17,1,64,3,10,7,1,7,9,1,8,1,2,44,1,21,121.5719611,25.0455377
114,06,02,17,10,01大同區,大同區民生西路與西寧北路口,0,0,1,1,C03,8,7,5,50,4,1,1,5,4,5,13,2,1,5,4,5,2,17,2,28,2,9,3,4,7,5,1,10,1,14,8,1,21,121.5089637,25.0568695
114,06,02,17,14,09北投區,北投區公館路與公館路423巷口口,0,0,1,1,C03,8,6,5,50,3,1,1,5,4,5,13,4,4,10,5,5,2,16,1,55,3,10,5,1,7,5,1,10,9,13,8,2,21,121.5024446,25.1209241
114,06,02,17,18,08士林區,士林區至善路2段321號與至善路2段口衛理女中前,0,0,1,1,C03,8,5,5,50,3,1,1,5,4,5,13,1,1,3,4,5,2,16,1,20,2,9,5,1,7,9,1,10,1,11,108,1,21,121.5524022,25.1015548
114,06,02,17,50,12內湖區,內湖區民權大橋與民權東路6段口,0,0,2,1,C03,7,7,5,40,14,11,1,5,4,5,13,4,4,1,2,5,2,13,2,33,2,8,5,1,7,9,1,10,1,11,16,1,21,121.5777963,25.0666264
114,06,02,18,10,02萬華區,萬華區西藏路與寶興街口,0,0,1,1,F01,8,5,5,50,5,18,1,5,4,5,13,1,1,5,5,5,2,3,1,15,3,10,4,4,7,9,8,20,1,11,70,1,21,121.4923583,25.02827295
114,06,02,18,31,01大同區,大同區民生西路與雙連街口,0,0,1,1,C03,8,6,5,30,14,9,1,5,4,5,13,2,1,9,5,5,2,13,2,58,4,11,3,4,7,21,7,19,11,15,16,2,22,121.5192097,25.0575413
114,06,02,18,36,10文山區,文山區忠順街2段與恆光街17巷口,0,0,2,1,C03,8,5,5,30,3,2,1,5,4,5,13,4,4,10,5,5,2,16,1,70,2,8,5,1,7,5,1,10,1,14,72,1,21,121.567307,24.9846282
114,06,02,19,03,07信義區,信義區莊敬路與莊敬路197巷口,0,0,1,1,B01,7,5,5,50,4,1,1,5,4,5,13,1,1,5,5,5,2,13,1,57,3,10,7,1,7,5,1,4,1,1,108,1,21,121.5612734,25.0308387
114,06,02,19,07,01大同區,大同區環河北路1段與長安西路口,0,0,3,1,B03,8,6,5,50,14,10,1,5,4,5,13,2,1,9,4,5,2,12,1,53,3,10,3,4,7,9,1,8,9,15,17,1,21,121.5072488,25.0521413
114,06,02,19,07,09北投區,北投區大度路3段305號對面,0,0,1,1,B03,8,5,5,50,8,8,1,5,4,5,13,4,4,3,4,4,2,12,1,55,3,10,7,1,7,4,1,8,1,2,108,1,21,121.4658451,25.1234717
114,06,02,21,00,03中山區,中山區林森北路與民生東路1段口,0,0,2,1,B13,7,5,5,50,4,18,1,5,4,5,13,2,1,5,4,5,2,3,1,58,3,10,3,4,7,5,1,8,1,1,70,1,21,121.5264046,25.0577963
114,06,02,22,45,11南港區,南港區興中路與南港路1段口,0,0,2,1,C03,8,5,5,50,4,1,1,5,4,5,13,1,1,4,3,5,2,17,2,46,2,9,5,1,7,5,1,10,1,11,8,1,21,121.6074998,25.0545225
114,06,02,22,55,09北投區,北投區大度路往淡水1208632號燈桿,0,0,1,1,C03,8,5,5,50,14,12,1,5,4,5,13,4,4,1,4,5,1,18,1,61,2,9,6,1,7,21,1,10,1,12,42,1,26,121.4895264,25.1219172
114,06,02,23,10,09北投區,北投區竹子湖路往金山距馬槽橋1公里處,0,0,1,1,C03,8,5,5,40,22,9,1,5,4,5,13,4,4,4,5,5,2,18,1,18,2,9,6,1,7,15,1,10,1,12,118,1,25,121.56046,25.1826008
114,06,03,04,29,02萬華區,萬華區和平西路3段與環河南路2段口,0,0,1,1,B12,7,5,5,50,5,1,1,5,4,5,13,2,1,1,4,5,2,17,1,47,3,10,7,1,7,5,1,8,1,2,83,1,21,121.4943304,25.0354516
114,06,03,06,25,08士林區,士林區中正路601號與重慶北路4段口,0,0,1,1,C03,7,7,5,50,3,2,1,5,4,5,13,4,4,9,4,5,1,17,2,60,2,3,6,1,7,9,1,10,2,14,44,1,21,121.5099491,25.0866105
114,06,03,07,00,03中山區,中山區中山北路2段與民生西路口,0,0,2,1,C03,7,7,5,50,4,1,1,5,4,5,13,1,1,1,3,1,1,17,1,49,2,8,6,1,7,8,1,10,1,12,100,1,21,121.5207582,25.05010601
114,06,03,07,19,12內湖區,內湖區康寧路1段與康寧路1段214巷口,0,0,1,1,B03,8,6,5,30,3,2,1,5,4,5,13,4,4,10,5,5,2,17,2,52,3,10,7,1,7,5,1,8,1,7,72,2,21,121.5955646,25.07857701
114,06,03,07,33,10文山區,文山區一壽街與一壽街17巷口口,0,0,1,1,B03,7,6,5,30,4,1,1,5,4,5,13,4,4,10,5,5,2,15,2,46,3,10,7,1,7,9,1,8,1,8,72,1,21,121.5566972,24.9794431
114,06,03,07,39,09北投區,北投區大興街與清江路口,0,0,1,1,C03,7,6,5,50,4,1,1,5,4,5,13,1,1,9,5,5,2,16,2,56,3,10,6,1,7,5,1,10,1,11,71,1,21,121.5020186,25.1307798
114,06,03,07,44,12內湖區,內湖區環山路3段與內湖路2段103巷附近口,0,0,1,1,C03,7,6,5,50,14,9,1,5,4,5,13,4,4,5,4,5,2,13,2,68,2,3,6,1,7,9,1,10,2,11,16,1,22,121.5804521,25.0847318
114,06,03,07,46,03中山區,中山區吉林路與錦州街口,0,0,1,1,C03,8,7,5,50,4,2,1,5,4,5,13,1,1,7,4,5,2,17,1,50,3,10,5,1,7,1,1,10,1,11,19,1,21,121.5302736,25.0604995
114,06,03,07,55,09北投區,北投區光明路與中央南路1段口,0,0,1,1,B03,7,6,5,50,4,1,1,5,4,5,13,3,1,9,5,5,2,13,1,43,3,10,7,1,7,5,1,8,1,1,44,1,21,121.5014957,25.13333847
114,06,03,08,20,02萬華區,萬華區中華路1段與開封街2段口,0,0,1,1,B01,7,6,5,50,4,1,1,5,4,5,13,2,1,1,4,5,2,3,1,61,4,11,3,4,7,5,7,19,11,15,70,2,21,121.5091978,25.04607549
114,06,03,08,25,03中山區,中山區建國北路2段3巷47號,0,0,1,1,B03,8,7,5,30,14,9,1,5,4,5,13,4,4,10,5,5,2,17,2,44,3,10,7,1,7,6,1,8,1,2,9,1,21,121.5386996,25.05241689
114,06,03,08,36,04大安區,大安區建國南路1段與市民大道3段口,0,0,1,1,C03,7,6,5,50,14,9,1,5,4,5,13,2,1,1,4,5,2,17,1,63,3,10,5,1,7,7,1,10,1,12,100,1,21,121.5368929,25.0444226
114,06,03,08,37,06松山區,松山區八德路3段74巷3弄與八德路3段74巷口,0,0,1,1,C03,7,6,5,30,4,1,1,5,4,2,13,4,4,10,5,5,2,16,1,73,2,9,6,1,7,9,1,10,1,12,72,1,21,121.5524579,25.0476301
114,06,03,09,00,05中正區,中正區中華路1段與中華路1段9巷口,0,0,1,1,B03,8,6,5,50,4,2,1,5,4,5,13,2,1,1,4,5,2,12,1,54,3,10,7,1,7,9,1,8,2,2,118,1,22,121.5099057,25.04700801
114,06,03,09,13,04大安區,大安區辛亥路1段136號迴轉道,0,0,2,1,C03,8,6,5,30,22,9,1,5,4,5,13,4,4,1,4,5,2,17,1,73,2,9,5,1,7,5,3,18,2,13,72,1,21,121.533513,25.0222214
114,06,03,09,25,04大安區,大安區忠孝東路4段147巷與敦化南路1段187巷口,0,0,1,1,C03,7,6,5,30,4,1,1,5,4,5,13,4,4,10,5,5,2,15,1,48,2,9,5,1,7,9,1,10,1,14,72,1,21,121.5496511,25.0425943
114,06,03,10,00,01大同區,大同區市民大道1段209號,0,0,1,1,B01,7,6,5,40,14,9,1,5,4,5,13,4,4,1,5,5,2,13,1,57,3,10,7,1,7,9,1,4,2,1,44,1,21,121.5183121,25.0485876
114,06,03,10,06,10文山區,文山區木新路1段與指南路1段51巷口口旁,0,0,1,1,B12,7,6,5,50,3,2,1,5,4,5,13,2,1,5,4,5,2,12,1,75,3,10,7,1,7,9,1,8,2,2,17,2,21,121.5706974,24.9884804
114,06,03,10,15,01大同區,大同區市民大道1段與承德路1段口,0,0,1,1,C03,6,6,5,40,5,2,1,4,4,5,13,2,1,1,4,5,2,13,1,28,2,8,6,1,7,9,1,10,1,11,16,1,21,121.5168249,25.0488335