發生年度,發生月,發生日,發生時-Hours,發生分,區序,肇事地點,死亡人數,2-30日死亡人數,受傷人數,當事人序號,車種,天候,光線,道路類別,速限-速度限制,道路型態,事故位置,路面狀況1,路面狀況2,路面狀況3,道路障礙1,道路障礙2,號誌1,號誌2,車道劃分-分向,車道劃分-分道1,車道劃分-分道2,車道劃分-分道3,事故類型及型態,性別,年齡,受傷程度,主要傷處,保護裝置,行動電話,車輛用途,當事者行動狀態,駕駛資格情形,駕駛執照種類,飲酒情形,車輛撞擊部位1,肇因碼-個別,個人肇逃否,職業,座標-X,座標-Y
114,06,03,10,20,10文山區,文山區指南路3段38巷5-2號,0,0,2,1,C03,8,6,5,30,11,9,1,5,4,5,13,4,4,10,5,5,2,11,2,23,3,10,6,1,7,9,1,10,1,14,17,1,21,121.5830615,24.97752075
114,06,03,10,23,12內湖區,內湖區內湖路1段737巷51弄與內湖路1段737巷41弄口,0,0,1,1,C03,7,6,6,30,3,1,1,5,4,5,13,4,4,5,5,5,2,3,1,61,3,10,6,1,7,9,1,10,1,11,70,1,22,121.5795699,25.0803457
114,06,03,10,33,09北投區,北投區石牌路2段與天母西路口口,0,0,2,1,B03,6,6,5,50,3,1,1,4,4,5,13,3,1,10,5,5,2,16,2,63,2,2,7,1,7,5,1,8,1,5,72,1,21,121.5219492,25.1192353
114,06,03,10,40,02萬華區,萬華區貴陽街2段96巷與永福街口,0,0,2,1,C03,6,7,5,30,4,1,1,4,4,5,13,4,4,10,5,5,2,15,2,26,2,9,5,1,7,9,1,10,1,14,72,1,21,121.5030586,25.0387424
114,06,03,10,45,08士林區,士林區士東路與忠誠路2段口,0,0,1,1,C03,6,6,5,50,5,2,1,4,4,5,13,2,1,1,4,5,1,13,2,24,2,9,5,1,7,9,1,10,2,11,16,1,21,121.5309378,25.11229308
114,06,03,11,12,02萬華區,萬華區東園街140巷與東園街154巷9弄口,0,0,1,1,C03,6,6,5,30,4,1,1,4,4,5,13,4,4,10,5,5,2,15,1,113,4,11,5,1,7,9,7,19,11,11,72,1,22,121.49698,25.02334149
114,06,03,11,13,05中正區,中正區杭州南路1段71巷與銅山街6巷口,0,0,1,1,B03,7,7,5,30,3,1,1,4,4,5,13,4,4,10,4,5,2,16,1,65,3,10,7,1,7,9,1,8,2,1,72,1,21,121.5265795,25.03933491
114,06,03,12,05,12內湖區,內湖區舊宗路2段121巷與瑞湖街口,0,0,1,1,B03,6,6,5,50,4,1,1,4,4,5,13,1,1,10,5,5,2,16,1,30,3,10,7,1,7,6,1,8,1,5,9,1,21,121.5764401,25.0690886
114,06,03,12,26,09北投區,北投區承德路7段立農國小站,0,0,1,1,C03,6,6,5,60,14,9,1,4,4,5,13,4,4,1,4,5,2,17,2,31,3,10,6,1,7,1,1,10,1,17,19,1,21,121.5035588,25.1174415
114,06,03,12,50,12內湖區,內湖區行愛路與新湖三路口,0,0,1,1,C03,7,6,5,50,4,1,1,4,4,5,13,2,1,5,4,4,2,13,1,20,2,8,6,1,7,9,1,10,1,11,108,1,22,121.5794941,25.0649475
114,06,03,13,25,12內湖區,內湖區民權東路6段與行愛路口,0,0,1,1,B02,6,7,5,50,4,1,1,4,4,5,13,2,1,5,2,5,2,16,1,42,3,10,7,1,7,6,1,8,2,2,9,1,21,121.5786466,25.066596
114,06,03,13,28,07信義區,信義區忠孝東路5段63號,0,0,1,1,C03,6,6,5,50,14,9,1,4,4,5,13,1,1,1,4,5,2,17,1,26,2,7,3,4,7,8,1,10,2,13,100,1,21,121.5668223,25.0411947
114,06,03,15,09,07信義區,信義區富陽街與富陽街87巷口,0,0,1,1,F02,7,5,5,50,3,2,1,5,4,5,13,4,4,10,5,5,2,17,1,37,3,10,4,4,7,5,8,20,1,17,8,1,21,121.5564958,25.0213437
114,06,03,15,32,12內湖區,內湖區成功路2段221號,0,0,1,1,C03,6,6,5,50,14,9,1,4,4,5,13,2,1,3,4,5,2,17,1,43,2,8,6,1,7,9,1,10,1,11,16,1,21,121.5906483,25.0673724
114,06,03,15,43,07信義區,信義區基隆路1段35巷7弄與松隆路123巷口口,0,0,1,1,C03,7,5,8,30,4,1,1,4,4,5,13,4,4,5,4,5,2,17,1,46,2,9,5,1,7,6,1,10,1,14,72,1,22,121.5715557,25.0478773
114,06,03,15,46,02萬華區,萬華區萬大路與萬大路344巷口,0,0,1,1,B03,7,7,5,30,3,1,1,5,4,5,13,4,4,1,4,5,2,16,1,42,3,10,7,1,7,6,1,8,1,2,9,1,21,121.4999746,25.0238
114,06,03,15,55,08士林區,士林區中正路與中正路口第1100136號路燈桿,0,0,1,1,B12,6,7,5,50,4,1,1,4,4,5,13,4,4,1,4,5,1,17,1,53,3,10,7,1,7,7,1,8,2,4,108,1,21,121.520913,25.09401254
114,06,03,16,18,04大安區,大安區基隆路2段與敦化南路2段口口,0,0,1,1,B03,6,6,5,50,3,2,1,4,4,5,13,4,4,1,4,5,2,17,1,28,3,10,7,1,7,7,1,8,9,17,100,1,22,121.5484811,25.0206605
114,06,03,17,11,03中山區,中山區濱江街353-2號,0,0,2,1,B02,7,7,5,50,14,8,1,5,4,5,13,4,4,1,4,4,2,12,1,42,3,10,7,1,7,8,1,8,1,2,100,1,21,121.5499467,25.0723086
114,06,03,17,17,04大安區,大安區忠孝東路3段與新生南路1段口,0,0,1,1,C03,7,6,5,50,4,4,1,5,4,5,13,1,1,1,1,5,2,13,1,19,2,8,5,1,7,9,1,10,1,11,108,1,21,121.5329673,25.0420227
114,06,03,17,30,03中山區,中山區北安路458巷47弄25號,0,0,2,1,C03,7,7,5,50,4,2,1,5,4,5,13,4,4,4,5,5,1,15,2,42,2,7,5,1,7,9,1,10,1,11,75,1,21,121.5212473,25.04995343
114,06,03,17,30,12內湖區,內湖區金湖路347巷與金湖路口旁,0,0,1,1,B12,6,6,5,50,4,2,1,4,4,5,13,1,1,1,5,1,2,11,1,43,3,10,3,1,7,8,7,19,9,2,100,2,21,121.6015722,25.0743962
114,06,03,17,31,11南港區,南港區研究院路2段與研究院路2段150巷口,0,0,1,1,C03,6,5,5,50,3,2,1,4,4,5,13,3,1,5,4,5,2,17,2,31,2,8,3,4,7,9,1,10,1,14,42,1,21,121.6169849,25.0384118
114,06,03,17,35,07信義區,信義區忠孝東路5段790巷57弄與忠孝東路5段790巷口口,0,0,2,1,C03,7,5,8,30,4,1,1,4,4,5,13,4,4,9,5,5,2,15,1,46,2,9,5,1,7,9,1,10,1,12,72,1,22,121.5834528,25.0407472
114,06,03,17,43,10文山區,文山區辛亥路6段與木柵路1段口,0,0,1,1,C04,7,6,5,50,4,1,1,4,4,5,13,1,1,10,5,5,2,17,2,52,2,8,3,4,7,15,1,11,1,12,118,1,22,121.5523148,24.98775121
114,06,03,18,13,04大安區,大安區金華街與潮州街55巷口口,0,0,1,1,F01,6,5,5,50,4,1,1,4,4,5,13,4,4,5,4,5,2,17,1,14,3,10,4,1,7,5,8,20,1,17,74,1,15,121.5243143,25.0305363
114,06,03,18,23,06松山區,松山區東興路5號,0,0,1,1,C03,8,5,5,50,14,9,1,5,4,5,13,4,4,5,4,5,2,13,1,32,3,10,5,1,7,12,1,10,1,11,16,1,21,121.5654714,25.05057
114,06,03,18,28,12內湖區,內湖區環山路1段9巷9號,0,0,1,1,B03,6,5,5,30,3,1,1,4,4,5,13,4,4,10,5,5,2,17,2,65,3,10,7,1,7,11,1,8,1,8,10,1,21,121.5663381,25.0830032
114,06,03,18,39,08士林區,士林區自強隧道(外)與故宮路口,0,0,1,1,C03,6,5,5,40,14,9,1,4,4,5,13,4,4,10,4,5,2,13,1,27,3,10,6,1,7,9,1,10,2,11,16,1,22,121.5488296,25.0953183
114,06,03,18,40,09北投區,北投區北投路1段與中央南路1段口,0,0,2,1,C03,6,5,5,50,4,1,1,4,4,5,13,1,1,5,4,5,2,16,2,19,2,8,6,1,7,6,1,10,1,13,9,1,25,121.5004958,25.1276962
114,06,03,18,44,03中山區,中山區民族東路與新生北路3段口,0,0,3,1,C03,7,5,5,50,14,9,1,5,4,5,13,4,4,5,4,5,2,12,1,33,2,8,3,4,7,4,1,10,1,15,108,1,21,121.5262884,25.06838151
114,06,03,18,58,10文山區,文山區木柵路1段與富山路口,0,0,2,1,C04,7,6,5,50,5,2,1,5,4,5,13,2,1,5,4,5,2,17,2,47,2,9,6,1,7,8,1,10,1,14,100,1,21,121.553944,24.9881089
114,06,03,19,00,07信義區,信義區松仁路275巷與松仁路253巷4弄口,0,0,1,1,C03,7,5,5,30,4,1,1,5,4,5,13,4,4,10,5,5,2,15,2,31,2,9,6,1,7,9,1,10,1,12,72,1,21,121.5698202,25.0249942
114,06,03,19,48,05中正區,中正區重慶南路1段與漢口街1段口,0,0,2,1,C03,7,5,5,50,4,1,1,5,4,5,13,2,1,10,4,5,2,16,2,41,2,9,5,1,7,5,1,10,1,14,8,1,21,121.5132942,25.0451852
114,06,03,21,17,04大安區,大安區永康街17巷與信義路2段198巷口,0,0,2,1,C03,7,5,5,30,4,1,1,5,4,5,13,4,4,10,5,5,1,15,1,32,2,8,3,4,7,9,1,10,1,14,72,1,21,121.5307053,25.0323749
114,06,03,21,32,01大同區,大同區台北橋往北市方向,0,0,1,1,B03,8,5,5,60,8,9,1,5,4,5,13,4,4,9,4,5,2,17,1,37,3,10,7,4,7,8,1,8,6,8,4,1,21,121.5089776,25.0632834
114,06,03,21,48,08士林區,士林區至善路2段411號對面,0,0,1,1,C03,7,5,5,50,14,9,1,5,4,5,13,4,4,1,4,5,1,17,1,46,2,9,6,1,7,10,6,21,2,11,100,1,21,121.5574693,25.1070694
114,06,03,22,42,06松山區,松山區市民大道4段105號,0,0,1,1,C03,8,5,5,40,14,9,1,5,4,5,13,4,4,1,4,5,2,13,1,28,3,10,6,4,7,6,1,10,1,14,44,1,21,121.5481862,25.04506069
114,06,04,01,10,07信義區,信義區和平東路3段134號燈桿,0,0,1,1,C03,7,5,5,40,11,9,1,4,4,5,13,4,4,5,5,5,2,29,1,20,2,9,6,1,7,9,1,10,1,12,44,1,21,121.5652889,25.0099691
114,06,04,02,03,01大同區,大同區環河北路1段183號,0,0,2,1,C03,6,5,5,50,14,9,1,4,4,5,13,4,4,9,4,5,2,17,1,18,2,9,5,1,7,9,1,10,2,11,108,1,21,121.508001,25.05581132
114,06,04,04,44,05中正區,中正區中華路2段與中華路2段39巷口,0,0,1,1,A12,6,5,5,30,3,1,1,4,4,5,13,4,4,1,4,5,2,17,1,41,3,10,7,1,7,6,1,6,2,8,72,1,22,121.5063633,25.0353191
114,06,04,05,45,03中山區,中山區建國北路3段113巷與建國北路3段113巷7弄口,0,0,1,1,C03,6,5,5,30,5,1,1,4,4,5,13,3,1,5,4,5,2,15,2,28,2,9,3,4,7,9,1,10,1,11,72,1,21,121.536417,25.06674534
114,06,04,06,07,02萬華區,萬華區水源路往西燈桿編號036,0,0,1,1,C03,6,6,5,50,14,9,1,4,4,5,13,4,4,5,5,5,2,17,1,40,4,11,3,1,7,9,7,19,9,15,44,2,21,121.5062464,25.0213413
114,06,04,06,37,02萬華區,萬華區桂林路與梧州街口,0,0,1,1,C03,6,6,5,30,3,2,1,4,4,5,13,4,4,10,4,4,1,17,1,54,4,11,3,4,7,6,7,19,9,11,72,1,22,121.4976752,25.0384747
114,06,04,07,25,12內湖區,內湖區康寧路3段189巷12弄與康寧路3段189巷口,0,0,1,1,B03,6,6,5,30,4,1,1,4,4,5,13,4,4,10,5,5,2,3,1,75,3,10,7,1,7,9,1,8,11,8,70,1,21,121.6125269,25.0702799
114,06,04,07,36,07信義區,信義區逸仙路與松高路口,0,0,1,1,C03,6,5,5,50,3,2,1,4,4,5,13,2,1,5,4,5,2,17,2,41,2,9,6,1,7,9,1,10,1,12,42,1,22,121.5615303,25.0395434
114,06,04,07,41,05中正區,中正區中華路2段75巷20號,0,0,1,1,C03,6,6,5,50,14,9,1,4,4,5,13,4,4,9,4,5,2,13,1,23,2,8,5,1,7,9,1,10,1,11,108,1,21,121.5069859,25.033619
114,06,04,07,49,02萬華區,萬華區洛陽街25號,0,0,1,1,H02,6,6,5,30,14,9,1,4,4,5,13,4,4,9,4,5,1,9,2,42,3,10,3,5,7,20,8,20,10,16,126,1,22,121.5086711,25.0472521
114,06,04,07,51,09北投區,北投區福國路與承真街口附近,0,0,1,1,C03,6,7,5,50,14,9,1,4,4,5,13,4,4,1,4,5,2,12,2,62,2,9,5,1,7,7,1,10,2,12,100,1,21,121.5070189,25.1012768
114,06,04,08,00,02萬華區,萬華區環河南路1段111號,0,0,1,1,C03,6,6,5,50,14,9,1,4,4,5,13,4,4,9,4,5,2,13,1,29,2,7,6,1,7,10,1,9,1,14,100,1,22,121.5005788,25.043112
114,06,04,08,30,07信義區,信義區松仁路186號,0,0,1,1,B12,6,7,5,50,14,8,1,4,4,5,13,4,4,9,4,4,2,16,1,39,3,10,3,4,7,5,1,8,9,17,118,1,21,121.5684051,25.0280749
114,06,04,08,30,07信義區,信義區基隆路2段187號,0,0,2,1,C03,6,6,5,50,14,9,1,4,4,5,13,4,4,8,3,5,2,17,1,19,2,9,3,4,7,9,1,10,1,11,16,1,21,121.5532066,25.0248859
114,06,04,08,37,12內湖區,內湖區內湖路1段與內湖路1段285巷口,0,0,1,1,C03,6,6,5,50,3,2,1,4,4,5,13,2,1,1,4,4,2,17,2,28,2,9,6,1,7,9,1,10,1,11,16,1,21,121.5674769,25.08210775
114,06,04,08,52,08士林區,士林區中正路212巷與中正路口,0,0,1,1,C03,6,6,5,50,4,1,1,4,4,5,13,1,1,10,3,2,1,13,1,40,2,8,5,1,7,9,1,10,1,11,16,1,21,121.5264495,25.0955003
114,06,04,08,54,04大安區,大安區市民大道4段56號,0,0,1,1,C03,6,5,5,40,14,9,1,4,4,5,13,2,1,10,1,5,2,17,1,36,3,10,3,4,7,15,1,10,1,17,80,1,21,121.5464409,25.0449758
114,06,04,09,26,07信義區,信義區莊敬路322號,0,0,1,1,B03,6,6,5,50,14,9,1,4,4,5,13,4,4,10,3,5,2,12,2,68,3,10,3,4,7,8,1,8,2,5,100,1,21,121.5633051,25.0278956
114,06,04,09,37,10文山區,文山區信義快速道路(南往北中間車道文山隧道內）,0,0,2,1,B13,6,5,5,70,6,9,1,5,4,5,13,4,4,10,1,5,2,13,1,39,2,8,7,1,7,9,1,8,2,1,16,1,21,121.5769565,25.0228234
114,06,04,09,48,01大同區,大同區鄭州路與塔城街口,0,0,3,1,C03,6,6,5,40,5,2,1,4,4,5,13,1,1,1,5,5,2,13,1,36,2,8,6,1,7,9,1,10,1,11,108,1,21,121.5103166,25.0500622
114,06,04,10,12,01大同區,大同區重慶北路3段320號,0,0,1,1,C03,6,7,5,50,14,9,1,4,4,5,13,4,4,1,4,5,2,17,2,32,2,9,3,4,7,15,1,10,1,11,108,1,21,121.5137178,25.074557
114,06,04,10,26,08士林區,士林區前港街與後港街口,0,0,1,1,B03,6,6,5,30,4,2,1,4,4,5,13,4,4,9,5,5,1,15,1,51,3,10,7,1,7,9,1,8,2,1,13,1,21,121.5213913,25.0847181
114,06,04,10,30,08士林區,士林區至善路1段東吳大學錢穆故居公車站,0,0,1,1,B03,7,7,5,50,14,7,1,4,4,5,13,4,4,1,3,4,1,12,1,49,3,10,3,4,7,7,1,8,1,17,100,1,22,121.541849,25.0971893
114,06,04,10,57,08士林區,士林區大南路與華齡街口,0,0,2,1,F01,6,7,5,50,3,2,1,4,4,5,13,4,4,5,5,5,1,17,2,94,2,9,4,1,7,5,8,20,1,11,8,1,21,121.5193351,25.09624719
114,06,04,11,15,03中山區,中山區復興北路與長春路口,0,0,1,1,C03,6,5,5,50,4,4,1,4,4,5,13,2,1,1,5,5,2,18,1,31,2,2,6,1,7,9,1,10,9,14,116,1,21,121.5439895,25.0547512
114,06,04,11,18,07信義區,信義區基隆路2段83號,0,0,1,1,C03,6,7,5,50,22,9,1,4,4,5,13,4,4,9,2,4,2,13,1,26,2,8,3,4,7,7,1,10,1,11,116,1,21,121.5578641,25.0300805
114,06,04,11,30,01大同區,大同區承德路1段與華陰街口,0,0,2,1,C03,6,6,5,50,4,1,1,4,4,5,13,1,1,1,4,5,1,16,1,56,2,9,6,1,7,9,1,9,1,11,108,1,21,121.5166595,25.0500158
114,06,04,11,44,09北投區,北投區大興街與清江路口,0,0,1,1,C03,6,7,5,50,4,1,1,4,4,5,13,2,1,10,5,5,2,16,1,70,2,8,5,1,7,5,1,10,1,12,71,1,21,121.5020318,25.1307871
114,06,04,12,08,04大安區,大安區辛亥路3段55號號,0,0,1,1,B03,6,6,5,50,14,9,1,4,4,5,13,4,4,9,4,5,1,17,1,47,3,10,3,4,7,8,1,6,1,17,100,1,22,121.5444299,25.0213304
114,06,04,12,09,08士林區,士林區至善路2段90號旁,0,0,1,1,C03,6,6,5,30,14,9,1,4,4,5,13,4,4,1,4,5,1,3,2,42,2,9,5,1,7,9,1,10,2,17,44,1,21,121.5454006,25.09744254
114,06,04,12,09,09北投區,北投區承德路7段34號前,0,0,1,1,C03,6,6,5,60,14,9,1,4,4,5,13,4,4,1,4,1,2,17,2,54,2,9,5,1,7,9,1,10,1,14,116,1,21,121.5111418,25.1109757
114,06,04,12,12,02萬華區,萬華區環河南路1段與武昌街2段口,0,0,1,1,C03,6,5,8,50,22,22,1,4,4,5,13,1,1,10,5,5,2,17,2,65,3,10,3,4,7,15,3,18,1,11,108,1,21,121.5027331,25.0457244
114,06,04,12,16,12內湖區,內湖區陽光街240號,0,0,1,1,B12,6,6,5,50,3,1,1,4,4,5,13,4,4,5,4,5,2,17,1,48,4,11,3,4,7,9,1,6,11,2,42,2,21,121.5785219,25.0734866
114,06,04,12,30,06松山區,松山區復興北路367號,0,0,1,1,B01,6,6,5,50,14,9,1,4,4,5,13,4,4,9,4,5,2,12,1,46,3,10,7,1,7,7,1,4,1,4,100,1,22,121.5443139,25.06163926
114,06,04,12,45,12內湖區,內湖區潭美街與安康路22巷口,0,0,1,1,C03,6,6,5,40,3,1,1,4,4,5,13,2,1,5,5,5,2,17,1,62,2,8,6,1,7,9,1,10,1,17,14,1,21,121.5938294,25.0610258
114,06,04,12,49,07信義區,信義區逸仙路50巷6號,0,0,1,1,C03,7,7,5,30,14,9,1,4,4,5,13,4,4,10,5,5,2,17,1,53,2,8,5,4,7,1,1,10,1,11,118,1,21,121.5622806,25.0405891
114,06,04,13,47,06松山區,松山區塔悠路與南京東路5段口,0,0,1,1,B02,6,5,5,50,5,2,1,4,4,5,13,2,1,9,4,5,2,17,1,22,3,10,7,1,7,11,1,8,1,2,10,1,22,121.5704666,25.0517352
114,06,04,14,23,02萬華區,萬華區康定路與康定路56巷口,0,0,1,1,C03,8,6,5,50,3,1,1,5,4,3,10,4,4,5,5,5,2,7,1,57,3,10,6,1,7,9,1,10,1,11,44,1,26,121.5025206,25.04272783
114,06,04,14,28,03中山區,中山區民生東路2段139號,0,0,1,1,C03,7,6,5,50,14,9,1,5,4,5,13,4,4,8,3,5,2,12,1,54,2,9,6,4,7,4,1,10,4,15,17,1,21,121.5327189,25.0580152
114,06,04,15,13,04大安區,大安區和平東路1段與新生南路3段口,0,0,1,1,A31,6,5,5,50,4,1,1,4,4,5,13,2,1,10,5,5,2,17,1,43,3,10,3,4,7,6,1,5,2,17,33,1,21,121.5346967,25.0259694
114,06,04,15,32,04大安區,大安區建國南路1段與建國南路1段175巷口口,0,0,2,1,C03,6,6,5,50,4,1,1,4,4,5,13,2,1,1,4,4,2,17,1,49,2,9,5,1,7,9,1,10,1,11,81,1,21,121.5376848,25.0408043
114,06,04,15,33,07信義區,信義區吳興街與吳興街600巷口,0,0,1,1,C03,6,6,5,50,3,1,1,4,4,5,13,4,4,5,5,5,2,18,1,26,2,9,3,4,7,5,1,8,1,14,42,1,21,121.5688617,25.021934
114,06,04,15,38,02萬華區,萬華區中華路2段300巷13弄25號,0,0,2,1,B03,7,7,5,30,14,9,1,4,4,5,13,4,4,10,5,5,2,16,2,43,3,10,7,1,7,1,1,8,1,1,19,1,21,121.5035902,25.0293989
114,06,04,15,40,12內湖區,內湖區民權東路6段與民權東路6段280巷口口,0,0,1,1,B03,6,5,5,50,3,2,1,4,4,5,13,4,4,1,4,4,2,17,2,33,3,10,7,1,7,6,1,8,1,17,9,1,21,121.6049206,25.0720546
114,06,04,15,45,12內湖區,內湖區港墘路與瑞光路口,0,0,1,1,B03,7,6,5,50,4,18,1,4,4,5,13,2,1,1,4,5,2,3,1,72,3,10,7,1,7,6,1,8,1,1,70,1,21,121.5750093,25.0762663
114,06,04,15,49,03中山區,中山區錦州街與錦州街30巷口,0,0,1,1,C03,8,6,5,50,3,1,2,5,4,5,13,4,4,5,5,5,2,16,2,57,2,9,6,1,7,6,1,10,2,12,9,1,21,121.5247399,25.060288
114,06,04,15,50,12內湖區,內湖區民權東路6段8號,0,0,3,1,B03,7,6,5,50,14,9,1,5,4,5,13,4,4,10,4,5,2,17,1,41,3,10,7,1,7,9,1,8,2,1,45,1,21,121.5749564,25.06551262
114,06,04,16,10,07信義區,信義區光復南路501號,0,0,1,1,B01,7,5,5,50,14,9,1,4,4,5,13,4,4,1,4,5,2,17,1,55,3,10,7,1,7,14,1,4,1,2,40,1,22,121.5575498,25.0322712
114,06,04,16,15,02萬華區,萬華區桂林路與昆明街口,0,0,2,1,C03,7,7,5,50,4,1,1,5,4,5,13,1,1,9,1,5,2,16,1,55,2,9,5,1,7,6,1,10,1,12,99,1,21,121.5037772,25.0379979
114,06,04,16,42,05中正區,中正區林森南路與濟南路1段口,0,0,1,1,A02,8,6,5,0,4,2,1,5,4,5,13,1,1,5,4,5,2,9,1,56,3,10,7,4,7,15,1,2,11,17,44,1,21,121.5209966,25.04782674
114,06,04,16,43,05中正區,中正區中山南路與凱達格蘭大道口,0,0,1,1,B03,8,6,5,50,5,1,1,5,4,5,13,2,1,5,4,5,2,15,1,27,3,10,7,1,7,9,1,8,2,5,81,1,22,121.517531,25.03864203
114,06,04,17,23,01大同區,大同區重慶北路2段與民權西路口,0,0,3,1,C03,7,6,5,50,4,1,1,5,4,5,13,1,1,1,4,5,2,17,1,19,2,9,5,1,7,9,1,10,1,11,16,1,21,121.5136058,25.0629258
114,06,04,17,25,08士林區,士林區通河西街2段與社中街152巷口,0,0,1,1,C03,7,7,6,40,3,1,1,5,4,5,13,4,4,5,1,5,1,16,2,55,2,9,5,1,7,1,1,8,1,14,19,1,21,121.5113629,25.09045107
114,06,04,17,48,02萬華區,萬華區萬大路120號,0,0,1,1,A02,7,5,5,50,14,9,1,4,4,5,13,1,1,9,3,4,2,13,1,57,3,10,7,1,7,9,1,2,1,5,44,1,21,121.5004809,25.0297113
114,06,04,18,01,05中正區,中正區公園路與襄陽路口,0,0,1,1,B12,8,5,5,50,3,2,1,5,4,5,13,2,1,4,4,5,1,17,1,50,3,10,7,1,7,6,1,8,1,2,17,1,21,121.5165708,25.043054
114,06,04,18,12,10文山區,文山區辛亥路4段與辛亥路4段77巷口,0,0,2,1,C03,7,5,5,50,3,1,1,5,4,5,13,2,1,1,4,5,2,16,2,63,2,9,6,1,7,5,1,10,2,11,44,1,21,121.5586827,25.0073889
114,06,04,18,20,06松山區,松山區健康路131號,0,0,1,1,B01,7,6,5,50,14,9,1,5,4,5,13,2,1,1,4,4,2,15,1,62,3,10,7,4,7,15,1,4,1,5,8,1,21,121.5577073,25.05386
114,06,04,18,22,03中山區,中山區長春路與新生北路2段口口,0,0,1,1,B03,7,7,5,50,4,1,2,5,4,5,13,1,1,5,4,5,2,17,1,64,3,10,3,4,7,6,1,1,1,5,9,1,21,121.5273477,25.0548584
114,06,04,18,32,05中正區,中正區羅斯福路4段22號,0,0,1,1,C03,7,5,5,50,14,9,1,5,4,5,13,4,4,1,4,5,2,12,2,34,2,9,5,1,7,7,1,10,2,14,100,1,22,121.533201,25.0157386
114,06,04,18,40,03中山區,中山區林森北路與市民大道2段口,0,0,2,1,C03,7,5,5,40,4,1,1,4,4,5,13,1,1,1,4,5,2,13,1,32,2,9,3,4,7,9,1,10,1,11,108,1,21,121.5240725,25.04790867
114,06,04,19,12,02萬華區,萬華區雙和街31巷與中華路2段416巷口,0,0,1,1,C03,7,5,5,30,4,2,1,5,4,5,13,2,1,10,5,5,2,17,1,56,2,9,5,1,7,6,1,10,1,11,5,1,22,121.5020586,25.0265436
114,06,04,19,16,02萬華區,萬華區西園路1段艋舺公園地下停車場口,0,0,1,1,B03,7,5,8,40,22,22,1,5,4,5,13,4,4,10,5,5,2,17,2,52,3,10,7,1,7,1,1,8,1,8,19,1,21,121.4993774,25.0362274
114,06,04,19,29,06松山區,松山區八德路4段829巷與八德路4段口,0,0,2,1,C03,6,6,5,30,3,1,1,4,4,5,13,4,4,5,4,5,2,13,1,58,3,10,6,1,7,9,1,10,2,11,108,1,22,121.5793373,25.05140511
114,06,04,19,36,09北投區,北投區文林北路22號,0,0,2,1,H01,7,6,5,50,14,9,1,4,4,5,13,4,4,2,3,5,1,9,2,78,2,9,4,5,8,20,8,20,10,16,121,1,21,121.5186529,25.1046683
114,06,04,19,44,12內湖區,內湖區洲子街與瑞光路393巷口,0,0,1,1,B03,6,5,5,50,4,1,1,4,4,5,13,1,1,10,5,5,2,3,1,63,4,11,3,4,7,5,7,19,11,8,70,2,21,121.5734369,25.07914
114,06,04,20,00,03中山區,中山區八德路2段314號,0,0,1,1,C03,6,5,5,50,14,9,1,4,4,5,13,4,4,9,4,5,2,12,2,29,3,10,6,1,7,10,1,10,1,13,100,1,21,121.5426966,25.04718331
114,06,04,21,17,08士林區,士林區中山北路5段與福林路口,0,0,2,1,C03,6,5,5,50,4,1,1,4,4,5,13,2,1,5,4,5,2,3,1,58,2,9,6,1,7,6,1,10,1,11,70,1,21,121.528267,25.0938573
114,06,04,21,19,03中山區,中山區民權東路3段與復興北路口,0,0,1,1,C03,6,5,5,50,11,9,1,4,4,5,13,4,4,1,4,5,2,12,2,59,2,9,3,4,7,9,1,10,1,14,118,1,21,121.5435219,25.0623527
114,06,04,21,22,03中山區,中山區民權東路2段54號前,0,0,1,1,B03,6,5,5,50,14,9,1,4,4,5,13,4,4,1,4,5,2,17,1,42,3,10,3,4,7,15,1,8,1,4,40,1,21,121.5308017,25.0624446
114,06,04,21,54,05中正區,中正區羅斯福路4段164號,0,0,3,1,C03,6,5,5,50,14,9,1,4,4,5,13,4,4,1,4,5,2,17,1,45,2,9,5,1,7,9,1,10,2,12,108,1,22,121.5362875,25.0124549
114,06,04,22,15,07信義區,信義區市民大道5段與市民大道5段口迴轉道,0,0,1,1,C03,6,5,5,40,4,2,1,4,4,5,13,3,1,1,3,5,2,17,1,39,2,9,6,1,7,5,1,10,1,14,71,1,21,121.5673845,25.048657
114,06,04,22,27,06松山區,松山區健康路325巷25弄與健康路325巷口,0,0,1,1,B01,6,5,5,30,4,1,1,4,4,5,13,4,4,9,4,5,2,15,1,66,3,10,7,4,7,9,1,4,2,1,72,1,21,121.5671497,25.0564784
114,06,04,23,07,05中正區,中正區羅斯福路4段196巷與汀州路3段口,0,0,1,1,B03,6,5,5,30,4,1,1,4,4,5,13,4,4,5,4,5,2,17,1,45,3,10,7,1,7,5,1,8,1,17,72,1,21,121.5359815,25.0115206
114,06,04,23,11,05中正區,中正區中華路2段與愛國西路口,0,0,3,1,C03,6,5,5,50,5,2,1,4,4,5,13,1,1,1,4,5,2,13,1,51,2,8,5,1,7,9,1,10,2,14,16,1,22,121.5067899,25.0367384
114,06,04,23,19,02萬華區,萬華區華中橋機車道往新北（燈桿7010489）,0,0,2,1,C03,6,5,7,40,8,11,1,4,4,5,13,4,4,1,3,5,2,13,2,52,2,9,5,1,7,21,1,10,1,15,108,1,21,121.4954083,25.01385027