發生年度,發生月,發生日,發生時-Hours,發生分,區序,肇事地點,死亡人數,2-30日死亡人數,受傷人數,當事人序號,車種,天候,光線,道路類別,速限-速度限制,道路型態,事故位置,路面狀況1,路面狀況2,路面狀況3,道路障礙1,道路障礙2,號誌1,號誌2,車道劃分-分向,車道劃分-分道1,車道劃分-分道2,車道劃分-分道3,事故類型及型態,性別,年齡,受傷程度,主要傷處,保護裝置,行動電話,車輛用途,當事者行動狀態,駕駛資格情形,駕駛執照種類,飲酒情形,車輛撞擊部位1,肇因碼-個別,個人肇逃否,職業,座標-X,座標-Y
114,06,05,00,19,04大安區,大安區基隆路2段190號,0,0,2,1,C03,7,5,5,50,14,9,1,4,4,5,13,1,1,3,3,5,1,16,2,30,2,9,5,1,7,6,1,10,1,14,80,1,21,121.5521107,25.0240408
114,06,05,02,13,02萬華區,萬華區和平西路3段與梧州街口,0,0,1,1,H01,7,5,5,0,3,1,1,5,4,5,13,1,1,1,3,5,2,3,1,63,2,9,4,5,8,16,8,20,10,16,122,1,21,121.4975179,25.0353018
114,06,05,07,12,05中正區,中正區愛國東路與寧波東街口,0,0,1,1,B03,6,6,5,50,3,1,1,4,4,5,13,1,1,1,4,4,2,3,2,47,3,10,7,1,7,6,1,8,1,1,70,1,21,121.5204982,25.0331941
114,06,05,07,25,09北投區,北投區珠海路1204469號燈桿,0,0,2,1,B03,7,7,5,30,14,9,1,4,4,5,13,4,4,9,5,5,2,17,2,49,3,10,7,1,7,14,1,8,2,2,40,1,22,121.5034278,25.1391104
114,06,05,07,29,06松山區,松山區延壽街與新中街口,0,0,1,1,C03,6,6,5,50,3,2,1,4,4,5,13,1,1,4,3,5,2,18,2,36,2,9,6,1,7,9,1,10,11,12,118,1,23,121.5605118,25.0566544
114,06,05,07,35,07信義區,信義區信義路5段與基隆路2段口,0,0,1,1,C03,7,5,5,50,4,2,1,4,4,5,13,2,1,1,4,5,2,17,1,28,3,10,6,1,7,9,1,10,1,14,118,1,22,121.5596196,25.0329322
114,06,05,07,45,05中正區,中正區市民大道1段逸仙公園北側,0,0,1,1,C04,6,6,5,40,14,9,1,4,4,5,13,4,4,1,4,5,2,13,2,48,2,8,5,1,7,9,1,11,1,11,16,1,22,121.5199161,25.04809842
114,06,05,07,57,04大安區,大安區和平東路1段與和平東路1段50巷口,0,0,1,1,C03,7,6,5,50,4,2,1,5,4,5,13,1,1,10,5,5,2,13,1,36,2,8,5,1,7,9,1,10,1,14,16,1,21,121.5237861,25.0269339
114,06,05,08,20,02萬華區,萬華區環河快速道路二層接三層匝道,0,0,1,1,C02,6,6,5,40,10,16,1,4,4,5,13,4,4,10,5,5,2,18,1,59,2,9,3,4,7,9,1,9,1,17,118,1,22,121.5037955,25.0470122
114,06,05,08,25,08士林區,士林區德行東路與德行東路190巷口,0,0,1,1,C03,6,6,5,50,3,1,1,4,4,5,13,4,4,10,5,5,1,17,2,29,2,9,5,1,7,11,1,10,2,17,44,1,21,121.531049,25.1086486
114,06,05,08,30,04大安區,大安區仁愛路3段與建國南路1段口,0,0,1,1,C03,6,6,5,50,4,2,1,4,4,5,13,1,1,4,4,5,2,18,1,44,2,8,5,1,7,12,1,10,9,14,42,1,21,121.5377778,25.0382273
114,06,05,08,40,07信義區,信義區基隆路2段22號,0,0,2,1,C03,6,5,5,50,14,9,1,4,4,5,13,4,4,1,4,5,2,17,1,23,2,9,6,1,7,8,1,10,1,12,100,1,22,121.5589977,25.0322275
114,06,05,08,45,04大安區,大安區市民大道4段與敦化南路1段口,0,0,1,1,C03,6,6,5,40,4,1,1,4,4,5,13,1,1,10,5,5,2,17,1,23,3,10,5,1,7,6,1,10,9,17,9,1,21,121.5481858,25.0447142
114,06,05,09,00,06松山區,松山區敦化南路1段與八德路3段12巷52弄口,0,0,2,1,C03,6,6,5,50,3,2,1,4,4,5,13,2,1,1,4,4,2,13,1,23,2,9,6,1,7,12,1,10,2,14,16,1,22,121.5491391,25.04616531
114,06,05,09,40,04大安區,大安區師大路與和平東路1段口,0,0,1,1,C03,6,6,5,50,14,9,1,4,4,5,13,2,1,1,4,5,2,13,2,50,3,10,5,1,7,9,1,10,1,11,44,1,21,121.5286985,25.0266728
114,06,05,09,41,06松山區,松山區市民大道4段與八德路3段106巷口,0,0,2,1,B03,6,5,5,40,4,1,1,4,4,5,13,1,1,9,4,5,2,17,1,43,3,10,7,1,7,6,1,8,1,5,9,1,21,121.5544174,25.04459658
114,06,05,10,05,10文山區,文山區樟新街與樟新街56巷口,0,0,1,1,B03,7,6,5,30,4,1,1,4,4,5,13,4,4,10,5,5,2,16,1,19,3,10,7,1,7,5,1,8,1,8,118,1,21,121.5557941,24.9776819
114,06,05,10,31,09北投區,北投區石牌路2段與立農街2段口,0,0,1,1,B03,7,7,5,50,3,2,1,4,4,5,13,1,1,5,4,5,2,17,1,81,2,3,7,1,7,9,1,8,9,5,42,1,22,121.5189325,25.1187348
114,06,05,10,33,03中山區,中山區林森北路與長春路口,0,0,1,1,B01,7,6,5,50,4,1,1,5,4,5,13,1,1,9,4,5,2,3,1,63,3,10,3,4,7,5,1,4,2,1,70,1,22,121.5254689,25.05496065
114,06,05,11,02,08士林區,士林區光華路61巷4弄文化大學停車場出入口,0,0,1,1,B03,8,6,5,50,11,9,1,5,4,5,13,4,4,9,4,5,1,17,1,46,4,11,3,4,7,4,1,4,9,17,1,2,21,121.5397461,25.13416094
114,06,05,11,10,12內湖區,內湖區民權東路6段與民權東路6段56巷口,0,0,1,1,C03,6,6,5,50,4,1,1,4,4,5,13,1,1,1,4,5,2,18,2,27,2,9,6,1,7,9,1,10,1,14,44,1,21,121.5850931,25.0685437
114,06,05,11,28,12內湖區,內湖區康寧路3段與康寧路3段165巷口,0,0,1,1,B03,6,6,5,50,4,1,1,4,4,4,8,1,1,1,4,5,1,17,1,49,3,10,7,1,7,5,6,18,1,1,8,1,26,121.6113471,25.0704562
114,06,05,11,40,03中山區,中山區建國高架道,0,0,1,1,C02,7,6,5,40,14,9,1,5,4,5,13,4,4,8,3,5,2,13,1,29,2,8,6,4,7,9,1,9,1,11,108,1,22,121.5367009,25.04836829
114,06,05,11,50,11南港區,南港區經貿二路與經貿二路105巷口,0,0,2,1,C03,7,6,5,50,4,1,1,5,4,5,13,2,1,3,2,5,2,12,1,32,2,8,5,4,7,10,1,10,1,12,100,1,22,121.6169465,25.0580367
114,06,05,11,58,10文山區,文山區新光路1段與新光路1段159巷口,0,0,1,1,B03,7,6,5,50,14,9,1,4,4,5,13,1,1,5,4,5,2,12,2,35,3,10,7,1,7,11,1,8,2,8,10,1,21,121.5737379,24.9925309
114,06,05,13,54,10文山區,文山區秀明路1段201號,0,0,1,1,C03,6,6,5,50,14,9,1,4,4,5,13,1,1,3,4,4,2,17,1,53,3,10,6,1,7,11,1,10,1,12,10,1,21,121.5695791,24.9917437
114,06,05,14,00,05中正區,中正區濟南路2段7號,0,0,2,1,C03,6,7,5,50,14,9,1,4,4,5,13,4,4,9,4,5,2,13,1,18,2,9,6,1,7,9,1,10,2,11,16,1,26,121.5269552,25.0413927
114,06,05,14,12,06松山區,松山區民生東路5段與民生東路5段212巷口,0,0,1,1,C03,6,6,5,50,4,2,1,4,4,5,13,2,1,8,3,5,2,12,2,58,2,8,5,1,7,8,1,10,1,14,100,1,21,121.5651092,25.0589752
114,06,05,14,20,03中山區,中山區中山北路2段與長春路口,0,0,2,1,C03,7,6,5,50,4,1,1,5,4,5,13,1,1,7,3,5,2,13,1,29,3,10,6,4,7,9,1,10,1,13,44,1,22,121.5227284,25.05847047
114,06,05,14,23,08士林區,士林區仰德大道3段25號,0,0,1,1,C03,6,7,5,40,11,9,1,4,4,5,13,4,4,4,5,5,1,18,1,23,2,9,5,1,7,5,1,10,1,12,13,1,21,121.5509129,25.11617078
114,06,05,15,22,03中山區,中山區中原街與新生北路2段149巷口,0,0,1,1,C03,6,6,5,30,4,1,1,4,4,5,13,4,4,9,4,5,2,15,2,37,2,9,6,1,7,9,1,10,1,11,72,1,21,121.5289757,25.06204562
114,06,05,15,22,09北投區,北投區湖底路1209326燈桿,0,0,1,1,C03,6,7,5,30,11,9,1,4,4,5,13,4,4,10,5,5,2,10,1,19,2,9,3,4,7,9,1,10,1,14,13,1,25,121.5342985,25.1485637
114,06,05,15,28,10文山區,文山區忠順街2段10號（車庫車道出入口）,0,0,1,1,G06,6,6,5,50,14,9,1,4,4,5,13,4,4,9,4,5,2,17,2,45,2,9,3,4,7,1,8,20,1,16,19,1,21,121.5621536,24.9845512
114,06,05,15,31,12內湖區,內湖區民權東路6段280巷與民權東路6段280巷45弄口,0,0,1,1,C03,7,5,5,30,3,2,1,4,4,5,13,4,4,10,5,5,1,17,1,64,2,9,3,4,7,9,1,10,1,17,42,1,21,121.6067183,25.0709384
114,06,05,16,19,04大安區,大安區仁愛路4段與敦化南路1段口,0,0,1,1,B03,6,6,5,50,5,1,1,4,4,5,13,2,1,10,5,5,2,17,1,72,3,10,3,4,7,5,1,8,11,17,98,1,22,121.5487904,25.0370517
114,06,05,16,20,04大安區,大安區仁愛路4段27巷與大安路1段106巷口,0,0,1,1,B03,6,6,5,30,4,1,1,4,4,5,13,4,4,10,5,5,2,15,1,32,3,10,7,1,7,9,1,8,1,4,72,1,21,121.5452116,25.0402181
114,06,05,16,28,03中山區,中山區自強隧道(外)與北安路口,0,0,1,1,C03,6,5,5,50,14,11,1,4,4,5,13,4,4,8,3,5,1,17,1,18,4,11,3,4,7,8,7,19,9,12,100,2,22,121.5526044,25.0859614
114,06,05,16,56,08士林區,士林區中山北路5段300號對面,0,0,1,1,B01,6,6,5,50,14,9,1,4,4,5,13,4,4,1,3,1,1,12,1,53,3,10,7,1,7,8,1,4,1,6,100,1,21,121.5253851,25.08611477
114,06,05,17,44,03中山區,中山區民生東路2段與中原街口,0,0,1,1,C03,6,7,5,50,4,2,1,4,4,5,13,2,1,5,4,5,2,12,1,22,3,10,6,1,7,8,1,10,1,12,100,1,21,121.5288048,25.0579661
114,06,05,17,51,02萬華區,萬華區中興橋機慢車道往新北,0,0,2,1,C03,6,6,5,30,14,8,1,4,4,5,13,4,4,5,5,5,2,13,1,30,2,9,6,1,7,9,1,10,1,11,108,1,21,121.502082,25.0454637
114,06,05,18,02,03中山區,中山區南京東路2段178號,0,0,1,1,C03,6,5,5,50,14,7,1,4,4,5,13,4,4,8,3,4,2,17,2,39,2,9,6,4,7,8,1,10,1,17,42,1,21,121.5350024,25.0519519
114,06,05,18,20,03中山區,中山區中山北路3段62號,0,0,1,1,B12,7,7,5,50,14,9,1,5,4,5,13,4,4,9,4,5,2,17,1,43,3,10,7,1,7,7,1,8,1,17,100,1,21,121.5212462,25.04998585
114,06,05,18,30,12內湖區,內湖區江南街65巷與無名巷口,0,0,2,1,C03,6,5,5,50,3,1,1,4,4,5,13,4,4,5,5,5,2,17,2,23,2,8,5,1,7,1,1,10,1,11,19,1,21,121.5780575,25.0772362
114,06,05,18,30,12內湖區,內湖區成功路2段322號,0,0,1,1,C03,6,6,5,50,14,9,1,4,4,5,13,1,1,1,4,5,2,18,2,28,2,9,6,1,7,9,1,10,2,14,116,1,21,121.5906814,25.068063
114,06,05,18,57,12內湖區,內湖區安康路12號,0,0,1,1,C03,6,5,5,50,14,9,1,4,4,5,13,1,1,1,4,5,1,17,1,18,3,10,6,1,7,7,1,10,1,17,100,1,21,121.5925734,25.0615664
114,06,05,19,00,05中正區,中正區忠孝東路2段87號,0,0,1,1,A02,7,5,5,50,14,9,1,4,4,5,13,4,4,1,4,5,2,17,1,32,3,10,7,4,7,15,1,2,1,17,102,1,21,121.5295175,25.04360817
114,06,05,19,14,02萬華區,萬華區西藏路與西園路2段320巷55弄口,0,0,1,1,C03,6,5,8,50,22,22,1,4,4,5,13,1,1,10,5,5,2,17,1,30,3,10,5,1,7,9,1,10,1,12,42,1,21,121.4922037,25.0284851
114,06,05,19,20,03中山區,中山區伊通街17號,0,0,1,1,B03,7,5,5,50,14,9,1,4,4,5,13,4,4,9,5,5,2,17,1,45,3,10,3,4,7,5,1,8,1,2,8,1,22,121.534764,25.04877995
114,06,05,19,30,03中山區,中山區吉林路與松江路330巷口,0,0,1,1,C03,7,5,5,50,4,1,1,5,4,5,13,4,4,9,4,4,2,17,1,37,3,10,6,1,7,5,3,18,9,17,71,1,21,121.5222341,25.0580304
114,06,05,19,30,04大安區,大安區敦化南路2段136號,0,0,1,1,C01,7,5,5,50,14,9,1,4,4,5,13,4,4,10,4,5,1,12,1,26,3,10,6,4,7,9,1,9,1,11,44,1,21,121.5484863,25.0256939
114,06,05,19,34,09北投區,北投區北投路1段與公館路口,0,0,1,1,C03,7,5,5,50,4,1,1,4,4,5,13,2,1,5,4,5,2,16,1,43,3,10,6,1,7,9,1,10,1,14,108,1,22,121.5027725,25.1215013
114,06,05,19,35,02萬華區,萬華區雙和街與西藏路129巷巷口,0,0,1,1,H01,7,5,5,30,3,2,1,5,4,5,13,4,4,10,5,5,2,2,2,52,2,8,4,5,8,16,8,20,1,16,53,1,22,121.5021428,25.027935
114,06,05,20,00,04大安區,大安區建國南路1段與新生南路1段161巷口口,0,0,1,1,B01,7,5,5,50,4,2,1,4,4,5,13,2,1,1,4,5,1,17,1,39,3,10,7,1,7,8,1,4,1,17,100,1,21,121.5375458,25.0346178
114,06,05,20,01,08士林區,士林區忠誠路2段140巷8弄與忠誠路1段154巷口,0,0,1,1,C03,7,5,5,30,4,1,1,5,4,5,13,4,4,10,5,5,1,15,1,22,2,7,3,4,7,9,1,9,1,12,72,1,22,121.5319977,25.1154208
114,06,05,20,10,03中山區,中山區大直街84巷與大直街口口,0,0,1,1,B02,8,5,5,50,3,1,1,5,4,5,13,4,4,5,5,5,2,17,1,47,3,10,3,4,7,5,1,8,1,17,74,1,22,121.5467581,25.084156
114,06,05,20,12,07信義區,信義區基隆路1段200號,0,0,1,1,C03,6,5,5,50,14,9,1,4,4,5,13,4,4,8,3,5,2,17,2,25,2,8,6,1,7,9,1,10,1,12,108,1,21,121.5637465,25.0401837
114,06,05,21,24,09北投區,北投區大業路與中央北路1段口,0,0,1,1,B03,7,5,5,50,4,1,1,4,4,5,13,2,1,3,4,5,2,16,2,66,3,10,7,1,7,9,1,8,1,5,86,1,22,121.4971688,25.1360282
114,06,05,21,35,12內湖區,內湖區堤頂大道2段與瑞光路358巷口,0,0,1,1,C04,6,5,5,50,3,1,1,4,4,5,13,3,1,1,4,1,1,16,2,20,2,9,5,1,7,6,1,10,1,11,45,1,21,121.5714052,25.0762138
114,06,05,21,37,03中山區,中山區長春路89號前,0,0,1,1,B01,7,5,5,40,14,8,1,5,4,5,13,4,4,5,4,4,2,17,1,64,3,10,3,4,7,14,1,4,1,2,44,1,21,121.5283215,25.05494
114,06,05,21,41,02萬華區,萬華區水源路199號第64號汽車停車格旁,0,0,1,1,B03,7,5,5,50,14,9,1,5,4,5,13,4,4,5,5,5,2,17,1,31,3,10,3,4,7,3,1,8,1,17,18,1,22,121.5051452,25.0206676
114,06,05,21,50,07信義區,信義區吳興街與吳興街336巷口,0,0,2,1,C03,7,5,5,30,14,9,1,5,4,5,13,4,4,10,5,5,2,16,1,71,2,9,6,4,7,5,1,10,1,11,8,1,21,121.5662346,25.0260818
114,06,05,21,55,03中山區,中山區林森北路50號,0,0,1,1,B01,7,5,5,50,14,9,1,5,4,5,13,4,4,9,4,5,2,17,1,62,3,10,7,1,7,14,1,2,1,6,38,1,21,121.5242724,25.0483705
114,06,05,22,14,09北投區,北投區秀山路15號,0,0,1,1,F01,7,5,5,50,14,9,1,5,4,5,13,4,4,9,5,5,2,16,1,17,3,10,4,1,7,8,8,20,1,14,100,1,22,121.4908073,25.1427671
114,06,05,22,42,05中正區,中正區羅斯福路3段與羅斯福路3段210巷口,0,0,1,1,C03,7,5,5,50,3,1,1,5,4,5,13,4,4,1,4,5,2,17,1,21,2,9,5,1,7,6,1,10,1,12,9,1,22,121.5294828,25.0192918
114,06,06,01,23,06松山區,松山區麥帥一橋第7510307號燈桿,0,0,1,1,B03,7,5,5,50,8,7,1,5,4,5,13,4,4,1,3,5,2,17,1,33,4,11,3,4,7,8,3,18,11,5,100,2,22,121.570462,25.05134159
114,06,06,07,29,09北投區,北投區公館路165號與公館路口,0,0,1,1,B03,7,7,5,50,14,9,1,5,4,5,13,4,4,10,5,5,2,16,1,48,3,10,7,1,7,1,1,8,1,1,19,1,21,121.5066681,25.12884658
114,06,06,07,35,02萬華區,萬華區中華路2段與莒光路口,0,0,1,1,C03,8,5,5,50,4,1,1,5,4,5,13,1,1,5,4,5,2,17,1,57,2,9,5,4,7,9,1,10,1,11,44,1,21,121.5041128,25.0312036
114,06,06,07,43,02萬華區,萬華區內江街與內江街110巷口,0,0,1,1,B01,7,6,5,50,14,9,1,5,4,5,13,2,1,9,4,5,1,17,1,64,3,10,3,4,7,7,1,4,1,5,100,1,22,121.503415,25.0415811
114,06,06,07,44,06松山區,松山區松河街與饒河街221巷口,0,0,1,1,B03,8,7,5,40,3,1,1,5,4,5,13,2,1,5,5,5,2,16,1,53,3,10,7,1,7,5,1,8,1,6,83,1,21,121.5766552,25.0513773
114,06,06,07,45,03中山區,中山區民生東路1段40號,0,0,1,1,B03,7,7,5,50,14,9,1,5,4,5,13,4,4,9,4,5,2,12,1,26,3,10,7,1,7,1,3,18,7,8,21,1,26,121.5242842,25.05806007
114,06,06,08,15,03中山區,中山區龍江路356巷與民族東路410巷口,0,0,1,1,C03,8,7,5,50,4,1,1,5,4,5,13,2,1,5,5,5,2,12,1,25,3,10,6,1,7,10,1,10,9,14,100,2,21,121.5384814,25.0659978
114,06,06,08,40,12內湖區,內湖區石潭路與行善路口,0,0,1,1,C03,7,6,5,50,14,9,1,5,4,5,13,1,1,5,4,5,2,13,1,51,2,8,6,1,7,9,1,10,1,11,108,1,21,121.5850133,25.0628534
114,06,06,08,52,03中山區,中山區林森北路與新生北路2段62巷口,0,0,2,1,C03,7,6,5,50,4,1,1,5,4,5,13,2,1,5,5,5,2,17,1,63,2,9,6,1,7,5,1,10,2,11,74,1,21,121.5254918,25.0562332
114,06,06,09,10,01大同區,大同區民生西路292號,0,0,1,1,C03,8,5,8,50,14,9,1,5,4,5,13,4,4,9,5,5,2,12,1,35,3,10,5,1,7,7,1,10,1,13,100,1,21,121.5125704,25.0569529
114,06,06,09,20,11南港區,南港區研究院路4段168號,0,0,2,1,C03,8,7,5,30,14,9,1,5,4,5,13,4,4,4,4,5,2,3,1,31,2,9,5,1,7,9,1,10,2,11,108,1,21,121.5911012,25.01738915
114,06,06,09,25,06松山區,松山區南京東路5段與三民路口,0,0,1,1,B12,8,7,5,50,4,1,1,5,4,5,13,2,1,1,2,5,2,12,1,54,3,10,7,1,7,9,1,8,1,2,44,1,21,121.5641532,25.051498
114,06,06,09,26,08士林區,士林區雨農路與中正路口,0,0,1,1,B01,8,6,5,50,5,2,1,5,4,5,13,2,1,1,2,5,2,13,1,64,3,10,7,1,7,9,1,4,1,1,108,1,21,121.5321214,25.0968391
114,06,06,09,33,03中山區,中山區林森北路與錦州街口,0,0,2,1,B01,8,6,5,50,14,9,1,5,4,5,13,4,4,8,5,5,2,16,1,58,3,10,7,4,7,11,1,4,2,1,10,1,21,121.5255985,25.0599532
114,06,06,09,35,10文山區,文山區羅斯福路4段與汀州路4段23巷口,0,0,2,1,C03,8,7,5,50,3,1,1,5,4,5,13,4,4,1,4,5,2,17,2,27,3,10,6,1,7,6,1,10,2,17,9,1,21,121.5372924,25.0097866
114,06,06,09,41,07信義區,信義區虎林街110號,0,0,1,1,F02,8,7,5,50,14,9,1,5,4,5,13,4,4,10,5,5,2,9,2,34,3,10,3,4,7,1,8,20,2,11,19,1,21,121.5769626,25.0427585
114,06,06,09,50,03中山區,中山區基湖路145巷與基湖路口,0,0,1,1,C03,8,7,5,50,4,1,1,5,4,5,13,4,4,9,4,5,2,17,2,62,2,9,5,1,7,5,1,10,1,11,74,1,21,121.5638696,25.078224
114,06,06,10,19,09北投區,北投區文林北路242號,0,0,1,1,C03,7,7,5,50,14,9,1,5,4,5,13,2,1,1,4,5,2,12,2,26,2,9,5,1,7,9,1,10,1,12,108,1,21,121.5135134,25.1088229
114,06,06,10,55,10文山區,文山區木柵路4段與木柵路4段111巷口,0,0,1,1,B01,7,6,5,50,3,1,1,5,4,5,13,1,1,5,4,5,2,16,1,30,3,10,7,1,7,5,1,8,2,5,8,1,21,121.5740878,24.9978241
114,06,06,11,20,02萬華區,萬華區貴陽街2段與貴陽街2段40巷口,0,0,1,1,A02,8,7,5,50,3,2,1,5,4,5,13,4,4,10,4,5,2,9,1,58,3,10,7,1,7,12,1,2,1,17,44,1,21,121.5051103,25.0395838
114,06,06,11,28,08士林區,士林區大南路與小西街口,0,0,2,1,B03,8,5,5,30,4,1,1,5,4,5,13,4,4,10,5,5,2,17,1,40,3,10,7,1,7,9,1,8,1,5,75,1,21,121.5233923,25.0897974
114,06,06,11,36,08士林區,士林區承德路4段178號,0,0,1,1,B03,8,6,5,50,14,9,1,5,4,5,13,4,4,1,4,5,2,17,1,77,3,10,7,1,7,15,1,8,2,2,108,1,21,121.5227728,25.0867684
114,06,06,11,46,12內湖區,內湖區舊宗路1段與舊宗路1段150巷口,0,0,1,1,B03,8,6,8,50,3,2,1,5,4,5,13,4,4,1,3,5,1,16,1,75,3,10,7,1,7,6,1,8,2,4,72,1,21,121.5774813,25.0625246
114,06,06,12,59,04大安區,大安區敦化南路1段303-1號,0,0,1,1,B02,7,6,5,50,14,9,1,5,4,5,13,4,4,9,4,5,1,16,2,43,3,10,3,4,7,6,1,8,1,2,9,1,21,121.5490817,25.0346358
114,06,06,13,17,01大同區,大同區延平北路4段與迪化街2段268巷口,0,0,1,1,B03,7,6,5,50,3,1,1,5,4,5,13,4,4,5,4,4,2,17,2,22,3,10,7,1,7,6,1,8,1,5,9,1,21,121.5109297,25.0706125
114,06,06,13,50,05中正區,中正區羅斯福路1段與南海路口,0,0,2,1,C03,6,7,5,30,5,1,1,4,4,1,13,2,1,10,4,5,2,17,1,31,2,8,5,1,7,5,1,10,1,11,42,1,21,121.5181564,25.032808
114,06,06,13,55,05中正區,中正區市民大道2段與林森北路口(迴轉道),0,0,1,1,B03,6,6,5,40,14,6,1,4,4,5,13,4,4,1,4,5,2,13,1,18,3,10,2,1,7,9,1,8,1,1,16,1,22,121.5237107,25.0477923
114,06,06,14,00,04大安區,大安區市民大道4段82號,0,0,1,1,C03,6,6,5,40,14,9,1,4,4,5,13,4,4,10,4,5,1,12,1,60,3,10,6,4,7,7,1,10,1,17,100,1,21,121.547825,25.0448453
114,06,06,14,05,07信義區,信義區基隆路1段與基隆路1段101巷口,0,0,1,1,B03,6,7,5,50,14,9,1,4,4,5,13,1,1,9,4,5,2,13,1,28,3,10,3,4,7,9,1,8,2,1,108,1,21,121.5670526,25.0452546
114,06,06,14,17,10文山區,文山區萬盛街36號與萬盛街口口,0,0,2,1,C03,6,6,5,30,3,2,1,4,4,5,13,4,4,10,5,5,2,16,1,34,2,7,6,1,7,5,1,10,2,11,71,1,21,121.5391795,25.0074915
114,06,06,14,40,09北投區,北投區公館路252號,0,0,1,1,B03,8,5,5,30,11,18,1,5,4,5,13,4,4,5,4,5,2,9,2,38,3,10,3,4,7,9,1,8,2,5,70,1,21,121.5082675,25.125699
114,06,06,14,56,04大安區,大安區建國高架道往南近和平東路,0,0,2,1,B03,6,6,5,70,10,9,1,4,4,5,13,4,4,1,3,5,2,13,1,45,3,10,7,1,7,9,1,8,1,1,108,1,21,121.537696,25.0282174
114,06,06,14,59,03中山區,中山區樂群一路與敬業三路口,0,0,1,1,B03,6,7,5,50,3,1,1,4,4,5,13,2,1,10,5,5,2,16,1,26,3,10,7,1,7,5,1,8,1,7,8,1,21,121.5562512,25.07713523
114,06,06,15,18,07信義區,信義區崇德街與崇德街81巷口,0,0,1,1,F01,6,6,5,50,5,1,1,4,4,3,13,2,1,5,5,5,2,13,2,30,2,8,4,1,7,7,8,20,2,14,100,1,25,121.5548006,25.0242615
114,06,06,16,16,07信義區,信義區基隆路2段107號,0,0,1,1,C03,6,6,5,50,14,9,1,4,4,5,13,4,4,1,5,5,2,13,1,24,2,7,3,4,7,12,1,9,1,11,44,1,21,121.5573735,25.029277
114,06,06,16,20,11南港區,南港區昆陽街173號,0,0,2,1,C03,7,6,5,50,3,1,1,4,4,5,13,4,4,5,5,5,2,12,2,63,2,5,5,1,7,10,1,10,1,12,100,1,22,121.5942212,25.048166
114,06,06,16,45,03中山區,中山區敬業一路168號對面,0,0,1,1,B02,6,7,5,50,14,9,1,4,4,5,13,4,4,5,5,5,2,12,1,27,3,10,7,1,7,8,1,8,1,2,100,1,21,121.5530236,25.08409523
114,06,06,16,46,05中正區,中正區三元街與南海路口,0,0,3,1,B12,6,6,5,50,4,1,1,4,4,5,13,1,1,3,4,5,2,13,1,51,3,10,7,1,7,6,1,8,1,3,9,1,21,121.5090022,25.0295058
114,06,06,16,47,10文山區,文山區興隆路4段109巷與興隆路4段109巷92弄口,0,0,3,1,F01,7,6,5,30,14,9,2,4,4,5,13,2,1,5,4,5,2,17,2,43,2,9,4,1,7,7,8,20,1,14,100,1,21,121.5635552,24.9868686
114,06,06,16,59,06松山區,松山區八德路3段74巷與八德路3段74巷3弄口,0,0,1,1,B03,7,6,5,30,4,1,1,4,4,5,13,4,4,10,4,5,2,15,2,47,3,10,3,4,7,9,1,8,2,1,72,1,22,121.5525097,25.04762733
114,06,06,17,26,10文山區,文山區木柵路1段與辛亥路6段口,0,0,1,1,C03,7,7,5,50,4,1,1,4,4,5,13,1,1,10,5,5,2,16,2,44,3,10,5,1,7,5,1,10,1,17,83,1,21,121.5524075,24.9878154
114,06,06,17,51,11南港區,南港區三重路與南港路1段口,0,0,1,1,C03,7,7,5,50,4,1,1,4,4,5,13,2,1,4,3,4,2,17,1,28,3,10,6,1,7,5,1,10,1,12,8,1,21,121.6143148,25.0551379
114,06,06,17,59,01大同區,大同區延平北路4段與延平北路4段179巷口,0,0,3,1,C03,7,6,5,30,3,1,1,5,4,5,13,4,4,5,4,5,2,17,2,53,2,8,6,4,7,5,1,10,2,11,72,1,22,121.5114428,25.0736141
114,06,06,18,05,09北投區,北投區石牌路1段166巷與致遠一路2段112巷口,0,0,2,1,C03,8,6,5,30,4,1,1,5,4,5,13,4,4,10,5,5,2,15,1,30,2,9,5,1,7,9,1,10,1,12,72,1,21,121.5138822,25.1139705
114,06,06,18,11,10文山區,文山區試院路與無名巷口,0,0,1,1,B01,7,6,5,50,14,9,2,4,4,5,13,4,4,5,5,5,2,17,1,33,3,10,3,1,7,11,1,8,1,17,10,1,21,121.5492307,24.98938186
114,06,06,18,30,08士林區,士林區自強隧道(內)北往南車道,0,0,1,1,C03,7,5,5,50,6,9,1,5,4,5,13,4,4,7,4,5,1,17,1,43,3,10,5,1,7,9,1,10,2,12,108,1,21,121.5487584,25.0911196
114,06,06,18,33,12內湖區,內湖區行愛路與新湖三路口,0,0,1,1,A04,6,6,5,50,4,2,1,4,4,5,13,2,1,5,4,4,2,16,1,59,3,10,7,1,7,6,1,2,9,2,71,1,21,121.5794418,25.0648783
114,06,06,18,36,02萬華區,萬華區康定路與廣州街口,0,0,1,1,C03,8,6,5,50,4,1,1,5,4,5,13,2,1,9,4,5,2,12,1,67,3,10,6,1,7,10,1,10,9,14,100,1,22,121.5014717,25.0365706
114,06,06,18,56,10文山區,文山區羅斯福路6段與羅斯福路6段159巷口,0,0,1,1,C03,6,5,5,50,4,2,1,4,4,5,13,2,1,1,4,5,2,17,1,27,3,10,6,1,7,8,1,10,1,17,100,1,21,121.5409982,24.997143