發生年度,發生月,發生日,發生時-Hours,發生分,區序,肇事地點,死亡人數,2-30日死亡人數,受傷人數,當事人序號,車種,天候,光線,道路類別,速限-速度限制,道路型態,事故位置,路面狀況1,路面狀況2,路面狀況3,道路障礙1,道路障礙2,號誌1,號誌2,車道劃分-分向,車道劃分-分道1,車道劃分-分道2,車道劃分-分道3,事故類型及型態,性別,年齡,受傷程度,主要傷處,保護裝置,行動電話,車輛用途,當事者行動狀態,駕駛資格情形,駕駛執照種類,飲酒情形,車輛撞擊部位1,肇因碼-個別,個人肇逃否,職業,座標-X,座標-Y
114,06,09,06,55,02萬華區,萬華區艋舺大道與長順街口,0,0,1,1,C04,8,5,5,30,3,2,1,5,4,5,13,4,4,10,5,5,2,17,2,59,2,9,3,4,7,6,1,11,1,14,72,1,21,121.4924962,25.0299179
114,06,09,07,21,05中正區,中正區鄭州路與重慶北路1段口,0,0,1,1,C03,8,7,5,40,4,2,1,5,4,5,13,1,1,10,5,5,2,13,1,57,2,7,5,1,7,15,1,10,2,14,42,1,26,121.5135578,25.0492152
114,06,09,07,26,09北投區,北投區大業路527巷51號對面,0,0,1,1,B03,8,6,5,50,3,1,1,5,4,5,13,4,4,5,5,5,2,16,1,45,3,10,7,1,7,9,1,8,9,7,14,2,21,121.4906816,25.1371543
114,06,09,07,36,07信義區,信義區基隆路1段35巷7弄與永吉路127巷口口,0,0,1,1,B03,8,5,8,30,4,1,1,5,4,5,13,4,4,10,5,5,2,9,1,35,3,10,7,1,7,5,1,8,2,8,108,1,22,121.5704891,25.0479906
114,06,09,07,42,06松山區,松山區市民大道5段67號,0,0,1,1,B03,8,7,5,40,14,9,1,5,4,5,13,4,4,1,4,5,2,17,1,58,3,10,7,1,7,6,1,8,2,5,9,1,21,121.5609748,25.04654231
114,06,09,07,43,04大安區,大安區仁愛路4段122巷60號,0,0,1,1,B03,8,6,5,30,14,9,1,5,4,5,13,4,4,9,5,5,1,2,1,71,3,10,3,4,7,9,1,8,1,5,108,1,21,121.5501998,25.0335661
114,06,09,07,55,03中山區,中山區中山北路2段與民權東路1段口,0,0,2,1,C03,8,7,5,50,4,2,1,5,4,5,13,1,1,1,4,5,2,13,2,20,2,8,6,1,7,12,1,10,1,14,44,1,21,121.5230749,25.06289022
114,06,09,08,00,07信義區,信義區忠孝東路5段236巷2弄與忠孝東路5段236巷口,0,0,1,1,F01,8,7,8,50,4,2,1,5,4,5,13,4,4,5,4,5,2,16,1,14,3,10,4,4,7,1,8,20,1,11,19,1,21,121.5718218,25.0404333
114,06,09,08,02,03中山區,中山區樂群二路與堤頂大道2段口,0,0,1,1,C03,8,6,5,50,4,1,1,5,4,5,13,1,1,1,5,1,2,13,2,45,2,8,5,1,7,9,1,10,1,11,16,1,22,121.5625422,25.0803703
114,06,09,08,05,07信義區,信義區中坡南路與中坡南路98巷口,0,0,1,1,B03,8,7,8,30,4,1,1,5,4,5,13,1,1,5,4,5,2,13,1,50,3,10,3,4,7,11,1,8,1,1,10,1,21,121.584365,25.0421813
114,06,09,08,24,06松山區,松山區南京東路3段與南京東路3段269巷口,0,0,2,1,C03,8,5,5,30,3,1,1,5,4,5,13,4,4,9,4,4,2,17,1,28,2,8,6,1,7,6,1,10,1,11,72,1,21,121.5453932,25.05189504
114,06,09,08,25,08士林區,士林區延平北路6段511巷與無名巷口,0,0,1,1,C02,7,6,5,30,3,2,1,5,4,5,13,4,4,10,5,5,2,17,1,34,3,10,5,1,7,5,1,9,1,11,74,1,22,121.5006068,25.0905545
114,06,09,08,34,01大同區,大同區重慶北路3段與哈密街口,0,0,1,1,B12,8,6,5,50,4,2,1,5,4,5,13,2,1,8,3,5,1,16,1,27,3,10,3,4,7,6,1,8,1,2,9,1,21,121.5139432,25.0728786
114,06,09,08,35,04大安區,大安區羅斯福路4段與基隆路4段口,0,0,2,1,C03,8,6,5,50,5,2,1,5,4,5,13,1,1,9,4,5,1,13,1,56,2,8,3,4,7,9,1,10,1,12,108,1,21,121.5375183,25.0115827
114,06,09,08,40,03中山區,中山區明水路與樂群一路口,0,0,1,1,B12,8,7,5,50,14,9,1,5,4,5,13,1,1,1,4,5,2,12,1,52,3,10,7,1,7,9,1,8,9,6,42,1,21,121.544371,25.07950989
114,06,09,08,41,10文山區,文山區老泉街與老泉街口(河堤旁抽水站）,0,0,1,1,C03,8,6,5,40,3,1,1,5,4,5,13,4,4,10,5,5,2,17,1,23,3,10,3,4,7,9,1,10,1,12,108,1,22,121.5670414,24.9797655
114,06,09,09,04,07信義區,信義區忠孝東路5段236巷3弄17號,0,0,1,1,C03,8,6,5,30,14,9,1,5,4,5,13,4,4,10,5,5,2,10,1,26,2,9,6,1,7,12,1,10,1,11,13,1,21,121.5723198,25.0404286
114,06,09,09,09,03中山區,中山區長春路與長春路163巷口,0,0,1,1,B03,7,6,5,50,5,2,1,5,4,5,13,2,1,8,3,4,1,17,1,67,3,10,3,4,7,10,1,8,9,2,17,2,22,121.5336529,25.0548543
114,06,09,09,10,03中山區,中山區天津街與中山北路1段121巷口,0,0,1,1,B03,7,7,5,30,4,1,1,5,4,5,13,4,4,10,5,5,2,15,1,42,3,10,7,1,7,9,1,8,1,1,72,1,21,121.5232322,25.05112299
114,06,09,09,15,07信義區,信義區莊敬路441號,0,0,1,1,B03,8,5,5,40,14,7,1,5,4,5,13,4,4,9,5,4,2,17,1,44,3,10,7,1,7,1,1,8,1,8,19,1,21,121.5669974,25.0270766
114,06,09,09,35,04大安區,大安區建國南路1段與忠孝東路3段口,0,0,2,1,C03,8,5,5,40,4,1,1,5,4,5,13,1,1,1,4,5,2,12,1,56,2,9,6,1,7,7,1,10,1,12,100,1,21,121.5367424,25.0419163
114,06,09,09,39,01大同區,大同區環河北路1段與歸綏街口,0,0,1,1,C03,8,6,5,30,3,1,1,5,4,5,13,4,4,9,4,5,2,17,1,73,2,9,5,1,7,6,1,10,1,14,72,1,21,121.5085199,25.0582379
114,06,09,09,39,11南港區,南港區向陽路與南港路2段口157號,0,0,2,1,C03,8,6,5,50,14,9,1,5,4,5,13,4,4,9,4,5,2,12,1,65,3,10,5,4,7,8,1,10,2,12,100,1,21,121.5949915,25.0539135
114,06,09,09,50,08士林區,士林區社中街與社正路口,0,0,1,1,C03,8,5,5,50,4,1,1,5,4,5,13,1,1,5,4,5,2,17,1,56,3,10,6,1,7,9,1,10,2,13,81,1,22,121.5106175,25.0889201
114,06,09,09,55,07信義區,信義區松仁路9號,0,0,1,1,B01,8,5,8,50,22,22,1,5,4,5,13,4,4,1,4,5,2,17,1,47,3,10,7,1,7,1,1,4,2,17,19,1,21,121.5686347,25.0385001
114,06,09,10,25,12內湖區,內湖區文德路與內湖路2段口,0,0,1,1,B03,8,6,5,30,3,1,1,5,4,5,13,4,4,1,4,5,2,17,1,51,3,10,7,1,7,6,1,8,2,4,72,1,21,121.5791913,25.0786405
114,06,09,10,37,03中山區,中山區北安路458巷41弄與北安路口,0,0,1,1,C03,7,7,5,50,5,1,1,5,4,5,13,1,1,3,4,5,1,17,2,43,3,10,5,1,7,5,1,10,11,17,96,1,21,121.5470443,25.07981971
114,06,09,11,20,03中山區,中山區建國高架道往北長安東路匝道,0,0,2,1,C03,8,7,5,40,8,11,1,5,4,5,13,4,4,1,5,3,2,13,1,27,2,7,6,1,7,9,1,10,1,11,13,1,21,121.5476418,25.04815244
114,06,09,11,31,10文山區,文山區景仁街與景仁街77巷口,0,0,1,1,C03,8,6,5,30,4,1,1,5,4,5,13,4,4,10,5,5,2,15,1,43,2,7,6,1,7,9,1,10,1,12,72,1,21,121.5378453,24.9983837
114,06,09,11,34,11南港區,南港區南港路1段與惠民街口,0,0,1,1,B03,6,7,5,50,3,1,1,4,4,5,13,1,1,9,4,5,2,16,2,55,3,10,3,4,7,5,1,8,1,2,8,1,21,121.6102828,25.0549977
114,06,09,11,40,10文山區,文山區萬慶街與景福街242巷口,0,0,2,1,C03,8,6,5,30,4,1,1,5,4,5,13,4,4,10,5,5,2,15,1,26,2,8,6,1,7,9,1,10,1,14,72,1,21,121.5394084,24.9927342
114,06,09,11,56,02萬華區,萬華區堤外便道北往南（桂林-長順）,0,0,1,1,C03,7,7,5,40,14,9,1,5,4,5,13,4,4,10,5,5,2,18,1,73,2,9,5,1,7,9,6,18,1,14,116,1,21,121.4954174,25.038747
114,06,09,12,22,12內湖區,內湖區康樂街12號對面,0,0,1,1,A02,6,6,5,50,14,9,1,4,4,3,10,4,4,5,5,5,2,3,2,37,3,10,7,1,7,9,1,2,2,4,44,1,21,121.6177975,25.06800398
114,06,09,12,31,08士林區,士林區福國路與福華路口,0,0,1,1,B03,7,6,5,50,4,2,1,5,4,5,13,1,1,1,4,5,1,13,1,50,3,10,3,4,7,5,1,8,1,3,14,1,21,121.522501,25.1018597
114,06,09,13,15,01大同區,大同區塔城街與鄭州路口,0,0,1,1,,8,6,5,50,4,1,1,5,4,5,13,1,1,5,4,5,2,17,4,0,4,11,3,4,7,21,7,19,11,15,119,2,22,121.5106149,25.0500408
114,06,09,13,54,07信義區,信義區基隆路2段109號,0,0,2,1,C03,7,6,5,50,14,9,1,5,4,5,13,1,1,2,3,5,2,13,2,65,2,9,6,1,7,9,1,10,1,11,108,1,21,121.5572528,25.0290402
114,06,09,14,01,07信義區,信義區大道路與忠孝東路5段790巷70弄口,0,0,1,1,B03,7,6,5,30,4,1,1,5,4,5,13,4,4,8,3,5,2,17,1,55,3,10,3,4,7,6,1,8,1,17,9,1,21,121.5827109,25.0404153
114,06,09,14,20,05中正區,中正區水源快速道路往南師大路匝道前,0,0,1,1,B03,7,7,5,60,14,9,1,5,4,5,13,4,4,1,3,5,2,13,1,61,3,10,7,1,7,9,1,4,1,1,16,1,22,121.5217852,25.0204667
114,06,09,15,00,04大安區,大安區敦化南路2段37巷與敦化南路2段口,0,0,1,1,B03,6,7,5,50,3,2,1,4,4,5,13,4,4,8,3,5,1,12,1,47,3,10,7,1,7,15,1,8,1,5,9,1,26,121.5490597,25.0320944
114,06,09,17,05,07信義區,信義區吳興街281巷45號,0,0,2,1,C03,6,7,5,30,14,9,1,4,4,5,13,4,4,10,5,5,2,16,2,42,2,9,6,4,7,5,1,10,1,12,8,1,21,121.5652948,25.0265276
114,06,09,17,06,08士林區,士林區德行東路190巷與忠誠路1段173巷口,0,0,2,1,C03,6,6,5,30,4,1,1,4,4,5,13,4,4,10,5,5,2,15,1,26,2,7,6,1,7,9,1,10,1,12,72,1,21,121.5232578,25.11557522
114,06,09,18,20,02萬華區,萬華區西寧南路126號,0,0,1,1,B01,8,5,5,50,14,9,1,5,4,5,13,4,4,9,4,5,2,17,1,47,3,10,7,4,7,9,1,4,1,1,16,1,21,121.5060048,25.04116633
114,06,09,18,50,07信義區,信義區忠孝東路4段與基隆路1段口,0,0,1,1,,6,5,5,50,4,1,1,4,4,5,13,1,1,3,4,5,2,16,4,0,,,,,,,,,,,119,2,,121.5644708,25.0411903
114,06,09,19,21,06松山區,松山區民生東路3段130巷7弄3號,0,0,1,1,B01,7,5,5,30,14,9,1,4,4,5,13,4,4,10,5,5,2,9,1,46,3,10,7,1,7,9,1,4,2,4,108,1,22,121.5463278,25.05656065
114,06,09,19,50,03中山區,中山區北安路與中山北路4段口八二三砲戰紀念公園前,0,0,2,1,C03,8,5,5,50,5,1,1,5,4,5,13,2,1,1,4,5,2,17,2,19,2,9,6,4,7,9,1,10,2,14,81,1,21,121.522216,25.05801375
114,06,09,20,16,02萬華區,萬華區萬大路303號,0,0,1,1,B03,7,5,5,50,14,9,1,4,4,5,13,4,4,1,4,5,2,12,1,22,3,10,7,1,7,9,1,7,1,6,108,1,21,121.500305,25.02434042
114,06,09,21,00,11南港區,南港區三重路與經貿二路62巷口,0,0,1,1,C03,7,5,5,50,3,2,1,5,4,5,13,4,4,9,4,5,2,17,2,37,2,8,6,1,7,9,1,10,1,11,108,1,21,121.6139703,25.0568812
114,06,09,21,47,11南港區,南港區忠孝東路7段508號,0,0,1,1,C03,7,5,5,40,14,8,1,5,4,5,13,4,4,1,4,4,2,13,1,21,2,9,6,1,7,9,1,10,1,11,16,1,21,121.6102358,25.0523959
114,06,09,22,16,12內湖區,內湖區安康路與五分街口,0,0,2,1,C03,7,5,5,50,4,2,1,5,4,5,13,4,4,5,5,5,2,17,1,19,2,1,6,1,7,9,1,10,1,12,72,1,21,121.6151418,25.06732866
114,06,09,22,54,05中正區,中正區師大路與汀州路3段口,0,0,2,1,B03,8,5,5,50,5,1,1,5,4,5,13,2,1,3,4,5,2,17,1,30,2,9,7,1,7,9,1,8,2,1,81,1,21,121.5256989,25.0208373
114,06,10,00,26,02萬華區,萬華區忠孝西路2段與西寧南路口,0,0,1,1,C03,8,5,5,50,4,1,1,5,4,5,13,1,1,1,1,5,2,17,1,33,2,9,5,1,7,6,1,10,1,11,85,1,22,121.5076689,25.0484825
114,06,10,02,10,02萬華區,萬華區西藏路424號,0,0,1,1,C03,8,5,5,50,14,7,1,5,4,5,13,4,4,1,3,5,2,12,1,30,2,9,5,1,7,9,1,10,1,12,108,1,22,121.4979871,25.0293852
114,06,10,06,20,03中山區,中山區吉林路與農安街口,0,0,1,1,B02,8,7,5,50,4,1,1,5,4,5,13,2,1,9,2,5,2,17,1,66,3,10,7,1,7,6,1,8,1,4,9,1,21,121.5305029,25.06482578
114,06,10,07,23,07信義區,信義區永吉路500號與永吉路502巷口,0,0,2,1,C04,7,6,5,40,3,2,1,5,4,5,13,4,4,8,3,4,2,12,1,58,2,9,6,1,7,9,1,10,1,14,108,1,21,121.5800138,25.045275
114,06,10,07,46,03中山區,中山區中山北路3段水晶天橋前,0,0,2,1,C03,8,7,5,50,14,9,1,5,4,5,13,1,1,5,4,5,2,13,1,62,2,9,3,4,7,9,1,10,1,11,108,1,21,121.5235539,25.0705386
114,06,10,07,54,04大安區,大安區和平東路1段76號,0,0,2,1,F01,8,5,8,0,14,20,4,5,4,5,13,4,4,10,5,5,2,1,1,15,2,8,4,1,7,9,8,20,1,11,70,1,15,121.5245327,25.0267481
114,06,10,07,59,09北投區,北投區溫泉路30巷與公館路口,0,0,2,1,C03,8,5,5,30,3,1,1,5,4,5,13,4,4,10,5,5,2,15,2,43,2,9,5,1,7,9,1,10,1,11,72,1,21,121.5030438,25.1330809
114,06,10,08,01,04大安區,大安區忠孝東路3段與復興南路1段口,0,0,1,1,B03,8,5,5,50,5,2,1,5,4,5,13,2,1,8,3,5,1,16,1,56,4,11,3,4,7,6,7,19,11,15,9,2,22,121.5435375,25.041548
114,06,10,08,25,12內湖區,內湖區康樂隧道155公尺,0,0,3,1,C03,7,5,5,50,9,9,1,5,4,5,13,4,4,4,3,4,1,13,1,27,2,9,3,4,7,9,1,10,1,11,108,1,21,121.6172892,25.0786254
114,06,10,08,35,04大安區,大安區麗水街與金山南路2段141巷口,0,0,1,1,B03,8,6,5,30,4,1,1,5,4,5,13,4,4,10,5,5,1,15,1,74,3,10,3,4,7,9,1,8,1,1,72,1,21,121.5284508,25.0293596
114,06,10,08,40,03中山區,中山區建國北路3段50號,0,0,2,1,C03,8,6,5,50,14,9,1,5,4,5,13,1,1,10,3,5,2,13,2,44,2,1,6,1,7,9,1,10,1,11,108,1,21,121.5365037,25.06492666
114,06,10,08,40,05中正區,中正區襄陽路與懷寧街口,0,0,2,1,C03,7,5,5,50,4,2,1,5,4,5,13,1,1,9,5,5,2,17,1,26,2,9,6,1,7,6,1,10,1,12,9,1,21,121.5140553,25.04342695
114,06,10,08,55,07信義區,信義區市民大道6段與松山路口口,0,0,2,1,C03,8,5,8,40,4,1,1,5,4,5,13,1,1,1,4,5,2,17,1,38,2,8,6,1,7,5,1,10,1,14,8,1,22,121.5777962,25.0489447
114,06,10,09,05,08士林區,士林區雨農橋北向南,0,0,2,1,C03,8,6,5,50,8,9,1,5,4,5,13,4,4,5,5,5,1,17,1,34,2,8,3,4,7,9,1,10,1,11,44,1,21,121.5327368,25.1007204
114,06,10,09,25,06松山區,松山區民權東路3段與復興北路口,0,0,1,1,B03,8,7,5,50,4,1,1,5,4,5,13,2,1,1,4,5,1,16,1,37,3,10,7,1,7,6,1,8,1,5,44,1,21,121.5443729,25.0623281
114,06,10,09,28,12內湖區,內湖區新湖二路與新湖二路146巷口,0,0,2,1,C03,8,6,5,50,5,1,1,5,4,5,13,1,1,5,4,5,2,12,1,29,2,9,5,1,7,5,1,10,1,14,8,1,21,121.5793513,25.0625625
114,06,10,09,44,02萬華區,萬華區興義街25號,0,0,1,1,B03,8,7,5,30,14,9,1,5,4,5,13,4,4,10,5,5,2,14,1,60,3,10,7,1,7,2,1,8,1,3,12,1,21,121.4919965,25.0268852
114,06,10,09,50,02萬華區,萬華區富民路145巷35弄與富民路145巷15弄口,0,0,2,1,C03,8,6,5,30,4,1,1,5,4,5,13,4,4,10,5,5,1,15,1,71,2,2,5,1,7,9,1,10,1,12,4,1,21,121.5007085,25.0197096
114,06,10,10,03,05中正區,中正區中華路2段與廣州街口,0,0,2,1,B03,8,7,5,50,4,1,1,5,4,5,13,1,1,1,4,5,2,13,2,27,3,10,7,1,7,9,1,8,1,1,16,1,22,121.5065694,25.0358191
114,06,10,10,09,12內湖區,內湖區新明路298巷6號,0,0,1,1,B03,8,6,5,50,14,9,1,5,4,5,13,4,4,5,4,5,2,16,1,45,3,10,7,1,7,7,1,8,1,8,100,1,21,121.581982,25.0562448
114,06,10,11,05,10文山區,文山區萬和街與萬安街16巷口,0,0,1,1,C03,8,7,5,40,3,1,1,5,4,5,13,1,1,10,5,5,2,13,1,25,3,10,5,1,7,9,1,10,1,11,16,1,21,121.568806,25.0003715
114,06,10,11,15,09北投區,北投區明德路與東華街1段口,0,0,2,1,C03,8,6,5,50,4,2,1,5,4,5,13,1,1,5,4,5,2,15,1,33,2,7,5,1,7,11,6,10,1,12,10,1,21,121.5194962,25.1093803
114,06,10,11,40,09北投區,北投區承德路7段與立賢路口,0,0,1,1,C03,8,6,5,50,4,1,1,5,4,5,13,1,1,1,4,5,2,16,1,26,3,10,6,1,7,6,1,10,1,12,9,1,21,121.5048493,25.1162369
114,06,10,12,25,03中山區,中山區八德路2段210巷與八德路口側附近2段口,0,0,2,1,C03,8,7,5,50,4,1,1,5,4,5,13,1,1,5,4,5,2,17,2,24,2,7,3,4,7,5,1,10,1,11,44,1,21,121.539252,25.0464414
114,06,10,12,30,09北投區,北投區裕民一路40巷與裕民二路33巷口,0,0,1,1,C03,8,6,5,50,3,1,1,5,4,5,13,1,1,5,5,5,2,16,1,25,2,7,6,1,7,11,1,10,1,14,71,1,21,121.5176719,25.1153995
114,06,10,13,00,08士林區,士林區中正路與承德路4段口,0,0,2,1,C03,8,7,5,50,4,1,1,5,4,5,13,1,1,1,5,5,2,17,1,52,3,10,6,1,7,7,1,10,1,13,100,1,21,121.516601,25.09100562
114,06,10,13,25,04大安區,大安區忠孝東路4段與忠孝東路4段181巷口,0,0,1,1,B03,8,6,5,50,3,1,1,5,4,5,11,2,1,1,4,5,2,3,2,39,3,10,7,1,7,6,1,8,1,5,44,1,21,121.5507583,25.0416862
114,06,10,14,06,07信義區,信義區信義路6段與松山路口,0,0,2,1,C03,8,6,5,50,4,1,1,5,4,5,13,2,1,9,4,5,1,15,1,65,2,9,3,4,7,9,1,10,9,11,44,1,22,121.5784873,25.0362262
114,06,10,14,32,12內湖區,內湖區成功路2段181號,0,0,1,1,C03,8,6,5,50,14,9,1,5,4,5,13,4,4,1,4,5,2,12,1,37,2,9,5,1,7,9,1,10,1,11,108,1,21,121.5906332,25.0663975
114,06,10,14,38,07信義區,信義區信義路5段152號,0,0,1,1,C03,7,7,5,40,14,9,1,5,4,5,13,4,4,10,4,5,2,17,1,32,3,10,6,4,7,9,1,10,1,17,30,1,21,121.5733099,25.032822
114,06,10,14,40,06松山區,松山區八德路4段與塔悠路口,0,0,1,1,B01,8,6,5,50,5,1,1,5,4,5,13,1,1,1,3,4,2,12,1,56,3,10,7,1,7,6,1,4,1,2,9,1,22,121.5724062,25.0500107
114,06,10,15,05,02萬華區,萬華區堤外便道北往南近中興橋（燈桿3014334）,0,0,3,1,C03,8,7,5,40,14,11,1,5,4,5,13,4,4,8,5,5,2,13,2,40,2,9,3,4,7,9,1,10,1,13,44,1,22,121.5017159,25.04544
114,06,10,15,12,10文山區,文山區辛亥路4段與興德路66巷口,0,0,1,1,B12,8,6,5,50,3,2,1,5,4,5,13,3,1,1,4,5,2,12,1,65,3,10,7,1,7,8,1,6,1,2,100,1,21,121.5565367,25.0040732
114,06,10,15,15,03中山區,中山區中山北路2段39巷與林森北路口,0,0,1,1,B03,8,7,5,30,14,9,1,5,4,5,13,2,1,10,5,5,2,12,1,66,3,10,7,4,7,13,1,8,9,4,40,2,21,121.5252092,25.0538864
114,06,10,15,15,05中正區,中正區開封街1段與懷寧街口,0,0,2,1,A12,8,5,5,50,4,2,1,4,4,5,13,4,4,10,5,5,2,17,1,62,3,10,7,1,7,14,1,3,11,17,116,1,21,121.514402,25.0460095
114,06,10,15,29,01大同區,大同區重慶北路3段與重慶北路3段口大橋國小旁,0,0,1,1,C03,8,6,5,50,14,9,1,5,4,5,13,4,4,1,4,5,2,17,2,63,2,9,6,1,7,10,1,10,1,12,100,1,21,121.5135346,25.0641029
114,06,10,15,45,06松山區,松山區塔悠路177號,0,0,2,1,A31,8,6,5,50,14,7,1,5,4,5,13,1,1,1,3,4,2,12,1,35,2,2,7,1,1,9,1,1,2,2,17,1,21,121.5696149,25.0561418
114,06,10,15,56,12內湖區,內湖區民權東路6段11巷43號,0,0,2,1,F01,8,6,5,50,3,2,1,5,4,5,13,2,1,5,5,5,2,17,1,26,2,8,4,1,7,5,8,20,1,14,8,1,21,121.5770528,25.06752155
114,06,10,16,09,06松山區,松山區麥帥一橋西往東第7510309號燈桿,0,0,2,1,C03,8,5,5,40,14,7,1,5,4,5,13,4,4,9,4,5,2,18,1,58,2,9,5,1,7,9,1,10,1,17,108,1,22,121.5704234,25.05131447
114,06,10,16,33,09北投區,北投區大業路476號對向,0,0,1,1,C03,8,7,5,60,14,8,1,5,4,5,13,4,4,3,4,4,2,12,1,19,2,9,6,1,7,8,1,9,1,12,108,1,22,121.4957766,25.1321055
114,06,10,16,42,10文山區,文山區羅斯福路6段52號對面,0,0,1,1,B03,8,6,5,50,14,9,1,5,4,5,13,4,4,1,4,5,2,16,2,39,3,10,7,1,7,7,1,8,1,4,100,1,21,121.5401098,24.9993076
114,06,10,17,25,12內湖區,內湖區新明路335號旁,0,0,1,1,F03,8,6,5,30,3,1,1,5,4,5,13,4,4,10,5,5,2,16,1,72,2,9,5,1,7,9,8,20,2,12,73,1,21,121.5833968,25.056455
114,06,10,17,30,08士林區,士林區延平北路8段2巷56弄70號,0,0,2,1,C03,8,5,5,30,11,9,1,5,4,5,13,4,4,10,5,5,2,11,1,41,2,9,6,1,7,9,1,10,1,14,108,1,21,121.4934868,25.1073248
114,06,10,17,46,12內湖區,內湖區瑞光路28號,0,0,1,1,B03,8,6,5,50,14,9,1,5,4,5,13,4,4,5,4,5,2,16,1,42,3,10,7,1,7,11,1,8,1,5,10,1,21,121.5829286,25.070057
114,06,10,17,50,09北投區,北投區文林北路228號,0,0,2,1,B01,8,6,5,50,14,8,1,5,4,5,13,4,4,1,4,4,2,17,1,66,3,10,7,1,7,10,1,4,1,3,100,1,21,121.5137995,25.1085611
114,06,10,18,05,09北投區,北投區行義路與行義路5巷口,0,0,2,1,C03,8,7,5,50,14,9,1,5,4,5,13,4,4,5,5,5,2,3,2,62,2,9,6,1,7,9,1,10,1,11,118,1,22,121.5260272,25.1241982
114,06,10,18,10,12內湖區,內湖區港華街與港華街29巷口,0,0,2,1,C03,7,5,5,30,3,2,1,5,4,5,13,4,4,5,5,5,2,17,2,47,2,9,5,1,7,9,1,10,2,12,13,1,21,121.5767456,25.08241488
114,06,10,18,27,04大安區,大安區仁愛路4段與敦化南路1段口,0,0,1,1,B03,8,6,5,50,18,9,1,5,4,5,13,2,1,1,4,5,2,13,1,25,3,10,7,1,7,6,1,8,1,1,108,1,21,121.5497332,25.0380636
114,06,10,18,52,10文山區,文山區木柵路5段路邊84號停車格旁,0,0,1,1,B03,8,5,5,50,14,9,1,5,4,5,13,4,4,5,4,5,2,13,1,47,3,10,7,1,7,9,1,8,11,3,44,2,21,121.5793987,25.0011877
114,06,10,19,00,07信義區,信義區忠孝東路5段與基隆路1段口,0,0,1,1,C03,8,5,5,50,4,1,1,5,4,5,13,2,1,1,4,5,1,15,2,31,2,7,3,4,7,9,1,10,1,11,108,1,22,121.5645858,25.0410854
114,06,10,19,03,05中正區,中正區市民大道2段與中山北路1段口,0,0,1,1,B01,8,5,5,40,4,1,1,5,4,5,13,2,1,1,4,5,2,17,1,67,3,10,3,4,7,7,1,4,2,17,100,1,26,121.5207041,25.047955
114,06,10,19,10,12內湖區,內湖區碧山路北向南，近路燈0301835,0,0,2,1,C03,8,5,5,50,14,9,1,5,4,5,13,4,4,9,5,5,2,2,2,32,3,10,5,1,7,9,1,10,1,11,108,1,21,121.5876943,25.0946773
114,06,10,19,17,03中山區,中山區市民大道3段迴轉道（懷生國小）,0,0,1,1,C03,8,5,5,40,11,6,1,5,4,5,13,4,4,8,5,5,2,12,1,39,2,8,6,2,7,9,1,10,1,11,64,1,21,121.5410715,25.0445814
114,06,10,19,18,12內湖區,內湖區內湖路1段741號,0,0,1,1,B01,7,5,5,50,14,7,1,5,4,5,13,4,4,1,4,4,1,11,1,40,3,10,7,1,7,7,1,4,1,4,100,2,26,121.5779375,25.0790597
114,06,10,19,39,07信義區,信義區忠孝東路5段22巷與興雅路附近側附近口,0,0,2,1,B01,7,5,5,50,14,9,1,5,4,5,13,4,4,5,4,5,2,16,1,26,3,10,3,4,7,11,1,4,1,4,10,1,21,121.5661234,25.0403013
114,06,10,20,28,03中山區,中山區長春路188號,0,0,1,1,B03,7,5,5,50,14,9,1,5,4,5,13,1,1,4,3,5,1,7,1,69,3,10,7,1,7,9,1,8,1,2,44,1,21,121.5352221,25.05480708
114,06,10,20,48,01大同區,大同區忠孝橋上坡處,0,0,3,1,A31,8,5,5,50,8,7,1,3,4,1,13,4,4,2,4,4,2,9,1,25,3,10,7,1,7,9,1,1,1,17,44,1,21,121.5072941,25.0487928
114,06,10,20,49,09北投區,北投區三合街2段與清江路口口,0,0,1,1,C03,7,5,5,30,4,1,1,5,4,5,13,4,4,10,5,5,2,15,2,71,2,9,5,1,7,14,1,10,1,11,72,1,21,121.5017285,25.1264364
114,06,10,21,02,02萬華區,萬華區和平西路3段與西園路1段口,0,0,1,1,H01,8,5,5,50,4,2,1,5,4,5,13,2,1,1,4,4,2,9,1,14,3,10,4,5,8,16,8,20,10,16,118,1,22,121.499539,25.0353291
114,06,10,22,12,10文山區,文山區木新路2段與恆光街口口,0,0,1,1,B03,8,5,5,50,4,1,1,5,4,5,13,2,1,5,4,5,2,16,1,45,3,10,7,1,7,5,1,8,1,4,8,1,21,121.5667096,24.9832653
114,06,10,22,30,11南港區,南港區成福路180巷8號,0,0,1,1,B03,8,5,5,30,14,9,1,5,4,5,13,4,4,10,5,5,2,14,1,36,3,10,3,4,7,2,1,8,1,7,12,1,22,121.5874877,25.0411938
114,06,10,23,44,05中正區,中正區永福橋與水源路口匝道,0,0,1,1,B01,7,5,5,30,3,1,1,5,4,5,13,4,4,4,1,5,2,16,1,27,3,10,7,1,7,7,1,4,2,4,100,1,22,121.5282763,25.0117283
114,06,11,06,15,08士林區,士林區中山北路7段170號,0,0,1,1,A02,8,5,5,50,14,9,1,5,4,5,13,4,4,1,3,5,1,17,1,54,3,10,7,1,7,9,1,6,1,15,36,1,21,121.5327642,25.1243028
114,06,11,06,59,04大安區,大安區基隆路2段與嘉興街216巷口,0,0,1,1,B03,8,6,5,50,4,1,1,5,4,5,13,2,1,1,4,5,1,16,2,55,3,10,3,4,7,5,1,8,1,4,98,1,21,121.5560034,25.0274017