發生年度,發生月,發生日,發生時-Hours,發生分,區序,肇事地點,死亡人數,2-30日死亡人數,受傷人數,當事人序號,車種,天候,光線,道路類別,速限-速度限制,道路型態,事故位置,路面狀況1,路面狀況2,路面狀況3,道路障礙1,道路障礙2,號誌1,號誌2,車道劃分-分向,車道劃分-分道1,車道劃分-分道2,車道劃分-分道3,事故類型及型態,性別,年齡,受傷程度,主要傷處,保護裝置,行動電話,車輛用途,當事者行動狀態,駕駛資格情形,駕駛執照種類,飲酒情形,車輛撞擊部位1,肇因碼-個別,個人肇逃否,職業,座標-X,座標-Y
114,06,11,07,27,11南港區,南港區東新街97-3號,0,0,1,1,B03,8,6,5,50,14,9,1,5,4,5,13,4,4,5,5,5,2,16,1,39,3,10,3,4,7,11,1,8,1,4,10,1,21,121.5893994,25.0465859
114,06,11,07,30,08士林區,士林區華齡街1巷與通河街325巷口,0,0,3,1,C03,8,5,5,30,3,2,1,5,4,5,13,4,4,10,5,5,2,16,2,76,2,9,5,1,7,5,1,10,1,11,8,1,21,121.519014,25.08221754
114,06,11,07,36,07信義區,(嘉興街225號前),0,0,1,1,C03,7,6,5,30,3,2,1,5,4,5,13,4,4,8,4,5,2,13,2,40,2,7,6,1,7,9,1,10,1,11,16,1,21,121.5561246,25.0255089
114,06,11,07,37,04大安區,大安區信義路2段與杭州南路2段口,0,0,1,1,C03,8,6,5,50,4,2,1,5,4,5,13,2,1,1,4,5,1,12,1,69,2,8,5,4,7,8,1,10,2,14,100,1,21,121.5242188,25.0352731
114,06,11,07,45,09北投區,北投區西安街2段與立農街1段385巷口,0,0,2,1,C03,8,6,5,50,4,1,1,5,4,5,13,2,1,1,4,5,2,16,1,64,2,7,5,1,7,5,1,10,2,14,8,1,21,121.5087877,25.1201725
114,06,11,07,47,02萬華區,萬華區西藏路199巷69號,0,0,1,1,B03,8,6,5,30,14,9,1,5,4,5,13,4,4,10,5,5,2,17,1,40,3,10,3,4,7,9,1,8,9,4,14,1,22,121.4997823,25.026416
114,06,11,07,54,02萬華區,萬華區艋舺大道與西藏路口,0,0,2,1,C03,8,7,5,40,5,2,1,5,4,5,13,1,1,1,3,1,2,12,2,37,2,9,5,1,7,9,1,10,1,14,108,1,21,121.491345,25.0291532
114,06,11,08,00,09北投區,北投區中央北路2段1號,0,0,1,1,B12,8,5,5,50,14,7,1,5,4,5,13,4,4,4,4,4,2,13,1,77,2,8,7,1,7,9,6,18,2,1,16,1,21,121.4964848,25.136371
114,06,11,08,10,02萬華區,萬華區中興橋機車道往臺北市方向,0,0,1,1,C03,8,5,7,30,14,11,1,5,4,5,13,4,4,10,5,5,2,13,2,34,4,11,3,4,7,9,1,10,11,11,108,2,22,121.5004193,25.04317104
114,06,11,08,10,05中正區,中正區中華路2段315巷5弄與中華路2段307巷口,0,0,1,1,C03,8,7,5,30,3,1,1,5,4,5,13,4,4,9,5,5,2,15,1,31,2,9,5,1,7,9,1,10,1,11,75,1,21,121.5058896,25.0292338
114,06,11,08,14,01大同區,大同區慶昌橋往東近敦煌路88巷,0,0,2,1,B02,8,6,5,50,8,9,1,5,4,5,13,4,4,9,4,5,2,13,1,43,2,6,7,1,7,9,1,8,1,1,108,2,21,121.5165597,25.0760941
114,06,11,08,15,06松山區,松山區民權東路4段往東第0201184號電桿前,0,0,1,1,C03,8,6,6,50,14,9,1,5,4,5,13,4,4,1,4,4,2,13,1,25,2,9,5,1,7,15,1,10,2,11,108,1,21,121.5613397,25.0625388
114,06,11,08,18,10文山區,文山區羅斯福路5段236巷與羅斯福路5段236巷3弄口,0,0,1,1,B03,8,6,5,30,4,1,1,5,4,5,13,4,4,10,5,5,2,15,2,57,3,10,7,1,7,9,1,8,1,5,72,1,21,121.5383819,25.0015236
114,06,11,08,21,11南港區,南港區興南街與重陽路口側附近258巷口,0,0,2,1,C03,8,6,5,50,3,1,1,5,4,5,13,4,4,9,5,5,2,16,2,36,2,9,6,1,7,5,1,10,2,14,8,1,21,121.6036336,25.0570814
114,06,11,08,25,08士林區,士林區中山北路4段新生高架003號桿,0,0,1,1,C02,7,7,5,40,8,9,1,5,4,5,13,4,4,2,5,5,1,17,1,44,2,9,5,1,7,9,1,9,1,11,16,1,21,121.5245878,25.0790574
114,06,11,08,27,04大安區,大安區市民大道3段與建國南路1段口,0,0,1,1,C03,8,6,5,40,14,9,1,5,4,5,13,2,1,1,4,5,1,17,1,46,4,11,3,4,7,21,7,19,11,15,44,2,22,121.5370953,25.0446164
114,06,11,08,35,10文山區,文山區羅斯福路6段與羅斯福路6段150巷口,0,0,1,1,C03,8,6,5,50,14,9,1,5,4,3,10,4,4,1,4,5,2,17,1,40,2,8,6,1,7,7,1,9,2,11,108,1,21,121.5411079,24.9954028
114,06,11,08,39,03中山區,中山區建國北路1段與長安東路2段口,0,0,1,1,B03,8,7,5,50,5,1,1,5,4,5,13,1,1,1,4,5,2,12,1,61,3,10,7,1,7,8,1,8,2,5,100,1,21,121.5369176,25.0484697
114,06,11,08,43,06松山區,松山區民權東路4段80號,0,0,1,1,C04,8,6,5,50,14,7,1,5,4,5,13,4,4,1,3,4,2,12,2,34,2,9,6,1,7,9,1,10,1,14,44,1,22,121.5555934,25.06191034
114,06,11,08,45,03中山區,中山區復興北路與長安東路2段口,0,0,1,1,C03,7,7,5,50,4,2,1,5,4,5,13,1,1,1,4,5,1,13,1,36,2,9,5,1,7,9,1,10,1,11,108,1,21,121.5438179,25.04847732
114,06,11,08,50,11南港區,南港區南港路3段104號,0,0,1,1,C01,8,6,5,50,14,9,1,5,4,5,13,4,4,5,4,5,2,17,1,34,2,9,6,1,7,6,1,9,1,12,9,1,21,121.5901669,25.053584
114,06,11,09,04,03中山區,中山區長安東路2段78-2號,0,0,1,1,C03,8,7,5,50,14,9,1,5,4,5,13,4,4,9,4,5,2,13,1,39,2,7,5,1,7,9,1,10,9,11,44,1,21,121.5209318,25.05042403
114,06,11,09,16,10文山區,文山區興隆路2段241號,0,0,1,1,C03,8,6,5,50,11,9,1,5,4,5,13,4,4,1,4,5,2,13,1,23,2,9,6,1,7,10,1,10,1,11,100,1,21,121.5515661,25.0018625
114,06,11,09,21,10文山區,文山區興隆路4段107巷第0706742燈桿,0,0,1,1,H03,8,7,5,30,14,9,1,4,4,5,13,4,4,10,5,5,2,29,3,65,,,,,,,,,,,129,1,,121.5620389,24.9872046
114,06,11,09,42,07信義區,信義區市民大道6段與松隆路329巷口,0,0,1,1,B11,8,5,5,40,3,2,1,5,4,5,13,1,1,10,5,5,2,17,1,34,3,10,7,1,7,1,1,4,2,2,19,1,21,121.5791726,25.0488797
114,06,11,09,59,07信義區,信義區忠孝東路5段與忠孝東路5段743巷口,0,0,1,1,C03,8,6,5,50,5,2,1,5,4,5,13,2,1,8,3,3,2,17,1,28,2,9,6,1,7,9,1,10,1,14,108,1,22,121.5814084,25.0436507
114,06,11,10,14,08士林區,士林區德行西路與福華路口,0,0,1,1,B03,8,6,5,50,4,2,1,5,4,5,13,2,1,5,4,5,1,3,2,72,3,10,7,1,7,5,1,8,2,1,70,1,21,121.5223381,25.1049759
114,06,11,10,35,10文山區,文山區福和橋與汀州路4段口,0,0,1,1,F01,8,6,5,0,5,1,1,5,4,5,13,2,1,1,4,1,1,17,2,64,2,9,4,1,7,15,8,20,2,12,102,1,21,121.5363185,25.010819
114,06,11,10,47,01大同區,大同區重慶北路2段與民權西路口,0,0,2,1,C03,8,5,5,50,4,1,1,5,4,5,13,2,1,1,4,5,2,12,1,65,2,9,5,1,7,7,1,10,2,13,100,1,21,121.5141023,25.0627645
114,06,11,11,02,03中山區,中山區復興北路與五常街口,0,0,1,1,B01,8,6,5,50,4,1,1,5,4,5,13,1,1,1,4,5,2,16,1,28,3,10,3,4,7,6,1,4,1,5,9,1,22,121.5441573,25.0643128
114,06,11,11,25,05中正區,中正區三元街與南海路口,0,0,1,1,B01,8,6,5,50,5,2,1,5,4,5,13,1,1,5,4,5,2,16,1,37,3,10,7,1,7,11,1,2,1,8,44,1,21,121.5089785,25.0298017
114,06,11,11,30,10文山區,文山區羅斯福路6段與溪口街口,0,0,3,1,C03,8,6,5,30,4,1,1,5,4,5,13,2,1,10,5,5,2,16,1,84,2,7,5,1,7,6,6,18,2,14,82,1,21,121.5410194,24.9940364
114,06,11,11,52,06松山區,松山區南京東路5段66巷2弄與南京東路5段口34號旁無名巷,0,0,1,1,B01,8,6,5,30,4,1,1,5,4,5,13,4,4,10,5,5,2,17,1,32,3,10,7,4,7,6,1,4,1,8,108,1,21,121.5591632,25.0509147
114,06,11,11,56,01大同區,大同區市民大道1段209號,0,0,1,1,B02,8,5,5,40,3,1,1,5,4,5,13,4,4,1,5,5,2,16,1,51,3,10,7,1,7,11,1,8,2,1,72,1,21,121.5194754,25.0483663
114,06,11,12,00,10文山區,文山區木柵路3段13號,0,0,1,1,A02,8,7,5,50,14,9,1,5,4,5,13,4,4,5,5,5,2,17,1,48,3,10,7,1,7,9,1,2,2,17,44,1,21,121.5645932,24.9884764
114,06,11,12,30,10文山區,文山區木柵路1段17巷1號,0,0,1,1,A04,8,6,5,50,14,9,1,5,4,5,13,4,4,5,5,5,1,9,1,53,3,10,7,1,7,9,1,2,1,17,44,1,21,121.5441119,24.9884534
114,06,11,12,46,08士林區,士林區中正路與華聲街口,0,0,1,1,C03,8,6,5,50,3,1,1,5,4,5,13,4,4,3,4,5,1,12,2,56,2,9,6,1,7,8,1,10,1,14,100,1,22,121.5221438,25.0945247
114,06,11,12,50,03中山區,中山區八德路2段210巷與八德路口側附近2段174巷9弄口,0,0,1,1,C03,8,7,5,30,3,1,1,5,4,5,13,4,4,10,5,5,2,17,1,22,2,6,3,4,7,9,1,10,1,12,13,1,21,121.5392195,25.0458284
114,06,11,12,51,07信義區,信義區林口街10巷與福德街60巷口,0,0,2,1,C03,8,5,5,50,4,2,1,5,4,5,13,4,4,10,5,5,2,17,2,60,2,9,6,1,7,9,1,10,1,12,75,1,22,121.5803681,25.0373053
114,06,11,13,04,04大安區,大安區市民大道3段226號與市民大道3段口迴轉道,0,0,1,1,C03,8,6,5,40,3,1,1,5,4,5,13,4,4,1,4,5,2,16,1,64,3,10,6,1,7,8,1,10,2,12,72,1,21,121.5412821,25.0444411
114,06,11,13,07,10文山區,文山區興隆路3段192巷8弄9號,0,0,2,1,C03,8,6,5,30,14,9,1,5,4,5,13,4,4,10,5,5,2,16,1,19,2,8,6,1,7,5,1,10,1,14,8,1,21,121.5580242,24.997626
114,06,11,13,12,01大同區,大同區承德路1段與華陰街口,0,0,1,1,C03,8,5,5,50,14,9,1,5,4,5,13,4,4,1,4,5,2,13,2,42,2,9,5,1,7,9,1,10,1,11,108,1,21,121.5166183,25.0504689
114,06,11,13,45,04大安區,大安區建國高架道下信義匝道,0,0,1,1,B03,8,6,5,40,10,16,1,5,4,5,13,4,4,10,5,5,2,13,1,37,3,10,7,1,7,9,1,8,1,1,108,1,21,121.5377909,25.0376575
114,06,11,13,46,07信義區,信義區吳興街600巷與吳興街600巷98弄口,0,0,1,1,B01,8,6,5,50,5,2,1,5,4,5,13,4,4,10,5,5,2,16,1,47,3,10,3,4,7,9,1,8,1,4,108,1,21,121.5710397,25.0187445
114,06,11,14,00,06松山區,松山區延壽街與延壽街119巷口,0,0,1,1,C03,8,6,5,50,3,2,1,5,4,5,13,4,4,5,4,5,2,16,1,41,2,9,6,4,7,4,1,10,1,12,1,1,21,121.5648207,25.05699266
114,06,11,14,18,09北投區,北投區承德路7段與立農街1段口,0,0,2,1,C03,8,7,6,60,3,1,1,5,4,5,13,4,4,1,4,5,2,16,2,44,2,9,3,4,7,6,1,10,2,12,9,1,26,121.502709,25.1186511
114,06,11,14,49,03中山區,中山區錦西街8號與民生西路3巷口,0,0,1,1,C03,8,6,5,50,5,2,1,5,4,5,13,4,4,8,4,5,1,17,1,80,2,9,5,1,7,5,1,10,2,12,72,1,21,121.5217443,25.0603546
114,06,11,14,57,06松山區,松山區南京東路5段88號,0,0,1,1,B01,8,6,5,50,14,7,1,5,4,5,13,4,4,1,4,4,2,17,1,60,3,10,7,4,7,7,1,3,1,17,100,1,21,121.5613583,25.0514251
114,06,11,14,58,07信義區,信義區信安街與嘉興街219巷口,0,0,1,1,F01,8,6,5,50,4,2,1,5,4,5,13,1,1,4,5,5,2,16,4,0,,,,,7,5,8,20,11,14,119,2,21,121.5568101,25.0256104
114,06,11,15,06,09北投區,北投區中央北路1段與光明路口,0,0,1,1,B03,8,7,5,50,4,1,1,5,4,5,13,3,1,5,4,5,1,16,2,52,3,10,7,1,7,5,1,8,1,8,72,1,22,121.5015702,25.1332708
114,06,11,15,08,04大安區,大安區忠孝東路3段217巷與忠孝東路3段217巷4弄口,0,0,1,1,C03,8,6,5,30,4,1,1,5,4,5,13,4,4,10,5,5,1,15,2,45,2,9,3,4,7,9,1,10,1,14,72,1,21,121.5397439,25.0428419
114,06,11,15,18,11南港區,南港區重陽路與園區街58巷口,0,0,1,1,B03,8,6,5,50,4,1,1,5,4,5,13,2,1,4,3,5,2,17,1,54,3,10,3,4,7,11,1,8,2,4,10,1,21,121.6112291,25.0599316
114,06,11,15,32,12內湖區,內湖區成功路4段與成功路4段182巷口口,0,0,1,1,B12,8,6,5,30,3,1,1,5,4,5,13,4,4,1,4,4,2,15,1,49,3,10,3,4,7,15,1,8,9,8,72,1,22,121.5941689,25.083608
114,06,11,15,40,05中正區,中正區羅斯福路1段與南海路口,0,0,2,1,C03,8,6,5,30,4,1,1,5,4,5,13,1,1,10,4,5,2,3,2,47,2,9,5,1,7,9,1,10,1,11,70,1,21,121.5179371,25.03283941
114,06,11,15,50,04大安區,大安區辛亥路3段與基隆路3段口,0,0,1,1,B03,8,6,5,50,14,7,1,5,4,5,13,2,1,1,4,1,2,17,1,64,3,10,3,4,7,9,1,8,2,1,16,1,22,121.5457853,25.0187422
114,06,11,16,04,10文山區,文山區萬芳路111號,0,0,4,1,C03,8,6,5,50,14,9,1,5,4,5,13,4,4,5,4,5,2,12,1,77,2,7,6,1,7,7,6,9,1,14,100,1,21,121.5615698,24.9972249
114,06,11,16,20,05中正區,中正區忠孝東路1段12號,0,0,1,1,B01,8,5,8,50,14,9,1,5,4,5,13,4,4,9,4,5,2,17,1,64,3,10,7,1,7,6,1,4,2,6,9,1,21,121.5219204,25.0450249
114,06,11,16,20,12內湖區,內湖區內湖路3段131號,0,0,1,1,C03,7,5,5,30,14,9,1,5,4,5,13,4,4,10,5,5,2,12,1,18,3,10,3,4,7,5,1,10,1,14,8,1,21,121.5899892,25.0868631
114,06,11,16,34,05中正區,中正區汀州路3段120號,0,0,2,1,F01,8,7,5,50,14,9,1,5,4,5,13,4,4,9,5,5,2,16,1,22,2,8,4,1,7,5,8,20,1,11,8,1,21,121.5336215,25.0141017
114,06,11,16,35,07信義區,信義區嘉興街與基隆路2段口,0,0,1,1,C03,8,6,5,30,3,2,1,5,4,5,13,4,4,1,5,5,2,17,2,18,2,9,6,1,7,7,1,10,1,14,72,1,21,121.5578412,25.0303193
114,06,11,16,36,04大安區,大安區忠孝東路3段與忠孝東路3段251巷口,0,0,1,1,B03,8,6,5,50,4,4,1,5,4,5,13,2,1,1,4,5,1,12,2,64,3,10,3,4,7,9,3,18,6,5,108,1,21,121.5418476,25.0417455
114,06,11,16,45,06松山區,松山區撫遠街453號,0,0,1,1,B01,7,6,5,50,14,8,1,5,4,5,13,4,4,1,3,4,2,17,1,36,3,10,7,1,7,6,1,4,1,3,44,1,21,121.564364,25.070711
114,06,11,17,19,07信義區,信義區福德街與福德街221巷口,0,0,1,1,B03,7,5,5,50,4,1,1,5,4,5,13,1,1,5,5,5,2,16,2,73,3,10,7,1,7,5,1,8,1,8,71,1,21,121.584878,25.0385002
114,06,11,17,25,06松山區,松山區八德路2段366巷47號,0,0,1,1,B01,8,7,8,30,14,9,1,5,4,5,13,4,4,10,5,5,2,2,1,42,3,10,7,1,7,9,1,2,1,2,108,1,22,121.5460165,25.04616522
114,06,11,17,48,08士林區,士林區芝玉路2段84巷與德行東路283巷口,0,0,2,1,C03,8,7,5,30,4,1,1,5,4,5,13,4,4,10,5,5,1,17,1,64,2,9,6,1,7,9,1,10,1,12,72,1,21,121.5358519,25.1123642
114,06,11,17,53,04大安區,大安區溫州街16巷9號,0,0,1,1,B03,8,6,5,30,14,9,1,5,4,5,13,4,4,10,5,5,2,17,2,54,3,10,3,4,7,1,1,8,1,5,19,1,22,121.5325799,25.0253685
114,06,11,18,16,12內湖區,內湖區瑞光路513巷22弄5號,0,0,1,1,B03,8,6,5,50,14,9,1,5,4,3,10,4,4,9,5,5,2,3,1,34,3,10,7,1,7,9,1,8,1,5,44,1,21,121.5688941,25.0799241
114,06,11,18,19,08士林區,士林區後港街162巷10弄40號附近,0,0,1,1,C03,8,6,5,30,11,9,1,5,4,5,13,4,4,10,5,5,2,10,1,42,2,9,6,1,7,9,1,10,1,14,42,1,21,121.5201686,25.0884336
114,06,11,18,20,07信義區,信義區忠孝東路5段269號,0,0,2,1,C03,7,7,5,50,14,9,1,5,4,5,13,4,4,1,4,5,2,12,1,48,2,9,5,1,7,7,3,18,2,14,100,1,21,121.5708921,25.0409995
114,06,11,18,37,03中山區,中山區建國北路1段與建國北路1段50巷口,0,0,1,1,C03,8,5,5,50,14,9,1,5,4,5,13,4,4,8,3,5,2,13,1,27,2,9,6,4,7,9,1,10,2,11,16,1,21,121.5364164,25.0479581
114,06,11,18,44,12內湖區,內湖區成功路5段31號,0,0,1,1,C04,7,5,5,50,14,7,1,5,4,5,13,4,4,1,4,4,2,12,2,51,2,9,6,1,7,7,1,10,1,14,100,1,22,121.6047055,25.0829647
114,06,11,18,45,07信義區,信義區忠孝東路4段與光復南路口,0,0,1,1,C03,8,5,5,50,4,2,1,5,4,5,13,2,1,1,4,5,1,16,1,39,3,10,3,4,7,6,1,10,1,11,9,1,22,121.557905,25.0412315
114,06,11,19,02,07信義區,信義區基隆路1段與松壽路口,0,0,1,1,C03,7,5,5,50,4,2,1,5,4,5,13,2,1,1,4,5,2,17,1,24,3,10,6,1,7,9,1,10,1,12,108,1,22,121.5613717,25.0358354
114,06,11,19,30,09北投區,北投區明德路與懷德街口,0,0,2,1,B01,7,5,5,50,4,2,1,5,4,5,13,4,4,9,5,5,2,12,1,54,3,10,7,1,7,13,1,4,1,4,40,1,21,121.5201589,25.1099906
114,06,11,19,39,12內湖區,內湖區潭美街與安美街口口,0,0,2,1,C03,8,5,5,40,4,2,1,5,4,5,13,2,1,5,5,5,2,12,1,31,2,8,5,1,7,9,1,10,1,12,108,1,21,121.5971923,25.0604369
114,06,11,19,51,03中山區,中山區建國北路3段與農安街口,0,0,1,1,C03,8,5,5,50,3,2,1,5,4,5,13,2,1,1,4,5,2,17,2,75,2,9,5,1,7,7,1,10,1,13,100,1,21,121.5371041,25.0649368
114,06,11,19,53,12內湖區,內湖區新明路271號,0,0,1,1,B03,8,5,5,40,14,8,1,5,4,5,13,4,4,5,4,4,2,17,1,49,3,10,7,1,7,2,1,8,1,3,12,1,21,121.5862889,25.05772642
114,06,11,19,56,10文山區,文山區辛亥路5段與辛亥路5段25巷口,0,0,1,1,C03,8,5,5,30,4,1,1,5,4,5,13,2,1,5,5,5,2,16,1,52,3,10,6,1,7,5,1,10,2,11,71,1,21,121.554051,24.9998765
114,06,11,20,25,02萬華區,萬華區康定路與康定路278巷口,0,0,2,1,C03,8,5,5,50,3,2,1,5,4,5,13,4,4,5,4,5,2,12,2,30,2,9,6,1,7,10,1,10,1,12,100,1,21,121.5071923,25.03513164
114,06,11,20,30,01大同區,大同區鄭州路145號,0,0,1,1,B03,7,5,8,40,22,22,1,5,4,5,13,4,4,1,4,5,2,17,1,80,3,10,3,4,7,1,1,8,1,8,19,1,21,121.5092186,25.0504753
114,06,11,20,50,03中山區,中山區復興北路26號,0,0,1,1,C03,8,5,5,30,14,9,1,5,4,5,13,4,4,1,4,5,2,18,1,21,2,9,6,1,7,9,1,10,1,14,13,1,25,121.5438876,25.04886673
114,06,11,21,40,03中山區,中山區市民大道3段25號,0,0,2,1,C03,7,5,5,40,14,9,1,5,4,5,13,4,4,1,4,5,2,13,1,27,2,9,5,1,7,9,1,10,2,11,108,1,21,121.5340952,25.0452361
114,06,11,21,57,09北投區,北投區中央北路4段與大度路3段口,0,0,1,1,B03,7,6,5,50,3,1,1,5,4,5,13,1,1,9,4,5,2,17,2,68,3,10,7,1,7,5,1,8,9,17,71,2,21,121.4648933,25.1243406
114,06,11,22,33,03中山區,中山區吉林路47號與吉林路口,0,0,2,1,B03,8,5,5,50,4,1,1,5,4,5,13,4,4,8,3,5,2,16,1,72,3,10,7,4,7,11,1,8,2,8,10,1,21,121.5301107,25.0526139
114,06,12,00,11,07信義區,信義區忠孝東路4段515號,0,0,1,1,C03,7,5,5,50,14,9,1,5,4,5,13,4,4,3,4,5,2,13,1,24,2,9,6,4,7,9,1,10,1,11,16,1,21,121.5608479,25.0413422
114,06,12,00,39,12內湖區,內湖區康樂街120號,0,0,2,1,C03,8,5,5,50,14,9,1,5,4,5,13,4,4,9,5,5,2,17,1,47,2,9,6,1,7,11,1,10,2,12,10,1,21,121.6191978,25.07137079
114,06,12,00,50,02萬華區,萬華區長順街與長順街14巷口,0,0,1,1,C03,7,5,5,30,4,1,1,5,4,5,13,4,4,9,5,5,2,16,1,42,2,9,3,4,7,9,1,10,1,11,108,1,22,121.4902943,25.0316289
114,06,12,00,50,04大安區,大安區大安路1段與復興南路1段107巷口,0,0,1,1,B03,7,5,5,30,4,1,1,5,4,5,13,4,4,10,5,5,2,15,1,30,3,10,3,4,7,9,1,8,1,2,72,1,22,121.5461684,25.0435938
114,06,12,02,23,01大同區,大同區環河北路1段與民生西路423巷口口,0,0,1,1,C03,8,5,5,30,3,1,1,5,4,5,13,4,4,1,4,5,2,17,1,54,3,10,6,1,7,6,1,10,1,11,72,1,21,121.5085003,25.0578139
114,06,12,03,55,04大安區,大安區忠孝東路3段與建國南路1段口,0,0,1,1,B01,8,6,5,50,14,9,1,5,4,5,13,2,1,1,4,5,2,13,1,46,3,10,3,4,7,3,1,4,1,5,18,1,21,121.5364709,25.0417092
114,06,12,06,02,09北投區,北投區立農街2段202巷與立農街2段202巷3弄口口,0,0,2,1,C03,8,6,5,30,4,1,1,5,4,5,13,4,4,10,5,5,2,17,2,53,2,8,5,1,7,5,1,10,1,11,72,1,21,121.5140534,25.1182707
114,06,12,06,45,01大同區,大同區西寧北路與迪化街1段46巷口,0,0,1,1,B03,7,6,5,50,3,1,1,5,4,5,13,4,4,4,4,5,2,16,1,43,3,10,7,1,7,11,1,8,1,4,10,1,21,121.5089216,25.0550018
114,06,12,06,47,04大安區,大安區信義路4段與信義路4段199巷口,0,0,2,1,C03,7,7,5,50,14,9,1,5,4,5,13,2,1,1,4,5,2,17,2,19,2,9,3,4,7,5,1,10,1,14,8,1,21,121.5515581,25.0333208
114,06,12,06,57,05中正區,中正區市民大道1段168號,0,0,1,1,B03,8,6,5,40,14,9,1,5,4,5,13,4,4,1,4,5,2,13,1,29,3,10,7,1,7,8,1,8,2,1,100,1,22,121.5184756,25.0483306
114,06,12,06,57,12內湖區,內湖區陽光街365巷與陽光街口,0,0,1,1,B03,7,7,5,50,3,1,1,5,4,5,13,4,4,9,5,5,2,16,2,56,3,10,7,1,7,6,1,8,1,5,9,1,21,121.5769325,25.072997
114,06,12,07,40,08士林區,士林區中山北路5段470巷8號,0,0,2,1,C03,6,5,5,50,14,9,1,4,4,5,13,4,4,9,4,5,2,16,2,20,2,9,5,1,7,5,1,10,1,14,8,1,21,121.52987,25.09604554
114,06,12,07,44,04大安區,大安區敦南街與臥龍街56巷口,0,0,1,1,F01,8,6,5,30,3,1,1,5,4,5,13,4,4,10,5,5,1,16,1,14,3,10,4,4,7,9,8,20,2,12,108,1,21,121.5468462,25.0219091
114,06,12,07,51,05中正區,中正區市民大道2段與林森北路口,0,0,2,1,C03,7,6,5,40,4,1,1,5,4,5,13,1,1,10,2,5,2,16,1,51,2,9,6,4,7,9,1,10,2,11,16,1,22,121.5242102,25.04740659
114,06,12,07,56,01大同區,大同區延平北路4段201號,0,0,2,1,C03,8,7,5,50,14,9,1,5,4,5,13,2,1,5,5,5,2,17,2,55,2,9,3,4,7,15,1,10,11,14,42,1,21,121.5114566,25.074062
114,06,12,08,15,02萬華區,萬華區中華路1段與南寧路口,0,0,5,1,A02,7,5,5,50,5,2,1,5,4,5,13,1,1,1,1,5,2,9,1,31,3,10,7,1,7,12,1,2,2,17,44,1,22,121.5063672,25.037083
114,06,12,08,24,07信義區,信義區富陽街59號,0,0,1,1,C03,6,7,5,50,14,9,1,4,4,5,13,4,4,9,4,5,2,18,2,70,2,9,5,1,7,9,1,10,1,14,42,1,21,121.5564314,25.0221763
114,06,12,08,30,02萬華區,萬華區忠孝西路2段與忠孝西路2段16巷口,0,0,1,1,B12,6,5,5,50,3,1,1,4,4,5,13,4,4,1,4,5,2,17,1,36,3,10,7,4,7,6,1,6,1,5,9,1,21,121.5085413,25.048256
114,06,12,08,35,12內湖區,內湖區行忠路171巷(北向南)私人停車場出入口,0,0,1,1,B03,6,6,6,50,14,9,1,4,4,5,13,4,4,8,3,5,1,16,1,56,3,10,7,1,7,6,1,8,1,2,9,1,21,121.5810951,25.0673355
114,06,12,08,56,04大安區,大安區臥龍街151巷16號,0,0,1,1,B03,6,7,5,50,14,9,1,4,4,5,13,4,4,9,4,5,2,9,1,21,3,10,3,4,7,9,1,8,1,2,17,1,21,121.5511963,25.0187138
114,06,12,08,59,07信義區,信義區信義路4段415號,0,0,1,1,C03,7,5,5,50,14,9,1,4,4,5,13,1,1,5,5,5,2,29,2,32,2,8,5,1,7,9,1,10,1,14,44,1,21,121.5595951,25.0333305
114,06,12,09,05,04大安區,大安區雲和街與龍泉街口,0,0,1,1,F02,6,6,5,30,4,1,1,4,4,5,8,4,4,10,5,5,1,15,2,72,2,9,5,4,7,9,8,20,1,12,72,1,21,121.5293605,25.0235638
114,06,12,10,11,07信義區,信義區信安街15巷與信安街口,0,0,1,1,B01,6,6,5,30,4,1,1,4,4,5,13,2,3,5,5,5,2,15,1,46,3,10,3,4,7,9,1,4,2,4,72,1,21,121.558117,25.0278832
114,06,12,10,25,10文山區,文山區木新路2段225號,0,0,1,1,B02,6,5,5,50,14,9,1,4,4,5,10,4,4,10,4,5,2,3,1,47,3,10,3,4,7,9,1,8,1,2,70,1,22,121.5673925,24.983492
114,06,12,10,45,01大同區,大同區鄭州路與西寧北路口,0,0,1,1,C03,6,7,5,50,4,1,1,4,4,5,13,1,1,1,4,5,2,3,1,75,3,10,6,1,7,6,1,10,9,11,70,2,21,121.508271,25.0507363
114,06,12,11,05,11南港區,南港區三重路與經貿二路106巷口,0,0,1,1,B01,6,6,5,50,3,1,1,4,4,5,13,2,1,4,3,5,2,16,1,53,3,10,3,4,7,11,1,4,1,4,98,1,21,121.6141269,25.0583639
114,06,12,11,20,08士林區,士林區中山北路5段與福國路口旁,0,0,1,1,B01,6,6,5,50,5,2,1,4,4,5,13,2,1,3,4,5,2,17,1,37,3,10,3,4,7,9,1,4,2,5,108,1,21,121.520095,25.1201541
114,06,12,11,29,07信義區,信義區莊敬路325巷32號與莊敬路口側附近341巷4弄口,0,0,1,1,C03,6,6,5,30,4,1,1,4,4,5,13,4,4,8,5,5,2,17,2,40,2,9,3,4,7,9,1,10,1,17,116,1,22,121.5642253,25.0285212
114,06,12,11,35,08士林區,士林區延平北路5段與重慶北路4段1巷口,0,0,2,1,C03,6,6,5,50,4,2,1,4,4,5,13,1,1,3,4,5,2,12,1,62,2,8,5,1,7,8,1,10,1,14,100,1,21,121.5111479,25.0793633