發生年度,發生月,發生日,發生時-Hours,發生分,區序,肇事地點,死亡人數,2-30日死亡人數,受傷人數,當事人序號,車種,天候,光線,道路類別,速限-速度限制,道路型態,事故位置,路面狀況1,路面狀況2,路面狀況3,道路障礙1,道路障礙2,號誌1,號誌2,車道劃分-分向,車道劃分-分道1,車道劃分-分道2,車道劃分-分道3,事故類型及型態,性別,年齡,受傷程度,主要傷處,保護裝置,行動電話,車輛用途,當事者行動狀態,駕駛資格情形,駕駛執照種類,飲酒情形,車輛撞擊部位1,肇因碼-個別,個人肇逃否,職業,座標-X,座標-Y
114,06,12,11,36,02萬華區,萬華區環河南路2段與長順街口,0,0,1,1,C03,6,7,5,50,4,2,1,4,4,5,13,2,1,1,4,5,2,12,2,65,2,9,6,1,7,9,1,10,1,14,17,1,21,121.4909397,25.0314677
114,06,12,11,41,04大安區,大安區敦化南路2段與安和路2段171巷口,0,0,1,1,B01,7,6,5,50,4,1,1,4,4,5,13,2,1,1,4,5,2,3,1,57,3,10,7,1,7,7,1,4,1,8,108,1,21,121.5488995,25.0281101
114,06,12,11,45,08士林區,士林區中山北路5段與中正路口,0,0,1,1,C03,6,6,5,50,4,1,1,4,4,5,13,1,1,3,4,5,2,17,2,19,2,8,6,1,7,8,1,10,1,14,42,1,22,121.5281015,25.0958351
114,06,12,11,47,08士林區,士林區小西街與大南路口,0,0,1,1,B03,6,6,5,30,4,1,1,4,4,5,13,4,4,10,5,5,2,17,1,56,3,10,7,1,7,12,1,8,9,17,72,1,21,121.523365,25.089786
114,06,12,11,57,08士林區,士林區延平北路6段與社中街口,0,0,2,1,B03,6,6,5,50,5,1,1,3,4,5,13,2,1,1,3,4,1,15,1,24,3,10,7,1,7,9,1,8,2,5,81,1,21,121.501457,25.09053043
114,06,12,12,03,07信義區,信義區松仁路與忠孝東路5段236巷2弄口,0,0,1,1,F01,6,6,5,50,3,2,1,4,4,5,13,4,4,5,5,5,2,17,1,63,2,9,4,4,7,5,8,20,1,12,72,1,22,121.5683474,25.0403297
114,06,12,12,20,05中正區,中正區南海路與牯嶺街口,0,0,1,1,B03,6,6,5,30,4,1,1,4,4,5,13,2,1,10,4,5,2,17,1,48,3,10,7,1,7,5,1,8,1,4,8,1,21,121.5149987,25.03200013
114,06,12,12,23,06松山區,松山區民權東路5段與塔悠路口,0,0,1,1,B01,6,6,5,50,14,9,1,4,4,5,13,2,1,3,4,5,2,13,1,47,3,10,3,4,7,9,1,4,2,1,108,1,22,121.5681706,25.0636665
114,06,12,13,29,10文山區,文山區木柵路1段53號旁,0,0,2,1,F01,6,6,5,30,14,9,1,4,4,5,13,4,4,5,5,5,2,17,1,88,2,9,4,1,7,5,8,20,1,11,8,1,21,121.5452608,24.9870371
114,06,12,13,37,05中正區,中正區寧波西街與南昌路1段口,0,0,2,1,B03,6,6,5,50,4,1,1,4,4,5,13,1,1,7,4,5,2,17,1,32,2,1,7,1,7,1,1,8,2,8,19,1,21,121.5174911,25.03070025
114,06,12,13,53,02萬華區,萬華區中華路1段與長沙街2段口,0,0,2,1,B02,6,6,5,50,4,1,1,4,4,5,13,2,1,1,4,1,2,17,2,54,3,10,7,1,7,6,7,19,9,2,98,1,21,121.5076243,25.040575
114,06,12,14,09,02萬華區,萬華區環河南路1段與峨眉街口,0,0,1,1,B03,6,7,5,30,3,1,1,4,4,5,13,4,4,5,4,5,2,16,1,45,3,10,3,4,7,6,1,8,1,6,9,1,22,121.5014921,25.0447556
114,06,12,14,40,09北投區,北投區石牌路2段與裕民三路口,0,0,1,1,C03,6,7,5,50,3,1,1,4,4,5,13,4,4,5,2,5,2,16,2,26,2,9,6,1,7,5,1,10,1,11,99,1,22,121.5159566,25.1161848
114,06,12,15,19,08士林區,士林區承德路5段80號,0,0,1,1,B02,6,6,5,50,14,11,1,4,4,5,13,4,4,3,4,4,1,12,2,69,3,10,7,1,7,7,1,8,1,7,100,1,22,121.514541,25.0945534
114,06,12,15,24,03中山區,中山區建國北路1段與長安東路2段口,0,0,2,1,C03,8,5,5,50,4,1,1,4,4,5,13,2,1,8,3,5,2,12,2,44,2,9,6,4,7,6,1,10,2,11,99,1,21,121.5369868,25.0483691
114,06,12,15,27,06松山區,松山區八德路4段與八德路4段245巷口,0,0,1,1,B12,7,6,5,50,3,1,1,4,4,5,13,1,1,4,4,5,2,16,1,28,3,10,7,1,7,5,1,8,1,5,71,1,21,121.5648694,25.0489501
114,06,12,15,45,05中正區,中正區南海路與牯嶺街口口,0,0,1,1,C03,6,6,5,30,4,1,1,4,4,1,11,1,1,10,4,5,1,17,2,25,2,8,6,1,7,9,1,10,2,11,16,1,21,121.5155119,25.0320433
114,06,12,16,00,03中山區,中山區錦州街50號,0,0,1,1,C03,6,7,5,50,14,9,1,4,4,5,13,4,4,9,4,5,2,17,1,34,2,6,5,1,7,7,1,10,1,11,100,1,21,121.5270989,25.0602329
114,06,12,16,01,07信義區,信義區松隆路161號,0,0,1,1,B03,6,7,5,50,14,9,1,4,4,5,13,1,1,9,4,5,2,17,1,56,3,10,7,1,7,11,1,8,1,4,10,1,21,121.5743528,25.0481032
114,06,12,16,12,04大安區,大安區基隆路2段224號,0,0,2,1,B03,6,6,5,50,14,9,1,4,4,5,13,4,4,3,4,5,1,13,1,60,3,10,3,4,7,9,1,8,1,1,108,1,21,121.5514922,25.0235395
114,06,12,17,07,03中山區,中山區民權東路2段與吉林路口,0,0,1,1,C03,6,6,5,50,14,9,1,4,4,5,13,2,1,8,3,5,2,13,1,28,2,9,6,4,7,9,1,10,9,11,16,1,21,121.5301929,25.0626349
114,06,12,17,09,03中山區,中山區復興北路與長安東路2段口,0,0,2,1,C03,7,7,5,50,4,2,1,5,4,5,13,1,1,1,4,5,2,13,1,63,3,10,5,1,7,14,1,10,1,13,114,2,22,121.5440051,25.0480246
114,06,12,17,10,01大同區,大同區台北橋機慢車道往北市下橋前第一燈桿,0,0,1,1,C03,8,6,7,40,8,11,1,5,4,5,13,4,4,8,3,5,2,12,1,34,3,10,6,1,7,10,1,10,1,13,100,1,21,121.5105327,25.0629242
114,06,12,17,11,08士林區,士林區基河路251巷與基河路口,0,0,1,1,C03,7,6,5,30,4,2,1,5,4,5,13,2,1,10,5,5,2,17,1,27,2,9,6,1,7,9,1,10,2,11,5,1,23,121.521575,25.0913491
114,06,12,17,50,05中正區,中正區仁愛路2段94號,0,0,2,1,B01,7,6,5,50,14,9,1,5,4,5,13,4,4,1,4,5,2,16,1,63,3,10,7,1,7,15,1,4,2,4,8,1,22,121.5312524,25.038091
114,06,12,17,55,05中正區,中正區市民大道1段與中山北路1段口,0,0,1,1,C04,7,7,5,50,4,1,1,5,4,5,13,1,1,5,4,5,2,13,2,26,2,9,5,1,7,9,1,10,1,11,108,1,21,121.5206232,25.0480719
114,06,12,17,56,01大同區,大同區民權西路與重慶北路3段口,0,0,3,1,C03,7,5,5,50,5,2,1,5,4,5,13,4,4,1,5,5,2,17,1,77,2,8,6,1,7,9,1,10,2,14,108,1,21,121.5141106,25.0631116
114,06,12,18,12,03中山區,中山區林森北路與新生北路3段56巷口,0,0,1,1,C03,7,7,5,50,4,1,1,5,4,5,13,2,1,5,5,5,1,13,1,29,3,10,5,1,7,9,1,10,1,11,108,1,21,121.525762,25.06539464
114,06,12,18,43,04大安區,大安區四維路與四維路76巷口,0,0,2,1,C03,7,5,5,30,4,1,1,5,4,5,13,3,1,8,5,5,1,15,1,38,2,9,5,1,7,9,1,10,1,11,72,1,21,121.5480692,25.0342471
114,06,12,18,48,12內湖區,內湖區成功路4段182巷6弄與成功路4段口,0,0,2,1,C03,7,5,5,50,4,1,1,5,4,5,13,2,1,1,4,4,2,17,1,29,2,9,5,1,7,6,6,10,2,13,9,1,21,121.5934538,25.083071
114,06,12,19,25,05中正區,中正區中山南路與信義路1段口,0,0,1,1,B03,8,5,5,50,4,1,1,5,4,5,13,1,2,1,4,1,1,17,1,43,3,10,7,1,7,9,6,8,1,1,80,1,21,121.5179659,25.0386624
114,06,12,19,36,01大同區,大同區民族西路80號,0,0,1,1,C03,6,5,5,50,14,9,1,4,4,5,13,4,4,5,4,5,2,13,2,52,2,9,6,1,7,9,1,10,2,11,108,1,21,121.517217,25.0685174
114,06,12,19,44,07信義區,信義區福德街與大道路口,0,0,1,1,B03,6,5,5,50,4,2,1,4,4,5,13,2,1,1,4,5,1,3,2,36,3,10,3,4,7,5,1,8,1,1,70,1,22,121.5838614,25.0380126
114,06,12,20,57,06松山區,松山區富錦街107巷與富錦街77巷2弄口,0,0,1,1,B03,6,5,5,40,3,1,1,4,4,5,13,4,4,8,3,5,2,17,1,57,3,10,3,1,7,5,1,8,1,17,118,1,21,121.552837,25.0604619
114,06,12,21,14,05中正區,中正區市民大道1段臺北車站北側,0,0,3,1,C03,6,5,5,40,14,9,1,4,4,5,13,4,4,1,4,5,1,13,2,22,2,9,6,1,7,9,1,10,2,11,13,1,22,121.5180382,25.048445
114,06,12,21,47,06松山區,松山區南京東路4段51號,0,0,2,1,C03,6,5,5,50,14,7,1,4,4,5,13,4,4,9,4,4,2,17,2,29,2,9,6,1,7,9,1,10,1,12,42,1,22,121.5511702,25.0517702
114,06,12,22,05,07信義區,信義區永吉路30巷88號,0,0,1,1,,6,5,5,30,14,9,1,4,4,1,13,4,4,8,5,5,2,2,4,0,,,,,,,,,,,119,2,,121.5687578,25.0438875
114,06,12,22,15,03中山區,中山區民權西路11號,0,0,1,1,B03,6,5,5,50,14,9,1,4,4,5,13,4,4,10,4,5,2,12,1,29,3,10,7,1,7,8,1,8,2,2,100,1,21,121.5218504,25.06281246
114,06,12,23,12,07信義區,信義區信安街103巷3號,0,0,1,1,B03,6,5,5,30,14,9,1,4,4,5,13,4,4,10,5,5,2,2,1,67,3,10,3,4,7,9,1,8,9,17,118,1,21,121.5566936,25.0253018
114,06,12,23,15,07信義區,信義區永吉路30巷與松隆路口,0,0,1,1,B03,6,5,5,30,4,18,1,4,4,5,13,1,1,4,5,5,2,9,1,23,3,10,3,1,7,5,1,8,1,8,70,1,21,121.5686951,25.0444417
114,06,13,00,08,12內湖區,內湖區內湖路1段與環山路1段口,0,0,1,1,B01,6,5,5,50,4,2,1,4,4,5,13,2,1,1,4,4,2,17,1,69,3,10,7,1,7,8,1,4,2,2,100,1,21,121.5655853,25.08252538
114,06,13,00,25,03中山區,中山區吉林路與民生東路2段口,0,0,1,1,B01,6,5,5,50,4,2,1,4,4,5,13,2,1,5,4,5,2,17,1,52,3,10,7,1,7,7,1,4,1,17,100,1,21,121.5301877,25.0580145
114,06,13,01,35,02萬華區,萬華區和平西路3段與梧州街口,0,0,1,1,B01,6,5,5,50,3,2,1,4,4,5,13,1,1,1,1,5,2,11,1,64,3,10,7,1,7,6,1,4,1,5,9,1,21,121.4975814,25.0355415
114,06,13,01,39,06松山區,松山區民權東路5段與撫遠街口,0,0,2,1,C03,8,5,5,50,4,2,1,4,4,5,13,1,1,2,4,5,2,13,1,37,2,9,6,1,7,9,1,10,1,11,44,1,21,121.5661147,25.0633399
114,06,13,06,40,01大同區,大同區承德路3段與敦煌路口,0,0,2,1,C03,8,6,5,50,4,2,1,5,4,5,13,1,1,1,4,5,2,17,1,26,2,5,5,1,7,9,1,10,1,12,108,1,21,121.5201586,25.0750083
114,06,13,06,40,04大安區,大安區羅斯福路2段與和平東路1段口,0,0,1,1,C03,8,6,5,50,14,9,1,5,4,5,13,2,1,10,5,5,2,12,1,27,2,9,6,1,7,15,1,10,1,11,44,1,21,121.5227063,25.0269269
114,06,13,07,06,12內湖區,內湖區瑞光路258巷2號附近側附近,0,0,1,1,C03,7,6,5,50,14,9,1,5,4,5,13,4,4,8,5,5,2,13,1,24,3,10,6,1,7,9,1,10,1,11,16,1,21,121.57567,25.0754773
114,06,13,07,10,12內湖區,內湖區舊宗路2段與陽光街口,0,0,1,1,C03,7,6,5,50,14,9,1,5,4,5,13,4,4,1,4,5,2,12,1,36,2,9,5,1,7,8,1,10,1,11,100,1,21,121.5737813,25.0726692
114,06,13,07,25,02萬華區,萬華區忠孝橋往臺北,0,0,2,1,C03,8,7,5,50,14,9,1,5,4,5,13,1,1,1,3,5,2,13,2,68,2,5,5,1,7,9,3,18,1,11,16,1,21,121.5073422,25.0486042
114,06,13,07,25,09北投區,北投區振興街與天母西路120巷口,0,0,1,1,C03,8,6,5,30,3,1,1,5,4,5,13,4,4,5,4,5,2,16,1,63,3,10,5,1,7,5,1,10,1,11,72,1,21,121.5221923,25.1180265
114,06,13,07,31,04大安區,大安區金華街199巷1弄與麗水街口,0,0,1,1,C03,8,7,5,30,4,1,1,5,4,5,13,4,4,5,4,5,2,15,2,36,2,9,3,4,7,9,1,10,1,14,72,1,21,121.5285549,25.0302655
114,06,13,07,39,01大同區,大同區民權西路186號,0,0,1,1,C03,8,7,5,50,14,9,1,5,4,5,13,4,4,1,4,5,2,13,2,42,2,9,6,1,7,9,1,10,1,11,16,1,21,121.5150006,25.0628555
114,06,13,07,52,10文山區,文山區辛亥路5段(出懷恩隧道70公尺處),0,0,1,1,C03,8,6,5,50,11,9,1,5,4,5,13,4,4,1,4,5,2,13,2,65,2,7,6,1,7,9,1,10,1,11,16,1,21,121.5521494,24.9971668
114,06,13,08,07,05中正區,中正區愛國東路與林森南路口口,0,0,1,1,B12,8,6,5,40,3,1,1,5,4,5,13,3,1,1,4,4,1,17,1,36,3,10,7,1,7,6,1,4,2,2,9,1,21,121.5194094,25.0335889
114,06,13,08,10,02萬華區,萬華區環河南路3段與艋舺大道口,0,0,1,1,C03,7,7,5,50,3,1,1,5,4,5,13,4,4,1,4,5,2,16,2,62,2,9,5,1,7,7,1,10,11,12,100,2,21,121.4893762,25.0278142
114,06,13,08,14,12內湖區,內湖區民權東路6段與民權東路6段56巷口口,0,0,1,1,B03,7,6,5,50,4,1,1,5,4,5,13,2,1,4,3,5,1,16,1,51,3,10,7,1,7,6,1,8,2,5,9,1,21,121.584496,25.0687133
114,06,13,08,35,05中正區,中正區南昌路1段與寧波西街口,0,0,2,1,C03,8,6,5,50,4,1,1,5,4,5,13,1,1,10,4,5,2,16,2,40,2,9,5,1,7,5,1,10,1,14,8,1,21,121.5175004,25.0307395
114,06,13,08,45,12內湖區,內湖區民權東路6段190巷與民權東路6段190巷61弄口口,0,0,1,1,C03,8,6,5,30,4,1,1,5,4,5,13,4,4,9,4,5,2,15,1,27,3,10,6,1,7,15,1,10,1,11,72,1,22,121.594343,25.0663607
114,06,13,08,52,05中正區,中正區汀州路1段與寧波西街口口,0,0,2,1,C03,8,6,5,50,4,1,1,5,4,5,13,1,1,5,5,5,1,17,2,24,2,8,6,1,7,5,1,10,2,14,108,1,21,121.5105219,25.0272429
114,06,13,09,30,08士林區,士林區承德路5段與承德路5段150巷口,0,0,2,1,C03,7,6,5,50,4,1,1,5,4,5,13,2,1,3,2,4,1,17,1,41,2,9,3,4,7,8,1,10,1,12,100,1,21,121.5131387,25.0977718
114,06,13,09,37,10文山區,文山區羅斯福路6段與景華街口,0,0,1,1,A04,8,6,5,50,4,2,1,5,4,5,13,2,1,1,4,5,2,12,1,43,3,10,7,1,7,8,1,1,1,2,100,1,21,121.5412974,24.994985
114,06,13,09,55,01大同區,大同區承德路3段285號,0,0,1,1,C03,7,7,5,50,14,9,1,5,4,5,13,4,4,1,4,5,2,13,1,22,2,7,6,1,7,9,1,10,1,17,44,1,21,121.5192289,25.0730835
114,06,13,10,07,10文山區,文山區興隆路3段與興隆路3段206巷口,0,0,2,1,A02,7,6,5,50,5,1,1,5,4,5,13,2,1,1,4,5,2,12,1,29,3,10,7,1,7,9,1,2,1,2,44,1,21,121.5591354,24.997786
114,06,13,10,08,04大安區,大安區忠孝東路3段與安東街口,0,0,1,1,C03,7,7,5,50,14,9,1,5,4,5,13,4,4,1,4,5,1,17,1,22,2,9,3,4,7,6,1,10,1,12,108,1,25,121.5430669,25.0417469
114,06,13,10,25,10文山區,文山區光輝路與光輝路20巷口,0,0,1,1,C02,6,7,5,30,14,9,1,4,4,5,13,4,4,10,5,5,2,17,1,23,2,9,6,1,7,9,3,18,2,11,42,1,21,121.5550205,24.9870147
114,06,13,11,00,07信義區,信義區基隆路2段155號,0,0,1,1,B03,6,7,5,50,14,9,1,4,4,5,13,1,1,3,4,5,2,13,2,40,3,10,3,4,7,9,1,8,1,1,108,1,21,121.5541923,25.0257161
114,06,13,11,06,07信義區,信義區莊敬路與莊敬路178巷口口,0,0,2,1,C03,6,6,5,50,3,2,1,4,4,5,13,4,4,5,5,4,2,16,1,66,2,8,3,4,7,5,1,10,1,12,74,1,22,121.5612627,25.0310725
114,06,13,11,19,03中山區,中山區民權東路2段與吉林路口,0,0,2,1,C03,6,7,5,50,4,2,1,4,4,5,13,1,1,1,4,5,2,13,1,62,2,8,5,1,7,9,1,10,1,11,108,1,21,121.5305825,25.0624744
114,06,13,11,50,09北投區,北投區中央北路4段577巷15弄18號,0,0,1,1,B03,6,5,5,30,14,9,1,4,4,5,13,4,4,10,5,5,2,11,2,69,3,10,7,1,7,9,1,8,1,2,108,1,21,121.4681507,25.12740667
114,06,13,11,55,09北投區,北投區磺港路與新市街口,0,0,1,1,B13,6,5,5,50,3,2,1,4,4,5,13,4,4,5,5,5,2,16,1,27,3,10,7,1,7,4,1,8,1,2,94,1,21,121.5028907,25.132842
114,06,13,12,08,12內湖區,內湖區星雲街與成功路3段187巷口,0,0,1,1,B03,6,6,5,40,4,1,1,4,4,5,13,4,4,5,5,5,2,17,1,62,3,10,7,1,7,1,1,8,1,17,19,1,21,121.5923271,25.0788818
114,06,13,12,09,04大安區,大安區光復南路90號,0,0,1,1,C03,6,7,5,50,14,9,1,4,4,5,13,4,4,10,4,5,2,13,2,42,2,4,6,1,7,9,1,10,1,11,16,1,21,121.5576404,25.0443964
114,06,13,12,22,07信義區,信義區吳興街260巷3號,0,0,1,1,B03,6,6,5,30,14,9,1,4,4,5,13,4,4,10,5,5,2,17,1,68,4,11,3,4,7,1,7,19,9,17,19,2,22,121.5633964,25.0264362
114,06,13,12,50,03中山區,中山區雙城街13巷7號,0,0,1,1,B03,6,6,5,30,14,9,1,4,4,5,13,4,4,8,5,5,1,17,1,34,3,10,3,4,7,14,1,6,1,4,38,1,21,121.5247328,25.064121
114,06,13,13,10,06松山區,松山區東興路27號,0,0,2,1,C03,6,5,5,50,14,9,1,4,4,5,13,4,4,4,3,5,2,13,1,44,2,9,5,1,7,9,1,10,1,11,108,1,21,121.5657377,25.0486072
114,06,13,13,11,04大安區,大安區復興南路2段151巷與大安路2段口,0,0,1,1,B03,6,7,5,40,3,1,1,4,4,5,13,1,1,5,4,5,2,17,1,70,2,6,7,1,7,5,1,8,1,6,71,1,21,121.5459646,25.0283138
114,06,13,13,15,12內湖區,內湖區康寧路1段與康寧路1段255巷口,0,0,1,1,B03,6,6,5,30,3,1,1,4,4,5,13,4,4,8,3,5,1,16,1,44,3,10,7,1,7,6,1,8,1,17,72,1,21,121.5980454,25.0787078
114,06,13,13,34,06松山區,(光復北路103巷26號),0,0,2,1,C03,6,6,5,30,4,1,1,4,4,5,13,4,4,9,4,5,2,17,2,38,2,5,6,4,7,9,1,10,1,12,72,1,22,121.5591609,25.05092637
114,06,13,13,40,08士林區,士林區文林路與大北路口,0,0,2,1,C03,6,5,5,30,3,1,1,4,4,5,13,4,4,5,5,5,2,17,1,30,2,8,3,4,7,5,1,10,1,12,74,1,22,121.5269919,25.0896199
114,06,13,13,51,03中山區,中山區北安路759巷與北安路口,0,0,1,1,B03,6,6,5,50,5,2,1,4,4,5,13,2,1,8,3,5,1,17,1,60,3,10,7,1,7,5,1,8,2,8,71,1,21,121.55267,25.0858445
114,06,13,14,05,07信義區,信義區永吉路與基隆路1段37巷口,0,0,1,1,A02,7,6,5,50,4,2,1,4,4,5,13,1,1,1,5,5,2,9,1,47,3,10,3,4,7,12,1,2,1,17,42,1,21,121.5689114,25.0457431
114,06,13,14,30,03中山區,中山區市民大道3段與八德路2段口,0,0,1,1,C03,6,7,5,40,5,2,1,4,4,5,13,1,1,1,4,5,2,17,1,42,2,9,5,1,7,9,1,10,1,12,42,1,21,121.5349617,25.0450288
114,06,13,14,59,01大同區,大同區南京西路275號,0,0,1,1,B03,6,6,5,50,14,9,1,4,4,5,13,4,4,9,4,5,2,17,2,32,3,10,7,1,7,1,1,8,1,17,19,1,21,121.5093741,25.0533722
114,06,13,15,01,12內湖區,內湖區麗山街與麗山街105巷口口,0,0,1,1,B03,7,6,5,50,3,1,1,4,4,5,13,4,4,4,5,5,2,16,2,62,3,10,7,1,7,1,1,8,1,1,19,1,21,121.5799771,25.0819949
114,06,13,15,24,07信義區,信義區信義路6段24號,0,0,1,1,C03,6,6,5,50,14,9,1,4,4,5,13,1,1,9,4,5,2,18,1,45,2,9,6,1,7,9,1,10,1,12,42,1,21,121.5757026,25.0341379
114,06,13,16,13,11南港區,南港區南港路1段124號,0,0,1,1,H02,7,6,5,50,14,9,1,5,4,5,13,2,1,1,4,5,2,9,2,69,2,9,2,5,7,20,8,20,10,16,67,1,21,121.6133548,25.055376
114,06,13,16,17,04大安區,大安區文昌街與信義路4段186巷口,0,0,1,1,C03,6,6,5,30,4,2,1,4,4,5,13,2,1,5,5,5,2,18,1,29,2,8,6,1,7,12,1,10,9,12,44,1,21,121.5517281,25.0326946
114,06,13,16,41,09北投區,北投區大業路與大業路517巷口,0,0,1,1,C03,6,6,5,50,3,1,1,4,4,5,13,4,4,10,5,5,2,17,1,84,3,10,5,1,7,5,1,10,9,17,72,2,21,121.4959447,25.1336102
114,06,13,17,05,03中山區,中山區長安東路2段154號對面,0,0,1,1,C03,6,7,5,50,14,9,1,4,4,5,13,4,4,10,4,5,2,17,1,33,2,9,5,1,7,10,1,10,1,11,100,1,21,121.5379039,25.04852529
114,06,13,17,15,05中正區,中正區中山北路1段與市民大道2段口,0,0,1,1,C03,6,7,5,50,4,2,1,4,4,5,13,1,1,1,4,5,2,17,2,43,3,10,5,1,7,15,1,10,9,14,100,2,21,121.5207342,25.0478305
114,06,13,17,18,01大同區,大同區延平北路3段與景化街口,0,0,2,1,C04,6,6,5,50,3,2,1,4,4,5,13,4,4,5,2,5,2,17,1,81,2,8,5,1,7,5,1,10,1,14,8,1,21,121.5110876,25.06505517
114,06,13,17,18,03中山區,中山區北安路與大直橋口,0,0,1,1,B03,6,6,5,50,4,1,1,4,4,5,13,2,1,1,5,5,2,16,1,19,3,10,7,1,7,9,1,8,1,2,99,1,22,121.5445583,25.0797552
114,06,13,17,20,03中山區,中山區明水路與北安路口,0,0,1,1,C03,6,7,5,50,14,9,1,4,4,5,13,4,4,9,4,5,2,17,1,27,3,10,5,1,7,8,1,10,1,12,100,1,21,121.5520242,25.08579061
114,06,13,17,50,05中正區,中正區忠孝東路2段106號,0,0,1,1,C03,6,6,5,50,14,9,1,4,4,5,13,1,1,1,4,5,2,17,1,46,3,10,6,1,7,8,1,10,2,17,100,1,21,121.5309178,25.0427381
114,06,13,18,09,07信義區,信義區永吉路237號,0,0,1,1,B03,7,5,5,50,14,9,1,4,4,5,13,4,4,9,4,5,2,17,1,42,3,10,7,1,7,8,1,8,1,6,100,1,21,121.5745505,25.0456009
114,06,13,18,10,10文山區,文山區指南路3段與指南路3段26巷口,0,0,2,1,C03,6,6,5,30,3,1,1,4,4,5,13,4,4,10,5,5,2,16,1,59,2,2,6,1,7,5,1,10,1,11,74,1,21,121.5799193,24.9834003
114,06,13,18,10,10文山區,文山區木柵路1段與木柵路1段59巷口,0,0,1,1,B03,6,5,5,50,4,4,1,4,4,5,13,2,1,5,4,5,1,17,2,47,3,10,7,1,7,7,1,8,1,17,100,1,21,121.5461346,24.9868205
114,06,13,18,22,06松山區,松山區濱江街375號,0,0,2,1,C03,6,7,5,50,14,9,1,4,4,5,13,4,4,1,4,4,2,13,1,37,2,6,6,1,7,10,1,10,2,13,100,1,21,121.5527955,25.07246162
114,06,13,18,32,03中山區,中山區松江路與民權東路2段口,0,0,1,1,C03,6,5,5,50,4,1,1,4,4,5,13,1,1,1,4,5,2,13,1,38,2,8,3,4,7,9,1,10,1,11,16,1,21,121.5332044,25.06199953
114,06,13,18,40,05中正區,中正區博愛路與武昌街1段口,0,0,1,1,B03,6,5,5,50,4,2,1,4,4,5,13,2,1,10,4,5,2,17,1,32,3,10,7,1,7,8,1,8,1,17,100,1,22,121.5114736,25.04416567
114,06,13,19,27,06松山區,松山區復興北路與復興北路361巷口,0,0,1,1,B01,6,5,5,50,3,2,1,4,4,5,13,4,4,1,3,5,2,17,1,55,3,10,3,4,7,6,1,4,1,17,9,1,21,121.5443296,25.060558
114,06,13,19,55,03中山區,中山區民族東路410巷23弄與民族東路410巷口,0,0,1,1,B01,7,5,5,30,4,1,1,4,4,5,13,4,4,5,4,5,2,15,1,51,3,10,7,1,7,9,1,4,1,4,72,1,21,121.5383294,25.0668339
114,06,13,20,35,09北投區,北投區中和街與中和街57巷口,0,0,2,1,C03,7,5,5,50,3,1,1,4,4,5,13,4,4,5,4,5,2,3,1,42,2,9,5,1,7,9,1,10,2,11,70,1,21,121.5022565,25.13867468
114,06,13,20,35,10文山區,文山區辛亥路7段71號,0,0,1,1,C03,7,5,5,40,14,7,1,4,4,5,13,4,4,5,4,4,2,12,1,23,2,9,6,1,7,7,1,10,1,13,100,1,21,121.553816,24.9823191
114,06,13,21,08,02萬華區,萬華區中華路1段與成都路口,0,0,1,1,C03,7,5,5,50,4,2,1,5,4,5,13,1,1,3,3,5,2,13,1,36,2,9,5,4,7,9,3,18,1,11,16,1,22,121.50825,25.042601
114,06,13,21,33,09北投區,北投區大業路與大業路65巷口北往南,0,0,1,1,B03,8,5,6,60,4,2,1,5,3,5,13,1,1,9,4,5,1,17,2,50,3,10,7,1,7,7,1,8,1,17,100,1,21,121.4992078,25.1230232
114,06,13,21,45,10文山區,文山區興德路與興德路66巷口,0,0,1,1,B03,6,5,5,30,4,1,1,4,4,5,13,4,4,10,5,5,2,15,1,34,3,10,7,1,7,9,1,8,2,8,14,1,21,121.5576228,25.0039833
114,06,13,22,46,11南港區,南港區忠孝東路6段與永吉路口,0,0,1,1,B03,7,5,5,50,5,1,1,5,4,5,13,2,1,3,4,5,2,16,2,27,3,10,3,4,7,6,1,8,1,2,9,1,22,121.5827119,25.045433
114,06,13,23,25,07信義區,信義區忠孝東路5段與忠孝東路5段492巷口口,0,0,1,1,B03,7,5,5,50,14,9,1,5,4,5,13,4,4,8,3,5,2,16,1,26,3,10,7,1,7,6,1,8,1,5,9,1,21,121.5781383,25.0408565
114,06,14,02,41,01大同區,大同區重慶北路1段與鄭州路口,0,0,1,1,B01,7,5,5,40,4,1,1,5,4,5,13,1,1,1,4,5,2,16,2,40,3,10,7,1,7,9,1,4,9,1,81,1,21,121.5132731,25.0495085
114,06,14,06,17,08士林區,士林區忠誠路1段173巷與德行東路190巷口,0,0,1,1,B01,7,5,5,30,4,1,1,4,4,5,13,4,4,10,5,5,2,15,1,32,3,10,7,1,7,9,1,8,2,4,72,1,21,121.5313191,25.1080942
114,06,14,06,42,07信義區,信義區林口街與林口街80巷口,0,0,1,1,C03,8,6,5,40,3,2,1,5,4,5,13,4,4,9,4,5,2,16,1,30,4,11,3,4,7,6,7,19,11,15,9,2,22,121.5797745,25.0390065
114,06,14,07,11,02萬華區,萬華區華中橋機車道往新北市（橋樑伸縮縫：華中037）,0,0,2,1,C03,8,5,7,40,14,11,1,5,4,5,13,4,4,1,4,5,2,13,1,57,2,9,5,4,7,9,6,10,2,11,16,1,21,121.4953449,25.01034164