發生年度,發生月,發生日,發生時-Hours,發生分,區序,肇事地點,死亡人數,2-30日死亡人數,受傷人數,當事人序號,車種,天候,光線,道路類別,速限-速度限制,道路型態,事故位置,路面狀況1,路面狀況2,路面狀況3,道路障礙1,道路障礙2,號誌1,號誌2,車道劃分-分向,車道劃分-分道1,車道劃分-分道2,車道劃分-分道3,事故類型及型態,性別,年齡,受傷程度,主要傷處,保護裝置,行動電話,車輛用途,當事者行動狀態,駕駛資格情形,駕駛執照種類,飲酒情形,車輛撞擊部位1,肇因碼-個別,個人肇逃否,職業,座標-X,座標-Y
114,06,14,07,50,05中正區,中正區市民大道1段往東M1出入口,0,0,2,1,H01,8,7,5,40,14,9,1,5,4,5,13,4,4,9,4,5,2,3,2,56,4,11,4,5,8,16,8,20,10,16,121,2,22,121.5181431,25.0484283
114,06,14,07,54,09北投區,北投區承德路6段與文林北路口,0,0,1,1,C03,8,6,5,60,3,1,1,5,4,5,13,2,1,1,4,5,2,17,1,38,3,10,6,1,7,9,1,10,9,13,44,2,26,121.511317,25.1105666
114,06,14,08,04,10文山區,文山區無名巷與景豐街口,0,0,2,1,C03,8,6,5,30,4,1,1,5,4,5,13,4,4,10,5,5,2,15,2,38,2,9,6,1,7,9,1,10,2,11,108,1,21,121.5445012,25.0021991
114,06,14,09,20,11南港區,南港區大坑街與研究院路2段61巷口,0,0,1,1,C03,8,6,5,50,4,1,1,5,4,5,13,2,1,5,5,5,2,13,1,64,2,9,6,4,7,9,1,10,2,11,16,1,21,121.617819,25.0454876
114,06,14,09,52,03中山區,中山區民權東路3段與民權東路3段60巷口,0,0,1,1,B12,8,6,5,50,4,1,1,5,4,5,13,2,1,1,4,5,2,16,1,44,3,10,7,1,7,6,1,8,2,2,9,1,21,121.5423231,25.0622607
114,06,14,10,06,12內湖區,內湖區康寧路1段207號,0,0,1,1,B03,8,6,5,40,14,9,1,5,4,5,13,4,4,5,5,5,2,16,1,71,3,10,7,1,7,1,1,8,2,7,19,1,21,121.5975499,25.0785952
114,06,14,10,55,04大安區,大安區信義路2段148巷與金山南路2段13巷口,0,0,2,1,C03,8,6,5,30,4,1,1,5,4,5,13,4,4,10,5,5,2,15,1,30,2,9,6,1,7,9,1,10,1,12,72,1,21,121.5286258,25.033285
114,06,14,11,02,12內湖區,內湖區民權東路6段280巷與民權東路6段280巷25弄口,0,0,1,1,B03,8,7,5,30,4,1,1,5,4,5,13,4,4,10,5,5,2,15,2,58,3,10,7,1,7,9,1,8,1,1,14,1,21,121.6059672,25.0714859
114,06,14,11,17,09北投區,北投區中央北路2段257巷與大度路口,0,0,2,1,C03,8,6,5,50,14,9,1,4,4,5,13,2,1,1,4,5,2,18,2,41,2,9,5,1,7,9,1,9,1,12,42,1,21,121.4862067,25.1227176
114,06,14,11,43,03中山區,中山區松江路469巷與松江路口,0,0,2,1,C03,7,7,5,0,4,1,1,5,4,5,13,1,1,9,4,5,1,17,1,68,2,9,5,1,7,9,1,10,1,11,42,1,21,121.5332698,25.0665845
114,06,14,11,45,01大同區,大同區重慶北路3段機慢車優先道0802657號燈桿,0,0,1,1,F01,8,6,5,30,14,12,1,5,3,5,13,4,4,10,5,5,2,18,1,24,2,9,2,1,7,9,8,20,9,12,116,1,21,121.5139907,25.0794832
114,06,14,11,58,01大同區,大同區安西街與延平北路2段272巷口,0,0,2,1,C03,7,6,5,30,4,1,1,5,4,5,13,4,4,10,5,5,2,15,2,69,2,9,3,4,7,9,1,10,1,12,72,1,21,121.509751,25.0620741
114,06,14,12,00,07信義區,信義區忠孝東路5段與大道路口,0,0,2,1,C03,8,7,5,50,5,1,1,5,4,5,13,1,1,3,4,5,2,12,1,37,2,9,3,4,7,7,1,10,2,12,100,1,21,121.5813452,25.0435355
114,06,14,12,05,08士林區,士林區延平北路6段380號,0,0,2,1,B03,7,6,5,50,14,9,1,5,4,5,13,4,4,1,4,5,2,17,1,67,3,10,7,1,7,1,1,8,2,4,19,1,22,121.5007436,25.0910806
114,06,14,12,10,04大安區,大安區仁愛路4段112巷17號,0,0,1,1,B03,8,5,5,30,14,9,1,5,4,5,13,4,4,10,5,5,2,7,1,52,4,11,3,4,7,2,1,8,11,3,12,1,22,121.549678,25.0361983
114,06,14,12,29,02萬華區,萬華區和平西路3段382巷2弄與和平西路3段382巷口,0,0,1,1,C03,7,7,5,30,4,1,1,5,4,5,13,4,4,10,5,5,2,17,1,72,2,9,5,4,7,9,1,10,1,11,72,1,22,121.4914994,25.0349573
114,06,14,13,30,04大安區,大安區安和路1段15號(敦化安和站),0,0,1,1,A02,8,6,5,50,14,9,1,5,4,5,13,4,4,1,5,5,2,9,1,50,3,10,7,1,7,14,1,2,9,17,40,1,21,121.5496956,25.0396902
114,06,14,13,45,03中山區,中山區建國北路1段與長安東路2段口,0,0,1,1,C03,7,7,5,50,4,1,1,5,4,5,13,1,1,5,4,5,1,17,2,55,2,9,5,1,7,9,1,10,1,11,86,1,21,121.5365957,25.04867031
114,06,14,14,07,01大同區,大同區承德路1段與華陰街口,0,0,3,1,C03,7,6,5,50,4,2,1,5,4,5,13,1,1,1,4,5,2,17,1,23,2,8,5,1,7,9,1,10,1,11,99,1,21,121.5166962,25.04994916
114,06,14,14,58,04大安區,大安區忠孝東路3段與建國南路1段口,0,0,1,1,C03,8,6,5,50,5,1,1,5,4,5,13,1,1,8,3,5,2,13,1,33,2,7,3,4,7,9,1,10,1,12,42,1,21,121.5377351,25.0417894
114,06,14,15,23,02萬華區,萬華區寶興街106號,0,0,2,1,C03,8,6,5,50,14,9,1,5,4,5,13,4,4,9,5,5,2,17,1,69,2,9,6,1,7,1,1,10,2,14,19,1,22,121.4945461,25.0255128
114,06,14,15,34,01大同區,大同區鄭州路與西寧北路口,0,0,1,1,B03,8,7,5,50,14,9,1,5,4,5,13,2,1,1,4,5,2,17,1,46,3,10,3,4,7,15,1,8,1,8,108,1,21,121.5081193,25.0504823
114,06,14,15,34,06松山區,松山區三民路35巷0200329燈桿,0,0,1,1,C03,7,6,5,30,14,9,1,5,4,5,13,4,4,10,5,5,2,10,2,30,2,9,6,2,7,9,1,10,1,11,5,1,22,121.5626118,25.0554506
114,06,14,15,45,12內湖區,內湖區東湖路與康樂街口,0,0,2,1,B03,8,6,5,50,4,1,1,5,4,5,13,2,1,5,4,5,2,17,1,45,3,10,7,1,7,5,1,8,2,8,8,1,21,121.6175781,25.0678744
114,06,14,15,58,03中山區,中山區林森北路446號對面,0,0,1,1,B03,8,7,5,50,14,9,1,5,4,5,13,4,4,10,5,5,2,17,2,42,3,10,7,1,7,6,1,8,2,2,9,1,21,121.5256555,25.06068174
114,06,14,16,12,07信義區,信義區松仁路與忠孝東路5段236巷2弄口,0,0,1,1,C03,8,7,5,50,3,1,1,5,4,5,13,4,4,5,4,5,2,17,1,19,3,10,3,4,7,6,1,10,1,14,9,1,21,121.5686324,25.040503
114,06,14,16,35,12內湖區,內湖區文湖街60巷與內湖路1段91巷38弄口口,0,0,1,1,B03,7,6,5,30,4,1,1,5,4,5,13,4,4,4,5,5,2,15,2,45,3,10,7,1,7,9,1,8,1,1,72,1,21,121.5637527,25.0854684
114,06,14,16,42,10文山區,文山區興隆路1段13號,0,0,1,1,C03,8,6,5,50,14,9,1,5,4,5,13,4,4,5,2,5,2,16,1,32,2,8,6,1,7,1,1,9,1,14,19,1,21,121.5391841,25.004336
114,06,14,17,02,06松山區,松山區光復北路與南京東路4段179巷15弄口,0,0,2,1,C03,7,6,5,50,4,1,1,5,4,5,13,3,1,5,4,5,2,16,1,24,2,9,6,1,7,5,1,10,1,11,71,1,21,121.5569032,25.0526466
114,06,14,17,06,11南港區,南港區南港路2段與南港路2段178巷口,0,0,1,1,B03,8,6,5,40,4,1,1,5,4,5,13,2,1,5,5,4,2,16,1,32,3,10,3,4,7,6,1,8,2,2,9,1,21,121.5996408,25.0534197
114,06,14,17,07,02萬華區,萬華區中華路1段150號,0,0,2,1,B03,8,6,5,50,14,8,1,5,4,5,13,4,4,1,4,1,2,13,1,22,2,8,3,4,7,9,1,8,1,1,16,1,22,121.5082853,25.0428754
114,06,14,17,15,03中山區,中山區樂群二路與堤頂大道2段口,0,0,2,1,C03,7,5,5,50,4,1,1,5,4,5,13,1,1,1,4,5,2,13,1,41,2,7,3,4,7,9,1,10,1,11,16,1,21,121.5628926,25.08045275
114,06,14,17,17,05中正區,中正區南海路與泉州街口,0,0,2,1,C03,8,7,5,50,3,1,1,5,4,5,13,3,1,10,4,5,2,16,2,20,2,9,5,1,7,5,1,10,1,14,8,1,21,121.5137337,25.0317136
114,06,14,17,32,10文山區,文山區景文街與羅斯福路6段455巷口,0,0,1,1,B03,7,6,5,50,14,8,1,5,4,5,10,1,1,5,5,4,2,12,2,20,3,10,7,1,7,8,1,8,2,2,100,1,21,121.5409992,24.9901614
114,06,14,18,37,09北投區,北投區學園路與學園路口1號,0,0,1,1,B03,7,5,5,40,3,1,1,5,4,5,13,2,1,5,4,5,2,12,1,21,3,10,7,1,7,11,1,8,1,4,10,1,21,121.4660729,25.12983742
114,06,14,19,39,12內湖區,內湖區堤頂大道1段與民權東路6段口,0,0,2,1,B03,8,5,5,70,3,2,1,5,4,5,13,1,1,9,4,5,2,13,1,30,2,1,7,1,7,7,1,8,1,3,100,1,21,121.5723845,25.0651686
114,06,14,19,54,01大同區,大同區錦西街51號與錦西街口,0,0,2,1,B01,8,5,5,50,3,1,1,5,4,5,13,1,1,5,5,5,2,12,1,60,3,10,7,1,7,9,1,4,2,6,44,1,21,121.5166653,25.05998869
114,06,14,20,24,09北投區,北投區中央北路3段與中央北路3段102巷口,0,0,2,1,B03,7,5,5,50,3,1,1,5,4,5,13,2,1,5,4,5,2,16,1,66,3,10,7,1,7,5,1,8,1,2,8,1,21,121.4840336,25.13771445
114,06,14,20,40,03中山區,中山區建國北路2段與南京東路2段口,0,0,2,1,C03,8,5,5,50,4,1,1,5,4,5,13,1,1,1,4,5,2,13,1,44,2,8,6,1,7,9,1,10,1,11,16,1,21,121.5365127,25.05207531
114,06,14,20,56,12內湖區,內湖區成功路2段與成功路2段238巷口附近,0,0,2,1,C03,8,5,5,50,4,2,1,5,4,5,13,2,1,1,4,5,2,13,2,35,2,7,5,1,7,9,1,10,1,11,108,1,21,121.5904075,25.0655657
114,06,14,21,21,01大同區,大同區鄭州路與塔城街口,0,0,1,1,C03,8,5,5,40,14,9,1,5,4,5,13,4,4,8,3,5,1,13,1,24,2,8,6,4,7,9,1,10,1,11,16,1,21,121.5100709,25.0501572
114,06,14,21,21,06松山區,松山區八德路3段10號,0,0,1,1,C03,8,5,5,50,14,9,1,5,4,5,13,4,4,5,4,5,2,17,1,55,2,9,5,1,7,9,1,10,1,14,17,1,26,121.5499426,25.0481328
114,06,14,21,32,08士林區,士林區忠義街與雨聲街口,0,0,1,1,B03,7,5,5,50,3,1,1,5,4,5,13,2,1,5,5,5,1,17,1,24,3,10,7,1,7,5,1,8,1,8,8,1,21,121.5310329,25.10550269
114,06,14,22,28,03中山區,中山區市民大道2段與長安東路1段52巷口,0,0,1,1,C03,8,5,6,40,3,2,1,5,4,5,13,1,1,1,4,5,2,13,1,25,2,1,6,1,7,9,1,10,1,11,16,1,21,121.527786,25.04720249
114,06,15,00,04,05中正區,中正區市民大道2段與天津街口,0,0,1,1,B03,8,5,5,40,4,1,1,5,4,5,13,1,1,1,4,5,1,15,2,33,3,10,7,1,7,9,1,8,2,2,81,1,22,121.5223236,25.0477955
114,06,15,00,26,04大安區,大安區忠孝東路3段239號,0,0,1,1,C03,8,5,5,50,14,9,1,5,4,5,13,4,4,8,3,5,2,13,2,64,2,9,3,4,7,9,6,10,1,14,108,1,21,121.5408818,25.0417593
114,06,15,00,49,07信義區,信義區基隆路2段與吳興街口,0,0,1,1,C03,7,5,5,50,4,1,1,5,4,5,13,2,1,3,4,5,1,17,1,22,2,9,5,1,7,9,1,10,1,14,16,1,21,121.5589445,25.0321532
114,06,15,01,02,10文山區,文山區萬壽路燈桿0707841號,0,0,1,1,C03,7,5,5,40,14,9,1,5,4,5,13,4,4,9,5,5,1,18,1,64,2,9,3,4,7,9,1,10,8,12,21,1,22,121.5841615,24.99019968
114,06,15,04,52,11南港區,南港區南港路1段與惠民街口,0,0,1,1,B03,8,5,5,50,3,2,1,5,4,5,13,1,1,9,4,5,2,13,1,74,3,10,3,4,7,9,1,8,1,1,108,1,21,121.6101609,25.0549414
114,06,15,09,00,01大同區,大同區重慶北路3段與民族西路口,0,0,2,1,B03,8,6,5,50,4,1,1,5,4,5,13,1,1,1,4,5,2,17,2,43,3,10,7,1,7,5,1,8,1,5,85,1,21,121.5138196,25.06863902
114,06,15,09,40,08士林區,士林區萬溪產業道路,0,0,1,1,B03,8,5,5,30,12,9,1,5,4,5,13,4,4,10,5,5,2,17,1,52,3,10,7,1,7,4,1,8,11,17,1,1,21,121.5178764,25.08682293
114,06,15,09,47,03中山區,中山區錦州街30巷與錦州街4巷10弄口,0,0,1,1,B12,8,6,5,30,4,1,1,5,4,5,13,4,4,5,5,5,2,16,1,48,3,10,7,1,7,5,1,8,2,8,72,1,21,121.5247699,25.0599465
114,06,15,09,51,05中正區,中正區杭州南路1段27號,0,0,2,1,C03,8,6,5,50,14,9,1,5,4,5,13,4,4,10,4,5,2,16,2,67,2,9,5,1,7,7,3,18,2,14,100,1,22,121.5262297,25.0418417
114,06,15,09,53,03中山區,中山區南京東路2段與南京東路2段214巷口,0,0,1,1,C03,8,7,5,30,3,1,1,5,4,5,13,4,4,1,4,4,2,17,1,70,2,8,6,1,7,6,1,10,1,11,72,1,21,121.5361191,25.0518999
114,06,15,10,40,07信義區,信義區松壽路11號,0,0,1,1,A02,8,6,5,50,14,9,1,5,4,5,13,2,1,4,3,4,2,13,1,55,3,10,7,1,7,9,1,2,1,1,17,1,21,121.567137,25.0359038
114,06,15,10,42,12內湖區,內湖區民權東路6段218巷與民權東路6段210巷21弄口,0,0,1,1,C03,8,6,5,30,14,9,1,5,4,5,13,4,4,10,5,5,2,3,2,25,3,10,5,1,7,9,1,10,2,11,108,1,21,121.5979332,25.06670038
114,06,15,10,57,11南港區,南港區昆陽街60巷與南港路3段47巷口口,0,0,2,1,B03,8,6,5,50,4,1,1,5,4,5,13,2,1,9,5,5,2,11,1,37,3,10,3,4,7,6,1,8,1,2,9,1,22,121.5906483,25.0522139
114,06,15,11,07,09北投區,北投區尊賢街與尊賢街302巷口,0,0,1,1,C03,7,7,5,30,4,2,1,5,4,5,13,4,4,10,5,5,2,16,1,63,3,10,6,1,7,11,1,9,1,11,10,1,22,121.5068143,25.11786932
114,06,15,11,10,03中山區,中山區吉林路447巷24號,0,0,1,1,C03,8,7,5,39,14,9,1,5,4,5,13,4,4,10,5,5,2,9,1,54,3,10,5,1,7,9,1,10,1,11,108,1,21,121.5317714,25.0674106
114,06,15,11,28,08士林區,士林區至善路2段360號至善國中前,0,0,4,1,B03,8,5,5,50,3,1,1,5,4,5,13,2,1,3,4,5,2,16,1,54,2,9,7,1,7,9,1,8,2,1,42,1,21,121.555532,25.10376978
114,06,15,11,48,08士林區,士林區中正路與基河路口,0,0,1,1,B03,8,6,5,50,4,2,1,5,4,5,13,1,1,5,4,5,2,13,1,43,3,10,7,1,7,3,1,8,1,1,18,1,26,121.5198709,25.0935543
114,06,15,12,15,07信義區,信義區松仁路與松勤街口口,0,0,1,1,F01,8,5,8,50,4,1,1,5,4,5,13,1,1,5,4,5,2,17,2,78,2,1,4,1,7,5,8,20,1,14,8,1,22,121.5682864,25.0318938
114,06,15,13,12,04大安區,大安區文昌街與文昌街278巷口,0,0,1,1,C03,8,6,5,30,4,1,1,5,4,5,13,4,4,10,5,5,2,15,1,47,2,7,6,4,7,9,1,10,1,11,75,1,22,121.556581,25.0321966
114,06,15,13,37,12內湖區,內湖區永保街與安康路106巷口,0,0,1,1,A12,8,6,5,40,3,2,1,5,4,5,13,4,4,5,4,4,2,17,1,51,3,10,7,1,7,6,1,3,1,6,9,1,21,121.5988156,25.0634098
114,06,15,13,48,04大安區,大安區臥龍街與嘉興街口,0,0,1,1,B03,8,6,5,50,3,1,1,5,4,5,13,4,4,10,5,5,2,16,1,31,3,10,7,1,7,5,1,8,1,4,44,1,21,121.5486235,25.0202698
114,06,15,13,48,08士林區,士林區承德路5段1101937號電燈桿,0,0,1,1,C03,8,6,5,60,14,7,1,5,4,5,13,4,4,1,4,4,2,13,1,52,3,10,5,1,7,9,1,10,1,11,108,1,26,121.5152798,25.0933342
114,06,15,13,51,04大安區,大安區延吉街與忠孝東路4段口,0,0,1,1,,8,7,6,50,4,1,1,5,4,5,13,1,1,9,4,5,2,17,4,0,,,,,,,,,11,,119,2,,121.554513,25.041316
114,06,15,13,56,10文山區,文山區景美街與景中街口,0,0,2,1,C03,8,6,5,30,4,2,1,5,4,5,13,4,4,10,5,5,2,16,1,58,2,8,5,1,7,6,1,10,2,14,72,1,26,121.5416239,24.9929416
114,06,15,14,28,08士林區,士林區中山北路6段與中山北路6段405巷口,0,0,2,1,C03,8,6,5,50,4,1,1,5,4,5,13,2,1,1,4,5,1,15,1,60,2,9,5,1,7,1,3,18,1,14,80,1,21,121.5267832,25.11682402
114,06,15,15,15,02萬華區,萬華區艋舺大道與西園路2段11巷口,0,0,2,1,C03,8,5,5,30,3,1,1,5,4,5,13,4,4,9,4,5,2,17,1,25,3,10,5,1,7,6,7,19,9,17,72,1,21,121.4988125,25.03270811
114,06,15,15,20,10文山區,文山區木新路2段與木新路2段66巷口,0,0,1,1,B03,8,7,5,50,4,1,1,5,4,5,13,4,4,10,5,5,2,16,1,64,3,10,7,1,7,5,1,8,1,6,74,1,21,121.5705966,24.9856782
114,06,15,15,36,08士林區,士林區延平北路7段106巷社子花卉村,0,0,2,1,B03,8,6,5,30,14,9,1,5,4,5,13,3,1,10,5,5,1,10,1,52,3,10,7,1,7,1,1,8,2,7,72,1,21,121.4999237,25.09596253
114,06,15,15,38,03中山區,中山區林森北路與長春路口,0,0,1,1,C03,8,6,5,50,4,1,1,5,4,5,13,2,1,5,4,5,2,16,1,38,3,10,6,1,7,6,1,10,1,11,108,1,21,121.5255042,25.0548371
114,06,15,15,53,05中正區,中正區水源快速道路(接中正橋匝道),0,0,1,1,C02,8,6,5,30,14,16,1,5,4,5,13,4,4,10,4,5,1,13,1,32,2,9,5,1,7,9,1,9,2,11,44,1,21,121.515826,25.02338666
114,06,15,15,55,02萬華區,萬華區西園路1段與廣州街口,0,0,1,1,B01,7,6,5,50,4,1,1,5,4,5,13,1,1,8,3,4,2,16,1,45,3,10,3,4,7,5,1,8,1,5,71,1,22,121.499413,25.0366359
114,06,15,16,10,11南港區,南港區大坑街與弘道橋口,0,0,1,1,B03,8,6,5,50,3,2,1,5,4,5,13,4,4,9,4,5,2,16,2,69,3,10,3,4,7,6,1,8,1,5,44,2,21,121.6162606,25.0488532
114,06,15,16,30,11南港區,南港區東新街89巷與東新街77巷15弄口,0,0,2,1,C03,7,6,5,30,4,2,1,5,4,5,13,4,4,5,5,5,2,15,1,79,2,9,5,1,7,9,1,10,1,12,75,1,21,121.5888409,25.0473025
114,06,15,17,15,05中正區,中正區北平西路與館前路口,0,0,1,1,C03,8,6,8,30,22,22,1,5,4,5,13,4,4,10,4,5,2,9,1,21,3,10,6,1,7,9,3,18,2,11,79,1,29,121.5151918,25.0475681
114,06,15,17,16,06松山區,松山區塔悠路與健康路口,0,0,2,1,B03,8,7,5,50,4,1,1,5,4,5,13,2,1,9,4,4,2,17,1,46,3,10,7,1,7,6,1,8,1,5,9,1,22,121.5696801,25.0545914
114,06,15,17,24,11南港區,南港區忠孝東路5段與永吉路口口,0,0,2,1,C03,8,6,5,50,5,1,1,5,4,5,13,2,2,1,5,5,2,12,1,29,2,8,6,4,7,9,1,10,9,14,44,1,22,121.5824982,25.0452199
114,06,15,18,04,11南港區,南港區市民大道8段82號對面,0,0,1,1,B03,8,6,5,50,14,9,1,5,4,5,13,4,4,1,5,5,2,12,1,24,3,10,3,4,7,1,1,8,1,4,19,1,22,121.6048085,25.0529567
114,06,15,19,05,03中山區,中山區新生北路2段與民權東路1段口,0,0,3,1,C03,8,5,5,50,4,1,1,5,4,5,13,1,1,1,4,5,2,17,1,45,2,7,6,1,7,9,1,10,1,12,17,1,21,121.5275425,25.06237024
114,06,15,19,08,01大同區,大同區延平北路2段254號,0,0,1,1,C03,8,5,5,50,14,9,1,5,4,5,13,4,4,9,4,5,2,12,2,38,2,9,5,1,7,9,1,10,1,14,17,1,21,121.5113495,25.0604763
114,06,15,19,16,04大安區,大安區基隆路4段與羅斯福路4段口,0,0,2,1,C03,7,5,5,50,5,3,1,5,4,5,13,2,1,5,5,5,2,13,1,46,2,8,3,4,7,9,1,10,1,11,16,1,21,121.5372793,25.0114432
114,06,15,20,51,03中山區,中山區長春路與吉林路口側附近口,0,0,2,1,B02,8,5,5,50,4,2,1,5,4,5,13,1,1,5,4,4,2,17,1,28,3,10,3,4,7,11,1,4,1,5,44,1,21,121.5301564,25.054987
114,06,15,21,30,01大同區,大同區西寧北路83-3號,0,0,1,1,F01,8,5,5,50,14,9,1,5,4,5,13,4,4,5,5,5,2,17,1,35,2,8,4,2,7,9,8,20,2,15,110,1,21,121.5090146,25.0560901
114,06,15,21,47,09北投區,北投區北投路2段與大興街口,0,0,1,1,B01,7,5,5,50,4,1,1,5,4,5,13,1,1,9,5,5,2,16,1,51,3,10,7,1,7,5,1,4,2,1,71,1,21,121.4995636,25.1302395
114,06,15,22,15,05中正區,中正區愛國西路與延平南路口,0,0,2,1,C03,8,5,5,50,4,1,1,5,4,5,13,1,1,3,4,1,1,12,1,27,2,9,6,1,7,8,1,10,2,12,100,1,22,121.5081851,25.0370419
114,06,15,22,23,09北投區,北投區中央北路4段601巷11號,0,0,1,1,C03,8,5,5,50,14,9,1,5,4,5,13,4,4,9,4,5,2,17,2,32,2,9,6,1,7,9,1,10,1,17,42,1,21,121.4620602,25.1228308
114,06,15,23,29,05中正區,中正區南海路與重慶南路2段口,0,0,2,1,C03,7,5,5,50,4,1,1,5,4,5,13,1,1,1,4,5,2,17,1,24,2,3,5,1,7,5,1,10,1,14,17,1,22,121.5144114,25.0318424
114,06,16,00,31,03中山區,中山區林森北路與民權東路1段口,0,0,1,1,B01,8,5,5,50,4,1,1,5,4,5,13,1,1,9,2,5,2,13,2,53,3,10,7,1,7,9,1,4,1,5,44,1,21,121.522261,25.0580087
114,06,16,06,47,05中正區,中正區中山南路與信義路1段口,0,0,1,1,C03,8,5,5,50,4,2,1,5,4,5,13,1,1,10,4,1,1,17,1,32,3,10,5,1,7,5,1,10,1,14,8,1,21,121.5182377,25.0385826
114,06,16,06,47,05中正區,中正區重慶南路2段7巷與南昌路1段口,0,0,1,1,B12,8,7,5,30,4,1,1,5,4,5,13,4,4,1,4,5,2,15,1,64,3,10,7,1,7,9,1,7,2,8,44,1,21,121.5149555,25.0342922
114,06,16,07,32,03中山區,中山區建國北路2段94號,0,0,1,1,C03,7,7,5,50,14,9,1,5,4,5,13,4,4,10,4,5,2,12,1,37,2,9,5,1,7,8,3,18,2,14,100,1,21,121.5368121,25.05695944
114,06,16,07,44,02萬華區,萬華區堤外便道(台電橋一城電塔旁),0,0,2,1,C03,8,6,5,40,14,9,1,5,4,5,13,4,4,10,5,5,2,17,1,19,2,7,6,1,7,11,1,10,1,14,10,1,21,121.4892982,25.02676965
114,06,16,08,00,03中山區,中山區復興南路1段36-5號,0,0,1,1,C03,8,6,5,50,14,9,1,5,4,5,13,4,4,8,3,5,2,13,2,58,2,9,6,4,7,9,1,10,2,11,108,1,21,121.5438243,25.0462388
114,06,16,08,27,10文山區,文山區景福街與景福街3巷口,0,0,1,1,C03,8,6,5,30,4,1,1,5,4,5,10,4,4,10,5,5,2,15,2,37,2,7,6,1,7,9,1,10,2,12,72,1,21,121.5392758,24.9994739
114,06,16,08,32,03中山區,中山區市民大道3段與松江路口,0,0,2,1,C03,8,7,5,40,4,1,5,5,4,5,13,2,1,10,5,5,2,13,1,55,2,9,6,1,7,9,1,10,1,11,108,1,26,121.5223226,25.05796638
114,06,16,08,34,07信義區,信義區永吉路30巷與永吉路30巷101弄口,0,0,1,1,C03,8,7,5,30,4,1,1,5,4,5,13,4,4,9,5,5,2,12,1,27,3,10,5,1,7,9,1,10,2,11,108,1,21,121.5687959,25.0435792
114,06,16,08,40,07信義區,信義區忠孝東路5段625號,0,0,2,1,C03,7,5,5,50,14,9,1,5,4,5,13,4,4,1,4,5,2,13,2,39,2,9,6,1,7,9,1,10,1,11,16,1,21,121.5793992,25.0417719
114,06,16,09,38,04大安區,大安區新生南路3段19巷與和平東路2段18巷口,0,0,2,1,C03,8,6,5,30,4,1,1,5,4,5,13,4,4,10,5,5,2,15,1,66,2,9,6,1,7,9,1,10,1,12,72,1,21,121.5359202,25.0249599
114,06,16,10,00,09北投區,北投區東陽街與懷德街48巷口,0,0,1,1,C03,8,6,5,30,4,1,1,5,4,5,13,4,4,9,5,5,2,15,1,60,2,8,5,1,7,9,1,10,1,12,72,1,21,121.5202994,25.1121574
114,06,16,10,25,05中正區,中正區汀州路3段與羅斯福路3段316巷口口,0,0,1,1,C03,8,6,5,50,4,1,1,5,4,5,13,1,1,5,4,5,1,17,2,19,3,10,6,1,7,6,1,10,2,12,9,1,21,121.5324463,25.0150457
114,06,16,10,30,08士林區,士林區中山北路7段190巷與中山北路7段190巷12弄口,0,0,1,1,B12,8,6,5,30,3,1,1,5,4,5,13,4,4,10,5,5,2,17,1,65,3,10,3,4,7,5,1,8,1,8,8,1,21,121.533798,25.1253553
114,06,16,10,36,02萬華區,萬華區萬大路與西藏路口,0,0,1,1,B03,8,7,5,50,4,1,1,5,4,5,13,2,1,1,4,5,2,17,2,35,3,10,3,4,7,15,1,8,9,17,99,2,22,121.5004477,25.02914
114,06,16,10,40,09北投區,北投區大業路與中央北路2段口,0,0,1,1,B03,8,5,5,50,4,1,1,5,4,5,13,1,1,5,4,5,2,17,1,33,3,10,3,4,7,1,1,8,1,5,44,1,22,121.4971217,25.1359359
114,06,16,10,43,07信義區,信義區忠孝東路5段17號,0,0,1,1,C03,8,6,5,50,14,9,1,5,4,5,13,4,4,1,3,5,2,13,2,20,2,9,6,1,6,9,1,10,1,11,16,1,21,121.5655127,25.0411588
114,06,16,10,48,01大同區,大同區長安西路33號,0,0,1,1,C03,8,7,8,50,22,22,1,5,4,5,13,2,1,5,4,5,2,17,2,26,2,9,3,4,7,6,1,10,1,12,9,1,21,121.5195767,25.05036
114,06,16,11,14,07信義區,信義區虎林街與虎林街121巷口,0,0,1,1,F02,7,5,6,30,4,1,1,5,4,5,13,4,4,10,5,5,2,15,2,79,2,9,4,1,7,9,8,20,2,12,86,1,21,121.5768792,25.0403004
114,06,16,11,32,12內湖區,內湖區成功路4段298號,0,0,1,1,B03,7,6,5,40,14,8,1,5,4,5,13,4,4,1,4,4,2,12,1,76,3,10,3,4,7,1,1,8,1,4,19,1,22,121.5978754,25.0847375
114,06,16,12,10,12內湖區,內湖區新明路與成美橋口,0,0,1,1,H01,8,5,5,50,4,2,1,5,4,5,13,2,1,5,5,5,2,9,1,68,2,9,4,5,8,16,8,20,10,16,122,1,21,121.5866609,25.04642711
114,06,16,12,18,11南港區,南港區成美橋與南港路3段口,0,0,1,1,C03,8,6,6,30,5,2,1,5,4,5,13,1,1,5,4,5,2,12,1,48,2,9,6,1,7,7,6,10,1,14,100,1,21,121.5827991,25.0519746
114,06,16,12,37,06松山區,松山區塔悠路97-3號,0,0,3,1,C03,8,6,5,50,14,9,1,5,4,5,13,4,4,1,4,5,2,13,1,46,2,8,6,1,7,9,1,10,1,11,5,1,22,121.5702622,25.05289157