發生年度,發生月,發生日,發生時-Hours,發生分,區序,肇事地點,死亡人數,2-30日死亡人數,受傷人數,當事人序號,車種,天候,光線,道路類別,速限-速度限制,道路型態,事故位置,路面狀況1,路面狀況2,路面狀況3,道路障礙1,道路障礙2,號誌1,號誌2,車道劃分-分向,車道劃分-分道1,車道劃分-分道2,車道劃分-分道3,事故類型及型態,性別,年齡,受傷程度,主要傷處,保護裝置,行動電話,車輛用途,當事者行動狀態,駕駛資格情形,駕駛執照種類,飲酒情形,車輛撞擊部位1,肇因碼-個別,個人肇逃否,職業,座標-X,座標-Y
114,06,16,12,40,09北投區,北投區承德路7段與承德路7段393巷口,0,0,1,1,B12,8,6,5,60,4,1,1,5,4,5,13,2,1,8,3,5,2,17,1,24,3,10,7,1,7,5,1,3,2,2,71,1,21,121.5014286,25.1194442
114,06,16,12,50,07信義區,信義區市民大道4段與光復南路口口,0,0,1,1,C03,8,5,8,40,5,2,1,5,4,5,13,1,1,1,4,5,2,17,2,41,2,9,6,1,7,9,1,10,2,14,108,1,22,121.5577169,25.0449802
114,06,16,13,00,12內湖區,內湖區永保街與安康路口旁,0,0,1,1,B12,8,6,5,50,11,9,1,5,4,5,13,4,4,9,5,5,2,17,1,38,3,10,7,1,7,1,1,8,2,8,19,1,21,121.6070393,25.0643565
114,06,16,13,08,09北投區,北投區中和街493巷11弄與無名巷口,0,0,3,1,C03,8,6,5,30,4,1,1,5,4,5,13,4,4,10,5,5,2,17,2,46,2,9,6,1,7,9,1,10,2,11,72,1,21,121.4953022,25.14360127
114,06,16,13,20,08士林區,士林區建業路11巷與建業路19巷口,0,0,2,1,C03,8,6,5,30,3,1,1,5,4,5,10,4,4,10,5,5,2,17,1,24,2,9,3,4,7,9,1,10,2,14,44,1,21,121.5473223,25.13606624
114,06,16,13,22,04大安區,大安區大安路1段35號對面,0,0,1,1,C03,8,6,5,40,14,9,1,5,4,5,13,4,4,10,4,5,2,16,1,43,3,10,6,4,7,8,1,10,1,13,100,1,22,121.5461813,25.0438529
114,06,16,13,24,03中山區,中山區吉林路387號,0,0,1,1,C03,8,6,5,50,14,7,1,5,4,5,13,4,4,4,3,4,2,13,2,57,3,10,5,4,7,7,1,10,1,13,95,1,21,121.530395,25.0654271
114,06,16,13,36,03中山區,中山區八德路2段與龍江路口,0,0,1,1,B01,8,6,5,50,4,1,1,5,4,5,13,2,1,5,4,5,2,16,1,54,3,10,7,1,7,11,1,4,1,6,10,1,21,121.5404486,25.0467845
114,06,16,14,35,12內湖區,內湖區行愛路與新湖二路口,0,0,1,1,C03,8,6,5,50,4,1,1,5,4,5,13,2,1,5,4,5,2,17,1,57,2,9,6,1,7,1,1,10,1,14,19,1,21,121.5806456,25.0633547
114,06,16,14,42,07信義區,信義區永吉路120巷90號,0,0,1,1,B03,8,7,5,50,14,9,1,5,4,5,13,4,4,5,5,5,2,17,1,47,3,10,3,4,7,9,1,8,2,5,42,1,22,121.5701451,25.0423758
114,06,16,14,43,03中山區,中山區中山北路2段46巷0105443號燈桿旁,0,0,2,1,C03,7,7,5,30,14,9,1,5,4,5,13,4,4,10,5,5,2,17,2,20,3,10,5,1,7,5,1,10,1,14,8,1,21,121.5218018,25.0553801
114,06,16,15,02,07信義區,信義區吳興街156巷與吳興街口,0,0,2,1,F01,8,7,5,50,4,2,1,5,4,5,13,1,1,5,5,5,2,12,1,74,2,9,3,4,7,15,8,20,1,12,44,1,21,121.5620053,25.0293721
114,06,16,15,31,04大安區,大安區忠孝東路4段廢鐵道,0,0,1,1,B03,8,5,5,30,3,1,1,5,4,5,13,4,4,1,1,1,1,17,1,50,3,10,7,1,7,6,1,8,1,1,9,1,21,121.5565867,25.04150103
114,06,16,15,31,05中正區,中正區汀州路2段與汀州路2段182巷口,0,0,1,1,C03,8,7,5,50,4,2,1,5,4,5,13,4,4,5,5,5,2,13,2,66,2,8,5,1,7,9,1,10,1,11,16,1,21,121.5231836,25.0229801
114,06,16,16,30,02萬華區,萬華區昆明街與桂林路口,0,0,1,1,A02,8,6,5,50,4,2,1,5,4,5,13,2,1,5,4,5,2,9,1,57,3,10,7,1,7,9,1,1,1,17,44,1,21,121.5070608,25.03512177
114,06,16,16,41,03中山區,中山區復興北路430巷與復興北路430巷口38號對面五常國小,0,0,1,1,B03,8,7,5,30,14,9,1,5,4,5,13,4,4,9,4,5,2,16,2,58,3,10,7,1,7,1,1,8,2,1,19,1,28,121.5421093,25.06338073
114,06,16,17,10,09北投區,北投區七星街與育仁路口,0,0,2,1,C04,8,7,5,30,3,1,1,5,4,5,10,4,4,5,4,5,2,16,2,54,2,9,6,1,7,5,1,11,1,11,74,1,22,121.5010118,25.136666
114,06,16,17,20,04大安區,大安區溫州街58巷與羅斯福路3段283巷口,0,0,1,1,C03,7,7,5,20,4,1,1,5,4,5,13,4,4,10,5,5,1,17,2,54,2,9,6,1,7,9,1,10,1,12,44,1,21,121.5318466,25.0206053
114,06,16,17,26,01大同區,大同區貴德街與西寧北路86巷口,0,0,2,1,C03,7,6,5,30,4,1,1,5,4,5,13,4,4,10,5,5,2,15,1,30,2,9,6,4,7,9,1,10,2,11,75,1,22,121.5083499,25.0552319
114,06,16,17,26,07信義區,信義區忠孝東路5段723號,0,0,2,1,C03,7,5,5,50,14,9,1,5,4,5,13,4,4,3,4,5,2,16,1,18,2,9,5,4,7,7,1,10,1,11,100,1,21,121.5805994,25.0426805
114,06,16,17,27,01大同區,大同區南京西路239巷與西寧北路口,0,0,1,1,B01,7,6,5,30,3,1,1,5,4,5,13,4,4,10,5,5,2,17,1,60,3,10,7,4,7,6,1,4,1,5,9,1,21,121.5087567,25.05383771
114,06,16,17,27,05中正區,中正區南昌路1段94號,0,0,1,1,C03,8,6,5,50,14,9,4,5,4,5,13,4,4,10,5,5,2,17,1,67,2,8,5,1,7,5,1,10,2,11,99,1,21,121.5176022,25.0305809
114,06,16,17,40,07信義區,信義區莊敬路與吳興街361巷33弄口,0,0,1,1,C03,7,7,5,40,3,18,1,5,4,5,13,4,4,5,5,4,2,3,1,59,3,10,3,4,7,9,1,10,1,17,44,1,21,121.5672631,25.0270318
114,06,16,18,00,08士林區,士林區至誠路2段40號,0,0,1,1,C03,7,6,5,40,14,9,1,5,4,5,13,4,4,9,4,5,1,17,2,28,2,1,3,4,7,9,1,10,1,12,16,1,22,121.5288769,25.1018013
114,06,16,18,15,05中正區,中正區重慶南路2段與重慶南路2段7巷口,0,0,1,1,C03,8,6,5,50,3,2,1,5,4,5,13,4,4,1,4,5,2,17,1,47,2,9,5,1,7,7,6,10,2,14,100,1,21,121.5135279,25.0334326
114,06,16,18,21,09北投區,北投區石牌路2段325巷與石牌路2段315巷10弄口,0,0,1,1,C03,8,6,5,30,3,2,1,5,4,5,13,4,4,10,5,5,2,16,2,51,2,9,6,1,7,5,1,10,1,12,72,1,21,121.5227536,25.12278981
114,06,16,18,33,10文山區,文山區興隆路4段與興隆路4段213巷口,0,0,1,1,B03,7,6,5,50,4,2,1,5,4,5,13,2,1,1,4,5,2,13,1,61,3,10,3,4,7,9,1,8,1,1,108,1,22,121.5624125,24.9825598
114,06,16,18,38,10文山區,文山區興隆路4段12號,0,0,2,1,C03,7,6,5,50,14,9,1,5,4,5,13,4,4,3,4,5,2,12,2,62,2,9,6,1,7,9,1,10,1,14,42,1,21,121.5599091,24.9891057
114,06,16,19,42,08士林區,士林區延平北路8段2巷192-1號,0,0,1,1,B12,8,5,5,40,14,9,1,5,4,5,13,4,4,10,5,5,1,17,1,38,3,10,3,4,7,1,1,8,1,8,19,1,21,121.4884869,25.1093689
114,06,16,19,59,11南港區,南港區南港路1段與港東街口,0,0,1,1,C03,7,5,5,50,3,2,1,5,4,5,13,4,4,4,4,5,2,13,2,57,2,8,3,4,7,9,1,10,1,11,14,1,21,121.6203633,25.0548947
114,06,16,20,18,02萬華區,萬華區環河南路2段與環河南路2段250巷口,0,0,1,1,,8,5,5,50,4,2,1,5,4,5,13,1,1,1,3,5,2,12,4,0,,,,,,,,,,,119,2,,121.4920798,25.0328923
114,06,16,20,20,08士林區,士林區文林路與文林路495巷口,0,0,2,1,C03,7,5,5,50,3,2,1,5,4,5,13,4,4,9,4,5,1,16,2,19,2,9,3,4,7,11,1,10,1,14,10,1,21,121.5242259,25.0965022
114,06,16,20,20,12內湖區,內湖區新明路與南京東路6段368巷口,0,0,1,1,C03,8,5,5,50,3,1,1,5,4,5,13,2,1,5,4,5,2,13,1,19,2,8,6,1,7,9,1,10,1,11,108,1,21,121.5870926,25.0579439
114,06,16,21,02,10文山區,文山區木柵路4段9巷12號,0,0,1,1,C03,8,5,5,50,14,9,1,5,4,5,13,1,1,5,4,5,1,16,2,69,2,7,5,1,7,7,1,10,1,14,100,1,21,121.5712744,24.9923269
114,06,16,21,28,02萬華區,萬華區萬大路與德昌街口,0,0,2,1,C03,7,5,5,30,4,1,1,5,4,5,13,2,1,1,4,5,2,16,1,70,2,9,3,4,7,8,1,10,1,12,100,1,22,121.5003908,25.0253549
114,06,16,21,55,07信義區,信義區崇德街與崇德街31巷口口,0,0,2,1,C03,8,7,5,50,4,1,1,5,4,5,13,4,4,5,5,5,2,17,1,51,2,9,6,1,7,9,1,10,1,11,108,1,22,121.5538469,25.0243002
114,06,16,21,55,07信義區,信義區松智路與松勤街口,0,0,1,1,B03,8,5,5,50,4,1,1,5,4,5,13,2,1,4,1,5,2,16,1,44,4,11,3,4,7,6,1,4,2,5,9,1,22,121.5654199,25.0319365
114,06,16,22,00,08士林區,士林區葫東街與延平北路5段136巷27弄口,0,0,1,1,C03,8,5,5,30,3,2,1,5,4,5,13,4,4,9,5,5,1,17,1,39,2,7,5,1,7,5,1,10,1,12,72,1,21,121.5110053,25.0835845
114,06,16,22,28,09北投區,北投區東華街2段8號停車格,0,0,1,1,C03,8,5,5,50,14,9,1,5,4,5,13,4,4,9,4,5,2,13,1,33,2,9,3,4,7,9,1,10,2,11,16,1,26,121.5078232,25.1207417
114,06,16,22,32,11南港區,南港區忠孝東路7段598號,0,0,1,1,A04,7,5,5,50,14,9,1,5,4,5,13,1,1,1,4,5,2,12,1,67,3,10,3,4,7,8,1,2,1,2,100,1,21,121.6151326,25.0529704
114,06,17,05,43,02萬華區,萬華區堤外便道(長順-華中)（燈桿華中131）,0,0,1,1,H01,7,7,5,40,14,9,1,5,4,5,13,4,4,8,3,5,2,3,2,64,2,9,4,5,8,16,8,20,10,16,121,1,21,121.4947061,25.0164069
114,06,17,06,40,09北投區,北投區大度路3段與立德路口,0,0,2,1,C03,8,6,5,50,3,1,1,5,4,5,13,1,1,1,4,5,2,17,1,35,2,9,6,1,7,9,1,10,2,11,44,1,21,121.4711968,25.122715
114,06,17,07,00,11南港區,南港區重陽路與惠民街口,0,0,1,1,B03,7,7,5,50,3,1,1,5,4,5,13,2,1,5,4,4,2,17,1,54,3,10,7,1,7,11,1,8,1,4,10,1,21,121.6097234,25.0590921
114,06,17,07,10,12內湖區,內湖區康寧路3段與安康路口,0,0,2,1,C03,8,7,5,50,3,2,1,5,4,5,13,1,1,1,4,5,2,13,1,31,2,9,5,1,7,9,1,10,1,11,16,1,21,121.6110525,25.0647698
114,06,17,07,30,08士林區,士林區芝玉路2段與士東路200巷49弄口,0,0,1,1,C03,8,5,5,30,4,1,1,5,4,5,13,4,4,10,5,5,2,15,2,25,2,9,6,1,7,9,1,10,2,11,75,1,21,121.5346248,25.1110356
114,06,17,07,46,07信義區,信義區忠孝東路4段與光復南路口,0,0,1,1,,8,7,5,50,4,1,1,5,4,5,13,2,1,1,4,5,2,12,4,,,,,,,,,,,,119,2,,121.5577778,25.0414757
114,06,17,08,03,07信義區,信義區松仁路153巷6號,0,0,2,1,F01,8,7,5,0,14,9,1,5,4,5,13,4,4,10,5,5,2,16,1,27,2,9,4,4,7,5,8,20,1,14,118,1,21,121.5696843,25.0298779
114,06,17,08,11,06松山區,松山區民生東路4段80巷與健康路15巷口,0,0,1,1,C03,8,6,5,30,4,2,1,5,4,5,13,2,1,5,5,5,2,1,1,49,4,11,3,4,7,21,7,19,11,15,118,2,22,121.5529352,25.056152
114,06,17,08,22,02萬華區,萬華區環河南路1段137號,0,0,1,1,C03,7,6,5,50,14,9,2,5,4,5,13,4,4,5,4,5,2,17,1,27,2,9,6,1,7,9,1,10,1,12,42,1,21,121.5004647,25.0427174
114,06,17,08,26,07信義區,信義區吳興街156巷65弄與信安街15巷口,0,0,1,1,B01,8,5,5,30,4,1,1,5,4,5,13,4,4,5,5,5,2,15,1,65,3,10,7,1,7,9,1,4,1,1,72,1,21,121.5591139,25.027863
114,06,17,08,30,03中山區,中山區民權東路1段48號,0,0,1,1,G06,7,6,8,0,22,20,2,5,4,5,13,4,4,10,5,5,2,3,1,35,3,10,4,4,7,9,8,20,1,15,42,1,21,121.524787,25.062439
114,06,17,09,40,09北投區,北投區稻香路與新興路口,0,0,1,1,B03,8,6,5,0,4,2,1,5,4,5,13,1,1,5,5,5,2,17,2,38,3,10,7,1,7,13,1,8,2,4,40,1,21,121.4897834,25.1411601
114,06,17,09,58,03中山區,中山區樂群一路往東（金泰公園）,0,0,1,1,C03,7,5,5,50,14,9,1,5,4,5,13,4,4,3,4,5,2,13,1,48,3,10,3,4,7,9,1,10,1,11,16,1,21,121.5681078,25.07759814
114,06,17,10,23,04大安區,大安區基隆路2段與臥龍街口,0,0,1,1,C03,7,7,5,50,14,9,1,5,4,5,13,4,4,8,3,5,1,12,1,32,2,8,5,1,7,7,1,10,1,14,100,1,21,121.5482272,25.0203634
114,06,17,10,43,11南港區,南港區向陽路196巷與重陽路39巷口,0,0,1,1,B03,7,6,5,50,4,1,1,5,4,5,13,3,1,4,1,5,2,15,1,55,3,10,3,4,7,9,1,4,2,1,72,1,21,121.5953772,25.0560503
114,06,17,10,44,08士林區,士林區故宮路與故宮路34巷口,0,0,1,1,C02,8,5,5,50,4,1,1,5,4,1,13,2,1,3,4,5,2,28,1,49,2,9,5,1,7,8,1,9,1,11,108,1,21,121.524798,25.09509072
114,06,17,10,50,08士林區,士林區芝玉路1段195號,0,0,1,1,C03,7,5,8,30,22,22,1,5,4,5,13,4,4,10,5,5,1,17,1,41,2,9,5,1,7,7,1,10,1,17,100,1,21,121.5333564,25.10795362
114,06,17,11,16,11南港區,南港區興南街52巷13號,0,0,1,1,B03,7,6,5,30,14,9,1,5,4,5,13,4,4,10,5,5,2,14,1,65,3,10,3,4,7,2,1,8,2,3,12,1,21,121.6038682,25.0566398
114,06,17,11,17,02萬華區,萬華區漢口街2段73號,0,0,2,1,C03,8,7,5,50,14,7,1,5,4,5,13,4,4,5,3,5,2,3,2,19,2,9,6,1,7,9,1,10,1,14,108,1,22,121.5040535,25.0463505
114,06,17,11,21,05中正區,中正區愛國東路與寧波東街口,0,0,1,1,B02,8,7,5,50,3,2,1,5,4,5,13,1,1,1,4,5,2,13,1,30,3,10,7,1,7,9,1,15,1,1,108,1,21,121.5201802,25.0333728
114,06,17,11,36,05中正區,中正區忠孝東路2段48號,0,0,2,1,C03,8,5,5,50,14,9,1,5,4,5,13,4,4,1,4,5,1,17,2,18,2,9,5,1,7,7,1,10,1,11,100,1,21,121.5288343,25.0433095
114,06,17,11,47,03中山區,中山區民權東路2段與松江路口,0,0,1,1,B03,6,6,5,50,14,9,1,4,4,5,13,2,1,8,5,5,2,13,2,60,3,10,7,4,7,9,1,8,1,1,108,1,21,121.5329097,25.062437
114,06,17,11,49,03中山區,中山區民權東路2段與松江路口,0,0,1,1,B01,8,6,5,50,4,1,1,5,4,5,13,2,1,1,4,5,2,16,1,67,3,10,7,1,7,8,1,4,2,2,100,1,21,121.5329457,25.0625757
114,06,17,12,10,05中正區,中正區忠孝東路2段134巷與新生南路1段52巷口,0,0,1,1,B03,8,6,5,30,4,1,1,5,4,5,13,4,4,5,5,5,2,16,2,63,3,10,7,1,7,6,1,8,2,8,72,1,21,121.5317241,25.0417618
114,06,17,12,15,03中山區,中山區長安東路2段與復興北路口,0,0,1,1,C03,7,6,5,50,4,2,1,5,4,5,13,2,1,1,4,5,2,13,2,39,2,9,5,1,7,9,1,10,1,11,108,1,21,121.543855,25.0484759
114,06,17,12,24,12內湖區,內湖區康寧路3段與康寧路3段99巷口,0,0,1,1,C03,8,6,5,50,4,1,1,5,4,5,13,2,1,1,4,5,2,17,1,45,3,10,5,1,7,11,1,10,1,12,98,1,21,121.6100397,25.0713518
114,06,17,12,36,05中正區,中正區重慶南路1段與武昌街1段口,0,0,2,1,C03,7,6,5,50,3,2,1,5,4,5,13,1,1,10,4,5,2,17,1,23,4,11,6,4,7,15,7,19,9,17,4,2,22,121.5133381,25.04412885
114,06,17,13,14,04大安區,大安區復興南路1段126巷與復興南路1段口,0,0,1,1,B03,6,6,5,50,3,1,1,4,4,5,13,2,1,10,5,5,2,17,1,72,3,10,3,4,7,6,1,8,1,17,9,1,22,121.5436392,25.04349469
114,06,17,13,45,07信義區,信義區富陽街與富陽街87巷口,0,0,2,1,C03,6,5,5,50,3,1,1,4,4,5,13,4,4,9,5,5,2,16,1,58,2,4,3,4,7,5,1,10,2,11,74,1,21,121.5565551,25.021228
114,06,17,14,18,03中山區,中山區龍江路與民權東路3段口,0,0,1,1,C03,8,6,5,50,4,1,1,4,4,5,13,2,1,4,5,5,2,12,1,68,2,8,5,4,7,9,1,10,2,17,17,1,21,121.5408612,25.0624751
114,06,17,14,22,09北投區,北投區文承路與承德路6段口,0,0,1,1,B01,8,6,5,50,3,2,1,5,4,5,13,2,1,8,3,5,2,17,1,68,3,10,7,1,7,9,1,4,1,1,108,1,21,121.5121523,25.10477445
114,06,17,14,30,04大安區,大安區敦化南路1段190巷43號,0,0,1,1,C03,7,7,5,30,14,9,1,5,4,5,13,4,4,10,5,5,1,17,1,53,3,10,6,1,7,8,1,10,1,13,100,1,21,121.5469639,25.0426568
114,06,17,14,44,05中正區,中正區林森南路地下道,0,0,2,1,C03,8,7,5,50,7,9,1,5,4,5,13,4,4,10,4,5,2,17,1,50,2,8,5,1,7,8,1,10,1,13,100,1,21,121.5188683,25.0335943
114,06,17,15,32,07信義區,信義區和平東路3段463巷與和平東路3段435巷口,0,0,1,1,B03,7,6,5,30,4,1,1,5,4,5,10,4,4,10,5,5,1,17,2,31,3,10,3,4,7,6,1,8,1,4,9,1,22,121.5596182,25.0191847
114,06,17,16,15,03中山區,中山區渭水路48號,0,0,2,1,B03,7,6,5,50,14,9,1,5,4,5,13,4,4,9,4,5,2,12,1,21,3,10,3,4,7,11,1,8,1,4,10,1,21,121.5353909,25.0458271
114,06,17,16,21,12內湖區,內湖區瑞光路478巷與堤頂大道2段口口,0,0,1,1,B03,8,5,5,50,4,1,1,5,4,5,13,1,1,5,5,5,2,16,1,57,3,10,7,1,7,6,1,8,1,6,9,1,21,121.5686474,25.0774732
114,06,17,16,35,03中山區,中山區林森北路與新生北路2段76巷口,0,0,1,1,B03,7,7,5,30,4,1,1,5,4,5,13,4,4,9,4,5,2,15,1,71,3,10,7,1,7,9,1,8,1,2,72,1,21,121.5255945,25.05762149
114,06,17,16,43,07信義區,信義區信安街67巷與吳興街156巷65弄口,0,0,2,1,C03,7,6,5,50,3,2,1,5,4,5,13,4,4,9,5,4,1,13,1,52,2,9,3,4,7,9,1,10,1,11,108,1,22,121.5593009,25.0259622
114,06,17,17,10,09北投區,北投區中央北路4段30巷,0,0,1,1,C03,7,7,6,30,14,9,1,5,4,5,13,4,4,10,5,5,2,12,1,19,3,10,5,1,7,9,1,10,1,14,108,1,21,121.4751999,25.13805139
114,06,17,17,19,06松山區,松山區民生東路5段與新中街口口,0,0,1,1,B12,7,6,5,50,3,1,1,5,4,5,13,2,1,1,3,5,2,17,2,46,3,10,7,1,7,5,1,8,1,1,74,1,21,121.5605217,25.058605
114,06,17,17,23,09北投區,北投區大度路1段與中央北路2段257巷口,0,0,1,1,C03,7,5,5,50,5,1,1,5,4,5,13,2,1,1,1,4,1,16,1,19,3,10,5,1,7,6,1,10,1,12,9,1,21,121.486302,25.1220728
114,06,17,17,52,04大安區,大安區忠孝東路3段與復興南路1段口,0,0,1,1,B01,7,5,5,50,4,1,1,5,4,5,13,1,1,1,3,1,1,17,1,67,3,10,7,1,7,6,1,4,1,2,9,1,21,121.5436441,25.0417829
114,06,17,18,07,10文山區,文山區羅斯福路6段與羅斯福路6段142巷口,0,0,1,1,C03,7,6,5,50,4,2,1,5,4,5,13,1,1,1,4,5,2,12,1,71,3,10,6,1,7,9,1,10,1,12,108,1,22,121.5411064,24.9958234
114,06,17,18,20,02萬華區,萬華區環河南路1段與長沙街2段口,0,0,1,1,B12,8,7,5,50,3,1,1,5,4,5,13,1,1,4,1,5,2,12,1,27,3,10,7,1,7,11,1,8,1,1,10,1,22,121.4996789,25.04147385
114,06,17,18,22,08士林區,士林區延平北路8段242巷延平幹75 R106L4 B5956 BA86,0,0,1,1,C03,8,7,5,30,11,9,1,5,4,5,13,4,4,10,5,5,2,11,1,38,2,7,6,1,7,9,1,10,1,11,5,1,21,121.4782231,25.1082575
114,06,17,18,23,01大同區,大同區忠孝橋機慢車道往新北市上橋處,0,0,2,1,C03,8,5,5,40,8,11,1,5,4,5,13,4,4,1,2,5,2,13,2,52,2,9,6,1,7,9,1,10,1,11,108,1,21,121.5069242,25.0489103
114,06,17,18,30,08士林區,士林區文林路與文林路口捷運橋下便道口,0,0,1,1,B03,7,5,6,50,3,1,1,5,4,5,13,4,4,9,4,5,1,17,1,20,3,10,7,1,7,9,1,8,1,1,108,1,21,121.5253661,25.08624943
114,06,17,18,40,03中山區,中山區市民高架道往西中山北路上方,0,0,1,1,B03,7,5,5,80,10,9,1,5,4,5,13,4,4,1,5,5,1,12,1,44,3,10,3,4,7,7,1,8,1,8,100,1,21,121.5207325,25.04824407
114,06,17,18,59,10文山區,文山區興隆路4段與興隆路4段8巷口,0,0,1,1,B03,7,5,5,30,3,1,1,5,4,5,13,4,4,10,5,5,2,16,1,65,3,10,3,4,7,6,1,8,1,8,118,1,22,121.5599067,24.9891658
114,06,17,21,10,07信義區,信義區中坡北路9號,0,0,1,1,F03,8,5,5,50,14,7,1,5,4,5,13,4,4,1,3,4,2,17,2,46,2,9,3,4,7,9,8,20,2,15,42,1,21,121.5811207,25.0444058
114,06,17,21,28,04大安區,大安區杭州南路2段與愛國東路口,0,0,2,1,B03,8,5,5,50,14,9,1,5,4,5,13,4,4,10,5,5,2,12,2,46,3,10,2,1,7,8,1,4,1,4,100,1,21,121.5228669,25.0322653
114,06,17,21,30,12內湖區,內湖區民權大橋與民權大橋口東向西第14支路燈桿,0,0,1,1,C03,8,5,5,30,8,7,1,5,4,5,13,4,4,3,2,4,2,12,1,64,2,9,5,1,7,10,1,10,8,14,100,1,21,121.5696211,25.0635062
114,06,17,21,39,12內湖區,內湖區行愛路與行愛路140巷口,0,0,1,1,C03,7,5,5,50,4,2,1,5,4,5,13,1,1,4,3,4,1,17,1,34,2,9,3,4,7,5,1,10,1,12,44,1,21,121.5799856,25.0643088
114,06,17,21,59,03中山區,中山區天津街與中山北路1段83巷口,0,0,1,1,B03,8,5,5,50,4,2,1,5,4,5,13,4,4,9,4,5,2,9,1,46,4,11,7,1,7,15,1,8,11,15,108,2,21,121.5232487,25.050219
114,06,17,22,28,12內湖區,內湖區民權東路6段與民權東路6段46巷口,0,0,3,1,C03,7,5,5,50,4,1,1,5,4,5,13,1,1,1,4,5,2,12,1,22,2,9,5,1,7,15,1,10,1,12,100,1,21,121.5814307,25.0678093
114,06,18,01,36,02萬華區,萬華區堤外便道與光復橋口自行車引道(編號3014032燈桿前),0,0,2,1,F01,8,5,5,40,5,1,1,5,4,5,13,4,4,10,5,5,1,17,2,77,2,7,4,1,7,11,8,20,1,13,11,1,21,121.4908196,25.0231709
114,06,18,05,40,09北投區,北投區泉源路1209705燈桿,0,0,2,1,C03,8,7,5,40,11,9,1,5,4,5,13,4,4,7,5,5,1,3,2,63,2,9,3,4,7,9,3,18,2,11,108,1,26,121.5234837,25.145127
114,06,18,07,05,10文山區,文山區新光路2段100號,0,0,1,1,B03,8,5,5,50,14,9,1,5,4,5,13,4,4,9,5,5,1,12,1,57,3,10,7,1,7,9,1,8,1,5,16,1,21,121.5961497,24.99949255
114,06,18,07,10,10文山區,文山區和興路84巷與無名巷口,0,0,1,1,B03,8,6,5,30,3,1,2,5,4,5,13,4,4,10,5,5,2,17,2,40,3,10,3,4,7,5,1,8,1,8,72,1,21,121.5357487,24.98647085
114,06,18,07,13,02萬華區,萬華區桂林路與昆明街口,0,0,1,1,C03,7,6,5,50,4,1,1,5,4,5,13,1,1,8,3,5,2,16,1,44,2,9,5,4,7,5,1,10,1,14,8,1,22,121.5037899,25.0379431
114,06,18,08,12,11南港區,南港區同德路與忠孝東路6段70巷口,0,0,1,1,B01,8,6,5,50,4,2,1,5,4,5,13,4,4,5,5,5,2,16,2,43,3,10,7,1,7,6,1,4,1,2,9,1,21,121.5847099,25.0455472
114,06,18,08,23,07信義區,信義區基隆路2段131-12號,0,0,2,1,C03,8,6,5,50,14,9,1,5,4,5,13,4,4,2,3,5,2,12,1,41,3,10,5,1,7,15,1,10,1,14,17,1,21,121.5567701,25.02907567
114,06,18,08,25,08士林區,士林區延平北路6段116巷與延平北路6段口,0,0,1,1,C03,8,6,5,30,3,2,1,5,4,5,13,4,4,1,5,5,2,17,2,58,2,9,3,4,7,5,1,10,2,12,72,1,21,121.508284,25.088686
114,06,18,08,30,12內湖區,內湖區瑞光路76巷與民權東路6段19巷口口,0,0,1,1,B03,8,5,5,50,4,1,1,5,4,5,13,1,1,5,5,5,2,16,1,61,3,10,7,1,7,6,1,8,1,6,9,1,21,121.5790773,25.0689842
114,06,18,08,39,10文山區,文山區景文街與景美街口,0,0,1,1,B03,8,6,5,50,5,1,1,5,4,5,13,2,1,5,5,4,1,16,1,62,3,10,7,1,7,6,1,8,1,5,9,1,22,121.5408981,24.9883131
114,06,18,08,40,06松山區,松山區復興北路地下道北往南距出口75公尺處,0,0,2,1,C03,8,5,5,40,7,9,1,5,4,5,13,4,4,10,4,5,2,13,1,74,2,8,6,1,7,9,1,10,2,11,16,1,22,121.5442517,25.06744535
114,06,18,08,42,09北投區,北投區北投路2段與大業路516巷口,0,0,2,1,C03,8,7,5,50,3,1,1,5,4,5,13,2,1,10,5,5,1,16,1,17,2,9,5,1,7,6,2,18,1,13,9,1,21,121.4974836,25.1326674
114,06,18,08,45,10文山區,文山區基隆路4段與汀州路4段口,0,0,1,1,C03,8,6,5,30,5,1,1,5,4,5,13,2,1,10,5,5,2,17,1,25,2,7,6,1,7,9,1,9,2,14,13,1,21,121.5363725,25.0109452
114,06,18,08,50,01大同區,大同區承德路3段與民族西路口,0,0,1,1,C03,7,6,5,50,4,1,1,5,4,5,13,2,1,1,4,5,2,12,1,35,3,10,3,4,7,15,1,10,1,14,100,1,21,121.5183745,25.06855849
114,06,18,09,20,04大安區,大安區辛亥路3段157巷12弄,0,0,1,1,B03,8,6,5,50,14,9,1,5,4,5,13,4,4,5,4,5,2,17,1,53,3,10,7,1,7,11,1,8,1,5,10,1,21,121.5494446,25.0176008
114,06,18,09,30,11南港區,南港區研究院路1段與富康街口口,0,0,1,1,C03,8,6,5,50,4,1,1,5,4,5,13,2,1,3,4,5,2,12,1,83,3,10,6,1,7,8,1,10,1,12,100,1,21,121.6165683,25.0544872
114,06,18,09,35,11南港區,南港區經貿二路157巷36弄,0,0,1,1,B01,8,6,5,50,14,9,1,5,4,5,13,4,4,5,5,5,2,13,1,67,2,1,3,4,7,9,1,4,1,1,108,1,21,121.6145476,25.0622937
114,06,18,10,48,02萬華區,萬華區西寧南路與漢口街2段口,0,0,1,1,B03,8,6,5,50,14,9,1,5,4,5,13,2,1,9,4,5,1,9,1,71,3,10,3,4,7,6,1,8,1,5,70,1,22,121.5067158,25.0455969