發生年度,發生月,發生日,發生時-Hours,發生分,區序,肇事地點,死亡人數,2-30日死亡人數,受傷人數,當事人序號,車種,天候,光線,道路類別,速限-速度限制,道路型態,事故位置,路面狀況1,路面狀況2,路面狀況3,道路障礙1,道路障礙2,號誌1,號誌2,車道劃分-分向,車道劃分-分道1,車道劃分-分道2,車道劃分-分道3,事故類型及型態,性別,年齡,受傷程度,主要傷處,保護裝置,行動電話,車輛用途,當事者行動狀態,駕駛資格情形,駕駛執照種類,飲酒情形,車輛撞擊部位1,肇因碼-個別,個人肇逃否,職業,座標-X,座標-Y
114,06,20,10,10,01大同區,大同區酒泉街201號,0,0,1,1,B03,7,6,5,50,14,9,1,5,4,5,13,4,4,4,4,5,2,16,1,53,3,10,3,4,7,11,1,8,1,4,118,1,21,121.5119861,25.0720903
114,06,20,10,15,10文山區,文山區景中街26號,0,0,1,1,F01,8,6,5,50,14,9,1,5,4,5,13,4,4,1,4,5,2,12,1,21,2,9,4,1,7,10,8,20,1,14,101,1,21,121.542053,24.9928575
114,06,20,10,29,03中山區,中山區新生北路2段9號,0,0,1,1,C03,8,6,5,50,14,9,1,5,4,5,13,4,4,1,4,5,2,13,1,48,2,7,6,1,7,9,1,8,1,11,16,1,22,121.5275453,25.05306749
114,06,20,10,41,06松山區,松山區八德路3段與延吉街口,0,0,1,1,A02,7,6,5,50,5,1,1,5,4,5,13,1,1,8,3,5,2,17,1,47,3,10,3,4,7,6,1,2,1,2,118,1,21,121.5533883,25.0481381
114,06,20,11,15,05中正區,中正區公園路54號,0,0,1,1,B03,8,6,5,50,14,9,1,5,4,5,13,1,1,5,4,5,2,13,1,59,3,10,2,1,7,9,1,8,1,1,42,1,21,121.515699,25.0401271
114,06,20,11,28,05中正區,中正區愛國東路與杭州南路2段口,0,0,1,1,C03,8,7,5,50,4,2,1,5,4,5,13,1,1,1,4,5,2,17,1,28,3,10,5,1,7,8,1,10,2,17,100,1,22,121.5227181,25.0321184
114,06,20,11,43,05中正區,中正區汀州路2段238號,0,0,2,1,C03,8,6,5,50,14,9,1,5,4,5,13,4,4,9,4,5,2,16,1,33,2,8,5,1,7,5,1,10,1,12,8,1,21,121.5247921,25.02161714
114,06,20,11,47,08士林區,士林區中山北路4段新生高架北往南,0,0,3,1,B01,8,5,5,50,10,9,1,5,4,5,13,4,4,2,4,5,2,13,1,65,3,10,2,4,7,9,1,4,1,1,16,1,22,121.5274731,25.06980452
114,06,20,11,48,10文山區,文山區秀明路1段103巷6弄與秀明路1段103巷8弄口口,0,0,1,1,B03,8,6,5,30,4,1,1,5,4,5,13,4,4,10,5,5,2,14,1,48,3,10,7,1,7,2,1,8,1,3,12,1,21,121.5659698,24.9913371
114,06,20,11,59,05中正區,中正區中山南路往南（靠近捷運中正紀念堂6號出入口）,0,0,1,1,C03,8,7,5,50,14,9,1,5,4,5,13,4,4,1,4,1,2,12,1,19,2,9,6,1,7,7,1,10,2,14,100,1,21,121.5155608,25.03700419
114,06,20,12,00,08士林區,士林區天母東路8巷與中山北路6段776巷口,0,0,1,1,B03,8,6,5,30,4,1,1,5,4,5,13,3,1,10,5,5,2,17,2,56,3,10,3,4,7,11,1,8,1,4,10,1,21,121.5300486,25.1140801
114,06,20,12,20,09北投區,北投區紗帽路20-3號,0,0,1,1,C03,8,7,5,30,11,9,1,5,4,5,13,4,4,10,5,5,1,12,1,73,2,9,6,1,7,9,1,10,1,14,5,1,22,121.5329152,25.1417589
114,06,20,13,20,01大同區,大同區赤峰街與赤峰街47巷口,0,0,1,1,C03,8,6,5,30,4,1,1,5,4,5,13,4,4,10,5,5,2,15,2,22,2,9,6,1,7,9,1,10,1,11,72,1,21,121.5196279,25.0553251
114,06,20,13,35,06松山區,松山區光復北路與健康路口,0,0,1,1,B03,8,7,5,50,4,1,1,5,4,5,13,1,1,1,4,5,2,16,1,60,3,10,7,1,7,5,1,8,1,6,85,1,21,121.5565949,25.0535823
114,06,20,13,43,03中山區,中山區松江路299號,0,0,1,1,,7,5,5,50,14,9,1,5,4,5,13,4,4,1,3,5,1,17,4,26,3,10,3,1,7,6,1,10,11,17,119,2,21,121.5211315,25.05015937
114,06,20,13,47,12內湖區,內湖區民權東路6段與民權東路6段56巷口,0,0,2,1,B03,8,7,8,50,4,1,1,5,4,5,13,1,1,1,4,5,2,17,1,50,3,10,7,1,7,6,1,8,1,6,9,1,21,121.5840075,25.0685952
114,06,20,14,28,12內湖區,內湖區民權東路6段180巷與民權東路6段180巷4弄口,0,0,2,1,F01,8,5,5,30,3,1,1,5,4,5,13,4,4,9,4,5,2,16,1,67,2,9,4,1,7,5,8,20,2,11,80,1,21,121.5927539,25.0684598
114,06,20,14,30,12內湖區,內湖區民權東路6段191巷20弄與民權東路6段191巷口,0,0,1,1,B03,8,7,5,40,3,1,1,5,4,5,13,4,4,5,5,5,2,12,1,66,3,10,7,1,7,11,1,8,1,8,10,1,21,121.5978895,25.0681456
114,06,20,14,43,07信義區,信義區崇德街與嘉興街口口,0,0,2,1,C03,8,6,5,50,4,1,1,5,4,5,13,2,1,5,5,5,2,16,1,70,2,7,6,1,7,5,1,10,1,11,71,1,26,121.555549,25.0241538
114,06,20,14,50,10文山區,文山區木柵路4段與秀明路1段口口,0,0,1,1,C03,7,6,5,50,4,1,1,5,4,5,13,2,1,10,5,5,1,16,1,20,3,10,5,1,7,6,3,18,1,12,9,1,25,121.5711455,24.9917857
114,06,20,15,01,01大同區,大同區南京西路165號,0,0,1,1,B03,8,6,5,50,14,9,1,5,4,5,13,4,4,5,5,5,2,9,1,73,3,10,7,1,7,15,1,8,2,1,44,1,21,121.5128761,25.0540513
114,06,20,15,41,04大安區,大安區和平東路1段與金山南路2段口,0,0,1,1,B03,6,6,8,50,3,1,1,4,4,5,13,2,1,1,3,5,2,16,1,36,3,10,7,1,7,5,1,8,1,4,8,1,21,121.5262404,25.0266546
114,06,20,15,45,06松山區,松山區市民大道4段與八德路2段346巷9弄口,0,0,1,1,B03,8,5,5,30,3,1,1,5,4,5,13,4,4,8,3,5,1,16,2,54,3,10,3,1,7,5,1,8,1,1,72,1,21,121.5455107,25.0451141
114,06,20,15,56,01大同區,大同區南京西路206號對面,0,0,1,1,C03,6,7,5,50,14,9,1,4,4,5,13,4,4,1,4,4,2,17,1,62,3,10,3,4,7,9,1,10,1,11,16,1,21,121.5170976,25.0534661
114,06,20,15,58,12內湖區,內湖區金湖路與星雲街口,0,0,1,1,B03,7,7,5,50,3,1,1,5,4,5,13,1,1,1,5,5,2,17,1,34,3,10,7,1,7,5,1,8,1,6,74,1,21,121.5974443,25.0814362
114,06,20,16,38,03中山區,中山區建國北路3段與松江路469巷口,0,0,2,1,B02,6,5,5,50,4,1,1,4,4,5,13,1,1,9,5,5,2,13,1,45,3,10,3,4,7,5,1,4,2,1,71,1,21,121.5347041,25.06689456
114,06,20,16,56,04大安區,大安區和平東路3段1巷與四維路228巷口,0,0,2,1,C03,7,5,5,30,4,1,1,5,4,5,13,4,4,10,3,5,1,17,1,62,3,10,5,1,7,9,1,10,2,17,72,1,21,121.5467489,25.0255824
114,06,20,17,10,03中山區,中山區民權東路2段與松江路口,0,0,1,1,C03,6,7,5,50,4,1,1,4,4,5,13,1,1,1,4,5,2,13,1,39,2,9,5,1,7,9,1,10,1,11,16,1,22,121.5334787,25.0625793
114,06,20,17,11,12內湖區,內湖區康寧路3段與五分街口,0,0,1,1,B03,7,5,5,50,3,1,1,5,4,5,13,2,1,9,4,5,2,16,1,67,3,10,7,1,7,6,1,8,2,2,9,1,21,121.611859,25.0676236
114,06,20,17,20,07信義區,信義區忠孝東路4段515號,0,0,3,1,F01,6,6,5,0,22,20,4,4,4,5,13,4,4,10,5,5,2,17,1,32,2,7,3,4,7,9,8,20,1,14,42,1,22,121.5579527,25.0415781
114,06,20,17,38,08士林區,士林區中正路627號,0,0,1,1,C03,8,6,5,50,14,19,1,5,4,5,13,2,1,1,4,5,1,3,1,34,3,10,5,1,7,9,1,10,2,11,70,1,21,121.5085909,25.0864251
114,06,20,17,48,01大同區,大同區長安西路182號,0,0,1,1,B01,6,7,6,50,14,9,1,4,4,5,13,4,4,5,4,5,2,17,1,52,3,10,3,4,7,15,1,4,1,2,100,1,21,121.5158562,25.0511353
114,06,20,17,55,01大同區,大同區民樂街與歸綏街口,0,0,1,1,C03,6,6,5,50,4,1,1,4,4,5,13,4,4,8,4,5,2,15,1,82,3,10,5,1,7,9,1,10,1,13,72,1,21,121.5106196,25.0582296
114,06,20,17,55,03中山區,中山區建國北路2段與錦州街口,0,0,2,1,B01,6,6,5,50,4,1,1,4,4,5,13,1,1,1,5,5,2,12,1,37,2,2,3,4,7,14,1,4,1,3,44,1,21,121.5375779,25.0602983
114,06,20,17,59,09北投區,北投區崇仁路1段與清江路245巷口口,0,0,1,1,C03,8,6,5,30,4,1,1,5,4,5,10,4,4,10,5,5,2,16,1,57,3,10,5,1,7,5,1,10,1,11,8,1,21,121.5016191,25.1259835
114,06,20,18,05,10文山區,文山區和平東路4段258號,0,0,1,1,C03,7,6,5,40,14,9,1,4,4,5,13,1,1,5,5,5,1,13,1,19,2,9,3,4,7,9,1,10,1,11,118,1,22,121.5729371,25.0008037
114,06,20,18,16,05中正區,中正區忠孝東路2段與臨沂街口,0,0,1,1,B03,6,5,5,30,4,1,1,4,4,5,13,1,1,9,4,5,2,17,1,49,3,10,7,1,7,5,1,8,1,4,17,1,21,121.5306851,25.04285276
114,06,20,18,30,11南港區,南港區南港路2段與南港路2段178巷口,0,0,1,1,B03,7,5,5,40,4,2,1,5,4,5,13,2,1,9,4,4,2,16,2,20,3,10,7,1,7,6,1,8,1,6,9,1,21,121.5996328,25.0534089
114,06,20,18,31,10文山區,文山區福興路與福興路4巷口,0,0,2,1,B03,8,6,5,50,4,1,1,5,4,5,13,3,1,5,5,5,2,15,1,43,3,10,7,1,7,9,1,8,2,8,99,1,21,121.5513875,25.0027398
114,06,20,18,43,06松山區,松山區復興北路與興安街口,0,0,2,1,C03,6,5,5,50,4,1,1,4,4,5,13,2,1,1,4,5,2,13,1,28,2,8,6,1,7,9,1,10,1,11,108,1,21,121.5442513,25.0557913
114,06,20,18,55,01大同區,大同區承德路2段與錦西街口,0,0,1,1,B03,7,5,5,50,4,2,1,5,4,5,13,1,1,5,2,5,2,17,1,59,3,10,7,1,7,6,1,8,1,2,9,1,21,121.5182957,25.06018997
114,06,20,18,59,07信義區,信義區莊敬路325巷與莊敬路289巷6弄口,0,0,1,1,B03,7,5,5,30,4,1,1,5,4,5,13,4,4,9,5,5,2,12,2,52,3,10,3,4,7,11,1,8,1,8,10,1,21,121.5642205,25.0285807
114,06,20,19,08,06松山區,松山區南京東路5段300號,0,0,2,1,F02,7,5,5,40,14,11,1,5,4,5,13,4,4,1,4,4,2,13,1,51,3,10,4,1,7,6,8,20,1,15,33,1,21,121.5676937,25.0512502
114,06,20,19,26,07信義區,信義區松德路180巷8-1號,0,0,1,1,B03,7,5,5,30,14,9,1,5,4,5,13,4,4,9,4,5,2,17,2,53,3,10,7,1,7,5,1,8,1,8,80,1,22,121.5735371,25.0359767
114,06,20,19,50,09北投區,北投區洲美快速道路與大度路口,0,0,2,1,B03,8,5,5,60,3,2,1,5,4,5,13,1,1,1,3,4,1,13,1,57,3,10,7,1,7,9,1,8,1,1,107,1,21,121.4941671,25.121524
114,06,20,20,16,05中正區,中正區南陽街與許昌街口,0,0,1,1,B01,8,5,5,30,4,1,1,5,4,5,13,4,4,10,5,5,2,17,1,46,3,10,7,1,7,9,1,4,2,6,72,1,21,121.5161243,25.0455052
114,06,20,20,59,07信義區,信義區基隆路2段25號,0,0,1,1,B03,8,5,5,50,14,9,1,5,4,5,13,4,4,1,4,5,2,17,1,24,3,10,7,1,7,7,1,8,2,2,100,1,22,121.5588853,25.03177805
114,06,20,21,12,05中正區,中正區紹興南街與濟南路1段口,0,0,1,1,C03,7,5,5,40,14,9,1,5,4,5,13,2,1,9,4,5,2,24,2,21,3,10,6,1,7,2,1,10,9,13,42,2,22,121.5244749,25.0422854
114,06,20,21,49,12內湖區,內湖區民權東路6段180巷77弄與民權東路6段190巷口,0,0,1,1,B03,7,5,5,30,4,1,1,5,4,5,13,4,4,10,5,5,2,15,2,66,3,10,7,1,7,9,1,8,1,1,72,1,21,121.5942861,25.0657531
114,06,20,21,51,12內湖區,內湖區星雲街與成功路3段187巷口口,0,0,1,1,B01,7,5,5,30,3,2,1,5,4,5,13,4,4,10,5,5,2,14,1,58,3,10,7,1,7,2,1,8,1,3,12,1,21,121.5922938,25.0789018
114,06,20,22,14,05中正區,中正區重慶南路3段與寧波西街口,0,0,1,1,C03,7,5,5,50,4,1,1,5,4,5,13,1,1,1,4,5,2,13,2,29,3,10,6,1,7,6,1,10,1,13,9,1,22,121.5153829,25.0297731
114,06,20,22,41,01大同區,大同區重慶北路3段308號,0,0,1,1,C03,7,5,5,50,14,9,1,5,4,5,13,4,4,1,4,5,2,17,1,37,2,9,5,1,7,9,1,10,1,11,108,1,21,121.5137697,25.07395325
114,06,20,23,25,11南港區,南港區向陽路196巷與重陽路39巷口,0,0,1,1,B01,7,5,5,50,4,1,1,5,4,5,13,3,1,5,5,5,2,15,1,64,3,10,3,4,7,9,1,4,1,2,72,1,21,121.5947255,25.056839
114,06,21,00,38,04大安區,大安區忠孝東路3段與建國南路1段口,0,0,1,1,B03,7,5,5,50,10,16,1,5,4,5,13,2,1,1,4,5,1,13,1,29,3,10,3,4,7,1,1,8,1,1,108,1,22,121.5367531,25.0422325
114,06,21,00,43,08士林區,士林區中山北路6段與中山北路6段195巷口,0,0,1,1,C03,7,5,5,50,4,2,1,5,4,5,13,2,1,1,4,4,2,17,1,27,2,9,6,1,7,8,1,10,2,11,42,1,21,121.5250266,25.1077851
114,06,21,00,53,02萬華區,萬華區貴陽街2段與康定路口,0,0,1,1,B01,8,5,5,50,4,1,1,5,4,5,13,2,1,5,5,5,2,3,2,56,3,10,7,1,7,5,1,4,1,8,70,1,26,121.5020177,25.04015866
114,06,21,01,18,06松山區,松山區南京東路5段59巷與南京東路5段59巷31弄口,0,0,1,1,B12,8,5,5,30,3,1,1,5,4,5,13,4,4,10,5,5,2,15,1,64,3,10,7,1,7,15,1,8,1,2,72,1,22,121.5592328,25.05348748
114,06,21,01,36,06松山區,松山區健康路與南京東路5段23巷口,0,0,1,1,B01,8,5,5,30,3,1,1,5,4,5,13,4,4,9,4,4,1,17,1,64,4,11,3,4,7,6,1,4,9,17,72,2,21,121.5580744,25.0536935
114,06,21,01,54,08士林區,士林區環河北路3段215號,0,0,1,1,B01,7,5,5,50,14,9,1,5,4,5,13,4,4,1,4,5,1,29,1,77,2,1,3,4,7,9,1,4,2,1,16,1,21,121.5037782,25.0882244
114,06,21,02,09,02萬華區,萬華區中華路1段與長沙街2段口,0,0,1,1,B01,8,5,5,50,4,2,1,5,4,5,13,1,1,1,4,5,2,17,1,62,3,10,7,1,7,6,1,4,1,5,9,1,21,121.5076118,25.0405996
114,06,21,06,25,10文山區,文山區溪口街55巷與溪口街口,0,0,2,1,C03,8,6,5,30,4,1,1,5,4,5,13,4,4,10,5,5,1,15,2,21,2,9,5,1,7,9,3,18,1,14,14,1,21,121.5397331,24.9949655
114,06,21,08,03,01大同區,大同區延平北路2段與延平北路2段250巷口口,0,0,2,1,B03,8,6,5,50,3,1,1,5,4,5,13,4,4,5,5,5,2,13,1,67,3,10,7,1,7,9,1,6,1,8,77,1,21,121.5113584,25.0602918
114,06,21,08,25,08士林區,士林區承德路4段248號,0,0,1,1,B03,8,6,5,50,14,9,1,5,4,5,13,4,4,1,4,4,2,12,2,75,3,10,3,4,7,8,1,8,1,2,100,1,21,121.5204767,25.0893101
114,06,21,08,30,05中正區,中正區市民大道2段與天津街口,0,0,2,1,C03,8,7,5,40,4,1,1,5,4,5,13,1,1,1,4,5,2,17,2,19,2,7,6,1,7,5,1,10,1,14,98,1,21,121.5221744,25.0478486
114,06,21,08,49,07信義區,信義區吳興街260巷21弄與吳興街284巷口,0,0,1,1,B03,8,7,5,30,3,2,1,5,4,5,13,4,4,9,4,5,2,9,1,67,3,10,7,1,7,5,1,8,2,8,8,1,21,121.563947,25.025814
114,06,21,08,52,10文山區,文山區秀明路2段與秀明路2段7巷口,0,0,1,1,C03,7,6,5,50,14,9,1,5,4,5,13,1,1,5,5,5,2,12,2,43,2,9,6,1,7,5,1,10,2,13,8,1,21,121.5747986,24.9918123
114,06,21,09,01,01大同區,大同區民生西路與萬全街40巷口,0,0,1,1,B03,8,6,5,50,5,2,1,5,4,5,13,4,4,5,4,5,2,17,4,0,,,,,,,,,11,,119,2,,121.5201073,25.0576466
114,06,21,09,04,08士林區,士林區中山北路6段與德行西路口,0,0,1,1,B01,8,7,5,50,4,2,1,5,4,5,13,2,1,1,4,4,1,17,1,55,3,10,7,1,7,9,1,4,2,2,44,1,21,121.524831,25.1062416
114,06,21,09,10,10文山區,文山區育英街與育英街45巷口,0,0,1,1,B03,8,6,5,30,4,1,1,5,4,5,13,4,4,5,5,5,2,16,1,66,3,10,7,1,7,6,1,8,1,4,72,1,21,121.5382738,24.9915398
114,06,21,09,30,03中山區,中山區民生東路2段與吉林路口,0,0,1,1,B03,8,7,5,50,4,1,1,5,4,5,13,1,1,9,4,5,2,11,1,44,3,10,7,1,7,7,1,8,1,1,44,1,21,121.5302609,25.05798
114,06,21,09,40,06松山區,松山區塔悠路與民權東路5段口,0,0,1,1,B01,7,6,5,50,4,1,1,5,4,1,11,1,1,9,4,5,2,15,1,62,3,10,7,1,7,9,1,8,1,2,81,1,21,121.5682182,25.063422
114,06,21,10,13,03中山區,中山區新生北路1段與南京東路1段口,0,0,1,1,A02,7,7,5,50,4,2,1,5,4,5,13,1,1,1,2,5,1,9,1,49,3,10,7,1,7,9,1,2,1,17,116,1,21,121.528438,25.05206845
114,06,21,10,39,07信義區,信義區松山路294號,0,0,1,1,B03,7,7,5,50,14,9,1,5,4,5,13,4,4,10,5,5,2,9,1,62,3,10,3,4,7,9,1,8,2,5,108,1,21,121.5773348,25.0432641
114,06,21,10,51,05中正區,中正區南昌路2段與南昌路2段1巷口,0,0,1,1,B03,8,6,5,30,3,1,1,5,4,5,13,4,4,10,5,5,1,3,2,43,3,10,7,1,7,9,1,8,2,8,70,1,21,121.5192027,25.028639
114,06,21,10,53,07信義區,信義區信義路5段與基隆路2段口,0,0,1,1,C02,7,7,5,50,4,3,1,5,4,5,13,1,1,3,4,5,2,13,1,61,2,9,5,1,7,9,1,9,1,11,16,1,21,121.5594718,25.0328341
114,06,21,11,12,04大安區,大安區仁愛路3段123巷26弄與仁愛路3段123巷口口,0,0,1,1,B03,7,7,5,30,5,1,1,5,4,5,13,4,4,10,5,5,1,17,1,64,3,10,7,1,7,9,1,8,1,1,72,1,21,121.5419899,25.0390537
114,06,21,11,42,09北投區,北投區石牌路2段與石牌路2段343巷口,0,0,1,1,B03,8,7,5,50,4,2,1,5,4,5,13,4,4,5,5,5,2,3,1,23,3,10,7,1,7,9,1,8,1,1,70,1,22,121.5248647,25.1231163
114,06,21,11,45,08士林區,士林區中山北路6段與中山北路6段195巷口口,0,0,1,1,B03,7,7,5,50,3,1,1,5,4,5,13,2,1,1,3,1,2,16,2,37,3,10,3,4,7,5,1,8,1,17,85,1,22,121.5250322,25.1078993
114,06,21,11,50,02萬華區,萬華區開封街2段與漢中街口,0,0,1,1,C03,8,5,5,30,3,2,1,5,4,5,13,4,4,9,4,5,2,17,1,31,2,7,5,4,7,1,1,10,1,12,19,1,21,121.5080258,25.04625785
114,06,21,11,50,06松山區,松山區民權東路5段與撫遠街口,0,0,2,1,C03,8,7,5,50,4,1,1,5,4,5,13,1,1,1,4,5,2,12,1,59,3,10,5,1,7,7,1,10,2,12,100,1,21,121.565943,25.0631382
114,06,21,12,16,02萬華區,萬華區萬大路與萬大路186巷口,0,0,1,1,C03,7,6,5,30,3,1,4,5,4,5,13,1,1,3,3,5,2,16,2,49,3,10,5,4,7,5,1,10,1,17,98,1,22,121.5003865,25.0278505
114,06,21,12,57,08士林區,士林區環河北路3段207號,0,0,1,1,B03,8,6,5,50,14,9,1,5,4,5,13,4,4,4,3,5,1,13,1,54,3,10,3,4,7,9,1,8,1,1,16,1,21,121.5045373,25.0873402
114,06,21,13,10,12內湖區,內湖區內湖路1段285巷61弄1號,0,0,1,1,C03,7,6,5,30,14,9,1,5,4,5,13,4,4,10,5,5,2,12,1,24,3,10,5,1,7,1,1,10,1,12,19,1,21,121.5669176,25.0840737
114,06,21,14,00,08士林區,士林區中山北路5段300號對面,0,0,1,1,B03,8,5,5,40,14,5,1,5,4,5,13,4,4,1,4,5,1,17,1,54,3,10,7,1,7,8,1,8,2,17,100,1,21,121.5273068,25.0885668
114,06,21,14,09,10文山區,文山區忠順街1段121巷3弄9號前,0,0,2,1,C03,8,7,5,30,14,9,1,5,4,5,13,4,4,10,5,5,2,18,1,22,2,9,5,1,7,9,1,10,1,12,42,1,21,121.5597877,24.9845016
114,06,21,14,10,04大安區,大安區忠孝東路3段與新生南路1段口,1,0,2,1,G03,7,7,5,50,4,2,1,5,4,5,13,2,1,2,1,5,1,13,1,77,3,10,7,1,7,9,1,5,2,15,108,1,21,121.5329675,25.0420198
114,06,21,14,12,12內湖區,內湖區新明路22號,0,0,1,1,B02,7,6,5,30,14,9,1,5,4,5,13,3,1,5,4,5,2,12,2,45,3,10,3,4,7,11,1,8,1,4,10,1,22,121.590707,25.0602509
114,06,21,14,32,06松山區,松山區光復北路與光復北路11巷口,0,0,2,1,B03,8,6,6,50,4,1,1,5,4,5,13,2,1,8,3,4,1,16,2,48,3,10,3,1,7,5,1,8,2,5,74,1,21,121.557901,25.0491699
114,06,21,15,05,03中山區,中山區中山北路2段與撫順街口,0,0,1,1,B03,8,7,5,50,3,1,1,5,4,5,13,4,4,1,4,5,2,17,1,74,3,10,7,1,7,6,1,8,2,1,72,1,21,121.522251,25.0637951
114,06,21,15,14,01大同區,大同區涼州街與安西街口口,0,0,1,1,B01,8,6,5,30,4,1,1,5,4,5,13,4,4,10,5,5,2,16,1,65,3,10,7,1,7,5,1,4,1,8,72,1,21,121.5099508,25.0606072
114,06,21,15,20,08士林區,士林區中正路與文林路口,0,0,1,1,C03,7,5,5,50,4,1,1,5,4,5,13,2,1,1,4,5,1,13,1,18,2,9,5,1,7,9,1,10,1,11,108,1,21,121.5244681,25.09539573
114,06,21,15,25,08士林區,士林區前港街與後港街口,0,0,1,1,B12,8,6,5,30,4,2,1,5,4,5,13,4,4,10,5,5,2,15,1,74,3,10,7,1,7,9,1,8,1,1,80,1,21,121.5212939,25.0847634
114,06,21,15,35,10文山區,文山區新光路2段32號停車場出入口,0,0,1,1,C03,8,6,5,30,14,9,1,5,4,5,13,4,4,1,4,5,2,12,1,22,2,9,3,4,7,9,1,10,1,14,16,1,21,121.5794144,24.99941062
114,06,21,15,40,04大安區,大安區市民大道4段與忠孝東路4段223巷口,0,0,1,1,B03,7,6,5,40,5,1,1,5,4,5,13,2,1,1,4,5,2,16,2,53,3,10,7,1,7,6,1,8,1,2,9,1,21,121.5529299,25.0442664
114,06,21,16,05,12內湖區,內湖區瑞光路26巷與瑞光路26巷20弄口(對面）,0,0,1,1,B02,7,5,5,50,3,2,1,5,4,5,13,4,4,5,5,5,2,17,1,32,3,10,7,1,7,1,1,8,2,1,19,1,21,121.582967,25.0693606
114,06,21,16,44,07信義區,信義區信義路5段與松勇路口口,0,0,1,1,B03,7,6,5,50,3,1,1,5,4,5,13,4,4,1,4,5,2,16,1,54,3,10,3,4,7,6,1,6,1,6,9,1,22,121.5697393,25.0329544
114,06,21,17,17,01大同區,大同區民生西路與民樂街口口,0,0,2,1,C03,8,6,5,50,4,1,1,5,4,5,12,2,1,5,5,5,2,16,1,61,2,8,6,1,7,5,6,18,2,12,98,1,21,121.5106512,25.0569672
114,06,21,17,20,06松山區,松山區民權東路5段與三民路口,0,0,2,1,B03,7,6,5,50,3,1,1,5,4,5,13,2,1,1,4,5,2,16,1,56,3,10,7,1,7,6,1,8,2,5,9,1,22,121.5629328,25.0626986
114,06,21,17,21,06松山區,松山區南京東路5段與八德路4段245巷口,0,0,1,1,C03,7,7,5,40,4,1,1,5,4,5,13,1,1,1,4,4,2,17,1,26,2,9,5,1,7,9,1,10,1,17,108,1,26,121.5638484,25.0513393
114,06,21,17,40,08士林區,士林區至善路2段望星橋,0,0,2,1,C04,8,6,5,40,14,8,1,5,4,5,13,4,4,1,4,4,2,17,1,29,2,8,5,1,7,15,1,8,1,17,42,1,21,121.5427808,25.0970341
114,06,21,17,45,01大同區,大同區鄭州路與西寧北路口,0,0,2,1,B03,8,6,5,40,4,1,1,5,4,5,13,2,1,8,3,5,2,16,2,54,3,10,7,1,7,9,1,8,1,5,99,1,21,121.5081825,25.0505859
114,06,21,17,45,07信義區,信義區忠孝東路5段215巷23號,0,0,2,1,C03,8,6,5,50,14,9,1,5,4,5,13,4,4,9,5,5,2,8,1,36,2,8,3,4,7,9,1,10,1,11,108,1,22,121.5702024,25.0418865
114,06,21,18,10,07信義區,信義區吳興街156巷與基隆路2段79巷30弄口,0,0,1,1,B11,8,6,5,30,4,1,1,5,4,5,13,2,1,9,5,5,2,16,1,35,3,10,7,1,7,5,1,4,2,1,74,1,21,121.5590913,25.0283395
114,06,21,19,02,08士林區,士林區至誠路2段與中山北路5段口,0,0,1,1,C03,7,5,5,50,4,2,1,5,4,5,13,3,1,5,5,5,2,17,2,62,2,9,6,1,7,6,1,10,2,14,108,1,21,121.5265204,25.1010233
114,06,21,19,09,03中山區,中山區南京西路5-1號,0,0,1,1,C03,8,5,5,50,14,9,1,4,4,5,13,4,4,3,4,5,2,12,2,56,3,10,6,1,7,7,1,10,1,14,100,1,21,121.5214388,25.05250618
114,06,21,20,32,03中山區,中山區新生北路1段與長安東路2段口,0,0,4,1,B03,8,5,5,50,4,2,1,5,4,5,13,2,1,8,5,5,2,1,1,29,3,10,7,4,7,5,1,8,2,1,70,1,21,121.5296549,25.0484393
114,06,21,21,47,01大同區,大同區寧夏路10號,0,0,1,1,C03,8,6,5,50,14,9,1,5,4,5,13,4,4,9,4,5,2,17,1,28,3,10,6,4,7,9,1,10,1,11,4,1,21,121.5148844,25.0546749
114,06,21,22,50,01大同區,大同區市民大道1段(Y1出口）,0,0,1,1,C03,7,5,5,40,14,9,1,5,4,5,13,4,4,9,4,5,2,17,1,26,2,9,5,1,7,5,1,10,1,12,72,1,21,121.5186048,25.04856898
114,06,21,23,01,12內湖區,內湖區金龍產業道路下山方向燈桿編號0308943附近,0,0,1,1,B12,7,6,5,40,11,9,1,5,4,5,13,4,4,8,5,5,2,13,1,26,3,10,7,1,7,9,1,8,1,1,16,1,21,121.5787561,25.1016516
114,06,21,23,02,07信義區,信義區松壽路18號,0,0,1,1,B03,7,5,5,50,14,9,1,5,4,5,13,2,1,9,2,5,2,17,1,33,3,10,7,1,7,14,1,8,1,2,38,1,21,121.566668,25.0357737
114,06,22,03,05,10文山區,文山區景華街與景華街52巷口,0,0,1,1,B12,8,5,5,50,3,1,1,5,4,5,13,4,4,9,5,5,2,16,1,67,3,10,7,1,7,5,1,8,2,1,74,1,21,121.5438604,24.9950651
114,06,22,03,29,01大同區,大同區民權西路136號,0,0,1,1,B03,8,5,5,50,4,1,1,5,4,5,13,2,1,1,4,5,2,36,1,27,2,9,7,1,7,9,1,8,7,1,21,2,21,121.5167692,25.0626362
114,06,22,07,11,09北投區,北投區大度路1208636號燈桿機車優先道(東往西),0,0,2,1,C03,8,5,5,50,14,12,1,5,4,5,13,4,4,9,4,4,1,13,1,21,2,9,6,1,7,9,1,10,7,11,21,1,21,121.4923091,25.1217505