發生年度,發生月,發生日,發生時-Hours,發生分,區序,肇事地點,死亡人數,2-30日死亡人數,受傷人數,當事人序號,車種,天候,光線,道路類別,速限-速度限制,道路型態,事故位置,路面狀況1,路面狀況2,路面狀況3,道路障礙1,道路障礙2,號誌1,號誌2,車道劃分-分向,車道劃分-分道1,車道劃分-分道2,車道劃分-分道3,事故類型及型態,性別,年齡,受傷程度,主要傷處,保護裝置,行動電話,車輛用途,當事者行動狀態,駕駛資格情形,駕駛執照種類,飲酒情形,車輛撞擊部位1,肇因碼-個別,個人肇逃否,職業,座標-X,座標-Y
114,06,24,09,40,12內湖區,內湖區民權大橋西向東,0,0,1,1,C03,7,6,5,40,14,11,1,5,4,4,13,4,4,1,4,4,1,24,1,65,2,9,5,1,7,9,1,10,1,14,108,1,21,121.5698336,25.0639255
114,06,24,10,10,08士林區,士林區德行東路331巷51弄與士東路286巷口,0,0,2,1,C04,8,7,5,30,4,1,1,5,4,5,13,4,4,7,1,5,1,15,2,61,2,9,5,1,7,9,1,11,1,14,72,1,21,121.5374568,25.11223287
114,06,24,10,20,06松山區,松山區光復北路與南京東路5段23巷7弄口,0,0,1,1,B01,8,6,5,50,4,1,1,5,4,5,13,4,4,5,4,5,2,16,1,60,3,10,7,1,7,8,1,4,1,8,100,1,22,121.5571095,25.0523347
114,06,24,10,24,12內湖區,內湖區潭美街558號對面,0,0,1,1,C03,8,7,5,40,14,9,1,4,3,5,13,4,4,9,4,5,2,12,2,34,2,9,6,1,7,9,1,10,1,14,44,1,21,121.5991882,25.0607318
114,06,24,11,59,07信義區,信義區和平東路3段565號,0,0,1,1,F01,8,7,5,40,14,9,1,5,4,5,13,4,4,5,4,5,1,16,2,61,2,9,4,1,7,5,8,20,1,12,80,1,21,121.561707,25.0150714
114,06,24,12,25,02萬華區,萬華區中華路2段與廣州街口,0,0,1,1,B01,8,5,8,50,22,22,1,5,4,5,13,1,1,10,5,5,2,17,1,64,3,10,3,4,7,7,1,4,1,6,100,1,21,121.5063632,25.0359602
114,06,24,12,50,03中山區,中山區北安路476號,0,0,1,1,C03,8,7,5,50,14,9,1,5,4,5,13,4,4,9,4,5,2,17,1,55,3,10,5,1,7,9,1,10,1,14,17,1,21,121.5444837,25.07940814
114,06,24,13,39,09北投區,北投區杏林二路與杏林二路60巷口,0,0,2,1,C03,8,7,5,30,4,1,1,5,4,5,13,4,4,10,5,5,2,16,1,62,2,9,5,1,7,5,1,9,1,11,72,1,21,121.4970292,25.1423709
114,06,24,14,17,04大安區,大安區和平東路2段與建國南路2段口,0,0,1,1,F01,8,6,5,50,4,1,1,5,4,5,13,1,1,1,4,5,2,15,1,76,2,9,4,1,7,9,8,20,1,14,81,1,21,121.5379955,25.0255859
114,06,24,14,21,03中山區,中山區錦西街與民生西路3巷口,0,0,1,1,B01,8,7,5,30,4,1,1,5,4,5,13,4,4,5,2,5,2,17,1,64,3,10,7,1,7,9,1,4,1,1,72,1,21,121.521858,25.0603598
114,06,24,14,36,08士林區,士林區中正路與中正路口迴轉道,0,0,1,1,B03,8,6,5,50,3,2,1,5,4,5,13,4,4,10,3,5,1,16,1,42,3,10,7,1,7,9,1,8,1,1,44,1,21,121.5096006,25.0867059
114,06,24,14,56,08士林區,士林區承德路5段與士商路口,0,0,1,1,B02,7,6,5,50,4,2,1,5,4,5,13,1,1,3,4,5,1,16,2,28,3,10,3,4,7,6,1,8,1,2,9,1,21,121.514232,25.0960451
114,06,24,15,37,06松山區,松山區健康路208號,0,0,1,1,B11,8,6,5,40,14,8,1,5,4,5,13,2,1,1,3,4,2,17,1,53,3,10,7,1,7,13,1,4,1,4,40,1,21,121.560451,25.0538804
114,06,24,15,43,12內湖區,內湖區民權東路6段191巷62弄與民權東路6段175巷口,0,0,1,1,B03,8,7,5,30,3,1,1,5,4,5,13,4,4,10,5,5,2,16,2,58,3,10,7,1,7,5,1,8,2,4,8,1,21,121.5972004,25.0696248
114,06,24,15,58,08士林區,士林區雨聲街與雨聲街口陽明醫院急診門口,0,0,1,1,B01,8,6,5,50,3,1,1,5,4,5,13,4,4,4,1,5,1,16,1,62,3,10,7,1,7,5,1,4,2,1,8,1,21,121.5312369,25.1049848
114,06,24,16,00,03中山區,中山區大直街62巷與大直街62巷5弄口,0,0,1,1,B03,8,6,5,30,4,1,1,5,4,5,13,4,4,10,5,5,2,16,2,23,3,10,7,1,7,11,1,8,1,8,10,1,21,121.5452424,25.0828827
114,06,24,16,10,05中正區,中正區金山北路迴轉道,0,0,2,1,C03,8,5,5,50,14,9,1,5,4,5,13,4,4,9,4,5,2,17,1,36,2,8,5,1,7,5,1,10,1,14,8,1,21,121.5306463,25.0452923
114,06,24,17,05,12內湖區,內湖區陽光街與文德路22巷44弄口,0,0,1,1,B02,8,7,5,50,3,1,1,5,4,5,13,4,4,4,5,5,1,17,1,56,3,10,7,1,7,11,1,8,1,1,10,1,21,121.581573,25.074725
114,06,24,17,06,07信義區,信義區福德街232巷與中坡南路口,0,0,1,1,B03,8,7,5,30,5,1,1,5,4,5,13,1,1,9,4,5,2,16,1,61,3,10,3,4,7,6,1,8,2,5,9,1,21,121.5842748,25.0393921
114,06,24,17,30,08士林區,士林區重陽橋往三重,0,0,1,1,C03,7,5,5,50,14,11,1,5,4,5,13,4,4,3,4,3,1,13,2,56,2,9,6,1,7,9,1,10,2,11,44,1,21,121.5039744,25.0854799
114,06,24,17,31,04大安區,大安區愛國東路與麗水街口,0,0,1,1,C03,7,5,5,30,4,2,1,5,4,5,13,1,1,4,5,5,1,17,1,74,3,10,5,1,7,9,1,10,1,12,99,1,21,121.5287481,25.0313958
114,06,24,17,37,03中山區,中山區長春路114巷與新生北路2段33巷口口,0,0,2,1,C03,8,6,5,30,3,1,1,5,4,5,13,4,4,10,5,5,2,6,1,65,2,5,6,1,7,9,1,10,2,14,42,1,21,121.5285332,25.0543876
114,06,24,17,41,10文山區,文山區辛亥路4段與興隆路3段口,0,0,1,1,C03,8,6,5,50,4,1,1,5,4,5,13,2,1,1,4,5,2,16,2,55,2,9,6,1,7,5,1,10,2,13,8,1,21,121.5545891,25.0009152
114,06,24,17,47,09北投區,北投區大度路與關渡路口,0,0,1,1,B03,7,6,5,50,4,1,1,5,4,5,13,1,1,1,4,5,2,16,1,32,3,10,7,1,7,6,1,8,1,2,9,1,21,121.4694863,25.1228941
114,06,24,17,48,03中山區,中山區民權西路27號,0,0,1,1,B01,7,7,5,50,14,9,1,5,4,5,13,4,4,1,3,5,1,12,1,42,3,10,7,1,7,8,1,4,1,2,100,1,21,121.5225006,25.05175525
114,06,24,17,50,04大安區,大安區杭州南路2段61巷與金華街48巷口口,0,0,1,1,C03,8,6,5,30,4,1,1,5,4,5,13,4,4,10,4,5,2,15,2,46,2,9,5,1,7,9,1,11,2,12,75,1,21,121.5231259,25.0301926
114,06,24,17,51,04大安區,大安區仁愛路3段與信義路3段147巷口口,0,0,1,1,B03,8,6,5,30,3,1,1,5,4,5,13,4,4,5,5,5,2,17,2,42,3,10,7,1,7,5,1,8,1,1,8,1,22,121.5420139,25.0377726
114,06,24,17,58,03中山區,中山區農安街57號,0,0,2,1,B01,7,7,5,50,14,9,1,5,4,5,13,4,4,10,4,5,2,17,1,59,3,10,7,1,7,9,1,4,2,2,108,1,21,121.5270498,25.06487442
114,06,24,18,00,03中山區,中山區民權東路3段與復興北路口,0,0,1,1,C03,8,7,5,50,14,9,1,5,4,5,13,4,4,9,4,5,2,17,1,30,3,10,5,1,7,9,1,10,1,17,16,1,21,121.5562536,25.05439537
114,06,24,18,23,06松山區,松山區塔悠路與無名巷口,0,0,1,1,B01,7,6,5,50,3,1,1,5,4,5,13,1,1,1,4,4,2,16,1,34,3,10,7,1,7,5,1,8,1,5,71,1,21,121.5696217,25.056371
114,06,24,18,36,02萬華區,萬華區西園路2段與西藏路口,0,0,1,1,C04,8,7,5,50,4,4,1,5,4,5,13,2,1,10,4,5,2,13,2,16,3,10,5,4,7,9,2,18,1,11,116,1,22,121.4956908,25.0290583
114,06,24,18,41,05中正區,中正區中正橋往台北下橋處,0,0,1,1,C03,7,5,5,50,14,9,1,5,4,5,13,1,1,1,4,5,2,12,2,47,2,9,5,1,7,8,1,10,2,14,100,1,22,121.5169255,25.022832
114,06,24,19,13,04大安區,大安區復興南路2段194號,0,0,1,1,B03,8,6,5,50,14,9,1,5,4,5,13,4,4,1,4,5,2,12,1,54,3,10,7,1,7,9,1,8,11,2,44,2,21,121.5434046,25.0270649
114,06,24,19,39,04大安區,大安區光復南路與光復南路260巷口,0,0,1,1,B03,7,5,5,50,22,9,1,5,4,5,13,4,4,1,4,5,2,17,2,57,4,11,3,4,7,8,7,19,9,17,100,1,22,121.5575325,25.0402685
114,06,24,20,27,09北投區,北投區北投路2段與育仁路口,0,0,1,1,B03,8,5,5,50,3,1,1,5,4,5,13,1,1,4,1,5,1,17,1,53,3,10,7,1,7,5,1,8,1,8,1,1,21,121.4974671,25.1328137
114,06,24,20,45,08士林區,士林區基河路與劍潭路口,0,0,1,1,B03,8,6,5,50,4,2,1,5,4,5,13,2,1,1,4,5,1,17,1,58,3,10,7,1,7,6,1,8,1,8,9,1,21,121.524871,25.08416046
114,06,24,21,10,02萬華區,萬華區寶興街146號,0,0,2,1,F01,8,5,5,50,14,7,1,5,4,5,13,4,4,4,3,5,2,11,1,63,2,1,4,1,7,5,8,20,1,15,8,1,22,121.4947771,25.0250785
114,06,24,21,44,07信義區,信義區信安街184號,0,0,1,1,C04,8,5,5,50,14,9,1,5,4,5,13,1,1,5,4,5,2,17,2,25,2,9,5,1,7,9,1,10,1,11,44,1,22,121.5553549,25.023206
114,06,24,21,50,08士林區,迴轉道口(中正路628號旁),0,0,1,1,B03,7,5,8,50,3,2,1,5,4,5,13,4,4,1,5,5,1,17,1,48,3,10,7,1,7,5,1,8,1,6,72,1,21,121.5193167,25.09623863
114,06,24,22,04,01大同區,大同區重慶北路2段與南京西路口,0,0,1,1,B03,7,5,5,50,4,1,1,5,4,5,13,2,1,1,4,5,2,17,1,32,3,10,3,4,7,5,1,8,2,8,8,1,22,121.514281,25.0540538
114,06,24,22,20,08士林區,士林區大南路與承德路4段口,0,0,1,1,C03,8,6,8,50,5,2,1,5,4,5,13,2,1,1,4,4,1,17,2,28,2,9,5,1,7,9,1,10,1,14,44,1,21,121.5215826,25.0889827
114,06,25,01,23,02萬華區,萬華區華中橋機車道往新北,0,0,2,1,C03,7,5,7,40,14,11,1,5,4,5,13,4,4,1,4,4,2,13,1,18,2,9,5,1,7,9,1,10,1,13,44,1,21,121.4954525,25.0161415
114,06,25,01,36,04大安區,大安區和平東路2段311巷與和平東路2段311巷34弄口,0,0,1,1,B01,7,5,5,30,4,1,1,5,4,5,13,4,4,8,4,5,2,15,1,44,3,10,7,1,7,9,1,4,1,1,13,1,21,121.5451899,25.0256653
114,06,25,03,14,02萬華區,萬華區桂林路與昆明街口,0,0,1,1,C03,8,5,5,50,4,1,1,5,4,5,13,1,1,4,5,5,2,15,1,24,3,10,6,1,7,9,1,10,1,11,81,1,22,121.5038377,25.0380071
114,06,25,03,21,03中山區,中山區林森北路與中山北路1段53巷口口,0,0,1,1,C02,8,5,5,50,4,2,1,5,4,5,13,4,4,5,4,5,2,17,1,23,2,9,3,4,7,9,3,18,1,17,44,1,21,121.524416,25.0487261
114,06,25,04,20,09北投區,北投區承德路7段與承德路7段344巷口,0,0,1,1,B02,8,5,5,60,3,1,1,5,4,5,13,1,1,3,4,3,2,17,2,28,3,10,3,4,7,9,3,18,2,4,81,1,21,121.5038663,25.1172675
114,06,25,05,18,07信義區,信義區基隆路1段與永吉路口,0,0,1,1,A12,8,5,5,50,4,2,1,5,4,5,13,2,1,1,4,5,2,35,1,75,2,9,7,1,7,9,1,7,2,1,108,1,22,121.5674282,25.0459076
114,06,25,06,43,09北投區,北投區承德路7段與承德路7段280巷口口,0,0,1,1,B03,8,6,5,30,3,1,1,5,4,5,13,4,4,10,5,5,2,17,1,71,3,10,7,1,7,9,1,8,2,5,80,1,21,121.5055826,25.1161559
114,06,25,07,10,07信義區,信義區崇德街288號,0,0,1,1,F01,8,7,5,30,11,9,1,5,4,5,13,4,4,10,5,5,2,18,1,47,2,9,5,1,7,6,8,20,1,12,42,1,21,121.5614467,25.0179298
114,06,25,07,20,03中山區,中山區長安東路1段與新生北路1段口,0,0,1,1,C03,8,7,5,50,4,1,1,5,4,5,13,2,1,1,4,5,2,15,1,28,3,10,6,1,7,9,1,10,9,17,81,1,21,121.5295414,25.0480953
114,06,25,07,40,08士林區,士林區中山北路6段與士東路口口,0,0,1,1,C03,7,7,5,50,14,9,1,5,4,5,13,2,1,1,3,5,2,12,1,29,3,10,3,4,7,9,3,18,1,14,16,1,22,121.5259819,25.1118766
114,06,25,07,40,12內湖區,內湖區民權東路6段50號,0,0,1,1,B12,8,6,5,40,14,8,1,5,4,5,13,4,4,1,4,4,2,16,1,31,3,10,7,1,7,6,1,8,1,2,9,1,21,121.5833165,25.0683895
114,06,25,07,49,12內湖區,內湖區潭美街763號,0,0,1,1,C03,7,6,5,40,14,9,1,5,4,5,13,4,4,5,5,5,2,12,1,57,2,9,6,1,7,9,6,10,9,11,16,1,26,121.6079961,25.0629369
114,06,25,08,10,03中山區,中山區民生東路2段與新生北路2段口,0,0,1,1,C03,8,7,5,50,4,2,1,5,4,5,13,2,1,5,4,5,2,12,1,61,3,10,6,1,7,7,1,10,1,12,100,1,21,121.5277669,25.0579565
114,06,25,08,12,12內湖區,內湖區星雲街與金湖路口,0,0,3,1,B03,8,7,5,50,3,1,1,5,4,5,13,2,1,1,4,5,2,17,1,44,2,2,7,1,7,5,1,4,1,1,71,1,21,121.5975065,25.0814099
114,06,25,08,30,12內湖區,內湖區新明路298巷與南京東路6段口南向北（近南京東路六段）,0,0,1,1,B13,8,7,5,50,14,9,1,5,4,5,13,1,1,4,4,5,1,12,1,53,4,11,3,4,7,21,7,19,11,15,17,2,22,121.5817916,25.0567269
114,06,25,08,37,03中山區,中山區建國高架道往北,0,0,1,1,B12,8,6,5,40,14,9,1,5,4,5,13,4,4,8,5,5,2,13,1,46,3,10,7,4,7,9,1,8,1,1,108,1,21,121.5349401,25.0668513
114,06,25,08,42,01大同區,大同區萬全街與萬全街119巷口,0,0,1,1,C03,8,6,5,30,3,1,1,5,4,5,13,4,4,10,5,5,2,17,1,51,2,9,6,1,7,9,1,10,1,14,13,1,22,121.5163994,25.057773
114,06,25,09,00,04大安區,大安區基隆路3段與辛亥路3段口口,0,0,1,1,C03,8,6,5,50,4,1,1,5,4,5,13,2,1,5,4,5,2,13,1,21,2,9,3,4,7,8,1,10,1,11,16,1,22,121.5469432,25.0190992
114,06,25,09,20,12內湖區,內湖區民權東路6段50號,0,0,2,1,C03,8,7,5,50,14,7,1,5,4,5,13,4,4,1,4,4,2,12,1,60,2,9,5,1,7,4,3,18,1,14,108,1,21,121.5834335,25.0684677
114,06,25,09,30,03中山區,中山區松江路328號,0,0,1,1,C03,8,7,5,50,14,9,1,5,4,5,13,4,4,9,4,5,2,17,2,26,2,9,5,1,7,9,1,10,1,12,76,1,21,121.5331576,25.06086701
114,06,25,09,30,05中正區,中正區衡陽路69號,0,0,2,1,C03,8,5,5,50,14,9,1,5,4,5,13,4,4,5,4,5,2,17,2,47,2,8,5,1,7,6,1,10,1,14,9,1,21,121.5119253,25.0423286
114,06,25,09,57,09北投區,北投區秀山路與中和街525巷6弄口,0,0,1,1,B12,8,6,5,30,3,1,1,5,4,5,13,4,4,9,5,5,2,16,1,30,3,10,7,1,7,5,1,8,1,1,44,1,21,121.4929023,25.14518365
114,06,25,10,34,03中山區,中山區建國北路1段與南京東路3段口,0,0,1,1,B01,8,6,5,50,4,1,1,5,4,5,13,2,1,6,5,4,2,13,1,77,3,10,7,4,7,6,6,4,2,6,9,1,21,121.5370459,25.0518952
114,06,25,10,42,06松山區,松山區延吉街24-1號,0,0,2,1,F01,8,6,5,50,14,9,1,5,4,5,13,4,4,8,3,5,1,16,2,83,2,9,2,4,7,10,8,20,1,14,100,1,21,121.5535368,25.0464025
114,06,25,11,09,12內湖區,內湖區行善路191號附近側附近,0,0,1,1,B03,7,6,5,50,14,8,1,5,4,5,13,4,4,1,3,4,1,13,1,21,3,10,7,1,7,8,1,8,1,3,100,1,21,121.5818105,25.0598545
114,06,25,11,10,05中正區,中正區金華街22號,0,0,1,1,C03,8,6,5,50,14,9,1,5,4,5,13,4,4,9,4,5,1,13,1,66,2,9,5,1,7,9,1,10,1,11,108,1,21,121.5204471,25.0317125
114,06,25,12,13,05中正區,中正區汀州路1段194號,0,0,1,1,C03,8,6,5,50,14,9,1,5,4,5,13,4,4,5,2,5,2,13,2,19,2,9,5,1,7,9,1,10,1,11,108,1,21,121.5097864,25.0276725
114,06,25,12,31,08士林區,士林區中山北路7段82巷10弄33號,0,0,1,1,C03,8,7,5,30,14,9,1,5,4,5,13,4,4,10,5,5,1,11,1,39,3,10,3,4,7,9,1,10,1,11,17,1,22,121.5327671,25.1197784
114,06,25,12,46,07信義區,信義區松勇路31號,0,0,2,1,C03,8,6,5,30,14,9,1,5,4,5,13,4,4,4,5,5,2,16,1,31,2,9,6,1,7,5,1,10,1,14,8,1,21,121.5183568,25.04847309
114,06,25,12,48,04大安區,大安區仁愛路4段300巷26弄與安和路1段127巷29弄口,0,0,1,1,C03,8,7,5,30,4,1,1,5,4,5,13,4,4,10,5,5,2,15,1,24,3,10,6,1,7,9,1,9,1,14,72,1,21,121.5532982,25.0357914
114,06,25,13,09,02萬華區,萬華區長泰街與長泰街156巷口,0,0,1,1,,8,5,8,30,22,22,1,5,4,5,13,4,4,10,5,5,2,17,4,0,4,11,3,4,7,21,7,19,11,15,119,2,22,121.4973278,25.022204
114,06,25,14,15,10文山區,文山區興隆路3段58號,0,0,1,1,C03,7,6,5,50,14,9,1,5,4,5,12,2,1,1,4,5,2,12,1,60,2,8,6,1,7,8,1,10,1,14,100,1,21,121.5561876,25.0001229
114,06,25,14,20,07信義區,信義區基隆路2段181號,0,0,1,1,C03,6,7,5,50,14,9,1,4,4,5,13,4,4,9,4,5,2,17,1,72,2,9,5,1,7,9,1,10,2,11,108,1,21,121.5531966,25.0248406
114,06,25,14,32,08士林區,士林區延平北路7段106巷靠近台北花卉村後門,0,0,1,1,C03,6,7,5,30,14,9,1,4,4,5,13,4,4,10,5,5,2,17,2,24,2,8,6,1,7,9,1,10,1,14,16,1,21,121.4995136,25.0956413
114,06,25,14,52,11南港區,南港區同德路與玉成街口口,0,0,1,1,B13,8,6,5,50,4,1,1,5,4,5,13,2,1,5,5,5,2,17,1,45,3,10,7,1,7,11,1,8,3,1,11,1,21,121.583766,25.0451619
114,06,25,15,03,08士林區,士林區承德路4段與福港街口,0,0,1,1,B13,6,6,5,50,4,1,1,4,4,5,13,1,1,1,4,5,1,17,1,60,3,10,3,4,7,14,1,8,11,15,44,2,21,121.5184513,25.0899856
114,06,25,15,16,07信義區,信義區松仁路3號(松高路上),0,0,1,1,C03,8,7,5,50,14,9,1,5,4,5,13,1,1,9,4,5,2,13,2,58,2,9,5,1,7,9,1,10,1,11,108,1,21,121.5687346,25.0390991
114,06,25,15,20,09北投區,北投區中央南路1段與中正街口,0,0,1,1,B03,6,6,5,50,4,19,1,4,4,5,13,4,4,5,5,5,2,3,1,51,3,10,7,1,7,9,1,8,2,1,108,1,21,121.5012962,25.1317723
114,06,25,15,45,06松山區,松山區八德路4段295巷18弄與東興路口,0,0,1,1,C03,7,7,5,30,4,1,1,5,4,5,13,4,4,5,4,5,2,15,1,69,3,10,5,1,7,9,1,10,1,11,72,1,21,121.5653761,25.0495664
114,06,25,15,52,04大安區,大安區杭州南路2段與金華街口,0,0,2,1,B12,7,6,5,50,4,18,1,5,4,5,13,2,1,5,5,5,2,2,1,62,3,10,7,1,7,5,1,8,2,8,70,1,22,121.5226075,25.0312838
114,06,25,16,27,02萬華區,萬華區西園路2段278號,0,0,1,1,B03,6,6,5,50,14,9,1,4,4,5,13,4,4,1,4,5,2,17,1,37,3,10,7,1,7,9,1,4,1,2,108,1,21,121.4943161,25.0275166
114,06,25,16,57,02萬華區,萬華區康定路與成都路口,0,0,1,1,B03,8,6,5,50,4,1,1,5,4,5,13,1,1,8,3,5,1,12,2,28,3,10,7,1,7,9,1,8,1,2,108,1,21,121.5030478,25.04346
114,06,25,16,57,12內湖區,內湖區潭美街與安康路32巷口,0,0,1,1,C03,7,6,5,40,14,9,1,5,4,5,13,4,4,5,5,5,2,12,1,30,2,9,6,1,7,9,1,10,2,11,108,1,22,121.5947989,25.061098
114,06,25,17,01,03中山區,中山區民權東路2段71巷16號,0,0,1,1,B01,8,7,5,50,14,9,1,5,4,5,13,4,4,9,5,5,2,12,1,60,3,10,7,1,7,8,1,10,1,5,44,1,21,121.5316835,25.0635733
114,06,25,17,10,02萬華區,萬華區西藏路201號對面,0,0,2,1,C03,7,6,5,50,14,9,1,5,4,5,13,4,4,1,4,5,1,17,1,31,2,9,3,4,7,9,1,10,1,12,42,1,22,121.4984336,25.0293894
114,06,25,17,20,08士林區,士林區仰德大道2段與莊頂路口,0,0,1,1,B02,8,6,5,40,3,1,1,5,4,5,13,1,1,4,1,5,1,16,1,54,3,10,7,1,7,6,1,8,1,2,9,1,21,121.5487845,25.1106297
114,06,25,17,42,12內湖區,內湖區舊宗路1段189號,0,0,1,1,C03,8,7,5,50,14,9,1,5,4,5,13,4,4,1,4,5,2,13,1,27,2,9,5,1,7,9,1,10,1,11,108,1,21,121.5779219,25.0620749
114,06,25,17,59,11南港區,南港區興南街55號與興南街口,0,0,2,1,F01,8,7,5,50,4,2,1,5,4,5,13,4,4,8,5,5,2,17,1,14,2,8,4,1,7,5,8,20,1,13,71,1,15,121.6009087,25.0559454
114,06,25,18,23,04大安區,大安區復興南路2段與瑞安街23巷口,0,0,3,1,C03,8,5,5,50,4,2,1,5,4,5,13,4,4,10,5,5,2,13,2,39,2,7,5,1,7,9,1,10,1,11,16,1,21,121.5436772,25.0309902
114,06,25,18,25,04大安區,大安區和平東路1段115號,0,0,1,1,B03,8,6,5,40,14,8,1,5,4,5,13,4,4,1,4,4,2,17,2,51,3,10,7,1,7,6,1,8,1,2,44,1,22,121.5269829,25.0268352
114,06,25,18,36,08士林區,士林區故宮路與故宮路35巷口,0,0,1,1,B03,8,6,5,30,4,2,1,5,4,5,13,2,1,1,4,5,1,12,1,28,3,10,7,1,7,9,1,8,2,5,108,1,21,121.547214,25.0967017
114,06,25,18,47,05中正區,中正區和平西路1段與南昌路2段口,0,0,1,1,B01,8,5,5,50,5,1,1,5,4,5,13,1,1,5,4,4,1,12,1,65,3,10,7,1,7,9,1,4,2,4,17,1,21,121.521286,25.0269157
114,06,25,19,16,07信義區,信義區松仁路與忠孝東路5段口,0,0,2,1,C03,8,5,5,50,3,2,1,5,4,5,13,4,4,10,3,5,2,12,2,23,2,6,5,4,7,7,1,10,2,12,100,1,21,121.568532,25.0406017
114,06,25,19,23,10文山區,文山區景中街與景華街22巷口,0,0,2,1,C03,8,5,5,50,4,18,1,5,4,5,13,4,4,1,4,5,2,3,1,19,2,8,6,1,7,9,1,10,2,11,70,1,22,121.5422943,24.9929442
114,06,25,20,41,03中山區,中山區中山北路1段與中山北路1段53巷口口,0,0,1,1,C03,7,5,5,50,3,2,1,5,4,5,13,4,4,5,4,5,2,17,2,25,2,9,3,4,7,6,1,10,1,14,72,1,21,121.5215522,25.0493769
114,06,25,20,55,07信義區,信義區松壽路與松壽路20巷口,0,0,1,1,B01,8,5,5,50,3,2,1,5,4,5,13,4,4,8,5,5,2,16,1,57,3,10,3,4,7,6,1,4,1,8,118,1,22,121.5676302,25.0357967
114,06,25,21,30,07信義區,信義區忠孝東路4段400號,0,0,1,1,C03,8,5,5,50,14,9,1,5,4,5,13,4,4,1,4,5,2,13,1,25,3,10,6,1,7,9,1,10,1,11,44,1,22,121.5580848,25.0412556
114,06,25,21,31,11南港區,南港區南港路1段263號,0,0,1,1,B01,7,5,5,50,14,9,1,5,4,5,13,4,4,5,4,5,2,16,1,56,3,10,7,1,7,11,1,8,1,4,10,1,21,121.6096874,25.0548872
114,06,25,21,34,04大安區,大安區金華街與愛國東路210巷口口旁,0,0,1,1,B03,8,5,5,50,14,24,4,5,4,5,13,4,4,9,5,5,2,2,1,40,4,11,3,4,7,15,1,8,6,2,21,2,22,121.5238825,25.0305796
114,06,25,21,35,11南港區,南港區市民大道8段西往東0402230燈桿,0,0,2,1,C03,7,5,5,50,14,9,1,5,4,5,13,4,4,1,4,5,2,12,1,65,2,9,6,1,7,8,1,10,1,13,100,1,21,121.5961155,25.0515257
114,06,25,22,37,04大安區,大安區信義路4段與安和路2段口,0,0,2,1,C03,8,5,5,50,4,1,1,5,4,5,13,2,1,1,4,5,2,13,1,18,2,8,5,1,7,9,1,10,1,11,108,1,22,121.5525151,25.033119
114,06,25,23,24,04大安區,大安區仁愛路4段112巷21號,0,0,1,1,B03,8,5,5,30,14,9,1,5,4,5,13,4,4,10,5,5,2,16,1,75,3,10,7,4,7,5,1,8,2,8,8,1,21,121.5496368,25.03603
114,06,26,00,28,01大同區,大同區大龍街與民權西路口,0,0,1,1,C03,7,5,5,50,4,1,1,5,4,5,13,2,1,1,4,5,2,17,1,26,3,10,3,4,7,11,1,10,1,17,10,1,21,121.5153236,25.06355703
114,06,26,00,28,03中山區,中山區錦州街與錦州街241巷口口,0,0,1,1,B03,7,5,5,30,4,1,1,5,4,5,13,4,4,5,5,5,2,17,1,44,3,10,3,4,7,9,1,8,1,1,72,1,21,121.5337543,25.0603507
114,06,26,00,44,07信義區,信義區光復南路441號,0,0,3,1,B01,7,5,5,50,14,9,1,5,4,5,13,2,1,1,4,5,2,12,1,31,2,7,7,1,7,9,1,4,2,1,99,1,21,121.5575635,25.0356928
114,06,26,01,13,02萬華區,萬華區西園路1段與和平西路3段口,0,0,1,1,B01,8,5,5,50,4,2,1,5,4,1,13,1,1,1,4,5,2,17,1,67,3,10,7,1,7,15,1,4,1,2,17,1,21,121.4992066,25.0349765
114,06,26,01,20,08士林區,士林區承德路4段250號,0,0,1,1,B03,7,5,5,40,14,8,1,5,4,5,13,4,4,1,4,4,2,17,1,28,3,10,7,1,7,9,1,8,2,5,108,1,22,121.5208607,25.0890481
114,06,26,02,06,02萬華區,萬華區大理街159巷3弄15號,0,0,1,1,C03,7,5,5,30,14,9,1,5,4,5,13,4,4,10,5,5,2,17,2,46,2,9,5,1,7,15,1,10,9,11,118,2,21,121.4961366,25.0349625
114,06,26,06,10,05中正區,中正區師大路與汀州路3段口,0,0,1,1,B12,8,7,5,50,4,1,1,5,4,5,13,1,1,1,4,5,2,17,1,33,3,10,7,1,7,6,1,8,2,1,9,1,22,121.5253317,25.0208624
114,06,26,06,52,03中山區,中山區林森北路與民權東路1段口,0,0,2,1,C03,8,7,5,50,4,1,5,5,4,5,13,4,4,10,5,5,2,16,1,36,2,9,5,1,7,6,1,10,2,12,80,1,21,121.5255744,25.06250382
114,06,26,06,58,09北投區,北投區中央北路4段與聖景路口,0,0,2,1,C03,8,7,5,50,4,2,1,5,4,5,13,2,1,1,4,5,2,12,2,70,2,9,5,1,7,9,1,10,2,14,108,1,21,121.4641718,25.1238148
114,06,26,07,15,02萬華區,萬華區萬大路與華中橋口下迴轉道,0,0,1,1,B01,8,6,5,30,4,2,1,5,4,5,13,4,4,10,5,5,1,17,1,69,3,10,3,4,7,5,1,4,1,8,8,1,22,121.496346,25.0180543