發生年度,發生月,發生日,發生時-Hours,發生分,區序,肇事地點,死亡人數,2-30日死亡人數,受傷人數,當事人序號,車種,天候,光線,道路類別,速限-速度限制,道路型態,事故位置,路面狀況1,路面狀況2,路面狀況3,道路障礙1,道路障礙2,號誌1,號誌2,車道劃分-分向,車道劃分-分道1,車道劃分-分道2,車道劃分-分道3,事故類型及型態,性別,年齡,受傷程度,主要傷處,保護裝置,行動電話,車輛用途,當事者行動狀態,駕駛資格情形,駕駛執照種類,飲酒情形,車輛撞擊部位1,肇因碼-個別,個人肇逃否,職業,座標-X,座標-Y
114,06,26,07,35,06松山區,松山區光復北路與健康路口,0,0,1,1,B01,7,6,5,50,4,2,1,5,4,5,13,4,4,8,3,5,2,17,1,51,3,10,3,4,7,1,1,4,1,17,118,1,21,121.5561947,25.0542078
114,06,26,07,46,08士林區,士林區重慶北路4段49巷15弄與重慶北路4段49巷口口,0,0,1,1,F01,8,6,5,30,4,1,1,5,4,5,13,4,4,10,5,5,2,16,2,73,2,3,3,1,7,9,8,20,1,11,72,1,21,121.511718,25.08099383
114,06,26,07,50,05中正區,中正區襄陽路與懷寧街口,0,0,3,1,C03,8,7,5,50,4,1,1,5,4,5,13,1,1,5,4,5,2,17,1,28,2,8,5,1,7,6,1,10,1,12,9,1,21,121.5140411,25.0433641
114,06,26,08,05,12內湖區,內湖區成功路2段與安康路口,0,0,1,1,A05,7,6,5,50,5,1,1,5,4,5,13,2,1,5,4,5,2,17,1,44,3,10,3,4,7,5,1,2,2,4,8,1,26,121.5914824,25.0606966
114,06,26,08,24,08士林區,士林區中山北路6段292號,0,0,1,1,C03,7,5,5,50,14,9,1,5,4,5,13,4,4,9,4,5,1,17,1,66,2,8,6,1,7,9,1,10,1,11,16,1,21,121.5255848,25.1104143
114,06,26,08,28,06松山區,松山區民生東路4段131巷與富錦街口,0,0,2,1,C03,8,7,5,30,3,1,1,5,4,5,13,4,4,9,4,5,2,16,1,52,2,9,6,1,7,5,1,10,1,12,72,1,21,121.5531556,25.0600374
114,06,26,09,03,07信義區,信義區基隆路2段155號,0,0,1,1,B03,8,6,5,50,14,9,1,5,4,5,13,1,1,3,4,4,2,17,2,34,3,10,7,1,7,11,1,8,1,15,85,1,21,121.554383,25.0258726
114,06,26,09,10,07信義區,信義區信義路5段與松勇路口,0,0,1,1,C03,8,6,5,50,14,9,1,5,4,5,13,4,4,1,4,5,2,12,2,80,2,9,5,1,7,9,1,10,1,12,17,1,21,121.5693355,25.032941
114,06,26,09,20,03中山區,中山區北安路47號對面,0,0,1,1,C03,8,7,5,50,14,9,1,5,4,5,13,4,4,1,4,5,2,13,2,41,2,9,6,1,7,9,1,10,1,11,16,1,21,121.5289005,25.07768603
114,06,26,09,22,10文山區,文山區興隆路1段187號,0,0,1,1,C03,8,6,5,50,14,9,1,5,4,5,13,4,4,1,4,5,2,13,1,70,3,10,6,1,7,9,6,9,1,11,16,1,21,121.5431437,25.0007717
114,06,26,09,46,03中山區,中山區民生東路2段與建國北路2段口,0,0,1,1,B03,8,6,5,50,4,4,1,5,4,5,13,2,1,1,4,5,2,16,1,57,3,10,7,1,7,6,1,8,2,5,9,1,21,121.5365016,25.0577623
114,06,26,10,01,09北投區,北投區立功街76號前,0,0,1,1,B03,8,6,5,30,14,9,1,5,4,5,13,4,4,10,5,5,2,17,1,28,3,10,7,1,7,5,1,8,1,5,8,1,21,121.4691473,25.1249957
114,06,26,10,40,01大同區,大同區南京西路與華亭街口,0,0,1,1,C03,8,6,5,50,3,2,1,5,4,5,13,4,4,5,4,5,2,13,2,32,2,8,6,1,7,9,1,10,1,11,108,1,21,121.5129781,25.0539214
114,06,26,10,50,12內湖區,內湖區堤外便道與堤外便道口東往西(五分吊橋遺址),0,0,1,1,C03,8,6,5,50,3,1,1,5,4,5,13,2,1,5,4,5,2,13,1,51,3,10,5,1,7,9,1,10,1,11,108,1,21,121.6139639,25.0654198
114,06,26,11,00,12內湖區,內湖區大湖隧道內,0,0,2,1,C03,8,5,5,50,6,11,1,5,4,5,13,4,4,4,4,4,2,17,1,37,3,10,6,1,7,9,1,10,2,13,42,1,21,121.6096892,25.080416
114,06,26,11,30,12內湖區,內湖區成功路4段305號,0,0,1,1,B03,7,6,5,50,14,8,1,5,4,5,13,4,4,1,4,4,2,16,1,67,3,10,7,1,7,8,1,8,1,2,100,1,22,121.598182,25.0845846
114,06,26,11,53,06松山區,松山區塔悠路155號後方(松河街堤外便道),0,0,1,1,C03,8,6,5,30,14,9,1,5,4,5,13,4,4,8,3,5,1,18,1,75,2,9,3,1,7,9,1,10,1,14,42,1,21,121.5701045,25.055219
114,06,26,12,00,11南港區,南港區昆陽街98號,0,0,1,1,C03,7,6,5,30,14,9,1,5,4,5,13,4,4,7,5,5,2,16,4,0,2,9,,,,,,,11,,119,2,,121.5936144,25.0515763
114,06,26,12,03,06松山區,松山區八德路4段108號旁,0,0,1,1,C03,7,6,5,30,14,9,4,5,4,5,13,4,4,10,5,5,2,3,1,34,3,10,6,1,7,9,1,10,1,11,108,1,21,121.5610007,25.0483008
114,06,26,12,22,03中山區,中山區北安路630巷與北安路口,0,0,1,1,B03,8,7,5,50,4,1,1,5,4,5,13,2,1,9,4,5,2,17,1,71,3,10,7,1,7,5,1,8,1,2,71,1,21,121.5490479,25.0829018
114,06,26,12,25,08士林區,士林區通河西街1段與堤外便道口越堤坡道,0,0,1,1,B03,8,6,5,40,4,1,1,5,4,5,13,4,4,5,5,5,2,16,2,56,3,10,7,1,7,5,1,8,1,1,8,1,21,121.5126709,25.0857689
114,06,26,12,28,05中正區,中正區重慶南路3段與重慶南路3段146巷口口,0,0,2,1,C03,8,6,5,50,3,1,1,5,4,5,13,4,4,1,4,5,1,17,2,50,2,8,6,1,7,6,1,10,2,12,9,1,21,121.5166793,25.0235746
114,06,26,12,40,04大安區,大安區市民大道4段與敦化南路1段口,0,0,1,1,B03,8,7,5,40,4,1,1,5,4,5,13,2,1,1,4,5,2,17,1,53,3,10,7,1,7,6,1,8,1,5,9,1,21,121.5485965,25.044761
114,06,26,13,34,05中正區,中正區林森南路與徐州路口,0,0,1,1,,8,6,5,50,4,2,1,5,4,1,11,1,1,9,4,5,1,37,3,55,,,,,,,,,,,130,1,,121.5221469,25.0406933
114,06,26,13,58,04大安區,大安區敦化南路1段247巷與敦化南路1段口,0,0,1,1,C03,8,7,5,50,3,2,1,5,4,5,13,4,4,8,3,5,1,17,1,27,3,10,5,1,7,6,1,9,1,12,9,1,26,121.5491355,25.0389122
114,06,26,14,00,05中正區,中正區南海路與重慶南路2段口口,0,0,2,1,C03,8,6,5,50,4,1,1,5,4,5,13,1,1,1,4,5,2,17,1,66,2,6,5,1,7,5,6,18,1,14,8,1,26,121.5145913,25.0319502
114,06,26,14,04,06松山區,松山區民權東路4段與光復北路口,0,0,2,1,B03,8,6,5,50,4,1,1,5,4,5,13,1,1,8,3,4,1,17,1,72,3,10,3,1,7,6,1,8,2,15,9,1,21,121.5546895,25.0620162
114,06,26,14,36,04大安區,大安區辛亥路1段與溫州街口,0,0,1,1,B03,8,6,5,50,5,1,1,5,4,5,13,1,1,9,5,5,2,16,1,61,3,10,7,4,7,5,1,8,1,1,8,1,21,121.5331696,25.0226623
114,06,26,14,37,10文山區,文山區羅斯福路6段87號,0,0,2,1,F01,7,6,5,50,14,23,4,5,4,5,13,4,4,1,4,5,2,12,1,51,2,9,4,1,7,4,8,20,2,12,108,1,21,121.5405261,24.9984924
114,06,26,14,53,10文山區,文山區景隆街與無名巷口,0,0,1,1,B03,8,6,5,50,3,2,1,5,4,5,13,4,4,5,5,5,2,12,1,44,3,10,7,1,7,8,1,8,1,5,100,1,21,121.5418528,24.9996288
114,06,26,15,01,02萬華區,萬華區西園路2段與西園路2段140巷口,0,0,2,1,C03,8,7,5,50,3,1,1,5,4,5,13,1,1,1,4,5,2,17,1,18,2,8,5,1,7,11,1,10,1,14,96,1,21,121.4963776,25.0301437
114,06,26,15,05,11南港區,南港區中南街與忠孝東路7段口口,0,0,1,1,F02,8,7,5,30,4,1,1,5,4,5,13,1,1,1,5,5,2,12,2,72,2,9,4,1,7,10,8,20,1,17,102,1,21,121.6152566,25.0529334
114,06,26,15,26,10文山區,文山區光輝路與下崙路口,0,0,1,1,C03,7,6,5,30,4,1,1,5,4,5,13,4,4,5,5,5,2,16,2,38,2,9,6,1,7,5,1,10,1,14,8,1,21,121.5549275,24.9865994
114,06,26,15,27,07信義區,信義區吳興街與吳興街512巷口,0,0,1,1,B03,8,7,5,50,4,1,1,5,4,5,13,4,4,9,4,5,2,16,1,37,3,10,7,1,7,9,1,8,11,6,13,2,21,121.5691636,25.022385
114,06,26,15,58,10文山區,文山區木新路3段與木新路3段127巷口口,0,0,2,1,C03,8,7,5,40,3,1,1,5,4,5,13,4,4,5,5,4,2,16,2,51,2,8,5,1,7,5,1,10,1,12,71,1,21,121.5619986,24.9819575
114,06,26,16,20,12內湖區,內湖區康寧路3段與南湖大橋口,0,0,2,1,C03,7,6,5,50,4,1,1,5,4,5,13,1,1,5,4,5,2,12,2,59,2,9,5,1,7,15,1,10,1,12,80,1,21,121.6108239,25.0650295
114,06,26,16,22,02萬華區,萬華區康定路與成都路口,0,0,1,1,C03,7,6,5,50,4,1,1,5,4,5,13,2,1,5,4,5,2,16,1,25,2,9,6,1,7,7,1,10,1,14,100,1,21,121.5027194,25.0435465
114,06,26,16,39,10文山區,文山區忠順街2段與忠順街2段57巷口,0,0,1,1,C03,8,7,5,50,3,18,1,5,4,5,13,4,4,10,5,5,2,3,1,21,3,10,5,1,7,9,3,18,9,11,70,1,21,121.5642931,24.9848988
114,06,26,16,53,01大同區,大同區萬全街與雙連街口,0,0,2,1,C03,8,6,5,30,4,1,1,5,4,5,13,4,4,10,5,5,2,17,1,36,2,9,6,4,7,9,1,10,1,11,14,1,21,121.5190841,25.0585403
114,06,26,16,55,01大同區,大同區民族西路53號,0,0,1,1,C01,8,6,5,50,14,9,1,5,4,5,13,4,4,5,4,5,2,12,1,55,2,8,6,1,7,15,1,9,2,14,16,1,21,121.5190598,25.0685644
114,06,26,17,05,09北投區,北投區中央北路2段338號,0,0,2,1,C03,8,6,5,50,14,9,1,5,4,5,13,3,1,9,4,5,2,16,1,57,2,9,6,1,7,11,1,10,2,14,10,1,21,121.4886026,25.1383985
114,06,26,17,30,04大安區,大安區和平東路3段與敦化南路2段口,0,0,1,1,C03,8,6,5,50,4,1,1,5,4,5,13,2,1,4,4,5,2,13,1,49,2,9,5,1,7,9,1,10,1,11,108,1,22,121.548943,25.0244632
114,06,26,17,36,12內湖區,內湖區成功路4段與金龍路口,0,0,1,1,C03,8,6,5,50,4,2,1,5,4,5,13,1,1,1,3,5,1,12,1,71,2,9,6,1,7,9,1,10,1,11,108,1,21,121.5953042,25.0842965
114,06,26,17,46,05中正區,中正區重慶南路3段與和平西路1段口,0,0,2,1,C03,8,7,5,50,5,4,1,5,4,5,13,1,1,1,4,5,2,13,1,55,3,10,5,1,7,9,1,9,1,14,108,1,21,121.5157784,25.0276664
114,06,26,18,01,09北投區,北投區大興街5號,0,0,3,1,C03,8,6,5,50,14,9,1,5,4,5,13,4,4,9,5,5,2,16,1,18,2,9,6,1,7,9,1,10,1,11,16,1,21,121.4973896,25.1296897
114,06,26,18,26,09北投區,北投區立德路與立功街口,0,0,3,1,B03,7,5,5,50,4,1,1,5,4,5,13,1,1,5,5,5,2,16,2,35,2,2,7,1,7,5,1,8,1,1,71,1,21,121.4716885,25.1253327
114,06,26,18,33,07信義區,信義區忠孝東路5段345巷與忠孝東路5段423巷5弄口口,0,0,1,1,B03,7,5,5,30,4,1,1,5,4,5,13,4,4,10,5,5,2,15,1,25,3,10,3,4,7,9,1,8,2,7,72,1,22,121.5740709,25.0418005
114,06,26,18,47,02萬華區,萬華區西昌街與貴陽街2段口,0,0,2,1,C03,7,5,5,50,4,1,1,5,4,5,13,2,1,5,5,5,2,16,1,44,2,8,3,4,7,11,1,10,1,12,10,1,22,121.5006942,25.0403081
114,06,26,19,15,12內湖區,內湖區瑞湖街與陽光街321巷口口,0,0,1,1,C03,7,5,5,50,4,1,1,5,4,5,13,2,1,4,4,5,1,13,1,48,2,9,6,1,7,9,1,10,1,11,44,1,21,121.5764814,25.0712559
114,06,26,19,24,04大安區,大安區師大路9號,0,0,2,1,B01,8,5,5,50,14,9,1,5,4,5,13,4,4,10,5,5,2,12,1,48,3,10,7,1,7,11,1,4,1,4,10,1,21,121.5283948,25.0252988
114,06,26,19,30,11南港區,南港區忠孝東路6段與昆陽街口口,0,0,1,1,C03,8,5,5,50,4,1,1,5,4,5,13,2,1,3,4,5,2,13,2,43,2,8,6,1,7,8,1,10,1,11,108,1,21,121.5940999,25.050372
114,06,26,19,43,01大同區,大同區大龍街與民族西路口,0,0,1,1,F02,7,5,5,50,4,2,1,5,4,5,13,1,1,5,2,5,2,17,2,61,2,9,4,1,7,9,8,20,1,11,44,1,21,121.5158743,25.06858363
114,06,26,19,48,05中正區,中正區羅斯福路4段156號,0,0,1,1,B03,8,5,5,50,14,9,1,5,4,5,13,4,4,2,4,5,2,17,1,30,3,10,7,1,7,2,1,8,2,8,12,1,21,121.5363672,25.0123463
114,06,26,19,55,07信義區,信義區基隆路2段41號,0,0,1,1,B01,7,5,5,50,14,9,1,5,4,5,13,4,4,3,4,5,2,12,1,60,3,10,3,4,7,8,1,3,2,2,100,1,22,121.5584555,25.0310349
114,06,26,20,34,08士林區,士林區忠誠路2段與忠誠路2段41巷口,0,0,1,1,C03,8,5,5,50,3,1,1,5,4,5,13,4,4,1,4,4,1,13,1,22,2,9,6,1,7,9,1,10,2,11,108,1,22,121.5306016,25.1097441
114,06,26,20,51,03中山區,中山區南京東路2段125號,0,0,1,1,C03,8,5,5,50,14,9,1,5,4,5,13,4,4,1,4,4,2,12,1,44,2,9,5,1,7,9,1,10,1,11,16,1,22,121.5343351,25.0521049
114,06,26,20,56,12內湖區,內湖區成功路3段與成功路3段174巷口口,0,0,1,1,C04,7,5,5,50,4,1,1,5,4,5,13,2,1,4,5,5,2,16,2,71,2,9,6,1,7,5,1,10,1,14,8,1,21,121.5909531,25.0807389
114,06,26,21,00,08士林區,士林區中山北路5段與中山北路5段698巷口,0,0,3,1,C03,8,5,5,50,5,1,1,5,4,5,13,2,1,4,3,5,2,17,1,19,2,9,3,4,7,10,1,10,1,11,102,1,21,121.527502,25.0976683
114,06,26,21,27,10文山區,文山區木柵路4段149巷與和平東路4段381巷口,0,0,1,1,B03,7,5,5,30,3,1,1,5,4,5,13,4,4,10,5,5,2,16,1,50,3,10,7,1,7,9,1,8,2,1,44,1,21,121.5745548,24.999567
114,06,26,21,55,10文山區,文山區景興路與景興路53巷口,0,0,2,1,B03,8,5,5,50,4,1,1,5,4,5,13,1,1,1,4,5,2,17,1,49,3,10,7,1,7,1,1,8,5,8,19,1,21,121.5447577,24.9970158
114,06,26,22,22,03中山區,中山區新生北路2段與南京東路2段口,0,0,1,1,B01,8,5,5,40,4,2,1,5,4,5,13,1,1,1,4,4,2,17,1,65,3,10,7,1,7,6,1,4,1,6,9,1,22,121.5279388,25.0522034
114,06,26,22,25,01大同區,大同區酒泉街200號,0,0,1,1,B01,7,5,5,50,14,9,1,5,4,5,13,4,4,5,4,5,2,13,1,64,3,10,3,4,7,9,1,4,1,1,108,1,21,121.5105466,25.0721199
114,06,26,22,38,11南港區,南港區南港路2段與南港路2段178巷口口,0,0,1,1,B01,8,5,5,50,3,2,1,5,4,5,13,1,1,5,5,5,2,13,1,43,3,10,7,1,7,1,1,8,1,1,108,1,21,121.599717,25.0535934
114,06,26,23,06,03中山區,中山區新生北路1段與長安東路2段口,0,0,1,1,B03,8,5,5,50,4,1,1,5,4,5,13,1,1,5,4,5,2,16,2,38,3,10,3,4,7,5,1,8,1,1,8,1,22,121.5294803,25.0481142
114,06,27,01,42,06松山區,松山區復興北路與復興北路81巷口,0,0,1,1,B02,8,5,5,30,3,1,1,5,4,5,13,4,4,9,4,5,2,15,1,39,3,10,7,1,7,15,1,8,1,8,72,1,22,121.5441412,25.05118928
114,06,27,01,47,07信義區,信義區信義路4段395巷6弄與光復南路473巷11弄口,0,0,2,1,B03,7,5,5,30,3,1,1,5,4,5,13,4,4,10,5,5,2,15,1,43,3,10,3,4,7,1,1,8,2,1,19,1,21,121.559164,25.0336221
114,06,27,06,40,12內湖區,內湖區成功路2段325號,0,0,1,1,A02,7,5,5,50,14,9,1,5,4,5,13,4,4,1,3,5,1,12,1,58,3,10,3,4,7,7,1,2,2,4,100,1,21,121.589903,25.0713635
114,06,27,07,14,10文山區,文山區萬盛街40號,0,0,2,1,C04,8,6,5,30,11,9,1,5,4,5,13,4,4,9,5,5,2,16,2,36,2,8,6,1,7,11,1,10,2,14,10,1,21,121.5393642,25.0073228
114,06,27,07,24,05中正區,中正區寧波東街與愛國東路口,0,0,1,1,C03,8,7,5,50,3,1,1,5,4,5,13,1,1,1,5,4,2,16,1,72,3,10,5,1,7,15,1,10,11,12,44,2,22,121.5204963,25.0331916
114,06,27,07,30,01大同區,大同區西寧北路32號,0,0,3,1,C03,8,6,8,50,14,9,1,5,4,5,13,4,4,5,4,5,2,17,2,47,2,9,5,4,7,5,1,10,1,14,44,1,21,121.5082124,25.0508214
114,06,27,08,05,03中山區,中山區濱江街337號,0,0,1,1,B03,8,6,5,40,14,9,1,5,4,5,13,4,4,1,4,5,2,17,1,41,3,10,7,1,7,6,1,8,1,6,9,1,21,121.5479775,25.07235967
114,06,27,08,40,11南港區,南港區忠孝東路7段99號,0,0,1,1,C03,8,6,5,50,14,7,1,5,4,5,13,2,1,1,4,4,2,13,2,23,2,9,6,1,7,9,1,10,2,11,108,1,21,121.5998145,25.0513289
114,06,27,08,44,03中山區,中山區五常街與民族東路410巷口,0,0,1,1,C03,7,5,5,30,3,1,1,5,4,5,13,4,4,5,5,5,2,16,1,83,2,8,3,4,7,6,1,10,1,14,72,1,21,121.5380421,25.06426693
114,06,27,09,00,05中正區,中正區中華路1段83號,0,0,2,1,C03,7,7,5,50,14,8,1,5,4,5,13,4,4,1,4,4,2,17,2,41,2,9,5,1,7,8,1,10,1,11,100,1,21,121.5075055,25.0386342
114,06,27,09,08,02萬華區,萬華區康定路與三水街口,0,0,1,1,C03,8,6,5,50,4,1,1,5,4,5,13,2,1,5,5,5,2,17,1,67,3,10,6,1,7,5,1,10,1,17,74,1,21,121.5013634,25.0361347
114,06,27,09,22,05中正區,中正區廣州街4巷與博愛路212巷口口,0,0,1,1,C03,8,6,5,30,3,1,1,5,4,5,13,4,4,10,5,5,1,29,1,42,2,8,6,1,7,9,1,10,2,11,44,1,21,121.5096768,25.0346317
114,06,27,09,29,11南港區,南港區昆陽街161號,0,0,1,1,C03,8,6,5,50,14,9,1,5,4,5,13,4,4,5,4,5,2,16,1,31,2,8,3,4,7,9,1,10,1,13,108,1,21,121.5942896,25.049195
114,06,27,09,38,12內湖區,內湖區內湖路1段591巷與麗山街348巷口,0,0,1,1,C04,8,6,5,30,4,2,1,5,4,5,13,4,4,5,5,5,2,17,1,44,2,8,5,1,7,11,1,10,1,14,44,1,21,121.5736714,25.0820085
114,06,27,09,51,04大安區,大安區延吉街97巷與延吉街97巷口廢鐵道口,0,0,2,1,C03,8,7,5,30,3,2,1,5,4,5,13,4,4,1,5,5,1,17,1,55,2,9,6,1,7,5,1,10,1,12,72,1,21,121.5547913,25.0435282
114,06,27,09,52,02萬華區,萬華區莒光路與西園路2段13巷口,0,0,1,1,C04,8,7,5,50,3,1,1,5,4,5,13,1,1,1,5,5,2,17,2,26,2,9,5,1,7,5,1,10,1,13,8,1,21,121.4982377,25.0310858
114,06,27,09,57,03中山區,中山區民權東路3段與復興北路口,0,0,1,1,B12,8,7,5,50,4,2,1,5,4,5,13,2,1,3,4,5,2,12,1,58,3,10,7,1,7,7,1,8,1,5,100,1,27,121.5440435,25.06215442
114,06,27,10,00,07信義區,信義區永吉路與永吉路326巷口,0,0,1,1,B12,7,6,5,50,4,1,1,5,4,5,13,1,1,3,4,4,2,16,1,31,3,10,7,1,7,5,1,8,1,2,8,1,21,121.5754637,25.0454449
114,06,27,10,02,01大同區,大同區寧夏路與民生西路口,0,0,2,1,B03,8,6,5,50,4,2,1,5,4,5,13,2,1,8,3,5,1,16,2,57,2,1,3,4,7,6,1,8,1,1,44,1,21,121.5156393,25.0569797
114,06,27,10,16,08士林區,士林區和豐街與通河東街1段口,0,0,3,1,C03,7,7,5,30,3,1,1,5,4,5,13,4,4,10,4,5,1,17,2,58,2,9,5,1,7,5,3,18,2,14,8,1,21,121.5170776,25.0823237
114,06,27,10,37,07信義區,信義區基隆路汽機車混合地下道往南,0,0,1,1,B12,8,7,5,30,14,9,1,5,4,5,13,4,4,10,5,5,1,17,1,23,3,10,3,4,7,14,1,8,1,3,99,1,21,121.5636305,25.03993907
114,06,27,10,42,03中山區,中山區濱江街與濱江街150巷口,0,0,1,1,B12,8,6,5,50,3,2,1,5,4,5,13,3,1,1,4,5,2,17,1,57,3,10,7,1,7,8,1,8,1,17,100,1,21,121.5365769,25.0726592
114,06,27,10,57,02萬華區,萬華區中華路2段506號,0,0,1,1,B12,8,5,8,50,22,22,1,5,4,5,13,4,4,9,4,4,2,14,1,56,3,10,7,4,7,2,1,8,1,3,12,1,21,121.5078507,25.0259259
114,06,27,11,03,09北投區,北投區光明路166-6號,0,0,2,1,C03,8,7,5,50,14,9,1,5,4,5,13,4,4,10,5,5,2,13,2,73,2,9,5,1,7,9,1,10,1,11,76,1,21,121.5038633,25.13612297
114,06,27,11,27,08士林區,士林區中山北路6段與福國路口,0,0,1,1,B03,8,6,5,50,3,2,1,5,4,5,13,1,1,1,4,5,2,17,1,53,3,10,3,4,7,7,1,8,1,7,100,1,21,121.5253781,25.1028969
114,06,27,11,29,02萬華區,萬華區中華路2段317號對面,0,0,2,1,B01,8,6,8,40,14,8,1,5,4,5,13,4,4,9,4,4,2,17,1,47,2,7,3,1,7,15,1,4,2,4,40,1,21,121.5073828,25.0264393
114,06,27,11,37,05中正區,中正區重慶南路3段與和平西路1段口,0,0,1,1,C03,8,6,5,50,5,1,1,5,4,5,13,1,1,1,4,5,2,16,1,56,3,10,6,1,7,6,1,10,1,12,9,1,21,121.5161153,25.0270446
114,06,27,11,46,07信義區,信義區忠孝東路5段743巷21弄與永吉路502巷口,0,0,1,1,B03,8,6,5,30,3,1,1,5,4,5,13,4,4,9,5,5,2,15,1,41,3,10,7,1,7,15,1,8,1,1,72,1,21,121.5800537,25.0438411
114,06,27,11,50,06松山區,松山區南京東路5段228巷36號,0,0,1,1,B03,7,7,5,30,14,9,1,5,4,5,13,4,4,9,5,5,2,15,1,38,3,10,7,1,7,1,1,8,1,1,19,1,26,121.564831,25.0500416
114,06,27,12,07,04大安區,大安區基隆路4段與羅斯福路4段119巷口,0,0,2,1,C03,8,7,5,30,5,2,1,5,4,5,13,2,1,8,3,5,1,17,1,41,2,9,5,1,7,11,1,10,1,14,108,1,21,121.5374236,25.0110932
114,06,27,12,10,04大安區,大安區建國南路1段175巷與建國南路1段口,0,0,1,1,B03,8,5,5,30,4,2,1,5,4,5,13,2,1,1,4,5,2,17,2,56,3,10,3,4,7,6,1,8,1,4,9,1,21,121.5376097,25.0408741
114,06,27,12,14,01大同區,大同區鄭州路與鄭州路29巷口,0,0,2,1,C03,8,6,5,40,3,1,1,5,4,5,13,1,1,1,4,5,2,16,2,21,2,9,6,1,7,6,1,10,2,12,9,1,21,121.5141885,25.0493358
114,06,27,12,14,09北投區,北投區陽金公路小觀音停車場,0,0,1,1,C01,8,6,5,40,14,9,1,5,4,5,13,4,4,4,1,5,2,13,1,57,3,10,6,1,7,4,1,9,1,14,108,1,21,121.5478507,25.1805535
114,06,27,13,00,12內湖區,內湖區文湖街21巷與文湖街21巷68弄口,0,0,3,1,C03,7,6,5,30,4,1,1,5,4,5,13,4,4,10,5,5,2,15,1,43,2,9,6,1,7,9,1,10,2,11,72,1,21,121.559912,25.0883375
114,06,27,13,46,08士林區,士林區格致路與愛富一街口,0,0,1,1,B03,8,6,5,40,3,1,1,5,4,5,13,4,4,5,4,5,2,17,2,25,3,10,3,4,7,1,1,8,1,8,19,1,21,121.5465802,25.1382073
114,06,27,13,59,01大同區,大同區延平北路3段與景化街口,0,0,1,1,C03,7,6,5,50,3,2,1,5,4,5,13,4,4,5,2,5,2,17,1,57,2,9,6,1,7,9,1,10,2,12,44,1,21,121.5110897,25.06505849
114,06,27,14,36,07信義區,信義區莊敬路與莊敬路239巷口,0,0,1,1,B03,7,6,5,50,4,2,1,5,4,5,13,1,1,4,5,5,2,13,1,36,3,10,7,1,7,9,1,8,1,1,108,1,21,121.5623143,25.0295394
114,06,27,14,41,02萬華區,萬華區萬大路486巷與萬大路486巷11弄口,0,0,2,1,C03,8,6,5,30,4,1,1,5,4,5,13,4,4,7,5,5,2,17,1,22,2,9,6,1,7,9,1,10,1,11,72,1,21,121.4969474,25.0199131
114,06,27,14,44,01大同區,大同區重慶北路2段194號,0,0,1,1,C03,8,6,5,50,14,9,1,5,4,5,13,4,4,1,4,5,2,17,1,37,2,9,5,4,7,9,1,10,1,14,16,1,21,121.5136837,25.0621269
114,06,27,14,53,07信義區,信義區嘉興街與嘉興街181巷口,0,0,1,1,B01,7,6,5,30,3,2,1,5,4,5,13,1,1,9,5,5,1,3,1,52,3,10,7,1,7,5,1,4,2,1,70,1,22,121.5565539,25.0263375
114,06,27,15,08,12內湖區,內湖區康寧路3段75巷與康寧路3段75巷24弄口,0,0,1,1,B03,8,6,5,30,3,1,1,5,4,5,13,4,4,5,4,5,2,1,1,50,3,10,7,1,7,6,1,8,2,1,70,1,21,121.6091455,25.0728477
114,06,27,15,19,03中山區,中山區吉林路與松江路160巷口,0,0,1,1,B03,7,7,5,50,4,1,5,5,4,5,13,4,4,10,5,5,2,17,2,52,3,10,7,1,7,11,1,8,2,7,10,1,21,121.5301201,25.05545211
114,06,27,15,20,05中正區,中正區金山南路1段與臨沂街10巷口,0,0,1,1,B03,7,7,5,50,3,1,1,5,4,5,13,4,4,1,5,5,2,16,1,35,3,10,7,1,7,6,1,8,1,2,9,1,21,121.5296155,25.041832
114,06,27,15,31,01大同區,大同區民權西路與重慶北路3段口,0,0,1,1,C03,8,5,5,50,14,9,1,5,4,5,13,2,1,1,4,5,2,12,1,21,3,10,5,1,7,8,1,10,1,14,100,1,21,121.513339,25.0632148
114,06,27,16,12,06松山區,松山區復興北路141巷4號,0,0,1,1,B03,6,6,5,30,14,9,1,4,4,5,13,4,4,9,4,5,2,17,1,46,3,10,7,1,7,5,1,8,1,4,8,1,22,121.5443751,25.05330489
114,06,27,16,36,08士林區,士林區環河北路3段95號對面,0,0,2,1,C01,6,6,5,60,14,9,1,4,4,5,13,4,4,1,4,5,2,18,1,21,2,9,6,1,7,9,1,9,1,12,42,1,29,121.5070767,25.08279984
114,06,27,17,12,09北投區,北投區承德路7段139號,0,0,2,1,C03,6,6,5,60,14,9,1,4,4,5,13,2,1,1,4,5,2,12,1,69,2,8,5,1,7,9,1,11,2,12,108,1,21,121.5088236,25.1126527
114,06,27,17,40,11南港區,南港區南港路2段95號與南港路2段口,0,0,2,1,C03,7,7,5,50,5,2,1,4,4,5,13,2,1,5,4,4,2,13,1,52,2,9,3,4,7,9,3,18,1,11,16,1,21,121.5973479,25.0540861
114,06,27,17,56,03中山區,中山區敬業一路192號,0,0,1,1,C03,7,6,5,50,14,9,1,5,4,5,13,4,4,9,4,5,2,17,1,34,2,9,6,1,7,1,1,10,1,11,19,1,21,121.5539189,25.08399858
114,06,27,18,53,04大安區,大安區濟南路3段與仁愛路口側附近3段31巷口,0,0,1,1,B03,7,5,5,30,3,2,1,5,4,5,13,4,4,10,5,5,2,9,1,31,3,10,7,1,7,9,1,8,1,2,108,1,21,121.5348443,25.0400386