發生年度,發生月,發生日,發生時-Hours,發生分,區序,肇事地點,死亡人數,2-30日死亡人數,受傷人數,當事人序號,車種,天候,光線,道路類別,速限-速度限制,道路型態,事故位置,路面狀況1,路面狀況2,路面狀況3,道路障礙1,道路障礙2,號誌1,號誌2,車道劃分-分向,車道劃分-分道1,車道劃分-分道2,車道劃分-分道3,事故類型及型態,性別,年齡,受傷程度,主要傷處,保護裝置,行動電話,車輛用途,當事者行動狀態,駕駛資格情形,駕駛執照種類,飲酒情形,車輛撞擊部位1,肇因碼-個別,個人肇逃否,職業,座標-X,座標-Y
114,06,30,08,01,05中正區,中正區林森北路7-1號,0,0,2,1,C03,8,7,5,50,14,9,1,5,4,5,13,4,4,5,2,5,2,16,1,54,2,9,5,1,7,9,1,10,2,12,4,1,26,121.5236303,25.0458385
114,06,30,08,05,12內湖區,內湖區瑞光路與瑞光路188巷口,0,0,2,1,B12,8,6,5,50,4,1,1,5,4,5,13,1,1,5,4,5,2,15,1,68,3,10,7,1,7,11,1,7,1,5,71,1,21,121.5779351,25.0744665
114,06,30,08,06,01大同區,大同區環河北路1段與鄭州路口,0,0,3,1,C03,7,7,5,50,4,1,1,5,4,5,13,1,1,1,4,5,2,13,1,28,2,9,6,1,7,9,1,10,1,11,108,1,21,121.5069303,25.0508039
114,06,30,08,10,12內湖區,內湖區東湖路113巷與東湖路口,0,0,1,1,C03,7,5,5,50,4,1,1,5,4,5,13,1,1,4,3,5,1,13,2,41,2,9,3,4,7,9,1,10,1,11,16,1,21,121.6151065,25.0686371
114,06,30,08,30,06松山區,松山區八德路2段366巷與八德路2段366巷40弄口,0,0,1,1,C03,8,6,5,30,4,2,1,5,4,5,13,4,4,10,5,5,2,16,2,64,3,10,6,1,7,5,1,10,1,14,8,1,22,121.5459971,25.0463231
114,06,30,08,31,04大安區,大安區和平東路3段70巷與和平東路3段口,0,0,1,1,B03,8,7,5,50,3,2,1,5,4,5,13,2,1,1,4,5,2,17,1,67,3,10,7,1,7,9,1,4,1,2,108,1,21,121.5500839,25.0244449
114,06,30,08,35,04大安區,大安區和平東路1段與泰順街口口,0,0,1,1,B01,8,7,5,50,4,2,1,5,4,5,13,2,1,1,4,5,1,17,1,44,3,10,7,1,7,7,1,4,1,2,100,1,21,121.5315221,25.0263011
114,06,30,08,43,03中山區,中山區中山北路2段與民生西路口,0,0,1,1,C03,8,5,5,50,4,1,1,5,4,5,13,1,1,5,5,5,2,12,1,25,3,10,6,1,7,9,1,10,1,14,44,1,22,121.5225824,25.0578676
114,06,30,08,50,04大安區,大安區臥龍街188巷與臥龍街口,0,0,1,1,C03,8,7,5,50,5,1,1,5,4,5,13,2,1,5,4,4,2,17,1,18,3,10,6,1,7,5,1,10,1,11,8,1,21,121.5509267,25.0182301
114,06,30,08,59,04大安區,大安區信義路2段52號,0,0,1,1,C03,8,6,5,50,14,9,1,5,4,5,13,4,4,1,4,5,2,17,1,30,2,8,6,1,7,6,1,10,1,12,9,1,21,121.5259268,25.0345532
114,06,30,09,00,01大同區,大同區通河西街1段百齡堤外便道第40號燈桿,0,0,2,1,B13,8,6,5,25,14,9,1,5,4,5,13,4,4,8,4,5,2,17,1,48,3,10,7,1,7,4,1,7,1,6,1,1,21,121.5185325,25.0774074
114,06,30,09,05,07信義區,信義區基隆路2段79巷與基隆路2段79巷1弄口,0,0,1,1,C03,8,6,5,30,4,1,1,5,4,5,13,4,4,9,4,5,1,15,1,20,2,7,3,4,7,9,1,10,1,14,72,1,21,121.5584079,25.030056
114,06,30,09,25,05中正區,中正區金門街11巷5號,0,0,2,1,F01,8,7,5,30,14,9,1,5,4,5,13,4,4,10,5,5,2,17,2,76,2,7,4,1,7,5,8,20,1,14,17,1,22,121.5237768,25.0216098
114,06,30,09,54,03中山區,中山區五常街9號,0,0,1,1,B01,8,6,5,30,14,9,1,5,4,5,13,4,4,4,5,5,1,13,1,57,3,10,3,4,7,9,1,4,1,1,108,1,21,121.5382319,25.0643063
114,06,30,10,11,12內湖區,內湖區潭美街與安美街口口,0,0,1,1,B03,8,5,5,40,3,1,1,5,4,5,13,1,1,5,5,5,2,17,2,55,3,10,7,1,7,5,1,8,1,7,8,1,21,121.6027646,25.061082
114,06,30,10,18,07信義區,信義區吳興街250號,0,0,2,1,C03,8,6,5,50,14,9,1,5,4,5,10,4,4,9,5,5,2,16,1,72,2,1,5,1,7,9,1,10,2,11,44,1,21,121.5612194,25.0261594
114,06,30,10,30,01大同區,大同區環河北路1段241號,0,0,1,1,C03,8,6,5,50,14,9,1,5,4,5,13,4,4,8,3,5,2,13,1,46,2,7,6,1,7,15,1,10,1,11,16,1,21,121.5084582,25.0573641
114,06,30,10,31,09北投區,北投區石牌路1段71巷與石牌路1段71巷9弄口,0,0,1,1,B03,8,6,5,30,4,1,1,5,4,5,13,4,4,10,5,5,2,15,1,60,3,10,7,1,7,9,1,8,2,4,72,1,21,121.5110205,25.1141145
114,06,30,10,37,02萬華區,萬華區興義街31號,0,0,1,1,C03,8,6,5,30,14,9,1,5,4,5,13,4,4,10,5,5,2,17,1,45,3,10,6,1,7,1,1,10,1,11,19,1,21,121.491963,25.0268098
114,06,30,10,48,04大安區,大安區基隆路2段與和平東路3段口,0,0,1,1,B13,8,5,5,50,4,1,1,5,4,5,13,1,1,8,3,5,1,16,1,46,3,10,7,1,7,6,1,8,11,2,9,2,16,121.5527796,25.0246902
114,06,30,11,00,03中山區,中山區中山北路2段與中山北路2段137巷口,0,0,1,1,B01,8,7,5,30,3,2,1,5,4,5,13,4,4,10,5,5,2,15,1,67,3,10,7,1,7,9,1,4,2,1,72,1,21,121.5227581,25.06205365
114,06,30,11,01,07信義區,信義區和平東路3段391巷與無名巷口,0,0,1,1,C03,8,7,5,30,4,1,1,5,4,5,13,4,4,10,5,5,2,15,2,58,2,9,5,1,7,9,1,10,2,12,72,1,21,121.5580623,25.0215829
114,06,30,11,14,02萬華區,（貴陽街2段142號）,0,0,1,1,B01,8,7,5,30,3,2,2,5,4,5,13,4,4,10,5,5,2,17,1,55,3,10,7,1,7,6,1,4,1,8,9,1,21,121.5018047,25.0401723
114,06,30,11,22,04大安區,大安區復興南路1段295巷與復興南路1段279巷30弄口,0,0,1,1,C03,8,6,5,30,4,1,1,5,4,5,13,4,4,9,5,5,2,15,2,36,2,7,3,4,7,9,1,10,1,11,108,1,21,121.5451167,25.0351188
114,06,30,11,22,09北投區,北投區北投路2段與大興街23巷口,0,0,2,1,C03,8,6,5,50,3,1,1,5,4,5,13,2,1,5,4,4,2,16,2,58,2,6,5,1,7,5,3,18,2,11,8,1,21,121.4990352,25.1309198
114,06,30,11,26,04大安區,大安區基隆路2段120號,0,0,1,1,C03,8,6,5,50,14,9,1,5,4,5,13,4,4,1,4,5,2,17,1,48,2,9,5,1,7,8,1,10,1,12,100,1,21,121.5569465,25.0288024
114,06,30,11,34,05中正區,中正區詔安街143號,0,0,2,1,C03,8,7,5,30,14,9,1,5,4,5,13,4,4,10,5,5,2,17,1,79,2,8,5,1,7,5,6,18,2,11,8,1,22,121.5092407,25.0268082
114,06,30,11,43,12內湖區,內湖區民權東路6段與民權東路6段90巷口,0,0,1,1,C03,8,7,5,50,4,1,1,5,4,5,13,2,1,1,4,5,2,16,2,26,2,9,6,1,7,9,1,10,2,12,13,1,21,121.5860394,25.0689675
114,06,30,11,57,03中山區,中山區民權東路2段與民權東路2段92巷口,0,0,1,1,B03,8,5,5,50,4,1,1,5,4,5,13,1,1,1,4,5,2,16,1,47,3,10,3,4,7,6,1,8,2,2,9,1,21,121.5318634,25.06258393
114,06,30,12,28,01大同區,大同區承德路2段與平陽街口,0,0,2,1,B01,7,7,5,50,14,9,1,5,4,5,13,4,4,1,4,5,2,16,1,54,3,10,7,1,7,7,1,8,1,8,100,1,21,121.5181171,25.0542515
114,06,30,12,29,06松山區,(南京東路四段171號側),0,0,1,1,B03,8,7,5,30,14,9,1,5,4,5,13,4,4,10,5,5,2,17,2,68,4,11,3,4,7,1,1,8,11,5,19,1,21,121.5563827,25.0519462
114,06,30,12,32,02萬華區,萬華區中華路2段416巷與西藏路125巷口,0,0,3,1,C03,8,6,5,30,4,1,1,5,4,5,13,2,1,5,4,5,2,16,2,30,2,9,6,1,7,5,1,10,1,11,71,1,21,121.5030557,25.0268041
114,06,30,13,03,08士林區,士林區承德路4段與福港街口,0,0,1,1,B03,8,6,5,50,4,3,1,5,4,5,13,1,1,10,4,5,1,17,1,37,3,10,7,1,7,1,1,8,1,8,19,1,21,121.51838,25.0898248
114,06,30,13,29,05中正區,中正區市民大道2段與天津街口,0,0,2,1,C03,8,6,5,50,4,1,1,5,4,5,13,1,1,10,5,5,2,16,1,32,2,9,6,1,7,7,1,10,1,12,100,1,22,121.5223474,25.0478887
114,06,30,13,30,05中正區,中正區公園路64號,0,0,1,1,B03,8,7,5,50,14,9,2,5,4,5,13,2,2,4,3,4,2,17,2,55,3,10,7,1,7,11,1,8,2,1,10,1,26,121.5149683,25.0367698
114,06,30,13,43,01大同區,大同區鄭州路與環河北路1段口口,0,0,1,1,C03,8,5,5,40,3,1,1,5,4,5,13,2,1,1,4,5,2,13,1,40,3,10,5,1,7,6,1,10,1,12,9,1,22,121.5070096,25.0507826
114,06,30,13,45,06松山區,松山區南京東路3段335巷21-23號,0,0,1,1,B03,7,6,5,30,14,9,1,5,4,5,13,4,4,7,5,5,2,12,2,35,3,10,7,1,7,9,1,8,1,8,44,1,21,121.5480147,25.0534373
114,06,30,13,45,08士林區,士林區承德路5段與士商路口口,0,0,1,1,B03,7,7,5,60,4,1,1,5,4,5,13,2,1,8,3,4,2,17,1,34,3,10,3,4,7,6,1,8,1,6,9,1,22,121.5142227,25.096099
114,06,30,13,46,03中山區,中山區民權東路3段與民權東路3段60巷口,0,0,2,1,C03,8,7,5,50,4,2,1,5,4,5,13,1,1,1,4,5,2,13,1,48,2,9,6,1,7,9,1,10,1,12,108,1,21,121.5424312,25.06243743
114,06,30,13,50,01大同區,大同區延平北路2段與民權西路口,0,0,2,1,F02,8,6,5,50,4,1,1,5,4,5,13,2,1,1,4,5,2,17,1,16,2,7,6,4,7,6,8,20,1,12,5,1,22,121.5111527,25.0627828
114,06,30,13,50,01大同區,大同區市民高架道轉運站上方,0,0,2,1,B13,7,7,6,80,14,9,1,5,4,5,13,4,4,1,4,5,2,13,1,26,2,1,7,1,7,9,1,8,1,1,108,1,21,121.5182816,25.0485344
114,06,30,14,25,05中正區,中正區市民大道3段2號,0,0,2,1,C03,8,6,5,40,14,9,1,5,4,5,13,4,4,1,4,5,2,16,1,50,2,9,6,1,7,4,1,10,2,14,13,1,22,121.5315681,25.0456769
114,06,30,14,45,07信義區,信義區松山路與松山路225巷口,0,0,1,1,A04,8,5,5,50,3,2,1,5,4,5,13,4,4,1,4,5,2,17,1,52,3,10,7,1,7,9,1,2,2,5,44,1,22,121.5778672,25.0450986
114,06,30,14,57,11南港區,南港區市民大道8段與興中路口口,0,0,2,1,C03,8,6,5,50,4,1,1,5,4,5,13,2,1,5,2,5,2,13,1,37,2,9,6,1,7,5,1,10,2,13,44,1,21,121.6077821,25.0534255
114,06,30,15,33,10文山區,文山區羅斯福路6段142巷與景仁街口,0,0,3,1,C03,8,6,5,30,4,1,1,5,4,5,10,4,4,10,5,5,2,15,2,59,2,9,6,1,7,9,1,10,1,11,72,1,21,121.540368,24.9963508
114,06,30,15,40,04大安區,大安區市民大道4段與復興南路1段口,0,0,1,1,A02,8,6,5,50,4,2,1,5,4,5,13,1,1,1,4,5,2,9,1,61,3,10,7,1,7,9,1,2,9,17,44,1,21,121.5439679,25.0445562
114,06,30,16,00,08士林區,士林區雙溪街與雨聲街2巷口,0,0,1,1,C03,8,6,5,30,3,2,1,5,4,5,13,4,4,5,5,5,2,18,1,67,2,9,6,1,7,9,1,10,1,14,13,1,21,121.5302583,25.10045681
114,06,30,16,11,10文山區,文山區指南路3段38巷31號,0,0,1,1,C03,8,5,5,30,11,9,1,5,4,5,13,4,4,10,5,5,1,11,2,46,2,7,5,1,7,9,1,11,1,12,5,1,21,121.589548,24.96669805
114,06,30,16,13,08士林區,士林區至誠路2段與至誠路2段51巷口,0,0,1,1,B03,7,5,5,40,4,1,1,5,4,5,13,4,4,5,5,5,2,15,1,49,3,10,7,1,7,1,1,4,2,4,19,1,22,121.5281727,25.1015527
114,06,30,16,20,05中正區,中正區杭州南路2段與羅斯福路1段119巷口,0,0,1,1,B03,8,6,5,50,3,1,1,5,4,5,13,4,4,5,4,5,1,14,2,56,3,10,7,1,7,2,1,8,1,3,12,1,21,121.5221104,25.0302795
114,06,30,17,04,03中山區,中山區長安東路2段與建國北路1段口,0,0,1,1,B01,8,6,5,50,5,2,1,5,4,5,13,2,1,8,3,5,1,17,1,78,4,11,3,4,7,8,6,4,11,15,100,2,21,121.5374255,25.04843782
114,06,30,17,25,05中正區,中正區中華路1段53號,0,0,2,1,C03,8,6,5,50,14,9,1,5,4,5,13,4,4,5,4,5,2,12,1,21,2,9,5,1,7,9,1,10,2,12,108,1,22,121.5087873,25.0434005
114,06,30,17,32,10文山區,文山區景興路10巷2號,0,0,2,1,B03,8,6,5,30,14,9,1,5,4,4,13,4,4,10,5,5,2,29,1,45,2,9,7,1,7,11,1,8,2,5,117,1,21,121.5441485,24.9980832
114,06,30,17,50,04大安區,大安區信義路2段222號,0,0,1,1,B01,7,5,5,50,14,9,1,5,4,5,13,4,4,9,4,5,1,16,1,63,3,10,3,4,7,8,1,4,1,5,100,1,21,121.532087,25.0335195
114,06,30,17,52,03中山區,中山區建國北路1段23巷與八德路2段167巷口,0,0,1,1,C03,8,6,5,30,4,1,1,5,4,5,13,4,4,8,5,5,1,15,1,26,2,9,3,4,7,9,1,10,1,12,72,1,21,121.5379414,25.0473325
114,06,30,17,54,08士林區,士林區承德路4段與中正路口,0,0,1,1,B03,8,6,5,50,3,1,1,5,4,5,13,4,4,1,4,4,2,17,1,53,3,10,7,1,7,7,1,4,1,17,100,1,22,121.5172751,25.0906123
114,06,30,18,04,10文山區,文山區興隆路4段與興隆路4段145巷口,0,0,1,1,B03,7,6,5,50,4,1,1,5,4,5,13,4,4,10,5,5,2,16,1,25,3,10,7,1,7,5,1,8,1,8,72,1,21,121.5615349,24.9849454
114,06,30,18,44,07信義區,信義區基隆路2段41號,0,0,1,1,C03,8,5,5,50,14,9,1,5,4,5,13,4,4,1,3,5,2,13,1,49,2,8,6,1,7,12,1,10,1,11,105,1,21,121.558554,25.0312735
114,06,30,19,06,01大同區,大同區民族西路與重慶北路3段口,0,0,1,1,C03,8,5,5,50,4,1,1,5,4,5,13,1,1,5,5,5,2,12,1,55,2,3,5,1,7,7,1,10,1,11,100,1,21,121.5136843,25.06862
114,06,30,19,10,09北投區,北投區新民路與新民路1巷口,0,0,1,1,C03,7,5,5,30,3,2,1,5,4,5,13,4,4,9,5,5,2,13,2,53,2,8,6,1,7,9,1,10,1,11,118,1,21,121.5076928,25.139464
114,06,30,19,21,08士林區,士林區中山北路6段與克強路口,0,0,2,1,B03,8,5,5,50,4,1,1,5,4,5,13,1,1,1,5,5,1,12,2,38,3,10,7,1,7,4,1,8,1,2,108,1,21,121.5252126,25.108973
114,06,30,20,10,09北投區,北投區公館路與公館路423巷口,0,0,1,1,B03,7,5,5,30,3,1,1,5,4,5,13,4,4,9,4,5,2,17,1,31,3,10,7,1,7,5,1,8,2,1,73,1,21,121.5024118,25.1208555
114,06,30,20,30,10文山區,文山區木柵路4段與秀明路1段口,0,0,1,1,B03,8,5,5,50,4,2,1,5,4,5,13,2,1,5,4,5,2,13,1,46,3,10,7,1,7,9,1,8,1,1,42,1,22,121.5711979,24.9921423
114,06,30,21,22,09北投區,北投區西安街2段與致遠三路口,0,0,1,1,B03,7,5,5,50,4,1,1,5,4,5,13,1,1,1,4,5,2,16,1,47,3,10,7,1,7,5,1,8,1,4,8,1,21,121.5114382,25.1194533
114,06,30,21,38,03中山區,中山區新生北路2段25號,0,0,1,1,C03,8,5,5,50,14,9,1,5,4,5,13,4,4,1,4,5,2,12,2,30,2,9,6,1,7,9,1,10,2,12,77,1,21,121.5280621,25.0530748
114,06,30,21,53,01大同區,大同區忠孝西路2段與西寧北路口,0,0,1,1,B03,7,5,5,50,4,1,1,5,4,5,13,1,1,1,5,5,2,11,2,27,3,10,7,1,7,7,1,8,1,5,100,1,21,121.5075617,25.0487427
114,06,30,21,58,07信義區,信義區忠孝東路5段267號,0,0,2,1,C03,7,5,5,50,14,9,1,5,4,5,13,4,4,1,3,4,2,13,1,30,2,9,6,1,7,9,1,10,1,11,108,1,21,121.571331,25.0410669
114,06,30,22,15,01大同區,大同區台北橋往北市方向,0,0,1,1,B03,8,5,5,40,8,7,1,5,4,5,13,4,4,5,5,5,2,13,1,26,3,10,7,1,7,9,1,8,1,1,108,1,21,121.5149693,25.0629553
114,06,30,22,39,04大安區,大安區忠孝東路4段與復興南路1段口,0,0,1,1,B01,8,5,5,50,4,2,1,5,4,5,13,2,1,1,4,5,2,17,1,58,3,10,3,4,7,8,1,4,1,17,100,1,21,121.5438867,25.0415149
114,06,30,23,45,12內湖區,內湖區成功路4段與成功路4段182巷口口,0,0,2,1,C03,8,5,5,40,3,1,1,5,4,5,13,4,4,1,4,4,2,16,1,18,2,7,6,1,7,9,1,10,1,14,44,1,21,121.5942193,25.0836467
114,07,01,06,04,10文山區,文山區永安街22巷9弄與保儀路109巷3弄口,0,0,1,1,C04,8,6,5,30,3,1,1,5,4,5,13,4,4,10,5,5,2,17,1,69,2,9,3,4,7,5,1,10,1,12,72,1,22,121.5695,24.9863147
114,07,01,06,41,04大安區,大安區和平東路3段與樂業街口,0,0,1,1,B03,8,6,5,50,3,1,1,5,4,5,13,4,4,1,3,5,2,16,1,45,3,10,7,1,7,6,1,8,1,2,44,1,21,121.5499317,25.024381
114,07,01,06,50,04大安區,大安區芳蘭路與長興街口,0,0,1,1,,8,7,5,50,4,1,1,5,4,5,13,2,1,5,4,4,2,17,4,0,,,,,,,,,,,119,2,,121.5474095,25.0149561
114,07,01,07,07,08士林區,士林區大南路408巷與大南路388巷口,0,0,3,1,C03,7,6,5,30,4,2,1,5,4,5,13,4,4,10,5,5,1,15,1,26,2,9,3,4,7,9,1,10,1,14,72,1,21,121.51596,25.08987151
114,07,01,07,22,01大同區,大同區台北橋機慢車道(282527燈桿）,0,0,2,1,C03,8,6,7,40,14,11,1,5,4,5,13,4,4,9,4,5,2,17,2,77,2,9,6,1,7,7,1,10,2,15,100,1,21,121.5079899,25.06366613
114,07,01,07,25,02萬華區,萬華區堤外便道往北(燈桿:龍山094),0,0,1,1,C03,8,5,7,40,14,11,1,5,4,5,13,4,4,1,5,5,2,18,2,39,2,9,5,4,7,9,1,10,1,14,42,1,21,121.5033122,25.0470716
114,07,01,07,55,04大安區,大安區基隆路3段與長興街口,0,0,1,1,C03,7,6,5,50,4,1,1,5,4,5,13,1,1,1,5,1,2,13,1,26,2,9,3,4,7,9,1,10,1,11,16,1,21,121.5443226,25.0171092
114,07,01,07,56,06松山區,松山區延壽街330巷20弄29號,0,0,1,1,B03,8,6,5,30,14,9,1,5,4,5,13,4,4,10,5,5,2,14,2,63,3,10,7,1,7,2,1,8,1,7,12,1,22,121.5593955,25.05444495
114,07,01,07,57,05中正區,中正區廣州街4巷與博愛路212巷口,0,0,1,1,C03,8,7,5,30,3,2,1,5,4,5,13,4,4,10,5,5,2,17,1,28,2,9,5,1,7,9,1,10,1,11,44,1,21,121.5096344,25.0341805
114,07,01,08,00,05中正區,中正區永福橋,0,0,2,1,C03,8,6,5,50,14,9,1,5,4,5,13,4,4,5,4,5,2,16,1,22,2,7,5,1,7,7,1,10,1,14,100,1,21,121.5282894,25.0117496
114,07,01,08,06,09北投區,北投區文林北路與承德路6段口,0,0,1,1,C03,8,6,5,60,3,1,1,5,4,5,13,1,1,1,4,5,2,23,1,40,2,9,6,1,7,6,1,10,9,14,108,1,26,121.5117572,25.1100745
114,07,01,08,13,05中正區,中正區中山南路與常德街口,0,0,1,1,,8,6,5,50,3,2,1,5,4,5,13,1,1,8,4,1,2,13,4,0,,,,,,,,,11,,119,2,,121.5183565,25.0409425
114,07,01,08,15,02萬華區,萬華區長泰街308巷與德昌街185巷口,0,0,2,1,C03,7,7,5,30,4,1,1,5,4,5,13,4,4,10,5,5,2,15,1,31,2,9,5,1,7,9,1,10,1,12,72,1,21,121.4925146,25.0220994
114,07,01,08,18,02萬華區,萬華區西藏路與西園路2段111巷23弄口,0,0,1,1,B12,8,7,5,30,3,2,1,5,4,5,13,4,4,1,3,5,2,17,1,58,3,10,7,1,7,6,1,8,1,8,72,1,21,121.4972807,25.0293354
114,07,01,08,18,08士林區,士林區重慶北路4段204號,0,0,1,1,B03,8,6,8,40,14,8,1,5,4,5,13,4,4,1,4,4,1,17,2,50,3,10,7,1,7,15,1,8,2,4,40,1,21,121.5115335,25.0854093
114,07,01,08,20,08士林區,士林區故宮路5號,0,0,1,1,C03,7,5,5,30,14,9,1,5,4,1,13,1,1,3,5,5,1,17,1,41,2,9,5,1,7,10,1,10,1,14,100,1,21,121.5466794,25.0978872
114,07,01,08,24,11南港區,南港區市民大道8段與南港路2段41巷口,0,0,2,1,C03,8,6,6,50,4,1,1,5,4,5,13,2,1,1,3,5,2,16,1,36,2,9,3,4,7,5,1,10,2,12,44,1,22,121.6033402,25.0527083
114,07,01,08,36,05中正區,中正區新生南路1段14號,0,0,1,1,F01,8,7,5,0,14,20,2,5,4,5,13,4,4,10,5,5,2,11,1,30,3,10,4,1,7,9,8,20,2,11,44,1,21,121.5326994,25.0434887
114,07,01,08,40,03中山區,中山區堤頂大道2段與基湖路口,0,0,1,1,B03,8,6,5,50,4,1,1,5,4,5,13,1,1,1,4,5,2,16,2,44,3,10,3,4,7,6,1,8,1,5,9,1,22,121.5642534,25.0786604
114,07,01,08,45,02萬華區,萬華區和平西路3段382巷與和平西路3段382巷2弄口,0,0,2,1,C03,8,5,5,30,4,1,1,5,4,5,13,4,4,10,5,5,2,15,1,66,2,9,5,4,7,9,1,10,2,13,72,1,21,121.4914985,25.0349458
114,07,01,08,45,05中正區,中正區鎮江街2號,0,0,1,1,C03,8,7,5,50,14,9,1,5,4,5,13,4,4,8,3,5,2,17,1,56,3,10,5,1,7,1,1,10,2,14,19,1,26,121.5214677,25.0447014
114,07,01,08,47,01大同區,大同區環河北路1段與民生西路口,0,0,2,1,C03,8,6,5,50,4,1,1,5,4,5,13,2,1,1,4,5,2,17,1,25,2,9,6,4,7,6,1,10,2,12,9,1,22,121.5083365,25.0568498
114,07,01,08,50,07信義區,信義區吳興街220巷與信安街67巷口,0,0,2,1,C03,8,6,5,30,3,2,1,5,4,5,13,2,1,9,5,5,2,13,1,39,2,8,6,1,7,9,1,10,2,11,16,1,21,121.5605461,25.0256147
114,07,01,08,52,02萬華區,萬華區中華路1段與忠孝西路2段口,0,0,1,1,C03,8,6,8,50,4,1,1,5,4,5,13,1,1,3,4,5,2,17,1,23,2,9,6,1,7,9,1,10,1,11,16,1,22,121.5094457,25.0481162
114,07,01,08,52,10文山區,文山區木新路2段43巷21號,0,0,1,1,C03,8,6,5,30,14,9,1,5,4,5,13,4,4,10,5,5,1,11,2,31,2,8,6,1,7,9,1,10,1,14,5,1,21,121.5714229,24.9862186
114,07,01,08,53,09北投區,北投區大業路157號,0,0,1,1,B03,8,6,5,50,14,9,1,5,4,5,13,4,4,1,4,5,2,16,1,24,3,10,7,1,7,8,1,8,1,2,100,1,21,121.4986387,25.1248414
114,07,01,09,00,06松山區,松山區市民大道6段288號,0,0,1,1,C03,8,6,5,40,14,9,1,5,4,5,13,2,1,10,4,5,2,17,1,56,2,9,6,1,7,9,1,9,2,12,116,1,22,121.5792798,25.0494967
114,07,01,09,03,11南港區,南港區南港路3段50巷與松河街口,0,0,2,1,C03,8,6,5,50,3,2,1,5,4,5,13,4,4,9,5,5,2,16,1,23,2,9,6,1,7,4,1,10,2,12,99,1,21,121.5904719,25.0564866
114,07,01,09,32,06松山區,松山區健康路131號旁,0,0,3,1,C03,8,6,5,50,14,9,1,5,4,5,13,4,4,9,4,5,2,13,1,67,3,10,6,1,7,9,1,10,1,17,44,1,22,121.5562953,25.05413532
114,07,01,09,33,08士林區,士林區承德路5段士林監理站公車站,0,0,1,1,B01,8,6,8,40,14,8,1,5,4,5,13,4,4,1,4,4,1,12,1,62,3,10,7,1,7,9,1,4,2,2,100,1,21,121.5144468,25.0955255
114,07,01,09,40,11南港區,南港區東新街成德國小,0,0,1,1,B03,8,7,5,50,14,9,1,5,4,5,13,4,4,4,5,5,2,12,1,62,3,10,7,1,7,1,1,8,1,4,19,1,21,121.5872926,25.0467702
114,07,01,09,43,05中正區,中正區羅斯福路4段84號,0,0,1,1,F01,8,6,5,0,14,20,1,5,4,5,13,4,4,10,5,5,2,9,1,40,3,10,4,1,7,9,8,20,1,11,70,1,21,121.534787,25.0140762
114,07,01,11,00,03中山區,中山區民生東路2段12號,0,0,1,1,B03,8,7,5,50,14,9,1,5,4,5,13,4,4,5,4,5,2,17,1,52,3,10,3,4,7,1,1,8,1,4,19,1,21,121.523338,25.0579364
114,07,01,11,00,11南港區,南港區研究院路1段85號,0,0,1,1,C03,8,6,5,50,14,9,1,5,4,5,13,4,4,1,3,5,2,17,1,71,2,9,3,4,7,7,1,10,9,14,100,1,21,121.6162263,25.0526224
114,07,01,11,05,10文山區,文山區興隆路4段與興隆路4段109巷口口,0,0,1,1,B03,8,6,5,30,4,1,1,5,4,5,13,2,1,10,5,5,1,3,1,65,3,10,7,1,7,5,1,8,2,4,70,1,21,121.5609124,24.9866883
114,07,01,11,10,03中山區,中山區遼寧街與龍江路149巷口,0,0,2,1,C03,8,6,5,30,4,1,1,5,4,5,13,4,4,9,5,5,2,17,1,44,4,11,3,4,7,6,1,10,11,17,72,2,22,121.5420729,25.0538396
114,07,01,11,16,05中正區,中正區青島東路（成功高中停車場出入口）,0,0,2,1,B03,8,6,5,50,14,8,1,5,4,3,13,4,4,9,4,5,2,16,2,61,3,10,2,1,7,1,1,8,2,1,44,1,22,121.5234201,25.0434846
114,07,01,11,17,11南港區,南港區成福路與成福路15巷口口,0,0,1,1,C03,8,6,5,30,4,2,1,5,4,5,13,3,1,5,5,5,2,17,1,75,2,9,6,1,7,5,1,10,2,12,72,1,21,121.5864835,25.0449485
114,07,01,11,24,07信義區,信義區松仁路95巷20號,0,0,1,1,C03,8,6,5,50,14,9,1,5,4,5,13,4,4,9,4,5,2,20,2,56,2,7,6,1,7,9,1,10,1,11,108,1,21,121.570687,25.0365367
114,07,01,11,40,03中山區,中山區林森北路與新生北路2段28巷口,0,0,1,1,B01,8,6,5,50,4,2,1,5,4,5,13,1,1,1,4,5,2,16,1,67,3,10,7,1,7,6,1,4,1,2,9,1,21,121.5254834,25.0538074
114,07,01,11,49,08士林區,士林區德行東路262號,0,0,1,1,B03,7,7,5,50,14,9,1,5,4,5,13,4,4,7,5,5,1,17,1,42,3,10,7,1,7,9,1,8,1,1,108,1,21,121.5346121,25.1098083
114,07,01,12,03,06松山區,松山區光復北路與光復北路100巷口,0,0,1,1,B01,8,6,5,50,3,2,1,5,4,5,13,4,4,1,4,5,2,12,1,68,3,10,7,1,7,15,1,4,1,4,42,1,21,121.5578126,25.0505189
114,07,01,12,11,06松山區,松山區民權東路3段124號,0,0,1,1,B01,8,5,5,50,14,9,1,5,4,5,13,4,4,9,4,5,2,12,1,51,3,10,7,1,7,8,1,4,2,5,118,1,21,121.5456869,25.06201657
114,07,01,12,17,07信義區,信義區基隆路2段與嘉興街175巷口,0,0,2,1,C03,7,6,5,50,3,1,1,5,4,5,13,4,4,3,4,5,2,16,1,48,2,8,6,1,7,8,1,10,1,12,100,1,21,121.5566355,25.0279864