發生年度,發生月,發生日,發生時-Hours,發生分,區序,肇事地點,死亡人數,2-30日死亡人數,受傷人數,當事人序號,車種,天候,光線,道路類別,速限-速度限制,道路型態,事故位置,路面狀況1,路面狀況2,路面狀況3,道路障礙1,道路障礙2,號誌1,號誌2,車道劃分-分向,車道劃分-分道1,車道劃分-分道2,車道劃分-分道3,事故類型及型態,性別,年齡,受傷程度,主要傷處,保護裝置,行動電話,車輛用途,當事者行動狀態,駕駛資格情形,駕駛執照種類,飲酒情形,車輛撞擊部位1,肇因碼-個別,個人肇逃否,職業,座標-X,座標-Y
114,07,01,13,34,08士林區,士林區通河街76巷與承德路4段10巷口,0,0,2,1,C03,8,6,5,30,4,1,1,5,4,5,13,4,4,5,4,5,2,15,1,53,2,9,6,1,7,9,1,10,1,11,72,1,21,121.5201122,25.0801248
114,07,01,13,37,04大安區,大安區愛國東路35-1號,0,0,1,1,C03,8,6,5,50,14,7,1,5,4,5,13,2,1,1,4,4,2,13,1,44,2,9,5,1,7,9,1,10,2,11,108,1,22,121.5260212,25.0318709
114,07,01,13,38,03中山區,中山區敬業四路與北安路口,0,0,1,1,A01,8,6,5,50,14,9,1,5,4,5,13,4,4,2,4,5,2,9,1,48,3,10,7,1,7,14,1,2,2,17,40,1,21,121.558189,25.0845513
114,07,01,13,50,08士林區,士林區大南路與福港街口,0,0,1,1,B01,8,7,5,50,4,1,1,5,4,5,13,2,1,4,5,5,1,1,1,67,3,10,7,1,7,5,1,4,1,1,70,1,21,121.5181916,25.0888547
114,07,01,13,56,12內湖區,內湖區陽光街68巷,0,0,1,1,C03,8,7,5,50,14,9,1,5,4,5,13,4,4,5,5,5,2,13,1,18,2,9,5,1,7,9,1,10,1,11,108,1,21,121.5870433,25.0767449
114,07,01,14,00,01大同區,大同區民權西路與承德路2段口,0,0,1,1,C03,8,6,5,50,4,2,1,5,4,5,13,2,1,8,3,5,2,13,2,53,2,7,6,1,7,9,1,10,1,11,16,1,21,121.5178773,25.0628091
114,07,01,14,08,07信義區,信義區基隆路2段與嘉興街口,0,0,1,1,B12,8,6,5,50,3,1,1,5,4,5,13,4,4,1,4,5,1,16,1,45,3,10,3,4,7,6,1,8,1,2,9,1,22,121.5591916,25.0325901
114,07,01,14,11,06松山區,松山區三民路與富錦街口,1,0,0,1,E01,8,5,5,50,4,1,1,5,4,5,13,1,1,1,4,5,2,15,1,23,3,10,7,1,7,9,3,18,2,1,42,1,21,121.5632525,25.0609633
114,07,01,14,33,07信義區,信義區基隆路1段131號對面,0,0,1,1,C03,8,5,5,50,14,9,1,5,4,5,13,4,4,1,4,5,2,13,2,21,2,9,6,1,7,9,1,10,1,11,44,1,22,121.5661416,25.0442016
114,07,01,15,23,02萬華區,萬華區萬大路與萬大路187巷口,0,0,1,1,B03,8,7,5,30,3,1,1,5,4,5,13,4,4,10,4,5,2,14,1,62,3,10,3,4,7,2,1,8,1,3,12,1,22,121.5006097,25.0279419
114,07,01,15,34,02萬華區,萬華區艋舺大道凱達飯店出入口,0,0,1,1,B01,8,7,5,50,3,1,1,5,4,5,13,4,4,1,4,5,2,16,1,57,3,10,3,4,7,6,1,3,1,5,9,1,22,121.4994415,25.0330564
114,07,01,15,40,07信義區,信義區基隆路2段151-1號,0,0,1,1,A02,8,6,5,50,14,9,1,5,4,5,13,4,4,1,4,5,2,9,1,52,4,11,3,4,7,21,7,19,9,17,118,2,21,121.5547981,25.0262514
114,07,01,16,00,03中山區,中山區林森北路與中山北路2段77巷口,0,0,2,1,C03,7,7,5,50,4,1,1,5,4,5,13,4,4,9,5,5,1,17,1,56,2,9,5,1,7,5,1,10,1,14,8,1,21,121.5254582,25.05747852
114,07,01,16,14,02萬華區,萬華區中華路2段與廣州街口,0,0,2,1,B03,8,7,5,40,4,2,1,5,4,5,13,2,1,3,4,4,2,16,1,39,2,9,3,4,7,6,1,8,1,2,9,1,22,121.5064045,25.0361599
114,07,01,16,34,04大安區,大安區復興南路2段210巷3號,0,0,2,1,F01,8,5,5,30,14,9,1,5,4,5,13,4,4,10,5,5,2,9,1,23,2,9,4,1,7,9,8,20,9,11,108,1,21,121.5428598,25.0265352
114,07,01,16,52,07信義區,信義區松山路與松山路292巷口,0,0,2,1,C03,8,6,5,50,3,1,1,5,4,5,13,2,1,10,5,5,2,16,1,72,2,7,5,1,7,5,1,10,2,12,71,1,21,121.5777658,25.0432542
114,07,01,17,01,07信義區,信義區虎林街120巷268-3號,0,0,1,1,B03,8,6,5,30,14,9,1,5,4,5,13,4,4,10,5,5,2,17,1,47,3,10,3,4,7,6,1,8,1,2,9,1,22,121.5717009,25.042229
114,07,01,17,10,11南港區,南港區南港路2段212巷3號,0,0,1,1,B12,8,7,5,30,14,9,1,5,4,5,13,4,4,10,5,5,2,13,1,55,3,10,7,1,7,14,1,8,1,7,38,1,21,121.599178,25.0542929
114,07,01,18,31,04大安區,大安區杭州南路2段61巷與金華街48巷口,0,0,2,1,C03,8,6,5,30,4,1,1,5,4,5,13,4,4,5,2,5,1,15,1,45,2,7,6,1,7,9,1,10,2,14,72,1,21,121.5231289,25.0301916
114,07,01,18,46,10文山區,文山區試院路1號,0,0,2,1,F01,8,5,5,0,22,20,1,5,4,5,13,4,4,10,5,5,2,17,2,33,2,9,4,1,7,9,8,20,1,14,44,1,27,121.5493893,24.98735117
114,07,01,19,10,03中山區,中山區新生北路2段與新生北路2段45巷口,0,0,1,1,B01,8,5,5,30,3,2,1,5,4,5,13,4,4,4,5,5,2,13,1,60,3,10,7,4,7,6,1,8,2,5,108,1,21,121.5278181,25.0555427
114,07,01,19,12,03中山區,中山區南京西路23巷3號,0,0,1,1,B03,8,5,5,30,14,9,1,5,4,5,13,4,4,10,5,5,2,2,2,26,3,10,7,1,7,9,1,10,2,5,108,1,21,121.5205754,25.0532916
114,07,01,19,24,08士林區,士林區至善路3段與中社路1段口,0,0,1,1,B02,8,5,5,50,3,1,1,5,4,5,13,1,1,5,4,5,2,16,2,52,3,10,7,1,7,5,1,8,1,5,71,1,26,121.558634,25.11212
114,07,01,20,30,03中山區,中山區民權東路2段與新生北路3段口,0,0,1,1,B03,7,5,5,50,4,2,1,5,4,5,13,2,1,3,4,5,2,12,1,47,3,10,7,1,7,9,1,8,2,5,44,1,21,121.5224724,25.0579103
114,07,01,20,51,07信義區,信義區大道路54號,0,0,3,1,C03,7,5,5,50,14,9,1,5,4,5,13,4,4,8,3,5,2,13,2,24,2,9,6,1,7,9,1,10,1,11,118,1,21,121.5822342,25.0413221
114,07,01,21,30,03中山區,中山區龍江路284-1號,0,0,1,1,C03,8,5,5,50,14,9,1,5,4,5,13,4,4,4,5,5,2,13,1,73,4,11,3,4,7,9,1,10,11,11,16,2,21,121.540744,25.0611516
114,07,01,21,48,12內湖區,內湖區內湖路1段737巷50弄32號,0,0,1,1,B03,7,5,6,50,14,9,1,5,4,5,13,4,4,9,5,5,2,12,1,42,3,10,3,4,7,8,1,8,1,2,27,1,22,121.5782984,25.0806055
114,07,01,22,05,01大同區,大同區台北橋與台北橋口（西向東，民權西路匝道）,0,0,1,1,B03,8,5,5,40,14,16,1,5,4,5,13,4,4,8,3,5,1,13,1,30,3,10,3,4,7,9,3,18,2,1,16,1,21,121.5156022,25.062915
114,07,01,22,45,03中山區,中山區吉林路與民族東路口,0,0,2,1,B01,8,5,5,50,4,1,1,2,4,5,13,2,1,5,4,5,2,17,1,66,3,10,7,1,7,6,1,4,9,17,9,1,21,121.5305362,25.0681647
114,07,01,23,30,07信義區,信義區松仁路與松高路口,0,0,1,1,C03,8,5,5,50,4,2,1,5,4,5,13,2,1,1,4,5,2,17,2,23,3,10,6,1,7,7,1,10,1,12,100,1,22,121.5683354,25.0390101
114,07,01,23,46,06松山區,松山區八德路3段173號,0,0,1,1,H01,8,5,5,50,14,9,1,5,4,5,13,4,4,4,3,5,2,13,4,0,,,,,,,,,10,,119,2,,121.5555919,25.04808732
114,07,01,23,53,07信義區,信義區忠孝東路4段與忠孝東路4段553巷口,0,0,1,1,B01,8,5,5,50,4,2,1,5,4,5,13,2,1,1,4,5,2,17,1,62,3,10,7,1,7,5,1,4,1,8,44,1,22,121.5627538,25.0411737
114,07,02,07,18,08士林區,士林區中山北路6段與德行西路口,0,0,2,1,C03,8,7,5,50,14,9,1,5,4,5,13,4,4,1,5,5,1,17,1,41,3,10,5,1,7,8,1,10,1,13,100,1,21,121.5248642,25.1067218
114,07,02,07,22,02萬華區,萬華區堤外便道桂林水門左轉第二支電桿,0,0,1,1,F01,8,6,5,40,14,9,1,5,4,5,13,4,4,10,5,5,2,17,2,48,2,9,4,1,7,5,8,20,1,14,8,1,21,121.4954763,25.0387473
114,07,02,07,30,12內湖區,內湖區環山路3段12號,0,0,1,1,F01,8,6,5,50,14,9,1,5,4,5,13,4,4,10,5,5,2,17,1,13,3,10,4,1,7,1,8,20,1,17,19,1,21,121.578972,25.0844946
114,07,02,07,47,03中山區,中山區新生北路2段與新生北路2段60巷口,0,0,1,1,C03,7,6,5,30,3,1,1,5,4,5,13,4,4,9,5,5,2,13,1,41,3,10,6,4,7,5,1,10,2,11,4,1,22,121.5274156,25.05580286
114,07,02,07,50,03中山區,中山區民權東路2段與中原街口,0,0,1,1,C03,8,7,5,50,4,1,1,5,4,5,13,1,1,1,4,5,2,12,1,67,2,9,5,1,7,8,1,10,1,12,100,1,21,121.5289542,25.0624952
114,07,02,07,55,09北投區,北投區東華街1段362號,0,0,2,1,F01,8,5,5,50,14,9,1,5,4,5,13,1,1,1,4,5,2,12,1,54,2,9,3,4,7,7,8,20,2,13,100,1,22,121.5191273,25.1096722
114,07,02,08,03,03中山區,中山區敬業二路69巷與敬業二路口,0,0,1,1,B03,8,6,5,50,3,1,1,5,4,5,13,4,4,5,5,5,2,17,1,43,3,10,3,4,7,5,1,8,1,1,72,1,22,121.5543976,25.0811123
114,07,02,08,27,04大安區,大安區和平東路3段1巷與和平東路3段口,0,0,1,1,B03,8,7,5,50,4,1,1,5,4,5,13,2,1,1,4,5,2,17,1,37,4,11,3,4,7,5,1,8,11,15,74,2,21,121.5466932,25.0247403
114,07,02,08,47,06松山區,松山區復興北路215號,0,0,1,1,B01,8,7,5,50,14,9,1,5,4,5,13,4,4,1,4,5,2,13,1,56,3,10,7,1,7,14,1,2,1,6,44,1,25,121.5441907,25.0564777
114,07,02,09,40,01大同區,大同區南京西路256號,0,0,1,1,A02,8,6,5,40,14,9,1,5,4,5,13,4,4,1,4,5,2,9,2,53,3,10,7,1,7,15,1,2,11,17,44,1,21,121.515579,25.0537228
114,07,02,09,45,02萬華區,萬華區大理街與環河南路2段125巷15弄口,0,0,2,1,C04,8,7,5,30,4,1,1,5,4,5,13,4,4,10,5,5,2,15,2,38,2,9,5,1,7,9,1,10,1,12,72,1,21,121.4939893,25.0339998
114,07,02,10,10,01大同區,大同區南京西路與太原路口,0,0,3,1,C03,8,6,5,50,4,2,1,5,4,5,13,2,1,8,3,4,2,17,1,62,2,1,6,1,7,15,1,10,1,11,4,1,21,121.5161616,25.0539025
114,07,02,10,13,02萬華區,萬華區桂林路與柳州街口,0,0,1,1,B03,8,6,5,50,4,1,1,5,4,5,13,1,1,9,4,5,2,17,2,45,3,10,7,1,7,6,1,8,1,2,9,1,21,121.5050456,25.0377371
114,07,02,10,30,07信義區,信義區基隆路2段109號,0,0,1,1,B01,8,6,5,50,14,9,1,5,4,5,13,2,1,1,4,5,2,17,1,77,3,10,7,1,7,8,6,4,11,6,100,1,21,121.5571903,25.0289933
114,07,02,10,35,05中正區,中正區羅斯福路4段24巷與羅斯福路4段口,0,0,1,1,B01,8,6,5,50,3,1,1,5,4,5,13,4,4,5,4,5,2,17,1,66,3,10,7,1,7,6,1,4,1,2,108,1,21,121.5332695,25.01559591
114,07,02,10,50,04大安區,大安區基隆路4段與羅斯福路4段口,0,0,1,1,B03,8,6,5,50,5,1,1,5,4,5,13,2,1,1,3,4,2,12,1,51,4,11,3,4,7,6,1,8,11,15,9,2,21,121.5375054,25.0112436
114,07,02,10,58,03中山區,中山區新生北路2段與民權東路2段口,0,0,4,1,C03,8,6,5,50,4,1,1,5,4,5,13,1,1,1,4,5,2,13,2,64,2,9,6,1,7,9,1,10,1,11,108,1,22,121.52844,25.0625531
114,07,02,11,08,04大安區,大安區羅斯福路2段與和平東路1段口,0,0,1,1,C04,8,6,5,50,4,1,1,5,4,5,13,2,1,1,4,5,2,12,2,21,2,9,5,1,7,1,1,10,1,12,44,1,22,121.5229237,25.0267171
114,07,02,11,12,12內湖區,內湖區康樂街162巷5號,0,0,1,1,C03,8,7,5,30,14,9,1,5,4,5,13,4,4,10,5,5,2,13,2,28,2,4,6,1,7,9,1,10,1,11,108,1,22,121.6192788,25.0729465
114,07,02,11,20,03中山區,中山區民權東路1段與中山北路2段口,0,0,1,1,C03,8,6,5,50,14,9,1,5,4,5,13,2,1,1,5,5,1,13,1,27,2,9,3,4,7,9,1,10,1,11,108,1,21,121.5227659,25.06289252
114,07,02,11,40,12內湖區,內湖區港華街與港華街109巷口,0,0,1,1,C03,8,6,5,50,3,1,1,5,4,5,13,1,1,5,5,5,2,16,2,59,2,9,6,1,7,5,1,10,1,11,8,1,22,121.5730213,25.0836165
114,07,02,11,41,05中正區,中正區牯嶺街108號,0,0,1,1,C03,8,7,5,30,14,9,1,5,4,5,13,4,4,10,5,5,2,13,1,19,3,10,5,1,7,9,1,10,1,11,108,1,22,121.5190218,25.0246715
114,07,02,12,00,09北投區,北投區大興街24巷1弄6號,0,0,1,1,B01,8,6,5,30,14,9,1,5,4,5,13,4,4,10,5,5,2,17,1,57,3,10,7,1,7,15,1,4,1,4,40,1,21,121.4990134,25.129762
114,07,02,12,28,01大同區,大同區民權西路與重慶北路2段口,0,0,3,1,C03,8,7,5,50,5,1,1,5,4,5,13,2,1,1,2,5,2,16,1,56,3,10,6,1,7,6,1,10,1,12,9,1,22,121.5134554,25.06290873
114,07,02,12,50,04大安區,大安區忠孝東路3段與復興南路1段口,0,0,1,1,B01,8,6,5,50,5,2,1,5,4,5,13,1,1,3,4,5,2,17,1,68,3,10,7,4,7,14,1,4,1,6,38,1,21,121.5433614,25.0415267
114,07,02,12,57,02萬華區,萬華區貴陽街2段與昆明街口,0,0,2,1,C03,8,6,5,50,4,2,1,5,4,5,13,2,1,5,4,5,2,16,2,49,2,9,6,1,7,5,1,10,1,11,98,1,21,121.5041477,25.0396413
114,07,02,13,00,07信義區,信義區基隆路2段與光復南路口,0,0,1,1,C03,7,6,5,50,4,1,1,5,4,5,13,1,1,3,4,5,2,16,2,36,3,10,6,1,7,7,1,10,1,12,100,1,21,121.5577383,25.029805
114,07,02,13,09,08士林區,士林區通河西街2段191號,0,0,1,1,C03,7,6,5,30,14,9,1,5,4,5,13,4,4,9,4,5,1,16,1,55,2,9,3,4,7,1,1,10,1,11,19,1,21,121.5042499,25.0933947
114,07,02,13,31,02萬華區,萬華區環河南路1段174號,0,0,1,1,C03,8,7,5,50,14,9,1,5,4,5,13,4,4,5,5,5,2,17,1,69,2,6,5,1,7,8,1,10,1,13,100,1,21,121.5037396,25.0466388
114,07,02,13,37,06松山區,松山區民生東路3段與慶城街口,0,0,2,1,F01,8,7,5,50,5,2,1,5,4,5,13,2,1,1,5,5,2,17,1,15,2,6,4,1,7,15,8,20,1,11,81,1,21,121.5485153,25.0574782
114,07,02,13,50,03中山區,中山區大直橋上方往南,0,0,1,1,B12,8,6,5,50,14,9,1,5,4,5,13,4,4,1,4,5,2,13,1,21,3,10,7,1,7,9,1,8,1,1,44,1,21,121.5442822,25.07642686
114,07,02,14,00,08士林區,士林區忠誠路2段118巷與忠誠路2段140巷15弄口口,0,0,1,1,B03,8,6,5,30,4,1,1,5,4,5,13,4,4,10,5,5,1,15,1,37,3,10,7,1,7,9,1,4,1,1,14,1,22,121.5309261,25.1139026
114,07,02,14,00,11南港區,南港區研究院路2段與大坑街口,0,0,1,1,C03,8,6,5,50,14,9,1,5,4,5,13,4,4,1,4,5,2,16,1,42,2,9,6,1,7,7,1,10,1,14,100,1,21,121.6159395,25.0485164
114,07,02,14,01,10文山區,文山區忠順街1段26巷與忠順街1段26巷3弄口口,0,0,1,1,C03,8,7,5,30,4,1,1,5,4,5,13,4,4,10,5,5,2,15,1,78,2,9,5,1,7,1,1,10,1,11,72,1,21,121.5593458,24.9835232
114,07,02,14,12,07信義區,信義區忠孝東路4段550號,0,0,1,1,C03,7,6,5,50,14,9,1,5,4,5,13,4,4,3,4,5,2,13,1,47,2,9,6,1,7,9,3,18,1,11,108,1,21,121.5628939,25.041096
114,07,02,14,15,08士林區,士林區福林路與雨農路口,0,0,2,1,B03,8,6,5,50,4,1,1,5,4,5,13,2,1,5,4,5,2,12,1,65,3,10,7,1,7,8,1,8,1,6,108,1,21,121.5321329,25.0966
114,07,02,14,16,04大安區,大安區信義路3段與建國南路1段口,0,0,1,1,F01,8,5,5,50,4,1,1,5,4,5,13,2,1,1,3,5,2,15,1,19,2,8,4,1,7,9,8,20,1,12,81,1,21,121.5375842,25.0336713
114,07,02,14,57,09北投區,北投區裕民一路12號,0,0,2,1,C03,8,6,5,50,14,9,1,5,4,5,13,4,4,9,5,5,2,16,1,46,2,7,5,1,7,5,1,10,2,14,8,1,21,121.5165742,25.1166849
114,07,02,15,00,06松山區,松山區南京東路5段123巷11號對面,0,0,1,1,B03,8,6,5,50,14,9,1,5,4,5,13,4,4,9,4,5,2,12,2,65,3,10,7,4,7,9,1,8,1,2,108,1,21,121.5608328,25.0527883
114,07,02,15,04,02萬華區,萬華區西園路2段與西園路2段11巷口,0,0,1,1,C03,8,7,5,50,4,2,1,5,4,5,13,1,1,1,3,5,2,12,2,71,2,9,5,1,7,15,3,18,2,14,100,1,21,121.4975144,25.032199
114,07,02,15,15,03中山區,中山區濱江街309號,0,0,1,1,B03,7,7,5,50,14,9,1,5,4,5,13,4,4,2,4,5,1,35,1,35,2,9,7,1,7,15,1,8,1,1,107,1,21,121.5469687,25.0724471
114,07,02,15,38,06松山區,松山區八德路4段721號,0,0,1,1,C03,8,6,5,40,14,7,1,5,4,5,13,4,4,1,4,4,1,12,1,64,2,9,6,4,7,7,1,10,1,14,100,1,21,121.5772758,25.0501006
114,07,02,15,47,06松山區,松山區市民大道4段(復興南路一段39號),0,0,1,1,B13,8,6,5,40,14,9,1,5,4,5,13,4,4,1,3,5,2,12,1,39,3,10,7,1,7,7,1,8,1,2,100,1,22,121.5454332,25.0451416
114,07,02,16,10,04大安區,大安區和平東路1段155號,0,0,1,1,F01,8,7,8,0,22,20,1,5,4,5,13,4,4,10,5,5,2,17,2,53,2,9,3,4,7,21,8,20,1,15,44,1,22,121.531457,25.0265707
114,07,02,16,30,11南港區,南港區忠孝東路6段與忠孝東路6段269巷口口,0,0,1,1,C03,8,6,5,30,4,1,1,5,4,5,11,4,4,10,5,5,2,15,1,26,2,9,6,1,7,9,1,10,1,11,72,1,21,121.5896893,25.0497275
114,07,02,16,41,10文山區,文山區景美溪橋,0,0,1,1,C03,7,5,5,40,8,8,1,5,4,5,13,4,4,2,4,4,2,12,2,31,2,9,5,4,7,8,1,10,1,12,100,1,22,121.5450337,24.9868096
114,07,02,16,50,09北投區,北投區中央北路1段與大業路口,0,0,2,1,C03,8,6,5,50,4,1,1,5,4,5,13,1,1,1,4,5,2,17,1,38,2,9,6,1,7,9,1,10,2,14,42,1,21,121.4971237,25.1358695
114,07,02,16,51,05中正區,中正區忠孝東路2段與八德路1段口,0,0,1,1,B03,8,7,5,50,3,1,1,5,4,5,13,1,1,1,4,5,2,16,1,54,3,10,7,1,7,6,1,8,2,2,9,1,21,121.5293847,25.0433867
114,07,02,16,59,10文山區,文山區羅斯福路5段與萬盛街口,0,0,1,1,C03,8,6,5,50,4,1,1,5,4,5,13,2,1,1,4,5,2,17,2,29,2,7,6,1,7,9,1,10,2,14,108,1,21,121.5380296,25.0081236
114,07,02,17,12,04大安區,大安區和平東路3段與和平東路3段1巷口,0,0,1,1,B01,8,6,5,50,14,9,1,5,4,5,13,2,1,1,4,5,2,13,1,28,3,10,7,1,7,8,1,8,2,1,16,1,21,121.5469352,25.0247283
114,07,02,17,15,10文山區,文山區辛亥路7段與光輝路50巷口,0,0,2,1,C03,8,6,5,50,3,1,1,5,4,5,13,1,1,5,5,4,2,16,2,26,2,9,6,1,7,5,1,10,1,11,8,1,21,121.5541793,24.9848644
114,07,02,17,20,01大同區,大同區民權西路與承德路2段口,0,0,1,1,C03,8,6,5,50,5,1,1,5,4,5,13,4,4,3,5,5,2,13,1,23,3,10,6,1,7,9,1,9,1,11,16,1,21,121.5180122,25.0628079
114,07,02,17,29,06松山區,松山區塔悠路與基隆路1段口,0,0,1,1,C03,8,6,5,50,5,1,1,5,4,5,13,1,1,1,4,5,2,17,2,59,2,9,6,1,7,5,1,10,2,14,8,1,21,121.5702607,25.0513217
114,07,02,17,45,11南港區,南港區經貿二路與經貿二路106巷口,0,0,1,1,B03,7,7,5,50,4,2,1,5,4,5,13,1,1,5,4,5,2,12,2,47,3,10,7,1,7,1,1,8,1,5,19,1,21,121.6167396,25.0583247
114,07,02,18,10,12內湖區,內湖區石潭路與金莊路口,0,0,1,1,B03,8,5,5,50,4,1,1,5,4,5,13,2,1,5,2,5,1,16,1,64,3,10,7,1,7,5,1,8,1,8,8,1,21,121.5876577,25.0627739
114,07,02,18,30,08士林區,士林區百齡左岸河濱公園與堤外便道口,0,0,3,1,C03,8,5,5,40,14,9,1,5,4,5,13,4,4,9,5,5,1,11,1,55,2,9,6,1,7,9,1,10,2,14,4,1,22,121.5146296,25.080591
114,07,02,19,12,10文山區,文山區羅斯福路5段與萬隆街口,0,0,2,1,C03,8,5,5,50,4,2,1,5,4,5,13,2,1,1,4,5,2,13,2,18,2,9,6,1,7,9,1,10,2,11,16,1,21,121.5395412,25.0004426
114,07,02,19,16,07信義區,信義區信義路5段106號,0,0,2,1,C03,8,5,5,50,14,9,1,5,4,5,13,4,4,1,4,5,2,13,1,27,2,9,6,1,7,9,1,10,1,11,118,1,21,121.5665856,25.0328305
114,07,02,19,20,05中正區,中正區中華路1段9巷與中華路1段21巷7弄口,0,0,1,1,C03,8,5,5,30,3,2,1,5,4,5,13,4,4,10,5,5,2,16,1,31,2,8,5,1,7,5,1,9,2,14,80,1,21,121.5105388,25.0470088
114,07,02,19,45,02萬華區,萬華區西園路1段與大理街口,0,0,1,1,,8,5,6,30,4,2,1,5,4,5,13,4,4,10,3,5,1,9,4,0,,,,,,,,,11,,119,2,,121.4991176,25.0346871
114,07,02,20,04,10文山區,文山區辛亥路7段13號,0,0,1,1,A02,7,5,8,50,22,22,1,5,4,5,13,4,4,5,4,4,2,9,1,57,3,10,3,4,7,12,1,2,9,17,42,1,21,121.5527211,24.9870395
114,07,02,20,28,09北投區,北投區東華街2段與立農街2段口,0,0,2,1,B03,7,5,5,50,14,9,1,5,4,5,13,4,4,1,4,5,2,17,2,41,3,10,7,1,7,13,1,8,2,4,40,1,21,121.5125411,25.1191205
114,07,02,20,31,05中正區,中正區重慶南路3段與和平西路1段口,0,0,1,1,B01,8,5,5,50,5,1,1,5,4,5,13,1,1,1,4,5,2,17,1,60,3,10,7,1,7,6,1,4,9,17,9,2,21,121.516134,25.026881
114,07,02,21,28,09北投區,北投區大同街與杏林一路口,0,0,3,1,C03,8,7,5,50,3,2,1,5,4,5,13,4,4,7,4,5,1,17,1,32,2,8,5,1,7,4,1,10,2,11,94,1,21,121.4993792,25.1407478
114,07,02,21,37,09北投區,北投區東華街2段與致遠三路口,0,0,1,1,C04,8,5,5,30,5,1,1,5,4,5,13,2,1,5,5,5,2,16,2,21,2,9,6,1,7,6,1,10,1,11,9,1,22,121.5117053,25.1197866
114,07,02,23,36,02萬華區,萬華區堤外便道機車道北往南（3014311燈桿旁）,0,0,2,1,C03,7,5,7,40,14,11,1,5,4,5,13,4,4,3,4,5,2,13,1,44,3,10,5,4,7,14,1,10,1,17,44,1,22,121.4998016,25.04362487
114,07,03,06,21,08士林區,士林區社中街與永平街口,0,0,1,1,A02,8,6,5,50,3,2,1,5,4,5,13,1,1,10,5,5,1,9,1,55,3,10,7,1,7,9,1,2,2,17,44,1,21,121.5050762,25.0922359
114,07,03,07,22,02萬華區,萬華區青年路與水源路口,0,0,2,1,B12,8,5,5,50,4,1,1,5,4,5,13,1,1,1,4,5,2,15,1,59,2,7,7,4,7,15,1,8,1,2,82,1,21,121.5043389,25.0199446
114,07,03,07,30,09北投區,北投區中央北路2段381號,0,0,1,1,A02,8,6,5,50,14,9,1,5,4,5,13,4,4,4,4,5,2,12,1,37,3,10,7,1,7,4,1,2,2,2,108,1,21,121.4872214,25.1382882
114,07,03,08,00,09北投區,北投區立德路與立功街口,0,0,1,1,C03,8,5,5,50,14,9,1,5,4,5,13,4,4,5,4,5,2,16,1,41,2,7,3,4,7,7,1,10,1,12,100,1,26,121.4716903,25.1250394
114,07,03,08,05,12內湖區,內湖區康寧路3段與安康路口,0,0,2,1,C03,8,6,5,50,14,9,1,5,4,5,13,1,1,5,4,5,2,13,2,25,2,9,6,1,7,9,7,19,2,11,16,1,21,121.6109955,25.0654321
114,07,03,08,12,05中正區,中正區金山南路1段與銅山街口,0,0,1,1,B12,8,5,5,50,14,9,1,5,4,5,13,1,1,9,2,5,2,17,1,35,3,10,7,1,7,9,1,2,2,1,16,1,21,121.5287328,25.0393685
114,07,03,08,22,03中山區,中山區長春路與長春路3巷口,0,0,1,1,C03,7,7,5,30,3,1,1,5,4,5,13,4,4,9,5,4,1,17,1,64,2,9,5,1,7,5,1,10,1,12,72,1,21,121.5232245,25.05500117
114,07,03,08,23,08士林區,士林區承德路4段187號,0,0,1,1,C03,8,5,5,50,14,9,1,5,4,5,13,4,4,1,3,5,1,17,2,33,3,10,5,1,7,3,1,10,2,14,18,1,21,121.5222873,25.087911
114,07,03,08,23,12內湖區,內湖區內湖路2段177號,0,0,2,1,C03,8,6,5,50,14,9,1,5,4,5,13,4,4,5,4,5,2,13,2,44,2,9,5,1,7,9,1,10,2,11,16,1,21,121.5868617,25.0812134
114,07,03,08,30,05中正區,中正區中山南路與濟南路1段口,0,0,2,1,C03,8,6,5,50,4,2,1,5,4,5,13,2,1,5,4,5,2,12,1,25,3,10,5,1,7,8,1,10,1,13,100,1,22,121.5190184,25.0433027
114,07,03,08,33,07信義區,信義區信義路6段15巷與松德路169巷口,0,0,1,1,B03,8,7,5,30,4,1,1,5,4,5,13,4,4,9,4,5,2,17,1,49,3,10,3,4,7,5,1,8,2,8,8,1,21,121.5751649,25.0361032
114,07,03,08,45,11南港區,南港區玉成街與市民大道7段口,0,0,1,1,C03,8,7,5,50,4,2,1,5,4,5,13,2,1,1,4,5,2,16,1,29,2,5,6,1,7,5,1,10,1,11,71,1,21,121.581588,25.0494768
114,07,03,08,49,05中正區,中正區延平南路與愛國西路口,0,0,1,1,C03,7,7,5,50,4,1,1,5,4,5,13,1,1,1,4,1,2,13,1,23,2,8,5,1,7,6,1,10,1,11,16,1,21,121.5081661,25.03700922
114,07,03,09,03,04大安區,大安區建國南路1段(億光大樓停車場出入口),0,0,1,1,B03,8,6,5,50,14,9,1,5,4,5,13,4,4,10,3,5,2,16,2,33,3,10,7,1,7,6,1,8,1,5,9,1,21,121.5370094,25.042922
114,07,03,09,09,02萬華區,萬華區桂林路與南寧路口,0,0,2,1,C03,8,5,5,50,5,1,1,5,4,5,13,1,1,1,4,5,2,17,2,32,2,8,5,4,7,5,1,10,1,11,16,1,21,121.5064686,25.0372896
114,07,03,09,10,02萬華區,萬華區廣州街與梧州街口,0,0,2,1,C03,8,6,5,30,4,1,1,5,4,5,13,4,4,5,5,5,2,17,2,26,2,8,6,1,7,9,1,10,9,14,72,1,21,121.4976096,25.03673013