發生年度,發生月,發生日,發生時-Hours,發生分,區序,肇事地點,死亡人數,2-30日死亡人數,受傷人數,當事人序號,車種,天候,光線,道路類別,速限-速度限制,道路型態,事故位置,路面狀況1,路面狀況2,路面狀況3,道路障礙1,道路障礙2,號誌1,號誌2,車道劃分-分向,車道劃分-分道1,車道劃分-分道2,車道劃分-分道3,事故類型及型態,性別,年齡,受傷程度,主要傷處,保護裝置,行動電話,車輛用途,當事者行動狀態,駕駛資格情形,駕駛執照種類,飲酒情形,車輛撞擊部位1,肇因碼-個別,個人肇逃否,職業,座標-X,座標-Y
114,07,05,01,00,12內湖區,內湖區金湖路386號,0,0,1,1,B03,7,5,5,40,14,7,1,5,4,5,13,4,4,3,4,4,1,12,1,36,3,10,7,1,7,7,1,8,1,4,100,1,21,121.6049913,25.0735049
114,07,05,03,00,12內湖區,內湖區新明路與新明路68巷口,0,0,1,1,C03,7,5,5,50,4,1,1,5,4,5,13,4,4,5,4,4,1,17,1,20,2,8,6,1,7,9,1,10,1,11,44,1,26,121.5901665,25.0599093
114,07,05,03,47,10文山區,文山區景後街與景後街105巷口,0,0,1,1,C03,8,5,5,30,4,1,1,5,4,5,13,4,4,10,5,5,2,17,1,61,3,10,5,1,7,6,1,10,11,17,72,1,21,121.5425137,24.9912909
114,07,05,08,20,03中山區,中山區林森北路與長春路口,0,0,1,1,C03,8,7,5,50,14,9,1,5,4,5,13,4,4,5,5,5,2,12,1,33,3,10,6,1,7,7,1,10,1,13,100,1,21,121.5254377,25.0550986
114,07,05,08,34,02萬華區,萬華區萬大路449巷10弄與萬大路449巷口,0,0,1,1,C03,8,7,5,30,4,1,1,5,4,5,13,4,4,5,5,5,2,15,1,36,2,9,5,1,7,9,6,18,1,11,4,1,21,121.4987932,25.0206836
114,07,05,08,40,06松山區,松山區新東街21號,0,0,1,1,B03,8,6,5,50,14,9,1,5,4,5,13,4,4,9,4,5,2,12,1,66,3,10,7,1,7,4,1,8,1,2,1,1,22,121.5659557,25.05877595
114,07,05,09,14,07信義區,信義區松仁路9號,0,0,2,1,C03,8,6,6,50,14,9,1,5,4,5,13,4,4,1,3,5,2,17,1,66,2,9,6,1,7,9,1,10,2,11,116,1,21,121.5685005,25.0377546
114,07,05,09,40,05中正區,中正區信義路2段與連雲街口,0,0,2,1,H01,8,6,5,50,4,1,1,5,4,5,13,2,1,5,4,5,2,6,2,64,2,9,4,5,8,18,8,20,10,16,122,1,22,121.5300212,25.03379436
114,07,05,10,01,04大安區,大安區和平東路3段322號,0,0,2,1,C03,7,7,5,50,14,9,1,5,4,5,13,4,4,1,4,5,1,17,2,43,2,9,3,4,7,21,1,10,1,11,44,1,22,121.5569809,25.02007611
114,07,05,10,23,04大安區,大安區羅斯福路3段269巷與羅斯福路3段283巷7弄口,0,0,1,1,B03,7,6,5,20,5,1,1,5,4,5,13,4,4,10,5,5,2,15,1,60,3,10,3,4,7,9,1,8,1,1,72,1,21,121.5309119,25.0189905
114,07,05,10,29,04大安區,大安區忠孝東路4段216巷與忠孝東路4段216巷40弄口,0,0,2,1,F01,7,6,5,30,4,1,1,5,4,5,13,4,4,5,5,5,2,15,2,54,2,9,3,4,7,9,8,20,1,14,72,1,22,121.5531336,25.0395158
114,07,05,10,31,07信義區,信義區福德街298號,0,0,1,1,F01,8,6,5,50,14,9,1,5,4,5,13,4,4,10,4,5,2,17,2,72,2,8,3,4,7,7,8,20,1,13,100,1,21,121.5870878,25.0391846
114,07,05,11,07,09北投區,北投區泉源路1206312號燈桿處,0,0,3,1,B03,7,6,5,40,14,9,1,5,4,5,13,4,4,5,5,5,1,20,1,62,2,3,7,1,7,9,1,8,1,5,108,1,21,121.532216,25.1500384
114,07,05,11,15,05中正區,中正區市民大道1段台北車站北2門,0,0,2,1,C03,8,7,5,40,14,9,1,5,4,5,13,4,4,1,4,5,2,13,2,22,2,9,6,4,7,9,1,10,1,11,16,1,21,121.518257,25.0483672
114,07,05,11,54,05中正區,中正區市民大道1段168號,0,0,3,1,C03,8,7,5,40,22,6,1,5,4,5,13,4,4,9,4,5,2,16,2,18,2,9,6,1,7,5,1,10,2,14,8,1,21,121.5186438,25.048343
114,07,05,11,54,05中正區,中正區羅斯福路2段36巷與羅斯福路2段口,0,0,1,1,B03,8,6,5,50,5,1,1,5,4,5,13,1,1,3,4,5,2,12,1,64,3,10,7,1,7,9,1,8,1,2,108,1,21,121.5213985,25.0283613
114,07,05,12,17,07信義區,信義區永吉路120巷61號,0,0,1,1,B03,8,6,5,30,14,9,1,5,4,5,13,1,1,9,5,5,2,13,1,43,3,10,3,4,7,9,1,8,1,8,108,1,22,121.5703458,25.0435284
114,07,05,12,33,07信義區,信義區市民大道6段與松信路口口,0,0,1,1,C03,8,6,5,50,4,1,1,5,4,5,13,2,1,5,4,5,2,17,1,39,2,8,6,1,7,5,6,10,1,11,16,1,26,121.5723091,25.0492237
114,07,05,12,50,08士林區,士林區文林路740巷與文林路740巷9弄口口,0,0,1,1,B03,7,7,5,0,4,1,1,5,4,5,13,4,4,9,5,5,2,15,1,40,3,10,3,4,7,9,1,8,1,1,72,1,22,121.5208223,25.1032616
114,07,05,13,00,02萬華區,萬華區中興橋往台北市機車道近下橋彎道處,0,0,1,1,C03,8,6,5,30,8,7,1,5,4,5,13,4,4,10,5,5,2,12,1,29,3,10,6,1,7,9,1,10,1,12,108,1,21,121.5000883,25.04461445
114,07,05,13,20,08士林區,士林區承德路5段與通河東街2段口,0,0,2,1,C03,8,6,5,30,3,2,1,5,4,5,13,1,1,10,5,5,2,13,2,25,2,8,6,3,7,9,1,10,1,11,108,1,26,121.515376,25.0905786
114,07,05,13,30,03中山區,中山區南京東路2段132號,0,0,2,1,B03,8,6,5,50,14,9,1,1,4,5,13,4,4,9,4,5,2,16,1,52,3,10,3,4,7,15,1,8,1,2,9,1,21,121.5336739,25.0520557
114,07,05,13,42,08士林區,士林區中山北路5段與劍潭路口,0,0,1,1,B03,8,6,5,50,4,2,1,5,4,5,13,2,1,1,4,5,1,17,1,64,3,10,7,1,7,8,1,8,1,2,98,1,21,121.5250176,25.08430701
114,07,05,14,06,03中山區,中山區中山北路2段72巷與中山北路2段口,0,0,2,1,B03,7,7,5,50,3,1,1,5,4,5,13,4,4,1,3,5,1,17,1,44,3,10,7,1,7,6,1,8,1,2,9,1,21,121.5225224,25.0521245
114,07,05,14,07,03中山區,中山區長安東路1段與新生北路1段口,0,0,1,1,C03,7,7,5,50,4,2,1,5,4,5,13,1,1,9,4,5,2,18,1,50,2,9,6,1,7,7,1,10,1,14,118,1,26,121.529392,25.04813141
114,07,05,14,45,04大安區,大安區光復南路288號,0,0,1,1,F01,8,6,5,50,14,9,1,5,4,5,13,4,4,1,4,5,2,17,1,47,2,8,5,1,7,9,8,20,1,12,42,1,22,121.5575374,25.0397038
114,07,05,15,21,03中山區,中山區南京東路1段與南京東路1段1巷口,0,0,1,1,B03,8,6,5,30,3,1,1,5,4,5,13,4,4,9,3,4,2,16,1,42,3,10,7,4,7,6,1,8,1,8,72,1,21,121.5230173,25.0522976
114,07,05,15,57,02萬華區,萬華區貴陽街2段與西園路1段口,0,0,2,1,C03,8,6,5,30,4,1,1,5,4,5,13,2,1,10,5,5,2,16,1,25,2,9,6,1,7,5,1,10,1,14,8,1,22,121.4998837,25.0401582
114,07,05,15,57,04大安區,大安區羅斯福路2段與和平東路1段口,0,0,1,1,C03,8,6,5,50,5,2,1,5,4,5,13,1,1,10,4,5,2,18,1,60,2,8,5,1,7,9,1,10,9,11,108,1,22,121.523188,25.026721
114,07,05,16,05,08士林區,士林區中山北路5段465號,0,0,1,1,C03,7,5,8,40,22,22,1,5,4,5,13,4,4,1,5,1,1,17,1,34,3,10,5,1,7,8,1,10,1,13,100,1,21,121.5275482,25.09259819
114,07,05,17,05,03中山區,中山區民權東路1段與民權東路1段71巷口,0,0,1,1,C03,8,6,5,50,14,9,1,5,4,5,13,4,4,8,5,5,2,12,1,68,3,10,5,1,7,9,1,10,9,14,108,1,21,121.5271551,25.0627619
114,07,05,17,39,05中正區,中正區重慶南路2段與愛國西路口,0,0,2,1,C03,8,7,5,50,5,1,1,5,4,5,13,1,1,1,4,5,2,16,1,35,2,7,5,1,7,6,1,10,1,11,9,1,21,121.5126535,25.0349566
114,07,05,17,50,01大同區,大同區民族西路與大龍街159巷9弄口,0,0,1,1,C03,8,6,5,50,5,1,1,5,4,5,13,4,4,5,5,5,2,16,2,41,3,10,6,1,7,6,1,10,2,13,44,1,21,121.5165874,25.0685234
114,07,05,17,55,07信義區,信義區忠孝東路5段1號,0,0,1,1,C03,7,5,8,50,22,22,1,5,4,5,13,4,4,1,4,5,2,17,1,24,2,9,6,1,7,7,1,10,1,14,17,1,22,121.5649538,25.0411704
114,07,05,18,30,06松山區,松山區寶清街116巷與南京東路5段291巷口,0,0,2,1,C03,8,6,5,30,4,1,1,5,4,5,13,4,4,10,4,5,1,17,2,39,2,9,6,4,7,5,1,10,2,11,72,1,22,121.5662186,25.0538345
114,07,05,19,05,05中正區,中正區市民大道3段與新生南路1段口希望園區停車場出口,0,0,1,1,B03,8,5,5,50,14,9,1,5,4,5,13,4,4,1,3,5,2,17,1,40,3,10,7,1,7,6,1,8,2,5,9,1,26,121.5327391,25.045015
114,07,05,19,28,10文山區,文山區老泉街45巷燈桿編號0701850旁,0,0,1,1,B03,7,5,5,30,11,9,1,5,4,5,13,4,4,10,5,5,2,10,1,52,3,10,7,1,7,9,1,8,2,8,42,1,21,121.5685886,24.9730387
114,07,05,19,31,09北投區,北投區中央北路4段與中央北路4段30巷口,0,0,1,1,B03,7,5,5,50,3,1,1,5,4,5,13,1,1,4,4,5,2,16,1,24,3,10,7,1,7,5,1,8,1,6,80,1,22,121.4782223,25.1351525
114,07,05,19,33,05中正區,中正區凱達格蘭大道與中山南路口,0,0,1,1,B03,8,5,5,50,5,1,1,5,4,5,13,1,1,10,4,5,2,17,1,27,3,10,7,1,7,9,1,8,2,5,81,1,21,121.5174074,25.0389293
114,07,05,20,00,01大同區,大同區市民高架道與承德路1段口,0,0,1,1,B12,8,5,5,80,14,7,1,5,4,5,13,4,4,1,4,5,2,13,1,45,3,10,7,1,7,9,1,8,1,1,16,1,21,121.5174462,25.0486942
114,07,05,20,11,02萬華區,萬華區康定路與三水街口,0,0,2,1,H01,8,5,5,50,4,1,2,5,4,5,13,2,1,9,5,5,2,9,1,63,3,10,4,5,8,16,8,20,10,16,121,1,21,121.5013883,25.0361144
114,07,05,21,10,06松山區,松山區光復北路與健康路口,0,0,1,1,C01,8,5,5,50,4,1,1,5,4,5,13,1,1,1,4,4,2,13,1,49,3,10,6,1,7,9,3,18,1,11,108,1,22,121.5566002,25.05365287
114,07,05,21,40,04大安區,大安區基隆路3段與辛亥路3段口,0,0,1,1,B01,8,5,5,50,14,9,1,5,4,5,13,2,1,1,4,5,2,12,1,72,3,10,3,4,7,9,6,18,1,4,16,1,21,121.5465148,25.0191912
114,07,06,00,30,07信義區,信義區信安街與信安街115巷口,0,0,1,1,C03,7,5,5,30,3,2,1,5,4,5,13,4,4,5,5,5,2,17,1,25,2,7,3,4,7,6,1,10,1,12,108,1,21,121.5561581,25.0248364
114,07,06,00,44,02萬華區,萬華區昆明街與桂林路口,0,0,1,1,C03,8,5,5,50,4,1,1,5,4,5,13,1,1,9,4,5,2,17,1,29,2,9,6,4,7,9,1,10,3,11,108,1,21,121.5038365,25.0379357
114,07,06,07,12,09北投區,北投區福國路與承平路口,0,0,1,1,B03,8,6,5,50,14,9,1,5,4,5,13,4,4,1,1,5,2,20,1,33,2,9,7,1,7,9,1,8,7,4,21,1,21,121.5072969,25.1013552
114,07,06,07,43,03中山區,中山區龍江路與合江街61巷口,0,0,2,1,C04,8,6,5,30,4,1,1,5,4,5,13,4,4,10,5,5,2,15,2,75,2,9,5,4,7,9,1,11,1,11,4,1,21,121.5410142,25.057308
114,07,06,08,22,12內湖區,內湖區東湖路119巷4號,0,0,1,1,C03,8,7,5,30,14,9,1,5,4,5,13,4,4,10,5,5,2,3,2,66,3,10,5,1,7,9,1,10,1,11,77,1,21,121.6165479,25.0687209
114,07,06,08,29,03中山區,中山區長安東路2段153巷與長安東路2段口,0,0,1,1,B03,8,7,5,50,4,1,5,5,4,5,13,4,4,10,5,5,2,17,1,50,3,10,7,1,7,5,1,8,1,8,8,1,21,121.5288771,25.04821104
114,07,06,09,16,07信義區,信義區忠孝東路5段236巷與忠孝東路5段236巷3弄口,0,0,1,1,B03,8,6,5,50,4,1,1,5,4,5,13,4,4,4,4,5,2,17,2,65,3,10,7,1,7,6,1,8,1,2,9,1,21,121.5719838,25.0403937
114,07,06,09,22,09北投區,北投區竹子湖路026燈桿,0,0,1,1,B03,8,6,5,40,12,9,1,5,4,5,13,4,4,4,5,5,1,13,1,59,3,10,7,1,7,10,1,8,1,7,100,1,21,121.5432674,25.1656991
114,07,06,09,28,01大同區,大同區承德路2段與民權西路口,0,0,1,1,C03,8,6,5,50,4,4,1,5,4,5,13,2,1,1,4,5,2,13,1,26,2,9,6,4,7,9,1,10,2,11,16,1,22,121.5179287,25.0628173
114,07,06,10,44,07信義區,信義區信義路6段76巷8弄39號,0,0,1,1,B03,8,6,5,30,14,9,1,5,4,5,13,4,4,10,5,5,2,17,1,42,3,10,7,1,7,1,1,8,2,8,19,1,21,121.5763187,25.0329062
114,07,06,10,45,10文山區,文山區木新路3段95巷與木新路3段95巷4弄口,0,0,1,1,C03,8,6,5,30,3,1,1,5,4,5,13,4,4,10,5,5,2,18,1,66,2,9,6,1,7,9,1,10,9,17,44,1,21,121.5629247,24.9814515
114,07,06,11,12,12內湖區,內湖區內湖路2段與成功路4段30巷口,0,0,1,1,B03,8,7,5,30,3,18,1,5,4,5,13,4,4,5,5,5,2,3,2,46,3,10,7,1,7,5,1,8,1,8,70,1,21,121.5907415,25.0823669
114,07,06,11,25,07信義區,信義區松山路287巷25號,0,0,1,1,C03,8,6,5,30,11,9,1,5,4,5,13,4,4,10,5,5,2,17,1,57,2,8,3,4,7,9,1,10,1,14,44,1,21,121.5804312,25.0429018
114,07,06,11,28,01大同區,大同區赤峰街41巷與赤峰街口,0,0,1,1,C02,8,6,5,30,4,1,1,5,4,5,13,4,4,10,5,5,2,17,1,26,2,9,5,4,7,9,1,9,1,11,72,1,21,121.5199535,25.0547799
114,07,06,11,30,03中山區,中山區民權西路與天祥路口,0,0,1,1,C03,8,7,5,50,4,1,1,5,4,5,13,2,1,7,2,5,2,17,1,19,3,10,5,1,7,9,3,18,1,11,16,1,21,121.5207458,25.0627419
114,07,06,11,33,08士林區,士林區中山北路5段與中山北路5段505巷口,0,0,1,1,B03,8,6,5,50,4,1,1,5,4,5,13,1,1,1,3,5,1,16,1,71,3,10,7,1,7,6,1,8,2,2,9,1,21,121.5278857,25.0936843
114,07,06,11,38,09北投區,北投區磺溪便道3014591號燈桿,0,0,1,1,B03,8,5,5,30,14,9,1,5,4,5,13,4,4,10,5,5,1,17,2,63,3,10,7,1,7,4,1,8,9,5,108,2,21,121.5223906,25.1105932
114,07,06,11,40,10文山區,文山區秀明路1段19巷與秀明路1段79巷5弄口口,0,0,1,1,C03,8,6,5,30,3,1,1,5,4,5,13,4,4,10,5,5,2,16,1,70,2,7,5,1,7,5,1,10,1,12,74,1,21,121.5637614,24.9900026
114,07,06,12,06,10文山區,文山區新光路2段與萬壽橋口,0,0,1,1,B03,8,7,5,50,4,1,1,5,4,5,13,2,1,3,4,5,2,16,1,41,3,10,7,1,7,6,1,8,1,2,17,1,21,121.5711533,24.99171321
114,07,06,12,24,11南港區,南港區南港路2段與興南街口,0,0,2,1,C03,8,6,5,50,3,1,1,5,4,5,13,2,1,4,3,4,1,13,1,29,2,9,3,4,7,9,1,10,1,11,108,1,21,121.597793,25.0540043
114,07,06,12,56,06松山區,松山區三民路與三民路110巷口,0,0,2,1,C03,8,5,5,50,3,1,1,5,4,5,13,1,1,9,4,5,2,12,1,44,2,9,5,1,7,9,1,10,1,11,118,1,22,121.5636111,25.0580894
114,07,06,12,58,05中正區,中正區中華路1段與貴陽街1段口,0,0,2,1,B03,8,7,5,50,4,1,1,5,4,5,13,1,1,1,4,1,2,17,1,50,3,10,7,1,7,6,1,8,1,2,9,1,21,121.5076415,25.0391407
114,07,06,13,21,03中山區,中山區民權東路2段143號,0,0,1,1,C03,8,6,5,50,14,9,1,5,4,5,13,4,4,8,5,5,2,13,1,18,2,7,6,4,7,9,1,10,2,11,16,1,21,121.5354333,25.0625474
114,07,06,13,24,10文山區,文山區興隆路2段244巷與興隆路2段244巷口(26號旁),0,0,1,1,C03,8,6,5,30,3,1,1,5,4,5,13,4,4,5,5,5,2,12,1,40,2,7,6,1,7,1,1,10,1,14,19,1,21,121.5534042,25.0000928
114,07,06,13,32,04大安區,大安區仁愛路3段28-4號,0,0,1,1,C03,8,6,5,50,14,9,1,5,4,5,13,4,4,1,4,5,2,13,1,28,2,9,3,4,7,9,1,9,1,11,16,1,22,121.5366953,25.0377371
114,07,06,13,40,04大安區,大安區基隆路3段155巷57號,0,0,1,1,B01,8,7,5,50,3,2,1,5,4,5,13,4,4,5,4,5,2,17,2,67,3,10,7,1,7,6,1,4,1,5,9,1,21,121.5434716,25.0146681
114,07,06,14,00,05中正區,中正區市民大道3段8號,0,0,1,1,C03,8,6,5,40,14,9,1,5,4,5,13,4,4,1,4,4,1,13,2,35,2,8,5,1,7,9,1,10,2,12,16,1,22,121.53218,25.0454959
114,07,06,14,02,09北投區,北投區紗帽路與紗帽路口第二展望台,0,0,1,1,B02,8,5,6,30,3,2,1,5,4,5,13,4,4,9,4,5,1,17,2,52,3,10,7,1,7,6,1,8,2,8,72,1,21,121.5315028,25.1436895
114,07,06,14,04,10文山區,文山區興隆路3段與興隆路3段229巷口,0,0,2,1,C03,8,6,5,50,3,1,1,5,4,5,13,2,1,1,4,5,2,16,2,49,2,8,6,1,7,11,1,10,1,11,71,1,21,121.5591446,24.9935104
114,07,06,15,04,02萬華區,萬華區康定路與武昌街2段口,0,0,2,1,C03,7,5,5,50,4,1,1,5,4,5,13,1,1,9,4,5,2,17,1,31,2,9,5,1,7,5,6,18,9,12,71,2,21,121.5031862,25.0455859
114,07,06,15,10,12內湖區,內湖區行愛路與新湖三路口,0,0,1,1,B03,7,6,5,50,4,1,1,5,4,5,13,2,1,5,4,5,2,3,1,74,3,10,7,1,7,5,1,8,1,1,70,1,22,121.5794344,25.0648885
114,07,06,15,28,10文山區,文山區辛亥路7段與忠順街1段口口,0,0,2,1,B03,7,6,5,50,3,1,1,4,4,5,13,2,1,5,4,4,1,16,1,44,3,10,7,1,7,8,1,8,1,15,100,1,21,121.554043,24.9834657
114,07,06,15,59,02萬華區,萬華區昆明街與開封街2段口,0,0,1,1,H01,7,6,5,50,4,2,1,5,4,5,13,2,1,10,4,5,2,3,2,43,2,9,4,5,8,16,8,20,10,16,123,1,22,121.5058152,25.0468615
114,07,06,16,05,01大同區,大同區延平北路2段227號,0,0,2,1,C03,8,5,5,50,14,9,1,5,4,5,13,4,4,5,5,5,1,16,1,52,3,10,5,1,7,11,1,10,1,13,10,1,21,121.5114011,25.0603464
114,07,06,16,33,07信義區,信義區信義路6段47號,0,0,1,1,B12,7,5,5,50,14,9,1,4,4,5,13,4,4,8,5,5,1,17,1,64,3,10,7,1,7,14,1,8,1,4,40,1,21,121.5765067,25.0350855
114,07,06,16,38,06松山區,松山區民生東路5段69巷4弄19號,0,0,2,1,H01,7,5,5,0,14,9,1,5,4,5,13,4,4,10,5,5,2,3,2,34,2,9,4,5,8,16,8,20,10,16,121,1,21,121.5594614,25.05998838
114,07,06,16,40,11南港區,南港區市民大道8段與研究院路1段口,0,0,1,1,B03,6,6,5,50,4,2,1,4,4,5,13,1,1,1,4,5,2,16,1,41,3,10,3,1,7,5,1,8,1,5,17,1,21,121.6166383,25.0545609
114,07,06,16,50,02萬華區,萬華區長順街與堤外便道口,0,0,3,1,C03,8,5,5,40,14,9,1,5,4,5,13,4,4,10,5,5,2,17,1,22,2,7,6,1,7,1,1,10,1,14,19,1,21,121.4883615,25.03209803
114,07,06,17,30,03中山區,中山區八德路2段與八德路2段88巷口,0,0,3,1,B03,7,7,5,50,3,2,1,5,4,5,13,4,4,9,4,5,2,16,1,32,3,10,7,1,7,6,1,8,1,2,9,1,21,121.5357672,25.04574675
114,07,06,17,41,06松山區,松山區八德路2段與八德路2段410巷口,0,0,1,1,B02,6,5,5,50,4,1,1,4,4,5,13,2,1,4,3,5,2,16,1,47,3,10,3,4,7,5,1,8,1,6,80,1,22,121.5468435,25.0481611
114,07,06,18,00,01大同區,大同區重慶北路1段與長安西路口,0,0,1,1,B01,7,5,5,50,4,1,1,4,4,5,13,2,1,9,4,5,2,17,1,49,3,10,7,1,7,5,1,4,9,17,71,1,21,121.513898,25.0515841
114,07,06,18,12,10文山區,文山區辛亥路5段與辛亥路5段73巷口,0,0,2,1,B02,7,6,5,50,3,1,1,4,4,5,13,2,1,1,4,5,2,17,1,22,3,10,3,4,7,7,1,8,11,17,100,2,22,121.5531882,24.9982992
114,07,06,19,20,08士林區,士林區文昌路與文昌路155巷口,0,0,1,1,B03,8,5,5,50,4,2,1,5,4,5,13,4,4,10,5,5,2,15,1,69,3,10,7,1,7,9,6,4,1,1,72,1,21,121.5204592,25.09768628
114,07,06,20,22,06松山區,松山區北寧路32巷與北寧路口,0,0,2,1,F01,7,5,5,30,3,1,1,5,4,5,13,4,4,5,4,4,2,15,1,19,2,9,5,1,7,1,8,20,1,13,42,1,21,121.5526717,25.0493129
114,07,06,20,28,05中正區,中正區北平東路1號,0,0,1,1,B01,7,5,5,40,14,8,1,5,4,5,13,4,4,5,4,4,2,13,1,62,3,10,7,4,7,9,1,2,1,5,108,1,21,121.5086711,25.05147007
114,07,06,20,46,09北投區,北投區光明路與大業路口,0,0,1,1,B02,7,5,5,50,5,18,1,5,4,5,13,2,1,1,4,1,2,3,1,53,3,10,7,1,7,9,1,8,1,1,70,1,21,121.5033475,25.1372661
114,07,06,21,20,03中山區,中山區敬業四路與植福路口,0,0,1,1,B02,7,5,5,50,4,2,1,5,4,5,13,1,1,5,5,5,2,13,1,42,3,10,7,1,7,1,1,4,1,8,19,1,22,121.5585737,25.083742
114,07,07,00,01,02萬華區,萬華區環河南路2段與長順街口,0,0,1,1,B03,7,5,5,50,4,1,1,5,4,5,13,2,1,1,4,5,2,16,1,40,3,10,3,4,7,5,1,8,1,5,71,1,22,121.4907391,25.0313986
114,07,07,03,15,09北投區,北投區大業路與三合街2段口,0,0,1,1,B03,7,5,5,50,3,2,1,5,4,5,13,1,1,1,4,5,2,29,1,22,3,10,7,1,7,5,1,8,2,1,42,1,22,121.4984233,25.1255346
114,07,07,07,10,11南港區,南港區南港路1段與經貿二路口,0,0,2,1,C03,7,6,5,50,4,1,1,5,4,5,13,2,1,3,2,5,2,12,2,43,2,8,5,1,7,9,1,10,1,12,44,1,22,121.6166559,25.0552267
114,07,07,07,54,07信義區,信義區信義路5段17號,0,0,1,1,A02,7,6,5,50,14,9,1,5,4,5,13,2,1,8,5,5,2,12,1,57,3,10,3,4,7,9,1,2,1,2,44,1,21,121.5682295,25.033113
114,07,07,07,55,02萬華區,萬華區內江街與雅江街口,0,0,1,1,F01,7,7,5,30,4,1,1,5,4,5,13,4,4,10,5,5,2,15,2,56,2,9,4,1,7,9,8,20,1,11,72,1,21,121.5015867,25.0417332
114,07,07,08,06,10文山區,文山區木新路3段359號,0,0,1,1,C03,7,6,5,50,14,9,1,5,4,5,13,4,4,5,4,5,2,13,1,48,2,9,6,1,7,9,1,10,2,11,108,1,21,121.5554323,24.9803011
114,07,07,08,16,02萬華區,萬華區華江橋機車道往新北市（燈桿：001044）,0,0,3,1,C03,7,5,7,40,14,11,1,5,4,5,13,4,4,1,5,5,2,17,2,35,2,8,5,4,7,9,1,10,1,13,44,1,21,121.4895672,25.0356568
114,07,07,08,29,08士林區,士林區通河東街1段105巷與福港街244巷18弄口,0,0,2,1,C03,7,6,5,30,4,1,1,5,4,5,13,4,4,10,5,5,2,15,2,47,2,9,6,1,7,9,1,10,1,11,72,1,26,121.5167926,25.0852338
114,07,07,08,30,08士林區,士林區福國路與福華路口,0,0,2,1,C03,7,6,5,50,4,2,1,5,4,5,13,4,4,5,5,5,2,3,1,24,2,9,6,1,7,9,1,10,2,11,44,1,22,121.5230358,25.1015471
114,07,07,09,07,04大安區,大安區基隆路4段與羅斯福路4段113巷口,0,0,2,1,B03,6,6,5,50,3,2,1,4,4,5,13,2,1,1,4,4,2,12,1,51,3,10,7,1,7,9,1,8,1,2,17,1,22,121.5376127,25.0114774
114,07,07,09,56,01大同區,大同區長安西路與鄭州路143巷口,0,0,3,1,C03,7,6,5,50,5,1,1,5,4,5,13,4,4,5,4,5,2,17,1,18,2,9,6,1,7,9,3,18,1,14,4,1,21,121.5099849,25.0520255
114,07,07,10,10,09北投區,北投區光明路與溫泉路37巷口,0,0,1,1,B03,6,6,5,50,3,1,1,4,4,5,13,2,1,5,5,5,2,16,2,46,3,10,7,1,7,1,1,8,1,1,19,1,21,121.5024364,25.1343895
114,07,07,10,29,02萬華區,萬華區萬大路295號,0,0,1,1,A02,6,7,5,50,14,9,1,4,4,5,13,2,1,3,4,5,2,9,1,53,3,10,3,4,7,12,1,2,1,17,44,1,21,121.500516,25.0250502
114,07,07,10,30,09北投區,北投區承德路7段342-1號,0,0,1,1,B12,6,5,5,60,14,8,1,4,4,5,13,4,4,1,3,1,2,17,1,30,3,10,7,1,7,9,1,8,1,1,13,1,21,121.5042406,25.1171909
114,07,07,10,55,09北投區,北投區大度路31號,0,0,2,1,C03,6,6,5,50,14,9,1,4,4,5,13,1,1,1,4,5,2,13,1,21,2,8,5,1,7,9,1,10,2,11,76,1,21,121.4967361,25.1210859
114,07,07,11,30,07信義區,信義區基隆路2段155號,0,0,1,1,B03,6,7,5,50,14,9,1,4,4,5,13,1,1,9,4,5,2,13,1,44,3,10,3,4,7,14,1,8,2,7,38,1,21,121.5543719,25.0258652
114,07,07,11,45,03中山區,中山區明水路323號,0,0,1,1,B03,6,6,5,50,14,9,1,4,4,5,13,4,4,1,4,5,2,12,1,50,2,8,7,1,7,9,1,4,2,5,108,1,21,121.5398514,25.0777618
114,07,07,11,50,02萬華區,萬華區青年路與青年路30巷口,0,0,1,1,B11,6,6,5,30,3,1,1,4,4,5,13,1,1,10,5,5,2,17,1,46,3,10,7,1,7,9,1,4,1,1,108,1,21,121.5047867,25.0256046
114,07,07,11,56,07信義區,信義區永吉路502巷與中坡北路15巷口,0,0,1,1,B03,6,6,5,30,4,1,1,4,4,5,13,4,4,10,5,5,2,15,1,50,3,10,7,1,7,9,1,8,2,1,14,1,21,121.5800354,25.0447212
114,07,07,12,32,02萬華區,萬華區昆明街與長沙街2段口,0,0,1,1,C03,6,6,5,50,4,1,1,4,4,5,13,2,1,5,4,5,2,17,1,26,2,9,6,1,7,9,1,10,1,14,42,1,21,121.5043172,25.0402792
114,07,07,12,41,12內湖區,內湖區堤外便道內二疏散門,0,0,1,1,,6,7,5,50,8,9,1,4,4,5,13,4,4,5,5,5,2,12,4,0,,,,,,,,,,,119,2,,121.6180721,25.0658032
114,07,07,13,19,06松山區,松山區市民大道4段與復興南路1段口,0,0,1,1,B03,6,6,5,40,4,1,1,4,4,5,13,2,1,3,4,5,2,17,1,62,3,10,3,4,7,8,1,8,1,17,100,1,22,121.5439853,25.0449684
114,07,07,13,29,04大安區,大安區仁愛路4段與忠孝東路4段216巷口口,0,0,1,1,B01,6,6,5,30,5,1,1,4,4,5,13,2,1,4,3,5,1,17,1,48,3,10,3,4,7,15,1,4,1,4,44,1,21,121.5533475,25.038137