發生年度,發生月,發生日,發生時-Hours,發生分,區序,肇事地點,死亡人數,2-30日死亡人數,受傷人數,當事人序號,車種,天候,光線,道路類別,速限-速度限制,道路型態,事故位置,路面狀況1,路面狀況2,路面狀況3,道路障礙1,道路障礙2,號誌1,號誌2,車道劃分-分向,車道劃分-分道1,車道劃分-分道2,車道劃分-分道3,事故類型及型態,性別,年齡,受傷程度,主要傷處,保護裝置,行動電話,車輛用途,當事者行動狀態,駕駛資格情形,駕駛執照種類,飲酒情形,車輛撞擊部位1,肇因碼-個別,個人肇逃否,職業,座標-X,座標-Y
114,07,17,07,05,08士林區,士林區延平北路7段107巷與堤外便道口,0,0,1,1,C03,8,6,5,30,3,2,1,5,4,5,13,4,4,10,5,5,2,16,2,67,2,9,5,1,7,5,1,10,1,11,74,1,21,121.4942348,25.0957018
114,07,17,07,15,01大同區,大同區承德路3段167號,0,0,2,1,F02,7,7,5,50,14,9,1,5,4,5,13,4,4,1,4,5,2,16,1,72,2,7,5,1,7,7,8,20,1,14,100,1,21,121.518486,25.0690295
114,07,17,07,21,12內湖區,內湖區民權東路6段與民權東路6段413巷口,0,0,1,1,B02,8,7,5,50,3,1,1,5,4,5,13,4,4,1,4,4,2,17,1,55,3,10,7,1,7,7,1,8,1,6,100,1,21,121.6033501,25.0700806
114,07,17,07,21,07信義區,信義區基隆路2段131-15號,0,0,1,1,C03,8,6,5,50,14,9,2,5,4,5,13,4,4,1,4,5,2,13,1,64,3,10,6,4,7,9,1,10,2,11,16,1,22,121.5566345,25.0274048
114,07,17,07,28,04大安區,大安區基隆路3段155巷與基隆路口側附近4段41巷68弄口,0,0,1,1,B03,8,6,5,50,3,1,5,5,4,5,13,4,4,10,5,5,2,17,2,51,3,10,7,1,7,5,1,8,1,6,8,1,21,121.5439984,25.013941
114,07,17,08,06,05中正區,中正區青島東路37號對面,0,0,1,1,B03,7,7,5,50,14,7,1,5,4,5,13,4,4,9,4,4,2,16,1,44,3,10,7,1,7,5,1,8,1,2,8,1,21,121.5258773,25.04284048
114,07,17,08,07,02萬華區,萬華區光復橋（燈桿003029）,0,0,1,1,C03,8,7,5,50,8,9,1,5,4,5,13,4,4,1,5,5,2,13,1,18,2,9,5,1,7,9,1,10,1,11,44,1,21,121.4906394,25.0243735
114,07,17,08,16,04大安區,大安區通化街78號,0,0,1,1,C03,8,6,5,50,14,9,1,5,4,5,13,4,4,5,5,5,2,13,2,56,2,8,5,1,7,9,1,10,1,11,16,1,22,121.5541725,25.0300496
114,07,17,08,17,04大安區,大安區延吉街與光復南路456巷口口,0,0,1,1,B03,8,6,5,50,4,1,1,5,4,5,13,2,1,5,5,5,2,3,1,69,3,10,7,1,7,6,1,8,1,2,70,1,22,121.5560851,25.0351174
114,07,17,08,19,09北投區,北投區東華街1段與建民路口,0,0,2,1,C03,8,7,5,50,3,2,1,5,4,5,13,4,4,10,4,5,2,13,2,27,2,9,5,1,7,9,1,10,1,11,118,1,21,121.5188314,25.1101218
114,07,17,08,21,05中正區,中正區杭州南路1段與仁愛路1段口,0,0,1,1,C03,8,5,5,50,4,2,1,5,4,5,13,1,1,9,4,5,2,17,1,43,3,10,5,1,7,5,1,10,2,14,8,1,21,121.5251309,25.0380968
114,07,17,08,29,12內湖區,內湖區內湖路2段41號,0,0,1,1,C03,8,6,5,50,14,9,1,5,4,5,13,4,4,5,5,5,2,17,2,43,3,10,5,1,7,1,1,10,2,17,19,1,21,121.5799236,25.07890971
114,07,17,08,49,04大安區,大安區敦化南路2段與和平東路3段口口,0,0,1,1,B01,8,6,5,50,5,1,1,5,4,5,13,2,1,4,4,5,2,17,1,72,3,10,7,1,7,7,6,18,1,5,100,1,22,121.5489406,25.0247366
114,07,17,09,05,09北投區,北投區中央北路4段與一德街口口,0,0,2,1,C03,8,6,5,50,3,1,1,5,4,1,11,1,1,10,5,5,2,16,1,56,2,9,5,1,7,9,1,10,2,12,44,1,21,121.4688846,25.1284222
114,07,17,09,46,09北投區,北投區大業路157號前,0,0,1,1,B03,8,6,5,50,14,9,1,5,4,5,13,4,4,9,4,5,2,17,1,62,3,10,7,1,7,6,1,10,2,5,9,1,21,121.4986432,25.1248984
114,07,17,09,56,01大同區,大同區保安街與重慶北路2段口,0,0,1,1,C03,7,7,5,50,4,1,1,5,4,5,13,1,1,5,5,5,2,16,2,56,2,8,5,1,7,1,1,10,1,14,19,1,21,121.5135382,25.0592508
114,07,17,10,00,03中山區,中山區德惠街198巷與德惠街口,0,0,1,1,B03,8,7,5,30,4,2,1,5,4,3,10,4,4,10,5,5,2,12,2,65,3,10,7,1,7,9,1,8,1,8,44,1,21,121.5326684,25.06643384
114,07,17,10,18,08士林區,士林區中山北路6段與忠誠路1段口,0,0,1,1,B03,7,6,5,50,5,1,1,5,4,5,13,2,1,1,4,5,2,17,1,71,3,10,3,4,7,7,1,8,1,5,100,1,21,121.5247871,25.1038483
114,07,17,11,56,07信義區,信義區基隆路汽機車混合地下道往北,0,0,2,1,C03,8,5,8,30,22,22,1,5,4,5,13,4,4,7,4,5,2,13,1,24,2,7,6,1,7,9,1,10,1,11,16,1,21,121.5643997,25.0415625
114,07,17,12,17,05中正區,中正區市民大道1段迴轉道,0,0,1,1,C03,8,5,5,40,14,6,1,5,4,5,13,4,4,1,4,5,1,17,2,21,4,11,3,4,7,5,1,10,11,15,8,2,21,121.5186631,25.0483303
114,07,17,12,25,02萬華區,萬華區華江橋機慢車專用道往新北0904459桿,0,0,1,1,C03,8,7,7,40,14,11,1,5,4,5,13,4,4,10,5,5,2,13,1,46,2,9,5,1,7,9,1,10,1,11,108,1,21,121.4954365,25.0386066
114,07,17,12,50,07信義區,信義區忠孝東路5段372巷與忠孝東路5段口,0,0,1,1,C03,8,7,5,50,4,1,1,5,4,5,13,1,1,3,4,5,2,11,2,58,2,9,3,4,7,8,1,10,1,14,100,1,21,121.5739542,25.0408328
114,07,17,13,00,01大同區,大同區西寧北路與長安西路口,0,0,1,1,B03,8,5,5,50,14,9,1,5,4,5,13,2,1,9,4,5,1,11,2,31,3,10,3,4,7,15,1,8,1,1,80,1,21,121.5086017,25.0519797
114,07,17,13,03,08士林區,士林區劍潭路12號人行道,0,0,1,1,F01,8,6,5,0,14,20,1,5,4,5,13,4,4,10,5,5,2,1,2,28,2,2,4,1,7,9,8,20,11,14,118,1,21,121.5184804,25.08715416
114,07,17,13,22,12內湖區,內湖區安康路西向東 安康75(電)幹,0,0,1,1,C03,7,6,6,40,14,9,1,5,4,4,13,4,4,9,4,5,1,18,1,54,2,9,5,1,7,9,1,10,1,12,108,1,21,121.6080096,25.064641
114,07,17,14,19,09北投區,北投區崇仁路1段與三合街2段口,0,0,1,1,B03,8,6,5,50,4,1,1,5,4,5,13,2,1,5,5,5,2,16,1,51,3,10,7,1,7,6,1,8,1,2,9,1,21,121.5014986,25.1264085
114,07,17,14,20,04大安區,大安區忠孝東路3段與復興南路1段口,0,0,1,1,B01,7,6,5,50,4,2,1,5,4,5,13,1,1,9,5,5,1,17,1,42,3,10,3,4,7,14,1,4,1,4,40,1,21,121.5433479,25.0417134
114,07,17,14,26,01大同區,大同區環河北路2段235巷與民族西路303巷口,0,0,1,1,C03,8,5,6,30,4,1,1,5,4,5,13,4,4,10,5,5,2,16,2,30,2,9,5,1,7,9,1,10,2,11,72,1,23,121.5105566,25.0702009
114,07,17,14,41,05中正區,中正區信義路1段3號,0,0,1,1,C03,8,6,5,50,14,9,1,5,4,5,13,4,4,1,5,5,1,18,2,45,2,9,6,1,7,1,1,10,1,12,116,1,22,121.5212463,25.0372451
114,07,17,14,41,05中正區,中正區金山南路1段與濟南路2段口,0,0,1,1,B01,6,6,5,50,4,2,1,4,4,5,13,1,1,10,5,5,2,16,1,34,3,10,7,1,7,6,1,4,11,2,9,2,21,121.5292673,25.0407261
114,07,17,14,42,08士林區,士林區承德路4段與中正路口,0,0,3,1,C03,8,5,5,30,4,2,1,5,4,5,13,2,1,3,4,4,2,16,1,42,2,9,5,1,7,9,1,10,1,11,13,1,21,121.5170296,25.09064829
114,07,17,14,45,04大安區,大安區仁愛路4段與敦化南路1段口,0,0,1,1,B03,8,7,5,50,14,9,1,5,4,5,13,2,1,10,5,5,2,17,1,67,3,10,7,1,7,9,1,8,1,4,81,1,21,121.5479374,25.037971
114,07,17,14,53,10文山區,文山區木新路3段與木新路3段232巷口,0,0,1,1,C03,6,7,5,50,3,4,1,4,4,5,13,1,1,5,4,5,2,18,2,26,2,9,5,1,7,9,1,10,1,11,42,1,21,121.5591833,24.9813913
114,07,17,15,04,08士林區,士林區中正路248號,0,0,1,1,C03,7,7,5,50,14,9,1,5,4,5,13,1,1,1,1,5,1,12,1,62,2,9,5,1,7,7,1,10,1,14,80,1,21,121.5247302,25.09504618
114,07,17,15,05,05中正區,中正區金山南路1段與仁愛路2段口,0,0,1,1,C03,7,7,5,50,4,1,1,5,4,5,13,1,1,1,4,1,2,15,2,58,2,9,5,1,7,9,1,10,1,13,81,1,21,121.5284159,25.03811558
114,07,17,15,07,04大安區,大安區光復南路116巷26號,0,0,2,1,C03,7,6,5,30,14,9,1,5,4,5,13,4,4,1,5,5,2,17,1,68,2,9,5,1,7,5,1,10,1,12,80,1,22,121.5562233,25.0430112
114,07,17,15,09,06松山區,松山區南京東路5段與光復北路口,0,0,1,1,B11,8,6,5,50,4,1,1,5,4,5,13,1,1,8,3,4,1,16,1,42,3,10,3,1,7,6,1,4,1,4,17,1,21,121.5582604,25.0516311
114,07,17,16,52,12內湖區,內湖區文德路90巷與文德路66巷11弄口口,0,0,2,1,C03,8,7,5,30,4,1,1,5,4,5,13,4,4,10,5,5,2,15,1,19,2,7,5,1,7,9,1,10,1,11,72,1,21,121.5824708,25.0779845
114,07,17,16,55,04大安區,大安區羅斯福路5段10號對面(往北),0,0,1,1,C03,7,6,5,50,14,9,1,5,4,5,13,4,4,5,4,5,2,13,1,33,2,8,5,1,7,7,6,18,1,11,100,1,22,121.5375843,25.0095363
114,07,17,17,02,03中山區,中山區長春路131號,0,0,2,1,C03,7,5,5,50,14,8,1,5,4,5,13,4,4,9,4,4,2,16,1,66,2,7,3,4,7,5,1,10,1,12,8,1,22,121.5305844,25.05487012
114,07,17,17,10,12內湖區,內湖區東湖路43巷26弄與東湖路113巷95弄口口,0,0,2,1,B03,8,6,5,30,3,1,1,5,4,5,13,4,4,10,5,5,2,16,1,67,3,10,7,1,7,6,1,8,1,8,72,1,21,121.6140524,25.0700119
114,07,17,17,18,04大安區,大安區市民大道3段與安東街口,0,0,2,1,C03,8,6,5,40,4,2,1,5,4,5,13,1,1,5,5,5,2,17,1,24,3,10,6,1,7,6,1,10,1,13,9,1,21,121.5424154,25.0445496
114,07,17,17,20,05中正區,中正區愛國東路48號對面,0,0,2,1,C03,7,5,5,50,14,9,1,5,4,5,13,1,1,1,4,1,2,12,1,53,2,8,5,1,7,9,1,10,2,14,44,1,21,121.5184471,25.03429314
114,07,17,17,30,03中山區,中山區八德路2段210巷與八德路2段口,0,0,1,1,B03,8,6,5,50,4,1,1,5,4,5,13,1,1,5,4,5,2,16,1,54,3,10,3,4,7,5,1,8,1,2,98,1,22,121.5392356,25.0464667
114,07,17,18,07,10文山區,文山區木新路3段50巷與木新路3段50巷7弄口,0,0,1,1,B03,8,5,5,50,4,1,1,5,4,5,13,4,4,10,5,5,1,15,1,53,3,10,7,1,7,9,1,8,1,1,72,1,22,121.564048,24.9830241
114,07,17,18,10,08士林區,士林區堤外便道與無名巷口(社子風箏公園旁),0,0,1,1,B03,8,6,5,40,3,1,1,5,4,5,13,4,4,5,4,5,2,17,1,53,3,10,3,4,7,8,1,8,2,5,100,1,21,121.5027527,25.0939541
114,07,17,18,11,11南港區,南港區忠孝東路6段與昆陽街口,0,0,1,1,A05,8,6,5,50,4,2,1,5,4,5,13,1,1,3,4,5,2,17,1,51,3,10,3,4,7,8,1,1,1,4,100,1,21,121.5938297,25.0504046
114,07,17,18,33,05中正區,中正區林森南路6號,0,0,1,1,B03,8,6,5,50,14,9,1,5,4,5,13,4,4,9,4,5,2,16,1,30,3,10,2,1,7,1,1,8,2,8,19,1,21,121.5228361,25.0431763
114,07,17,18,58,01大同區,大同區民生西路178巷與民生西路口,0,0,1,1,C03,8,5,5,30,5,1,1,5,4,5,13,4,4,10,5,5,2,17,1,49,4,11,3,4,7,21,1,10,11,15,42,2,21,121.5174683,25.057157
114,07,17,19,20,06松山區,松山區八德路4段650號,0,0,2,1,G06,8,5,8,50,22,22,4,5,4,5,13,4,4,10,5,5,2,9,1,59,2,3,4,1,7,15,8,20,1,16,108,1,22,121.5750446,25.04995254
114,07,17,19,22,10文山區,文山區木新路2段與木新路2段218巷口,0,0,2,1,F01,7,5,5,50,3,2,1,5,4,5,13,4,4,5,4,4,2,17,2,66,2,1,4,4,7,1,8,20,1,12,19,1,22,121.5673465,24.9835114
114,07,17,19,37,04大安區,大安區和平東路2段175巷與和平東路2段175巷15弄口,0,0,1,1,C03,8,5,5,30,14,9,1,5,4,5,13,4,4,10,5,5,2,12,1,29,2,9,6,1,7,9,1,10,1,14,108,1,21,121.5417526,25.0262028
114,07,17,20,29,04大安區,大安區基隆路2段132巷,0,0,1,1,C03,7,5,5,50,14,9,1,5,4,5,13,4,4,1,4,5,2,16,1,28,3,10,5,1,7,8,1,10,1,14,100,1,21,121.5569468,25.0287714
114,07,17,21,17,04大安區,大安區敦化南路2段與四維路170巷口,0,0,1,1,C02,8,5,5,50,4,2,1,5,4,5,13,2,1,1,4,5,2,16,1,20,3,10,6,1,7,11,7,19,1,17,10,1,21,121.5485295,25.0281693
114,07,17,21,37,03中山區,中山區林森北路479號,0,0,1,1,B03,7,5,5,50,14,9,1,5,4,5,13,4,4,8,5,5,1,12,1,53,3,10,3,4,7,11,6,4,1,8,10,1,21,121.5255846,25.0610944
114,07,17,22,13,11南港區,南港區研究院路1段與南港路1段口,0,0,2,1,C03,7,5,5,50,4,2,1,5,4,5,13,2,1,1,4,5,2,15,2,36,2,9,6,1,7,9,1,10,1,12,85,1,21,121.6167995,25.0551554
114,07,17,22,32,10文山區,文山區木柵路1段325號,0,0,2,1,C03,7,5,8,50,22,22,1,5,4,5,13,3,1,10,5,5,2,3,1,30,2,9,3,4,7,9,1,10,2,11,70,1,22,121.5562812,24.9884562
114,07,18,06,30,09北投區,北投區中央北路4段與中央北路4段30巷口口,0,0,1,1,B03,8,6,5,50,3,1,1,5,4,5,13,1,1,10,5,5,2,16,2,80,3,10,7,1,7,6,1,8,1,2,9,1,21,121.4782229,25.1351655
114,07,18,06,57,12內湖區,內湖區堤外便道與無名巷口內二疏散門,0,0,1,1,C03,8,7,5,50,4,1,1,5,4,5,13,1,1,5,5,5,2,12,1,72,2,9,5,1,7,9,1,10,1,14,17,1,21,121.6177995,25.0657827
114,07,18,07,41,06松山區,松山區南京東路3段與敦化北路口口,0,0,3,1,B03,8,6,5,40,3,2,1,5,4,5,13,2,1,1,3,4,2,17,1,50,3,10,7,1,7,1,1,8,1,17,19,1,22,121.5487017,25.0512693
114,07,18,07,49,12內湖區,內湖區成功交流道,0,0,1,1,C03,8,7,5,50,18,9,1,5,4,5,13,1,1,1,3,5,2,13,1,21,3,10,6,1,7,9,1,10,1,12,16,1,21,121.5902258,25.0646468
114,07,18,07,55,03中山區,中山區北安路與大直街口,0,0,1,1,B03,8,7,5,50,4,1,1,5,4,5,13,1,1,1,4,5,2,12,1,54,3,10,7,1,7,15,1,8,1,7,99,1,21,121.5483025,25.08065054
114,07,18,08,00,11南港區,南港區研究院路1段與研究院路1段101巷口,0,0,1,1,B03,8,6,5,50,4,2,1,5,4,4,12,2,1,1,4,5,2,15,1,41,3,10,3,4,7,9,1,8,1,1,85,1,21,121.6160128,25.0518984
114,07,18,08,10,06松山區,松山區民權東路3段103巷與復興北路427巷口,0,0,2,1,C03,8,6,5,30,4,1,1,5,4,5,13,4,4,10,5,5,2,15,1,38,2,7,6,1,7,9,1,10,1,11,75,1,22,121.5449879,25.06335665
114,07,18,08,16,02萬華區,萬華區環河南路1段與成都路口,0,0,1,1,B03,8,6,5,50,3,1,1,5,4,5,13,3,1,8,3,5,1,17,1,42,3,10,7,1,7,5,1,8,1,5,71,1,21,121.5008503,25.043923
114,07,18,08,25,04大安區,大安區光復南路與光復南路口側附近628巷口,0,0,2,1,C03,8,6,5,30,3,2,1,5,4,5,13,4,4,1,4,4,2,17,2,42,2,8,5,1,7,6,1,10,1,14,73,1,22,121.5573914,25.0315842
114,07,18,08,32,08士林區,士林區雨農路與福志路口,0,0,1,1,C03,8,5,5,50,4,1,1,5,4,5,13,2,1,5,4,5,1,17,1,18,2,9,6,1,7,5,1,10,1,12,83,1,21,121.5324515,25.0984272
114,07,18,08,40,10文山區,文山區木新路3段172巷與木新路3段172巷2弄口口,0,0,1,1,B01,8,5,5,30,4,1,1,5,4,5,13,4,4,10,5,5,1,15,1,63,3,10,7,1,7,9,1,8,1,8,72,1,22,121.5605921,24.9822577
114,07,18,08,51,05中正區,中正區福州街15號對面,0,0,1,1,F01,8,7,5,50,14,9,1,5,4,5,13,4,4,9,5,5,2,17,2,73,3,10,4,1,7,7,8,20,9,17,42,1,22,121.5167945,25.0277187
114,07,18,08,51,09北投區,北投區中央北路1段與大業路口口,0,0,3,1,C03,8,6,5,50,4,1,1,5,4,5,13,1,1,10,5,5,2,16,1,65,2,9,5,1,7,5,1,10,1,14,8,1,21,121.4972009,25.1360199
114,07,18,08,55,09北投區,北投區育仁路與育仁路49巷口,0,0,2,1,C03,8,6,5,30,3,2,1,5,4,5,13,4,4,10,5,5,2,16,2,26,2,6,5,1,7,5,1,10,2,11,74,1,21,121.4980845,25.1335197
114,07,18,08,57,02萬華區,萬華區青年路與西藏路125巷口,0,0,2,1,B03,8,6,5,30,3,1,1,5,4,5,13,2,1,5,5,5,2,17,1,46,3,10,7,1,7,11,1,8,1,5,10,1,21,121.5038052,25.0252115
114,07,18,09,02,12內湖區,內湖區文湖街與內湖路1段91巷口,0,0,2,1,B03,8,6,5,50,4,2,1,5,4,5,13,2,1,5,5,5,2,17,1,29,2,4,7,1,7,11,1,8,2,4,10,1,21,121.5631429,25.08661605
114,07,18,09,22,04大安區,大安區建國南路1段與迴轉道口,0,0,1,1,C03,8,6,5,50,3,2,1,5,4,5,13,4,4,1,4,5,2,16,2,49,3,10,5,1,7,10,1,10,1,14,100,1,21,121.5375282,25.0398723
114,07,18,09,33,08士林區,士林區承德路5段與士商路口,0,0,1,1,B03,8,5,5,40,4,1,1,5,4,5,13,2,1,1,4,5,1,17,1,34,3,10,7,1,7,6,1,8,2,2,9,1,21,121.5142506,25.0960052
114,07,18,09,40,09北投區,北投區自強街與自強街46巷口口,0,0,1,1,B12,8,6,5,30,3,1,1,5,4,5,13,4,4,10,5,5,2,16,1,40,3,10,7,1,7,1,1,4,2,4,19,1,21,121.5134551,25.1103587
114,07,18,09,59,08士林區,士林區士商路與基河路300巷口,0,0,1,1,C03,8,5,5,50,3,2,1,5,4,5,13,4,4,5,4,5,2,16,1,82,2,9,6,1,7,5,1,10,1,12,72,1,21,121.5181548,25.0930251
114,07,18,10,05,03中山區,中山區遼寧街與南京東路3段194巷口,0,0,2,1,C03,8,7,5,30,4,1,1,5,4,5,13,4,4,10,5,5,2,15,1,27,2,9,6,1,7,9,1,10,1,11,72,1,21,121.5417862,25.05090998
114,07,18,10,18,03中山區,中山區復興北路與民生東路3段口,0,0,1,1,B03,8,7,5,50,4,2,1,5,4,5,13,2,1,1,4,5,2,12,1,42,3,10,7,1,7,7,1,1,1,4,100,1,21,121.5440848,25.0578552
114,07,18,10,18,08士林區,士林區環河北路3段（16車格）旁,0,0,1,1,C03,8,6,5,50,14,9,1,5,4,5,13,4,4,1,4,5,1,17,1,63,3,10,6,1,7,7,1,10,1,12,100,1,21,121.5020325,25.0898732
114,07,18,10,30,02萬華區,萬華區環河南路1段與漢口街2段口,0,0,1,1,B02,8,6,5,40,3,1,1,5,4,5,13,3,1,9,4,5,2,17,1,42,3,10,7,1,7,5,1,8,1,17,71,1,21,121.5036483,25.0464715
114,07,18,10,35,03中山區,中山區中山北路2段16號,0,0,2,1,A02,7,6,5,50,14,8,1,5,4,5,13,4,4,5,4,3,2,9,1,46,3,10,7,1,7,12,1,2,1,17,14,1,21,121.5224767,25.0531532
114,07,18,10,37,07信義區,信義區松壽路2號,0,0,1,1,B12,8,6,5,50,14,9,1,5,4,5,13,4,4,4,3,4,2,17,1,34,3,10,7,1,7,6,1,8,1,2,9,1,21,121.5618878,25.0358478
114,07,18,10,42,04大安區,大安區羅斯福路2段與和平東路1段口,0,0,1,1,C03,8,6,5,50,4,1,1,5,4,5,13,2,1,9,4,5,1,12,1,65,3,10,5,1,7,9,1,10,1,14,44,1,21,121.5225297,25.0270983
114,07,18,11,20,08士林區,士林區承德路5段與士商路口,0,0,1,1,B03,8,6,5,40,4,1,1,5,4,5,13,2,1,1,4,4,2,16,1,46,3,10,7,1,7,6,1,5,1,5,9,1,21,121.5142329,25.0960424
114,07,18,11,30,08士林區,士林區至善路1段與至善路1段138巷口對面,0,0,1,1,C03,7,6,5,40,3,4,1,5,4,5,13,1,1,1,4,4,1,13,1,30,2,9,6,1,7,9,1,10,1,11,16,1,22,121.5400595,25.0975006
114,07,18,11,47,07信義區,信義區莊敬路246號,0,0,1,1,C03,8,7,5,0,14,20,5,5,4,5,13,4,4,10,5,5,2,9,2,32,3,10,3,4,7,15,1,10,1,12,116,1,21,121.5623695,25.0293951
114,07,18,12,07,04大安區,大安區和平東路3段99號,0,0,1,1,C04,8,5,5,50,14,9,1,5,4,5,13,4,4,1,4,5,2,12,2,43,2,9,6,1,7,7,1,10,1,14,100,1,21,121.5509052,25.0245171
114,07,18,12,14,12內湖區,內湖區康樂街61巷與康樂街85巷口,0,0,1,1,C03,8,6,5,30,4,2,1,5,4,5,13,4,4,10,5,5,2,17,1,60,2,9,6,1,7,5,1,10,2,13,74,1,21,121.6194348,25.0695665
114,07,18,12,15,01大同區,大同區鄭州路與西寧北路口,0,0,1,1,B03,7,7,5,40,4,1,1,5,4,5,13,1,1,1,4,5,2,16,1,42,3,10,7,1,7,9,1,8,1,5,99,1,21,121.5081229,25.0505952
114,07,18,12,18,01大同區,大同區承德路1段70號,0,0,1,1,C03,8,6,5,50,14,9,1,5,4,5,13,4,4,1,4,5,1,12,2,32,2,9,6,4,7,7,1,10,2,14,100,1,22,121.5173191,25.0521875
114,07,18,12,18,09北投區,北投區湖山路2段?頂橋,0,0,1,1,A02,8,6,8,40,11,9,1,5,4,5,13,4,4,5,2,5,2,10,1,46,3,10,7,1,7,9,1,2,2,1,5,1,21,121.5355951,25.1605588
114,07,18,12,19,09北投區,北投區大度路3段與中央北路4段口,0,0,1,1,B03,8,6,5,50,4,2,1,5,4,5,13,2,1,1,4,5,2,16,2,43,3,10,7,1,7,6,1,8,2,5,9,1,21,121.4645752,25.1238749
114,07,18,12,23,03中山區,中山區錦西街與天祥路口,0,0,1,1,C03,8,7,5,50,3,2,1,5,4,5,13,4,4,10,5,5,2,12,2,45,2,8,6,1,7,10,1,10,1,14,100,1,21,121.5210092,25.06031549
114,07,18,12,40,04大安區,大安區忠孝東路4段與敦化南路1段口,0,0,1,1,B03,8,6,5,50,4,1,1,5,4,5,13,2,1,9,4,5,1,16,2,32,3,10,3,4,7,6,1,8,11,6,9,2,21,121.5488174,25.0414049
114,07,18,12,50,09北投區,北投區中央北路4段與一德街口,0,0,1,1,B03,8,6,5,50,3,1,1,5,4,5,13,2,1,4,4,5,2,16,1,41,3,10,7,1,7,11,1,8,2,4,71,1,21,121.4688099,25.1283871
114,07,18,13,16,07信義區,信義區吳興街207號,0,0,1,1,B03,8,7,8,30,14,9,1,5,4,5,13,4,4,9,5,5,2,2,1,53,3,10,3,4,7,8,1,8,1,5,108,1,21,121.5628199,25.0281516
114,07,18,13,25,08士林區,北投區建民路116巷與建民路129巷口,0,0,1,1,B12,8,6,5,30,4,1,1,5,4,5,13,4,4,10,5,5,2,15,1,35,3,10,7,1,7,9,1,8,2,5,75,1,21,121.5177189,25.1099663
114,07,18,13,28,04大安區,大安區辛亥路3段與復興南路2段口,0,0,1,1,B12,8,6,5,50,4,1,1,5,4,5,13,2,1,1,4,5,1,17,1,56,3,10,3,4,7,6,1,8,11,5,9,1,28,121.5434334,25.021611
114,07,18,13,30,08士林區,士林區中山北路7段114巷與中山北路7段114巷36弄口,0,0,2,1,C03,8,6,5,30,5,2,1,5,4,5,13,4,4,10,5,5,2,18,1,69,2,9,6,1,7,12,1,10,9,14,42,1,22,121.533786,25.1229406
114,07,18,13,35,08士林區,士林區福林路與雨農路口,0,0,2,1,C03,7,6,5,50,5,1,1,5,4,5,13,2,1,5,4,5,2,17,1,28,2,9,3,4,7,5,1,10,1,12,44,1,21,121.5321585,25.0966742
114,07,18,14,00,08士林區,士林區忠義街與雨聲街口,0,0,1,1,C03,7,6,5,50,3,1,1,5,4,5,13,2,1,5,5,5,2,17,1,66,3,10,3,4,7,5,1,10,1,12,8,1,21,121.531089,25.1056508
114,07,18,14,29,07信義區,信義區松智路9巷口側附近,0,0,1,1,C03,7,6,5,50,14,7,1,5,4,5,13,4,4,4,3,4,2,12,2,43,2,9,6,1,7,11,1,10,1,14,98,1,21,121.5655122,25.0378675
114,07,18,14,30,09北投區,北投區陽明路1段33-10號,0,0,2,1,C03,8,6,8,30,12,9,1,5,4,5,13,4,4,10,5,5,2,11,2,70,2,9,5,1,7,1,1,10,1,11,44,1,21,121.5487353,25.148364
114,07,18,14,33,07信義區,信義區基隆路1段與松壽路口側附近口,0,0,1,1,B12,6,7,5,50,5,2,1,4,4,5,13,1,1,5,4,5,2,16,1,53,3,10,3,4,7,5,1,8,2,4,8,1,21,121.5614113,25.0358691
114,07,18,14,40,07信義區,信義區吳興街與吳興街365巷口,0,0,1,1,C03,6,6,5,50,4,1,1,4,4,5,13,4,4,9,4,5,2,18,2,22,2,9,6,1,7,9,1,10,1,14,44,1,21,121.5666952,25.0254795
114,07,18,14,50,04大安區,大安區安和路2段62號,0,0,1,1,C03,8,6,5,50,14,9,1,5,4,5,13,4,4,1,4,5,2,23,1,31,2,9,5,1,7,9,1,10,1,14,42,1,21,121.5522661,25.0303621
114,07,18,15,02,10文山區,文山區指南路3段B7226燈桿,0,0,1,1,C03,7,6,5,30,14,9,1,5,4,5,13,4,4,10,5,5,1,11,1,72,2,9,6,1,7,9,1,10,2,14,17,1,21,121.5842741,24.97093238
114,07,18,16,05,03中山區,中山區八德路2段與渭水路口,0,0,3,1,C04,7,7,5,50,3,1,1,5,4,5,13,1,1,9,4,5,2,16,2,40,2,1,5,1,7,5,6,10,1,11,71,1,21,121.5353964,25.04562597
114,07,18,16,28,10文山區,文山區辛亥路4段與興德路66巷口,0,0,2,1,C03,7,6,5,50,3,1,1,5,4,5,13,2,1,1,4,5,2,13,2,21,2,9,5,1,7,9,1,10,2,11,16,1,25,121.5567666,25.0044945
114,07,18,17,14,05中正區,中正區三元街與汀州路1段口,0,0,1,1,B03,7,7,5,50,4,1,1,5,4,5,13,1,1,1,4,5,2,17,1,61,3,10,7,1,7,5,1,8,1,2,71,1,22,121.5073193,25.0305788
114,07,18,17,14,06松山區,松山區五常街370號與五常街口,0,0,3,1,C03,8,6,5,30,3,1,1,5,4,5,13,4,4,8,3,5,1,16,1,53,2,9,3,1,7,5,1,10,1,14,8,1,21,121.5453207,25.0643475
114,07,18,17,15,09北投區,北投區東華街2段180號,0,0,1,1,B03,7,5,5,50,14,9,1,5,4,5,13,4,4,9,5,5,2,13,2,63,3,10,3,4,7,9,1,8,1,1,16,1,22,121.5112435,25.1200099