發生年度,發生月,發生日,發生時-Hours,發生分,區序,肇事地點,死亡人數,2-30日死亡人數,受傷人數,當事人序號,車種,天候,光線,道路類別,速限-速度限制,道路型態,事故位置,路面狀況1,路面狀況2,路面狀況3,道路障礙1,道路障礙2,號誌1,號誌2,車道劃分-分向,車道劃分-分道1,車道劃分-分道2,車道劃分-分道3,事故類型及型態,性別,年齡,受傷程度,主要傷處,保護裝置,行動電話,車輛用途,當事者行動狀態,駕駛資格情形,駕駛執照種類,飲酒情形,車輛撞擊部位1,肇因碼-個別,個人肇逃否,職業,座標-X,座標-Y
114,07,18,17,25,06松山區,松山區市民大道4段61號,0,0,1,1,C03,8,6,5,40,14,9,1,5,4,5,13,4,4,3,4,5,2,13,1,65,2,8,6,4,7,9,1,10,1,11,108,1,22,121.5464583,25.0452034
114,07,18,17,30,07信義區,信義區信義路5段與松勇路口,0,0,1,1,B03,7,7,5,50,3,1,1,5,4,5,13,4,4,1,4,5,2,17,2,48,3,10,3,4,7,6,1,8,1,2,9,1,21,121.5697445,25.032944
114,07,18,17,40,01大同區,大同區鄭州路與西寧北路口,0,0,1,1,C03,8,5,5,40,4,1,1,5,4,5,13,2,1,8,3,5,2,16,2,63,2,7,6,1,7,5,1,10,1,14,8,1,21,121.5081507,25.0505817
114,07,18,17,40,06松山區,松山區八德路4段257號,0,0,1,1,B03,8,6,5,50,14,9,1,5,4,5,13,1,1,8,3,5,1,16,2,39,3,10,3,1,7,9,1,8,1,2,108,2,21,121.5651163,25.0489809
114,07,18,17,49,03中山區,中山區南京東路2段與新生北路2段口,0,0,1,1,B03,7,6,5,40,14,8,1,5,4,5,13,2,1,1,5,4,1,13,2,60,3,10,3,4,7,9,1,8,1,1,16,1,21,121.5280528,25.0522008
114,07,18,17,54,01大同區,大同區延平北路3段與民族西路口,0,0,2,1,C03,7,6,5,50,5,1,1,5,4,5,13,2,1,5,2,5,2,17,1,30,2,7,5,4,7,5,1,10,1,12,80,1,21,121.5107569,25.0681332
114,07,18,18,00,03中山區,中山區北安路與崇實路口,0,0,1,1,C03,7,7,5,50,4,1,1,5,4,5,13,1,1,1,4,5,2,12,1,57,2,9,5,1,7,5,1,10,1,14,8,1,21,121.5443376,25.0794588
114,07,18,18,38,06松山區,松山區復興北路地下道北往南機車慢行牌面,0,0,2,1,C03,8,5,5,40,14,9,1,5,4,5,13,4,4,7,4,5,2,13,2,22,2,7,6,1,7,9,1,10,1,11,16,1,21,121.5442508,25.07034353
114,07,18,18,40,04大安區,大安區敦化南路1段187巷與忠孝東路4段205巷口,0,0,2,1,C03,7,6,5,30,4,1,1,5,4,5,13,4,4,1,5,5,2,15,1,36,2,9,5,1,7,9,1,10,1,11,75,1,21,121.5519305,25.0425573
114,07,18,18,55,07信義區,信義區忠孝東路4段508號,0,0,1,1,C03,7,5,5,50,14,9,1,5,4,5,13,4,4,1,4,5,2,9,2,49,3,10,3,4,7,9,1,10,1,15,108,1,22,121.5620535,25.0411007
114,07,18,19,00,12內湖區,內湖區瑞湖街與民權東路6段15巷口,0,0,1,1,B03,7,5,5,50,4,1,1,5,4,5,13,1,1,5,5,5,2,16,1,27,3,10,7,1,7,5,1,8,1,8,8,1,21,121.5765106,25.0691036
114,07,18,19,03,04大安區,大安區辛亥路3段與辛亥路3段157巷口,0,0,1,1,B12,7,5,5,50,4,1,1,5,4,5,13,1,1,9,4,5,1,16,1,52,3,10,3,4,7,6,6,8,1,6,98,1,21,121.5491591,25.0170546
114,07,18,19,05,07信義區,信義區忠孝東路5段與忠孝東路5段524巷口,0,0,1,1,B03,8,5,5,50,4,2,1,5,3,5,13,2,1,1,4,5,2,17,1,57,3,10,7,1,7,5,1,8,1,2,71,1,22,121.5792249,25.0414691
114,07,18,19,20,03中山區,中山區南京東路1段與南京東路1段口林森公園停車場出入口,0,0,1,1,C03,8,5,5,40,3,1,1,5,4,5,13,4,4,1,4,4,1,16,2,31,2,8,5,1,7,9,1,10,1,13,13,1,21,121.5262659,25.05220306
114,07,18,20,05,02萬華區,萬華區環河南路2段250巷與環河南路2段250巷3弄口,0,0,1,1,B03,7,6,5,30,3,2,1,5,4,5,13,4,4,10,5,5,1,17,1,25,3,10,3,4,7,5,1,8,1,8,8,1,22,121.4918525,25.0331493
114,07,18,20,18,04大安區,大安區和平東路3段15號,0,0,2,1,C03,8,5,5,50,14,9,1,5,4,5,13,4,4,8,3,5,2,17,1,42,2,7,3,4,7,7,1,10,1,14,100,1,21,121.5480397,25.0246763
114,07,18,20,24,03中山區,中山區民權東路2段71巷與吉林路299巷口,0,0,1,1,B13,7,5,5,30,4,1,1,5,4,5,13,4,4,9,4,5,2,17,1,32,3,10,7,1,7,9,1,8,1,4,72,1,21,121.5316557,25.0631001
114,07,18,20,58,02萬華區,萬華區萬大路與萬大路237巷口,0,0,2,1,C03,8,5,5,30,4,1,4,5,4,5,13,1,1,9,4,5,2,17,2,34,3,10,5,4,7,15,1,10,1,13,8,1,21,121.5005185,25.02634439
114,07,18,21,04,02萬華區,萬華區富民路與堤外便道口,0,0,1,1,B03,7,5,5,30,3,1,1,5,4,5,13,4,4,10,5,5,2,17,2,71,3,10,7,1,7,5,1,8,1,1,72,1,21,121.5006115,25.0172735
114,07,18,21,20,02萬華區,萬華區康定路與和平西路3段口,0,0,2,1,C03,7,6,5,50,4,2,1,5,4,5,13,2,1,1,4,4,1,17,1,47,2,8,3,4,7,5,6,18,1,11,83,1,22,121.5012133,25.0351389
114,07,18,21,40,05中正區,中正區市民大道1段與承德路1段口,0,0,1,1,C03,7,5,5,50,4,1,1,4,4,5,13,1,1,1,4,5,2,17,1,29,3,10,6,1,7,5,1,10,1,17,8,1,22,121.5163952,25.048729
114,07,18,22,25,03中山區,中山區市民大道3段143號,0,0,1,1,C03,6,5,5,40,14,9,1,4,4,5,13,4,4,1,4,5,2,12,2,34,2,9,5,1,7,9,1,10,2,12,108,1,21,121.5387681,25.0447822
114,07,18,22,40,10文山區,文山區木柵路1段與和興路口,0,0,1,1,B03,6,5,5,50,4,1,1,4,4,5,13,2,1,10,5,5,1,17,1,39,3,10,7,1,7,5,1,8,2,17,71,1,21,121.5459595,24.9867781
114,07,18,23,10,02萬華區,萬華區艋舺大道101號,0,0,1,1,B01,6,5,5,50,14,9,1,4,4,5,13,4,4,1,4,5,2,12,1,68,3,10,7,1,7,9,1,4,1,2,108,1,21,121.501035,25.0330986
114,07,19,00,02,02萬華區,萬華區西園路2段與西園路2段96巷口,0,0,1,1,B03,6,5,5,50,3,1,1,4,4,5,13,4,4,1,4,5,2,12,1,56,3,10,7,1,7,8,1,8,1,2,100,1,21,121.4965699,25.0308095
114,07,19,01,28,10文山區,文山區辛亥路7段與忠順街1段口,0,0,1,1,B02,6,5,5,50,3,1,1,4,4,5,13,1,1,5,5,4,2,16,1,35,3,10,7,2,7,6,1,4,2,5,9,1,21,121.5540852,24.9832221
114,07,19,05,31,04大安區,大安區基隆路2段與和平東路3段口,0,0,1,1,B03,6,5,5,50,5,1,1,4,4,5,13,1,1,8,3,5,2,17,1,54,3,10,3,4,7,6,1,8,9,17,42,1,21,121.5521046,25.0240517
114,07,19,06,25,12內湖區,內湖區金龍路與內湖路3段115巷口,0,0,1,1,B02,6,7,5,50,3,1,1,4,4,5,13,2,1,5,4,5,2,16,2,39,3,10,7,1,7,11,1,4,1,8,10,1,21,121.5904279,25.0857481
114,07,19,08,04,10文山區,文山區興隆路3段與萬芳路口口,0,0,1,1,,6,6,5,50,4,2,1,4,4,4,13,2,1,1,4,5,2,29,3,29,,,,,,,,,,,130,1,,121.5598807,24.9970602
114,07,19,08,25,04大安區,大安區和平東路3段與四維路口,0,0,1,1,C03,6,5,5,50,3,2,1,4,4,5,13,4,4,10,5,5,2,17,1,52,2,8,3,4,7,10,1,10,1,11,100,1,21,121.5479514,25.0247079
114,07,19,08,28,09北投區,北投區石牌路2段與石牌路2段325巷口,0,0,2,1,C03,6,7,5,50,4,1,1,4,4,5,13,1,1,5,5,5,2,16,2,18,2,7,5,1,7,5,3,18,1,12,80,1,22,121.5237797,25.1220008
114,07,19,08,37,04大安區,大安區和平東路2段與建國南路2段口,0,0,1,1,C03,6,6,5,50,4,2,1,4,4,5,13,1,1,1,4,5,2,13,2,36,2,9,5,1,7,12,1,10,1,11,108,1,21,121.5376554,25.0257412
114,07,19,08,44,05中正區,中正區中山南路與愛國西路口,1,0,0,1,A02,8,5,5,50,4,18,1,5,4,5,13,1,1,1,4,1,1,3,1,63,3,10,7,1,7,5,1,2,2,1,70,1,21,121.5163753,25.035065
114,07,19,09,06,05中正區,中正區忠孝東路2段與八德路1段口,0,0,1,1,B01,6,7,6,50,3,2,1,4,4,5,13,1,1,1,4,5,2,17,1,63,3,10,7,1,7,7,1,4,1,17,100,1,21,121.5284335,25.0434641
114,07,19,09,22,09北投區,北投區東華街2段與東華街2段300巷口,0,0,2,1,B03,7,7,5,50,3,1,1,4,4,5,13,4,4,10,5,5,2,16,1,60,3,10,7,1,7,6,1,8,1,5,9,1,21,121.5043041,25.1214484
114,07,19,09,30,03中山區,中山區新生北路2段與南京東路1段口,0,0,1,1,C03,6,7,5,50,4,1,1,4,4,5,13,1,1,1,4,5,2,17,2,51,2,7,5,1,7,15,1,10,1,14,118,1,21,121.5274225,25.05174855
114,07,19,09,35,02萬華區,萬華區桂林路242巷與桂林路244巷口,0,0,1,1,B12,7,6,5,30,5,1,1,5,4,5,13,4,4,5,5,5,2,16,1,64,3,10,7,1,7,6,1,8,1,2,9,1,26,121.4952126,25.03819397
114,07,19,09,36,04大安區,大安區羅斯福路2段與和平東路1段口口,0,0,2,1,C03,6,6,5,50,14,9,1,4,4,5,13,2,1,1,4,5,2,17,1,34,2,9,5,1,7,10,1,10,2,11,100,1,21,121.5228008,25.026702
114,07,19,09,40,07信義區,信義區和平東路3段509巷與和平東路3段口,0,0,1,1,B13,6,7,5,50,4,2,1,4,4,5,13,2,1,1,4,5,2,17,1,60,3,10,7,1,7,1,1,8,2,15,19,1,21,121.5601554,25.0171401
114,07,19,09,45,12內湖區,內湖區港墘路與江南街12巷口,0,0,1,1,C03,7,7,5,50,3,2,1,5,4,5,13,4,4,1,4,5,2,13,2,46,2,1,5,1,7,9,1,10,1,11,108,1,21,121.5764937,25.078713
114,07,19,11,16,02萬華區,萬華區堤外便道南往北（市民-桂林）,0,0,3,1,C03,7,7,7,40,14,11,1,5,4,5,13,4,4,8,3,5,2,10,1,44,2,9,5,1,7,9,1,10,1,11,42,1,21,121.5043968,25.04757071
114,07,19,11,34,04大安區,大安區復興南路1段279巷與大安路1段口,0,0,1,1,B03,7,6,5,30,4,1,1,5,4,5,13,4,4,9,4,4,1,15,1,41,3,10,3,4,7,9,1,8,1,1,72,1,21,121.5460331,25.0355825
114,07,19,12,10,08士林區,士林區重陽橋往北市機車道,0,0,2,1,C03,6,6,5,40,8,8,1,4,4,5,13,4,4,2,4,3,1,17,1,67,4,11,3,4,7,21,7,19,11,15,118,2,22,121.5033756,25.0851444
114,07,19,13,10,03中山區,中山區民族東路8號對面,0,0,1,1,B03,8,7,5,50,14,9,1,5,4,5,13,4,4,9,4,5,2,17,2,39,3,10,7,1,7,8,1,8,1,17,100,1,21,121.5237606,25.06848618
114,07,19,13,10,08士林區,士林區基河路與基河路188巷口,0,0,1,1,B03,7,6,5,50,3,1,1,5,4,5,13,4,4,4,4,4,2,17,2,40,3,10,3,4,7,6,1,8,1,6,9,1,21,121.5221907,25.0903802
114,07,19,13,50,03中山區,中山區樂群三路299號,0,0,2,1,B02,7,7,5,50,14,9,1,4,4,5,13,4,4,9,4,5,1,17,1,42,3,10,7,1,7,15,1,8,1,4,40,1,21,121.5589401,25.0826705
114,07,19,13,50,12內湖區,內湖區內湖路2段300號,0,0,2,1,B03,6,5,5,50,14,9,1,4,4,5,13,4,4,5,5,5,1,16,1,70,3,10,7,1,7,11,1,6,1,8,10,1,21,121.586628,25.0811444
114,07,19,14,00,08士林區,士林區士東路91巷與德行東路109巷口,0,0,1,1,B03,7,6,5,50,5,1,1,5,4,5,13,2,1,5,5,5,2,17,2,75,3,10,3,4,7,5,1,8,1,8,74,1,21,121.5290207,25.112155
114,07,19,14,10,08士林區,士林區中正路586巷5號,0,0,1,1,C03,7,6,5,30,14,9,1,4,4,5,13,4,4,10,5,5,2,17,1,22,3,10,6,1,7,9,1,10,1,11,13,1,21,121.5100046,25.0873506
114,07,19,14,32,05中正區,中正區中山南路與貴陽街1段口,0,0,1,1,B03,7,6,5,50,4,1,1,5,4,5,13,1,1,1,4,5,2,13,1,36,3,10,7,1,7,9,1,8,2,8,16,1,22,121.5174994,25.0379607
114,07,19,14,53,05中正區,中正區館前路與忠孝西路1段口北側,0,0,1,1,A04,7,6,5,50,14,9,1,5,4,5,13,2,1,3,4,5,2,12,1,50,3,10,7,1,7,9,1,2,1,2,17,1,22,121.515036,25.0469997
114,07,19,15,00,03中山區,中山區新生北路2段北往南第66停車格,0,0,1,1,B01,7,7,5,50,14,9,1,5,4,5,13,4,4,1,4,5,2,13,1,45,3,10,7,1,7,12,1,8,1,7,44,1,21,121.5275229,25.06237877
114,07,19,15,05,10文山區,文山區景豐街31巷與景豐街37巷7弄口,0,0,1,1,B01,7,6,5,30,4,1,1,4,4,5,13,4,4,10,5,5,2,15,1,46,3,10,7,1,7,9,1,4,1,8,72,1,21,121.545483,25.000004
114,07,19,15,35,10文山區,文山區木柵路4段77號,0,0,1,1,B03,6,6,5,50,14,9,1,4,4,5,13,3,1,10,5,5,2,16,2,67,3,10,7,1,7,5,1,8,1,5,8,1,21,121.5720007,24.9959067
114,07,19,15,44,11南港區,南港區三重路與經貿二路88巷口,0,0,1,1,B03,6,6,5,50,3,1,1,4,4,5,13,2,1,4,3,5,2,17,1,43,3,10,3,4,7,5,1,8,1,17,74,1,21,121.6141555,25.057752
114,07,19,15,50,03中山區,中山區長安西路與長安西路19巷2弄口口,0,0,3,1,C03,7,7,5,50,4,1,1,5,4,5,13,1,1,1,3,5,2,17,1,23,2,9,3,4,7,5,1,10,1,12,71,1,21,121.5202405,25.0501979
114,07,19,16,21,10文山區,文山區木柵路3段69號旁,0,0,2,1,C03,7,6,5,50,14,9,1,5,4,5,13,4,4,9,5,5,2,17,1,42,2,9,6,1,7,1,1,10,1,14,19,1,21,121.5667905,24.9886114
114,07,19,16,48,09北投區,北投區明德路與明德路150巷口,0,0,1,1,B03,8,7,5,50,3,2,1,5,4,5,13,2,1,5,5,5,2,16,1,65,3,10,7,1,7,5,1,8,9,5,44,1,22,121.5209782,25.1105333
114,07,19,16,58,04大安區,大安區敦化南路2段63巷21弄27號,0,0,1,1,B03,6,6,5,30,14,9,1,4,4,5,13,4,4,10,5,5,2,17,1,62,4,11,3,4,7,6,1,8,11,17,9,1,21,121.550127,25.031929
114,07,19,17,46,08士林區,士林區延平北路7段125號,0,0,1,1,B03,7,7,5,40,14,9,1,5,4,5,13,4,4,8,3,5,2,17,1,30,3,10,3,4,7,1,1,8,1,5,19,1,22,121.4943435,25.0972812
114,07,19,18,11,02萬華區,萬華區西園路1段與西園路1段282巷口,0,0,1,1,C03,7,7,5,50,3,1,1,5,4,5,13,4,4,1,4,5,2,16,1,18,3,10,3,4,7,8,1,10,1,12,100,1,22,121.4983806,25.0337041
114,07,19,19,03,03中山區,中山區八德路2段與建國南路1段口,0,0,1,1,C03,8,5,5,50,4,1,1,5,4,5,13,2,1,9,4,5,2,17,1,34,2,9,5,1,7,6,1,10,1,15,118,1,21,121.5376014,25.0460485
114,07,19,19,07,09北投區,北投區尊賢街272號,0,0,1,1,H01,6,5,5,30,14,9,1,4,4,5,13,4,4,10,5,5,2,3,2,66,2,9,4,5,8,16,8,20,11,16,67,1,22,121.5069147,25.117617
114,07,19,20,30,06松山區,松山區無名巷與塔悠路口堤外便道,0,0,2,1,C03,6,5,5,30,3,1,1,4,4,5,13,4,4,10,5,5,2,15,2,18,2,8,6,1,7,15,1,10,1,11,74,1,22,121.5705855,25.0527202
114,07,19,21,04,07信義區,信義區松隆路36號對面,0,0,1,1,B03,6,5,5,50,14,9,1,4,4,5,13,1,1,1,4,5,2,17,1,33,3,10,3,4,7,9,1,8,1,1,81,1,22,121.5675096,25.0437289
114,07,19,22,09,04大安區,大安區新生南路3段22巷與溫州街口,0,0,1,1,C03,7,5,5,30,4,1,1,4,4,5,13,4,4,10,5,5,2,17,1,42,3,10,5,1,7,9,1,10,11,17,72,2,21,121.5334006,25.0241431
114,07,19,22,38,02萬華區,萬華區西園路1段與桂林路口,0,0,1,1,B03,8,5,5,50,4,1,1,5,4,5,13,1,1,9,4,5,2,17,1,36,3,10,3,4,7,5,1,8,1,8,71,1,21,121.499707,25.0384109
114,07,19,22,40,07信義區,信義區基隆路2段22號,0,0,1,1,C03,6,5,5,50,14,9,1,4,4,5,13,4,4,1,4,5,2,12,1,29,2,9,3,4,7,9,1,10,1,12,44,1,21,121.5587678,25.031857
114,07,19,23,00,06松山區,松山區八德路3段99巷與八德路3段口,0,0,1,1,F01,7,5,5,30,5,2,1,4,4,5,13,1,1,10,5,5,2,11,1,67,2,9,4,1,7,9,8,20,9,11,108,1,26,121.5536419,25.0480617
114,07,19,23,17,01大同區,大同區民權西路與大龍街口,0,0,1,1,C03,8,5,5,50,5,4,1,5,4,5,13,1,1,1,5,5,2,13,1,18,3,10,6,1,7,9,1,10,1,11,108,1,21,121.5161494,25.0630522
114,07,20,00,20,10文山區,文山區木柵路4段165號斜對面第02號停車格,0,0,1,1,C03,6,5,5,50,14,9,1,4,4,5,13,4,4,4,4,5,2,17,2,31,2,9,6,1,7,9,1,10,9,15,108,1,21,121.5780697,25.00045919
114,07,20,03,04,02萬華區,萬華區中華路1段與漢口街2段口,0,0,1,1,B01,7,5,5,50,4,2,1,5,4,5,13,2,1,1,4,1,1,17,1,58,3,10,3,4,7,6,1,4,1,1,9,1,22,121.5090622,25.0450711
114,07,20,06,55,08士林區,士林區延平北路6段與社中街口,0,0,1,1,B03,8,6,5,50,4,1,1,5,4,5,13,1,1,1,4,5,2,17,1,55,3,10,3,4,7,9,1,8,2,5,81,1,21,121.5012066,25.0903405
114,07,20,09,08,04大安區,大安區安居街9巷與樂業街159巷口,0,0,1,1,B03,7,6,5,30,3,2,1,5,4,6,12,4,4,10,5,5,2,8,1,49,3,10,7,1,7,9,1,8,1,5,108,1,21,121.5554552,25.0208457
114,07,20,09,17,09北投區,北投區明德路與明德路174巷口,0,0,1,1,C03,7,7,8,50,4,1,1,5,3,5,13,4,4,9,5,5,2,16,2,51,2,8,5,1,7,1,1,10,1,14,80,1,21,121.5211554,25.1112696
114,07,20,09,18,04大安區,大安區金山南路2段與金華街口口,0,0,1,1,B03,7,6,5,50,4,1,1,5,4,5,13,2,1,1,4,5,2,13,1,67,3,10,7,1,7,5,1,8,1,8,108,1,21,121.5265754,25.0302441
114,07,20,09,24,11南港區,南港區經貿二路與經貿二路105巷口口,0,0,2,1,C03,7,6,5,30,4,1,1,5,4,5,13,2,1,3,2,5,2,16,1,78,2,9,6,1,7,6,1,10,1,11,99,1,21,121.6169643,25.0580672
114,07,20,09,45,07信義區,信義區嘉興街與嘉興街181巷口,0,0,1,1,B01,7,5,5,30,3,1,1,5,4,5,13,2,1,10,5,5,2,13,1,60,3,10,7,1,7,9,1,4,1,1,118,1,21,121.5562173,25.0264881
114,07,20,09,55,03中山區,中山區民族東路250-1號,0,0,1,1,C03,6,6,5,50,14,9,1,4,4,5,13,4,4,1,4,4,2,13,2,19,2,7,6,1,7,9,1,10,1,12,42,1,22,121.5340341,25.06831008
114,07,20,10,17,02萬華區,萬華區桂林路246巷與和平西路3段口,0,0,1,1,C03,8,6,5,30,3,1,1,5,4,5,13,1,1,10,5,5,1,12,1,30,2,9,5,1,7,8,1,10,1,12,100,1,21,121.490874,25.0356143
114,07,20,10,50,04大安區,大安區通安街與通化街98巷口,0,0,2,1,C03,8,6,5,30,4,1,1,5,4,5,13,4,4,10,5,5,1,15,1,25,2,9,3,4,7,9,1,10,2,12,72,1,23,121.5530943,25.0299318
114,07,20,11,00,03中山區,中山區北安路與北安路630巷口,0,0,1,1,C03,7,7,5,50,4,1,1,5,4,5,13,1,1,1,4,5,2,16,1,18,3,10,6,1,7,6,3,18,1,13,9,1,21,121.5490319,25.08295125
114,07,20,11,00,08士林區,士林區仰德大道2段與仰德大道2段11巷口,0,0,2,1,B03,6,7,5,40,3,1,1,4,4,5,13,4,4,4,5,5,1,17,1,69,3,10,7,1,7,6,1,7,2,2,9,1,21,121.5417752,25.10344393
114,07,20,11,06,04大安區,大安區新生南路2段50號,0,0,1,1,C03,6,6,5,40,14,9,1,4,4,5,13,4,4,9,4,5,1,13,1,20,2,9,5,1,7,9,1,10,1,11,16,1,21,121.5340276,25.02923247
114,07,20,11,06,06松山區,松山區長春路349號,0,0,1,1,B01,7,6,5,50,14,9,1,5,4,5,13,4,4,8,3,5,1,13,1,64,3,10,3,1,7,1,1,3,2,8,19,1,21,121.5453411,25.0545683
114,07,20,11,53,01大同區,大同區延平北路3段與民權西路口,0,0,1,1,B03,7,6,5,50,4,2,1,5,4,5,13,1,1,5,2,5,2,17,2,49,3,10,7,1,7,10,1,8,1,7,100,1,21,121.5110748,25.0631258
114,07,20,12,46,01大同區,大同區承德路2段與五原路口,0,0,1,1,B01,7,6,5,50,3,1,1,4,4,5,13,4,4,1,5,5,2,16,1,53,3,10,3,4,7,6,1,8,1,6,9,1,21,121.5180328,25.0565106
114,07,20,13,03,01大同區,大同區鄭州路(台北地下街停車場）,0,0,1,1,B03,6,7,5,40,14,9,1,4,4,5,13,4,4,1,4,5,2,17,1,45,3,10,7,1,7,6,1,8,1,2,9,1,21,121.5152556,25.04912279
114,07,20,13,09,08士林區,士林區延平北路7段63巷22號,0,0,1,1,H01,6,7,5,0,14,9,1,4,4,5,13,4,4,10,5,5,2,6,1,14,3,10,4,5,8,18,8,20,10,16,53,1,21,121.4956328,25.09552473
114,07,20,13,41,09北投區,北投區大度路3段與關渡路口,0,0,1,1,B03,7,7,5,50,3,2,1,5,4,5,13,1,1,1,4,5,2,16,1,41,3,10,3,4,7,6,1,8,2,6,9,1,22,121.469432,25.1229117
114,07,20,14,08,11南港區,南港區忠孝東路7段99號,0,0,1,1,B03,8,6,5,40,14,8,1,5,4,5,13,4,4,3,4,4,2,16,1,44,3,10,7,1,7,8,1,8,1,2,100,1,21,121.5988669,25.0512477
114,07,20,14,21,11南港區,南港區忠孝東路6段與東新街口口,0,0,2,1,C03,7,6,5,50,4,2,1,5,4,5,13,2,1,3,4,5,2,16,1,62,2,9,6,1,7,7,1,10,1,14,100,1,21,121.5852458,25.0480061
114,07,20,15,06,09北投區,北投區西安街1段與文林北路94巷口,0,0,2,1,F01,7,6,5,50,4,1,1,5,4,5,13,2,1,1,4,5,2,15,1,64,2,3,4,1,7,1,8,20,2,14,19,1,21,121.5198692,25.1077453
114,07,20,15,39,03中山區,中山區建國北路2段與錦州街口,0,0,1,1,B03,7,7,5,50,4,1,1,5,4,5,13,1,1,5,5,5,2,16,2,52,3,10,7,1,7,6,3,18,1,2,9,1,22,121.5367298,25.060287
114,07,20,17,10,12內湖區,內湖區潭美街與成功橋口下,0,0,1,1,B03,7,6,5,30,3,1,1,5,4,5,13,2,1,5,5,5,2,17,1,48,3,10,7,1,7,9,1,8,1,17,81,1,21,121.5914852,25.05990516
114,07,20,17,10,11南港區,南港區重陽路與重陽路57巷口口,0,0,1,1,B03,7,6,5,40,3,1,1,5,4,5,13,4,4,5,4,4,2,16,2,41,3,10,7,1,7,5,1,8,1,5,72,1,21,121.596811,25.0555787
114,07,20,17,26,12內湖區,內湖區舊宗路1段與行善路口,0,0,1,1,B03,7,7,5,50,4,1,1,5,4,5,13,2,1,1,4,5,1,17,1,42,3,10,7,1,7,5,1,8,1,2,8,1,21,121.5803559,25.0586939
114,07,20,17,56,11南港區,南港區研究院路2段與研究院路2段61巷口口,0,0,1,1,B03,7,6,5,50,4,2,1,5,4,5,13,2,1,1,4,5,2,12,1,57,3,10,7,1,7,7,1,8,2,5,100,1,21,121.6162723,25.0435404
114,07,20,18,14,10文山區,文山區景華街與景華街97巷口,0,0,1,1,C03,6,6,5,30,3,1,1,4,4,5,13,4,4,10,5,5,2,13,1,50,2,9,6,1,7,9,1,10,1,11,16,1,21,121.546327,24.9954432
114,07,20,18,24,05中正區,中正區鄭州路與重慶北路1段口,0,0,1,1,B01,7,5,5,40,4,1,1,5,4,5,13,1,1,1,4,5,1,12,1,54,3,10,7,1,7,9,1,4,2,5,108,1,21,121.5134313,25.0492739
114,07,20,18,33,01大同區,大同區民生西路171巷與萬全街口,0,0,2,1,C03,6,5,5,30,4,2,1,4,4,5,13,4,4,10,5,5,2,15,1,29,2,9,3,4,7,9,1,10,1,14,72,1,21,121.5167095,25.0579747
114,07,20,19,18,07信義區,信義區忠孝東路5段743巷與忠孝東路5段口,0,0,2,1,C03,6,5,5,50,5,2,1,4,4,5,13,2,1,1,4,5,2,17,1,49,2,9,6,1,7,5,1,10,2,12,8,1,21,121.5808737,25.0429583
114,07,20,19,20,03中山區,中山區復興北路338號,0,0,1,1,B01,6,5,5,50,14,9,1,4,4,5,13,4,4,8,5,5,2,17,1,28,3,10,7,4,7,1,1,4,2,17,19,1,21,121.5440657,25.0594267
114,07,20,19,38,02萬華區,萬華區環河南路2段與桂林路口,0,0,1,1,C03,6,5,5,50,4,1,1,4,4,5,13,1,1,9,4,5,2,17,1,53,3,10,5,4,7,11,1,10,2,11,10,1,21,121.4974013,25.03856995
114,07,20,19,40,04大安區,大安區和平東路1段與金山南路2段口,0,0,2,1,B03,6,5,5,50,3,1,1,4,4,5,13,2,1,1,4,5,1,17,2,49,3,10,7,1,7,6,1,8,1,5,9,1,21,121.5260366,25.0268841
114,07,20,19,45,05中正區,中正區貴陽街1段與公園路口,0,0,1,1,C03,6,5,5,50,4,1,1,4,4,5,13,1,1,9,5,5,1,29,1,21,2,9,6,1,7,9,1,10,2,11,108,1,21,121.5153643,25.0385182
114,07,20,19,57,01大同區,大同區承德路2段與民權西路96巷口,0,0,2,1,C03,6,5,5,50,3,2,1,4,4,5,13,4,4,1,4,5,2,13,2,25,2,9,6,1,7,9,1,10,2,11,108,1,21,121.5182919,25.062062
114,07,20,20,20,03中山區,中山區德惠街7-1號,0,0,1,1,B03,8,5,5,50,14,9,1,5,4,5,13,4,4,9,4,5,2,17,1,44,3,10,7,1,7,1,1,8,1,1,19,1,21,121.5234515,25.0667282
114,07,20,20,51,04大安區,大安區仁愛路4段306號,0,0,1,1,B03,7,5,5,50,14,9,1,5,4,5,13,4,4,1,4,5,1,12,2,49,3,10,3,4,7,1,1,8,2,7,19,1,21,121.5547976,25.0375518
114,07,20,22,26,07信義區,信義區忠孝東路4段500-2號,0,0,1,1,C03,6,5,5,50,14,9,1,4,4,5,13,4,4,1,4,5,2,13,1,40,2,7,3,4,7,9,1,10,2,11,108,1,21,121.561085,25.0411608
114,07,20,22,41,04大安區,大安區忠孝東路4段230號,0,0,1,1,B01,6,5,5,50,14,9,1,4,4,5,13,4,4,1,4,5,2,17,1,38,3,10,7,1,7,6,1,8,1,2,9,1,21,121.5540523,25.0413156
114,07,20,22,47,12內湖區,內湖區東湖路43巷與康寧路3段189巷口,0,0,2,1,C03,6,5,5,30,4,1,1,4,4,5,13,4,4,10,5,5,2,15,2,24,2,8,6,1,7,9,1,10,2,11,72,1,21,121.6129397,25.070573
114,07,20,23,34,07信義區,信義區忠孝東路5段8號,0,0,2,1,B01,6,5,5,50,14,9,1,4,4,5,13,4,4,10,4,5,2,16,1,56,3,10,3,4,7,7,1,4,2,6,100,1,21,121.5649318,25.0410533