發生年度,發生月,發生日,發生時-Hours,發生分,區序,肇事地點,死亡人數,2-30日死亡人數,受傷人數,當事人序號,車種,天候,光線,道路類別,速限-速度限制,道路型態,事故位置,路面狀況1,路面狀況2,路面狀況3,道路障礙1,道路障礙2,號誌1,號誌2,車道劃分-分向,車道劃分-分道1,車道劃分-分道2,車道劃分-分道3,事故類型及型態,性別,年齡,受傷程度,主要傷處,保護裝置,行動電話,車輛用途,當事者行動狀態,駕駛資格情形,駕駛執照種類,飲酒情形,車輛撞擊部位1,肇因碼-個別,個人肇逃否,職業,座標-X,座標-Y
114,07,21,00,41,05中正區,中正區重慶南路1段與愛國西路口,0,0,3,1,C03,7,6,5,50,4,1,1,5,4,5,13,1,1,10,2,5,2,16,1,17,2,9,6,4,7,5,2,18,2,11,96,1,22,121.5124655,25.03536316
114,07,21,02,53,01大同區,大同區延平北路2段43巷與南京西路185巷口,0,0,2,1,C03,6,5,5,30,4,1,1,4,4,5,13,4,4,8,3,5,1,15,1,21,2,7,6,1,7,9,1,10,9,11,72,1,21,121.5122321,25.0551602
114,07,21,04,36,07信義區,信義區松仁路88號,0,0,1,1,C04,6,5,5,50,14,9,1,4,4,5,13,4,4,1,4,5,2,13,1,22,2,5,3,4,7,9,1,10,7,11,21,1,21,121.5682343,25.0350984
114,07,21,05,48,04大安區,大安區新生南路3段與羅斯福路3段口,0,0,1,1,B03,6,7,5,50,3,1,1,4,4,5,13,1,1,1,4,5,1,17,1,52,3,10,7,1,7,5,1,8,1,6,118,1,21,121.5326724,25.0162937
114,07,21,07,38,11南港區,南港區研究院路2段與研究院路2段3巷口口,0,0,1,1,C03,6,6,5,50,3,1,1,4,4,5,13,4,4,3,4,5,2,16,2,59,3,10,6,1,7,6,1,10,1,13,9,1,21,121.6158992,25.0479589
114,07,21,08,07,09北投區,北投區公館路與北投路1段口,0,0,1,1,C03,6,7,5,50,4,1,1,4,4,5,13,1,1,5,4,5,2,16,2,34,2,8,5,1,7,5,1,10,1,12,80,1,22,121.5026354,25.1213474
114,07,21,08,17,06松山區,松山區敦化北路與富錦街口,0,0,1,1,B01,7,6,5,40,3,1,2,4,4,5,13,4,4,5,4,4,2,16,1,47,3,10,7,1,7,6,1,4,1,5,9,1,21,121.5505377,25.0603825
114,07,21,08,30,03中山區,中山區民權東路2段與建國北路2段口,0,0,1,1,A02,6,7,5,50,4,2,1,4,4,5,13,1,1,1,4,5,2,9,1,52,3,10,7,1,7,14,1,2,9,17,44,1,22,121.5365765,25.0623968
114,07,21,08,30,05中正區,中正區重慶北路1段與忠孝西路1段口,0,0,1,1,B03,6,6,5,50,4,2,1,4,4,5,13,2,1,3,4,5,2,12,1,55,3,10,7,1,7,9,1,8,2,5,44,1,22,121.5132894,25.04731405
114,07,21,08,30,07信義區,信義區忠孝東路4段與基隆路1段口,0,0,1,1,A02,6,5,5,50,4,2,1,4,4,5,13,2,1,10,4,5,2,17,1,53,3,10,7,1,7,9,1,2,9,8,44,1,21,121.5644439,25.0414315
114,07,21,08,45,08士林區,士林區德行西路126號,0,0,2,1,H01,6,5,5,50,14,9,1,4,4,5,13,4,4,5,5,5,2,3,2,58,2,9,4,5,8,16,8,20,10,16,121,1,21,121.5202617,25.1036349
114,07,21,08,52,08士林區,士林區中正路與中正路635巷口,0,0,1,1,B03,6,5,5,50,14,9,1,4,4,5,13,3,1,10,4,5,1,12,1,44,3,10,7,1,7,8,1,8,1,5,100,1,21,121.5094733,25.08674821
114,07,21,08,56,10文山區,文山區興隆路3段47號,0,0,1,1,B03,6,6,5,50,14,9,1,4,4,5,13,4,4,1,4,5,2,17,1,69,3,10,7,1,7,7,1,8,2,4,100,1,21,121.5557926,25.00037767
114,07,21,09,10,04大安區,大安區辛亥路3段與辛亥路3段157巷口,0,0,1,1,B03,6,6,5,50,4,1,1,4,4,5,13,2,1,10,5,5,2,17,1,50,3,10,3,4,7,9,1,8,1,2,85,1,21,121.549149,25.017055
114,07,21,09,18,04大安區,大安區復興南路2段與瑞安街23巷口,0,0,1,1,B01,6,5,5,50,5,2,1,4,4,5,13,2,1,8,3,5,1,16,1,59,3,10,7,1,7,5,1,8,1,2,71,1,21,121.5435959,25.0304901
114,07,21,10,10,06松山區,松山區光復北路與光復北路11巷口,0,0,1,1,B01,6,6,5,50,4,1,1,4,4,5,13,1,1,1,5,5,2,17,1,65,3,10,7,1,7,5,1,4,1,1,42,1,22,121.5578722,25.0491255
114,07,21,10,40,03中山區,中山區中山北路2段與民生西路口,0,0,1,1,C03,6,7,4,50,4,2,1,4,4,5,13,1,1,1,4,5,2,13,2,40,2,7,6,1,7,9,1,10,1,11,16,1,21,121.5224871,25.0579249
114,07,21,10,50,03中山區,中山區吉林路與新生北路3段3巷口口,0,0,1,1,F01,6,7,6,50,4,1,1,4,4,5,13,4,4,5,4,4,2,17,1,76,2,9,3,4,7,9,8,20,1,13,72,1,21,121.5303253,25.0631309
114,07,21,11,20,10文山區,文山區木柵路3段169巷與秀明路1段口,0,0,1,1,B12,6,6,5,30,3,1,1,4,4,5,13,3,1,10,4,5,1,17,1,62,3,10,7,1,7,7,1,8,1,6,100,1,21,121.568499,24.9914595
114,07,21,11,38,04大安區,大安區忠孝東路4段77巷與敦化南路1段190巷口,0,0,1,1,C03,7,6,5,30,4,1,1,5,4,5,13,4,4,10,5,5,1,15,2,50,2,9,5,4,7,9,1,8,1,11,72,1,21,121.5472151,25.0426295
114,07,21,12,27,04大安區,大安區通化街與通化街12巷口,0,0,1,1,B03,7,6,5,50,3,1,1,5,4,5,13,4,4,9,4,5,1,16,1,38,3,10,3,4,7,11,1,8,1,4,74,1,21,121.5542734,25.0320511
114,07,21,12,32,01大同區,大同區昌吉街與昌吉街95巷口,0,0,1,1,F01,7,6,5,50,5,2,1,5,4,5,13,4,4,9,4,5,2,17,1,13,2,9,4,1,7,9,8,20,1,11,108,1,21,121.5130114,25.0659759
114,07,21,12,34,06松山區,松山區八德路4段758號,0,0,1,1,C04,7,7,5,50,14,9,1,5,4,5,13,4,4,1,4,5,2,13,2,22,2,8,5,1,7,9,1,10,1,11,108,1,25,121.5788554,25.0501327
114,07,21,12,45,11南港區,南港區興華路與興華路64巷口,0,0,1,1,C03,7,7,5,50,4,2,2,5,4,5,13,1,1,5,5,5,2,17,1,19,3,10,5,1,7,11,1,10,1,12,10,1,21,121.6059407,25.0552435
114,07,21,13,30,07信義區,信義區忠孝東路5段1-6號,0,0,1,1,,8,7,8,50,14,9,1,5,4,5,13,4,4,1,4,5,2,12,4,0,,,,,,,,,,,119,2,,121.5652138,25.0412222
114,07,21,13,35,05中正區,中正區汀州路3段與羅斯福路3段244巷口,0,0,1,1,F01,6,6,5,30,3,1,1,4,4,5,13,4,4,5,2,5,2,17,2,24,3,10,4,1,7,5,8,20,2,14,72,1,25,121.5303811,25.016397
114,07,21,13,45,03中山區,中山區農安街20號,0,0,1,1,B03,6,7,5,50,14,9,1,4,4,5,13,4,4,9,5,5,2,16,1,38,3,10,7,1,7,5,1,8,1,5,8,1,21,121.5251439,25.06491834
114,07,21,13,54,02萬華區,萬華區忠孝西路2段與忠孝西路2段16巷口,0,0,2,1,C03,7,5,5,50,3,1,1,4,4,5,13,4,4,1,4,5,2,16,1,56,2,9,6,1,7,9,1,10,1,14,44,1,21,121.5085402,25.0482561
114,07,21,14,00,10文山區,文山區辛亥路7段與忠順街1段口路口,0,0,1,1,B01,7,7,5,50,14,9,1,4,4,5,13,2,1,5,5,4,2,9,1,57,3,10,7,1,7,15,1,4,1,17,118,1,21,121.5540654,24.9834254
114,07,21,14,35,03中山區,中山區民權東路2段11號,0,0,2,1,B03,6,7,5,50,14,9,1,4,4,5,13,4,4,1,4,5,1,17,1,42,3,10,7,1,7,9,1,8,1,5,44,1,21,121.5286473,25.0626186
114,07,21,14,49,03中山區,中山區民族東路與中山北路3段口,0,0,1,1,B03,6,6,5,50,5,2,1,4,4,5,13,2,1,8,3,4,1,17,1,30,3,10,7,1,7,9,7,19,1,1,16,1,21,121.5233017,25.0684743
114,07,21,15,00,12內湖區,內湖區麥帥二橋與麥帥二橋口北往南(7510298路燈桿),0,0,2,1,B03,6,6,5,60,10,9,1,4,4,5,13,4,4,9,4,5,2,13,2,36,3,10,7,1,7,9,1,8,1,5,108,1,21,121.572699,25.05723293
114,07,21,15,01,04大安區,大安區復興南路2段與復興南路2段148巷口,0,0,2,1,C03,6,6,5,50,4,1,1,4,4,5,13,2,1,1,4,5,2,13,2,50,2,9,6,1,7,9,1,10,1,11,108,1,21,121.5434179,25.0286163
114,07,21,15,08,09北投區,北投區石牌路2段與天母西路口,0,0,1,1,B03,6,5,5,50,4,1,1,4,4,5,13,3,1,5,4,5,2,17,1,80,3,10,3,4,7,1,1,8,9,15,19,1,21,121.5218249,25.1192632
114,07,21,15,46,01大同區,大同區酒泉街與酒泉街50巷口,0,0,1,1,B03,6,7,5,30,4,2,1,4,4,5,13,4,4,10,5,5,2,17,1,21,3,10,3,4,7,9,1,8,1,1,72,1,21,121.5166529,25.0717149
114,07,21,15,53,10文山區,文山區仙岩路與興隆路2段86巷口,0,0,2,1,C03,6,6,5,50,3,18,1,4,4,5,13,4,4,9,5,5,2,3,1,20,2,7,6,1,7,9,1,10,2,11,70,1,21,121.5490558,24.9991919
114,07,21,16,35,04大安區,大安區安和路2段23巷與通安街口,0,0,1,1,C03,6,6,5,30,4,1,1,4,4,5,13,4,4,10,5,5,2,17,2,67,2,9,3,4,7,9,1,10,1,11,72,1,21,121.5533164,25.0320904
114,07,21,16,40,06松山區,松山區延壽街330巷16弄3號對面,0,0,1,1,B01,6,7,5,30,14,9,1,4,4,5,13,4,4,10,5,5,2,13,1,40,3,10,7,1,7,14,1,8,1,3,38,1,26,121.5597225,25.0553059
114,07,21,17,31,09北投區,北投區吉利街257巷5弄10號,0,0,1,1,B03,8,5,5,30,14,9,1,5,4,5,13,4,4,10,5,5,1,1,1,40,3,10,7,1,7,9,1,8,9,2,108,1,21,121.5101426,25.1192634
114,07,21,17,33,12內湖區,內湖區潭美街155號,0,0,2,1,C03,7,6,6,30,11,9,1,4,4,5,13,4,4,4,5,5,2,12,1,27,2,9,6,1,7,9,1,10,2,11,42,1,22,121.5812068,25.0540137
114,07,21,17,37,01大同區,大同區延平北路2段222號,0,0,1,1,F01,6,6,5,50,14,9,1,4,4,5,13,4,4,5,5,5,2,12,2,71,2,9,2,1,7,7,8,20,1,11,100,1,21,121.5113743,25.0596332
114,07,21,18,01,03中山區,中山區長安東路2段117號,0,0,1,1,B03,7,5,5,50,14,9,1,4,4,5,13,4,4,5,4,5,2,12,1,57,3,10,7,1,7,15,1,8,1,6,100,1,21,121.5358553,25.04846158
114,07,21,18,15,09北投區,北投區光明路224-1號,0,0,1,1,C03,6,6,5,50,3,1,1,4,4,5,13,4,4,9,5,5,2,17,2,30,2,9,5,1,7,9,1,10,2,17,42,1,21,121.5053477,25.1361669
114,07,21,18,25,12內湖區,內湖區康寧路3段245巷與無名巷口,0,0,2,1,F01,7,6,5,50,3,2,1,4,4,5,13,4,4,9,5,5,2,17,1,16,2,7,4,1,7,9,8,20,1,14,42,1,21,121.6139884,25.06621459
114,07,21,18,31,03中山區,中山區北安路659號,0,0,1,1,B03,7,7,5,50,14,9,1,5,4,5,13,4,4,1,3,5,1,17,1,66,3,10,7,1,7,8,1,4,1,17,100,1,21,121.54941,25.08406545
114,07,21,18,33,04大安區,大安區羅斯福路3段與辛亥路1段口,0,0,1,1,B03,6,6,5,50,4,1,1,4,4,5,13,2,1,1,4,5,2,17,1,56,3,10,7,1,7,6,1,8,1,2,9,1,21,121.5294749,25.0196594
114,07,21,18,33,04大安區,大安區和平東路3段15號,0,0,1,1,C03,7,5,5,50,14,9,1,5,4,5,13,4,4,1,4,5,2,11,2,36,2,9,3,4,7,9,1,10,1,14,108,1,21,121.5475512,25.0247107
114,07,21,18,40,09北投區,北投區光明路1號,0,0,1,1,F01,7,7,8,0,22,20,4,4,4,5,13,4,4,10,5,5,2,18,1,82,2,9,4,4,7,9,8,20,1,17,118,1,21,121.498969,25.1325959
114,07,21,18,47,07信義區,信義區基隆路汽機車混合地下道,0,0,3,1,C03,7,5,5,30,7,11,1,4,4,5,13,4,4,5,2,5,2,13,1,31,2,9,5,1,7,9,1,10,2,11,16,1,21,121.5620271,25.0366765
114,07,21,19,11,12內湖區,內湖區安康路228巷與潭美街口,0,0,1,1,C03,6,5,5,40,3,1,1,4,4,5,13,1,1,10,5,5,2,16,1,27,2,7,6,1,7,15,1,10,2,13,8,1,21,121.6034926,25.0611398
114,07,21,19,22,03中山區,中山區民權東路2段與建國北路3段口,0,0,2,1,C03,8,5,5,50,4,1,1,5,4,5,13,2,1,8,5,5,2,13,1,24,2,9,6,4,7,9,1,10,2,11,108,1,21,121.5368067,25.0624616
114,07,21,21,22,04大安區,大安區辛亥路3段西向東(0508826)燈桿,0,0,2,1,C03,7,5,5,50,14,9,2,5,4,2,12,4,4,1,4,5,2,17,1,25,2,9,3,4,7,9,1,10,1,11,108,1,21,121.5514199,25.0151676
114,07,21,21,51,10文山區,文山區辛亥路4段與興德路66巷口,0,0,1,1,B03,7,5,5,50,3,1,1,5,4,5,13,1,1,1,4,5,2,16,1,59,3,10,7,1,7,5,1,8,1,6,71,1,22,121.556782,25.0043593
114,07,21,21,59,01大同區,大同區承德路3段108巷與昌吉街33巷口,0,0,2,1,C04,7,5,5,30,4,1,1,4,4,5,13,4,4,10,5,5,2,15,2,23,2,9,6,1,7,15,1,10,2,12,72,1,21,121.5173231,25.0668545
114,07,21,22,00,02萬華區,萬華區環河南路1段與康定路口,0,0,1,1,C03,8,5,4,50,3,2,1,5,4,5,13,1,1,9,4,5,2,17,1,57,2,7,5,4,7,6,1,10,1,14,9,1,21,121.5032546,25.04597234
114,07,21,22,16,06松山區,松山區八德路4段與東寧路口,0,0,1,1,B03,8,5,5,50,14,7,1,5,4,5,13,2,1,8,3,4,2,12,1,26,3,10,7,1,7,9,1,8,1,1,17,1,21,121.5624801,25.0486697
114,07,21,23,40,12內湖區,內湖區永保街與安康路口口,0,0,1,1,C03,6,5,5,50,3,1,1,4,4,5,13,4,4,5,5,5,2,17,1,54,2,9,5,1,7,9,1,10,2,12,116,1,21,121.6070472,25.0645595
114,07,22,03,22,08士林區,士林區凱旋路61巷4弄9號,0,0,1,1,C03,7,5,5,30,11,9,1,4,4,5,13,4,4,10,5,5,2,18,1,18,2,9,6,1,7,5,1,10,1,12,42,1,16,121.5418205,25.1354095
114,07,22,03,49,05中正區,中正區臨沂街與臨沂街13巷口,0,0,3,1,C03,6,5,5,30,4,1,1,4,4,5,13,4,4,10,5,5,2,15,1,18,2,9,6,1,7,9,1,10,2,11,72,1,21,121.5306209,25.0423888
114,07,22,06,15,08士林區,士林區中正路629號,0,0,1,1,B12,8,7,5,50,14,9,1,5,4,5,13,2,1,1,4,5,1,17,1,61,3,10,7,1,7,7,1,8,2,1,16,1,21,121.5085247,25.0863879
114,07,22,07,21,02萬華區,萬華區堤外便道北往南（市民-桂林）,0,0,3,1,C03,7,7,7,40,14,11,1,5,4,4,13,4,4,8,3,5,2,13,1,31,3,10,5,1,7,12,1,10,1,13,44,1,21,121.5022171,25.04536449
114,07,22,07,25,10文山區,文山區木新路3段88號前,0,0,1,1,A02,7,7,5,50,14,9,1,5,4,5,13,2,1,5,5,4,2,9,1,55,3,10,7,1,7,15,1,2,1,17,44,1,21,121.5630187,24.9822448
114,07,22,07,40,03中山區,中山區南京東路2段24巷與吉林路22巷口,0,0,1,1,B11,7,7,5,30,3,1,1,5,4,5,13,4,4,10,5,5,1,17,1,53,3,10,7,1,7,5,1,8,2,5,14,1,21,121.5292128,25.05108481
114,07,22,08,00,10文山區,文山區新光路1段與新光路1段159巷口口,0,0,1,1,B03,8,6,5,50,3,2,1,5,4,5,13,2,1,5,4,5,2,16,1,42,3,10,7,1,7,11,1,8,1,4,103,1,21,121.5736759,24.992529
114,07,22,08,05,11南港區,南港區忠孝東路6段83號,0,0,1,1,C03,8,6,5,50,14,7,1,5,4,5,13,4,4,1,4,4,2,13,1,22,2,3,6,1,7,9,1,10,1,11,16,1,21,121.5847535,25.0478064
114,07,22,08,06,03中山區,中山區復興北路與南京東路3段口,0,0,1,1,C03,7,6,5,50,4,1,1,5,4,5,13,2,1,1,5,5,1,12,1,36,3,10,3,4,7,8,1,10,1,12,100,1,21,121.5439554,25.05193842
114,07,22,08,42,07信義區,信義區莊敬路337號,0,0,1,1,B01,7,6,5,50,14,9,1,5,4,5,13,4,4,8,5,5,2,14,1,67,3,10,3,4,7,2,1,4,1,6,12,1,21,121.5640135,25.0279679
114,07,22,09,22,01大同區,大同區台北橋機慢車道往東(282594號燈桿),0,0,2,1,C03,8,6,7,40,14,11,1,5,4,5,13,4,4,10,5,1,1,17,1,70,3,10,5,2,7,14,1,10,1,15,42,1,22,121.5069265,25.0634821
114,07,22,09,30,09北投區,北投區立德路2號,0,0,1,1,B01,7,7,5,50,14,9,1,5,4,5,13,3,1,9,5,5,2,17,1,47,3,10,3,4,7,15,1,8,1,2,40,1,26,121.4715961,25.1240861
114,07,22,09,40,12內湖區,內湖區陽光街與文德路208巷口,0,0,1,1,B03,7,5,5,50,3,2,1,5,4,5,13,1,1,4,1,5,1,13,1,60,3,10,3,4,7,9,1,8,1,1,16,1,21,121.5833896,25.0750074
114,07,22,09,55,05中正區,中正區和平西路1段與牯嶺街口口,0,0,1,1,A12,8,6,5,50,4,1,1,5,4,5,13,1,1,1,4,5,1,12,1,63,3,10,7,1,7,7,1,7,2,4,100,1,21,121.5195479,25.0263591
114,07,22,11,08,01大同區,大同區民權西路與蘭州街口,0,0,1,1,C03,8,5,7,50,4,1,1,5,4,5,13,2,1,1,4,5,2,16,2,42,3,10,5,1,7,5,1,10,1,13,8,1,21,121.5151621,25.0627653
114,07,22,11,20,08士林區,士林區至善路2段360號,0,0,1,1,F02,7,6,5,50,14,9,1,5,4,5,13,4,4,1,4,5,2,18,1,63,2,9,4,4,7,9,8,20,1,17,44,1,21,121.5199767,25.09611179
114,07,22,11,42,02萬華區,萬華區東園街66巷與東園街66巷22弄口,0,0,1,1,F03,8,6,5,30,4,1,1,5,4,3,13,4,4,10,5,5,2,17,1,17,2,9,6,1,7,9,8,20,1,12,72,1,21,121.4956155,25.0253183
114,07,22,11,55,09北投區,北投區中央北路4段220號,0,0,2,1,C03,7,7,5,50,14,9,1,5,4,5,13,4,4,9,4,5,2,17,2,22,2,9,3,4,7,8,1,10,1,12,100,1,25,121.4745966,25.1323
114,07,22,12,13,03中山區,中山區新生北路1段108號,0,0,1,1,C03,8,7,5,50,14,9,1,5,4,5,10,4,4,1,4,4,2,13,1,32,2,9,6,4,7,9,1,10,1,15,108,1,22,121.5281295,25.05029931
114,07,22,12,27,10文山區,文山區指南路2段,0,0,1,1,A02,8,7,5,40,14,19,1,5,4,5,13,3,1,5,5,5,2,9,1,46,3,10,7,1,7,12,1,2,9,17,44,1,21,121.5757693,24.9876771
114,07,22,12,46,01大同區,大同區延平北路4段與敦煌路口,0,0,1,1,C03,8,5,5,50,4,2,1,5,4,5,13,2,1,5,4,5,2,17,2,25,2,9,3,4,7,10,1,10,1,14,100,1,21,121.5120435,25.0766931
114,07,22,12,51,05中正區,中正區重慶南路3段64號,0,0,1,1,C03,7,7,5,50,14,9,1,5,4,5,13,4,4,1,4,5,2,13,1,24,2,8,5,1,7,9,1,10,1,11,108,1,22,121.5160409,25.0267555
114,07,22,13,10,12內湖區,內湖區瑞光路與瑞湖街口,0,0,1,1,C03,7,6,5,50,4,1,1,5,4,5,13,2,1,5,4,5,2,17,1,41,3,10,6,1,7,5,1,10,2,11,42,1,21,121.5770133,25.0751591
114,07,22,13,15,04大安區,大安區復興南路2段與復興南路2段340巷口,0,0,2,1,C03,7,6,5,50,4,2,1,5,4,5,13,2,1,3,4,4,1,13,1,40,2,9,6,4,7,9,1,10,2,11,16,1,21,121.5433253,25.0228245
114,07,22,13,30,05中正區,中正區汀州路2段與重慶南路3段口口,0,0,1,1,B01,8,6,5,50,4,1,1,5,4,5,13,1,1,5,5,5,1,17,1,63,3,10,7,1,7,9,1,3,1,4,42,1,21,121.5169617,25.0256656
114,07,22,13,42,12內湖區,內湖區星雲街與星雲街16巷口,0,0,2,1,C03,8,6,5,40,4,1,1,5,4,5,13,4,4,9,4,5,2,16,1,21,2,7,6,1,7,4,1,10,1,12,4,1,21,121.5905284,25.0778971
114,07,22,13,55,06松山區,松山區塔悠路與南京東路5段口,0,0,1,1,B03,8,6,5,50,4,1,1,5,4,5,13,1,1,1,4,5,2,16,1,59,3,10,7,1,7,11,1,8,1,8,10,1,22,121.5702068,25.0514316
114,07,22,13,59,05中正區,中正區中山南路與貴陽街1段口,0,0,1,1,B03,8,6,5,50,3,1,1,5,4,5,13,1,1,9,4,1,1,15,1,35,3,10,7,1,7,9,1,8,2,5,81,1,22,121.5173705,25.0380791
114,07,22,14,27,09北投區,北投區西安街1段359號,0,0,1,1,C03,7,7,5,50,14,9,1,5,4,5,13,4,4,10,4,5,2,13,1,22,2,9,6,1,7,9,1,10,1,11,16,1,21,121.5158198,25.1137141
114,07,22,14,50,08士林區,士林區小西街與大南路口,0,0,1,1,B01,7,5,8,30,22,22,1,5,4,5,13,4,4,10,5,5,1,17,1,47,3,10,7,1,7,9,1,4,1,1,72,1,21,121.5231463,25.08980831
114,07,22,15,09,12內湖區,內湖區五分街與東湖路160巷10弄口,0,0,1,1,C03,7,6,5,30,4,2,1,5,4,5,13,4,4,10,5,5,2,17,1,65,2,9,6,1,7,9,1,10,1,12,72,1,21,121.6169413,25.06720869
114,07,22,15,19,03中山區,中山區民權東路3段與民權東路3段75巷口,0,0,2,1,C03,8,6,5,50,3,2,1,5,4,5,13,4,4,8,5,5,2,12,1,77,2,9,5,4,7,7,1,10,2,13,100,1,21,121.5436999,25.062376
114,07,22,15,37,04大安區,大安區復興南路2段與復興南路2段151巷口,0,0,1,1,C03,7,5,5,50,4,2,1,5,4,5,13,2,1,1,4,5,2,13,4,0,,,,,,,,,,,119,2,,121.5436058,25.0281589
114,07,22,15,38,03中山區,中山區南京東路2段與吉林路口,0,0,1,1,B03,7,6,5,50,4,1,1,5,4,5,13,1,1,9,5,5,2,16,1,39,3,10,3,4,7,6,1,4,1,1,9,1,22,121.5301048,25.05234386
114,07,22,15,39,04大安區,大安區金華街與潮州街55巷口,0,0,1,1,B03,8,6,5,30,3,2,1,5,4,5,13,4,4,10,5,5,2,17,2,44,3,10,7,1,7,6,1,8,9,17,72,1,22,121.5243522,25.0305252
114,07,22,15,50,02萬華區,萬華區桂林路與昆明街口,0,0,1,1,C03,8,6,5,50,4,1,1,5,4,5,13,2,1,5,5,5,2,12,1,58,3,10,5,1,7,9,1,9,2,13,17,1,21,121.5039763,25.03793589
114,07,22,16,48,05中正區,中正區忠孝西路1段96號,0,0,1,1,C03,8,5,5,50,14,9,1,5,4,5,13,2,1,3,4,5,2,13,1,20,2,8,5,1,7,9,1,10,1,11,108,1,21,121.5128781,25.0472221
114,07,22,16,57,09北投區,北投區立農街2段155號,0,0,1,1,C03,8,6,5,50,22,9,1,5,4,5,13,1,1,5,5,5,2,17,1,23,3,10,6,1,7,9,1,10,9,17,108,2,21,121.5134318,25.118982
114,07,22,17,10,06松山區,松山區民權東路4段121號,0,0,1,1,B03,8,6,5,50,14,6,1,5,4,5,13,1,1,9,4,4,1,11,1,70,3,10,7,4,7,11,1,8,1,6,10,1,22,121.5590369,25.0623549
114,07,22,17,13,10文山區,文山區辛亥路5段與辛亥路5段25巷口,0,0,1,1,B03,8,6,5,50,4,2,1,5,4,5,13,2,1,1,4,5,2,12,1,28,3,10,7,1,7,9,1,8,1,5,108,1,21,121.5540474,24.9997035
114,07,22,17,34,04大安區,大安區忠孝東路4段147巷與敦化南路1段187巷口,0,0,1,1,C03,7,6,5,30,4,1,1,5,4,5,13,4,4,10,5,5,2,15,2,44,2,9,6,1,7,9,1,10,1,11,72,1,21,121.549661,25.0425987
114,07,22,17,35,11南港區,南港區南港路3段與南港路3段256巷口,0,0,3,1,C03,7,7,5,30,3,2,1,5,4,5,13,4,4,9,2,5,2,16,1,26,2,9,6,1,7,5,1,10,1,11,72,1,21,121.5838275,25.0520867
114,07,22,17,57,01大同區,大同區民權西路237號,0,0,1,1,C03,7,6,5,50,14,9,1,5,4,5,13,4,4,1,4,5,2,17,2,65,2,9,6,4,7,9,1,10,1,13,118,1,22,121.5118288,25.063091
114,07,22,18,09,09北投區,北投區文林北路214號,0,0,2,1,C03,8,7,5,50,14,8,1,5,4,5,13,4,4,1,4,4,2,12,1,61,2,9,5,1,7,7,6,10,2,12,100,1,22,121.5147497,25.107715
114,07,22,18,10,05中正區,中正區汀州路2段260號,0,0,2,1,C03,7,6,5,50,14,9,1,4,4,5,13,4,4,9,5,5,1,17,1,44,2,8,6,1,7,9,1,10,2,11,108,1,21,121.5253087,25.0211325
114,07,22,18,10,12內湖區,內湖區新明路246巷3弄1號,0,0,2,1,C03,7,6,5,30,3,1,1,5,4,5,13,4,4,10,5,5,2,17,1,39,2,9,6,1,7,5,1,10,2,13,72,1,21,121.5835689,25.0569852
114,07,22,18,29,10文山區,文山區興隆路1段與興隆路1段16巷口,0,0,1,1,B03,7,6,5,50,4,1,1,5,4,5,13,4,4,5,4,5,2,16,1,61,3,10,7,1,7,5,1,8,1,2,74,1,21,121.5394975,25.0043457
114,07,22,18,38,01大同區,大同區哈密街59巷38弄7號,0,0,2,1,H01,7,5,5,30,14,9,1,5,4,5,13,4,4,10,5,5,1,3,1,10,2,8,4,5,8,16,8,20,10,16,121,1,14,121.5152812,25.0749672
114,07,22,18,40,03中山區,中山區民族東路153號,0,0,1,1,C03,6,7,5,50,14,9,1,4,4,5,13,4,4,10,4,5,2,13,2,34,2,9,5,1,7,9,1,10,2,11,108,1,21,121.5402757,25.0682142
114,07,22,19,05,04大安區,大安區復興南路1段127號,0,0,2,1,C03,7,5,5,50,14,19,1,4,4,5,13,2,1,1,5,5,1,1,1,64,2,9,5,1,7,9,6,10,1,12,70,1,21,121.5439062,25.0432669
114,07,22,19,26,07信義區,信義區忠孝東路5段372巷28弄松山工農停車場出入口,0,0,1,1,B02,6,5,5,30,14,9,1,4,4,5,13,4,4,10,5,5,2,17,1,35,3,10,7,1,7,6,1,8,1,2,9,1,22,121.5728535,25.03896304
114,07,22,19,27,04大安區,大安區潮州街與和平東路1段141巷口,0,0,1,1,B03,8,6,5,30,4,1,1,5,4,5,13,4,4,10,5,5,2,17,1,62,3,10,7,1,7,15,1,8,1,17,72,1,21,121.5305229,25.0282573
114,07,22,19,30,06松山區,松山區八德路2段與復興北路口,0,0,1,1,B13,7,5,5,50,4,1,1,4,4,5,13,2,1,5,4,5,2,17,1,33,3,10,7,1,7,5,1,8,1,5,71,1,21,121.5439197,25.0476271
114,07,22,19,37,09北投區,北投區新市街與中央南路1段25巷口,0,0,1,1,C04,8,5,5,30,4,2,1,5,4,5,13,4,4,10,5,5,2,1,1,44,3,10,5,1,7,9,1,10,2,12,42,1,22,121.5021721,25.1322583
114,07,22,21,06,04大安區,大安區樂業街與樂業街108巷口,0,0,1,1,B01,7,5,5,50,14,18,1,4,4,5,13,4,4,9,5,5,1,1,1,68,3,10,7,1,7,9,6,4,1,5,70,1,21,121.551758,25.0211493
114,07,22,21,38,10文山區,文山區指南路3段與指南路3段2巷口,0,0,2,1,C03,6,5,5,30,3,2,1,4,4,5,13,3,1,9,5,5,2,15,1,61,2,8,5,1,7,9,1,10,2,11,4,1,21,121.5799067,24.9854135
114,07,22,22,25,02萬華區,萬華區西園路2段與寶興街口,0,0,1,1,C03,8,5,5,50,4,1,1,5,4,5,13,1,1,9,5,5,2,13,2,34,2,7,5,1,7,12,1,10,1,11,16,1,21,121.4936791,25.0269493