發生年度,發生月,發生日,發生時-Hours,發生分,區序,肇事地點,死亡人數,2-30日死亡人數,受傷人數,當事人序號,車種,天候,光線,道路類別,速限-速度限制,道路型態,事故位置,路面狀況1,路面狀況2,路面狀況3,道路障礙1,道路障礙2,號誌1,號誌2,車道劃分-分向,車道劃分-分道1,車道劃分-分道2,車道劃分-分道3,事故類型及型態,性別,年齡,受傷程度,主要傷處,保護裝置,行動電話,車輛用途,當事者行動狀態,駕駛資格情形,駕駛執照種類,飲酒情形,車輛撞擊部位1,肇因碼-個別,個人肇逃否,職業,座標-X,座標-Y
114,07,22,23,14,07信義區,信義區松山路180號,0,0,1,1,B02,7,5,5,50,14,9,1,5,4,5,13,4,4,1,4,5,2,17,1,56,3,10,2,1,7,14,1,4,2,4,40,1,22,121.5777182,25.0459866
114,07,23,07,07,11南港區,南港區大坑街與民權橋口,0,0,1,1,B03,8,6,5,40,4,1,1,4,4,5,13,2,1,5,5,5,2,16,1,54,3,10,3,4,7,6,1,2,1,2,9,1,22,121.6179113,25.0454509
114,07,23,07,15,08士林區,士林區至善路1段與臨溪路口口,0,0,2,1,C03,7,7,5,50,14,9,1,5,4,5,13,1,1,1,3,5,2,12,2,21,2,9,5,1,7,9,1,10,1,11,16,1,22,121.5422591,25.0971015
114,07,23,07,17,09北投區,北投區新民路與泉源路口,0,0,1,1,B02,8,5,5,30,3,1,1,5,4,5,13,4,4,5,4,5,1,16,1,37,3,10,3,4,7,5,1,8,1,8,8,1,26,121.5151291,25.1419555
114,07,23,07,38,04大安區,大安區基隆路4段與羅斯福路4段口,0,0,1,1,C03,8,5,5,50,5,1,1,5,4,5,13,2,1,1,4,5,2,12,1,59,2,5,6,1,7,8,1,10,1,14,100,1,21,121.5375023,25.0111342
114,07,23,07,40,06松山區,松山區民生東路3段與復興北路口,0,0,2,1,C03,8,7,5,50,4,1,1,4,4,5,13,2,1,9,4,5,2,17,1,36,2,9,6,1,7,15,1,10,1,12,44,1,22,121.5443013,25.0577644
114,07,23,07,45,03中山區,中山區大直街96號,0,0,1,1,C03,7,7,5,50,14,9,1,5,4,5,13,4,4,5,2,5,1,13,2,53,2,9,5,1,7,9,1,10,1,11,16,1,21,121.5477187,25.08415736
114,07,23,07,48,01大同區,大同區民權西路與重慶北路2段口,0,0,1,1,C03,8,7,5,50,4,2,1,5,4,5,13,2,1,1,4,5,2,12,1,58,4,11,6,4,7,15,1,10,11,14,100,2,22,121.5131979,25.0628876
114,07,23,07,50,12內湖區,內湖區南京東路6段與新明路298巷口,0,0,1,1,B01,7,6,5,50,4,1,1,5,4,5,13,1,1,1,4,5,2,16,1,52,3,10,7,1,7,6,1,4,9,17,17,1,21,121.5815074,25.0567371
114,07,23,07,50,07信義區,信義區松勇路31號,0,0,3,1,B12,8,6,5,30,14,9,1,5,4,5,13,4,4,9,4,5,2,17,1,26,2,1,7,1,7,5,1,8,2,4,8,1,21,121.5697745,25.0373229
114,07,23,08,23,07信義區,信義區和平東路3段與和平東路3段406巷口口,0,0,1,1,B13,8,6,5,50,14,9,1,5,4,5,13,1,1,4,5,5,2,9,1,28,3,10,7,1,7,5,1,8,1,8,70,1,21,121.5584842,25.018803
114,07,23,08,26,02萬華區,萬華區堤外便道龍山096桿,0,0,2,1,F01,7,7,5,40,14,11,1,5,4,5,13,4,4,8,5,5,2,10,2,42,2,9,4,1,7,15,8,20,1,11,44,1,21,121.5040142,25.0468702
114,07,23,08,38,06松山區,松山區民權東路4段0202153號燈桿,0,0,3,1,C03,7,6,5,40,14,8,1,5,4,5,13,4,4,1,4,4,2,12,1,35,2,9,6,1,7,9,1,10,1,11,42,1,21,121.555353,25.0618498
114,07,23,09,38,07信義區,信義區永吉路與永吉路225巷口,0,0,1,1,B03,7,6,5,50,4,1,1,5,4,5,13,1,1,1,3,4,2,17,1,58,3,10,7,1,7,11,1,8,2,3,10,1,21,121.5741529,25.0455748
114,07,23,09,45,05中正區,中正區重慶南路1段105號,0,0,2,1,C03,8,6,5,50,14,9,1,5,4,5,13,4,4,9,4,5,1,12,2,37,2,8,5,1,7,8,1,10,2,14,100,1,22,121.5132399,25.0429139
114,07,23,09,48,02萬華區,萬華區艋舺大道與西園路2段140巷口,0,0,1,1,B01,8,5,5,50,4,1,1,5,4,5,13,1,1,1,4,5,2,13,1,66,3,10,7,1,7,14,1,4,1,3,38,1,21,121.4950583,25.031828
114,07,23,09,50,03中山區,中山區松江路與長春路口,0,0,1,1,B13,7,7,5,50,4,1,1,5,4,5,13,2,1,5,4,5,1,16,1,23,3,10,7,1,7,6,1,8,1,5,9,1,21,121.5331031,25.05474804
114,07,23,09,56,11南港區,南港區三重路與經貿二路88巷口,0,0,1,1,B03,8,6,5,50,3,1,1,5,4,5,13,1,1,9,4,5,2,16,1,45,3,10,3,4,7,6,1,8,1,5,9,1,21,121.6141707,25.0576953
114,07,23,10,15,10文山區,文山區木柵路4段56號,0,0,1,1,A02,8,6,5,50,14,9,1,5,4,5,13,2,1,5,4,5,2,9,1,54,3,10,7,1,7,13,1,2,1,17,40,1,21,121.574018,24.9975951
114,07,23,10,20,04大安區,大安區安和路2段64號,0,0,1,1,B01,8,5,5,50,14,9,1,5,4,5,13,4,4,1,4,5,2,17,1,58,3,10,7,1,7,15,1,4,1,4,40,1,21,121.5522105,25.0303966
114,07,23,10,33,07信義區,信義區和平東路3段575巷與和平東路3段口,0,0,1,1,B13,8,7,5,40,3,1,1,5,4,5,13,4,4,5,5,5,2,16,1,43,3,10,3,4,7,5,1,8,2,8,74,1,21,121.5617553,25.0150396
114,07,23,11,40,07信義區,信義區基隆路2段與嘉興街216巷口,0,0,1,1,F02,8,6,5,50,4,1,1,5,4,5,13,1,1,1,4,5,2,16,2,79,2,9,2,1,7,9,8,20,2,14,82,1,22,121.5561676,25.0274402
114,07,23,12,05,10文山區,文山區木柵路1段137號前,0,0,3,1,C03,8,7,5,50,14,9,1,5,4,5,13,2,1,5,4,5,2,13,1,72,2,9,5,1,7,9,1,10,1,11,108,1,21,121.5502883,24.9875419
114,07,23,12,20,01大同區,大同區錦西街與錦西街38巷口口,0,0,1,1,B03,8,6,5,50,3,1,1,5,4,5,13,4,4,5,5,5,2,9,1,49,4,11,3,4,7,5,7,19,9,1,70,2,21,121.5203445,25.0602661
114,07,23,12,52,07信義區,信義區松智路與松壽路口,0,0,1,1,B03,8,6,5,50,4,2,1,5,4,5,13,2,1,5,4,5,2,17,1,50,3,10,3,4,7,11,1,8,2,2,10,1,21,121.5656239,25.0358299
114,07,23,13,07,05中正區,中正區金山南路1段與濟南路2段口,0,0,1,1,B03,7,7,8,50,4,2,1,5,4,5,13,1,1,1,4,1,2,16,1,38,3,10,7,1,7,6,1,8,1,2,9,1,21,121.52911,25.04091952
114,07,23,13,39,10文山區,文山區景興路282巷(景美街125號),0,0,2,1,C03,8,6,5,30,14,9,1,5,4,3,10,4,4,10,5,5,2,17,2,23,2,9,6,1,7,5,1,10,1,14,8,1,21,121.5413774,24.98977667
114,07,23,14,05,05中正區,中正區汀州路2段與泉州街口,0,0,1,1,C03,8,6,5,50,4,1,1,5,4,5,13,1,1,5,4,5,2,16,1,48,3,10,5,1,7,5,1,10,1,14,8,1,21,121.5139752,25.0262582
114,07,23,14,20,04大安區,大安區光復南路108巷,0,0,2,1,C03,8,6,5,30,14,9,1,5,4,5,13,4,4,10,3,5,2,2,2,48,2,8,6,1,7,9,1,10,9,11,44,1,21,121.5571024,25.04327906
114,07,23,14,24,04大安區,大安區新生南路1段103巷與忠孝東路3段10巷口,0,0,2,1,C03,8,7,5,30,4,2,1,5,4,5,13,4,4,10,5,5,1,15,1,37,2,9,5,1,7,9,1,10,1,11,72,1,26,121.5334031,25.0406578
114,07,23,14,43,01大同區,大同區環河北路1段與涼州街口,0,0,2,1,C03,8,6,5,50,5,1,1,5,4,5,13,4,4,1,5,5,2,16,1,60,2,9,6,1,7,6,1,11,2,12,9,1,21,121.5085461,25.0604739
114,07,23,15,03,01大同區,大同區承德路1段與承德路1段77巷口口,0,0,1,1,B03,8,5,5,50,3,2,1,5,4,5,13,4,4,9,4,4,2,12,1,53,3,10,7,1,7,12,1,8,2,5,44,1,22,121.517554,25.0521907
114,07,23,15,10,03中山區,中山區明水路與北安路口,0,0,1,1,B03,8,5,5,50,3,1,1,5,4,5,13,2,1,10,5,5,2,16,1,34,3,10,7,1,7,6,1,8,1,2,9,1,21,121.5389616,25.07767018
114,07,23,15,13,08士林區,士林區承德路4段10巷與通河街76巷口,0,0,1,1,B01,8,7,5,30,5,1,1,5,4,5,13,4,4,5,5,5,1,17,1,53,3,10,7,1,7,9,1,5,1,1,72,1,21,121.5201426,25.08013335
114,07,23,15,15,02萬華區,萬華區和平西路3段與梧州街口,0,0,1,1,B12,7,6,5,50,3,2,1,5,4,5,13,2,1,1,4,4,1,17,1,38,3,10,3,4,7,8,1,8,1,5,100,1,22,121.4974903,25.035416
114,07,23,15,21,01大同區,大同區太原路65號,0,0,1,1,B03,8,6,5,50,14,9,1,5,4,5,13,4,4,5,2,5,2,17,1,33,3,10,7,4,7,11,1,8,1,1,10,1,21,121.5157544,25.0518891
114,07,23,15,30,08士林區,士林區中山北路6段748號對面,0,0,1,1,C03,8,6,5,50,14,9,1,5,4,5,13,4,4,1,4,5,2,13,1,66,3,10,3,4,7,9,1,10,1,11,16,1,21,121.5280898,25.1158409
114,07,23,16,02,10文山區,文山區忠順街2段與興隆路4段145巷22弄口,0,0,1,1,C03,8,7,5,50,4,19,1,5,4,3,10,4,4,5,5,5,2,3,1,46,3,10,5,1,7,9,1,10,2,11,108,1,21,121.5629013,24.9848084
114,07,23,16,20,03中山區,中山區民權東路2段31號,0,0,1,1,H01,7,7,5,50,14,9,1,5,4,5,13,4,4,9,4,5,2,9,2,87,2,9,4,5,8,16,8,20,1,16,67,1,21,121.5293615,25.0627319
114,07,23,16,24,02萬華區,萬華區西寧南路與西寧南路50巷口,0,0,3,1,C03,8,6,5,50,4,1,1,5,4,5,13,4,4,10,4,5,2,13,2,35,2,8,6,1,7,9,1,10,1,11,16,1,22,121.5063729,25.0442476
114,07,23,16,39,05中正區,中正區思源街1號前,0,0,1,1,B01,8,7,5,50,14,7,1,5,4,5,13,1,1,5,4,4,2,16,1,64,3,10,7,1,7,5,1,4,1,6,8,1,22,121.5302282,25.0135615
114,07,23,16,42,08士林區,士林區中山北路5段福林橋公車站,0,0,1,1,A02,6,6,5,50,14,9,1,4,4,5,13,4,4,4,3,5,2,9,1,26,3,10,3,4,7,15,1,1,2,17,44,1,21,121.5275251,25.0975894
114,07,23,16,53,04大安區,大安區復興南路2段4號,0,0,1,1,,8,5,5,0,14,20,4,5,4,5,13,4,4,10,5,5,2,9,4,0,4,11,3,4,7,5,8,20,11,11,119,2,21,121.5434441,25.0330884
114,07,23,17,06,04大安區,大安區忠孝東路3段與新生南路1段口,0,0,1,1,B03,8,7,5,50,4,2,1,5,4,5,13,2,1,8,3,3,1,17,1,68,3,10,7,1,7,6,1,8,1,5,9,1,21,121.5329763,25.0422108
114,07,23,17,20,03中山區,中山區長春路與林森北路口,0,0,1,1,F01,7,7,5,50,4,1,1,5,4,5,13,2,1,10,5,5,2,18,1,71,2,9,4,1,7,6,8,20,1,12,42,1,21,121.5254232,25.05494459
114,07,23,17,20,05中正區,中正區南海路與南昌路1段口口,0,0,1,1,C03,7,6,5,30,4,2,2,4,4,1,11,1,1,10,4,5,1,17,2,59,2,7,6,1,7,9,1,10,2,14,17,1,21,121.5165935,25.0324561
114,07,23,17,33,09北投區,北投區大度路3段與中央北路4段口,0,0,1,1,B03,7,5,5,50,14,8,1,5,4,5,13,4,4,3,2,3,2,13,2,58,3,10,7,1,7,9,1,8,1,8,16,1,21,121.4648522,25.1235495
114,07,23,17,36,04大安區,大安區羅斯福路3段333巷11號,0,0,1,1,B03,6,5,5,20,14,9,1,4,4,5,13,4,4,10,5,5,2,12,2,29,3,10,7,1,7,13,1,8,1,8,40,1,21,121.5326899,25.0175495
114,07,23,17,41,05中正區,中正區重慶南路3段117號,0,0,1,1,C03,7,7,5,50,14,9,1,5,4,5,13,1,1,1,4,5,2,17,1,19,2,9,5,1,7,8,1,10,2,14,100,1,22,121.5168361,25.024391
114,07,23,17,45,12內湖區,內湖區舊宗路1段(南往北)近行善路,0,0,1,1,C03,8,6,5,50,4,2,1,5,4,5,13,4,4,8,3,5,1,17,1,41,3,10,6,1,7,8,1,10,1,12,100,1,21,121.5806988,25.0585847
114,07,23,18,20,03中山區,中山區南京東路3段與龍江路口,0,0,2,1,B02,7,7,5,50,4,1,1,5,4,5,13,4,4,10,4,5,2,13,1,58,3,10,7,1,7,6,1,8,1,5,108,1,21,121.5405513,25.05202655
114,07,23,18,33,01大同區,大同區錦西街與錦西街53巷口,0,0,1,1,B03,8,5,5,30,5,18,1,5,4,5,13,1,1,10,5,5,2,3,1,51,4,11,3,4,7,5,1,4,11,1,70,2,21,121.5159843,25.0598073
114,07,23,18,40,12內湖區,內湖區民權東路6段與成功路2段口,0,0,1,1,B03,8,5,5,50,3,1,1,5,4,5,13,4,4,1,2,5,1,16,1,25,3,10,7,1,7,6,1,8,1,5,9,1,21,121.5914907,25.0690509
114,07,23,18,47,03中山區,中山區市民大道2段與長安東路1段52巷口,0,0,1,1,C03,7,5,5,40,3,1,1,4,4,5,13,1,1,1,4,4,2,12,1,65,2,7,3,4,7,7,6,18,1,14,100,1,21,121.527776,25.04723904
114,07,23,18,52,10文山區,文山區辛亥路5段與辛亥路5段116巷口口,0,0,1,1,B03,7,5,5,30,3,1,1,5,4,5,10,4,4,10,5,5,2,16,1,54,3,10,7,1,7,6,1,8,1,8,72,1,21,121.552463,24.9976714
114,07,23,19,08,07信義區,信義區忠孝東路5段666號,0,0,1,1,C03,7,5,5,50,14,9,1,5,4,5,13,4,4,9,4,5,2,12,2,61,2,9,5,4,7,7,1,10,2,14,100,1,21,121.5809433,25.0428464
114,07,23,19,10,02萬華區,萬華區環河南路1段與環河南路1段348巷口,0,0,1,1,C03,8,5,5,40,3,1,1,5,4,5,13,1,1,9,5,5,2,13,1,24,2,9,5,1,7,12,1,10,1,12,108,1,21,121.4979511,25.040345
114,07,23,19,31,02萬華區,萬華區民和街94號,0,0,2,1,C03,8,5,5,30,14,9,1,5,4,5,13,4,4,9,4,5,1,2,2,37,2,8,5,1,7,9,1,10,1,11,108,1,21,121.4977385,25.0255127
114,07,23,20,22,05中正區,中正區羅斯福路2段168號,0,0,2,1,C03,7,5,5,50,14,9,1,5,4,5,13,4,4,1,4,5,2,12,1,37,2,9,5,1,7,1,1,10,2,14,19,1,22,121.5234674,25.0255262
114,07,23,20,42,07信義區,信義區福德街與福德街251巷口,0,0,2,1,C03,7,5,5,50,4,1,1,5,4,5,13,1,1,9,4,5,2,15,2,45,2,9,5,1,7,11,1,10,2,13,71,1,21,121.5860199,25.0388362
114,07,23,20,50,04大安區,與廢鐵道口(延吉街58號前),0,0,2,1,B01,8,5,5,50,14,9,1,5,4,5,13,2,1,4,3,5,2,13,1,48,2,3,7,1,7,11,1,4,1,8,10,1,21,121.5538845,25.0438678
114,07,23,21,54,09北投區,北投區大度路3段與立功街口,0,0,2,1,C03,7,5,5,50,3,1,1,4,4,5,13,3,1,1,4,5,2,16,1,50,2,9,5,1,7,6,1,10,1,13,72,1,21,121.4686683,25.12322049
114,07,23,22,40,03中山區,中山區長安東路2段與吉林路口,0,0,1,1,B03,6,5,5,50,5,1,1,4,4,5,13,2,1,8,5,5,2,17,1,34,4,11,7,4,7,9,1,8,11,17,99,1,21,121.5297151,25.0485763
114,07,23,22,47,03中山區,中山區林森北路與農安街口,0,0,1,1,B03,6,5,5,50,4,1,1,4,4,5,13,1,1,10,4,5,2,17,1,24,3,10,7,1,7,5,1,8,1,8,8,1,21,121.5253968,25.06490478
114,07,23,23,59,05中正區,中正區重慶南路3段與和平西路1段口,0,0,2,1,C03,7,5,5,50,5,1,1,4,4,5,13,1,1,1,4,5,2,12,1,27,2,9,5,1,7,9,1,10,2,12,9,1,21,121.516136,25.0270245
114,07,24,06,30,12內湖區,內湖區潭美街與安美街口,0,0,1,1,C03,7,7,5,40,4,1,1,5,4,5,13,1,1,5,5,5,2,13,2,25,3,10,5,1,7,9,1,10,1,11,108,1,21,121.5972814,25.0604602
114,07,24,06,56,07信義區,信義區基隆路2段149-55號,0,0,1,1,C03,6,7,5,50,14,9,1,4,4,5,13,1,1,1,4,5,2,18,1,59,2,9,3,4,7,8,1,10,9,14,44,1,21,121.5548445,25.0263111
114,07,24,07,20,09北投區,北投區自強街5巷,0,0,1,1,H01,6,6,5,30,14,9,1,4,4,5,13,2,1,10,5,5,2,3,2,51,2,9,4,5,8,16,8,20,10,16,121,1,21,121.5104404,25.1128653
114,07,24,07,22,09北投區,北投區稻香路與重三路口,0,0,1,1,B12,6,6,5,50,3,1,1,4,4,5,13,4,4,5,5,5,2,16,1,72,3,10,7,1,7,9,1,8,9,6,44,1,21,121.4895651,25.1402147
114,07,24,07,50,04大安區,大安區基隆路3段與基隆路3段155巷口,0,0,3,1,B03,6,6,6,40,3,4,1,4,4,5,13,2,1,9,4,4,1,13,1,35,3,10,3,4,7,8,1,8,1,7,100,1,21,121.5426171,25.0156515
114,07,24,07,52,04大安區,大安區羅斯福路4段21號,0,0,1,1,B03,6,6,5,50,14,9,1,4,4,5,13,1,1,9,4,5,1,16,1,34,3,10,3,4,7,8,1,8,1,5,100,1,21,121.5355509,25.0137311
114,07,24,08,05,11南港區,南港區忠孝東路7段與忠孝東路7段415巷口,0,0,1,1,B03,7,6,5,50,3,1,1,4,4,5,13,2,1,1,3,5,2,15,1,54,3,10,3,4,7,11,1,10,1,7,10,1,22,121.6092319,25.0523468
114,07,24,08,11,04大安區,大安區和平東路1段102號,0,0,1,1,B01,6,5,5,40,14,8,1,4,4,5,13,4,4,8,3,4,1,17,1,65,3,10,7,1,7,8,1,8,1,17,100,1,21,121.5251235,25.0266877
114,07,24,08,13,11南港區,南港區南港路1段與南港路1段277巷口,0,0,2,1,C03,6,6,5,50,3,1,1,4,4,5,13,2,1,5,4,5,2,11,1,20,3,10,3,4,7,15,1,10,1,11,71,1,21,121.6085902,25.0546593
114,07,24,08,16,11南港區,南港區富康街41號,0,0,1,1,C03,6,6,5,30,14,9,1,4,4,5,13,4,4,9,5,5,2,13,1,74,3,10,5,1,7,5,3,18,1,17,8,1,21,121.6172187,25.0533266
114,07,24,08,16,07信義區,信義區忠孝東路4段563號,0,0,2,1,C03,7,6,5,50,14,9,1,4,4,5,13,4,4,9,4,5,2,29,1,38,2,9,6,1,7,9,1,10,1,12,116,1,21,121.5637439,25.0412452
114,07,24,08,20,03中山區,中山區民權東路2段48號,0,0,2,1,C03,7,6,5,50,14,9,1,4,4,5,13,1,1,9,4,5,2,12,1,37,3,10,6,4,7,9,1,9,2,17,108,1,21,121.5305359,25.06257858
114,07,24,08,20,05中正區,中正區中華路2段與愛國西路口,0,0,2,1,C03,8,7,5,50,5,1,1,5,4,5,13,2,1,1,4,5,2,13,1,51,2,7,5,1,7,12,1,10,1,11,16,1,21,121.5068219,25.036849
114,07,24,08,21,02萬華區,萬華區東園街與東園街154巷口,0,0,1,1,C03,7,7,5,30,3,1,1,5,4,5,13,1,1,8,3,5,2,16,1,33,3,10,5,1,7,5,1,10,1,11,4,1,21,121.4977669,25.0230958
114,07,24,08,32,04大安區,大安區建國高架道往北,0,0,3,1,C03,7,6,5,40,14,9,1,5,4,5,13,1,1,9,4,5,1,16,2,27,2,8,3,4,7,9,1,10,1,11,94,1,21,121.5371246,25.0421795
114,07,24,08,40,04大安區,大安區和平東路3段與基隆路2段口(西南角外環引道),0,0,1,1,B03,6,5,5,50,3,2,1,4,4,5,13,4,4,1,4,5,2,17,1,56,3,10,7,1,7,6,1,8,1,17,9,1,21,121.5521067,25.0240486
114,07,24,08,48,01大同區,大同區重慶北路2段與涼州街口,0,0,1,1,B01,6,6,5,50,4,1,1,4,4,5,13,2,1,1,4,5,2,17,1,58,3,10,7,4,7,8,1,4,9,17,100,2,21,121.5134294,25.0607517
114,07,24,08,50,03中山區,中山區長安東路1段與天津街口,0,0,1,1,B01,8,7,5,50,14,9,1,5,4,5,13,4,4,5,2,5,2,17,1,57,3,10,7,1,7,1,1,4,1,4,19,1,21,121.522703,25.0496175
114,07,24,08,50,03中山區,中山區民族東路與松江路口,0,0,3,1,C03,8,5,5,50,5,1,1,5,4,5,13,1,1,1,4,5,2,17,1,56,2,9,5,1,7,9,1,10,1,12,85,1,21,121.5333749,25.0680496
114,07,24,08,50,10文山區,文山區木新路2段與木柵路2段204巷口,0,0,1,1,C03,6,6,5,50,14,9,1,4,4,5,13,4,4,5,5,5,2,18,2,20,2,9,6,1,7,9,1,10,9,14,116,1,21,121.5640834,24.9886556
114,07,24,08,50,12內湖區,內湖區瑞光路28號,0,0,2,1,C03,7,6,5,50,14,9,1,4,4,5,13,4,4,5,4,5,2,12,2,24,2,9,6,1,7,9,1,10,1,14,77,1,21,121.5831273,25.0699792
114,07,24,08,51,07信義區,信義區忠孝東路4段與逸仙路口,0,0,1,1,C03,6,7,5,50,3,1,1,4,4,5,13,1,1,1,4,5,2,12,1,41,3,10,3,4,7,15,1,10,1,13,100,1,21,121.5613746,25.0411578
114,07,24,08,54,06松山區,松山區市民大道4段與敦化南路1段口,0,0,1,1,C03,7,7,5,40,4,2,1,5,4,5,13,1,1,1,4,5,2,13,1,32,2,7,6,4,7,9,1,10,1,11,108,1,22,121.5491776,25.0449646
114,07,24,09,02,01大同區,大同區重慶北路3段與民族西路口口,0,0,3,1,C03,8,6,5,50,4,1,1,4,4,5,13,2,2,1,5,5,2,15,1,40,2,9,6,1,7,9,1,10,2,11,44,1,21,121.5136237,25.0686041
114,07,24,09,05,08士林區,士林區中山北路6段與中山北路6段35巷口,0,0,1,1,C03,6,6,5,50,5,1,1,4,4,5,13,1,1,1,4,5,1,12,1,63,3,10,3,4,7,8,1,10,2,14,100,1,22,121.5247869,25.1039032
114,07,24,09,27,03中山區,中山區中山北路3段40號,0,0,1,1,B03,8,6,5,50,14,9,1,5,4,5,13,2,1,8,5,5,2,12,2,42,3,10,7,4,7,14,1,8,2,4,38,1,21,121.5222859,25.0667382
114,07,24,09,39,04大安區,大安區金山南路2段與金山南路2段141巷口,0,0,1,1,B01,6,6,5,50,3,1,1,4,4,5,13,4,4,1,4,4,2,17,1,67,3,10,7,1,7,10,1,4,1,6,100,1,21,121.5264801,25.0297032
114,07,24,09,44,02萬華區,萬華區桂林路與桂林路54巷口,0,0,1,1,B03,6,7,5,50,3,1,1,4,4,5,13,4,4,5,4,5,2,17,2,49,3,10,7,1,7,1,1,6,2,8,108,1,21,121.5042801,25.0379429
114,07,24,09,44,03中山區,中山區明水路與大直橋口下,0,0,1,1,C03,7,7,5,50,14,9,1,5,4,5,13,3,1,10,4,5,1,13,1,46,2,8,6,1,7,9,1,10,2,12,108,1,22,121.5444684,25.077429
114,07,24,09,44,04大安區,大安區辛亥路1段與羅斯福路3段口,0,0,1,1,C03,6,6,5,50,4,1,1,4,4,5,13,1,1,3,3,5,1,13,1,34,2,9,5,1,7,9,1,10,1,11,16,1,21,121.5295554,25.0195145
114,07,24,09,54,03中山區,中山區建國北路3段與五常街口,0,0,1,1,B12,7,6,5,50,3,1,1,5,4,5,13,4,4,10,4,5,2,17,1,57,3,10,3,4,7,6,1,8,1,1,9,1,22,121.5373136,25.0618032
114,07,24,09,58,03中山區,中山區長春路與建國北路2段口,0,0,2,1,B03,6,7,5,50,5,1,1,4,4,5,13,1,1,1,4,5,2,16,1,51,3,10,7,1,7,5,1,8,2,1,71,1,21,121.5371083,25.0548772
114,07,24,10,00,06松山區,松山區民權東路4段往西 光復北路前第二燈桿,0,0,1,1,A12,8,6,5,50,14,9,1,5,4,5,13,4,4,9,4,4,1,13,1,43,3,10,7,4,7,9,1,3,1,1,16,1,22,121.5553726,25.0619977
114,07,24,10,50,04大安區,大安區忠孝東路4段101巷與市民大道4段口口,0,0,1,1,B03,8,7,5,40,3,1,1,5,4,5,13,4,4,1,4,5,1,17,1,74,3,10,7,1,7,6,1,4,1,8,72,1,21,121.5481649,25.0448178
114,07,24,11,23,02萬華區,萬華區柳州街64號,0,0,1,1,C03,8,5,5,50,14,9,1,5,4,5,13,4,4,5,2,5,2,13,2,42,2,8,5,4,7,9,1,10,1,11,108,1,21,121.5051799,25.0380305
114,07,24,11,50,09北投區,北投區大業路527巷88號與大業路527巷口,0,0,1,1,B03,6,5,5,40,3,1,1,4,4,5,13,4,4,9,4,5,2,13,1,42,3,10,3,4,7,9,1,8,1,5,108,1,26,121.4864572,25.1355739
114,07,24,12,04,06松山區,松山區復興南路1段43號,0,0,1,1,F01,7,6,5,0,14,9,1,5,4,5,13,4,4,1,3,5,2,17,1,75,2,1,4,1,7,9,8,20,1,15,44,1,21,121.5439855,25.04597038
114,07,24,12,29,03中山區,中山區民生東路2段93巷與民生東路口,0,0,1,1,B13,6,5,8,30,3,1,1,4,4,5,13,4,4,9,4,5,2,16,1,51,3,10,3,4,7,6,1,8,2,4,72,1,21,121.5308016,25.05792118
114,07,24,12,45,10文山區,文山區指南路2段106號,0,0,1,1,B03,6,6,5,50,14,9,1,4,4,5,13,4,4,9,5,5,2,16,2,54,3,10,7,1,7,1,1,8,2,4,19,1,21,121.5796882,24.9857385
114,07,24,12,53,05中正區,中正區仁愛路1段往西接近景福門,0,0,1,1,C03,8,6,5,50,14,9,1,5,4,5,13,4,4,5,4,5,2,12,1,32,2,9,5,1,7,7,1,10,2,14,100,1,22,121.5186139,25.03927935
114,07,24,13,35,11南港區,南港區成福路與東新街108巷口,0,0,1,1,B12,7,6,5,30,4,1,1,5,4,5,13,2,1,4,3,5,2,2,1,63,3,10,3,4,7,5,1,8,2,8,70,1,21,121.5868071,25.0445096
114,07,24,14,00,08士林區,士林區中山北路5段與劍潭路口,0,0,1,1,B03,6,7,5,50,3,1,1,4,4,5,13,2,1,1,4,1,1,17,1,77,3,10,7,1,7,6,1,8,2,5,99,1,21,121.525353,25.0842139
114,07,24,14,05,01大同區,大同區安西街與延平北路2段272巷口,0,0,1,1,B13,6,6,5,30,5,1,1,4,4,5,13,4,4,10,5,5,2,15,1,51,3,10,7,1,7,9,1,4,2,5,72,1,21,121.5097531,25.0620812
114,07,24,14,12,03中山區,中山區市民大道2段與中山北路1段口11號前,0,0,1,1,C03,7,6,5,40,14,9,1,4,4,5,13,4,4,9,4,5,2,17,1,27,3,10,6,4,7,8,1,10,1,17,100,1,22,121.5211933,25.04857881
114,07,24,14,28,12內湖區,內湖區新湖三路與舊宗路1段口,0,0,1,1,F02,7,6,5,50,4,2,1,5,4,5,13,4,4,1,4,5,2,12,1,69,2,9,4,1,7,8,8,20,1,13,100,1,21,121.576604,25.0638522
114,07,24,14,33,02萬華區,萬華區忠孝橋機慢車道(環河快速道路下方),0,0,2,1,C03,6,6,5,40,8,8,1,4,4,5,13,4,4,1,5,1,2,17,1,22,2,9,6,1,7,9,1,10,1,11,108,1,22,121.5056632,25.049013
114,07,24,14,50,03中山區,中山區市民大道2段與新生北路1段口,0,0,2,1,C03,8,7,5,40,4,1,1,5,4,5,13,2,1,9,4,5,2,9,1,26,2,9,5,1,7,9,1,10,1,11,70,1,21,121.530548,25.046205
114,07,24,15,16,04大安區,大安區忠孝東路4段與大安路1段口,0,0,1,1,B03,8,6,5,50,4,1,1,5,4,5,13,1,1,9,4,5,1,12,1,49,3,10,3,4,7,9,1,8,1,17,17,1,21,121.5461751,25.0415943