發生年度,發生月,發生日,發生時-Hours,發生分,區序,肇事地點,死亡人數,2-30日死亡人數,受傷人數,當事人序號,車種,天候,光線,道路類別,速限-速度限制,道路型態,事故位置,路面狀況1,路面狀況2,路面狀況3,道路障礙1,道路障礙2,號誌1,號誌2,車道劃分-分向,車道劃分-分道1,車道劃分-分道2,車道劃分-分道3,事故類型及型態,性別,年齡,受傷程度,主要傷處,保護裝置,行動電話,車輛用途,當事者行動狀態,駕駛資格情形,駕駛執照種類,飲酒情形,車輛撞擊部位1,肇因碼-個別,個人肇逃否,職業,座標-X,座標-Y
114,07,28,14,55,12內湖區,內湖區民權東路6段11巷39號,0,0,1,1,B03,8,6,5,50,14,9,1,5,4,5,13,4,4,5,5,5,2,17,1,44,3,10,7,1,7,1,1,8,1,1,19,1,21,121.5770465,25.0675802
114,07,28,15,07,01大同區,大同區環河北路1段與民生西路口,0,0,1,1,A12,6,6,5,50,4,2,1,4,4,5,13,4,4,5,2,5,2,17,1,47,3,10,7,4,7,8,1,2,1,17,99,2,21,121.5085491,25.0570398
114,07,28,15,35,09北投區,北投區泉源路與無名路口,0,0,1,1,B03,8,6,5,30,3,1,1,5,4,5,13,4,4,9,5,5,2,16,2,27,3,10,7,1,7,11,1,8,1,4,72,1,21,121.5087004,25.1410941
114,07,28,15,38,12內湖區,內湖區民權東路6段150號,0,0,1,1,B03,7,5,5,50,14,9,1,5,4,5,13,4,4,1,3,5,1,16,2,41,3,10,3,4,7,15,1,8,1,2,44,1,21,121.590058,25.0688905
114,07,28,15,53,02萬華區,萬華區國興路100號,0,0,1,1,C03,6,7,5,50,14,9,1,4,4,5,13,4,4,9,5,5,2,13,2,48,2,7,5,1,7,12,1,10,1,11,16,1,21,121.5054626,25.0272454
114,07,28,16,16,05中正區,中正區永福橋西往永和,0,0,1,1,B03,8,7,5,50,14,9,1,4,4,5,13,4,4,5,4,5,2,17,1,39,3,10,3,4,7,7,1,8,11,17,100,1,21,121.5277121,25.0112111
114,07,28,16,20,06松山區,松山區民生東路5段36巷4弄與無名巷口,0,0,1,1,B03,7,6,5,30,3,2,1,5,4,5,13,4,4,10,5,5,2,13,1,25,3,10,7,1,7,5,1,8,2,1,108,1,21,121.5590279,25.05787
114,07,28,16,42,01大同區,大同區承德路1段與太原路97巷口,0,0,2,1,C03,8,6,5,50,4,1,1,5,4,5,13,2,1,3,4,5,2,17,1,45,2,9,5,4,7,6,1,10,2,12,99,1,21,121.5172526,25.0519501
114,07,28,17,20,08士林區,士林區中山北路5段與福林路口,0,0,1,1,B03,7,6,5,50,4,2,1,5,4,5,13,1,1,1,4,5,1,16,1,46,3,10,3,4,7,6,1,8,1,6,9,1,21,121.528115,25.0938657
114,07,28,17,48,07信義區,信義區基隆路1段與信義路4段口,0,0,2,1,C01,8,6,5,50,4,2,1,5,4,5,13,2,1,1,2,5,2,13,1,32,2,9,6,1,7,9,1,9,2,11,13,1,21,121.5596234,25.0333169
114,07,28,17,58,07信義區,信義區吳興街281巷與吳興街281巷11弄口,0,0,2,1,B03,7,7,5,30,3,2,1,5,4,3,10,4,4,10,5,5,2,17,1,50,3,10,7,1,7,15,6,18,1,8,44,1,22,121.5646437,25.0264972
114,07,28,18,10,12內湖區,內湖區舊宗路1段與新湖一路口,0,0,1,1,B03,8,7,5,50,3,2,1,5,4,5,13,4,4,9,5,5,2,17,2,52,3,10,7,1,7,6,1,8,1,4,44,1,21,121.5786017,25.06037307
114,07,28,18,35,08士林區,士林區大南路與承德路4段口,0,0,1,1,B03,7,5,5,40,5,1,1,5,4,5,13,2,1,5,5,5,1,17,2,65,3,10,7,1,7,6,1,8,1,5,9,1,21,121.5214408,25.0887406
114,07,28,18,37,10文山區,文山區興隆路2段244巷11號,0,0,2,1,C03,8,6,5,30,14,9,1,5,4,5,13,4,4,5,5,5,2,16,2,22,2,8,6,1,7,11,1,10,1,14,10,1,21,121.5537335,25.000009
114,07,28,19,13,03中山區,中山區南京東路3段與復興北路口,0,0,1,1,C03,7,5,5,50,4,1,1,5,3,5,13,1,1,9,4,5,2,18,1,21,2,8,6,4,7,15,1,10,1,14,42,1,21,121.5438468,25.051852
114,07,28,19,27,09北投區,北投區東華街2段與立農街1段187巷口,0,0,2,1,C03,7,5,5,40,3,2,1,5,4,5,13,2,1,10,4,5,2,12,2,22,2,9,5,1,7,9,1,10,1,12,108,1,21,121.5049987,25.1212771
114,07,28,19,35,09北投區,北投區光明路北投公園站,0,0,1,1,A02,7,5,5,50,14,9,1,5,4,5,13,1,1,9,4,5,2,8,1,31,3,10,7,1,7,3,1,2,1,2,118,1,21,121.5044097,25.1366492
114,07,28,19,45,08士林區,士林區延平北路7段與洲美快速道路口前,0,0,1,1,B03,7,5,5,30,4,1,1,5,4,5,13,2,1,3,3,4,1,17,2,44,3,10,7,1,7,6,1,8,2,1,9,1,21,121.4972014,25.09523029
114,07,28,19,45,12內湖區,內湖區南京東路6段與新明路298巷口,0,0,2,1,F01,7,6,5,30,4,2,1,5,4,5,13,2,1,10,5,5,2,17,1,36,2,9,4,1,7,5,8,20,1,14,8,1,21,121.5865595,25.04628246
114,07,28,20,15,12內湖區,內湖區金龍路與金龍路213巷口口,0,0,2,1,B03,7,5,5,50,3,1,1,5,4,5,13,3,1,5,4,4,2,13,1,40,3,10,7,1,7,11,1,8,1,3,92,1,21,121.5871858,25.0879006
114,07,28,20,30,05中正區,中正區重慶南路1段與開封街1段口,0,0,1,1,B03,7,5,5,50,4,2,1,4,4,5,13,1,1,9,4,5,2,12,2,55,3,10,7,1,7,1,1,8,9,6,44,1,21,121.5132663,25.04609877
114,07,28,20,32,06松山區,松山區市民大道6段與松山路口,0,0,1,1,B01,7,5,5,50,4,1,1,5,4,5,13,2,1,3,4,5,2,17,1,42,3,10,3,4,7,5,1,4,2,5,71,1,21,121.5776643,25.0495158
114,07,28,20,48,09北投區,北投區洲美快速道路6510097號燈桿,0,0,1,1,B03,6,5,5,70,14,9,1,4,4,5,13,4,4,1,4,5,2,20,1,35,2,7,7,1,7,9,1,8,1,8,13,1,21,121.4998641,25.1177248
114,07,28,21,14,12內湖區,內湖區堤外便道（五分疏散門旁）,0,0,1,1,C03,6,5,5,50,14,9,1,4,4,5,13,1,1,4,5,5,1,17,1,19,2,8,6,1,7,15,1,10,1,12,42,1,21,121.613812,25.0654033
114,07,28,21,15,03中山區,中山區中山北路2段與民權東路1段口,0,0,1,1,C03,7,5,5,50,4,2,1,4,4,5,13,1,1,1,4,5,2,13,2,19,2,9,5,1,7,9,1,10,1,11,16,1,21,121.5221551,25.0580187
114,07,28,21,21,09北投區,北投區北投路2段與大興街口,0,0,1,1,B03,6,5,5,50,4,2,1,4,4,5,13,2,1,10,5,5,2,3,1,53,3,10,7,1,7,5,1,8,9,1,108,2,21,121.4997828,25.1302595
114,07,28,21,24,12內湖區,內湖區成功路2段323巷與成功路2段口,0,0,1,1,C03,7,5,5,50,3,1,1,4,4,5,13,2,1,1,4,5,2,15,1,27,2,9,6,1,7,9,1,10,2,11,81,1,22,121.5902491,25.0704016
114,07,28,21,44,08士林區,士林區至善路2段248燈桿,0,0,3,1,C03,6,5,5,50,14,7,1,4,4,5,13,4,4,1,4,4,1,13,1,27,2,7,6,1,7,9,1,10,1,11,108,1,21,121.5427588,25.0970582
114,07,28,21,45,01大同區,大同區重慶北路2段與南京西路口,0,0,1,1,B03,6,5,5,50,4,2,1,4,4,5,13,2,1,1,4,5,2,13,2,58,3,10,7,1,7,12,1,8,1,5,16,1,21,121.5142592,25.0542306
114,07,28,22,30,03中山區,中山區民權東路3段75巷與復興北路430巷口,0,0,1,1,F03,7,5,5,30,4,1,1,4,4,5,13,4,4,9,4,5,2,17,1,16,2,8,5,1,7,9,8,20,1,11,72,1,21,121.543678,25.0633473
114,07,28,23,00,11南港區,南港區南港路1段與東南街口,0,0,1,1,C03,6,5,5,50,4,1,1,4,4,5,13,2,1,5,4,5,2,16,1,17,2,9,6,1,7,9,2,18,1,11,81,1,21,121.6124501,25.0552771
114,07,29,00,08,12內湖區,內湖區康寧路3段與康寧路3段16巷口,0,0,2,1,C03,6,5,5,50,3,2,1,4,4,5,13,2,1,1,4,4,2,17,1,64,2,9,5,1,7,5,3,18,1,13,8,1,21,121.6068097,25.07303422
114,07,29,06,02,05中正區,中正區貴陽街1段與懷寧街口,0,0,1,1,C03,6,7,5,50,14,9,1,4,4,5,13,4,4,5,5,5,2,13,2,60,2,8,6,1,7,9,1,10,9,12,108,1,26,121.514079,25.0386301
114,07,29,06,34,03中山區,中山區民權西路與天祥路口,0,0,1,1,C03,7,5,6,50,4,1,1,4,4,5,13,1,1,9,4,5,2,16,1,42,2,9,6,4,7,6,1,10,1,12,9,1,22,121.5211043,25.0628108
114,07,29,07,13,07信義區,信義區和平東路3段與嘉興街口,0,0,1,1,B12,6,6,5,50,4,1,1,4,4,5,13,1,1,1,4,5,2,16,1,57,3,10,7,1,7,5,1,8,1,1,71,1,21,121.5540408,25.0230253
114,07,29,07,38,04大安區,大安區和平東路3段與和平東路3段464巷口,0,0,1,1,B03,6,5,5,50,5,2,1,4,4,5,13,2,1,8,3,5,1,16,2,55,3,10,7,1,7,5,1,8,1,2,74,1,21,121.5600857,25.0170503
114,07,29,07,45,12內湖區,內湖區安康路與安康路22巷口,0,0,1,1,B01,6,6,5,50,4,1,1,4,4,5,13,2,1,5,5,5,2,13,1,65,3,10,3,4,7,9,1,4,1,1,76,1,21,121.5935238,25.0625254
114,07,29,08,03,03中山區,中山區長春路172號,0,0,1,1,C03,6,6,5,40,14,9,1,4,4,5,13,4,4,5,4,4,2,13,2,49,2,9,6,1,7,9,1,9,1,11,108,1,22,121.5339293,25.0547517
114,07,29,08,04,07信義區,信義區忠孝東路5段8號,0,0,1,1,H01,6,6,5,0,14,9,1,4,4,5,13,4,4,1,4,5,2,9,1,39,2,8,4,5,8,18,8,20,10,16,60,1,21,121.5652219,25.0410244
114,07,29,08,10,03中山區,中山區新生北路2段與新生北路2段101巷口,0,0,1,1,,6,7,5,50,3,2,1,4,4,5,13,1,1,1,4,5,2,17,4,0,,,,,7,,7,,11,,119,2,,121.5277892,25.05721413
114,07,29,08,21,10文山區,文山區興隆路4段與忠順街1段口,0,0,1,1,C03,6,7,5,50,4,2,1,4,4,5,13,1,1,1,4,5,2,18,2,32,2,9,5,1,7,9,1,10,1,11,116,1,21,121.5615799,24.9846564
114,07,29,08,24,02萬華區,萬華區堤外便道南往北近長順街,0,0,2,1,C03,6,7,5,50,14,9,1,4,4,5,13,4,4,9,5,5,2,16,1,61,2,9,3,4,7,5,1,10,1,14,8,1,22,121.4883869,25.0320331
114,07,29,08,38,01大同區,大同區環河北路1段與鄭州路口,0,0,2,1,C03,6,6,5,50,5,1,1,4,4,5,13,1,1,5,5,5,2,13,1,67,2,8,6,1,7,9,1,10,2,11,16,1,21,121.5068253,25.0505062
114,07,29,08,38,09北投區,北投區西安街2段與石牌路1段口,0,0,1,1,C03,6,5,5,50,4,1,1,4,4,5,13,1,1,5,4,5,2,17,2,46,2,9,3,4,7,5,1,10,2,14,8,1,21,121.5148218,25.1151648
114,07,29,08,46,03中山區,中山區民族東路17-1號,0,0,1,1,F01,6,7,8,0,22,20,4,4,4,5,13,4,4,10,5,5,2,2,1,31,3,10,4,1,7,9,8,20,1,11,108,1,22,121.5249556,25.0685381
114,07,29,08,53,03中山區,中山區民權東路1段與新生北路2段口,0,0,1,1,C03,8,6,5,50,4,1,1,5,4,5,13,1,1,1,4,5,2,13,2,22,2,9,6,4,7,9,1,10,1,15,116,1,22,121.5274313,25.0625893
114,07,29,08,54,05中正區,中正區愛國東路與林森南路口口,0,0,1,1,B03,6,6,5,50,3,1,1,4,4,5,13,3,1,1,4,4,1,17,1,32,3,10,7,1,7,6,1,8,2,2,9,1,21,121.5193797,25.0336534
114,07,29,09,03,12內湖區,內湖區行愛路77巷63號,0,0,1,1,B01,6,6,5,50,14,9,1,4,4,5,13,4,4,9,5,5,2,17,1,50,3,10,7,1,7,1,1,4,1,17,19,1,21,121.5831073,25.0637766
114,07,29,09,35,06松山區,松山區敦化南路1段與八德路3段口,0,0,2,1,B03,6,7,5,50,14,7,1,4,4,5,13,4,4,1,4,4,2,17,1,23,3,10,7,1,7,7,1,8,1,17,100,1,26,121.5491484,25.0475972
114,07,29,09,44,04大安區,大安區基隆路3段與基隆路3段156巷口,0,0,1,1,B13,6,6,5,50,14,7,1,4,4,5,13,4,4,1,4,4,1,13,1,28,2,9,3,4,7,9,1,8,2,1,108,1,21,121.5427726,25.0160534
114,07,29,09,56,03中山區,中山區長春路187號,0,0,1,1,B01,7,6,5,50,14,9,1,4,4,5,13,4,4,9,4,5,2,17,1,44,3,10,7,1,7,11,1,4,1,4,10,1,21,121.5380278,25.05474672
114,07,29,10,27,08士林區,士林區延平北路6段與通河西街2段口,0,0,1,1,B12,6,6,5,40,5,1,1,4,4,5,13,1,1,1,4,4,2,17,1,72,3,10,3,4,7,6,1,6,1,5,9,1,21,121.4979598,25.0939864
114,07,29,10,30,12內湖區,內湖區民權東路6段與民權東路6段11巷口,0,0,1,1,C03,6,5,5,50,4,2,1,4,4,5,13,1,1,1,5,5,2,17,2,53,2,9,5,1,7,9,1,10,11,13,44,1,21,121.5787555,25.06697428
114,07,29,10,38,10文山區,文山區保儀路23號,0,0,1,1,A02,8,6,5,50,14,9,2,5,4,5,13,4,4,5,5,5,2,9,1,55,3,10,7,1,7,1,1,2,11,17,44,1,21,121.5686477,24.9882755
114,07,29,11,09,05中正區,中正區福州街14號,0,0,1,1,B01,7,7,5,50,14,9,1,5,4,5,13,4,4,9,5,5,2,12,1,50,3,10,7,1,7,1,1,4,1,8,19,1,22,121.518504,25.0287472
114,07,29,11,37,03中山區,中山區松江路與民生東路2段口,0,0,1,1,C03,7,7,5,50,4,1,1,5,4,5,13,4,4,10,4,5,2,17,2,66,2,9,5,1,7,7,1,10,2,14,100,1,21,121.5331866,25.05816247
114,07,29,11,53,01大同區,大同區重慶北路2段與民權西路口,0,0,1,1,C03,6,6,5,50,4,2,1,4,4,5,13,1,1,1,4,5,2,17,2,18,3,10,5,1,7,9,1,10,11,12,108,1,21,121.5132676,25.06290205
114,07,29,11,57,03中山區,中山區民權東路2段與建國北路3段口,0,0,1,1,C03,6,6,5,50,4,1,1,4,4,5,13,1,1,1,4,5,2,13,2,24,3,10,3,4,7,7,1,10,1,12,100,1,21,121.5370857,25.06239502
114,07,29,12,30,03中山區,中山區敬業三路與敬業三路162巷口,0,0,2,1,C03,6,7,5,50,4,1,1,4,4,5,13,1,1,10,4,5,2,17,2,58,2,9,5,1,7,5,1,10,1,11,71,1,21,121.5563339,25.07930734
114,07,29,12,43,01大同區,大同區承德路1段與華陰街口,0,0,1,1,B01,7,6,5,50,4,1,1,5,4,5,13,1,1,1,4,5,1,16,1,67,3,10,7,1,7,6,1,4,2,7,44,1,21,121.5166571,25.0500095
114,07,29,13,05,03中山區,中山區植福路255號,0,0,1,1,B03,7,5,5,0,14,9,1,4,4,5,13,4,4,9,5,5,2,16,2,67,3,10,3,4,7,1,1,8,1,8,19,1,21,121.561239,25.08222501
114,07,29,13,31,09北投區,北投區北投路2段55號旁,0,0,1,1,B03,8,6,5,50,14,7,1,5,4,5,13,4,4,9,4,4,2,17,2,38,3,10,7,1,7,3,1,8,1,17,18,1,21,121.4970053,25.1334391
114,07,29,14,11,05中正區,中正區羅斯福路4段24巷與羅斯福路4段附近口,0,0,2,1,C03,8,6,5,50,3,2,1,5,4,5,13,4,4,1,4,5,2,17,1,21,2,8,5,1,7,6,1,10,1,12,108,1,21,121.5335039,25.0153967
114,07,29,14,22,04大安區,大安區和平東路3段46-4號前,0,0,1,1,B12,8,7,5,50,14,9,1,5,4,5,13,4,4,8,3,5,1,17,1,35,3,10,3,1,7,13,1,4,1,4,40,1,26,121.5471757,25.0246097
114,07,29,14,30,11南港區,南港區忠孝東路6段225巷與忠孝東路6段口,0,0,1,1,C02,7,7,5,30,4,1,1,5,4,5,13,4,4,10,5,5,2,15,1,67,2,7,3,4,7,9,1,9,2,12,72,1,21,121.5883843,25.0494098
114,07,29,14,35,10文山區,文山區辛亥路4段與萬美街2段口口,0,0,1,1,B03,8,6,5,40,3,2,1,5,4,5,13,2,1,5,5,4,2,16,1,24,3,10,7,1,7,11,1,7,1,8,10,1,21,121.558423,25.0059012
114,07,29,14,43,06松山區,松山區市民大道5段與東興路口,0,0,3,1,C03,8,6,5,40,4,1,1,5,4,5,13,1,1,1,4,5,2,17,1,54,3,10,6,1,7,12,1,10,1,13,16,1,21,121.5659643,25.0484459
114,07,29,15,03,11南港區,南港區忠孝東路7段與忠孝東路7段466巷口口,0,0,2,1,B03,8,6,5,50,3,2,1,5,4,5,13,4,4,1,5,5,2,16,2,42,2,9,3,4,7,6,1,8,1,4,73,1,21,121.6074876,25.0520981
114,07,29,15,21,12內湖區,內湖區民權東路6段與民權東路6段180巷口口,0,0,2,1,C03,8,5,5,50,4,2,1,5,4,5,13,1,1,1,4,5,2,16,1,38,2,9,6,1,7,10,1,10,1,14,100,1,21,121.5925228,25.0688535
114,07,29,15,39,03中山區,中山區樂群二路265巷與樂群二路口,0,0,1,1,B12,8,6,5,50,3,1,1,5,4,5,13,1,1,1,4,5,2,17,1,54,3,10,3,4,7,1,1,8,9,17,19,1,22,121.5600854,25.0799042
114,07,29,16,20,11南港區,南港區研究院路2段14號,0,0,1,1,B03,7,7,5,50,14,9,1,5,4,5,13,4,4,1,4,5,2,12,1,45,3,10,7,1,7,1,1,8,1,8,19,1,21,121.61554,25.0474583
114,07,29,16,40,10文山區,文山區景隆街與景隆街1巷口,0,0,1,1,C03,8,6,5,30,4,1,1,5,4,5,13,4,4,10,5,5,2,15,1,63,3,10,6,1,7,9,1,10,2,11,72,1,21,121.5402341,24.9997591
114,07,29,16,49,08士林區,士林區基河路300巷與士商路口,0,0,1,1,C03,7,6,5,50,4,2,1,5,4,5,13,4,4,9,4,5,1,16,2,68,2,9,3,4,7,5,3,18,1,12,72,1,21,121.5181277,25.0930565
114,07,29,16,51,04大安區,大安區愛國東路與杭州南路2段口,0,0,2,1,C03,8,6,5,50,4,1,1,5,4,5,13,2,1,9,4,5,1,16,2,45,2,9,3,4,7,5,1,10,1,14,8,2,21,121.522617,25.032226
114,07,29,16,58,12內湖區,內湖區康寧路3段與康寧路3段70巷口,0,0,1,1,B03,7,5,5,50,4,1,1,5,4,5,13,1,1,1,1,5,1,16,1,29,3,10,3,4,7,5,1,8,1,1,71,1,21,121.6111934,25.070377
114,07,29,17,00,03中山區,中山區北安路47號,0,0,2,1,B03,8,7,5,50,14,9,1,5,4,5,13,4,4,1,4,5,2,16,2,45,3,10,7,1,7,5,1,8,1,2,8,1,22,121.5285185,25.0776936
114,07,29,17,01,02萬華區,萬華區康定路22號,0,0,2,1,C03,8,6,5,50,14,9,1,5,4,5,13,4,4,8,3,5,1,17,2,48,2,7,5,1,7,11,1,10,1,14,44,1,21,121.5029668,25.044909
114,07,29,17,09,10文山區,文山區木柵路4段159巷084電桿,0,0,1,1,C03,8,6,5,30,11,9,1,5,4,5,13,4,4,10,5,5,2,11,2,27,2,8,6,1,7,9,1,10,1,14,5,2,21,121.5715052,25.0112646
114,07,29,17,10,01大同區,大同區承德路3段198巷與承德路3段208巷口,0,0,1,1,C03,8,6,5,30,3,1,1,5,4,5,13,4,4,10,5,5,2,16,2,51,2,9,5,1,7,6,1,10,1,14,72,1,21,121.5179258,25.070475
114,07,29,17,16,09北投區,北投區大同街與永興路1段口,0,0,1,1,C03,8,6,5,50,4,1,1,5,4,5,13,1,1,9,5,5,2,16,1,69,3,10,5,1,7,9,1,10,2,12,94,1,21,121.499238,25.1387818
114,07,29,17,34,12內湖區,內湖區民權東路6段180巷10弄6號,0,0,1,1,B03,8,6,5,30,14,9,1,5,4,5,13,4,4,10,5,5,2,17,1,66,3,10,7,1,7,9,1,8,1,2,108,1,21,121.5923285,25.0678975
114,07,29,17,36,11南港區,南港區忠孝東路6段135號,0,0,1,1,B03,7,6,5,40,14,8,1,5,4,5,13,4,4,1,4,4,2,17,1,43,3,10,3,4,7,3,1,8,1,3,44,1,21,121.585878,25.0484789
114,07,29,17,43,05中正區,中正區忠孝西路1段100號,0,0,1,1,C03,8,6,5,50,14,9,1,5,4,5,13,4,4,3,4,5,2,12,2,53,3,10,6,1,7,9,1,10,9,12,42,2,21,121.5126642,25.0472835
114,07,29,18,00,03中山區,中山區中山北路2段與民生西路口,0,0,2,1,C04,8,6,5,50,4,1,1,5,4,5,13,1,1,1,4,5,2,13,1,33,2,7,6,4,7,9,1,10,1,11,108,1,21,121.5227626,25.0582112
114,07,29,18,00,08士林區,士林區德行東路與德行東路129巷口,0,0,1,1,C03,8,6,5,50,4,2,1,5,4,5,13,4,4,5,5,5,2,13,2,42,2,9,3,4,7,9,1,10,2,11,108,1,21,121.5293531,25.1081884
114,07,29,18,16,01大同區,大同區承德路3段與敦煌路口,0,0,1,1,B03,8,6,5,50,5,1,1,5,4,5,13,4,4,1,5,5,2,12,1,74,3,10,7,1,7,7,1,8,1,2,100,1,21,121.520218,25.0750141
114,07,29,18,52,01大同區,大同區昌吉街與重慶北路3段口口,0,0,2,1,C03,8,5,5,50,4,1,1,5,4,5,13,2,1,10,4,5,2,13,1,45,2,9,5,1,7,12,1,10,2,11,44,1,21,121.5133566,25.0659712
114,07,29,19,12,04大安區,大安區和平東路3段與敦化南路2段口,0,0,1,1,B12,8,5,5,50,4,2,1,5,4,5,13,2,1,1,3,1,1,16,1,50,3,10,7,1,7,6,1,8,1,2,98,1,21,121.5489664,25.0245267
114,07,29,19,55,06松山區,松山區八德路4段429號,0,0,1,1,B03,8,5,5,50,14,9,1,5,4,5,13,4,4,1,3,5,2,17,2,59,3,10,3,1,7,13,1,8,1,4,40,1,22,121.5698818,25.0499298
114,07,29,20,45,09北投區,北投區大度路3段與立德路口,0,0,1,1,B03,8,5,5,50,3,2,1,5,4,5,13,1,1,1,4,5,1,13,1,56,3,10,7,1,7,9,1,8,1,1,108,1,22,121.4717935,25.122964
114,07,29,21,23,10文山區,文山區興隆路2段244巷3號,0,0,1,1,B03,8,5,5,50,14,9,1,5,4,5,13,4,4,9,5,5,2,17,2,57,3,10,7,1,7,9,1,8,1,4,44,1,21,121.5536893,25.0007742
114,07,29,21,35,08士林區,士林區中山北路5段與中山北路5段698巷口,0,0,4,1,B03,7,5,5,50,5,2,1,5,4,5,13,1,1,1,4,5,2,17,1,24,2,1,7,1,7,5,1,8,2,4,8,1,22,121.5274252,25.0977045
114,07,29,21,41,08士林區,士林區延平北路7段106巷東往西（延平河濱248號燈桿）,0,0,2,1,F01,7,5,5,30,14,9,1,4,5,5,13,4,4,10,5,5,1,17,1,34,2,8,3,4,7,9,8,20,1,11,108,1,22,121.4901249,25.11076827
114,07,29,23,31,05中正區,中正區中華路1段與貴陽街1段口,0,0,1,1,B01,8,5,5,50,4,1,1,5,4,5,13,1,1,1,4,1,1,12,1,39,3,10,7,1,7,8,1,4,2,5,80,1,21,121.5076216,25.0392028
114,07,30,00,27,01大同區,大同區忠孝西路2段與西寧北路口,0,0,3,1,C03,8,5,5,50,4,1,1,2,4,5,13,2,1,5,4,5,2,17,1,30,3,10,5,1,7,6,1,10,9,17,37,1,21,121.5077944,25.0494389
114,07,30,03,49,05中正區,中正區和平西路1段與晉江街口,0,0,2,1,C03,7,5,5,50,5,18,1,5,4,5,13,2,1,1,4,5,2,3,1,78,2,9,6,1,7,9,1,10,2,12,70,1,22,121.5208563,25.0268536
114,07,30,05,50,09北投區,北投區紗帽路1206397號燈桿,0,0,2,1,C03,7,7,5,30,14,9,1,3,4,5,13,4,4,5,5,5,1,18,2,18,2,9,5,1,7,9,1,10,1,14,108,1,21,121.5435871,25.14294
114,07,30,06,23,06松山區,松山區市民大道6段往西0207287號燈桿,0,0,1,1,F01,8,5,5,40,14,9,1,5,4,5,13,4,4,1,3,5,2,13,1,41,2,9,3,1,7,7,8,20,5,13,100,1,22,121.5750009,25.0494383
114,07,30,06,57,01大同區,大同區台北橋機慢車道（往台北）,0,0,2,1,C03,8,6,7,40,14,11,1,5,4,5,13,4,4,8,5,5,1,13,1,58,2,9,3,4,7,9,1,10,1,11,118,1,21,121.5091438,25.0631948
114,07,30,06,57,07信義區,信義區基隆路1段與松隆路口,0,0,1,1,B02,8,6,5,50,5,18,1,5,4,5,13,2,1,1,4,5,2,3,1,55,3,10,7,1,7,6,1,8,2,5,70,1,21,121.5660919,25.0433166
114,07,30,07,34,01大同區,大同區台北橋機慢車道西向東(燈桿編號282593),0,0,2,1,C03,8,6,5,40,8,11,1,5,4,5,13,4,4,3,5,5,2,17,2,41,2,8,5,4,7,9,1,10,1,11,108,1,21,121.5068607,25.0634517
114,07,30,07,36,07信義區,信義區信義路6段15巷與松德路169巷口,0,0,2,1,B03,8,6,5,30,4,1,1,5,4,5,13,4,4,5,2,5,2,15,1,36,3,10,7,1,7,9,1,8,1,1,72,1,21,121.5751892,25.0360966
114,07,30,07,37,09北投區,北投區大度路3段與關渡路口,0,0,1,1,B03,8,5,5,50,3,1,1,5,4,5,13,1,1,3,4,2,2,17,2,53,3,10,3,4,7,6,1,8,2,6,9,1,21,121.4694746,25.1229005
114,07,30,07,50,05中正區,(忠孝東路1段47號前),0,0,1,1,B01,8,6,5,30,3,1,1,5,4,5,13,4,4,1,4,5,2,16,1,47,3,10,7,1,7,6,1,4,1,8,72,1,21,121.5259816,25.0442685
114,07,30,07,55,03中山區,中山區松江路552號與建國北路3段口,0,0,1,1,C03,8,6,5,50,5,2,1,5,4,5,13,2,1,8,3,5,1,17,1,54,2,9,5,1,7,9,1,10,1,14,42,1,21,121.5331812,25.06767231
114,07,30,07,57,09北投區,北投區大業路與大業路452巷口,0,0,3,1,B03,7,5,5,60,4,1,1,5,4,5,13,2,1,1,4,4,2,16,1,62,3,10,7,1,7,11,1,8,1,15,10,1,21,121.4965405,25.13102052
114,07,30,08,11,08士林區,士林區福志路與雨農路口,0,0,1,1,C03,8,7,5,50,4,1,1,5,4,5,13,2,1,5,4,5,1,17,2,36,2,9,5,1,7,5,1,10,1,13,8,1,21,121.5324017,25.09841566
114,07,30,08,12,06松山區,松山區民生東路5段69巷11號與民生東路5段69巷2弄口,0,0,2,1,C03,8,6,5,30,3,2,1,5,4,5,13,4,4,10,4,5,2,16,2,41,2,9,5,1,7,6,1,10,1,12,72,1,22,121.558233,25.05921151
114,07,30,08,14,05中正區,中正區中華路2段33號(和平醫院前),0,0,1,1,B03,8,6,5,50,14,9,1,5,4,5,13,1,1,1,5,5,2,17,2,41,3,10,7,1,7,1,1,8,1,8,19,1,21,121.506623,25.0358308
114,07,30,08,17,06松山區,松山區南京東路5段與南京東路5段66巷口,0,0,1,1,C03,8,6,5,50,4,2,1,5,4,5,13,2,1,3,4,4,1,16,1,54,3,10,6,1,7,6,1,10,1,13,9,1,22,121.5607744,25.0513743
114,07,30,08,18,10文山區,文山區木柵路4段31之6號,0,0,1,1,F01,7,5,5,50,14,9,1,5,4,5,13,2,1,4,4,5,2,13,1,18,2,9,3,4,7,9,8,20,1,11,108,1,22,121.5715958,24.99401918
114,07,30,08,19,01大同區,大同區民生西路與民生西路171巷口,0,0,2,1,C03,8,6,5,50,5,1,1,5,4,5,13,4,4,5,5,5,2,17,2,33,2,9,6,1,7,5,1,10,2,14,8,1,21,121.5172545,25.0572398
114,07,30,08,25,12內湖區,內湖區民權東路6段300號,0,0,3,1,C03,8,6,5,50,18,9,1,5,4,5,13,4,4,5,4,5,2,17,1,24,3,10,6,1,7,6,1,10,1,12,9,1,21,121.6055367,25.0729021