發生年度,發生月,發生日,發生時-Hours,發生分,區序,肇事地點,死亡人數,2-30日死亡人數,受傷人數,當事人序號,車種,天候,光線,道路類別,速限-速度限制,道路型態,事故位置,路面狀況1,路面狀況2,路面狀況3,道路障礙1,道路障礙2,號誌1,號誌2,車道劃分-分向,車道劃分-分道1,車道劃分-分道2,車道劃分-分道3,事故類型及型態,性別,年齡,受傷程度,主要傷處,保護裝置,行動電話,車輛用途,當事者行動狀態,駕駛資格情形,駕駛執照種類,飲酒情形,車輛撞擊部位1,肇因碼-個別,個人肇逃否,職業,座標-X,座標-Y
114,08,01,07,57,04大安區,大安區忠孝東路4段311號,0,0,2,1,C03,7,7,5,50,14,9,1,5,4,5,13,4,4,1,4,5,1,17,1,59,2,9,5,1,7,8,1,10,1,12,100,1,21,121.5556916,25.041499
114,08,01,07,59,07信義區,信義區松智路與松智路39巷口,0,0,1,1,B03,8,6,5,50,3,1,1,5,4,5,13,4,4,9,5,5,2,17,1,38,3,10,3,4,7,6,1,8,2,5,9,1,22,121.565333,25.0296055
114,08,01,08,24,02萬華區,萬華區桂林路與堤外便道口口,0,0,2,1,C03,8,7,5,40,4,1,1,5,4,5,13,2,1,3,5,5,2,16,1,42,2,8,3,1,7,6,1,10,1,12,9,1,22,121.495949,25.0388864
114,08,01,08,25,12內湖區,內湖區民權東路6段75號,0,0,1,1,C03,8,6,5,50,4,1,1,5,4,5,13,2,1,1,4,5,2,17,1,23,2,9,6,1,7,8,1,10,1,14,100,1,21,121.5878928,25.0691309
114,08,01,08,30,04大安區,大安區安和路2段與安和路2段209巷口,0,0,2,1,F07,8,5,5,25,3,1,1,5,4,5,13,2,1,1,4,1,2,9,1,39,2,8,4,5,7,9,8,20,9,11,108,1,21,121.5499198,25.0260763
114,08,01,08,30,06松山區,松山區光復北路與富錦街口口,0,0,1,1,B13,7,6,5,50,14,7,1,5,4,5,13,4,4,5,4,4,2,16,1,48,3,10,7,1,7,11,1,4,1,4,10,1,21,121.5547876,25.06076617
114,08,01,08,31,03中山區,中山區民權東路2段109號,0,0,2,1,A02,7,6,5,50,14,9,1,5,4,5,13,4,4,1,5,5,1,12,1,58,3,10,3,4,7,8,1,1,1,5,108,1,21,121.5341008,25.0626332
114,08,01,08,38,05中正區,中正區忠孝東路2段與忠孝東路2段121巷口,0,0,1,1,B03,7,5,5,50,3,1,1,5,4,5,13,4,4,1,4,1,2,16,1,33,3,10,7,1,7,6,1,8,1,2,9,1,21,121.5321996,25.04261257
114,08,01,08,46,04大安區,大安區仁愛路3段24巷與新生南路1段165巷口,0,0,1,1,C03,8,6,5,30,4,1,1,5,4,5,13,4,4,10,5,5,2,15,1,59,2,9,6,1,7,9,1,10,1,12,72,1,21,121.5359335,25.0341785
114,08,01,08,54,07信義區,信義區松信路與永吉路200巷56弄口,0,0,1,1,B02,8,7,5,50,22,18,1,5,4,5,13,2,1,5,4,4,2,9,1,47,3,10,3,4,7,1,1,4,1,2,19,1,22,121.5720953,25.0433934
114,08,01,08,55,06松山區,松山區麥帥一橋西往東7510301燈桿,0,0,1,1,C03,7,6,5,40,14,11,1,5,4,5,13,4,4,1,3,5,2,12,1,20,3,10,6,1,7,7,1,10,1,14,100,1,21,121.5697483,25.0513006
114,08,01,09,00,10文山區,文山區指南路3段26號,0,0,1,1,H01,8,7,5,30,14,9,5,5,4,5,13,4,4,10,5,5,2,3,1,6,2,1,4,5,8,18,8,20,10,16,53,1,21,121.5799749,24.9832396
114,08,01,09,05,06松山區,松山區八德路4段692(號(市民大道六段上),0,0,1,1,C03,8,5,5,40,14,9,1,5,4,5,13,4,4,8,3,5,1,16,1,28,2,9,3,1,7,7,1,10,1,14,100,1,21,121.5773675,25.0494988
114,08,01,09,10,06松山區,松山區松河街777號,0,0,2,1,C03,7,7,5,40,14,9,1,5,4,5,13,4,4,9,4,5,2,16,2,27,2,9,5,1,7,11,1,10,1,11,10,1,26,121.5779774,25.0516758
114,08,01,09,17,03中山區,中山區林森北路與雙城街7巷口,0,0,1,1,C03,7,6,5,50,14,9,1,5,4,5,13,4,4,8,5,5,1,16,1,45,2,7,5,1,7,5,1,10,1,12,8,1,21,121.5254572,25.0637479
114,08,01,09,35,12內湖區,內湖區文德路22巷44弄74號,0,0,2,1,B01,7,6,5,30,3,1,1,5,4,5,13,4,4,10,5,5,2,17,2,54,3,10,7,1,7,9,1,4,2,4,44,1,21,121.5810002,25.0762901
114,08,01,09,39,05中正區,中正區羅斯福路2段5號,0,0,1,1,B01,8,6,5,50,14,9,1,5,4,5,13,4,4,1,4,5,1,17,1,57,3,10,7,1,7,7,1,4,2,3,44,1,21,121.5211144,25.029162
114,08,01,09,40,02萬華區,萬華區西園路2段159號,0,0,1,1,C03,8,6,5,50,14,8,1,5,4,5,13,4,4,10,4,4,2,17,1,41,3,10,5,1,7,14,1,10,1,17,38,1,21,121.4958876,25.0290566
114,08,01,09,41,02萬華區,萬華區華中橋機車道往新北市(橋樑接縫處:華中021),0,0,3,1,,8,5,7,40,14,11,1,5,4,5,13,4,4,1,4,5,2,17,4,0,,,,,,,,,,,119,2,,121.5072356,25.03517879
114,08,01,10,16,02萬華區,萬華區萬大路與萬大路85巷口,0,0,1,1,B12,8,7,5,50,4,1,1,5,4,5,13,2,1,3,4,5,2,12,1,22,3,10,3,4,7,8,1,8,1,2,100,1,22,121.500566,25.0303615
114,08,01,10,30,11南港區,南港區忠孝東路6段與東新街口,0,0,1,1,B02,7,7,5,50,4,1,1,5,4,5,13,2,1,1,4,5,2,13,1,59,3,10,7,1,7,5,1,8,2,1,108,1,21,121.585002,25.0478916
114,08,01,10,36,03中山區,中山區中山北路4段與新生高架道口入口,0,0,1,1,C03,7,6,5,30,4,1,1,5,4,5,13,1,1,1,4,5,2,15,1,24,2,9,6,1,7,9,1,10,2,14,80,1,22,121.5251507,25.0768185
114,08,01,10,40,03中山區,中山區錦西街與錦西街5巷口,0,0,1,1,F01,8,6,5,50,4,1,1,5,4,5,13,4,4,9,4,5,2,16,2,83,2,1,4,1,7,5,8,20,1,13,72,1,21,121.521748,25.0603512
114,08,01,11,05,05中正區,中正區羅斯福路3段與師大路口,0,0,1,1,C03,8,6,5,50,4,2,1,5,4,5,13,1,1,1,4,5,2,17,1,30,2,9,5,1,7,9,1,10,1,11,13,1,21,121.5274686,25.0211639
114,08,01,11,38,05中正區,中正區中華路1段與貴陽街1段口,0,0,1,1,E01,8,5,5,50,4,1,1,5,4,5,13,1,1,1,4,1,1,17,1,30,3,10,7,1,7,5,1,8,2,5,44,1,21,121.5076313,25.0392031
114,08,01,11,42,12內湖區,內湖區成功路4段與成功路4段323巷口,0,0,1,1,B03,8,7,5,50,5,2,1,5,4,5,13,1,1,1,4,4,2,17,1,42,3,10,7,1,7,11,1,8,2,2,10,1,21,121.598938,25.084634
114,08,01,11,47,03中山區,中山區敬業一路56號,0,0,1,1,B03,8,7,5,50,14,9,1,5,4,5,13,4,4,9,5,5,2,16,2,61,3,10,7,1,7,11,1,8,1,8,10,1,22,121.5526388,25.08156417
114,08,01,12,03,09北投區,北投區承德路7段260號,0,0,1,1,C04,6,6,5,60,14,7,1,4,4,5,13,4,4,1,4,4,2,17,1,80,2,9,6,1,7,7,1,7,2,14,100,1,21,121.5058936,25.1156836
114,08,01,12,20,08士林區,士林區延平北路5段290號,0,0,2,1,C04,6,5,8,50,22,22,1,4,4,5,13,1,1,1,5,5,1,17,2,73,2,9,5,1,7,5,1,11,1,14,8,1,21,121.5196775,25.09630781
114,08,01,12,24,08士林區,士林區通河街76巷與承德路4段10巷口,0,0,1,1,B03,7,7,5,30,4,1,1,5,4,5,13,4,4,10,5,5,1,15,1,67,3,10,7,1,7,9,1,8,1,1,72,1,21,121.5201411,25.0801602
114,08,01,12,44,03中山區,中山區敬業一路與敬業二路69巷口,0,0,1,1,B03,6,6,5,50,5,2,1,4,4,5,13,4,4,9,3,5,1,17,1,39,3,10,7,1,7,9,1,8,1,2,44,1,21,121.5524464,25.08219054
114,08,01,12,48,03中山區,中山區合江街與合江街61巷口,0,0,2,1,C03,7,6,5,40,3,1,1,5,4,5,13,4,4,8,5,5,1,16,2,19,2,9,3,4,7,5,1,10,1,13,74,1,21,121.5391675,25.05728295
114,08,01,12,52,03中山區,中山區建國北路3段與民權東路3段口,0,0,1,1,C03,8,6,5,50,4,1,1,5,4,5,13,1,1,1,4,5,2,12,1,50,3,10,6,1,7,9,1,10,1,12,108,1,22,121.5372896,25.0625496
114,08,01,13,20,10文山區,文山區木柵路5段43巷（燈桿2070129）,0,0,1,1,F02,8,7,5,30,14,9,1,5,4,5,13,4,4,5,5,5,1,29,1,70,2,9,2,1,7,9,8,20,1,14,42,1,21,121.5856483,25.0085412
114,08,01,13,39,05中正區,中正區重慶南路3段與和平西路1段口,0,0,1,1,B03,8,6,5,50,5,2,1,5,4,5,13,1,1,1,4,5,2,17,1,77,3,10,7,1,7,8,1,8,2,4,100,1,21,121.5159572,25.0269685
114,08,01,14,48,08士林區,士林區中正路與文林路口,0,0,1,1,B03,7,6,5,50,4,1,1,5,4,5,13,1,1,1,4,4,1,16,1,39,3,10,7,1,7,5,1,8,2,7,8,1,22,121.5246155,25.0949839
114,08,01,15,57,01大同區,大同區南京西路262巷26號,0,0,1,1,B03,8,6,5,30,14,9,1,5,4,5,13,4,4,10,5,5,2,17,2,48,3,10,7,4,7,9,1,8,1,8,44,1,21,121.5152881,25.0529615
114,08,01,16,22,07信義區,信義區基隆路2段151-7號,0,0,1,1,C03,7,6,5,50,14,9,1,5,4,5,13,4,4,8,3,5,2,17,2,48,2,9,3,4,7,9,1,10,1,11,108,1,21,121.5545121,25.0259962
114,08,01,16,25,06松山區,松山區八德路4段207巷與八德路4段245巷32弄口,0,0,1,1,C03,6,6,5,30,4,1,1,4,4,5,13,4,4,9,4,5,2,15,2,23,2,9,6,4,7,9,1,10,1,11,72,1,21,121.5637844,25.0499464
114,08,01,17,04,09北投區,北投區石牌路2段99巷9號,0,0,1,1,B02,6,7,5,30,14,9,1,4,4,5,13,4,4,10,5,5,2,12,1,34,3,10,7,1,7,15,1,8,9,4,40,1,21,121.5168312,25.118279
114,08,01,17,40,03中山區,中山區民族東路與濱江街180巷口,0,0,1,1,C03,6,6,5,40,4,1,1,4,4,5,13,2,1,8,5,4,2,12,2,55,2,9,6,4,6,8,1,10,2,15,100,1,21,121.5379575,25.0682997
114,08,01,17,47,11南港區,南港區南港路1段與惠民街口,0,0,1,1,B03,6,7,5,50,3,1,1,4,4,5,13,1,1,5,4,5,2,17,2,55,3,10,7,1,7,11,1,8,9,17,10,2,21,121.610238,25.0549557
114,08,01,17,54,04大安區,大安區基隆路高架道往北065燈桿,0,0,3,1,B02,6,5,5,60,14,9,1,4,4,5,13,4,4,1,4,5,2,17,1,69,2,2,7,1,7,8,1,8,1,5,100,1,21,121.5410375,25.01434274
114,08,01,18,00,11南港區,南港區三重路與三重路41巷口,0,0,1,1,C03,6,6,5,50,3,2,1,4,4,5,13,4,4,5,2,5,2,17,1,48,3,10,6,1,7,11,1,10,2,17,44,1,21,121.6142071,25.0597557
114,08,01,18,14,04大安區,大安區辛亥路1段與辛亥路1段77巷口口,0,0,1,1,C03,6,7,5,40,14,7,1,4,4,5,13,4,4,1,4,4,1,17,2,44,3,10,6,1,7,10,1,10,1,13,100,1,21,121.5308214,25.0213683
114,08,01,18,16,04大安區,大安區辛亥路2段與辛亥路2段171巷口,0,0,1,1,C03,6,6,5,50,3,1,1,4,4,5,13,2,1,1,4,4,2,29,2,30,2,9,6,1,7,9,1,10,1,14,42,1,21,121.5410849,25.0215421
114,08,01,18,23,04大安區,大安區忠孝東路4段251巷14弄與安東街40巷口,0,0,1,1,B03,7,5,5,30,4,1,1,4,4,5,13,4,4,10,5,5,2,15,1,26,3,10,3,4,7,9,1,4,1,8,72,1,22,121.5416157,25.0439246
114,08,01,18,37,03中山區,中山區中山北路2段79號,0,0,1,1,B01,6,5,5,50,14,9,1,4,4,5,13,4,4,10,3,5,2,17,1,65,3,10,7,1,7,15,1,4,1,17,38,1,21,121.5227999,25.0584419
114,08,01,18,40,05中正區,中正區市民大道2段與林森北路口,0,0,2,1,B03,6,5,5,40,4,1,1,4,4,5,13,1,1,1,4,5,1,17,1,44,3,10,7,1,7,8,1,8,2,8,100,1,22,121.5242667,25.0477278
114,08,01,18,52,09北投區,北投區磺港路與光明路口,0,0,1,1,C03,6,5,5,50,5,1,1,4,4,5,13,3,1,9,5,5,2,2,2,23,3,10,5,1,7,5,1,10,1,11,70,1,22,121.5018059,25.1334513
114,08,01,18,59,04大安區,大安區建國南路1段46號,0,0,2,1,F01,6,5,5,50,14,9,1,4,4,5,13,1,1,9,4,5,2,13,1,79,2,9,2,4,7,7,8,20,1,14,100,1,22,121.5363677,25.0437953
114,08,01,19,00,07信義區,信義區松高路與忠孝東路5段236巷口,0,0,1,1,B01,6,5,5,30,4,1,1,4,4,5,13,2,1,8,1,5,2,17,1,52,3,10,7,1,7,5,1,8,1,8,71,1,21,121.5718395,25.0390187
114,08,01,19,06,12內湖區,內湖區康寧路1段55號,0,0,1,1,C03,6,5,5,30,14,9,1,4,4,5,13,4,4,9,4,5,2,10,2,63,3,10,6,1,7,15,1,10,2,11,4,1,21,121.5923988,25.0801575
114,08,01,19,53,04大安區,大安區復興南路2段與復興南路2段12巷口,0,0,1,1,C03,7,6,5,50,3,2,1,4,4,5,13,4,4,1,4,5,2,17,1,40,2,1,6,4,7,9,1,10,1,11,108,1,22,121.5435245,25.0326421
114,08,01,20,00,12內湖區,內湖區金湖路289號與康寧路2段口,0,0,1,1,B03,7,5,5,50,3,1,1,4,4,5,13,4,4,1,4,4,2,16,1,55,3,10,7,1,7,11,1,8,1,5,10,1,21,121.6012364,25.0752267
114,08,01,20,00,07信義區,信義區忠孝東路5段149號對面,0,0,1,1,C03,7,5,8,50,22,22,1,4,4,5,13,4,4,1,4,5,2,18,1,61,2,9,5,1,7,9,1,10,1,12,42,1,22,121.5682327,25.0410019
114,08,01,21,13,09北投區,北投區社子大橋7510131號燈桿,0,0,1,1,B03,7,6,5,50,11,7,1,4,4,5,13,4,4,1,3,4,1,11,2,72,3,10,7,1,7,9,1,8,2,5,4,1,22,121.5234742,25.11582116
114,08,01,21,29,08士林區,士林區故宮路與至善路2段口,0,0,1,1,C03,8,5,5,50,4,2,1,5,4,5,13,1,1,1,4,5,2,18,2,32,2,9,3,4,7,9,1,10,2,12,44,1,21,121.5313183,25.10496719
114,08,01,22,09,01大同區,大同區承德路3段與民權西路口,0,0,2,1,C03,7,5,5,50,4,2,1,5,4,5,13,4,4,1,4,5,2,13,2,49,2,9,6,1,7,9,1,10,1,11,16,1,21,121.5190216,25.0629597
114,08,01,23,13,11南港區,南港區忠孝東路6段東往西81號停車格,0,0,1,1,B03,7,5,5,40,14,8,1,5,4,5,13,4,4,3,4,4,2,16,1,25,3,10,7,1,7,1,1,8,1,8,19,1,21,121.5838683,25.0469968
114,08,01,23,15,08士林區,士林區通河西街2段57號,0,0,1,1,B03,8,5,5,40,14,9,1,5,4,5,13,4,4,9,5,5,2,14,1,36,2,8,3,4,7,2,1,8,1,4,12,1,22,121.510785,25.09110288
114,08,02,00,10,01大同區,大同區酒泉街68號,0,0,2,1,C03,7,5,5,50,14,9,1,5,4,5,13,4,4,5,4,5,2,17,1,21,2,9,3,4,7,9,1,10,1,11,108,1,21,121.5154129,25.0719745
114,08,02,00,23,05中正區,中正區重慶南路1段與開封街1段口,0,0,2,1,C03,8,5,5,50,4,2,1,5,4,5,13,1,1,10,4,5,1,17,1,33,2,9,6,1,7,6,1,9,2,12,9,1,22,121.5132099,25.0460989
114,08,02,01,00,03中山區,中山區林森北路與民生東路1段23巷口,0,0,1,1,B03,8,5,5,50,4,2,1,5,4,5,13,2,1,5,5,5,2,16,1,56,3,10,7,1,7,6,1,8,1,2,9,1,21,121.5254921,25.0590385
114,08,02,01,25,09北投區,北投區洲美街275號基隆河河濱自行車道,0,0,1,1,F01,7,6,8,0,22,23,1,5,4,5,13,4,4,9,5,5,1,20,2,40,2,9,6,1,7,9,8,20,1,11,108,1,21,121.4987859,25.1015999
114,08,02,03,19,10文山區,文山區木新路3段與木新路3段45巷口,0,0,2,1,C03,7,5,5,50,4,1,1,5,4,5,13,1,1,10,5,5,2,15,1,22,2,9,3,4,7,9,1,10,1,11,81,1,22,121.5642189,24.982492
114,08,02,06,55,11南港區,南港區忠孝東路6段與忠孝東路6段225巷口,0,0,1,1,B03,8,7,5,30,3,1,1,5,4,5,13,4,4,1,3,4,2,16,1,44,3,10,7,1,7,6,1,8,1,4,72,1,21,121.5883868,25.0492107
114,08,02,07,04,05中正區,中正區延平南路與延平南路216巷口,0,0,1,1,C03,7,7,5,30,4,1,1,5,4,5,13,4,4,9,5,5,2,16,1,18,2,9,6,1,7,5,1,10,1,14,72,1,22,121.5075124,25.0344501
114,08,02,07,51,10文山區,文山區木新路3段172巷與木新路3段172巷2弄口口,0,0,1,1,B01,8,6,5,30,4,1,1,5,4,5,13,4,4,10,5,5,1,15,1,55,3,10,7,1,7,9,1,4,1,1,72,1,21,121.560585,24.9822472
114,08,02,08,41,02萬華區,萬華區桂林路與桂林路4巷口,0,0,1,1,B01,8,5,5,50,3,1,1,5,4,5,13,4,4,9,4,5,2,17,1,53,3,10,7,4,7,6,1,4,1,5,9,1,21,121.505948,25.03758011
114,08,02,08,50,07信義區,信義區吳興街84號,0,0,2,1,C03,7,7,5,30,14,9,1,5,4,5,13,4,4,10,5,5,2,1,1,77,2,9,5,1,7,15,1,10,9,14,42,1,21,121.5597335,25.0314269
114,08,02,09,18,09北投區,北投區大度路3段與關渡路口,0,0,1,1,B03,7,7,5,50,3,1,1,5,4,5,13,2,1,3,4,5,2,16,1,64,3,10,7,1,7,6,1,8,1,5,9,1,22,121.4695209,25.1228936
114,08,02,09,28,09北投區,北投區中央北路1段73號大門口,0,0,2,1,C03,8,6,5,50,14,9,1,5,4,5,13,3,1,5,5,5,2,13,1,59,2,7,5,1,7,9,1,10,1,11,16,1,21,121.5002895,25.1342516
114,08,02,09,40,02萬華區,萬華區廣州街與廣州街253巷口,0,0,1,1,H01,8,6,5,50,3,2,1,5,4,5,13,4,4,10,5,5,1,9,1,32,2,8,4,5,8,16,8,20,10,16,60,1,22,121.4967881,25.0368597
114,08,02,10,05,01大同區,大同區蘭州街89巷與蘭州街89巷1弄口,0,0,3,1,C03,8,6,5,30,3,1,1,5,4,5,13,4,4,9,4,5,2,17,1,22,2,9,5,1,7,6,1,10,1,11,4,1,21,121.515655,25.0642737
114,08,02,10,13,07信義區,信義區忠孝東路5段22巷北向南(松高路11號),0,0,1,1,B03,8,6,5,50,14,9,1,5,4,5,13,4,4,5,4,5,1,17,2,39,3,10,3,4,7,1,1,8,1,8,19,1,21,121.5660604,25.0395886
114,08,02,10,20,12內湖區,內湖區康樂街136巷與康樂街口,0,0,2,1,B03,7,6,5,50,4,1,1,5,4,5,13,1,1,10,5,5,2,12,1,52,3,10,7,1,7,9,1,8,2,7,108,1,21,121.6193169,25.0719381
114,08,02,10,31,11南港區,南港區同德路與同德路85巷口口,0,0,1,1,C03,8,6,5,50,4,1,1,5,4,5,13,2,1,5,5,5,2,12,2,68,2,9,6,1,7,15,1,10,1,14,44,1,21,121.5856713,25.0460224
114,08,02,10,55,12內湖區,內湖區大湖街131巷18弄46號,0,0,1,1,F01,8,6,5,30,14,9,1,5,4,5,13,4,4,10,5,5,2,17,1,31,2,7,4,1,7,9,8,20,1,14,42,1,21,121.5991123,25.0862216
114,08,02,11,00,12內湖區,內湖區文德路218號,0,0,1,1,C03,7,7,8,50,14,9,1,5,4,5,13,4,4,1,4,4,2,17,1,33,2,9,5,1,7,8,1,10,2,11,100,1,21,121.5847331,25.0784818
114,08,02,11,04,04大安區,大安區金華街與信義路2段198巷口,0,0,2,1,B03,8,6,5,50,4,1,1,5,4,5,13,2,1,10,5,5,2,16,1,36,3,10,3,4,7,6,1,8,1,2,9,1,22,121.5315028,25.0299737
114,08,02,11,41,03中山區,中山區新生北路1段與林森北路133巷口,0,0,1,1,C03,7,6,5,50,3,2,1,5,4,5,13,4,4,1,5,5,1,13,1,26,2,8,3,4,7,9,1,9,1,11,108,1,21,121.5277884,25.05098945
114,08,02,12,19,09北投區,北投區石牌路2段與石牌路2段357巷口,0,0,1,1,B01,8,6,5,50,3,1,1,5,4,5,13,4,4,5,5,5,2,16,1,50,3,10,7,1,7,11,1,2,2,1,74,1,26,121.5252685,25.1234798
114,08,02,12,37,03中山區,中山區民族東路與龍江路口,0,0,1,1,C03,7,7,5,40,3,1,1,4,4,5,13,2,1,10,5,5,2,18,2,50,2,1,6,1,7,6,1,10,9,14,118,1,26,121.5409934,25.06798446
114,08,02,12,47,02萬華區,萬華區環河南路2段與環河南路2段175巷口,0,0,1,1,B03,7,7,5,30,4,1,1,5,4,5,13,2,1,1,5,5,2,9,1,66,3,10,7,1,7,5,1,8,1,8,44,1,21,121.4920486,25.0328628
114,08,02,13,20,08士林區,士林區中正路與重慶北路4段口口,0,0,1,1,C03,6,6,5,50,3,1,1,4,4,5,13,1,1,1,4,4,1,13,1,18,3,10,6,1,7,9,1,10,1,11,108,1,21,121.5113554,25.08747417
114,08,02,13,21,07信義區,信義區松壽路20號,0,0,1,1,B01,6,7,5,50,14,9,1,4,4,5,13,2,1,9,4,5,2,17,1,48,3,10,7,1,7,8,1,4,9,15,100,1,21,121.56698,25.0357957
114,08,02,14,09,12內湖區,內湖區環山路3段26號附近側附近,0,0,1,1,C03,7,6,5,50,14,9,1,5,4,5,13,4,4,4,3,5,2,13,1,59,2,7,6,1,7,9,1,10,1,11,16,1,21,121.5799382,25.0846778
114,08,02,14,13,02萬華區,萬華區西園路2段與東園街口,0,0,1,1,C03,6,6,5,50,3,1,1,4,4,5,13,2,1,1,4,4,2,17,1,36,3,10,6,1,7,12,1,10,1,17,44,1,26,121.4951458,25.02811671
114,08,02,15,50,04大安區,大安區和平東路1段與和平東路1段41巷口,0,0,1,1,B03,6,7,5,50,3,2,1,4,4,5,13,1,1,1,4,5,2,17,1,31,3,10,7,1,7,8,1,8,1,17,100,1,21,121.5239058,25.027022
114,08,02,15,55,03中山區,中山區建國北路3段與建國北路3段86巷口,0,0,1,1,B03,8,7,5,50,3,1,1,5,4,5,13,3,1,1,4,5,2,16,1,71,3,10,7,1,7,6,1,8,1,5,9,1,21,121.5353626,25.0660978
114,08,02,16,00,03中山區,中山區長安東路1段67號,0,0,1,1,B03,8,7,5,30,14,9,1,5,4,5,13,4,4,5,2,5,2,17,2,60,3,10,7,1,7,1,1,8,1,4,19,1,21,121.5276695,25.04847195
114,08,02,16,28,04大安區,大安區安和路1段60號,0,0,2,1,B01,8,7,5,50,14,9,1,5,4,5,13,4,4,1,4,5,2,17,1,69,2,7,7,1,7,9,1,4,1,5,108,1,21,121.5524563,25.0358748
114,08,02,16,35,10文山區,文山區木柵路5段與萬福橋口旁,0,0,1,1,C03,7,7,5,50,3,2,1,4,4,5,13,1,1,5,4,5,2,20,1,64,2,9,5,1,7,15,6,10,1,11,42,1,21,121.5835709,25.0029403
114,08,02,17,18,09北投區,北投區大業路與大業路452巷口,0,0,1,1,B03,8,6,5,60,14,7,1,5,4,5,13,4,4,1,4,4,2,17,1,30,3,10,7,1,7,8,1,8,9,17,100,1,21,121.4960761,25.1315014
114,08,02,17,48,07信義區,信義區永吉路127巷11弄與永吉路127巷口,0,0,1,1,B03,7,6,5,30,4,1,1,5,4,5,13,4,4,10,5,5,2,16,1,46,3,10,3,4,7,9,1,8,2,5,72,1,21,121.5703763,25.0462389
114,08,02,17,49,06松山區,松山區南京東路3段262號,0,0,1,1,C03,8,6,5,50,14,9,1,5,4,5,13,4,4,3,4,5,2,17,1,33,3,10,6,4,7,8,1,10,1,17,100,1,22,121.5450197,25.05176146
114,08,02,17,55,04大安區,大安區永康街與永康街31巷口,0,0,1,1,B01,8,6,5,30,14,9,1,5,4,5,13,4,4,10,5,5,2,2,1,52,3,10,7,1,7,9,1,2,1,5,108,1,21,121.5296838,25.0313072
114,08,02,18,07,05中正區,中正區林森北路7-1號對面,0,0,1,1,F01,8,6,5,50,14,9,1,5,4,5,13,4,4,5,4,5,2,12,1,31,2,9,4,1,7,15,8,20,1,12,100,1,21,121.5236101,25.045979
114,08,02,18,28,02萬華區,萬華區康定路與長沙街2段口,0,0,2,1,B03,7,6,5,50,5,1,1,5,4,5,13,2,1,5,4,5,2,17,1,28,3,10,7,1,7,5,1,8,1,1,71,1,21,121.5021124,25.0405766
114,08,02,18,40,05中正區,中正區延平南路與貴陽街1段口,0,0,2,1,C03,7,5,5,50,4,2,1,5,4,5,13,1,1,5,2,5,2,16,1,24,2,9,6,1,7,5,1,10,1,14,8,1,22,121.5087606,25.0392349
114,08,02,19,11,11南港區,南港區研究院路1段與研究院路1段130巷口,0,0,1,1,C03,7,5,5,50,4,2,1,5,4,5,13,1,1,1,4,5,2,12,2,70,2,9,6,1,7,7,1,10,1,14,100,1,21,121.6157505,25.0490769
114,08,02,20,00,04大安區,大安區仁愛路4段與敦化南路1段口口,0,0,1,1,C03,7,5,5,50,4,1,1,5,4,5,13,2,1,1,4,5,2,16,2,24,2,9,3,4,7,6,1,10,1,14,9,1,22,121.5503013,25.0374544
114,08,02,20,04,02萬華區,萬華區雙園街與環河南路2段口,0,0,1,1,C03,8,5,5,50,4,2,1,5,4,5,13,1,1,9,5,5,2,17,1,41,2,7,5,1,7,1,1,10,1,14,19,1,21,121.4914805,25.0320684
114,08,02,20,45,05中正區,中正區貴陽街1段與中山南路口,0,0,1,1,C03,7,5,5,50,4,2,1,5,4,5,13,2,1,9,4,5,2,13,1,20,2,8,5,1,7,9,1,10,1,11,16,1,21,121.5171941,25.038099
114,08,02,21,05,05中正區,中正區金華街與杭州南路2段口,0,0,2,1,B01,7,5,5,50,4,1,1,5,4,5,13,1,1,5,5,5,2,17,1,39,3,10,7,1,7,5,1,4,1,8,71,1,22,121.5222334,25.0309541
114,08,02,21,16,07信義區,信義區基隆路2段與嘉興街216巷口,0,0,2,1,C03,7,5,5,50,4,1,1,5,4,5,13,2,2,1,1,4,2,13,1,37,2,7,6,1,7,6,1,10,1,12,9,1,21,121.5559766,25.0272755
114,08,02,21,24,12內湖區,內湖區瑞湖街103號,0,0,2,1,C03,7,5,5,50,14,9,1,5,4,5,13,4,4,9,5,5,2,3,1,57,2,9,6,1,7,9,1,10,2,11,108,1,22,121.576155,25.0725589
114,08,02,21,40,08士林區,士林區復興橋與至誠路1段口,0,0,1,1,C03,7,5,5,50,5,1,1,5,4,5,13,2,1,4,4,5,2,17,2,21,2,7,3,4,7,8,1,10,1,12,99,1,21,121.5377753,25.1009851
114,08,02,21,54,09北投區,北投區公館路與崇仰一路口,0,0,1,1,B03,7,5,5,50,4,1,1,5,4,5,13,3,3,5,5,5,2,16,1,36,3,10,7,1,7,5,1,8,2,1,74,1,21,121.5051995,25.1236879
114,08,02,22,21,04大安區,大安區市民大道4段與敦化南路1段口,0,0,1,1,C03,7,5,5,40,4,1,1,5,4,5,13,2,1,1,4,5,2,17,1,19,3,10,3,4,7,5,1,10,1,17,8,1,22,121.5494369,25.044553
114,08,02,22,28,08士林區,士林區重慶北路4段與重慶北路4段1巷口,0,0,1,1,B03,7,5,5,40,3,1,1,5,4,5,13,4,4,1,4,4,2,16,2,47,3,10,7,1,7,6,1,8,1,5,44,1,21,121.5133121,25.07997261
114,08,02,22,46,01大同區,大同區承德路3段與承德路3段177巷口,0,0,3,1,C03,8,5,5,50,5,2,1,5,4,5,13,4,4,1,4,5,2,13,2,23,2,9,6,1,7,9,1,10,1,11,108,1,21,121.518514,25.0691919