發生年度,發生月,發生日,發生時-Hours,發生分,區序,肇事地點,死亡人數,2-30日死亡人數,受傷人數,當事人序號,車種,天候,光線,道路類別,速限-速度限制,道路型態,事故位置,路面狀況1,路面狀況2,路面狀況3,道路障礙1,道路障礙2,號誌1,號誌2,車道劃分-分向,車道劃分-分道1,車道劃分-分道2,車道劃分-分道3,事故類型及型態,性別,年齡,受傷程度,主要傷處,保護裝置,行動電話,車輛用途,當事者行動狀態,駕駛資格情形,駕駛執照種類,飲酒情形,車輛撞擊部位1,肇因碼-個別,個人肇逃否,職業,座標-X,座標-Y
114,08,03,00,26,07信義區,信義區松仁路88號,0,0,1,1,B03,7,5,5,50,14,9,1,5,4,5,13,4,4,8,3,5,2,9,1,50,3,10,3,4,7,9,1,8,1,1,108,1,21,121.5682408,25.0355108
114,08,03,07,24,04大安區,大安區建國南路2段往北(迴轉道)前,0,0,1,1,B03,8,7,5,50,14,9,1,5,4,5,13,4,4,8,3,4,1,17,1,57,3,10,7,1,7,7,1,8,1,17,100,1,21,121.5378581,25.0248892
114,08,03,07,40,02萬華區,萬華區西藏路與環河南路2段口245號環南市場出入口前,0,0,1,1,B03,8,6,5,40,3,2,1,5,4,5,13,4,4,1,4,4,2,17,1,57,3,10,7,1,7,9,1,8,1,2,87,1,21,121.4908605,25.0294368
114,08,03,08,42,02萬華區,萬華區貴陽街2段85號,0,0,2,1,C03,8,6,5,50,14,9,1,5,4,5,13,4,4,10,4,5,2,16,2,29,2,7,6,1,7,7,1,10,1,14,100,1,22,121.5037852,25.0398227
114,08,03,09,40,08士林區,士林區承德路4段10巷與通河街76巷口,0,0,1,1,C03,8,6,5,30,4,2,1,5,4,5,13,4,4,9,4,5,1,16,2,47,2,9,3,4,7,9,1,10,1,12,72,1,21,121.5201165,25.0801346
114,08,03,09,40,10文山區,文山區新光路2段（燈桿0707711）,0,0,1,1,F01,8,7,5,50,14,9,1,5,4,5,13,4,4,9,4,5,1,18,1,50,2,9,6,1,7,9,8,20,2,11,42,1,21,121.5889979,24.9993414
114,08,03,10,22,08士林區,士林區重慶北路4段119號,0,0,1,1,C03,8,6,5,50,14,7,1,5,4,5,13,4,4,1,4,4,2,12,1,68,2,8,6,1,7,7,1,10,2,14,100,1,21,121.520955,25.12050225
114,08,03,10,58,03中山區,中山區復興北路430巷與民權東路3段75巷口,0,0,2,1,F01,8,7,5,30,4,1,1,5,4,5,13,4,4,10,5,5,2,12,1,61,2,9,4,1,7,5,8,20,1,14,8,1,21,121.543652,25.0633629
114,08,03,11,00,08士林區,士林區通河街與通河街1巷口口,0,0,2,1,C03,8,6,5,30,4,1,1,5,4,5,13,3,1,10,4,5,1,15,1,28,2,7,6,1,7,9,1,10,1,11,72,1,21,121.5236591,25.07990804
114,08,03,11,29,09北投區,北投區北投路1段與三合街2段口口,0,0,1,1,B01,8,6,5,50,4,1,1,5,4,5,13,1,1,10,5,5,2,17,1,62,3,10,7,1,7,8,1,1,2,5,100,1,21,121.5006921,25.1262262
114,08,03,11,39,03中山區,中山區中山北路1段與華陰街口,0,0,1,1,C03,7,6,5,50,14,8,1,5,4,5,13,4,4,1,3,1,1,17,1,41,3,10,6,1,7,8,1,10,1,17,44,1,21,121.5211483,25.04895108
114,08,03,12,16,07信義區,信義區光復南路與基隆路1段364巷口,0,0,1,1,B03,7,7,5,30,3,1,1,5,4,5,13,4,4,1,4,5,2,17,1,24,3,10,7,1,7,6,1,8,1,4,118,1,21,121.5575765,25.0351195
114,08,03,12,20,03中山區,中山區民生東路2段與長春路137巷口,0,0,1,1,B03,7,6,5,50,3,2,1,5,4,5,13,2,1,7,5,5,2,16,1,63,3,10,7,1,7,11,1,8,1,4,103,1,22,121.5317345,25.0579858
114,08,03,12,34,10文山區,文山區景文街與羅斯福路6段469巷口,0,0,1,1,C03,8,6,5,30,5,1,1,5,4,5,13,2,1,10,5,5,1,16,1,44,2,9,5,1,7,6,1,10,2,14,9,1,21,121.5408858,24.9897594
114,08,03,13,27,09北投區,北投區永興路1段32巷與永興路1段32巷15弄口,0,0,2,1,C03,8,6,5,30,4,1,1,5,4,5,13,4,4,10,5,5,2,15,1,20,2,7,6,1,7,9,1,10,2,11,72,1,21,121.500118,25.1380625
114,08,03,13,48,12內湖區,內湖區南湖大橋與安康路口,0,0,1,1,F01,8,6,5,30,3,2,1,5,4,5,13,2,1,3,2,5,2,17,1,12,2,9,4,1,7,1,8,20,1,11,19,1,21,121.6109901,25.0653235
114,08,03,14,10,12內湖區,內湖區舊宗路1段150巷(民善街128號停車場出入口),0,0,1,1,C03,7,7,5,50,14,9,1,5,4,5,13,4,4,9,5,5,2,17,2,48,2,9,5,1,7,4,1,10,2,11,108,1,21,121.5743605,25.0614946
114,08,03,15,30,08士林區,士林區百齡橋往士林,0,0,4,1,C03,8,6,5,50,14,11,1,5,4,5,13,4,4,10,4,4,2,12,1,31,3,10,5,1,7,4,6,18,1,12,1,1,21,121.5144727,25.08952635
114,08,03,15,37,06松山區,松山區塔悠路211號,0,0,2,1,B03,8,6,5,50,14,9,1,5,4,5,13,4,4,3,4,5,2,17,1,49,3,10,3,4,7,6,1,8,2,2,9,1,22,121.569223,25.0588135
114,08,03,16,28,11南港區,南港區成美橋與南港路3段口,0,0,1,1,B03,7,6,5,50,14,9,1,5,4,5,13,2,1,5,4,5,2,12,1,44,3,10,3,4,7,7,1,8,1,5,100,1,21,121.582751,25.0519559
114,08,03,16,55,12內湖區,內湖區五分街45號,0,0,1,1,C04,7,6,5,30,4,1,1,5,4,5,13,4,4,10,5,5,2,15,1,42,2,9,6,1,7,9,1,9,2,12,72,1,21,121.6137642,25.0674807
114,08,03,17,15,05中正區,中正區八德路1段與新生北路1段口,0,0,1,1,B03,7,6,5,50,4,2,1,5,4,5,13,2,1,2,4,5,2,16,1,33,3,10,7,1,7,11,1,8,2,1,10,1,22,121.5323721,25.04438949
114,08,03,17,32,12內湖區,內湖區新明路428巷與新明路460巷口,0,0,2,1,C03,8,6,5,30,4,1,1,5,4,5,13,2,1,10,5,5,2,17,1,24,2,8,6,1,7,5,1,10,1,14,8,1,21,121.5785331,25.0542142
114,08,03,17,59,03中山區,中山區長安西路19巷2弄與南京西路口,0,0,2,1,B01,8,6,5,30,14,9,1,5,4,5,13,4,4,10,5,5,2,17,1,62,3,10,7,1,7,14,1,4,1,2,38,1,21,121.5205029,25.052203
114,08,03,18,33,08士林區,士林區基河路15號,0,0,2,1,C03,7,5,5,50,14,9,1,5,4,5,13,4,4,5,4,5,2,17,2,24,2,7,6,1,7,9,1,10,1,11,108,1,21,121.5245032,25.0868405
114,08,03,18,43,01大同區,大同區民生西路與延平北路2段口,0,0,1,1,B03,7,5,5,50,4,1,1,5,4,5,13,2,1,5,4,5,2,17,1,31,3,10,7,4,7,9,1,8,1,1,16,1,21,121.5119933,25.0568157
114,08,03,20,16,08士林區,士林區福華路與福華路128巷口,0,0,1,1,B01,7,5,5,50,3,2,1,5,4,5,13,4,4,10,4,5,2,13,1,69,3,10,7,1,7,9,1,4,1,1,16,1,21,121.5227842,25.1028287
114,08,03,20,59,03中山區,中山區中山北路2段11巷與南京東路1段13巷口,0,0,1,1,C03,7,5,5,30,4,1,1,5,4,5,13,4,4,10,5,5,2,15,1,22,2,9,3,4,7,9,1,10,2,12,72,1,21,121.5236495,25.05266662
114,08,03,21,59,01大同區,大同區延平北路2段217號,0,0,1,1,A02,7,5,5,50,14,9,1,5,4,5,13,4,4,5,4,5,2,9,1,48,3,10,7,4,7,14,1,2,1,6,40,1,21,121.5115299,25.0602087
114,08,03,22,00,05中正區,中正區鄭州路與重慶北路1段口往東,0,0,1,1,B03,7,5,5,40,4,1,1,5,4,5,13,1,1,10,4,5,2,16,1,32,2,9,7,4,7,8,1,8,1,7,100,1,22,121.5209162,25.04790577
114,08,03,22,03,05中正區,中正區中山北路1段與市民大道2段口,0,0,1,1,C03,7,5,5,50,4,1,1,5,4,5,13,1,1,10,4,5,2,16,1,47,3,10,6,4,7,6,6,10,11,13,9,1,22,121.5208454,25.04790204
114,08,03,23,16,03中山區,中山區中山北路3段與民族西路口,0,0,2,1,C03,7,5,5,50,4,2,1,5,4,5,13,1,1,1,4,5,2,12,1,21,2,9,3,4,7,7,1,10,1,14,100,1,21,121.5227631,25.06804497
114,08,04,01,42,12內湖區,內湖區康寧路3段與東湖路口,0,0,1,1,B13,8,5,5,50,3,1,1,2,4,5,13,2,1,1,4,5,2,18,1,39,3,10,7,1,7,6,1,2,1,17,44,1,21,121.6123075,25.0688066
114,08,04,03,41,01大同區,大同區民生西路249號,0,0,2,1,F01,7,5,5,50,14,9,1,5,4,5,13,4,4,5,4,5,2,17,2,60,2,9,4,4,7,8,8,20,2,13,99,1,21,121.5140532,25.056818
114,08,04,07,01,06松山區,松山區北寧路與無名巷口,0,0,1,1,B03,7,6,5,50,3,1,1,5,4,5,13,4,4,8,3,5,2,12,2,64,3,10,7,1,7,5,1,8,1,4,8,1,21,121.5527163,25.0506665
114,08,04,07,17,02萬華區,萬華區桂林路與環河南路2段口,0,0,1,1,B03,8,6,5,50,4,1,1,5,4,5,13,2,1,9,4,4,2,16,1,68,3,10,3,4,7,5,1,8,2,1,71,1,22,121.4969285,25.0383846
114,08,04,07,23,10文山區,文山區光輝路與光輝路21巷口,0,0,1,1,C03,7,6,5,50,14,9,2,5,4,5,13,4,4,5,5,5,2,17,1,23,2,9,5,4,7,9,1,10,1,11,16,1,21,121.5549128,24.9858257
114,08,04,07,25,05中正區,中正區重慶南路3段與重慶南路3段27巷口口,0,0,2,1,C03,7,6,5,50,3,1,1,5,4,5,13,4,4,1,4,5,2,16,1,52,2,6,5,1,7,9,1,10,1,11,44,1,21,121.5157344,25.0285239
114,08,04,07,34,12內湖區,內湖區新明路與南京東路6段368巷口,0,0,2,1,C03,8,5,5,50,3,1,1,5,4,5,13,1,1,5,4,5,2,16,1,45,2,7,5,1,7,5,1,10,1,12,71,1,21,121.5871214,25.0580126
114,08,04,07,46,06松山區,松山區八德路4段與吉祥路口,0,0,1,1,B03,7,6,5,50,4,2,1,5,4,5,13,1,1,8,3,5,2,13,1,50,3,10,3,4,7,9,1,8,1,5,16,1,21,121.5628224,25.04873303
114,08,04,07,46,09北投區,北投區行義路與行義路260巷口,0,0,1,1,C03,7,6,5,50,3,1,1,5,4,5,13,4,4,5,4,5,2,13,2,66,2,9,5,1,7,9,1,10,1,11,108,1,21,121.5287198,25.13623399
114,08,04,07,50,09北投區,北投區大度路3段與立功街口,0,0,1,1,C03,7,7,5,50,3,2,1,5,4,5,13,2,1,3,4,5,2,16,1,22,2,9,6,1,7,9,1,10,1,11,108,1,22,121.4695003,25.1231532
114,08,04,08,11,02萬華區,萬華區環河南路2段125巷與環河南路2段125巷7弄口,0,0,1,1,F01,8,5,5,30,3,1,1,5,4,5,13,4,4,10,5,5,2,17,1,85,2,9,4,1,7,5,8,20,1,12,74,1,21,121.4937883,25.03421899
114,08,04,08,20,01大同區,大同區延平北路4段與敦煌路口,0,0,2,1,C03,8,7,5,50,4,1,1,5,4,5,13,1,1,5,5,5,2,16,1,20,2,7,6,1,7,5,1,10,1,14,8,1,21,121.51201,25.0764199
114,08,04,08,24,08士林區,士林區承德路4段與劍潭路口口,0,0,1,1,B03,7,7,5,50,4,1,1,5,4,5,13,2,1,8,3,4,2,15,2,59,3,10,3,4,7,9,1,8,1,2,85,1,22,121.5234534,25.0840101
114,08,04,08,37,02萬華區,萬華區中華路1段與武昌街2段口,0,0,1,1,A02,8,7,5,50,4,2,1,5,4,5,13,2,1,1,4,5,2,9,1,44,3,10,3,4,7,1,1,2,11,17,44,1,21,121.5087769,25.0444848
114,08,04,08,42,04大安區,大安區信義路2段198巷與金華街口,0,0,1,1,C03,8,7,5,50,4,2,1,5,4,5,13,2,1,8,3,5,1,17,1,46,2,8,5,1,7,5,1,10,1,14,44,1,26,121.5315137,25.0300215
114,08,04,09,15,12內湖區,內湖區瑞光路451號,0,0,1,1,B01,8,6,5,50,14,9,1,5,4,5,13,4,4,5,4,5,2,17,1,51,3,10,7,1,7,1,1,4,1,8,19,1,21,121.5701701,25.07852268
114,08,04,09,22,02萬華區,萬華區中華路2段與南寧路口,0,0,1,1,,8,6,5,50,5,1,1,5,4,5,13,2,1,1,4,5,1,17,4,113,3,10,3,4,7,21,7,19,11,15,119,2,22,121.5065688,25.0371915
114,08,04,09,35,07信義區,信義區嘉興街181巷與信安街口,0,0,1,1,B01,8,7,5,50,4,2,1,5,4,5,13,2,1,9,4,5,2,12,1,65,3,10,7,1,7,9,1,1,2,4,44,1,22,121.5570661,25.0262192
114,08,04,09,40,12內湖區,內湖區環山路1段與環山路1段28巷口口,0,0,1,1,C03,8,6,5,30,4,1,1,5,4,5,13,2,1,5,5,5,2,17,1,48,2,8,5,1,7,6,1,10,1,12,108,1,21,121.5654831,25.0853573
114,08,04,09,42,04大安區,大安區忠孝東路4段248巷與忠孝東路4段216巷33弄口,0,0,1,1,C03,8,6,5,30,4,1,1,5,4,5,13,4,4,10,5,5,2,15,1,50,2,9,6,1,7,9,1,10,1,11,72,1,21,121.5540662,25.0394112
114,08,04,09,49,04大安區,大安區安和路1段109巷與安和路1段口,0,0,1,1,B12,8,7,5,50,4,2,1,5,4,5,13,2,1,8,3,5,1,13,1,43,2,7,7,1,7,8,1,8,1,1,100,1,26,121.5525986,25.0354405
114,08,04,10,00,12內湖區,內湖區民權東路6段56巷與民權東路6段56巷25弄口對面口,0,0,1,1,B03,8,6,5,50,4,2,1,5,4,5,13,4,4,10,3,5,1,16,1,56,3,10,7,1,7,6,1,8,2,2,9,1,21,121.5853403,25.0672944
114,08,04,10,05,12內湖區,內湖區新湖二路17號前,0,0,1,1,B01,8,7,5,50,14,9,1,5,4,5,13,4,4,9,4,5,2,16,1,61,3,10,3,4,7,11,1,8,2,4,10,1,21,121.5741925,25.0603029
114,08,04,10,25,08士林區,士林區至誠路1段與至誠路1段62巷口口,0,0,2,1,B03,7,7,5,50,14,9,1,5,4,5,13,3,1,8,3,5,2,12,1,28,3,10,3,4,7,9,1,8,2,1,16,1,22,121.5362292,25.1015572
114,08,04,10,30,05中正區,中正區金山南路1段75號,0,0,1,1,B03,7,5,5,50,14,9,1,5,4,5,13,4,4,9,4,5,2,17,1,51,3,10,7,1,7,9,1,8,2,8,108,1,21,121.5280667,25.0372075
114,08,04,10,34,09北投區,北投區大業路與大業路280巷口,0,0,1,1,B03,7,5,5,30,4,1,1,5,4,5,13,2,1,1,4,5,2,16,2,72,3,10,7,1,7,5,1,8,1,8,9,1,21,121.498185,25.12707934
114,08,04,11,05,07信義區,信義區松隆路102號,0,0,1,1,C03,8,6,5,0,14,20,1,5,4,5,13,4,4,10,5,5,2,36,2,33,2,9,5,1,7,3,1,10,1,11,18,1,21,121.5710627,25.0459571
114,08,04,11,09,05中正區,中正區市民大道2段與天津街口,0,0,2,1,C04,7,5,5,40,14,9,1,5,4,5,13,1,1,9,4,5,2,17,2,38,2,9,5,1,7,10,1,8,2,12,100,1,21,121.5225414,25.0478365
114,08,04,11,30,02萬華區,萬華區萬大路277巷與萬大路277巷37弄口,0,0,1,1,C03,8,6,5,30,4,1,1,5,4,5,13,3,1,10,5,5,2,16,2,70,2,9,5,1,7,5,1,10,1,11,72,1,21,121.5026192,25.0254833
114,08,04,11,30,12內湖區,內湖區成功路2段往北,0,0,1,1,C03,8,6,5,50,14,9,1,5,4,5,13,4,4,1,5,5,2,11,2,58,3,10,6,1,7,7,3,18,1,13,100,1,21,121.590967,25.0625284
114,08,04,11,38,12內湖區,內湖區港華街與麗山街338巷口,0,0,2,1,C03,8,6,5,50,4,1,1,5,4,1,13,4,4,5,5,5,2,17,1,74,3,10,5,1,7,9,1,10,1,12,108,1,21,121.5751261,25.08297417
114,08,04,11,50,07信義區,信義區吳興街156巷與吳興街156巷16弄口,0,0,2,1,C03,8,7,5,30,4,1,1,5,4,5,13,4,4,9,5,5,2,13,1,37,2,8,5,1,7,9,1,10,1,11,44,1,21,121.5611672,25.028799
114,08,04,12,28,08士林區,士林區社中街298巷4弄與通河西街2段116巷口,0,0,1,1,C03,7,5,5,30,4,1,1,5,4,5,13,4,4,10,5,5,1,17,2,49,3,10,5,1,7,9,1,10,1,14,72,1,21,121.507118,25.0924584
114,08,04,12,30,08士林區,士林區基河路與基河路口350號對面,0,0,1,1,C03,8,6,5,50,3,1,1,5,4,5,13,4,4,8,3,5,1,16,1,48,3,10,5,1,7,1,1,10,2,14,19,1,21,121.5188506,25.094713
114,08,04,12,52,05中正區,中正區北平西路西側停車場出入口,0,0,1,1,C03,7,7,5,30,14,9,1,5,4,5,13,4,4,9,4,5,2,16,1,24,2,8,6,1,7,5,1,10,2,14,8,1,21,121.5158984,25.0485145
114,08,04,13,28,10文山區,文山區木新路3段314號前,0,0,1,1,C03,7,6,5,50,14,9,1,5,4,5,13,4,4,5,4,5,2,12,1,48,3,10,3,4,7,8,1,10,1,14,100,1,26,121.5557396,24.9804763
114,08,04,13,45,12內湖區,內湖區成功路4段182巷6弄37號,0,0,3,1,C04,6,6,5,50,3,1,1,4,4,5,13,4,4,10,5,5,2,3,2,37,2,9,6,1,7,9,1,8,2,11,70,1,21,121.5922556,25.0827739
114,08,04,14,00,07信義區,信義區松山路與松隆路口,0,0,1,1,B03,6,7,5,50,4,1,1,4,4,5,13,2,1,1,4,5,2,16,2,28,3,10,7,1,7,5,1,8,1,2,8,1,21,121.5777237,25.04806
114,08,04,14,10,06松山區,松山區民權東路3段160巷與敦化北路244巷口,0,0,2,1,C03,7,6,5,30,5,1,1,5,4,5,13,4,4,10,5,5,2,15,2,51,2,9,6,1,7,9,1,10,1,11,72,1,21,121.547894,25.0609346
114,08,04,14,39,02萬華區,萬華區環河南路1段348巷與桂林路口,0,0,2,1,H01,6,6,5,50,4,2,1,4,4,5,13,2,1,1,4,5,2,9,1,78,3,10,4,5,8,16,8,20,10,16,121,1,21,121.4962316,25.0389506
114,08,04,14,45,11南港區,南港區經貿二路66號,0,0,1,1,B03,7,6,5,50,14,9,1,5,4,5,13,4,4,5,5,5,2,16,1,41,3,10,3,4,7,11,1,8,1,4,10,1,21,121.6160744,25.0569051
114,08,04,15,38,06松山區,松山區市民大道4段與復興南路1段口,0,0,1,1,C03,6,6,5,40,4,1,1,4,4,5,13,2,1,3,4,5,2,17,2,20,2,9,6,4,7,9,1,10,2,11,44,1,22,121.543884,25.0449744
114,08,04,15,41,06松山區,松山區市民大道4段251號,0,0,1,1,B03,8,5,5,40,14,6,1,5,4,5,13,4,4,1,3,5,2,17,2,55,3,10,3,4,7,1,1,8,1,17,72,1,21,121.5540882,25.0445015
114,08,04,16,13,09北投區,北投區石牌路2段與振興街口口,0,0,1,1,B03,8,6,5,50,4,1,1,5,4,5,13,1,1,10,5,5,2,13,1,68,3,10,7,1,7,9,1,8,1,1,108,1,21,121.5214996,25.1190883
114,08,04,16,42,03中山區,中山區內湖路1段與堤頂大道2段口,0,0,1,1,C03,8,6,5,50,14,9,1,5,4,5,13,4,4,1,4,5,2,17,1,23,3,10,6,4,7,7,1,10,2,17,100,1,21,121.5599484,25.0847674
114,08,04,17,30,09北投區,北投區承德路6段與河美街口,0,0,1,1,B03,8,6,5,50,4,1,1,5,4,5,13,1,1,5,2,5,2,16,1,39,3,10,7,1,7,6,1,8,2,5,9,1,21,121.5126747,25.0989653
114,08,04,17,34,09北投區,北投區中央北路2段與中央北路2段350巷口,0,0,2,1,C03,6,5,5,50,3,2,1,4,4,5,13,2,1,5,4,5,2,13,1,58,2,9,5,1,7,9,1,10,1,12,16,1,21,121.4884171,25.1384247
114,08,04,17,40,04大安區,大安區和平東路3段464巷與和平東路3段口,0,0,1,1,B03,8,7,5,50,4,2,1,5,4,5,13,2,1,8,3,5,1,16,1,78,3,10,7,1,7,5,1,8,1,1,71,1,21,121.5600879,25.0170521
114,08,04,17,49,01大同區,大同區民生西路與重慶北路2段口口,0,0,1,1,B13,7,5,5,50,5,1,1,5,4,5,13,2,1,9,4,4,2,13,1,66,3,10,7,1,7,1,1,8,2,1,108,1,21,121.5138514,25.0570153
114,08,04,18,32,02萬華區,萬華區桂林路與桂林路57巷口,0,0,1,1,F03,7,5,5,50,3,2,1,5,4,5,13,4,4,9,4,5,2,13,1,16,2,9,3,4,7,9,8,20,1,11,108,1,22,121.5030172,25.0381168
114,08,04,19,08,05中正區,中正區中正橋往永和上橋處,0,0,1,1,C03,8,5,5,50,14,9,1,5,4,5,13,4,4,1,4,5,2,13,1,44,2,9,5,1,7,9,1,10,1,11,16,1,21,121.5167476,25.02296284
114,08,04,19,18,01大同區,大同區民權西路與大龍街口,0,0,2,1,C03,7,5,5,50,5,4,1,5,4,5,13,1,1,1,5,5,2,13,1,33,2,9,6,1,7,9,1,10,1,11,108,1,21,121.5162648,25.0630333
114,08,04,19,44,11南港區,南港區經貿二路與經貿二路88巷口口,0,0,1,1,B03,6,5,5,50,3,18,1,4,4,5,13,2,1,3,4,5,2,3,1,60,3,10,7,1,7,5,1,8,1,5,70,1,21,121.6169337,25.0576602
114,08,04,20,09,06松山區,松山區八德路4段761號,0,0,1,1,B03,6,5,5,30,14,9,1,4,4,5,13,2,1,4,3,5,2,17,1,35,3,10,7,1,7,11,1,8,1,4,10,1,22,121.5777437,25.0509318
114,08,04,20,40,09北投區,北投區大度路往淡水方向9.0 km處,0,0,1,1,C03,7,5,5,50,14,12,1,5,4,5,13,4,4,1,4,4,1,13,1,34,3,10,5,1,7,9,1,10,1,11,16,1,21,121.4849605,25.1222
114,08,04,21,05,07信義區,信義區吳興街220巷與吳興街220巷59弄口,0,0,1,1,B03,7,5,5,50,3,1,1,5,4,5,13,2,1,5,5,5,2,16,1,54,3,10,3,4,7,6,1,8,1,2,9,1,22,121.5616236,25.0265881
114,08,04,21,08,01大同區,大同區市民大道1段(Y3停車場出入口),0,0,2,1,B03,7,5,5,40,14,9,1,5,4,5,13,4,4,1,4,5,2,17,1,27,3,10,7,4,7,6,1,8,1,2,9,1,21,121.5185091,25.0486722
114,08,04,21,40,10文山區,文山區木柵路5段路燈0706973號,0,0,1,1,C03,7,5,5,50,11,9,1,5,4,5,13,4,4,5,4,5,1,12,1,52,3,10,5,1,7,4,1,10,1,12,108,1,21,121.5869507,25.0030814
114,08,04,21,45,09北投區,北投區大度路與中央北路2段257巷口,1,0,0,1,C03,7,5,5,50,14,9,1,5,4,5,13,4,4,1,4,5,1,19,2,47,1,9,5,1,7,9,1,10,8,12,21,1,21,121.4867196,25.122094
114,08,04,22,05,03中山區,中山區中山北路2段與錦西街口,0,0,3,1,C03,8,5,5,50,4,1,1,5,4,5,13,1,1,1,4,5,2,13,2,18,2,9,6,1,7,9,1,10,1,11,108,1,21,121.5228855,25.0606109
114,08,04,22,12,04大安區,大安區忠孝東路4段與復興南路1段口,0,0,1,1,B12,7,5,5,50,4,2,1,5,4,5,13,2,1,3,5,5,2,17,1,38,4,11,3,4,7,3,7,19,11,3,18,2,22,121.5439442,25.0417569
114,08,04,22,45,08士林區,士林區故宮路與故宮路34巷口,0,0,1,1,C03,8,6,5,30,4,1,1,5,4,5,13,1,1,1,4,5,2,13,1,42,3,10,6,1,7,5,1,10,1,17,8,1,21,121.5471079,25.0967843
114,08,04,23,17,10文山區,文山區木柵路1段與辛亥路6段口,0,0,1,1,B03,7,5,5,50,4,1,1,5,4,5,13,1,1,10,5,5,2,16,2,48,3,10,7,1,7,5,1,8,1,1,71,1,21,121.5524034,24.9878795
114,08,04,23,54,02萬華區,萬華區西園路1段與大理街口,0,0,1,1,B01,7,5,5,30,4,1,4,5,4,5,13,4,4,5,4,5,2,17,1,44,3,10,7,1,7,9,1,4,1,4,72,1,21,121.4993806,25.0344945
114,08,05,02,33,12內湖區,內湖區民權隧道出口南向北一百公尺處,0,0,1,1,C03,7,5,5,50,14,7,1,5,4,5,13,4,4,1,4,4,2,13,2,48,2,9,5,1,7,9,1,10,1,11,108,1,21,121.6041492,25.0708691
114,08,05,03,13,02萬華區,萬華區漢口街2段90巷與漢口街2段90巷8弄口,0,0,1,1,F03,7,5,5,30,4,1,1,5,4,5,13,4,4,10,5,5,1,17,2,64,3,10,3,4,7,9,8,20,9,12,75,1,22,121.5042197,25.0458086
114,08,05,05,40,03中山區,中山區新生北路1段與長安東路2段口,0,0,1,1,B03,8,5,5,50,4,1,1,5,4,5,13,1,1,1,4,5,2,15,1,72,3,10,3,4,7,9,1,8,2,1,81,1,21,121.52979,25.0482637
114,08,05,05,55,07信義區,信義區永吉路30巷與忠孝東路5段71巷11弄口,0,0,1,1,C03,8,6,5,30,4,1,1,5,4,5,8,4,4,9,5,5,1,15,1,35,2,9,5,4,7,9,1,10,2,14,72,1,21,121.5686972,25.0419478
114,08,05,07,23,04大安區,大安區新生南路3段96-5號,0,0,1,1,B01,8,6,5,50,14,9,1,5,4,5,13,2,1,1,4,5,2,12,1,59,3,10,7,1,7,8,1,4,1,5,100,1,21,121.5333585,25.0173215
114,08,05,07,27,04大安區,大安區光復南路286號前,0,0,1,1,C03,8,7,5,50,14,9,1,5,4,5,13,2,1,8,3,5,1,17,1,58,3,10,5,1,7,1,1,10,1,17,108,1,26,121.5575587,25.0394364
114,08,05,07,48,03中山區,中山區龍江路與合江街61巷口,0,0,1,1,C03,8,6,5,30,4,1,1,5,4,5,13,4,4,10,5,5,2,15,1,62,2,8,5,1,7,9,1,10,1,14,72,1,21,121.5406596,25.05737538
114,08,05,07,50,03中山區,中山區渭水路28號,0,0,1,1,B03,8,7,5,40,14,8,1,5,4,5,13,4,4,9,5,5,2,17,1,56,3,10,3,1,7,13,1,8,1,4,40,1,21,121.5341726,25.0456476
114,08,05,07,56,12內湖區,內湖區成功路2段312巷4號,0,0,1,1,B03,8,7,5,30,14,9,1,5,4,5,13,4,4,10,5,5,2,9,1,34,3,10,7,1,7,9,1,8,2,5,108,1,21,121.5901914,25.0669187
114,08,05,08,02,06松山區,松山區健康路與塔悠路口,0,0,4,1,C03,8,6,5,40,3,2,1,5,4,5,13,2,1,1,4,4,2,17,1,43,2,9,5,1,7,9,1,10,1,11,108,1,21,121.5696829,25.0546958
114,08,05,08,22,08士林區,士林區天母西路與天母西路95巷口,0,0,1,1,B03,8,6,5,50,4,1,1,5,4,5,13,1,1,4,5,5,1,17,1,41,3,10,7,1,7,5,1,8,1,1,71,1,21,121.5243333,25.1186075
114,08,05,08,30,04大安區,大安區忠孝東路4段與大安路1段口,0,0,1,1,C03,8,7,8,50,4,2,1,5,4,5,13,2,1,8,3,4,1,12,1,24,2,9,5,1,7,10,1,10,1,12,100,1,21,121.5461644,25.0414751
114,08,05,08,30,12內湖區,內湖區堤頂大道1段與民權東路6段口口,0,0,1,1,B12,8,5,5,50,3,1,1,5,4,5,13,1,1,1,4,5,2,17,1,53,3,10,7,1,7,8,1,6,1,7,100,1,21,121.5722678,25.0649013
114,08,05,08,35,12內湖區,內湖區內湖路1段663號,0,0,1,1,B03,8,7,5,50,14,9,1,5,4,5,13,4,4,1,4,5,1,17,1,32,3,10,7,1,7,14,1,8,1,2,40,1,21,121.575693,25.0799806
114,08,05,08,42,04大安區,大安區基隆路4段與臥龍街口,0,0,1,1,C03,8,6,5,50,12,9,1,5,4,5,13,4,4,1,4,5,2,13,1,26,3,10,6,1,7,8,1,10,1,11,16,1,21,121.5481502,25.0203321
114,08,05,08,55,05中正區,中正區寧波西街與南昌路1段口,0,0,1,1,C03,8,7,5,50,4,1,1,5,4,5,13,1,1,10,4,5,2,17,1,43,3,10,5,1,7,6,1,9,1,12,9,1,22,121.5175229,25.030673
114,08,05,08,56,11南港區,南港區研究院路2段150巷與研究院路2段口,0,0,2,1,H01,8,6,5,50,3,2,1,5,4,3,13,3,1,5,5,5,2,3,2,71,2,9,4,5,8,16,8,20,1,16,121,1,21,121.6174578,25.0384393