發生年度,發生月,發生日,發生時-Hours,發生分,區序,肇事地點,死亡人數,2-30日死亡人數,受傷人數,當事人序號,車種,天候,光線,道路類別,速限-速度限制,道路型態,事故位置,路面狀況1,路面狀況2,路面狀況3,道路障礙1,道路障礙2,號誌1,號誌2,車道劃分-分向,車道劃分-分道1,車道劃分-分道2,車道劃分-分道3,事故類型及型態,性別,年齡,受傷程度,主要傷處,保護裝置,行動電話,車輛用途,當事者行動狀態,駕駛資格情形,駕駛執照種類,飲酒情形,車輛撞擊部位1,肇因碼-個別,個人肇逃否,職業,座標-X,座標-Y
114,08,06,22,19,09北投區,北投區東華街1段490號,0,0,1,1,C03,8,6,5,50,14,9,1,5,4,5,13,4,4,1,4,5,2,12,1,57,3,10,5,1,7,9,1,10,2,11,32,1,21,121.5172012,25.1126545
114,08,06,22,43,05中正區,中正區台北車站西側門（西三門）,0,0,1,1,B03,7,5,5,50,11,9,1,5,4,5,13,4,4,9,4,5,2,9,1,35,4,11,3,4,7,2,7,19,9,15,118,2,22,121.5161394,25.0473705
114,08,06,23,40,03中山區,中山區中山北路2段115巷與中山北路2段口,0,0,1,1,C03,7,5,5,50,3,1,1,5,4,5,13,4,4,1,5,1,1,13,1,25,2,1,3,4,7,9,1,10,2,11,108,1,21,121.5231181,25.0609748
114,08,06,23,59,04大安區,大安區大安路1段與復興南路1段107巷口,0,0,2,1,B01,7,5,5,30,4,1,1,5,4,5,13,4,4,9,4,5,1,15,1,40,3,10,3,4,7,9,1,4,1,1,72,1,21,121.5462129,25.0436164
114,08,07,01,49,04大安區,大安區忠孝東路4段107號,0,0,2,1,E03,7,6,5,50,14,9,1,5,4,5,13,2,1,1,4,5,2,36,1,27,3,10,3,4,7,6,1,8,2,1,45,1,23,121.5484761,25.0417458
114,08,07,06,00,03中山區,中山區大直橋,0,0,1,1,B03,8,7,5,50,14,9,1,5,4,5,13,4,4,1,4,5,2,12,1,66,3,10,7,1,7,9,1,8,2,2,108,1,21,121.5443313,25.0788003
114,08,07,07,20,07信義區,信義區東興路51號,0,0,1,1,C03,8,6,5,40,14,8,1,5,4,5,13,4,4,1,4,4,2,17,2,25,2,8,6,1,7,9,1,10,9,11,108,1,22,121.5662123,25.04759301
114,08,07,07,40,01大同區,大同區台北橋機慢車道往三重分岔口,0,0,1,1,C03,8,6,5,50,8,11,1,5,4,5,13,4,4,8,3,5,2,16,1,34,3,10,5,1,7,8,3,18,9,14,100,2,21,121.5086439,25.0635088
114,08,07,08,07,03中山區,中山區南京東路2段160號,0,0,1,1,C03,8,7,5,50,14,9,1,5,4,5,13,4,4,10,4,5,2,13,1,51,2,9,5,1,7,9,1,10,1,11,16,1,21,121.5341168,25.0518429
114,08,07,08,10,04大安區,大安區忠孝東路4段與光復南路口口,0,0,2,1,C03,8,6,5,50,4,1,1,5,4,5,13,2,1,1,4,5,2,13,1,27,2,9,3,4,7,9,1,10,1,11,16,1,22,121.5579893,25.041642
114,08,07,08,11,03中山區,中山區民權東路2段與吉林路口,0,0,1,1,C03,8,6,5,50,4,1,1,5,4,5,13,2,1,1,5,5,1,16,1,35,3,10,3,4,7,6,1,10,11,12,9,1,21,121.5302428,25.06242585
114,08,07,08,13,07信義區,信義區市府路與松壽路口,0,0,1,1,F01,8,6,5,50,4,1,1,5,4,5,13,2,1,1,3,5,2,15,1,14,2,9,4,1,7,9,8,20,2,12,81,1,21,121.5635976,25.0358069
114,08,07,08,15,06松山區,松山區民權東路3段160巷19號,0,0,1,1,B02,8,7,5,30,14,9,1,5,4,5,13,4,4,10,5,5,2,17,1,62,3,10,7,1,7,13,1,8,1,4,40,1,21,121.5472755,25.0603098
114,08,07,08,17,12內湖區,內湖區新明路298巷與南京東路6段口,0,0,2,1,C04,8,7,5,50,14,9,1,5,4,5,13,1,1,4,4,5,1,17,2,27,2,9,6,1,7,9,1,10,1,11,108,1,21,121.5818189,25.056675
114,08,07,08,33,03中山區,中山區新生北路3段與德惠街口,0,0,1,1,C03,8,7,5,50,3,2,1,5,4,5,13,4,4,10,4,4,2,16,1,18,2,7,6,1,7,6,1,10,1,14,72,1,21,121.5276535,25.06617045
114,08,07,08,34,04大安區,大安區臥龍街與臥龍街151巷口,0,0,1,1,C03,8,6,5,50,5,1,1,5,4,5,13,2,1,5,4,4,2,16,1,28,2,9,6,1,7,5,1,10,1,13,71,1,21,121.5511236,25.0181888
114,08,07,08,39,12內湖區,內湖區民權東路6段123巷21弄與民權東路6段123巷口口,0,0,2,1,B03,8,5,5,30,4,1,1,5,4,5,13,4,4,10,5,5,2,17,1,39,3,10,7,1,7,9,1,8,1,5,72,1,21,121.5928384,25.0697077
114,08,07,08,44,05中正區,中正區襄陽路19號,0,0,1,1,B01,8,5,5,50,14,9,1,5,4,5,13,2,1,9,4,5,2,17,1,66,3,10,7,1,7,7,1,4,2,17,100,1,21,121.5152043,25.043481
114,08,07,08,45,12內湖區,內湖區陽光街385號,0,0,1,1,B03,8,7,5,50,14,9,1,5,4,5,13,4,4,5,5,5,2,17,2,44,3,10,7,1,7,6,1,8,1,5,9,1,21,121.5755204,25.0726511
114,08,07,08,55,09北投區,北投區承德路6段與福國路口口,0,0,2,1,C03,8,6,5,60,14,9,1,5,4,5,13,1,1,1,4,5,2,13,1,42,2,9,5,1,7,9,1,10,2,11,108,1,21,121.5121413,25.1018869
114,08,07,08,56,08士林區,士林區延平北路8段2巷55弄與延平北路8段2巷口,0,0,1,1,C03,8,7,5,30,4,1,1,5,4,5,13,1,1,10,5,5,1,17,1,74,4,11,3,4,7,9,1,10,11,15,118,1,21,121.4868826,25.10552412
114,08,07,09,19,05中正區,中正區忠孝東路1段12號,0,0,2,1,B01,8,5,5,50,14,9,1,5,4,5,13,4,4,9,4,5,2,17,1,66,2,2,7,1,7,15,1,4,2,3,118,1,21,121.5241091,25.0445466
114,08,07,09,52,07信義區,信義區林口街31號,0,0,1,1,C03,8,6,5,50,14,7,1,5,4,5,13,4,4,9,4,4,2,12,2,69,2,9,5,1,7,10,1,10,1,14,100,1,22,121.5792638,25.0375413
114,08,07,10,06,05中正區,中正區忠孝東路2段與金山南路1段口,0,0,3,1,E01,8,5,5,50,4,1,1,5,4,5,13,2,1,1,4,5,2,15,1,38,3,10,7,1,7,9,1,6,2,1,44,1,27,121.52977,25.0431978
114,08,07,10,09,12內湖區,內湖區民權東路6段314號,0,0,1,1,C03,8,7,5,40,14,9,1,5,4,5,13,1,1,1,3,5,1,17,2,34,2,9,6,1,7,6,1,10,1,14,9,1,21,121.6064047,25.0730147
114,08,07,10,10,09北投區,北投區榮華三路1巷62號,0,0,2,1,C03,8,5,5,30,14,9,1,5,4,5,13,4,4,10,5,5,1,13,2,63,2,9,5,1,7,9,1,10,2,11,108,1,21,121.5253697,25.1121453
114,08,07,10,13,12內湖區,內湖區潭美街285號,0,0,1,1,B03,8,6,5,40,14,9,1,5,4,5,13,4,4,9,4,5,2,16,1,25,3,10,7,1,7,11,1,8,1,8,10,1,21,121.5875182,25.05709241
114,08,07,10,32,02萬華區,萬華區和平西路3段382巷2弄3號,0,0,2,1,C03,8,5,5,30,14,9,1,5,4,5,13,4,4,10,5,5,2,17,1,34,3,10,5,4,7,12,1,10,1,13,44,1,21,121.4911536,25.0349427
114,08,07,11,25,05中正區,中正區貴陽街1段(司法大廈)停車場前,0,0,1,1,B03,8,5,5,50,14,9,1,5,4,5,13,4,4,5,4,5,1,17,1,52,3,10,7,1,7,6,1,8,1,2,9,1,21,121.5117544,25.03881893
114,08,07,11,56,07信義區,信義區忠孝東路5段與虎林街口口,0,0,2,1,C03,8,6,5,30,14,9,1,5,4,5,13,4,4,10,5,5,2,3,1,56,2,9,6,1,7,9,1,10,2,11,108,1,22,121.5769256,25.0401937
114,08,07,12,00,04大安區,大安區和平東路2段往西(大安森林公園),0,0,1,1,C03,8,7,5,50,14,9,1,5,4,5,13,4,4,8,3,5,1,13,1,21,2,7,5,1,7,15,1,10,1,11,16,1,25,121.5358879,25.0259857
114,08,07,12,10,11南港區,南港區忠孝東路6段與忠孝東路6段278巷口口,0,0,1,1,B03,8,6,5,50,3,1,1,5,4,5,13,2,1,1,4,5,2,16,1,68,3,10,7,1,7,5,1,8,1,1,8,1,21,121.5890893,25.0491944
114,08,07,12,13,06松山區,松山區延吉街與市民大道4段口,0,0,1,1,H01,8,6,5,50,4,2,1,5,4,5,13,2,1,9,5,5,2,9,1,24,2,7,4,5,8,20,8,20,10,16,67,1,21,121.5537399,25.0445828
114,08,07,12,24,01大同區,大同區承德路2段與承德路2段1巷口,0,0,2,1,C03,8,6,5,50,3,2,1,5,4,5,13,4,4,1,4,5,2,17,2,26,2,7,5,1,7,6,1,10,1,13,9,1,21,121.517927,25.0537202
114,08,07,12,43,12內湖區,內湖區新湖三路與行愛路口側附近口,0,0,1,1,B12,8,7,5,50,4,1,1,5,4,5,13,1,1,5,4,4,2,15,1,61,3,10,7,1,7,9,1,10,2,5,81,1,21,121.5795382,25.0648764
114,08,07,12,50,08士林區,士林區承德路5段與士商路口,0,0,1,1,B03,8,7,5,50,4,2,1,5,4,5,13,2,1,5,2,5,1,17,1,58,3,10,7,1,7,6,1,8,1,8,9,1,21,121.5141037,25.09616045
114,08,07,13,07,10文山區,文山區老泉街45巷燈桿編號樟湖幹92B7128FC59旁,0,0,1,1,F01,8,6,5,40,11,9,1,5,4,5,13,4,4,10,5,5,2,18,2,64,2,9,4,1,7,9,8,20,1,12,44,1,21,121.5183568,25.04847309
114,08,07,13,26,08士林區,士林區忠誠路1段與忠誠路1段100巷口,0,0,1,1,F02,7,6,5,0,3,2,1,5,4,5,13,4,4,1,4,4,2,17,2,47,2,8,4,1,7,11,8,20,1,14,11,1,21,121.5293298,25.1063019
114,08,07,13,28,06松山區,松山區市民大道6段與松山路口,0,0,2,1,C03,8,7,5,40,4,1,1,5,4,5,13,2,1,9,4,5,2,16,2,26,2,9,6,4,7,5,1,10,1,14,8,1,21,121.5777456,25.0494918
114,08,07,14,00,09北投區,北投區榮華三路與榮華三路42巷口,0,0,1,1,B12,8,6,5,30,4,1,1,5,4,5,13,4,4,9,5,5,2,15,1,71,3,10,7,1,7,9,1,8,2,1,72,1,21,121.5206545,25.1140315
114,08,07,14,12,01大同區,大同區延平北路3段26號,0,0,2,1,C03,8,6,5,50,14,9,1,5,4,5,13,4,4,5,5,5,2,17,2,58,2,9,5,1,7,9,1,10,9,12,79,2,21,121.5110964,25.0641207
114,08,07,14,50,08士林區,士林區中山北路4段北向南,0,0,2,1,C03,8,6,5,30,14,8,1,5,4,5,13,1,1,1,2,4,1,12,1,18,2,9,5,1,7,9,1,10,2,11,108,1,21,121.5264858,25.07683478
114,08,07,15,05,05中正區,中正區廈門街114巷與重慶南路3段口,0,0,1,1,B03,8,6,5,50,4,1,1,5,4,5,13,2,1,5,3,5,2,17,1,25,3,10,7,1,7,6,1,8,2,2,9,1,21,121.5169704,25.0231076
114,08,07,15,30,10文山區,文山區木柵路1段72號,0,0,1,1,A02,8,5,5,50,14,9,1,5,4,5,13,4,4,5,4,5,1,13,1,48,3,10,7,1,7,1,1,2,2,1,19,1,21,121.5493381,24.9872817
114,08,07,15,52,08士林區,士林區中正路與志成街口,0,0,1,1,C02,8,5,5,50,14,9,1,5,4,5,13,4,4,1,4,5,1,13,1,20,2,9,5,1,7,9,1,9,9,11,118,1,21,121.5300308,25.0962115
114,08,07,15,59,08士林區,士林區忠誠路2段166巷28弄與天母東路8巷41弄口,0,0,1,1,C03,8,6,5,30,4,2,1,5,4,5,13,4,4,10,5,5,1,17,1,33,2,9,6,1,7,9,1,10,9,11,72,1,21,121.5323607,25.11592649
114,08,07,16,06,11南港區,南港區忠孝東路7段99號,0,0,1,1,C03,8,6,5,40,14,8,1,5,4,5,13,1,1,1,4,4,2,17,2,33,2,8,6,1,7,9,1,10,2,15,108,1,21,121.5997049,25.0513754
114,08,07,16,30,07信義區,信義區信安街103巷與吳興街284巷22弄口口,0,0,1,1,B03,7,5,8,30,3,2,1,5,4,5,13,4,4,10,5,5,2,9,1,27,3,10,7,1,7,9,1,8,2,1,70,1,21,121.5603519,25.0246531
114,08,07,16,38,05中正區,中正區重慶南路3段與和平西路1段口口,0,0,1,1,C03,8,6,5,50,5,1,1,5,4,5,13,1,1,1,4,5,1,17,1,64,4,11,3,4,7,21,7,19,11,15,44,2,22,121.5161337,25.0270579
114,08,07,17,10,03中山區,中山區八德路2段與渭水路口側附近口,0,0,2,1,B03,8,7,5,50,3,1,1,5,4,5,13,1,1,5,4,5,2,17,1,39,3,10,3,4,7,8,1,4,1,5,100,1,21,121.5354163,25.0455698
114,08,07,17,24,03中山區,中山區南京東路3段30號,0,0,1,1,B01,7,5,5,50,14,9,1,5,4,5,13,4,4,1,4,4,2,17,1,60,3,10,3,4,7,7,1,4,1,17,100,1,21,121.5382385,25.05231764
114,08,07,17,25,04大安區,大安區金山南路2段與潮州街口,0,0,1,1,A02,8,6,5,50,14,9,1,5,4,5,13,2,1,1,4,5,2,17,1,50,3,10,3,4,7,1,1,2,1,17,44,1,21,121.5263592,25.0287456
114,08,07,17,45,03中山區,中山區民生東路2段與松江路口,0,0,3,1,C03,7,6,5,50,14,9,1,5,4,5,13,2,1,1,3,5,2,16,1,60,3,10,5,1,7,6,1,10,1,12,9,2,21,121.5333008,25.0580555
114,08,07,17,50,03中山區,中山區林森北路與林森北路557巷口,0,0,1,1,C03,8,7,5,50,4,1,1,5,4,5,13,4,4,9,4,5,2,17,2,66,2,9,5,1,7,7,1,10,1,11,4,1,21,121.5256529,25.0644285
114,08,07,17,50,08士林區,士林區承德路5段與通河東街2段10巷口,0,0,1,1,C03,8,5,5,40,3,2,1,5,4,5,13,2,1,1,5,5,1,13,1,46,2,9,5,1,7,9,1,10,1,11,16,1,21,121.5157608,25.09153052
114,08,07,17,57,01大同區,大同區民族西路213號,0,0,1,1,C03,8,5,5,50,14,9,1,5,4,5,13,4,4,5,5,5,2,13,2,30,2,9,6,1,7,7,1,10,1,11,108,1,21,121.514223,25.0686558
114,08,07,18,40,12內湖區,內湖區星雲街132號,0,0,1,1,B03,7,5,5,50,14,9,1,5,4,5,13,4,4,9,5,5,2,12,2,59,3,10,3,4,7,9,1,8,1,2,44,1,22,121.594803,25.0798265
114,08,07,18,50,04大安區,大安區和平東路2段與和平東路2段107巷口,0,0,2,1,C03,8,5,5,50,3,1,1,5,4,5,13,1,1,1,4,4,2,17,1,22,2,9,6,1,7,1,1,10,2,13,19,1,21,121.5403897,25.0252219
114,08,07,19,40,03中山區,中山區美堤河濱公園自行車道177燈桿,0,0,2,1,F01,8,5,5,30,14,23,1,5,4,5,13,4,4,9,4,5,2,17,1,62,2,9,5,1,7,9,8,20,1,11,44,1,21,121.5545157,25.07702412
114,08,07,19,52,06松山區,松山區南京東路5段與塔悠路口,0,0,2,1,C03,7,5,5,50,4,1,1,5,4,5,13,1,1,1,4,5,2,13,1,28,2,7,6,1,7,5,1,10,1,12,44,1,21,121.5702946,25.051565
114,08,07,20,21,04大安區,大安區新生南路1段與新生南路1段139巷口,0,0,1,1,B03,8,5,5,50,4,1,1,5,4,5,13,1,1,10,5,5,2,17,1,43,3,10,7,1,7,5,1,8,1,1,74,1,21,121.5328991,25.0366352
114,08,07,20,22,11南港區,南港區研究院路1段61巷與大坑街口,0,0,1,1,B03,8,5,5,30,4,1,1,5,4,5,13,1,1,4,3,5,2,13,1,37,3,10,3,4,7,9,1,8,1,1,108,1,21,121.6179162,25.0454114
114,08,07,21,26,11南港區,南港區市民大道8段與中南街口,0,0,2,1,C03,8,5,5,50,4,1,1,5,4,5,13,2,1,1,4,5,2,17,1,19,2,8,5,1,7,5,1,10,1,12,74,1,21,121.615244,25.0542806
114,08,07,21,41,03中山區,中山區新生北路2段131號,0,0,2,1,C03,7,5,5,50,14,9,1,5,4,5,13,4,4,10,5,5,2,13,1,19,2,9,6,1,7,9,1,10,1,11,108,1,22,121.5278326,25.0605951
114,08,07,21,50,03中山區,中山區樂群二路與敬業三路162巷口,0,0,1,1,B03,8,5,5,50,3,2,1,5,4,5,13,1,1,9,4,5,2,17,1,54,3,10,7,1,7,5,1,8,2,1,44,1,21,121.559607,25.0797754
114,08,07,23,10,06松山區,松山區民權東路4段與富錦街107巷口,0,0,1,1,C03,7,5,5,40,3,1,1,5,4,5,13,4,4,9,4,4,2,17,2,33,3,10,6,1,7,6,1,10,1,12,9,1,22,121.5521295,25.0614968
114,08,08,00,10,10文山區,文山區政大三街與政大三街口,0,0,1,1,B03,8,5,5,50,3,1,1,5,4,5,13,4,4,5,5,5,2,17,1,41,3,10,7,1,7,5,3,18,1,8,8,1,21,121.5820595,24.9858151
114,08,08,00,21,03中山區,中山區中山北路3段181號,0,0,1,1,B03,8,5,5,50,14,9,1,5,4,5,13,1,1,1,4,5,2,17,1,29,3,10,7,1,7,11,1,8,1,8,92,1,21,121.5235236,25.0706981
114,08,08,02,50,10文山區,文山區和平東路4段（燈桿0706284）,0,0,1,1,C03,8,5,5,40,14,9,1,5,4,5,13,4,4,5,4,5,1,18,1,18,2,9,5,1,7,9,1,10,1,11,45,1,21,121.5719035,25.002773
114,08,08,03,56,02萬華區,萬華區青年路180號,1,0,0,1,A32,8,5,5,30,14,19,1,5,4,5,13,4,4,9,5,5,2,3,1,59,3,10,3,4,1,9,1,1,2,1,108,1,26,121.5034017,25.0205583
114,08,08,04,02,04大安區,大安區復興南路1段144號,0,0,1,1,C04,8,6,5,50,14,9,1,5,4,5,13,4,4,10,5,5,2,17,1,46,2,9,5,1,7,9,1,10,11,11,108,1,21,121.5436653,25.0425187
114,08,08,05,19,08士林區,士林區德行西路與中山北路6段口,0,0,2,1,F01,7,5,5,50,4,1,1,5,4,5,13,1,1,1,4,4,1,15,1,64,3,10,3,4,7,11,8,20,2,13,81,1,22,121.5248157,25.106351
114,08,08,06,20,07信義區,信義區莊敬隧道口側附近,0,0,1,1,C03,7,6,5,40,14,9,1,5,4,5,13,4,4,9,5,5,2,18,2,43,2,9,5,4,7,9,1,10,1,12,116,1,21,121.5650963,25.0101356
114,08,08,06,30,07信義區,信義區福德街221巷15號,0,0,1,1,B03,7,5,5,50,12,9,1,5,4,5,13,4,4,8,5,5,2,9,2,78,3,10,3,4,7,9,1,8,1,1,108,1,21,121.585289,25.0367405
114,08,08,07,35,12內湖區,內湖區金豐街18號,0,0,1,1,B03,8,6,5,50,14,9,1,5,4,5,13,4,4,9,5,5,2,17,2,46,3,10,7,1,7,5,1,8,2,8,8,1,21,121.5868044,25.065742
114,08,08,07,45,09北投區,北投區稻香路23號前,0,0,2,1,C03,8,6,8,50,14,9,1,5,4,5,13,4,4,9,5,5,2,17,1,52,2,9,5,1,7,4,1,10,1,11,1,1,21,121.4906775,25.1390654
114,08,08,07,50,12內湖區,內湖區內湖路1段737巷與內湖路1段737巷50弄口,0,0,2,1,B03,8,6,5,50,4,1,1,5,4,5,13,4,4,9,5,5,2,15,1,46,3,10,7,1,7,9,1,8,2,1,72,1,21,121.5789852,25.0804539
114,08,08,07,53,04大安區,大安區新生南路3段與辛亥路1段口,0,0,1,1,B03,7,6,5,50,4,1,1,5,4,5,13,4,4,1,4,5,2,16,2,52,3,10,7,1,7,6,1,8,1,2,9,1,21,121.5345406,25.0227368
114,08,08,08,08,03中山區,中山區大佳河濱公園棒球場旁,0,0,1,1,C03,8,7,5,50,14,9,1,5,4,5,13,4,4,9,5,5,2,13,1,31,2,7,6,1,7,9,1,10,1,11,108,1,21,121.5504203,25.07624003
114,08,08,08,12,12內湖區,內湖區文德路25號,0,0,1,1,B12,8,7,5,50,14,9,1,5,4,5,13,1,1,1,4,5,1,12,1,40,3,10,7,1,7,8,6,8,1,5,100,1,21,121.5811488,25.0785776
114,08,08,08,16,10文山區,文山區保儀路13巷5號,0,0,2,1,C03,8,6,5,30,14,9,1,5,4,5,13,4,4,10,5,5,2,16,2,39,2,7,5,1,7,11,1,10,1,12,118,1,21,121.5696514,24.9884892
114,08,08,08,30,03中山區,中山區市民大道2段49號前,0,0,2,1,C03,8,7,5,0,14,20,2,5,4,5,13,4,4,10,5,5,2,17,1,29,2,8,3,4,7,15,1,10,1,11,9,1,21,121.5279626,25.04694729
114,08,08,08,30,12內湖區,內湖區舊宗路1段與新湖三路口,0,0,2,1,C03,8,7,5,50,4,2,1,5,4,5,13,1,1,1,5,5,2,17,1,68,2,6,5,1,7,9,1,10,1,11,108,1,21,121.5770624,25.06370099
114,08,08,08,35,11南港區,南港區經貿二路與經貿二路235巷口,0,0,3,1,C03,8,6,5,50,5,1,1,5,4,5,13,2,1,1,3,5,2,13,1,30,2,9,3,4,7,9,1,10,1,11,16,1,21,121.6147953,25.0604012
114,08,08,08,37,05中正區,中正區襄陽路與重慶南路1段口,0,0,1,1,C03,8,7,5,50,3,1,1,5,4,5,13,1,1,10,5,5,2,17,1,58,2,9,5,1,7,6,1,10,9,14,44,1,26,121.5133047,25.0434346
114,08,08,08,39,10文山區,文山區萬美街1段50號,0,0,2,1,C03,7,6,5,40,3,1,1,5,4,5,13,4,4,9,5,5,2,16,2,60,2,9,5,1,7,6,1,10,1,12,9,1,21,121.5671362,25.002278
114,08,08,08,48,05中正區,中正區寧波西街233號,0,0,2,1,C02,8,6,5,30,14,9,1,5,4,5,13,4,4,10,5,5,1,17,1,32,2,7,6,1,7,11,1,9,2,14,44,1,21,121.5104037,25.0253148
114,08,08,08,52,11南港區,南港區市民大道7段西往東,0,0,1,1,B03,8,6,5,50,14,9,1,5,4,5,13,4,4,9,5,5,2,12,2,50,3,10,7,1,7,9,1,8,1,2,108,1,21,121.5891168,25.0504721
114,08,08,08,58,09北投區,北投區中央北路4段與自立路口口,0,0,1,1,B03,8,6,5,50,4,1,1,5,4,5,13,1,1,10,5,5,2,17,2,27,3,10,7,1,7,6,1,8,1,4,9,1,21,121.4654785,25.1259306
114,08,08,09,02,03中山區,中山區民族東路62號,0,0,1,1,C03,8,6,5,50,14,9,1,5,4,5,13,4,4,4,4,5,2,12,1,62,2,9,5,1,7,1,1,10,1,14,19,1,22,121.5264117,25.0683043
114,08,08,09,15,12內湖區,內湖區陽光街與文德路66巷口口,0,0,2,1,C04,8,6,5,50,3,1,1,5,4,5,13,4,4,5,5,5,2,17,2,63,3,10,5,1,7,5,1,11,2,17,8,1,21,121.5824563,25.0750005
114,08,08,09,30,06松山區,松山區敦化北路與民生東路3段口,0,0,1,1,C03,8,6,5,50,5,1,1,5,4,5,13,1,1,4,3,4,2,13,1,36,2,9,6,1,7,12,1,10,11,14,118,1,21,121.548792,25.0576721
114,08,08,09,44,08士林區,士林區中山北路5段與福林路口,0,0,2,1,C03,8,6,5,50,4,2,1,5,4,5,13,2,1,4,4,5,2,13,2,38,2,8,6,1,7,15,1,10,1,13,16,1,21,121.5280982,25.0935156
114,08,08,10,12,11南港區,南港區玉成街166巷22弄與玉成街184巷口,0,0,1,1,C04,8,6,5,30,3,1,1,5,4,5,13,4,4,10,5,5,2,16,2,65,2,8,3,4,7,1,1,8,2,11,19,1,21,121.5842182,25.0433163
114,08,08,10,15,12內湖區,旁，民權東路六段11巷上,0,0,1,1,C03,8,6,5,50,14,9,1,5,4,5,13,2,1,5,4,5,2,17,2,36,2,5,5,1,7,9,1,10,1,11,108,1,21,121.5783078,25.0671215
114,08,08,10,26,08士林區,士林區忠誠路2段53巷與德行東路229巷口,0,0,1,1,B12,8,7,5,30,3,1,1,5,4,5,13,4,4,10,5,5,1,9,1,50,3,10,7,1,7,5,1,4,2,1,70,1,21,121.5327347,25.11133564
114,08,08,10,30,07信義區,信義區東興路與市民大道5段口,0,0,1,1,C03,8,6,5,50,4,2,1,5,4,5,13,2,1,3,4,5,2,12,1,51,3,10,6,1,7,9,1,10,2,12,17,1,21,121.565975,25.048072
114,08,08,10,48,10文山區,文山區興隆路4段74巷與興隆路4段口口,0,0,2,1,F01,8,6,5,30,3,2,1,5,4,5,13,4,4,1,4,5,2,15,2,60,2,9,2,1,7,9,8,20,1,14,118,1,21,121.5618166,24.9840723
114,08,08,10,51,03中山區,中山區建國北路3段與農安街口,0,0,2,1,C03,8,5,5,50,3,1,1,5,4,5,13,1,1,1,5,5,2,16,2,69,2,3,3,4,7,1,1,10,2,11,19,1,21,121.5370837,25.06501065
114,08,08,11,10,04大安區,大安區復興南路2段與信義路4段口,0,0,1,1,B01,8,7,5,50,4,1,1,5,4,5,13,2,1,1,4,5,1,17,1,48,3,10,7,1,7,6,1,4,1,5,9,1,21,121.5437092,25.0334446
114,08,08,11,28,07信義區,信義區忠孝東路4段與逸仙路口,0,0,1,1,B03,8,6,5,50,3,1,1,5,4,5,13,2,1,1,4,5,2,17,2,25,3,10,3,4,7,7,1,8,1,5,100,1,21,121.5618834,25.0411113
114,08,08,11,46,09北投區,北投區石牌路2段113巷與立農街2段口,0,0,1,1,C03,8,6,5,50,4,1,1,5,4,5,13,1,1,9,4,5,2,16,1,58,3,10,6,1,7,5,1,9,9,11,8,1,21,121.5169415,25.118612
114,08,08,11,50,08士林區,士林區雨聲街與中山北路6段2巷口,0,0,1,1,F01,8,6,5,50,3,1,1,5,4,5,13,4,4,5,5,5,1,16,1,85,2,9,4,1,7,1,8,20,1,11,19,1,22,121.5287307,25.1037969
114,08,08,11,56,09北投區,北投區石牌路2段與石牌路2段315巷口,0,0,1,1,B03,8,5,5,50,3,1,1,5,4,5,13,4,4,5,5,5,2,16,1,33,3,10,7,1,7,11,1,8,2,8,10,1,21,121.5233196,25.121698
114,08,08,12,03,08士林區,士林區中正路與士商路口,0,0,1,1,C03,8,5,5,50,4,2,1,5,3,5,13,2,1,5,4,5,2,29,2,32,2,9,3,4,7,9,1,10,9,15,44,1,22,121.5187895,25.09243341
114,08,08,12,15,06松山區,松山區民生東路5段36巷4弄2號,0,0,1,1,F02,8,6,5,30,14,9,1,5,4,5,13,4,4,10,5,5,2,10,2,53,2,9,4,4,7,9,8,20,1,11,4,1,21,121.5591582,25.0578516
114,08,08,12,20,02萬華區,萬華區堤外便道與水源快速道路口華中越堤坡道,0,0,1,1,B03,8,7,5,40,5,1,1,5,4,5,13,4,4,8,3,5,2,16,1,57,3,10,7,1,7,6,6,18,1,2,9,1,21,121.4981511,25.0162006
114,08,08,12,21,09北投區,北投區石牌路2段與天母西路口,0,0,1,1,C03,8,6,5,50,4,1,1,5,4,5,13,2,1,5,4,5,2,16,2,46,2,8,5,1,7,5,1,10,1,11,71,1,21,121.5218211,25.1192376
114,08,08,12,59,04大安區,大安區復興南路1段103號,0,0,1,1,B01,8,7,5,50,14,9,1,5,4,5,13,4,4,1,4,5,2,17,1,52,3,10,7,1,7,14,1,3,1,7,38,1,21,121.5439602,25.0437608
114,08,08,13,03,01大同區,大同區昌吉街61巷9弄10號,0,0,2,1,C03,8,6,5,30,14,9,1,5,4,5,13,4,4,10,5,5,2,17,1,46,2,8,5,1,7,9,1,10,1,14,5,1,21,121.5153829,25.06648151
114,08,08,13,35,03中山區,中山區林森北路與中山北路2段39巷口,0,0,2,1,C03,8,7,5,50,4,2,1,5,4,5,13,1,1,5,4,5,2,13,1,60,2,9,3,4,7,12,1,10,1,11,44,1,21,121.5253851,25.0540636
114,08,08,14,24,02萬華區,萬華區西寧南路與西寧南路50巷口,0,0,1,1,C03,7,7,5,50,4,1,1,5,4,5,13,4,4,10,3,5,2,13,1,29,2,8,5,1,7,7,1,10,1,12,100,1,21,121.50637,25.0443173
114,08,08,14,28,12內湖區,內湖區康寧路3段165巷與康寧路3段口,0,0,2,1,C03,8,7,5,50,4,1,1,5,4,5,13,2,1,1,4,5,2,16,1,50,2,8,5,1,7,5,1,10,2,11,74,1,21,121.6113388,25.0704576