發生年度,發生月,發生日,發生時-Hours,發生分,區序,肇事地點,死亡人數,2-30日死亡人數,受傷人數,當事人序號,車種,天候,光線,道路類別,速限-速度限制,道路型態,事故位置,路面狀況1,路面狀況2,路面狀況3,道路障礙1,道路障礙2,號誌1,號誌2,車道劃分-分向,車道劃分-分道1,車道劃分-分道2,車道劃分-分道3,事故類型及型態,性別,年齡,受傷程度,主要傷處,保護裝置,行動電話,車輛用途,當事者行動狀態,駕駛資格情形,駕駛執照種類,飲酒情形,車輛撞擊部位1,肇因碼-個別,個人肇逃否,職業,座標-X,座標-Y
114,08,08,14,45,07信義區,信義區林口街80巷93號,0,0,1,1,B03,7,6,6,30,14,9,1,5,4,5,13,4,4,10,5,5,2,17,1,41,3,10,7,1,7,14,1,8,1,4,40,1,21,121.5807838,25.0397287
114,08,08,14,46,09北投區,北投區承德路7段與立賢路口,0,0,1,1,C03,8,6,5,50,4,1,1,5,4,5,13,2,1,1,4,5,2,16,1,31,3,10,5,1,7,5,1,10,2,11,74,1,21,121.5050721,25.1162234
114,08,08,15,07,02萬華區,萬華區西藏路259巷30號,0,0,1,1,,8,6,5,30,14,9,1,5,4,5,13,4,4,10,5,5,2,11,4,,,,,,,,,,,,119,2,,121.4938345,25.0277746
114,08,08,15,07,06松山區,松山區市民大道4段127號,0,0,2,1,C03,7,6,5,40,14,9,1,5,4,5,13,4,4,1,4,5,2,13,1,31,3,10,6,1,7,5,1,10,2,13,44,1,21,121.5500324,25.0448079
114,08,08,15,42,08士林區,士林區延平北路5段244巷與延平北路5段口,0,0,2,1,C03,8,6,5,50,3,1,1,5,4,5,13,2,1,1,4,5,1,17,1,39,3,10,6,1,7,7,1,10,1,12,100,1,21,121.5097794,25.084563
114,08,08,16,37,11南港區,南港區南港路1段與南港路1段2巷口口,0,0,1,1,B01,7,6,5,50,3,1,1,5,4,5,13,4,4,3,5,5,2,17,1,57,3,10,7,1,7,6,1,8,2,2,9,1,21,121.6201919,25.0548674
114,08,08,16,40,03中山區,中山區民權東路2段92巷與民權東路口側附近2段口,0,0,2,1,C03,8,7,5,50,4,1,1,5,4,5,13,1,1,1,4,5,2,17,1,19,2,9,3,4,7,6,1,10,1,12,9,1,21,121.5316955,25.0624105
114,08,08,17,05,12內湖區,內湖區南京東路6段97號燈桿,0,0,1,1,B03,8,6,5,50,14,7,1,5,4,5,13,4,4,1,4,1,2,13,1,49,3,10,7,1,7,9,1,8,2,1,16,1,26,121.5886258,25.0609258
114,08,08,17,09,07信義區,信義區基隆路2段52號,0,0,2,1,C03,7,6,5,50,14,9,1,5,4,5,13,4,4,8,5,5,2,13,2,32,2,8,5,1,7,9,1,10,1,11,108,1,21,121.558581,25.0314812
114,08,08,17,10,12內湖區,內湖區環山路2段53巷與環山路2段口,0,0,1,1,B03,8,7,5,50,4,1,1,5,4,5,13,2,1,1,4,5,2,16,1,75,3,10,7,1,7,5,1,8,1,2,71,1,21,121.5737454,25.0853046
114,08,08,17,14,03中山區,中山區北安路47號,0,0,1,1,C03,8,6,5,50,14,9,1,5,4,5,13,4,4,1,4,5,2,13,2,26,2,9,5,1,7,9,1,10,1,11,16,1,22,121.5283162,25.0775965
114,08,08,17,24,05中正區,中正區廈門街與廈門街123巷口,0,0,1,1,C03,8,6,5,50,3,2,1,5,4,5,13,4,4,9,4,5,2,16,2,35,3,10,5,1,7,5,1,10,1,12,74,1,21,121.5174638,25.02295494
114,08,08,17,46,04大安區,大安區安和路1段108號,0,0,2,1,C03,7,6,5,50,14,9,1,5,4,5,13,4,4,1,4,5,2,12,1,63,4,11,3,4,7,8,7,19,9,11,100,2,22,121.5524268,25.0340048
114,08,08,17,47,12內湖區,內湖區五分街與東湖路160巷口,0,0,1,1,C03,7,6,5,50,4,1,1,5,4,5,13,1,1,10,5,5,2,15,2,28,2,9,5,1,7,9,3,18,1,14,44,1,21,121.6172321,25.0670847
114,08,08,18,18,11南港區,南港區向陽路162巷與重陽路57巷口口,0,0,1,1,C03,8,6,5,50,4,1,1,5,4,5,13,4,4,5,5,5,2,15,2,24,2,9,6,1,7,9,1,10,2,11,72,1,21,121.5962961,25.0563659
114,08,08,18,40,12內湖區,內湖區新明路335號,0,0,1,1,A12,8,5,5,50,14,7,1,5,4,5,13,4,4,5,4,4,2,17,1,48,3,10,7,1,7,4,1,7,1,2,108,1,21,121.5833455,25.0564252
114,08,08,18,44,06松山區,松山區市民大道4段與敦化南路1段口,0,0,1,1,B03,7,5,5,50,14,7,1,5,4,5,13,2,1,9,4,4,2,17,2,49,3,10,7,1,7,9,1,8,1,5,108,1,22,121.5491383,25.0451409
114,08,08,19,00,11南港區,南港區成功橋北向南,0,0,1,1,C03,8,5,5,50,9,9,1,5,4,5,13,4,4,1,4,5,2,13,1,27,2,8,5,1,7,9,1,10,1,11,16,1,21,121.5931608,25.0571747
114,08,08,19,06,01大同區,大同區民族西路241號,0,0,1,1,C03,8,5,5,50,14,9,1,5,4,5,13,4,4,5,4,5,2,13,1,48,2,8,5,1,7,9,6,10,2,11,108,1,21,121.5119328,25.0687187
114,08,08,19,34,05中正區,中正區重慶南路3段與寧波西街口,0,0,1,1,B02,7,5,5,50,4,1,1,5,4,5,13,1,1,1,4,5,2,10,1,30,3,10,7,1,7,9,6,8,2,5,16,1,22,121.5151565,25.0299394
114,08,08,19,41,03中山區,中山區農安街38巷與農安街口,0,0,1,1,C03,7,5,5,50,4,2,1,5,4,5,13,4,4,4,3,4,1,15,2,51,2,8,5,1,7,9,1,10,1,17,44,1,21,121.5280072,25.06403082
114,08,08,19,53,05中正區,中正區中華路1段與忠孝西路1段口,0,0,2,1,C03,8,5,5,50,4,2,1,5,4,5,13,1,1,1,4,5,2,13,2,30,2,8,6,1,7,9,1,10,1,12,108,1,22,121.5101042,25.0476968
114,08,08,19,59,06松山區,松山區三民路與三民路68巷口,0,0,2,1,C03,8,5,5,50,4,1,1,5,4,5,13,4,4,5,4,5,2,3,1,31,2,9,6,1,7,9,1,10,2,11,70,1,21,121.563801,25.055074
114,08,08,20,20,01大同區,大同區台北橋機慢車道往三重,0,0,2,1,C03,8,5,7,50,14,11,1,5,4,5,13,4,4,9,4,5,2,17,1,49,3,10,5,1,7,9,1,10,1,17,30,1,21,121.5101736,25.0632126
114,08,08,21,20,06松山區,松山區光復北路240號,0,0,2,1,F01,7,5,5,50,14,9,1,5,4,5,13,4,4,5,4,5,2,17,1,14,2,9,4,1,7,11,8,20,2,14,10,1,15,121.5554862,25.0569695
114,08,08,21,30,09北投區,北投區新民路與泉源路口(逸仙國小旁),0,0,2,1,C03,8,5,5,30,14,9,1,5,4,5,13,3,1,5,5,5,2,13,1,34,2,8,6,1,7,9,1,10,1,11,108,1,21,121.5050949,25.13847061
114,08,08,21,45,12內湖區,內湖區康寧路3段與安康路口,0,0,1,1,B02,8,5,5,50,4,1,1,5,4,5,13,1,1,1,5,5,2,16,1,69,3,10,7,1,7,5,1,8,2,2,98,1,21,121.6108416,25.0658764
114,08,08,22,50,02萬華區,萬華區青年路與水源路口,0,0,1,1,A02,7,5,5,50,4,1,1,5,4,5,13,2,1,5,4,5,2,9,1,45,3,10,3,4,7,12,1,2,1,17,44,1,21,121.5041131,25.0200602
114,08,08,23,58,01大同區,大同區塔城街與鄭州路口,0,0,2,1,C03,8,5,5,50,14,9,1,5,4,5,13,4,4,8,3,5,1,3,2,28,2,9,6,4,7,9,1,10,2,11,108,1,21,121.510574,25.0504147
114,08,09,06,09,07信義區,信義區松隆路與永吉路187巷口,0,0,1,1,F01,8,6,5,30,3,1,1,5,4,5,13,4,4,10,4,5,2,17,1,28,2,9,3,4,7,1,8,20,2,14,19,1,21,121.5727755,25.0470857
114,08,09,08,10,06松山區,松山區延壽街18巷與塔悠路188巷口,0,0,1,1,B01,8,6,5,30,4,1,1,5,4,5,13,4,4,10,5,5,2,9,1,64,3,10,7,4,7,6,1,4,2,2,118,1,21,121.56879,25.0565907
114,08,09,08,26,08士林區,士林區福國路文林橋7010135燈桿,0,0,1,1,C03,7,5,8,0,22,22,1,5,4,5,13,4,4,1,5,5,1,17,1,67,2,9,5,1,7,10,1,10,1,14,100,1,21,121.5204652,25.1017799
114,08,09,08,30,03中山區,中山區民權東路1段與民權東路1段12巷口,0,0,2,1,C03,8,7,5,50,3,2,1,5,4,5,13,4,4,1,4,4,2,12,1,66,2,8,6,1,7,9,1,10,1,14,17,1,21,121.5235071,25.06263116
114,08,09,08,45,09北投區,北投區社子大橋,0,0,2,1,F02,8,7,5,30,14,23,1,5,4,5,13,4,4,10,5,5,2,10,2,61,2,9,6,1,7,9,8,20,1,11,108,1,21,121.4974964,25.1117253
114,08,09,09,31,05中正區,中正區懷寧街64號,0,0,2,1,C03,8,5,5,50,14,9,1,5,4,5,13,4,4,9,4,5,2,17,1,26,2,8,5,1,7,5,1,10,2,14,8,1,21,121.5141191,25.043968
114,08,09,09,34,04大安區,大安區忠孝東路4段170巷與忠孝東路4段170巷17弄口,0,0,2,1,B03,8,6,5,30,4,1,1,5,4,5,13,4,4,8,5,5,2,15,2,34,2,6,3,4,7,9,1,8,1,4,72,1,21,121.5507608,25.039926
114,08,09,09,41,04大安區,大安區和平東路3段與敦化南路2段口,0,0,1,1,B01,7,6,5,50,4,1,1,5,4,5,13,1,1,1,4,5,2,16,1,62,3,10,7,1,7,8,1,4,1,5,100,1,21,121.5489469,25.0246979
114,08,09,10,29,04大安區,大安區永康街與麗水街13巷口,0,0,1,1,B03,8,6,5,30,4,1,1,5,4,5,13,4,4,8,3,5,2,15,2,41,3,10,7,1,7,9,1,4,1,8,72,1,21,121.5295506,25.0301442
114,08,09,10,30,11南港區,南港區南港路1段265號,0,0,1,1,C03,8,6,5,50,14,9,1,5,4,5,13,4,4,5,4,5,2,13,1,29,3,10,3,4,7,9,1,10,1,11,108,1,21,121.6087875,25.054675
114,08,09,10,31,02萬華區,萬華區萬大路186巷與西藏路199巷口,0,0,1,1,C03,8,7,5,50,3,2,1,5,4,5,13,4,4,5,5,5,2,17,2,63,3,10,5,1,7,5,1,10,1,17,74,1,21,121.4998331,25.0277822
114,08,09,10,44,06松山區,松山區塔悠路211號,0,0,1,1,B03,8,6,5,50,14,9,1,5,4,5,13,4,4,3,4,5,2,17,1,31,3,10,3,4,7,8,1,8,2,2,100,1,22,121.569229,25.05843994
114,08,09,11,06,07信義區,信義區嘉興街216巷17號,0,0,1,1,C03,8,6,6,30,14,9,1,5,4,5,13,4,4,10,5,5,2,1,1,33,3,10,3,4,7,9,1,10,11,12,108,2,21,121.5562087,25.0271042
114,08,09,11,26,01大同區,大同區民權西路102巷與民權西路102巷4弄口,0,0,4,1,C04,8,5,5,30,4,1,1,5,4,5,13,4,4,10,5,5,2,15,2,34,2,9,5,1,7,9,1,10,1,14,72,1,21,121.5176779,25.061584
114,08,09,11,35,08士林區,士林區忠義街42號,0,0,1,1,B03,8,6,5,40,14,9,1,5,4,5,13,4,4,10,4,5,1,17,1,52,3,10,7,1,7,14,1,8,1,2,40,1,21,121.530216,25.10542385
114,08,09,11,49,08士林區,士林區通河西街2段與堤外便道口與越堤道,0,0,1,1,C03,7,7,5,30,3,1,1,5,4,5,13,4,4,10,5,5,1,17,1,81,2,9,5,1,7,9,1,10,1,12,72,1,21,121.5115074,25.0907403
114,08,09,12,24,09北投區,北投區大度路3段與立德路口,0,0,4,1,B03,8,5,5,50,4,2,1,5,4,5,13,1,1,1,2,4,2,13,1,22,2,9,7,4,7,9,1,8,2,8,108,1,21,121.4719023,25.1229182
114,08,09,12,32,04大安區,大安區忠孝東路3段217巷與忠孝東路3段217巷8弄口,0,0,1,1,B03,8,7,5,30,4,1,1,5,4,5,13,4,4,5,4,5,2,17,1,42,3,10,7,1,7,7,1,8,1,1,100,1,21,121.539719,25.0438369
114,08,09,12,34,07信義區,信義區松勇路3號,0,0,1,1,B03,8,6,5,50,14,9,1,5,4,5,13,4,4,5,5,5,2,12,2,28,3,10,7,1,7,7,1,8,2,5,100,1,21,121.5698031,25.0401151
114,08,09,13,20,08士林區,士林區承德路5段與中正路口,0,0,1,1,B03,7,6,5,50,4,2,1,5,4,5,13,1,1,1,4,5,1,16,1,46,3,10,3,4,7,6,1,8,1,6,98,1,21,121.5164136,25.0911419
114,08,09,13,55,01大同區,大同區重慶北路3段與重慶北路3段236巷口,0,0,2,1,B03,8,6,5,50,4,1,1,5,4,5,13,2,1,1,4,5,2,16,1,68,2,1,7,1,7,5,1,8,1,4,98,1,21,121.5137613,25.0705098
114,08,09,13,59,01大同區,大同區民權西路與承德路2段口,0,0,2,1,B03,8,5,5,50,4,2,1,5,4,5,13,2,1,1,4,5,2,12,2,58,3,10,7,4,7,9,1,8,2,8,108,1,21,121.5179282,25.0628369
114,08,09,14,03,04大安區,大安區通化街171巷與通化街口,0,0,1,1,B01,8,5,5,50,4,1,1,5,4,5,13,2,1,5,5,5,2,13,1,57,3,10,7,1,7,5,1,4,1,7,8,1,21,121.5536187,25.0280898
114,08,09,15,13,04大安區,大安區和平東路2段與建國南路2段口,0,0,1,1,C03,8,6,5,50,14,9,1,5,4,5,13,2,1,1,4,5,2,29,1,113,4,11,3,4,7,21,7,19,11,15,44,1,22,121.5381485,25.0256741
114,08,09,15,33,04大安區,大安區基隆路2段與通化街171巷口,0,0,1,1,C03,8,6,5,50,5,2,1,5,4,5,13,1,1,8,3,5,2,13,2,22,2,9,3,4,7,9,1,10,1,11,108,1,21,121.5556487,25.0271772
114,08,09,15,35,02萬華區,萬華區萬大路494號,0,0,1,1,C03,8,6,5,50,14,9,1,5,4,5,13,4,4,8,3,5,1,17,1,46,3,10,5,1,7,15,1,10,9,17,30,1,21,121.4972078,25.0193823
114,08,09,15,44,09北投區,北投區中和街與中和街455巷口,0,0,2,1,C03,8,6,5,50,4,1,1,5,4,5,13,4,4,5,5,5,2,13,2,59,2,7,5,1,7,9,3,18,1,11,108,1,21,121.496801,25.1447027
114,08,09,16,05,01大同區,大同區重慶北路3段295巷21弄9號,0,0,2,1,H01,8,6,5,30,14,9,1,5,4,3,10,4,4,10,5,5,2,7,1,3,2,8,4,5,8,18,8,20,10,16,53,1,24,121.5148314,25.0738177
114,08,09,16,14,12內湖區,內湖區舊宗路1段319號,0,0,2,1,C04,8,6,5,50,14,9,1,5,4,5,13,4,4,1,4,5,2,12,2,46,2,9,5,1,7,7,1,10,9,14,100,1,21,121.5760911,25.0644954
114,08,09,16,20,12內湖區,內湖區民權東路6段與成功路2段320巷31弄口,0,0,1,1,B03,7,6,5,50,14,9,1,5,4,5,13,2,1,1,4,5,2,12,1,22,3,10,7,1,7,7,1,8,2,2,100,1,21,121.5891056,25.0689404
114,08,09,16,52,09北投區,北投區大同街37號,0,0,1,1,C03,7,6,5,50,14,9,1,5,4,5,13,4,4,9,5,5,2,17,1,49,3,10,5,1,7,9,6,18,9,17,37,2,21,121.4989137,25.1332085
114,08,09,17,02,08士林區,士林區至善路2段與至善路2段1巷口,0,0,1,1,F01,7,6,5,0,3,1,1,5,4,5,13,4,4,10,5,5,2,17,1,66,2,9,4,4,7,9,8,20,1,14,42,1,21,121.5431945,25.09722349
114,08,09,17,21,02萬華區,萬華區環河南路1段82號,0,0,2,1,C03,7,7,5,40,14,9,1,5,4,5,13,2,1,5,4,5,2,13,1,46,2,8,3,4,7,9,6,18,4,11,108,1,22,121.5048842,25.0476907
114,08,09,18,38,03中山區,中山區民權東路3段75巷與復興北路430巷口,0,0,1,1,B02,7,5,5,30,4,1,1,5,4,5,13,3,1,9,5,5,2,15,1,24,3,10,7,1,7,9,1,15,1,8,72,1,21,121.5436905,25.06332704
114,08,09,18,55,01大同區,大同區鄭州路與塔城街口,0,0,2,1,B03,8,5,5,50,14,9,1,5,4,5,13,2,1,9,4,5,1,17,1,63,3,10,3,4,7,14,1,4,1,2,40,1,21,121.5104547,25.0504951
114,08,09,19,05,06松山區,松山區富錦街與三民路口,0,0,1,1,C03,7,5,5,50,4,1,1,5,4,5,13,2,1,9,4,5,2,17,1,23,3,10,6,1,7,9,1,10,1,11,108,1,22,121.5633523,25.0609727
114,08,09,19,12,06松山區,松山區光復北路60巷與南京東路4段120巷口,0,0,1,1,B03,8,5,5,30,4,1,1,5,4,5,13,1,1,8,3,5,1,16,2,25,3,10,3,1,7,11,1,8,1,8,10,1,21,121.5551461,25.0498281
114,08,09,19,26,06松山區,松山區八德路3段178號,0,0,3,1,C03,7,5,5,50,14,9,1,5,4,5,13,4,4,4,3,5,2,16,1,68,2,9,6,1,7,5,1,10,1,14,118,1,21,121.5557972,25.0480177
114,08,09,19,40,01大同區,大同區環河北路2段、迪化汙水處理廠旁,0,0,1,1,C03,8,5,5,50,14,9,1,5,4,5,13,4,4,9,4,5,2,13,1,40,2,9,5,1,7,7,1,10,1,11,16,1,21,121.5091185,25.0729761
114,08,09,19,55,08士林區,士林區承德路4段2巷河堤腳踏車道,0,0,2,1,F01,7,5,5,0,14,9,1,5,4,5,13,4,4,5,5,5,2,11,1,19,2,9,5,1,7,9,8,20,1,11,42,1,21,121.5193462,25.09625537
114,08,09,20,38,11南港區,南港區南港路2段280號,0,0,1,1,B01,8,5,6,50,14,8,1,5,4,5,13,4,4,5,5,4,2,12,1,37,3,10,3,4,7,14,1,4,1,4,40,1,22,121.596288,25.054402
114,08,09,21,40,03中山區,中山區明水路與北安路458巷口,0,0,1,1,B01,8,5,5,50,4,1,1,5,4,5,13,2,1,5,2,5,2,17,1,64,3,10,7,1,7,5,1,4,1,2,83,1,21,121.5445724,25.0775071
114,08,09,22,38,06松山區,松山區敦化北路與長春路口,0,0,2,1,B01,7,5,5,50,4,1,1,5,4,5,13,2,1,3,4,3,2,17,1,50,2,9,7,1,7,5,1,4,2,1,71,1,22,121.5490274,25.0543159
114,08,09,23,25,10文山區,文山區樟新街65號,0,0,1,1,C03,8,5,5,30,14,9,2,5,4,5,13,4,4,10,5,5,2,17,1,18,2,9,5,4,7,9,1,10,1,12,108,1,21,121.5569082,24.97780038
114,08,09,23,48,10文山區,文山區景豐街37巷7弄與景豐街31巷口,0,0,1,1,B01,8,5,5,30,4,1,1,5,4,5,13,4,4,10,5,5,2,15,1,47,3,10,7,1,7,9,1,4,1,4,72,1,21,121.5454851,25.0000019
114,08,10,00,42,11南港區,南港區中坡南路5號,0,0,2,1,C03,7,5,5,40,14,8,1,5,4,5,13,4,4,4,3,4,2,14,1,76,2,7,5,1,7,2,1,10,1,13,44,1,21,121.5825928,25.0439847
114,08,10,00,58,04大安區,大安區和平東路3段與和平東路3段512巷口,0,0,1,1,B03,8,5,5,50,4,1,1,5,4,5,13,2,1,5,5,5,2,13,1,20,3,10,7,1,7,9,1,8,1,1,108,1,22,121.5610212,25.0156179
114,08,10,08,45,02萬華區,萬華區廣州街237號,0,0,2,1,H01,8,5,5,50,14,9,1,5,4,5,13,4,4,9,5,5,2,3,1,35,2,7,4,5,8,16,8,20,10,16,53,1,21,121.4984597,25.0367785
114,08,10,08,55,11南港區,南港區忠孝東路7段與興中路口,0,0,2,1,C03,8,7,5,50,4,2,1,5,4,5,13,2,1,1,4,5,2,13,1,44,2,9,6,1,7,9,1,10,2,11,108,1,21,121.6081467,25.0523063
114,08,10,11,23,09北投區,北投區泉源路與無名巷口,0,0,1,1,B03,8,7,5,30,3,1,1,5,4,5,13,4,4,9,5,5,2,16,1,63,3,10,7,1,7,11,1,8,2,8,72,1,22,121.5087706,25.1411084
114,08,10,11,24,04大安區,大安區愛國東路與愛國東路210巷口,0,0,1,1,B03,8,6,5,50,4,1,1,5,4,5,13,2,1,1,3,4,2,16,1,56,3,10,7,1,7,5,1,8,1,6,74,1,21,121.5240243,25.032054
114,08,10,11,30,06松山區,松山區健康路與光復北路口口,0,0,1,1,C03,7,6,5,50,3,1,1,5,4,5,13,2,1,4,3,5,2,17,1,24,2,9,6,1,7,8,1,10,1,11,100,1,22,121.5567144,25.0534418
114,08,10,11,35,07信義區,信義區永吉路30巷168弄與永吉路30巷口,0,0,1,1,B03,8,7,5,30,4,1,1,5,4,5,13,4,4,9,4,5,2,15,2,77,3,10,7,1,7,9,1,8,1,4,44,1,22,121.5687335,25.0419499
114,08,10,12,04,05中正區,中正區中正橋上橋處(往新北市方向),0,0,1,1,A41,8,6,5,50,14,9,1,3,4,5,13,4,4,3,4,4,1,17,1,23,3,10,3,4,7,9,1,1,11,17,34,2,21,121.5167703,25.0227749
114,08,10,12,07,05中正區,中正區中正橋往永和上橋處,0,0,1,1,B03,8,6,5,50,14,9,1,5,4,5,13,4,4,1,4,5,2,12,2,55,3,10,7,1,7,8,1,4,1,2,100,1,21,121.5167498,25.0228892
114,08,10,12,10,02萬華區,萬華區桂林路244巷與環河南路2段130巷口,0,0,1,1,B03,8,7,5,30,4,1,1,5,4,5,13,4,4,10,5,5,2,15,1,35,3,10,7,1,7,9,1,8,1,1,14,1,21,121.493781,25.0371535
114,08,10,12,29,05中正區,中正區汀州路3段與羅斯福路4段108巷口,0,0,2,1,C03,8,6,5,50,3,1,1,5,4,5,13,4,4,5,2,5,2,15,1,66,2,8,5,1,7,1,1,10,1,11,19,1,21,121.5349167,25.0131091
114,08,10,12,30,03中山區,中山區雙城街10巷13號,0,0,2,1,C03,7,7,5,30,14,9,1,5,4,5,13,4,4,10,5,5,2,17,1,73,2,9,5,1,7,8,6,18,1,14,100,1,21,121.5242351,25.06418394
114,08,10,12,36,01大同區,大同區承德路2段與民生西路口口,0,0,1,1,C03,7,6,5,50,4,2,1,5,4,5,13,2,1,1,2,5,2,13,1,25,2,7,6,1,7,9,1,10,1,11,108,1,21,121.5182714,25.057115
114,08,10,12,40,05中正區,中正區辛亥車行地下道(往師大路方向),0,0,1,1,A12,8,5,5,40,7,9,1,2,4,5,13,4,4,5,2,5,1,17,1,55,3,10,7,1,7,9,1,2,11,17,37,2,21,121.5121918,25.02451812
114,08,10,12,50,01大同區,大同區民權西路與承德路3段口,0,0,1,1,A02,8,6,5,50,4,2,1,5,4,5,13,2,1,1,4,5,2,9,1,55,3,10,3,4,7,14,1,1,11,2,40,1,21,121.5178909,25.0628972
114,08,10,13,27,11南港區,南港區忠孝東路5段與永吉路口,0,0,1,1,C03,8,7,5,50,5,2,1,5,4,5,13,2,1,1,4,4,2,12,1,52,3,10,5,1,7,8,1,9,1,13,100,1,21,121.5824971,25.0452288
114,08,10,13,28,10文山區,文山區景中街與景美街口,0,0,2,1,C03,8,6,5,50,4,1,1,5,4,5,13,4,4,1,4,5,2,17,1,31,2,9,6,1,7,9,1,10,1,14,42,1,21,121.5416663,24.9928819
114,08,10,14,00,10文山區,文山區木柵路4段與木柵路4段111巷口,0,0,1,1,C03,7,6,5,50,3,2,1,4,4,5,13,2,1,10,5,5,2,17,1,54,3,10,6,1,7,9,1,10,11,17,44,1,21,121.5741628,24.9978778
114,08,10,14,10,05中正區,中正區新生南路1段126號,0,0,1,1,C03,6,7,5,50,14,9,1,4,4,5,13,4,4,3,3,5,2,13,2,18,2,9,5,1,7,9,1,10,2,11,108,1,25,121.532613,25.0376293
114,08,10,15,01,10文山區,文山區木柵路4段與和平東路4段口,0,0,1,1,C03,7,5,5,50,3,1,1,5,4,5,13,2,1,10,5,5,2,18,1,41,2,9,6,1,7,9,1,10,11,12,116,1,21,121.5745446,24.9983221
114,08,10,15,10,04大安區,大安區仁愛路3段與建國南路1段口,0,0,1,1,B01,6,6,5,50,4,1,1,4,4,5,13,2,1,1,4,5,2,16,1,62,3,10,7,1,7,5,1,4,1,5,85,1,21,121.5386266,25.0379011
114,08,10,15,12,08士林區,士林區延平北路5段與延平北路5段244巷口,0,0,2,1,C03,8,6,5,50,4,2,1,5,4,5,13,1,1,8,5,1,1,1,1,65,2,8,5,1,7,9,1,10,2,11,16,1,21,121.5098928,25.0846614
114,08,10,15,15,11南港區,南港區經貿二路157巷與經貿一路口,0,0,2,1,B03,8,6,5,50,3,1,1,5,4,5,13,2,1,1,4,5,2,13,1,65,2,9,3,4,7,5,1,8,2,3,42,1,21,121.617874,25.060946
114,08,10,15,16,07信義區,信義區松壽路1號,0,0,1,1,B03,7,6,5,50,14,9,1,5,4,5,13,4,4,5,4,5,2,16,1,46,3,10,3,4,7,6,1,8,2,5,9,1,21,121.5630802,25.0358333
114,08,10,17,00,07信義區,信義區信安街162號,0,0,2,1,F01,7,6,5,50,14,9,1,5,4,5,13,4,4,9,5,5,2,16,2,68,2,9,4,4,7,5,8,20,1,14,8,1,22,121.5555171,25.0235465
114,08,10,17,25,04大安區,大安區和平東路3段與和平東路3段228巷口,0,0,1,1,B01,7,6,5,50,4,1,1,4,4,5,13,1,1,1,4,4,2,16,1,65,3,10,7,1,7,5,1,4,1,1,71,1,21,121.5546676,25.0223225
114,08,10,17,28,01大同區,大同區大龍街與大龍街62巷口,0,0,2,1,B03,7,6,5,50,3,1,1,5,4,5,13,4,4,9,5,5,2,16,1,33,3,10,7,1,7,11,1,8,2,8,10,1,21,121.5160736,25.0652666
114,08,10,17,40,03中山區,中山區八德路2段與復興南路1段口,0,0,1,1,C03,8,7,5,50,4,1,1,5,4,5,13,2,1,7,2,5,2,17,1,31,3,10,5,1,7,6,1,10,1,17,9,1,21,121.5437955,25.0476514
114,08,10,19,21,09北投區,北投區大業路與大度路口,0,0,1,1,C03,8,5,5,50,5,1,1,5,4,5,13,1,1,1,2,5,2,16,1,64,2,9,5,1,7,5,6,18,2,14,8,1,22,121.499544,25.1212004
114,08,10,19,37,02萬華區,萬華區環河快速道路往南6011219燈桿,0,0,1,1,B12,7,5,7,60,14,16,1,5,4,5,13,4,4,1,4,5,1,17,1,50,2,1,3,4,7,9,1,8,1,1,42,1,22,121.4928024,25.037158
114,08,10,19,42,07信義區,信義區忠孝東路4段515號對面,0,0,1,1,B01,7,5,5,50,14,9,1,5,4,5,13,4,4,6,5,5,2,17,1,48,3,10,7,1,7,8,1,4,1,17,100,1,21,121.5591746,25.0412046
114,08,10,19,45,03中山區,中山區民生東路2段與吉林路口,0,0,1,1,B01,8,5,5,50,4,2,1,5,4,5,13,2,1,5,4,5,2,17,1,57,3,10,7,1,7,6,1,4,1,5,9,1,21,121.5302383,25.05781967
114,08,10,19,50,07信義區,信義區永吉路30巷158弄與永吉路30巷口,0,0,2,1,C03,7,5,5,30,4,1,1,5,4,5,13,4,4,10,5,5,2,15,2,22,2,9,6,1,7,9,1,10,1,11,72,1,21,121.5687546,25.0423446
114,08,10,20,09,05中正區,中正區中華路1段與寶慶路口,0,0,1,1,C03,8,5,5,50,4,2,1,5,4,5,13,1,1,1,4,1,1,17,1,66,2,9,5,1,7,9,1,10,1,11,108,1,21,121.5083651,25.0418373
114,08,10,21,01,04大安區,大安區忠孝東路4段與敦化南路1段口,0,0,1,1,A02,8,5,5,50,14,10,1,5,4,5,13,4,4,1,4,5,2,9,1,54,3,10,7,1,7,14,1,2,9,17,44,1,21,121.5488231,25.0418292
114,08,10,21,01,05中正區,中正區和平西路1段與泉州街口口,0,0,2,1,C03,7,5,5,50,5,1,1,5,4,5,13,1,1,1,4,5,2,17,1,44,2,6,5,1,7,15,1,10,2,11,108,1,21,121.5147108,25.027723
114,08,10,21,42,03中山區,中山區南京東路1段1巷與中山北路2段11巷口,0,0,2,1,C03,8,5,5,30,4,1,1,5,4,5,13,4,4,10,5,5,2,16,2,18,2,8,6,1,7,9,1,10,1,12,72,1,21,121.5230621,25.052778
114,08,10,22,04,03中山區,中山區八德路2段與遼寧街口,0,0,1,1,B03,8,5,5,50,4,1,1,5,4,5,13,2,1,5,4,5,2,16,1,19,3,10,7,1,7,5,1,8,1,2,71,1,21,121.5421992,25.0471809