發生年度,發生月,發生日,發生時-Hours,發生分,區序,肇事地點,死亡人數,2-30日死亡人數,受傷人數,當事人序號,車種,天候,光線,道路類別,速限-速度限制,道路型態,事故位置,路面狀況1,路面狀況2,路面狀況3,道路障礙1,道路障礙2,號誌1,號誌2,車道劃分-分向,車道劃分-分道1,車道劃分-分道2,車道劃分-分道3,事故類型及型態,性別,年齡,受傷程度,主要傷處,保護裝置,行動電話,車輛用途,當事者行動狀態,駕駛資格情形,駕駛執照種類,飲酒情形,車輛撞擊部位1,肇因碼-個別,個人肇逃否,職業,座標-X,座標-Y
114,08,10,22,08,03中山區,中山區長安西路與長安西路19巷2弄口,0,0,1,1,C03,8,5,5,50,4,1,1,5,4,5,13,1,1,10,4,5,2,16,1,53,3,10,6,1,7,5,1,10,1,12,8,1,21,121.5210486,25.05021276
114,08,10,23,10,03中山區,中山區市民大道1段與市民大道1段口往西，中山地下街R1出口旁,0,0,1,1,B01,8,5,5,40,14,9,1,5,4,5,13,4,4,1,4,5,2,16,1,67,3,10,7,1,7,1,1,4,2,4,19,1,21,121.5189241,25.0485752
114,08,11,00,10,11南港區,南港區福山街與大坑街口,0,0,1,1,B01,8,5,5,30,4,1,1,5,4,5,13,4,4,10,5,5,2,15,1,57,3,10,3,4,7,9,1,4,1,4,108,1,22,121.6175366,25.0459877
114,08,11,05,05,08士林區,士林區通河街76巷與承德路4段10巷口口,0,0,2,1,C03,8,5,5,30,4,1,1,5,4,5,13,4,4,10,5,5,1,15,1,52,2,9,6,1,7,9,1,10,1,11,72,1,21,121.5201487,25.0801317
114,08,11,05,43,05中正區,中正區辛亥路1段與汀州路3段口口,0,0,1,1,C03,7,6,5,50,3,1,1,2,4,5,13,4,4,5,4,5,2,17,1,63,2,1,6,1,7,9,1,10,2,14,44,1,21,121.5273984,25.0184162
114,08,11,06,57,07信義區,信義區松仁路155號,0,0,1,1,C03,8,6,5,50,14,9,1,5,4,5,13,4,4,8,3,5,2,11,1,82,2,9,5,4,7,7,1,10,1,14,100,1,22,121.5683481,25.0288588
114,08,11,07,16,01大同區,大同區環河北路1段273號,0,0,1,1,B03,7,6,5,50,14,9,1,5,4,5,13,4,4,1,4,5,2,16,1,59,3,10,3,4,7,8,1,8,2,3,100,1,21,121.5085155,25.0583793
114,08,11,07,36,08士林區,士林區自強隧道(外)南向北方向(1101792燈桿),0,0,1,1,C03,8,7,5,40,14,9,1,5,4,5,13,4,4,10,4,5,1,17,2,68,2,9,6,1,7,7,1,10,2,11,100,1,21,121.5487376,25.0956359
114,08,11,07,45,07信義區,信義區虎林街與市民大道6段口,0,0,2,1,C03,8,6,5,40,4,1,1,5,4,5,13,2,1,10,3,5,2,17,1,52,5,2,5,4,7,21,1,10,9,14,101,1,21,121.5759937,25.0491653
114,08,11,07,53,06松山區,松山區三民路與三民路113巷口,0,0,1,1,C03,7,6,5,50,4,2,1,5,4,5,13,2,1,8,3,5,2,16,2,51,2,9,5,1,7,7,1,11,1,11,100,1,21,121.5634734,25.0578814
114,08,11,08,00,07信義區,信義區忠孝東路5段與松仁路口口,0,0,2,1,C03,8,7,5,50,4,2,1,5,4,5,13,2,1,1,2,5,2,13,1,69,2,8,6,1,7,9,1,9,2,11,16,1,22,121.5685903,25.0408201
114,08,11,08,15,03中山區,中山區明水路672巷21號,0,0,1,1,C03,8,7,5,50,14,9,1,5,4,5,13,4,4,9,4,5,2,12,1,54,2,8,5,1,7,9,1,10,2,14,44,1,21,121.5516193,25.0835523
114,08,11,08,15,09北投區,北投區文林北路與文林北路244巷口,0,0,2,1,C03,8,7,5,50,4,1,1,5,4,5,13,2,1,1,4,4,2,13,2,21,2,9,5,1,7,9,1,10,1,11,16,1,21,121.5131835,25.1087636
114,08,11,08,26,01大同區,大同區環河北路2段與迪化街2段172巷口,0,0,1,1,B03,8,6,5,50,3,2,1,5,4,5,13,4,4,1,4,5,2,17,2,51,3,10,3,4,7,8,1,8,2,2,100,1,22,121.5089701,25.067023
114,08,11,08,26,01大同區,大同區民生西路與民樂街口口,0,0,1,1,B02,8,5,5,50,3,2,1,5,4,5,13,4,4,9,4,5,2,16,1,36,3,10,7,1,7,15,1,8,2,2,44,1,22,121.5110227,25.056888
114,08,11,08,30,04大安區,大安區辛亥路3段（青峰公園）,0,0,3,1,C03,7,6,5,50,14,9,1,5,4,5,13,4,4,10,4,5,2,13,1,27,3,10,6,4,7,9,1,10,11,11,16,2,21,121.5514404,25.015508
114,08,11,08,37,09北投區,北投區溫泉路1208828號燈桿,0,0,1,1,B03,8,7,5,30,11,9,1,5,4,5,13,4,4,10,5,5,2,11,2,54,3,10,7,1,7,9,1,8,2,4,42,1,22,121.5125184,25.13688885
114,08,11,08,44,06松山區,松山區民生東路3段與民生東路3段107巷口,0,0,1,1,B03,8,6,5,50,4,1,1,5,4,5,13,4,4,3,4,5,2,17,1,63,3,10,3,4,7,6,1,8,1,8,72,1,22,121.5448425,25.0578922
114,08,11,08,59,06松山區,松山區南京東路4段與北寧路口,0,0,1,1,B03,8,6,5,50,4,2,1,5,4,5,13,1,1,5,4,5,2,12,2,65,3,10,7,1,7,9,1,8,2,2,42,1,21,121.5527004,25.0514016
114,08,11,09,00,06松山區,松山區市民大道4段與八德路3段74巷口,0,0,2,1,C03,8,5,5,40,3,1,1,5,4,5,13,4,4,9,4,5,2,17,2,32,2,7,6,1,7,6,1,10,1,13,9,1,21,121.5524935,25.0445775
114,08,11,09,03,11南港區,南港區新民街68號,0,0,1,1,C03,8,6,5,30,14,9,1,5,4,5,13,4,4,10,5,5,2,16,1,47,3,10,6,1,7,11,1,10,1,14,10,1,21,121.6116341,25.0557107
114,08,11,09,09,04大安區,大安區樂利路88號,0,0,1,1,B03,7,6,5,40,14,9,1,5,4,5,13,4,4,1,4,5,2,9,1,70,3,10,7,1,7,2,1,8,1,3,44,1,21,121.5520745,25.0253854
114,08,11,09,14,02萬華區,萬華區德昌街185巷27弄與寶興街222巷口,0,0,2,1,C03,7,7,8,30,4,1,1,5,4,5,13,4,4,10,5,5,2,15,1,32,2,9,5,1,7,9,1,10,1,11,75,1,21,121.4947096,25.0221189
114,08,11,10,00,12內湖區,內湖區內湖路1段659號,0,0,1,1,B03,8,7,8,50,14,9,1,5,4,5,13,4,4,1,4,4,2,12,1,77,3,10,7,1,7,7,1,8,1,4,100,1,21,121.5749938,25.0801663
114,08,11,10,03,03中山區,中山區長安東路1段與長安東路1段30巷口,0,0,2,1,C03,8,7,5,50,4,2,1,5,4,5,13,1,1,9,4,5,2,17,1,41,2,8,5,1,7,9,1,10,1,12,16,1,21,121.5261916,25.0487347
114,08,11,10,10,12內湖區,內湖區康寧路3段18號,0,0,1,1,C03,7,5,5,50,14,9,1,5,4,5,13,4,4,1,3,5,1,13,1,28,3,10,3,4,7,9,1,10,1,11,16,1,21,121.6071476,25.0726578
114,08,11,10,20,08士林區,士林區承德路5段與士商路口,0,0,1,1,B03,8,6,5,40,4,1,1,5,4,5,13,1,1,1,3,4,1,16,1,31,3,10,7,1,7,6,1,8,1,2,9,1,22,121.5142424,25.0960277
114,08,11,10,25,07信義區,信義區信義路5段與基隆路1段口,0,0,1,1,C03,8,6,5,50,14,9,1,5,4,5,13,1,1,1,4,5,2,13,1,35,2,8,5,2,7,9,1,10,1,11,111,1,21,121.5599802,25.0330553
114,08,11,10,29,01大同區,大同區鄭州路與塔城街口,0,0,1,1,B13,8,6,5,40,4,2,1,5,4,5,13,2,1,1,4,5,2,12,1,36,3,10,3,4,7,9,1,8,1,6,108,1,22,121.5108659,25.0500167
114,08,11,11,20,07信義區,信義區吳興街156巷7弄1號,0,0,1,1,C03,8,7,5,30,14,9,1,5,4,5,13,4,4,10,5,5,2,13,2,56,2,8,6,1,7,9,1,10,1,12,44,1,22,121.5616683,25.0287737
114,08,11,11,30,12內湖區,內湖區環山路3段與內湖路1段737巷口,0,0,2,1,C03,7,5,5,50,3,1,1,5,4,1,13,4,4,5,4,4,1,24,2,21,2,9,5,1,7,9,1,10,1,11,108,1,21,121.5788701,25.0844352
114,08,11,11,33,04大安區,大安區市民大道4段與敦化南路1段口,0,0,1,1,B12,8,5,5,40,4,2,1,5,4,5,13,2,1,1,5,5,2,16,1,46,3,10,7,1,7,6,1,8,1,2,9,1,21,121.5485993,25.0447621
114,08,11,12,05,05中正區,中正區和平西路2段102號,0,0,1,1,C03,7,5,5,50,14,9,1,5,4,5,13,4,4,4,3,4,2,17,1,42,3,10,6,1,7,6,1,10,1,17,9,1,21,121.5085009,25.0308395
114,08,11,12,21,12內湖區,內湖區康寧路1段與康寧路1段195巷口,0,0,1,1,B03,8,6,5,40,3,1,1,5,4,5,13,4,4,9,5,5,2,12,2,23,3,10,3,4,7,11,1,8,1,8,10,1,22,121.5968244,25.0784607
114,08,11,12,37,08士林區,士林區承德路4段與劍潭路口,0,0,1,1,B03,8,7,5,50,4,1,1,5,4,5,13,2,1,1,2,5,1,17,1,33,2,7,7,1,7,9,1,4,1,5,74,1,21,121.5234418,25.084187
114,08,11,12,53,07信義區,信義區和平東路3段391巷8弄20號,0,0,1,1,C03,8,7,5,30,14,9,1,5,4,5,13,4,4,10,5,5,2,10,1,34,2,9,5,4,7,9,3,18,2,11,108,1,21,121.5575952,25.0204251
114,08,11,12,54,01大同區,大同區民權西路與重慶北路2段口口,0,0,1,1,B03,8,5,5,50,5,1,1,5,4,5,13,2,1,1,4,5,2,13,1,46,3,10,7,1,7,8,1,8,2,4,100,1,21,121.5135056,25.0629172
114,08,11,13,41,03中山區,中山區民權東路2段142號,0,0,2,1,C03,8,6,5,50,14,9,1,5,4,5,13,4,4,1,4,5,2,13,2,19,2,9,6,4,7,9,1,10,1,11,16,1,21,121.5335807,25.0623703
114,08,11,14,00,05中正區,中正區中山南路與仁愛路1段口,0,0,1,1,B01,7,5,5,50,5,1,1,5,4,5,13,1,1,10,5,5,2,17,1,68,3,10,3,4,7,9,1,4,11,17,81,1,21,121.5108923,25.04231489
114,08,11,14,11,03中山區,中山區民族西路與玉門街口,0,0,1,1,B03,7,6,5,50,14,9,1,5,4,5,13,4,4,4,5,5,1,13,1,25,3,10,3,4,7,9,1,8,6,1,21,1,21,121.5205366,25.0685453
114,08,11,14,30,08士林區,士林區至誠路2段芝山加油站,0,0,1,1,B01,6,6,5,50,14,9,1,4,4,5,13,4,4,9,5,5,2,17,1,61,3,10,7,1,7,1,1,4,1,8,19,1,26,121.5286918,25.1017096
114,08,11,15,01,09北投區,北投區西安街2段與立農街1段385巷口,0,0,2,1,C03,6,5,5,50,4,1,1,4,4,5,13,1,1,5,4,5,2,17,1,62,2,9,3,4,7,9,1,10,2,15,42,1,21,121.5086159,25.1201922
114,08,11,15,31,12內湖區,內湖區成功路2段南向北(近石潭路),0,0,1,1,B03,7,7,5,50,14,9,1,5,4,5,13,1,1,1,4,5,1,17,1,50,3,10,7,1,7,6,1,8,1,2,9,1,21,121.5909579,25.0627439
114,08,11,16,00,11南港區,南港區福德街373巷31號,0,0,1,1,B03,7,7,5,30,14,9,1,5,4,5,13,4,4,9,5,5,2,16,1,49,3,10,7,1,7,1,1,8,1,7,19,1,21,121.5913835,25.0390455
114,08,11,16,05,04大安區,大安區濟南路3段25號,0,0,1,1,B11,6,7,5,50,14,9,1,4,4,5,13,4,4,5,5,5,1,17,1,28,3,10,7,1,7,9,1,4,1,1,16,1,21,121.534687,25.04019
114,08,11,16,10,10文山區,文山區木柵路4段96-4號,0,0,1,1,A02,6,7,5,50,14,9,1,4,4,5,13,4,4,5,4,5,2,9,1,52,3,10,7,1,7,1,1,2,1,17,19,1,21,121.575309,24.9990351
114,08,11,16,15,09北投區,北投區石牌路2段與石牌路2段90巷口,0,0,1,1,C03,6,6,5,30,3,2,1,4,4,5,13,4,4,5,4,5,2,16,2,47,2,9,5,1,7,5,1,10,1,13,72,1,21,121.5163743,25.1171474
114,08,11,16,42,10文山區,文山區興隆路1段251巷與興隆路1段251巷4弄口,0,0,3,1,C03,6,6,5,30,4,1,1,4,4,5,13,4,4,10,5,5,2,15,1,19,2,9,6,1,7,9,1,10,1,11,72,1,21,121.5448824,24.9997728
114,08,11,17,00,03中山區,中山區建國北路2段92號,0,0,2,1,C03,6,7,5,50,14,9,1,4,4,5,13,4,4,1,4,5,2,13,1,37,2,6,5,1,7,7,1,10,1,13,100,1,21,121.5366697,25.057383
114,08,11,17,03,10文山區,文山區興隆路3段22號,0,0,1,1,C03,6,6,5,50,3,2,1,4,4,5,13,1,1,1,4,5,2,17,1,26,2,7,5,1,7,9,1,10,2,12,108,1,21,121.5551044,25.0006263
114,08,11,17,05,03中山區,中山區中山北路2段與民權西路口,0,0,1,1,C03,6,5,5,50,4,1,1,4,4,5,13,1,1,1,4,1,2,13,2,20,2,9,5,4,7,6,1,10,1,12,9,1,22,121.5221711,25.06276641
114,08,11,17,32,10文山區,文山區下崙路25號前,0,0,1,1,C03,6,7,5,30,11,9,1,4,4,5,13,4,4,9,5,5,2,11,2,40,2,8,5,1,7,9,1,10,1,11,116,1,21,121.5586363,24.98632471
114,08,11,17,35,07信義區,信義區市民大道6段與松山路口,0,0,1,1,B03,6,6,5,40,4,1,1,4,4,5,13,2,1,1,4,5,2,16,1,25,3,10,3,4,7,5,1,8,2,4,103,1,22,121.5784192,25.049364
114,08,11,17,40,06松山區,松山區民生東路5段37號,0,0,1,1,B01,6,5,5,50,14,9,1,4,4,5,13,4,4,1,4,5,2,12,1,61,3,10,7,1,7,8,1,4,1,4,100,1,21,121.5568283,25.058412
114,08,11,17,46,05中正區,中正區和平西路1段5號,0,0,4,1,C03,6,6,5,40,14,8,1,4,4,5,13,4,4,1,4,4,1,17,1,19,3,10,6,1,7,1,1,10,2,17,19,1,21,121.5215987,25.0270105
114,08,11,17,53,03中山區,中山區民權東路3段與龍江路口,0,0,1,1,C03,6,6,5,50,4,1,1,4,4,5,13,2,1,1,4,5,2,17,1,21,3,10,6,1,7,9,1,10,1,11,13,1,21,121.5406467,25.06236389
114,08,11,17,55,06松山區,松山區敦化南路1段與八德路3段口,0,0,1,1,B03,6,5,5,40,14,8,1,4,4,5,13,4,4,1,3,4,2,13,1,27,3,10,3,4,7,1,1,8,2,17,19,1,22,121.5492025,25.0478946
114,08,11,18,03,02萬華區,萬華區德昌街60號,0,0,1,1,B12,8,5,5,30,14,9,1,5,4,5,13,4,4,10,5,5,2,2,1,32,3,10,7,4,7,9,1,4,2,5,108,1,21,121.4985622,25.0249472
114,08,11,18,03,06松山區,松山區市民大道5段與東寧路口,0,0,1,1,B03,6,7,5,40,3,1,1,4,4,5,13,1,1,1,4,5,2,17,2,42,3,10,7,1,7,7,1,8,1,5,100,1,21,121.5629764,25.0473678
114,08,11,18,05,01大同區,大同區承德路3段與承德路3段225巷口,0,0,2,1,C03,6,6,5,50,5,2,1,4,4,5,13,4,4,1,5,5,2,12,2,42,2,8,6,1,7,9,1,10,2,13,32,1,21,121.518521,25.0701542
114,08,11,18,06,07信義區,信義區忠孝東路4段0606971燈桿,0,0,1,1,B03,6,6,5,50,14,9,1,4,4,5,13,4,4,1,5,5,2,17,1,61,3,10,3,4,7,7,1,4,2,17,100,1,21,121.5601476,25.0412588
114,08,11,18,11,04大安區,大安區基隆路2段222號,0,0,1,1,C03,7,6,5,50,14,9,1,4,4,5,13,4,4,1,3,5,2,17,1,29,2,9,6,1,7,9,1,9,1,17,44,1,21,121.5513789,25.023431
114,08,11,18,16,12內湖區,內湖區金龍路與內湖路3段191巷口,0,0,1,1,C03,7,5,5,30,3,1,1,4,4,5,13,4,4,4,3,5,1,15,1,54,3,10,3,4,7,6,1,10,1,11,72,1,21,121.5878175,25.0873283
114,08,11,18,20,03中山區,中山區中山北路2段115巷,0,0,1,1,B03,6,7,5,50,14,9,1,4,4,5,13,4,4,1,4,5,2,12,1,27,3,10,7,1,7,7,1,4,11,2,100,1,21,121.523071,25.0609698
114,08,11,18,35,02萬華區,萬華區青年路30巷與青年路口,0,0,2,1,B03,7,5,5,30,3,1,1,5,4,5,13,1,1,8,4,5,1,17,1,47,3,10,7,1,7,1,1,8,1,8,19,1,21,121.5048198,25.0256001
114,08,11,18,35,07信義區,信義區莊敬路與吳興街345巷口,0,0,1,1,C03,6,5,5,50,4,2,1,4,4,5,13,1,1,5,5,4,2,18,1,37,2,9,6,1,7,5,1,10,9,12,42,1,21,121.5666588,25.0271787
114,08,11,18,39,04大安區,大安區辛亥路2段與復興南路2段口（台大停車場出口）,0,0,2,1,C03,7,5,5,50,22,23,1,4,4,5,13,4,4,10,5,5,2,17,1,23,2,7,3,4,7,1,1,10,1,11,19,1,21,121.5427671,25.0209772
114,08,11,18,47,06松山區,松山區八德路2段437巷與八德路2段437巷7弄口,0,0,2,1,C03,7,5,5,30,4,1,1,4,4,5,13,4,4,10,5,5,2,15,1,23,2,9,5,1,7,9,1,10,1,11,72,1,25,121.5471122,25.049222
114,08,11,19,07,12內湖區,內湖區民權大橋東向西,0,0,1,1,C03,7,5,5,30,14,9,1,4,4,5,13,4,4,1,4,4,2,13,2,21,2,9,5,1,7,9,1,10,2,11,16,1,21,121.5693209,25.0639262
114,08,11,19,12,07信義區,信義區忠孝東路5段與基隆路1段口,0,0,1,1,C03,8,5,5,50,4,2,1,5,4,5,13,1,1,1,4,5,2,13,1,30,2,9,6,1,7,9,1,10,9,11,16,1,22,121.5644981,25.0412321
114,08,11,19,20,12內湖區,內湖區瑞湖街與陽光街321巷口,0,0,1,1,B03,6,5,5,50,4,1,1,4,4,5,13,1,1,10,5,5,1,16,1,25,3,10,7,1,7,5,1,8,2,7,8,1,21,121.5764295,25.0712567
114,08,11,20,10,05中正區,中正區博愛路38號,0,0,1,1,C03,7,5,5,0,14,20,4,5,4,5,13,4,4,10,5,5,2,9,1,49,3,10,6,1,7,9,1,10,9,11,88,1,21,121.5112572,25.045819
114,08,11,20,22,03中山區,中山區農安街與民權東路2段71巷口,0,0,2,1,C03,8,5,5,50,4,1,1,5,4,5,13,2,1,10,5,5,2,16,1,38,2,8,6,1,7,5,1,10,1,14,8,1,21,121.5222254,25.05798722
114,08,11,20,23,05中正區,中正區貴陽街1段與博愛路口,0,0,2,1,C03,7,5,5,50,4,1,1,4,4,5,13,2,1,5,4,5,2,16,2,49,2,9,6,1,7,6,1,10,2,13,9,1,21,121.5111041,25.0388696
114,08,11,20,52,12內湖區,內湖區康樂街與康樂街136巷口,0,0,1,1,H01,7,5,5,50,4,2,1,5,4,5,13,1,1,5,5,5,2,6,2,26,2,9,4,5,8,18,8,20,10,16,122,1,21,121.6192727,25.071824
114,08,11,21,01,12內湖區,內湖區民權東路6段184號,0,0,1,1,A02,8,5,5,50,14,9,1,5,4,5,13,4,4,1,3,5,1,12,1,50,3,10,7,1,7,9,1,6,1,5,108,1,21,121.5931863,25.0687852
114,08,11,21,20,04大安區,大安區和平東路1段63號,0,0,1,1,C03,6,5,5,50,14,9,1,4,4,5,13,4,4,1,4,5,2,17,1,44,4,11,3,4,7,8,7,19,11,15,100,2,22,121.5243766,25.0270337
114,08,11,21,20,04大安區,大安區四維路與四維路76巷口,0,0,1,1,C03,6,5,5,30,4,1,1,4,4,5,13,3,1,10,5,5,1,15,1,25,2,9,3,4,7,9,1,10,1,12,72,1,21,121.5482005,25.0342634
114,08,11,22,07,01大同區,大同區鄭州路與環河北路1段口,0,0,1,1,B02,8,5,5,50,4,1,1,5,4,5,13,1,1,1,4,5,2,16,1,54,3,10,7,1,7,5,1,8,1,2,44,1,21,121.5068377,25.0506903
114,08,11,23,05,03中山區,中山區林森北路85巷52號,0,0,1,1,B02,8,5,5,30,14,9,1,5,4,5,13,4,4,10,5,5,2,14,1,21,3,10,7,1,7,2,1,8,1,3,12,1,21,121.5265541,25.0494492
114,08,11,23,15,05中正區,中正區襄陽路與南陽街口,0,0,1,1,C03,8,5,5,50,3,1,1,5,4,5,13,4,4,5,4,5,2,16,2,25,2,9,5,1,7,5,1,10,2,14,8,1,22,121.5160425,25.04338205
114,08,12,03,30,02萬華區,萬華區堤外便道與堤外便道口果菜市場停車場出入口,0,0,1,1,B12,8,5,5,50,4,1,1,5,4,5,13,4,4,9,5,5,2,15,1,28,3,10,7,1,7,1,1,8,1,4,19,1,26,121.5003145,25.01704221
114,08,12,06,19,03中山區,中山區新生北路2段與長春路口,0,0,1,1,B03,8,7,5,50,4,1,1,5,4,5,13,1,1,9,4,5,2,16,1,35,3,10,3,4,7,9,6,8,2,6,81,1,21,121.5272724,25.05501205
114,08,12,07,04,04大安區,大安區敦化南路1段與四維路口,0,0,1,1,B03,7,5,5,30,3,1,1,5,4,5,13,4,4,10,5,5,2,16,1,43,3,10,3,4,7,6,1,8,1,1,9,1,21,121.5481878,25.0372184
114,08,12,07,10,08士林區,士林區福林橋南往北7010056燈桿,0,0,1,1,C03,8,6,5,50,8,9,1,5,4,5,13,4,4,1,4,5,1,18,1,69,2,9,5,1,7,9,1,10,2,12,42,1,21,121.5267912,25.1001727
114,08,12,07,23,11南港區,南港區昆陽街157巷與忠孝東路6段425巷口,0,0,1,1,C03,8,6,5,50,3,1,1,5,4,5,13,4,4,4,4,5,2,12,2,40,2,8,3,4,7,5,1,10,1,11,8,1,21,121.5947957,25.0499583
114,08,12,07,26,09北投區,北投區稻香路1204227號燈桿,0,0,1,1,C03,8,7,5,40,14,9,1,5,4,5,13,4,4,10,5,5,2,10,1,24,2,9,5,1,7,4,1,10,1,12,1,1,21,121.4879012,25.1432941
114,08,12,07,28,09北投區,北投區公館路334巷與公館路228巷口,0,0,1,1,C03,8,7,5,30,4,1,1,5,4,5,13,4,4,10,5,5,2,15,1,60,3,10,5,1,7,9,1,10,2,11,72,1,21,121.5047577,25.1246382
114,08,12,07,36,02萬華區,萬華區莒光路153巷與中華路2段130巷口,0,0,3,1,C03,7,7,5,30,4,1,1,5,4,5,13,4,4,10,5,5,2,15,1,56,2,8,5,1,7,9,1,9,1,12,75,1,21,121.5029635,25.0307414
114,08,12,07,44,07信義區,信義區忠孝東路5段257號,0,0,2,1,C03,8,7,5,50,14,9,1,5,4,5,13,4,4,1,4,5,2,12,2,22,2,9,3,4,7,9,1,10,2,14,44,1,21,121.5706797,25.0410867
114,08,12,07,46,02萬華區,萬華區堤外便道機車道往北,0,0,1,1,C03,8,5,7,40,14,11,1,5,4,5,13,4,4,1,4,5,2,13,1,23,3,10,5,4,7,9,1,10,1,11,16,1,21,121.4973702,25.04023322
114,08,12,07,55,03中山區,中山區民權東路2段146號,0,0,1,1,C03,8,7,5,50,14,9,1,5,4,5,13,4,4,1,4,5,2,12,2,46,2,9,6,4,7,15,1,10,2,14,100,1,21,121.5339464,25.06246492
114,08,12,08,09,05中正區,中正區中華路1段與中華路1段81巷口,0,0,2,1,B03,8,7,5,40,3,1,1,5,4,5,13,4,4,1,4,1,2,16,1,54,3,10,7,1,7,6,1,8,2,2,9,1,21,121.5075093,25.0386366
114,08,12,08,16,07信義區,信義區市府路與松壽路口4號,0,0,1,1,F02,8,6,5,0,14,20,4,5,4,5,13,4,4,10,5,5,2,9,2,29,2,9,3,4,7,9,8,20,1,17,42,1,22,121.5637153,25.0356235
114,08,12,08,20,09北投區,北投區承德路7段與石牌路1段口,0,0,3,1,A12,8,7,5,50,3,2,1,2,4,5,13,2,1,1,4,5,2,17,1,45,3,10,7,1,7,6,1,1,9,17,108,1,21,121.5092533,25.1122742
114,08,12,08,25,08士林區,士林區承德路4段與大南路口,0,0,1,1,F07,8,6,5,50,5,2,1,5,4,5,13,2,1,1,2,5,1,17,1,41,2,7,4,1,7,9,8,20,1,14,42,1,21,121.5161846,25.09036758
114,08,12,08,30,08士林區,士林區承德路4段277巷與承德路4段301巷口,0,0,1,1,C03,7,5,5,30,3,1,1,5,4,5,13,4,4,10,5,5,1,17,2,62,3,10,5,1,7,6,1,10,1,11,72,1,21,121.5191635,25.0910833
114,08,12,08,43,06松山區,松山區南京東路3段300號,0,0,2,1,C03,8,6,5,50,14,9,1,5,4,5,13,2,1,3,4,5,2,17,2,22,2,9,6,4,7,9,1,10,2,11,16,1,22,121.5465003,25.0517109
114,08,12,08,43,10文山區,文山區辛亥路4段(南往北近辛亥隧道入口),0,0,1,1,C03,8,6,5,50,14,9,1,5,4,5,13,4,4,1,4,5,2,13,2,45,2,9,5,1,7,9,1,10,2,11,108,1,21,121.5582675,25.00890993
114,08,12,08,48,07信義區,信義區東興路與市民大道5段口,0,0,2,1,C03,7,7,5,50,4,1,1,5,4,5,13,2,1,1,1,1,2,13,2,56,3,10,3,4,7,12,1,10,2,11,16,1,22,121.565848,25.0480348
114,08,12,08,55,12內湖區,內湖區舊宗路2段與陽光街口,0,0,1,1,C03,8,7,5,50,3,1,1,5,4,5,13,4,4,3,4,5,2,16,1,21,3,10,5,1,7,6,1,10,9,12,9,1,21,121.5741486,25.0722669
114,08,12,09,10,04大安區,大安區新生南路2段與永康街23巷口口,0,0,2,1,C03,8,7,5,40,3,2,1,5,4,5,13,4,4,1,4,5,1,17,1,62,2,9,6,1,7,10,1,10,1,12,100,1,21,121.5329563,25.0322309
114,08,12,09,23,06松山區,松山區吉祥路與八德路4段245巷32弄口,0,0,1,1,B03,8,5,5,30,3,1,1,5,4,5,13,4,4,4,3,5,2,1,1,73,3,10,3,4,7,5,1,8,2,1,70,1,21,121.5626125,25.049794
114,08,12,09,39,11南港區,南港區市民大道8段與向陽路口口,0,0,1,1,C03,8,6,5,50,4,1,1,5,4,5,13,4,4,1,4,5,2,16,1,27,3,10,3,4,7,4,1,10,1,12,44,1,21,121.5954789,25.051492
114,08,12,09,49,02萬華區,萬華區環河南路2段145號,0,0,2,1,B03,8,7,5,50,14,9,1,5,4,5,13,4,4,1,3,5,2,12,1,67,3,10,7,1,7,8,1,8,2,6,80,1,21,121.4931357,25.0339567
114,08,12,10,00,07信義區,信義區永吉路與中坡北路口口,0,0,1,1,A12,8,7,5,50,4,1,1,5,4,5,13,2,1,1,4,4,2,16,1,33,3,10,3,4,7,6,1,3,1,17,9,1,22,121.5806398,25.0452877
114,08,12,11,13,02萬華區,萬華區環河南路1段178號,0,0,1,1,F03,8,7,5,40,14,9,1,5,4,5,13,4,4,9,5,5,2,16,2,71,2,9,5,1,7,7,8,20,1,14,100,1,21,121.5039017,25.0467891
114,08,12,11,20,07信義區,信義區大道路與林口街38巷口,0,0,1,1,B12,8,7,5,50,3,2,1,5,4,5,13,4,4,9,4,5,2,17,1,64,3,10,7,1,7,1,1,8,2,8,19,1,22,121.5831483,25.0394225
114,08,12,11,22,05中正區,中正區杭州南路1段101巷與仁愛路2段38巷口,0,0,2,1,C03,8,5,5,30,4,1,1,5,4,5,13,4,4,10,5,5,2,15,1,64,2,9,5,1,7,9,1,10,2,11,75,1,21,121.5272276,25.0373683
114,08,12,11,30,03中山區,中山區民權東路2段144號,0,0,1,1,C03,8,6,5,50,14,9,1,5,4,5,13,4,4,1,4,5,2,17,1,66,2,3,5,1,7,9,1,10,1,17,42,1,21,121.5332497,25.0625289
114,08,12,12,42,01大同區,大同區民生西路366號,0,0,1,1,B01,8,6,5,50,14,9,1,5,4,5,13,1,1,5,5,5,2,14,1,47,3,10,7,1,7,2,1,4,1,2,44,1,21,121.510384,25.0568783
114,08,12,13,27,09北投區,北投區北投路1段與公館路口,0,0,1,1,B02,8,6,5,50,4,1,1,5,4,5,13,2,1,9,4,5,2,16,1,31,3,10,7,1,7,5,1,8,2,8,44,1,21,121.5025262,25.121453
114,08,12,13,30,12內湖區,內湖區安康路226號,0,0,1,1,B12,8,7,5,50,14,9,1,5,4,5,13,4,4,5,5,5,2,17,1,46,3,10,3,4,7,13,1,8,1,4,40,1,21,121.6030299,25.0630663