發生年度,發生月,發生日,發生時-Hours,發生分,區序,肇事地點,死亡人數,2-30日死亡人數,受傷人數,當事人序號,車種,天候,光線,道路類別,速限-速度限制,道路型態,事故位置,路面狀況1,路面狀況2,路面狀況3,道路障礙1,道路障礙2,號誌1,號誌2,車道劃分-分向,車道劃分-分道1,車道劃分-分道2,車道劃分-分道3,事故類型及型態,性別,年齡,受傷程度,主要傷處,保護裝置,行動電話,車輛用途,當事者行動狀態,駕駛資格情形,駕駛執照種類,飲酒情形,車輛撞擊部位1,肇因碼-個別,個人肇逃否,職業,座標-X,座標-Y
114,08,14,08,41,05中正區,中正區重慶南路3段與汀州路2段口口,0,0,1,1,B03,8,6,5,50,4,1,1,5,4,5,13,1,1,1,4,5,2,16,1,53,3,10,3,4,7,6,1,8,1,6,9,1,21,121.5165746,25.025595
114,08,14,08,46,09北投區,北投區珠海路與珠海路133巷口,0,0,1,1,B03,8,7,5,30,3,1,1,5,4,5,13,4,4,9,4,5,2,16,1,67,3,10,3,4,7,5,1,8,2,5,8,1,22,121.5083022,25.1419855
114,08,14,08,52,10文山區,文山區指南路1段61號,0,0,1,1,B01,7,5,5,50,14,9,1,5,4,5,13,4,4,5,5,5,2,16,1,60,3,10,3,4,7,5,1,8,1,8,8,1,22,121.5712017,24.9876732
114,08,14,09,04,04大安區,大安區基隆路4段與羅斯福路4段口,0,0,1,1,B03,8,5,5,50,5,1,1,5,4,5,13,2,1,1,5,5,2,12,2,62,3,10,7,1,7,8,1,8,1,5,100,1,21,121.5373038,25.0113071
114,08,14,09,05,03中山區,中山區南京東路1段林森公園停車場前,0,0,1,1,B03,7,6,5,50,14,8,1,5,4,5,13,4,4,1,4,4,2,17,2,45,3,10,7,1,7,6,1,8,1,2,9,1,21,121.5266723,25.05230575
114,08,14,09,05,12內湖區,內湖區成功路2段與成功路2段312巷口口,0,0,1,1,A04,8,6,5,50,14,9,1,5,4,5,13,4,4,1,4,5,2,9,1,60,4,11,3,4,7,21,7,19,9,15,44,2,21,121.5905162,25.0669167
114,08,14,09,12,08士林區,士林區中社路1段021燈桿,0,0,2,1,C03,8,6,5,50,11,9,1,5,4,5,13,4,4,4,5,5,1,9,1,56,2,9,6,1,7,9,1,10,2,11,108,1,21,121.5625825,25.11162032
114,08,14,09,22,05中正區,中正區羅斯福路3段210巷10弄1號與羅斯福路3段210巷口,0,0,2,1,C03,8,6,5,30,3,1,1,5,4,5,13,4,4,10,5,5,1,3,1,25,2,3,5,1,7,9,1,10,2,11,108,1,21,121.5284585,25.0180663
114,08,14,10,02,12內湖區,內湖區瑞湖街與舊宗路2段135巷口,0,0,1,1,B12,8,6,5,50,3,1,1,5,4,5,13,1,1,5,5,5,2,16,1,44,3,10,7,1,7,6,1,8,1,2,9,1,21,121.5764176,25.0697423
114,08,14,10,04,12內湖區,內湖區瑞湖街88號,0,0,1,1,B03,8,6,5,50,14,9,1,5,4,5,13,4,4,5,4,5,2,12,1,30,3,10,7,1,7,1,1,8,1,17,19,1,21,121.5761058,25.0726181
114,08,14,10,11,09北投區,北投區西安街1段141巷3號,0,0,2,1,B03,8,6,5,50,14,9,1,5,4,5,13,4,4,5,5,5,2,16,1,73,3,10,7,1,7,7,1,8,2,2,100,1,21,121.5163567,25.1111364
114,08,14,10,14,01大同區,大同區大龍街91巷與大龍街159巷18弄口,0,0,2,1,C03,8,6,5,30,14,9,1,5,4,5,13,4,4,5,2,5,2,17,2,68,2,9,6,1,7,11,1,10,1,12,10,1,21,121.5164104,25.0672788
114,08,14,10,26,09北投區,北投區大興街與大興街23巷口,0,0,2,1,C03,8,7,5,30,4,1,1,5,4,5,13,3,1,10,5,5,2,15,2,73,2,9,5,1,7,9,1,10,2,12,72,1,21,121.4985225,25.1299552
114,08,14,11,15,08士林區,士林區中正路與中正路212巷口,0,0,1,1,B02,8,5,5,50,4,1,1,5,4,5,13,2,1,3,4,5,2,17,2,30,3,10,3,4,7,5,1,8,1,1,74,1,22,121.52623,25.0954782
114,08,14,11,20,03中山區,中山區龍江路394巷與五常街53巷口,0,0,1,1,C03,8,7,5,30,4,1,1,5,4,5,13,4,4,9,4,5,2,17,2,57,2,9,5,1,7,5,1,10,1,12,72,1,21,121.5396489,25.0671405
114,08,14,11,22,06松山區,松山區市民大道5段東往西0607107燈桿,0,0,1,1,C03,8,6,5,40,14,9,1,5,4,5,13,4,4,1,4,5,2,13,2,30,2,9,6,1,7,9,1,10,2,11,108,1,22,121.568241,25.04894301
114,08,14,11,23,05中正區,中正區忠孝東路1段12號,0,0,1,1,B01,8,6,5,50,14,9,1,5,4,5,13,4,4,1,4,5,2,16,1,50,3,10,2,1,7,6,1,4,2,5,9,1,21,121.5219315,25.045033
114,08,14,11,33,06松山區,松山區健康路與南京東路5段147巷口,0,0,1,1,A41,8,6,5,50,14,8,1,5,4,5,13,2,1,1,4,4,2,17,1,48,3,10,7,1,7,6,1,1,2,5,9,1,21,121.5619477,25.0539766
114,08,14,11,34,03中山區,中山區民生西路24號,0,0,2,1,C03,7,6,5,50,14,9,1,5,3,5,13,4,4,9,4,5,2,12,1,66,2,9,6,4,7,7,1,10,1,14,100,1,21,121.5218774,25.0580329
114,08,14,11,35,06松山區,松山區市民大道6段與中坡北路口,0,0,1,1,C03,8,6,5,40,4,2,1,5,4,5,13,4,4,1,4,5,2,13,1,30,2,9,5,1,7,9,1,10,1,11,76,1,21,121.5795818,25.0494919
114,08,14,11,38,10文山區,文山區景後街與景中街口口,0,0,1,1,B12,8,6,5,50,4,2,1,5,4,5,13,2,1,1,4,5,2,36,1,47,2,7,7,1,7,9,1,3,1,5,42,1,21,121.5434354,24.9926355
114,08,14,11,54,02萬華區,萬華區環河南路1段276號,0,0,1,1,C03,8,6,5,30,14,9,1,5,4,5,13,4,4,10,5,5,2,12,1,19,2,9,6,1,7,9,1,10,1,14,80,1,21,121.500333,25.0424421
114,08,14,12,41,04大安區,大安區復興南路2段291號,0,0,1,1,F01,8,6,5,0,14,20,4,5,4,5,13,4,4,10,5,5,2,9,1,18,3,10,4,1,7,9,8,20,11,17,108,2,21,121.5441171,25.0251401
114,08,14,12,56,02萬華區,萬華區桂林路與堤外便道口,0,0,1,1,C03,8,7,7,40,4,1,1,5,4,5,13,2,1,5,5,5,2,17,1,25,3,10,5,1,7,5,1,10,1,17,44,1,22,121.4958856,25.0389941
114,08,14,13,12,04大安區,大安區市民大道4段100號,0,0,1,1,C03,8,6,5,40,14,9,1,5,4,5,13,4,4,1,4,5,2,13,2,19,2,8,3,4,7,9,1,10,1,11,108,1,22,121.5494784,25.0446493
114,08,14,13,16,04大安區,大安區金山南路2段與金華街口,0,0,1,1,C03,8,6,5,50,4,1,1,5,4,5,13,2,1,1,4,5,2,16,1,26,2,8,6,1,7,9,1,10,9,11,44,2,21,121.5266448,25.0301564
114,08,14,13,36,10文山區,文山區羅斯福路5段與興隆路1段口,0,0,1,1,C03,8,6,5,50,4,1,1,5,4,5,13,2,1,1,4,5,2,12,2,30,2,9,6,1,7,8,3,18,1,12,100,1,21,121.5389258,25.0047643
114,08,14,14,01,03中山區,中山區農安街125巷與農安街口,0,0,1,1,B03,7,6,5,50,3,1,1,5,4,5,13,4,4,9,4,5,2,16,1,76,3,10,3,4,7,11,1,8,1,4,10,1,21,121.5296721,25.06487934
114,08,14,14,14,05中正區,中正區鄭州路與重慶北路1段口,0,0,1,1,C03,8,6,5,40,14,9,1,5,4,5,13,4,4,4,4,5,2,13,1,24,2,9,5,1,7,9,1,10,2,11,16,1,22,121.51386,25.0491647
114,08,14,14,20,02萬華區,萬華區柳州街與永福街口,0,0,1,1,B01,8,7,5,30,4,1,1,5,4,5,13,1,1,10,4,5,2,3,1,68,3,10,7,1,7,6,1,4,1,1,70,2,22,121.5052678,25.0382464
114,08,14,14,30,08士林區,士林區中山北路6段與士東路口,0,0,1,1,C02,8,6,5,50,3,2,1,5,4,5,13,1,1,10,4,5,1,17,1,51,3,10,6,1,7,9,1,9,2,11,44,1,21,121.5259409,25.1117776
114,08,14,14,41,04大安區,大安區市民大道3段與安東街口,0,0,1,1,B03,8,5,5,40,3,1,1,5,4,5,13,1,1,1,5,5,2,16,1,59,3,10,7,1,7,6,1,8,1,2,9,1,21,121.5423871,25.0445501
114,08,14,14,51,10文山區,文山區木新路3段25號,0,0,1,1,C03,8,7,5,40,14,8,1,5,4,5,13,4,4,5,5,4,2,13,1,18,3,10,5,1,7,9,1,10,1,11,16,1,21,121.5646818,24.9825671
114,08,14,15,21,03中山區,中山區民生東路2段與吉林路口,0,0,3,1,B03,8,7,5,50,4,2,1,5,4,5,13,2,1,5,4,5,2,16,2,48,4,11,3,4,7,6,7,19,11,15,9,2,22,121.5301107,25.0579433
114,08,14,15,34,09北投區,北投區東陽街與建民路口,0,0,1,1,C03,8,6,5,30,4,1,1,5,4,5,13,4,4,10,5,5,2,16,1,73,2,9,5,1,7,5,1,10,1,12,72,1,21,121.5203005,25.112185
114,08,14,15,44,06松山區,松山區市民大道5段99號(偶戲博物館地下停車場出入口處）,0,0,2,1,B03,8,7,5,40,14,9,1,5,4,5,13,4,4,9,4,5,2,17,1,23,3,10,7,1,7,6,1,8,2,5,80,1,22,121.5639236,25.0542007
114,08,14,15,52,03中山區,中山區林森北路262號,0,0,1,1,B03,8,6,5,50,14,9,1,5,4,5,13,4,4,5,4,5,2,12,1,61,3,10,7,1,7,1,1,8,2,4,19,1,21,121.5254019,25.0546576
114,08,14,16,15,03中山區,中山區民生西路3巷與中山北路2段96巷口,0,0,1,1,C03,8,7,5,30,4,2,1,5,4,5,13,4,4,10,5,5,2,16,1,82,2,8,6,1,7,6,1,10,1,11,9,1,21,121.5218218,25.0599024
114,08,14,16,25,03中山區,中山區雙城街與德惠街口,0,0,1,1,B12,8,7,5,50,4,1,1,5,4,5,13,2,1,10,5,5,2,1,1,33,3,10,7,1,7,5,1,8,1,4,70,1,26,121.5222726,25.05804135
114,08,14,16,27,01大同區,大同區承德路3段64號,0,0,2,1,B03,8,6,5,50,14,9,1,5,4,5,13,4,4,1,4,5,2,12,1,41,3,10,7,1,7,8,1,8,2,6,100,1,21,121.5182029,25.0654139
114,08,14,16,29,02萬華區,萬華區萬大路277巷與萬青街口,0,0,2,1,C03,8,6,5,30,4,1,1,5,4,5,13,3,1,10,5,5,1,17,2,48,2,9,3,4,7,9,1,10,1,13,72,1,22,121.5017369,25.0254593
114,08,14,16,39,12內湖區,內湖區東湖路58巷與東湖路106巷7弄口,0,0,1,1,F01,8,6,5,30,4,1,1,5,4,5,13,4,4,10,5,5,2,15,1,15,3,10,4,1,7,5,8,20,2,15,8,1,16,121.6138753,25.0680909
114,08,14,16,40,12內湖區,內湖區康寧路3段165巷與康寧路3段189巷21弄口,0,0,1,1,B12,7,6,6,30,4,1,1,5,4,5,13,4,4,10,5,5,2,16,1,32,3,10,3,4,7,5,1,8,2,1,44,1,22,121.6122018,25.0713567
114,08,14,16,44,07信義區,信義區基隆路2段56號,0,0,1,1,A02,8,6,5,50,14,9,1,5,4,5,13,4,4,3,4,5,2,12,1,55,3,10,3,4,7,9,1,2,2,2,108,1,21,121.5582089,25.0309338
114,08,14,16,45,04大安區,大安區和平東路3段119巷與和平東路3段口,0,0,1,1,B03,8,7,5,50,3,2,1,5,4,5,13,4,4,1,4,5,2,17,1,36,3,10,7,1,7,9,1,8,1,2,44,1,21,121.5515351,25.024479
114,08,14,17,00,01大同區,大同區長安西路與重慶北路1段口,0,0,1,1,B03,8,6,5,50,4,1,1,5,4,5,13,2,1,8,1,5,2,16,1,36,3,10,7,1,7,6,1,8,1,2,9,1,21,121.513975,25.051651
114,08,14,17,00,02萬華區,萬華區內江街與內江街口87號停車場出入口,0,0,2,1,C03,8,6,5,50,3,2,1,5,4,5,13,4,4,5,4,5,2,12,1,19,3,10,6,1,7,7,1,10,1,13,100,1,21,121.5035411,25.04166362
114,08,14,17,03,10文山區,文山區木柵路3段與木新路1段口,0,0,1,1,B03,8,6,5,50,3,1,1,5,4,5,13,2,1,5,4,5,2,16,1,28,3,10,3,4,7,6,1,8,1,5,9,1,21,121.570847,24.9906372
114,08,14,17,20,08士林區,士林區承德路4段1巷與承德路4段口,0,0,1,1,B13,7,6,5,30,3,1,1,5,4,5,13,4,4,10,5,5,1,16,1,48,3,10,3,4,7,6,1,8,2,2,9,1,22,121.5214804,25.0785919
114,08,14,17,32,05中正區,中正區中華路2段與愛國西路口口,0,0,1,1,C04,8,6,5,50,5,1,1,5,4,5,13,1,1,1,4,5,2,13,2,56,3,10,6,1,7,9,1,10,1,11,108,1,21,121.5068318,25.0367305
114,08,14,17,32,06松山區,松山區市民大道4段與復興南路1段口,0,0,1,1,C03,7,6,5,40,4,2,1,4,4,5,13,2,1,1,5,5,2,12,1,61,2,9,6,4,7,8,1,10,1,14,100,1,22,121.5441272,25.0449894
114,08,14,17,33,05中正區,中正區延平南路與衡陽路口,0,0,1,1,B03,8,5,5,50,4,2,1,5,4,5,13,1,1,10,4,5,1,9,1,58,3,10,7,1,7,5,1,8,9,1,70,2,21,121.5095703,25.042079
114,08,14,17,35,03中山區,中山區樂群一路東往西金泰公園旁,0,0,1,1,B03,8,7,5,50,14,9,1,5,4,5,13,4,4,1,4,5,1,12,2,63,3,10,7,1,7,9,1,8,2,2,108,1,21,121.5606675,25.07648293
114,08,14,17,39,03中山區,中山區中山北路3段與民族西路口,0,0,2,1,C03,7,5,5,50,14,9,1,5,4,5,13,4,4,5,4,5,2,13,1,42,2,4,3,4,7,9,1,10,1,11,16,1,21,121.5198188,25.06897052
114,08,14,17,46,04大安區,大安區四維路228巷與和平東路3段1巷口,0,0,1,1,C03,7,6,5,30,4,1,1,5,4,5,13,4,4,10,5,5,2,15,2,47,2,9,5,4,7,9,1,10,1,11,72,1,21,121.5467475,25.0255851
114,08,14,17,50,08士林區,士林區仰德大道2段與仰德大道2段2巷口,0,0,1,1,B03,8,5,5,40,3,1,1,5,4,5,13,2,1,1,5,5,2,16,1,65,3,10,7,1,7,5,1,8,1,1,74,1,21,121.539674,25.1019051
114,08,14,18,15,12內湖區,內湖區瑞光路513巷與瑞光路口,0,0,1,1,C03,8,5,5,50,4,1,1,5,4,5,13,2,1,5,4,5,2,17,2,20,2,8,6,1,7,5,1,10,1,14,8,1,21,121.5695483,25.078931
114,08,14,18,20,01大同區,大同區淡水河濱自行車道(3K+550處),0,0,2,1,F01,8,6,7,0,14,23,1,5,4,5,13,4,4,9,5,5,2,11,2,52,2,9,2,1,7,9,8,20,1,11,17,1,21,121.5086211,25.0653454
114,08,14,18,45,11南港區,南港區南港路2段與向陽路口,0,0,1,1,C04,7,5,5,50,5,2,1,5,4,5,13,2,1,5,2,5,2,13,1,27,3,10,6,1,7,9,1,11,2,11,108,1,21,121.5946647,25.0544591
114,08,14,18,46,05中正區,中正區汀州路3段245號,0,0,1,1,C03,8,5,5,50,14,9,1,5,4,5,13,4,4,9,4,5,2,17,1,39,3,10,5,1,7,1,1,10,1,17,19,1,21,121.5340419,25.0138429
114,08,14,19,10,09北投區,北投區行義路133號,0,0,1,1,B03,7,5,5,40,14,13,1,5,4,5,13,4,4,9,5,5,1,14,1,60,3,10,7,1,7,2,1,8,2,3,12,1,21,121.5278189,25.1291945
114,08,14,19,14,05中正區,中正區羅斯福路3段與新生南路3段口,0,0,1,1,B03,8,5,5,50,5,1,1,5,4,5,13,1,1,3,4,5,2,17,2,48,3,10,7,1,7,5,1,8,1,8,17,1,21,121.5326886,25.0162298
114,08,14,19,24,08士林區,士林區德行東路198號,0,0,2,1,C03,8,5,5,50,14,9,1,5,4,5,13,4,4,9,4,5,1,17,1,20,2,9,5,1,7,9,1,10,2,11,13,1,21,121.5312532,25.10874113
114,08,14,20,08,06松山區,松山區健康路與塔悠路口,0,0,2,1,C03,7,5,5,50,3,1,1,5,4,5,13,1,1,1,4,4,2,16,1,25,2,9,5,1,7,5,1,10,1,11,71,1,26,121.5698099,25.0545663
114,08,14,20,11,08士林區,士林區中山北路5段與中山北路5段505巷口,0,0,1,1,B02,8,5,5,50,4,1,1,5,4,5,13,2,1,1,4,1,2,16,2,54,3,10,7,1,7,6,1,8,1,2,9,1,21,121.5278896,25.0936828
114,08,14,20,22,07信義區,信義區莊敬隧道北側附近,0,0,2,1,C03,7,5,5,40,11,9,1,5,4,5,13,4,4,1,5,5,2,18,1,32,2,9,5,4,7,9,7,19,1,12,42,1,21,121.5653372,25.0099356
114,08,14,20,55,01大同區,大同區長安西路121號,0,0,1,1,C03,8,6,5,50,14,9,1,5,4,5,13,2,1,9,4,5,2,1,1,40,3,10,6,4,7,11,1,10,2,15,10,1,21,121.5156234,25.0512769
114,08,14,21,30,04大安區,大安區忠孝東路4段302號,0,0,3,1,B03,8,5,5,50,14,9,1,5,4,5,13,4,4,1,4,5,2,16,2,32,3,10,3,4,7,6,1,8,1,2,9,1,22,121.5565617,25.0412463
114,08,14,22,09,05中正區,中正區林森南路往南近徐州路,0,0,1,1,B03,8,5,5,50,14,9,1,5,4,5,13,1,1,9,4,5,1,13,2,49,3,10,7,1,7,9,1,8,2,1,16,1,22,121.5224264,25.0417459
114,08,14,22,28,09北投區,北投區自強街5巷與自強街5巷137弄口,0,0,2,1,C03,7,5,5,30,4,1,1,5,4,5,13,4,4,10,5,5,2,15,1,47,2,7,5,1,7,9,1,10,1,11,44,1,21,121.5100994,25.11298982
114,08,14,22,29,07信義區,信義區信義路5段與松仁路口,0,0,1,1,C03,8,6,5,50,4,1,1,5,4,5,13,1,1,2,4,5,2,17,1,37,2,9,3,4,7,11,1,10,1,12,83,1,21,121.5682411,25.0326259
114,08,14,22,30,02萬華區,萬華區西寧南路24號前,0,0,1,1,B02,8,5,8,50,22,22,1,5,4,5,13,4,4,10,5,5,2,17,1,59,3,10,3,4,7,11,1,4,1,8,10,1,21,121.5068917,25.0460859
114,08,14,22,41,06松山區,松山區光復北路與民生東路4段口,0,0,2,1,C03,7,5,5,50,4,1,1,5,4,5,13,1,1,4,3,4,2,16,1,19,2,9,6,1,7,5,1,10,1,11,71,1,21,121.5551761,25.0583088
114,08,14,23,21,07信義區,信義區松隆路五常公園前,0,0,2,1,C03,8,6,8,50,22,22,1,5,4,5,13,1,1,3,4,5,2,13,1,18,2,9,3,4,7,9,3,18,2,11,108,1,21,121.5741755,25.0479559
114,08,15,00,36,01大同區,大同區酒泉街與酒泉街50巷口,0,0,1,1,C03,7,5,5,30,4,1,1,5,4,5,13,4,4,10,5,5,2,17,1,35,2,8,5,1,7,9,1,10,2,12,72,1,21,121.5166576,25.07169987
114,08,15,04,13,12內湖區,內湖區瑞光路與瑞光路122巷口口,0,0,2,1,C03,8,5,5,50,14,9,1,5,4,5,13,4,4,5,4,5,2,13,1,40,2,9,5,3,7,9,1,10,2,11,108,1,21,121.5803052,25.0726201
114,08,15,05,45,03中山區,中山區復興北路與長安東路2段口,0,0,1,1,C03,8,6,5,30,4,1,1,5,4,5,13,1,1,1,4,5,2,16,1,62,3,10,6,1,7,6,1,10,1,12,9,1,22,121.5438448,25.0482375
114,08,15,06,10,09北投區,北投區行義路與行義路154巷口,0,0,1,1,C03,8,6,5,30,3,2,1,5,4,5,13,3,1,9,5,5,1,17,2,65,2,9,5,1,7,5,1,10,2,14,72,1,21,121.5280588,25.1304663
114,08,15,06,27,10文山區,文山區木新路3段50巷7弄11號,0,0,1,1,B03,7,6,5,30,14,9,1,5,4,5,13,4,4,10,5,5,2,2,2,59,3,10,7,1,7,9,1,8,1,2,108,1,21,121.5636161,24.9829254
114,08,15,07,02,04大安區,大安區信義路4段與光復南路口,0,0,1,1,C03,8,5,5,50,4,2,1,5,4,5,13,2,1,10,5,5,2,12,1,62,2,9,6,1,7,8,1,10,1,12,100,1,21,121.5568183,25.0333091
114,08,15,07,18,11南港區,南港區環東大道與經貿一路附近口近經貿一路閘道,0,0,1,1,B12,8,7,8,80,11,17,1,5,4,5,13,4,4,10,1,5,1,13,1,59,3,10,7,1,7,9,1,8,1,1,108,1,21,121.6137198,25.0652237
114,08,15,07,23,09北投區,北投區竹子湖路馬槽橋7010031號燈桿處,0,0,2,1,B03,8,6,5,50,14,9,1,5,4,5,13,4,4,4,5,5,1,17,1,62,3,10,7,1,7,9,1,8,9,17,69,2,21,121.5636187,25.1780355
114,08,15,07,24,08士林區,士林區通河街2巷與承德路4段3巷口,0,0,2,1,C03,8,6,5,30,3,1,1,5,4,5,13,4,4,10,5,5,1,16,1,37,2,9,5,1,7,5,1,10,1,14,72,1,21,121.5229013,25.0784222
114,08,15,07,30,05中正區,中正區南海路與重慶南路2段口口,0,0,2,1,C03,8,6,5,50,4,1,1,5,4,5,13,1,1,10,4,5,1,17,1,26,2,8,6,1,7,15,1,10,2,11,99,1,21,121.5149244,25.0318823
114,08,15,07,31,02萬華區,萬華區和平西路3段與南寧路口,0,0,1,1,B03,8,6,5,50,5,1,1,5,4,5,13,2,1,1,4,5,2,17,1,23,3,10,7,1,7,6,1,8,1,2,9,1,21,121.5032031,25.035122
114,08,15,07,54,08士林區,士林區德行東路與德行東路90巷口,0,0,1,1,B01,8,5,5,50,4,1,1,5,4,5,13,4,4,5,5,5,2,17,1,57,3,10,3,4,7,8,1,4,1,2,100,1,22,121.5278997,25.1075012
114,08,15,07,55,06松山區,松山區敦化北路與敦化北路120巷口,0,0,1,1,B03,8,6,5,50,3,1,1,5,4,5,13,4,4,1,4,4,2,16,2,59,3,10,7,1,7,6,1,8,1,2,9,1,22,121.5487419,25.05388605
114,08,15,07,59,02萬華區,萬華區華中橋機車道往新北(燈桿7010470),0,0,2,1,C03,8,6,5,40,8,11,1,5,4,5,13,4,4,1,4,5,2,13,2,42,2,9,6,1,7,9,1,10,1,11,16,1,21,121.4954571,25.0161176
114,08,15,08,15,07信義區,信義區松仁路與松廉路口,0,0,1,1,C03,8,6,5,50,3,2,1,5,4,5,13,4,4,1,3,4,2,17,2,59,3,10,6,1,7,6,1,10,9,12,9,1,21,121.5682244,25.0340269
114,08,15,08,23,05中正區,中正區延平南路與愛國西路口,0,0,2,1,B03,8,7,5,50,4,1,1,5,4,5,13,1,1,1,4,4,2,17,2,39,3,10,7,1,7,6,1,8,1,5,9,1,22,121.5079395,25.0365908
114,08,15,08,28,12內湖區,內湖區新明路與南京東路6段368巷口,0,0,1,1,C03,7,5,5,50,3,1,1,5,4,5,13,1,1,4,3,5,1,16,2,28,2,9,3,4,7,15,1,10,1,12,74,1,21,121.5870867,25.0580116
114,08,15,08,30,03中山區,中山區農安街與民權東路2段135巷口,0,0,1,1,B01,8,7,5,50,4,2,1,5,4,5,13,2,1,10,5,5,2,2,1,67,3,10,7,1,7,5,1,4,1,1,70,1,26,121.5222358,25.05804432
114,08,15,08,30,05中正區,中正區忠孝東路2段與金山南路1段口,0,0,1,1,C03,8,6,5,50,14,9,1,5,4,5,13,4,4,1,4,5,2,13,1,30,2,8,5,1,7,8,1,10,1,11,100,1,22,121.5298684,25.0427831
114,08,15,08,34,12內湖區,內湖區石潭路88號,0,0,1,1,B03,8,6,5,50,14,9,1,5,4,5,13,4,4,5,4,5,2,16,2,50,3,10,7,1,7,6,1,8,1,2,9,1,21,121.5882457,25.0628618
114,08,15,08,35,08士林區,士林區通河東街1段136巷與通河東街1段167巷16弄口,0,0,2,1,C03,8,6,5,30,4,1,1,5,4,5,13,4,4,10,5,5,1,15,2,35,2,9,5,1,7,9,1,10,1,12,72,1,21,121.5168986,25.0872343
114,08,15,08,48,10文山區,文山區木柵路3段48巷1弄18號前,0,0,2,1,C03,8,6,5,30,14,9,1,5,4,5,13,4,4,9,5,5,2,17,2,21,2,8,6,1,7,1,1,10,1,14,19,1,21,121.5645234,24.9879929
114,08,15,09,15,10文山區,文山區懷恩隧道南往北出口（燈桿編號0702152）,0,0,1,1,B03,8,6,5,50,11,9,1,5,4,5,13,4,4,1,4,5,2,17,1,76,3,10,7,1,7,7,1,8,11,17,100,2,21,121.5522368,24.9972925
114,08,15,09,20,12內湖區,內湖區民權東路6段56巷與民權東路6段56巷1弄口,0,0,1,1,C04,7,5,5,30,3,1,1,5,4,5,13,4,4,4,3,5,1,16,1,53,2,9,3,4,7,5,1,10,1,14,72,1,21,121.5847297,25.0683871
114,08,15,09,21,06松山區,松山區八德路2段與敦化北路4巷25弄口,0,0,2,1,C03,8,6,5,50,3,1,1,5,4,5,13,4,4,1,4,5,2,13,1,23,2,9,6,1,7,9,1,10,2,11,108,1,22,121.5461715,25.0482507
114,08,15,09,33,01大同區,大同區哈密街59巷與敦煌路口,0,0,1,1,B12,8,7,5,50,5,2,1,5,4,5,13,4,4,1,4,5,2,17,1,53,3,10,3,4,7,9,1,8,1,5,72,1,21,121.5157019,25.0762865
114,08,15,09,35,12內湖區,內湖區南京東路6段與堤頂大道1段口,0,0,1,1,C03,8,6,5,50,3,2,1,5,4,5,13,4,4,1,5,5,2,12,1,75,2,9,5,1,7,7,1,10,1,13,100,1,21,121.5758898,25.05458
114,08,15,09,37,06松山區,松山區長春路與復興北路141巷6弄口,0,0,1,1,B03,8,7,5,50,4,1,1,5,4,5,13,4,4,10,5,5,2,3,1,43,3,10,7,1,7,6,1,8,1,2,70,1,22,121.5447705,25.0544667
114,08,15,09,38,05中正區,中正區青島東路7-2號,0,0,1,1,C03,8,6,5,50,14,9,1,5,4,5,13,4,4,9,4,4,2,16,2,25,3,10,6,1,7,7,1,10,2,14,44,1,22,121.522446,25.0437715
114,08,15,09,45,08士林區,士林區至善路2段與至善路2段口中影前,0,0,2,1,C03,8,6,5,40,3,4,1,5,4,5,13,1,1,1,4,4,2,13,2,29,2,8,6,1,7,9,1,10,2,11,108,1,22,121.543943,25.0969769
114,08,15,09,57,01大同區,大同區南京西路261號,0,0,1,1,C03,8,6,5,50,14,9,1,5,4,5,13,4,4,9,4,5,2,17,1,64,3,10,5,4,7,11,1,10,1,14,10,1,21,121.5101459,25.0531123
114,08,15,09,59,06松山區,松山區撫遠街與民權東路5段口,0,0,1,1,B12,8,6,5,50,4,1,1,5,4,5,13,2,1,3,4,5,2,17,1,69,3,10,3,4,7,6,6,18,1,1,16,1,22,121.5658402,25.0635229
114,08,15,10,30,08士林區,士林區德行東路與忠誠路2段口,0,0,1,1,C03,8,7,5,50,4,1,1,5,4,5,13,2,1,1,4,5,1,17,1,28,3,10,5,1,7,6,1,10,9,12,9,1,21,121.5305355,25.1085082
114,08,15,10,49,04大安區,大安區辛亥高架道路(建國匝道),0,0,1,1,B03,8,6,5,50,10,9,1,5,4,5,13,4,4,1,4,5,2,13,1,69,3,10,7,1,7,12,1,7,1,1,16,1,21,121.5380033,25.0290976
114,08,15,10,55,05中正區,中正區重慶南路3段與重慶南路3段15巷口口,0,0,1,1,C03,8,6,5,30,3,1,1,5,4,5,13,4,4,10,5,5,1,17,1,72,2,7,6,1,7,6,1,10,2,14,72,1,21,121.5156847,25.028652
114,08,15,11,00,03中山區,中山區新生北路2段133巷與中原街口,0,0,1,1,C03,8,7,5,50,4,1,1,5,4,5,13,4,4,9,4,5,2,9,2,65,2,9,5,1,7,9,1,10,1,12,44,1,21,121.5289278,25.0608702
114,08,15,11,03,07信義區,信義區松山路332號,0,0,1,1,A02,8,5,5,50,14,9,1,5,4,5,13,4,4,1,4,1,2,9,1,65,3,10,7,1,7,1,1,2,1,15,118,1,22,121.5777463,25.0416848
114,08,15,11,10,09北投區,北投區三合街1段99號停車場出入口,0,0,1,1,F01,8,6,8,40,22,22,4,5,4,5,13,4,4,10,5,5,2,17,2,24,2,9,2,1,7,5,8,20,1,14,8,1,21,121.5050014,25.1267438
114,08,15,11,21,10文山區,文山區下崙路24號旁,0,0,1,1,C03,8,6,5,30,11,9,1,5,4,5,13,4,4,9,5,5,2,17,1,68,2,9,6,1,7,1,1,10,2,14,19,1,21,121.5593242,24.9863929