發生年度,發生月,發生日,發生時-Hours,發生分,區序,肇事地點,死亡人數,2-30日死亡人數,受傷人數,當事人序號,車種,天候,光線,道路類別,速限-速度限制,道路型態,事故位置,路面狀況1,路面狀況2,路面狀況3,道路障礙1,道路障礙2,號誌1,號誌2,車道劃分-分向,車道劃分-分道1,車道劃分-分道2,車道劃分-分道3,事故類型及型態,性別,年齡,受傷程度,主要傷處,保護裝置,行動電話,車輛用途,當事者行動狀態,駕駛資格情形,駕駛執照種類,飲酒情形,車輛撞擊部位1,肇因碼-個別,個人肇逃否,職業,座標-X,座標-Y
114,08,15,11,21,10文山區,文山區辛亥路4段與辛亥路4段166巷口,0,0,3,1,C03,8,6,5,50,14,9,1,5,4,3,13,2,1,1,4,5,2,13,1,39,2,9,6,1,7,9,6,18,2,11,16,1,21,121.5564411,25.0038925
114,08,15,11,47,06松山區,松山區長安東路2段與南京東路3段256巷口,0,0,1,1,C03,8,7,5,30,3,1,1,5,4,5,13,4,4,9,4,5,2,17,2,68,2,8,6,1,7,6,1,10,1,14,72,1,22,121.5446093,25.0483045
114,08,15,11,55,05中正區,中正區忠孝東路1段與忠孝東路1段84巷口,0,0,1,1,C03,7,6,5,50,3,3,1,5,4,5,13,4,4,1,4,5,2,17,1,45,2,9,6,4,7,7,1,10,1,14,42,1,22,121.5241602,25.04455213
114,08,15,13,14,07信義區,信義區信義路5段1號,0,0,1,1,C03,8,6,5,50,14,9,1,5,4,5,13,2,1,9,3,5,2,12,1,47,3,10,5,1,7,9,1,10,2,14,44,1,21,121.5601138,25.0330639
114,08,15,13,25,03中山區,中山區中山北路1段與市民大道1段口,0,0,1,1,B01,8,6,5,50,4,2,1,5,4,5,13,1,1,1,4,5,2,11,1,64,3,10,7,1,7,9,1,4,2,2,44,1,21,121.5209905,25.0483385
114,08,15,13,26,07信義區,信義區松智路銓營停車場旁,0,0,1,1,C03,8,6,5,50,14,9,1,5,4,5,13,4,4,8,3,5,2,17,1,46,3,10,3,4,7,15,1,10,1,11,118,1,21,121.5653806,25.0324154
114,08,15,13,45,07信義區,信義區忠孝東路5段68號,0,0,1,1,B03,8,5,5,50,14,9,1,5,4,5,13,4,4,9,4,5,2,17,1,30,3,10,7,1,7,2,1,8,1,3,118,1,22,121.566108,25.040803
114,08,15,13,49,03中山區,中山區樂群二路與植福路口,0,0,1,1,B03,8,6,5,50,4,1,1,5,4,5,13,2,1,1,4,5,2,16,2,70,3,10,7,1,7,6,1,8,2,8,44,1,21,121.5618021,25.0799152
114,08,15,14,01,09北投區,北投區大度路27號,0,0,2,1,C03,8,6,5,50,14,9,1,5,4,5,13,1,1,1,4,5,1,13,2,59,2,9,5,1,7,9,1,10,2,11,16,1,21,121.4967502,25.1211196
114,08,15,14,11,06松山區,松山區北寧路與北寧路56巷口,0,0,1,1,B12,8,7,5,50,3,1,1,5,4,5,13,2,1,9,4,4,2,17,1,48,3,10,7,1,7,5,1,8,2,4,8,1,21,121.5526652,25.0499158
114,08,15,14,15,05中正區,中正區徐州路與徐州路口台大醫院急診室入口,0,0,2,1,B01,8,6,5,40,14,8,1,5,4,5,13,4,4,9,5,4,2,16,1,47,3,10,7,4,7,1,1,4,2,8,19,1,21,121.5198691,25.04130853
114,08,15,14,20,09北投區,北投區百拉卡公路與陽金公路口口往西450公尺處,0,0,1,1,B03,8,6,5,40,11,9,1,5,4,5,13,4,4,10,5,5,2,10,1,68,3,10,7,1,7,15,1,8,9,8,99,1,21,121.5403607,25.1813733
114,08,15,14,31,10文山區,文山區仙岩路與興隆路2段96巷口,0,0,1,1,B12,8,6,5,50,4,18,1,5,4,5,13,2,1,9,5,5,2,3,1,71,3,10,7,1,7,5,1,8,1,17,70,1,21,121.5503589,25.0000758
114,08,15,14,35,05中正區,中正區北平東路1號,0,0,1,1,A04,8,6,5,50,14,9,1,5,4,5,13,2,1,5,4,5,2,13,1,51,3,10,7,4,7,9,1,1,2,1,108,1,26,121.5208865,25.0471048
114,08,15,14,44,06松山區,松山區南京東路5段291巷與南京東路5段口,0,0,1,1,B01,8,6,6,50,4,1,1,5,4,5,13,2,1,8,3,4,1,2,1,48,3,10,3,1,7,6,1,4,2,5,70,1,21,121.566146,25.0515519
114,08,15,14,45,12內湖區,內湖區潭美街南湖大橋下,0,0,1,1,C03,8,6,5,30,14,9,1,5,4,5,13,4,4,10,5,5,2,20,1,18,2,9,6,1,7,9,1,10,9,11,42,1,21,121.6113074,25.0639249
114,08,15,15,45,05中正區,中正區寶慶路與延平南路口,0,0,1,1,,8,6,5,50,14,9,1,4,4,4,13,4,4,10,4,5,2,18,3,36,,,,,,,,,,,65,1,,121.509323,25.0416561
114,08,15,16,17,08士林區,士林區德行東路與士東路200巷口,0,0,1,1,B03,8,6,5,50,5,1,1,5,4,5,13,2,1,9,2,5,1,16,2,50,3,10,7,1,7,5,1,8,2,8,80,1,21,121.5298996,25.10778617
114,08,15,16,46,05中正區,中正區中正橋往台北,0,0,1,1,B03,8,6,5,50,8,9,1,5,4,5,13,4,4,1,4,1,2,12,1,63,3,10,3,4,7,10,1,8,1,2,100,1,21,121.5172349,25.024671
114,08,15,16,50,02萬華區,萬華區環河南路2段175巷與環河南路2段口,0,0,1,1,B03,8,5,5,50,4,18,1,5,4,5,13,1,1,9,4,5,2,3,2,49,3,10,7,4,7,5,1,8,2,1,70,1,21,121.4920174,25.03286216
114,08,15,16,52,03中山區,中山區民權東路2段與中原街口,0,0,3,1,C03,8,7,5,50,4,1,1,5,4,5,13,1,1,1,4,5,2,15,1,37,2,7,6,1,7,9,1,10,1,11,81,1,21,121.5295039,25.06256795
114,08,15,17,07,05中正區,中正區水源路與師大路口,0,0,1,1,B03,8,7,5,50,4,1,1,5,4,5,13,1,1,1,5,5,2,17,1,30,3,10,7,1,7,6,1,8,1,1,9,1,22,121.5228281,25.0203041
114,08,15,17,10,01大同區,大同區重慶北路2段與南京西路口,0,0,1,1,A02,8,5,5,50,14,9,1,5,4,4,13,2,1,9,4,5,1,13,1,52,3,10,3,4,7,9,1,2,2,1,16,1,21,121.5147364,25.0541638
114,08,15,17,30,12內湖區,內湖區民權東路6段180巷4弄與民權東路6段180巷口6號車道口,0,0,1,1,B03,8,6,5,50,14,9,1,5,4,5,13,4,4,10,5,5,2,16,2,56,3,10,7,1,7,1,1,8,1,5,19,1,21,121.5924668,25.068492
114,08,15,17,36,02萬華區,萬華區漢口街2段90巷8弄與漢口街2段90巷口,0,0,2,1,C03,7,7,5,30,4,1,1,5,4,5,13,4,4,9,5,5,2,15,1,37,2,9,3,4,7,9,1,10,1,12,75,1,22,121.5042266,25.0458074
114,08,15,18,00,04大安區,大安區和平東路2段24號,0,0,1,1,F01,8,6,8,0,22,20,4,5,4,5,13,4,4,10,5,5,2,9,2,22,3,10,4,4,7,9,8,20,1,11,80,1,21,121.5368116,25.0256225
114,08,15,18,09,08士林區,士林區華齡街與前港街口,0,0,3,1,B03,8,6,5,30,4,2,1,5,4,5,13,2,1,9,4,5,1,17,1,58,3,10,7,1,7,6,1,8,2,8,9,1,21,121.5194756,25.08518333
114,08,15,18,10,07信義區,信義區崇德街265號,0,0,1,1,C03,7,5,5,30,14,9,1,5,4,5,13,4,4,10,5,5,2,38,1,18,2,8,3,4,7,9,1,10,1,11,108,1,22,121.5587838,25.0230728
114,08,15,18,30,12內湖區,內湖區康寧路1段與康寧路1段62巷口,0,0,1,1,C04,7,5,5,30,4,2,1,5,4,5,13,4,4,9,5,5,2,17,2,55,2,9,5,1,7,9,1,11,2,12,44,1,21,121.597758,25.08141734
114,08,15,18,45,06松山區,松山區八德路2段與敦化南路1段口,0,0,1,1,C04,8,5,5,50,14,7,1,5,4,5,13,4,4,1,4,4,2,29,1,52,2,9,5,1,7,8,1,10,9,14,16,1,26,121.5486741,25.0475616
114,08,15,19,35,10文山區,文山區木柵路3段48巷與木柵路3段48巷3弄口口,0,0,1,1,B03,8,5,5,50,3,1,1,5,4,5,13,4,4,9,5,5,2,16,1,63,3,10,7,1,7,6,1,8,1,2,118,1,21,121.565754,24.9874983
114,08,15,19,38,07信義區,信義區忠孝東路5段236巷3弄與忠孝東路5段236巷口,0,0,1,1,C03,8,5,5,30,4,1,1,5,4,5,13,4,4,5,4,5,2,17,1,60,2,9,3,4,7,5,3,18,1,11,72,1,21,121.5718993,25.0403926
114,08,15,19,45,01大同區,大同區鄭州路與西寧北路口,0,0,1,1,B03,7,5,5,40,4,1,1,5,4,5,13,2,1,1,4,5,2,17,1,47,3,10,3,4,7,9,1,8,2,5,86,1,22,121.5081397,25.0505896
114,08,15,19,45,11南港區,南港區昆陽街與東新街口口,0,0,1,1,B03,7,5,5,50,5,1,1,5,4,5,13,2,1,2,4,5,2,17,2,24,3,10,7,1,7,5,1,8,2,1,80,1,21,121.5940725,25.0486421
114,08,15,19,49,12內湖區,內湖區大湖山莊街與大湖街口,0,0,1,1,C03,7,5,5,0,3,1,1,5,4,5,13,4,4,5,5,5,1,16,2,69,4,11,3,4,7,5,7,19,9,17,119,2,22,121.6016624,25.0858916
114,08,15,21,10,11南港區,南港區忠孝東路7段與向陽路口,0,0,1,1,C03,7,5,5,50,5,1,1,5,4,5,13,2,1,3,4,5,2,12,1,65,2,8,6,1,7,15,1,10,2,12,100,1,21,121.5958646,25.0508727
114,08,15,21,24,04大安區,大安區仁愛路4段與敦化南路1段口,0,0,2,1,B03,8,5,5,50,4,1,1,5,4,5,13,2,1,4,2,5,2,16,1,31,3,10,7,1,7,9,1,8,1,5,44,1,22,121.5490773,25.038764
114,08,15,22,23,09北投區,北投區中和街與永興路1段口西往東方向,0,0,1,1,B03,8,5,5,50,4,2,1,5,4,5,13,1,1,7,4,5,1,17,1,34,3,10,7,1,7,1,1,8,1,4,19,1,21,121.5010981,25.1396334
114,08,15,22,28,01大同區,大同區台北橋機慢車道,0,0,1,1,B03,7,5,5,50,8,11,1,5,4,5,13,4,4,1,4,5,2,17,2,44,3,10,7,4,7,9,1,8,9,2,108,1,21,121.509508,25.0634163
114,08,15,22,30,06松山區,松山區民權東路3段160巷17號,0,0,1,1,C03,7,5,5,30,14,9,1,5,4,5,13,4,4,10,4,4,2,17,2,49,3,10,6,1,7,10,1,10,9,13,100,1,21,121.5474476,25.0604755
114,08,16,01,12,07信義區,信義區基隆路1段與基隆路1段364巷口,0,0,1,1,B01,7,5,5,50,3,2,1,5,4,5,13,4,4,10,4,5,2,17,1,66,3,10,7,1,7,6,1,4,1,1,44,1,21,121.5607931,25.0354207
114,08,16,01,17,07信義區,信義區永吉路與中坡北路口側附近口,0,0,1,1,C03,7,5,5,50,4,2,1,5,4,5,13,4,4,1,4,4,2,18,1,29,2,9,6,1,7,1,1,10,2,12,42,1,23,121.5803747,25.0454553
114,08,16,01,35,07信義區,信義區忠孝東路5段781號,0,0,1,1,B01,7,5,5,50,14,9,1,5,4,5,13,1,1,1,4,5,2,13,1,65,3,10,7,1,7,9,1,4,2,1,108,1,21,121.5814783,25.0436903
114,08,16,02,06,07信義區,信義區莊敬路與吳興街156巷口,0,0,6,1,B03,8,6,5,30,4,1,1,5,4,5,13,1,1,5,5,5,2,15,1,54,3,10,3,4,7,9,1,8,2,1,80,1,21,121.5622263,25.0295742
114,08,16,02,28,09北投區,北投區承德路7段與中央南路2段口,0,0,1,1,B03,7,5,5,60,5,2,1,5,4,5,13,1,1,1,4,5,2,13,1,20,3,10,7,1,7,9,1,8,1,1,108,1,21,121.5002519,25.120822
114,08,16,03,15,08士林區,士林區凱旋路58號,0,0,1,1,B03,7,5,5,30,3,1,1,5,4,5,13,4,4,10,5,5,2,16,1,20,3,10,7,1,7,5,1,8,2,1,72,1,21,121.5415288,25.13647414
114,08,16,05,24,02萬華區,萬華區萬大路533號(燈桿:0904892),0,0,1,1,C03,8,5,5,50,14,9,1,5,4,5,13,4,4,1,5,5,2,17,2,45,2,9,5,4,7,9,1,10,1,14,42,1,21,121.496039,25.017104
114,08,16,05,24,08士林區,士林區中山北路7段與中山北路7段232巷口,0,0,1,1,B03,8,6,5,30,3,2,1,5,4,5,13,4,4,10,5,5,1,17,2,60,3,10,7,1,7,5,1,8,2,8,8,1,21,121.5333923,25.12772698
114,08,16,05,28,06松山區,松山區塔悠路與撫遠街261巷口口,0,0,1,1,C03,7,6,5,50,3,1,1,5,4,5,13,4,4,1,4,5,2,13,1,61,2,9,6,1,7,11,1,10,1,13,10,1,21,121.5685415,25.0622386
114,08,16,05,56,02萬華區,(華中橋匝道）,0,0,1,1,B12,8,7,5,40,3,1,1,5,4,5,13,1,1,1,4,1,2,17,1,43,3,10,7,1,7,6,1,8,1,8,44,1,21,121.4955115,25.016532
114,08,16,06,04,09北投區,北投區三合街2段與崇仁路1段口,0,0,1,1,B03,8,6,5,50,4,2,1,5,4,5,13,1,1,9,5,5,2,13,1,40,3,10,7,1,7,9,1,8,2,1,108,1,21,121.5013001,25.1263046
114,08,16,06,15,09北投區,北投區中央北路4段與中央北路4段354巷口,0,0,1,1,B01,8,6,5,50,3,1,1,5,4,5,13,4,4,5,4,5,2,16,1,64,3,10,7,1,7,11,1,4,2,5,10,1,21,121.4718177,25.1301631
114,08,16,06,23,12內湖區,內湖區陽光街與港墘路221巷口,0,0,1,1,C03,8,5,5,50,3,1,1,5,4,5,13,4,4,5,5,5,1,16,1,68,2,9,5,1,7,5,1,10,2,12,72,1,21,121.575355,25.0726372
114,08,16,06,43,07信義區,信義區松智路與松平路口,0,0,2,1,C03,7,6,5,50,14,9,1,5,4,5,13,4,4,10,5,5,2,12,1,25,2,9,5,1,7,9,6,10,8,12,108,1,21,121.5653402,25.0304833
114,08,16,07,22,12內湖區,內湖區民權東路6段115巷與民權東路6段口,0,0,1,1,B03,8,6,5,30,3,1,1,5,4,5,13,4,4,9,5,5,2,15,1,39,3,10,7,1,7,6,1,8,1,5,9,1,21,121.5919785,25.0690369
114,08,16,08,55,02萬華區,萬華區東園街65號,0,0,1,1,H03,8,7,5,0,14,9,1,5,4,1,12,4,4,9,4,5,2,9,1,34,3,10,4,5,8,20,8,20,10,17,59,1,22,121.4961097,25.0267159
114,08,16,09,10,06松山區,松山區光復北路195號,0,0,1,1,F01,8,6,5,0,14,20,1,5,4,5,13,4,4,10,5,5,2,17,1,64,2,9,4,1,7,9,8,20,1,11,42,1,22,121.5551423,25.0593675
114,08,16,09,33,10文山區,文山區景興路與景興路23巷口口,0,0,1,1,A02,8,6,5,50,3,1,1,5,4,5,13,4,4,1,4,5,2,9,1,62,3,10,7,1,7,12,1,2,11,17,44,1,21,121.5447762,24.9977602
114,08,16,09,37,03中山區,中山區民權西路68號前,0,0,1,1,B03,8,7,5,40,14,8,1,5,4,5,13,4,4,1,4,4,2,17,2,30,3,10,3,4,7,1,1,8,9,8,19,1,21,121.5211144,25.05013584
114,08,16,09,47,03中山區,中山區民權東路2段160號,0,0,1,1,B01,7,7,5,50,14,9,1,5,4,5,13,4,4,1,4,5,2,12,1,43,3,10,7,1,7,9,1,4,1,2,108,1,26,121.5349464,25.06243649
114,08,16,10,05,11南港區,南港區忠孝東路7段與研究院路1段口,0,0,1,1,B03,8,7,7,50,3,2,1,5,4,5,13,2,1,1,2,5,2,12,1,28,3,10,7,1,7,9,1,8,1,8,108,1,21,121.6162894,25.0529
114,08,16,10,10,06松山區,松山區南京東路5段299號,0,0,1,1,C04,8,5,5,50,14,9,1,5,4,5,13,4,4,1,3,5,2,13,2,56,2,8,5,1,7,9,1,11,2,11,16,1,22,121.5663971,25.0514587
114,08,16,10,27,12內湖區,內湖區文德路66巷12弄與無名巷口,0,0,2,1,F01,7,5,5,30,3,1,1,5,4,5,13,4,4,10,5,5,2,16,2,92,2,8,3,4,7,1,8,20,1,14,19,1,21,121.5810918,25.0775616
114,08,16,11,28,05中正區,中正區新生南路1段與仁愛路2段口,0,0,2,1,B12,8,6,5,50,4,2,1,5,4,5,13,1,1,1,4,5,2,17,1,25,3,10,7,4,7,6,1,8,11,17,30,1,21,121.5329569,25.03772105
114,08,16,11,38,05中正區,中正區杭州南路2段與潮州街口,0,0,1,1,B03,8,7,5,50,4,1,1,5,4,5,13,1,1,5,5,5,2,17,1,29,3,10,7,1,7,6,1,8,1,5,9,1,22,121.5219865,25.0296934
114,08,16,11,53,01大同區,大同區民生西路與民樂街口,0,0,1,1,B12,8,6,5,50,4,1,1,5,4,5,13,2,1,5,4,5,2,17,1,47,3,10,7,4,7,5,1,8,1,6,2,1,21,121.5113761,25.0567574
114,08,16,11,57,05中正區,中正區忠孝西路1段M5出口,0,0,1,1,A04,8,5,5,50,14,9,1,5,4,5,13,4,4,9,5,5,2,9,1,63,3,10,7,1,7,1,1,2,9,17,42,2,26,121.5161767,25.0466278
114,08,16,12,00,08士林區,士林區中正路與基河路口,0,0,1,1,B01,8,6,5,50,4,2,1,5,4,5,13,1,1,10,4,5,1,17,1,60,3,10,7,1,7,6,1,1,1,6,9,1,21,121.5200053,25.0932172
114,08,16,12,04,05中正區,中正區寧波西街與和平西路2段口,0,0,1,1,B12,8,7,5,50,14,9,1,5,4,5,13,1,1,9,5,5,2,17,1,71,3,10,7,1,7,4,1,8,9,4,1,1,22,121.5118796,25.0288551
114,08,16,12,05,01大同區,大同區長安西路與南京西路64巷口,0,0,1,1,B03,8,6,5,50,3,1,1,5,4,5,13,1,1,5,4,5,2,16,1,38,3,10,7,1,7,11,1,8,2,4,10,1,21,121.5183317,25.0506203
114,08,16,12,09,03中山區,中山區五常街11巷與五常街口口,0,0,2,1,C03,8,6,5,30,3,1,1,5,4,5,13,4,4,9,4,5,2,3,2,29,2,9,5,1,7,9,1,10,2,11,70,1,21,121.5378002,25.06437099
114,08,16,12,13,03中山區,中山區內湖路1段2010311燈桿,0,0,2,1,C03,8,7,5,40,14,9,1,5,4,5,13,4,4,1,4,5,2,12,4,0,,,,,,,,,11,,119,2,,121.5588987,25.0848805
114,08,16,12,39,03中山區,中山區復興北路與復興北路514巷口,0,0,1,1,C03,8,5,5,50,3,1,1,5,4,5,13,4,4,1,4,5,2,16,2,25,3,10,3,4,7,6,1,10,1,14,72,1,21,121.5443178,25.06595819
114,08,16,13,26,08士林區,士林區文林路295號,0,0,1,1,B03,8,5,5,50,14,9,1,5,4,5,13,4,4,5,5,5,2,17,1,18,3,10,7,1,7,15,1,8,2,5,100,1,22,121.5261714,25.0919994
114,08,16,13,30,10文山區,文山區新光路1段與指南路2段口,0,0,1,1,C03,8,7,5,40,3,1,1,5,4,5,13,2,1,5,5,5,2,12,1,52,3,10,5,1,7,5,1,10,1,17,17,1,21,121.5736901,24.9881582
114,08,16,13,34,02萬華區,萬華區中華路2段與廣州街口,0,0,1,1,B02,8,7,5,40,4,1,1,5,4,5,13,1,1,1,3,5,2,12,1,39,3,10,7,1,7,6,1,8,1,5,9,1,22,121.5063479,25.0361269
114,08,16,14,01,12內湖區,內湖區成功路3段與康寧路1段口,0,0,1,1,B12,8,6,5,50,4,1,1,5,4,5,13,1,1,1,5,5,2,3,1,48,3,10,3,1,7,5,7,19,9,8,70,2,21,121.5910145,25.0807807
114,08,16,14,05,06松山區,松山區復興北路141巷6弄與復興北路141巷口,0,0,1,1,B01,7,6,5,30,3,1,1,4,4,5,13,4,4,5,5,5,2,16,1,48,3,10,3,4,7,5,1,8,1,1,74,1,21,121.5447696,25.0533489
114,08,16,15,30,05中正區,中正區重慶南路1段司法大廈旁,0,0,2,1,C03,7,7,5,50,14,9,1,5,4,5,13,4,4,9,4,5,2,16,1,21,2,9,5,1,7,11,1,10,1,12,10,1,21,121.5127494,25.03831288
114,08,16,16,06,09北投區,北投區秀山路36號,0,0,1,1,A02,8,5,5,50,14,9,1,5,4,5,13,4,4,5,4,5,2,17,1,50,3,10,3,4,7,1,1,2,1,8,19,1,21,121.491507,25.1441257
114,08,16,16,29,05中正區,中正區市民大道1段往東逸仙公園旁,0,0,1,1,C02,7,7,5,40,14,9,1,5,4,5,13,4,4,1,4,1,2,13,1,20,2,9,5,1,7,9,1,9,1,11,16,1,21,121.5196654,25.04807577
114,08,16,16,31,10文山區,文山區萬美街1段與萬和街口,0,0,1,1,B01,8,6,5,50,3,2,1,5,4,5,13,1,1,5,5,5,2,13,2,51,3,10,3,4,7,9,1,4,1,8,108,1,21,121.5664224,25.0019237
114,08,16,16,49,03中山區,中山區明水路397巷與明水路397巷18弄口,0,0,1,1,B03,7,5,5,30,4,1,1,5,4,5,13,1,1,5,5,5,2,3,1,24,4,11,3,4,7,6,1,8,11,1,70,2,21,121.5477051,25.07870659
114,08,16,16,54,06松山區,松山區塔悠路177號,0,0,1,1,C03,8,6,5,50,14,9,1,5,4,5,13,1,1,8,3,4,1,16,1,60,2,1,3,1,7,10,1,10,2,14,108,1,21,121.5696414,25.0561472
114,08,16,17,08,05中正區,中正區古亭河濱公園近永福橋自行車道,0,0,1,1,F01,8,7,5,50,11,9,1,5,4,5,13,4,4,5,5,5,1,17,2,67,2,7,5,1,7,5,8,20,1,14,8,1,22,121.5306338,25.0103341
114,08,16,17,10,01大同區,大同區鄭州路與西寧北路口,0,0,3,1,B03,8,6,5,40,5,2,1,5,4,5,13,4,4,1,5,5,1,12,1,60,3,10,7,1,7,7,1,8,2,2,100,1,21,121.5086916,25.050541
114,08,16,17,10,08士林區,士林區中山北路6段405巷與磺溪便道口口,0,0,2,1,B03,7,7,5,30,4,1,1,5,4,5,13,4,4,8,3,5,2,15,1,42,3,10,3,4,7,9,1,8,2,5,72,1,22,121.52569,25.1137313
114,08,16,17,19,07信義區,信義區松德路與松德路168巷口,0,0,2,1,C03,8,6,5,50,3,1,2,4,4,5,13,1,1,1,4,4,2,13,2,25,2,9,6,1,7,9,1,10,2,11,16,1,22,121.57457,25.0366156
114,08,16,17,40,10文山區,(政大二街129號）,0,0,1,1,A02,7,6,5,30,3,1,1,5,4,5,13,4,4,10,5,5,2,17,1,56,3,10,3,4,7,9,1,2,1,2,118,1,21,121.5843984,24.9892753
114,08,16,17,54,08士林區,士林區大東路與文林路口,0,0,2,1,C03,8,7,5,50,4,1,1,5,4,5,13,4,4,5,5,5,2,10,2,55,2,7,6,1,7,9,1,10,2,11,72,1,21,121.5250683,25.09357761
114,08,16,17,57,09北投區,北投區崇仁路1段與崇仁路1段166巷口,0,0,1,1,B03,8,6,5,30,3,2,1,5,4,5,13,4,4,8,3,5,2,17,1,67,3,10,7,1,7,5,1,8,1,17,74,1,21,121.5025136,25.12288913
114,08,16,18,09,10文山區,文山區恆光街30巷與無名巷口,0,0,1,1,B03,8,6,5,30,3,1,1,5,4,5,13,4,4,10,5,5,2,16,1,46,3,10,7,1,7,11,1,8,2,8,10,1,21,121.5661773,24.9817372
114,08,16,18,34,04大安區,大安區市民大道4段與復興南路1段口,0,0,1,1,C03,8,6,5,40,4,2,1,5,4,5,13,2,1,1,4,5,1,13,1,21,2,8,5,4,7,9,1,10,1,11,108,1,21,121.5441886,25.0447708
114,08,16,19,50,05中正區,中正區中華路1段與忠孝西路1段口,0,0,1,1,A02,8,5,5,50,4,2,1,5,4,5,13,1,1,1,4,5,1,13,1,64,3,10,7,1,7,9,1,2,2,1,16,1,21,121.5101958,25.0476977
114,08,16,20,50,04大安區,大安區樂利路與樂利路27巷口,0,0,1,1,B12,7,5,5,40,4,1,1,5,4,5,13,4,4,9,4,5,1,3,1,29,3,10,3,4,7,9,1,8,1,1,108,1,21,121.5514278,25.0274122
114,08,16,21,19,01大同區,大同區承德路2段與錦西街口,0,0,1,1,B03,7,5,5,50,4,1,1,5,4,5,13,2,1,1,4,5,2,17,1,46,3,10,3,4,7,6,1,8,2,5,9,1,22,121.5183549,25.0601908
114,08,16,21,33,05中正區,中正區和平西路1段與牯嶺街口,0,0,1,1,B03,8,5,5,50,4,1,1,5,4,5,13,1,1,1,4,5,2,17,1,49,3,10,7,1,7,9,1,8,2,5,44,1,21,121.5191433,25.0264745
114,08,16,21,55,10文山區,文山區莊敬隧道南向北,0,0,2,1,B03,8,5,5,50,6,9,1,5,4,5,13,4,4,5,5,5,2,12,1,59,3,10,7,1,7,4,1,8,1,2,17,1,21,121.5662205,25.0073749
114,08,16,22,00,05中正區,中正區仁愛路1段與林森南路口,0,0,1,1,B03,7,5,5,50,4,1,1,5,4,5,13,1,1,1,4,5,2,16,1,39,3,10,7,1,7,5,1,8,1,5,44,1,22,121.5211891,25.03887324
114,08,16,22,35,12內湖區,內湖區民權東路6段與民權東路6段136巷口,0,0,1,1,C03,8,5,5,50,4,1,1,5,4,5,13,1,1,1,4,4,2,17,1,22,2,2,5,1,7,9,3,18,2,14,81,1,21,121.5877921,25.0690179
114,08,16,23,22,09北投區,北投區大業路與大同街口,0,0,2,1,C03,7,5,5,50,4,1,1,5,4,5,13,1,1,1,4,5,2,16,1,77,2,9,6,1,7,5,1,10,2,12,8,1,21,121.4990756,25.136943
114,08,17,00,42,12內湖區,內湖區康寧路1段與康寧路1段156巷口,0,0,1,1,B03,8,5,5,50,3,1,1,5,4,5,13,4,4,5,5,5,2,17,1,48,3,10,7,1,7,5,1,8,1,4,8,1,21,121.5943912,25.0791308
114,08,17,03,20,08士林區,士林區仰德大道1段NO.1106198燈桿,0,0,1,1,C03,8,6,5,40,11,9,1,5,4,5,13,4,4,8,5,5,1,18,1,17,2,9,5,1,7,10,2,18,2,17,102,1,21,121.5203995,25.09603921
114,08,17,03,29,07信義區,信義區光復南路與光復南路473巷口,0,0,2,1,B03,8,5,5,50,3,1,1,5,4,5,13,4,4,1,4,5,1,16,1,24,3,10,3,4,7,6,1,8,2,2,9,1,22,121.557581,25.0336442
114,08,17,03,48,03中山區,中山區新生北路3段0102330燈桿處,0,0,1,1,B01,8,5,5,50,14,9,1,5,4,5,13,4,4,10,4,5,2,13,1,65,2,9,7,1,7,8,1,4,1,1,108,1,21,121.5281921,25.06924258
114,08,17,04,29,07信義區,信義區基隆路2段與信義路4段450巷口,0,0,1,1,B01,8,5,5,50,4,1,1,5,4,5,13,2,1,1,4,5,1,16,1,48,3,10,3,4,7,11,1,4,2,1,98,1,22,121.558848,25.0319308
114,08,17,05,24,05中正區,中正區鄭州路與重慶北路1段口,0,0,1,1,B01,8,5,5,40,4,1,1,5,4,5,13,2,1,1,4,5,2,16,1,48,3,10,7,1,7,5,1,4,2,2,98,1,21,121.5133528,25.049334
114,08,17,07,38,12內湖區,內湖區成功路2段456巷（B7348成功幹22電桿旁）,0,0,1,1,B03,7,6,5,30,14,9,1,5,4,5,13,4,4,10,5,5,2,10,2,38,3,10,7,1,7,9,1,8,1,1,118,1,21,121.588004,25.0734526
114,08,17,08,50,03中山區,中山區北安路與大直街口,0,0,1,1,C03,8,6,5,50,4,1,1,5,4,5,13,1,1,3,4,4,2,16,2,70,2,9,5,4,7,5,1,10,1,14,99,1,21,121.5473212,25.0798904
114,08,17,08,53,10文山區,文山區木柵路2段與木柵路2段67巷口,0,0,1,1,C03,8,7,5,30,3,2,1,5,4,5,13,4,4,10,5,5,2,15,1,72,3,10,5,1,7,9,1,10,1,11,80,1,21,121.5606555,24.9888369
114,08,17,09,46,01大同區,大同區安西街126號,0,0,1,1,C03,8,6,5,30,14,9,1,5,4,5,13,4,4,10,5,5,2,17,2,29,2,8,5,2,7,9,1,10,1,11,61,1,21,121.5096577,25.0620014
114,08,17,10,00,10文山區,文山區木柵路4段77號,0,0,1,1,B03,8,7,5,50,14,18,1,5,4,5,13,3,1,5,5,5,2,3,1,67,3,10,7,1,7,9,1,8,1,1,70,1,21,121.5720524,24.9958416
114,08,17,10,22,08士林區,士林區德行東路與德行東路332巷口,0,0,2,1,C03,8,6,5,30,4,2,1,5,4,5,13,3,1,10,4,5,1,9,2,65,2,9,6,1,7,9,1,10,2,11,70,1,21,121.537471,25.1103215