發生年度,發生月,發生日,發生時-Hours,發生分,區序,肇事地點,死亡人數,2-30日死亡人數,受傷人數,當事人序號,車種,天候,光線,道路類別,速限-速度限制,道路型態,事故位置,路面狀況1,路面狀況2,路面狀況3,道路障礙1,道路障礙2,號誌1,號誌2,車道劃分-分向,車道劃分-分道1,車道劃分-分道2,車道劃分-分道3,事故類型及型態,性別,年齡,受傷程度,主要傷處,保護裝置,行動電話,車輛用途,當事者行動狀態,駕駛資格情形,駕駛執照種類,飲酒情形,車輛撞擊部位1,肇因碼-個別,個人肇逃否,職業,座標-X,座標-Y
114,08,17,10,55,04大安區,大安區信義路2段與信義路2段10巷口,0,0,1,1,B03,8,5,5,50,3,1,1,5,4,5,13,4,4,10,5,5,2,3,1,63,3,10,3,4,7,6,1,8,1,8,70,1,21,121.5249015,25.0349747
114,08,17,10,57,02萬華區,萬華區光復橋與西園路2段261巷口,0,0,2,1,C03,8,5,5,30,3,1,1,5,4,5,13,1,1,10,5,5,2,17,1,42,2,8,6,4,7,9,1,10,1,11,81,1,21,121.4926211,25.02586355
114,08,17,11,20,06松山區,松山區環東大道與市民高架道口路標門架,0,0,1,1,B03,7,6,5,50,3,2,1,5,4,5,13,3,1,1,3,5,2,13,1,33,3,10,3,4,7,9,1,8,1,1,16,1,21,121.5701108,25.05086495
114,08,17,11,21,10文山區,文山區羅斯福路6段與景中街口,0,0,1,1,B03,8,6,5,50,4,2,1,5,4,5,13,2,1,1,4,5,2,16,1,35,3,10,7,1,7,6,1,8,2,5,9,1,21,121.540909,24.9928672
114,08,17,11,22,12內湖區,內湖區金龍路與內湖路3段口,0,0,2,1,C03,8,5,5,30,4,18,1,5,4,5,13,1,1,5,2,5,2,3,1,54,2,8,5,1,7,9,6,18,2,11,70,1,21,121.5926486,25.0850876
114,08,17,11,30,03中山區,中山區民族西路與中山北路3段口,0,0,1,1,B03,8,7,5,50,4,1,1,5,4,5,13,2,1,10,5,5,2,16,2,54,3,10,7,1,7,5,1,8,1,5,98,1,21,121.5231034,25.06889792
114,08,17,12,26,07信義區,信義區忠孝東路5段236巷2弄與松仁路口,0,0,1,1,C03,8,6,5,50,3,1,1,5,4,5,13,4,4,10,3,5,2,16,1,25,3,10,5,4,7,5,1,10,2,11,98,1,21,121.5684352,25.0404985
114,08,17,12,43,04大安區,大安區辛亥路3段與芳蘭路口,0,0,1,1,C02,8,6,5,50,4,1,1,5,4,5,13,2,1,5,4,5,1,17,1,47,2,7,5,1,7,5,1,9,1,14,8,1,21,121.5490341,25.0168511
114,08,17,12,49,11南港區,南港區玉成街176巷與玉成街166巷22弄口,0,0,1,1,B03,8,7,5,30,4,2,1,5,4,5,13,4,4,10,5,5,2,15,1,23,3,10,7,1,7,9,1,8,2,5,72,1,21,121.5837845,25.043838
114,08,17,13,02,05中正區,中正區中山南路自由廣場前,0,0,2,1,C03,7,7,5,50,14,8,1,5,4,5,13,4,4,1,4,1,2,16,1,66,2,9,5,1,7,6,1,10,1,14,9,1,21,121.517064,25.03639036
114,08,17,13,26,04大安區,大安區復興南路1段372號與信義路3段157巷10弄口,0,0,1,1,C03,8,6,5,50,3,2,1,5,4,5,13,4,4,1,4,5,2,13,1,48,2,9,5,1,7,9,1,10,1,11,108,1,22,121.54355,25.03438
114,08,17,13,32,02萬華區,萬華區興寧街與萬大路口,0,0,1,1,C03,8,6,5,50,4,1,1,5,4,5,13,4,4,9,4,5,2,12,2,21,3,10,3,4,7,9,1,10,1,14,108,1,21,121.5005991,25.032183
114,08,17,13,41,04大安區,大安區市民大道4段與忠孝東路4段223巷口,0,0,1,1,C03,8,6,5,40,4,1,1,5,4,5,13,2,1,1,4,5,2,17,1,70,2,9,6,1,7,15,1,9,2,14,44,1,21,121.553027,25.04428933
114,08,17,13,48,05中正區,中正區汀州路2段100號,0,0,1,1,B01,8,7,5,50,14,9,1,5,4,5,13,4,4,9,5,5,2,12,1,57,3,10,7,1,7,11,1,4,2,8,10,1,22,121.5196288,25.0249156
114,08,17,13,51,04大安區,大安區建國南路2段與辛亥路2段口,0,0,2,1,B01,8,6,5,40,3,1,1,5,4,5,13,1,1,1,3,4,2,16,1,42,3,10,7,1,7,6,1,8,1,5,9,1,21,121.5375277,25.0228706
114,08,17,14,10,07信義區,信義區逸仙路46號,0,0,1,1,B01,8,7,5,50,14,9,1,5,4,5,13,4,4,7,4,5,2,9,1,61,3,10,3,4,7,9,1,4,2,17,44,1,22,121.5616224,25.040613
114,08,17,14,17,05中正區,中正區林森北路與市民大道2段口,0,0,1,1,C03,8,6,5,50,4,1,1,5,4,5,13,2,1,1,4,5,2,17,1,31,3,10,5,1,7,5,1,10,2,11,8,1,22,121.5241876,25.04769644
114,08,17,14,34,04大安區,大安區基隆路3段(往南辛亥-長興),0,0,1,1,C03,8,7,5,50,14,9,1,5,4,5,13,4,4,1,4,5,2,12,1,59,3,10,3,4,7,9,1,10,2,14,44,1,21,121.5447771,25.0177618
114,08,17,14,38,07信義區,信義區忠孝東路5段790巷23弄與中坡南路口,0,0,3,1,C03,8,7,5,30,4,1,1,5,4,5,13,4,4,9,4,5,2,15,1,21,2,9,5,1,7,9,1,10,1,11,72,1,21,121.5832127,25.0430978
114,08,17,15,06,12內湖區,內湖區五分街與東湖路160巷口,0,0,1,1,C03,8,7,5,30,4,1,1,5,4,5,13,2,1,1,4,5,2,17,1,77,3,10,5,1,7,5,1,10,2,11,44,1,21,121.6172762,25.0672128
114,08,17,15,45,09北投區,北投區北投路1段與公館路口,0,0,1,1,B03,8,5,5,50,4,1,1,5,4,5,13,1,1,5,4,5,2,17,1,27,3,10,3,4,7,5,1,10,1,5,71,1,21,121.5026501,25.1214046
114,08,17,16,11,12內湖區,內湖區新明路與新明路298巷口,0,0,2,1,B01,8,6,5,30,4,1,1,5,4,5,13,1,1,5,5,5,2,10,1,68,3,10,7,1,7,1,1,4,1,8,80,1,21,121.5821296,25.0556225
114,08,17,16,17,03中山區,中山區大直街39巷5號,0,0,1,1,B03,8,6,5,30,14,9,1,5,4,5,13,4,4,10,5,5,1,17,2,52,3,10,3,4,7,13,1,8,1,4,40,1,21,121.5469579,25.0825393
114,08,17,16,33,06松山區,松山區南京東路3段與復興北路口,0,0,1,1,C03,8,7,5,50,4,1,1,5,4,5,13,2,1,1,4,1,2,12,1,30,2,3,5,1,7,8,1,10,1,14,100,1,25,121.5443449,25.0519027
114,08,17,17,01,09北投區,北投區大興街與大興街66巷口,0,0,1,1,C03,8,7,5,30,3,2,1,5,4,5,13,4,4,5,5,5,2,16,2,65,2,9,6,1,7,6,1,10,1,14,74,1,22,121.5008425,25.1306123
114,08,17,17,17,05中正區,中正區中山南路與青島東路口,0,0,1,1,C03,8,6,5,50,4,2,1,5,4,5,13,2,1,5,4,5,2,13,1,46,2,8,5,1,7,9,1,10,1,12,16,1,22,121.5193637,25.04450405
114,08,17,17,26,09北投區,北投區新民路2號與泉源路口逸仙國小前,0,0,1,1,B03,8,5,5,30,14,9,1,5,4,5,13,4,4,5,4,5,2,17,1,79,3,10,3,4,7,11,1,4,2,1,10,1,21,121.5042863,25.1376768
114,08,17,17,33,02萬華區,萬華區萬大路與雙和街口,0,0,2,1,C03,8,6,5,30,4,1,1,5,4,5,13,1,1,8,3,5,1,17,2,66,2,8,5,1,7,5,1,10,1,12,98,1,21,121.5005509,25.0278353
114,08,17,17,46,03中山區,中山區中山北路3段與農安街口,0,0,1,1,B03,8,6,5,50,4,1,1,5,4,5,13,2,1,1,5,1,1,12,1,55,3,10,3,4,7,7,1,8,1,5,100,1,21,121.5221768,25.06482849
114,08,17,17,59,11南港區,南港區凌雲街凌雲五村旁,0,0,1,1,B12,8,7,5,30,11,9,1,5,4,5,13,4,4,10,5,5,2,17,1,64,2,7,3,4,7,9,1,8,2,5,107,1,21,121.615254,25.03577
114,08,17,18,12,08士林區,士林區文林路與小北街口,0,0,2,1,C03,8,6,5,50,4,1,1,5,4,5,13,1,1,5,4,5,1,16,1,28,2,7,3,4,7,5,1,10,1,12,8,1,22,121.5270159,25.0902154
114,08,17,18,41,02萬華區,萬華區漢口街2段90巷與漢口街2段90巷8弄口,0,0,2,1,C03,7,5,5,30,4,1,1,5,4,5,13,4,4,10,5,5,2,15,2,50,2,9,5,1,7,9,1,10,1,11,14,1,21,121.5042271,25.045814
114,08,17,19,28,09北投區,北投區承德路7段90號,0,0,2,1,B03,8,5,5,60,14,9,1,5,4,5,13,4,4,1,5,5,2,12,1,59,3,10,3,4,7,9,1,8,1,5,108,1,22,121.5106717,25.1113182
114,08,17,20,15,06松山區,松山區南京東路5段32號,0,0,1,1,C03,8,5,5,50,22,10,1,5,4,5,13,2,1,1,2,4,2,17,1,25,2,7,5,1,7,7,1,10,1,14,100,1,21,121.5591882,25.05143184
114,08,17,20,45,06松山區,松山區南京東路5段250巷2弄14號,0,0,1,1,C03,7,5,6,30,14,9,1,5,4,5,10,4,4,10,5,5,2,29,3,0,,,,,,,,,,,67,1,,121.5663988,25.0507153
114,08,17,20,49,02萬華區,萬華區西寧南路與漢中街50巷口,0,0,2,1,C03,7,5,5,50,4,1,1,5,4,5,13,4,4,10,3,5,2,13,1,18,2,8,6,1,7,9,3,18,1,11,16,1,21,121.5064091,25.0443633
114,08,17,21,01,01大同區,大同區延平北路4段與延平北路4段111巷口,0,0,1,1,B02,7,5,5,30,3,1,1,5,4,5,13,4,4,4,4,5,2,16,1,48,3,10,3,4,7,1,1,4,1,2,19,1,21,121.5108923,25.07137316
114,08,17,21,20,06松山區,松山區民權東路5段17號,0,0,1,1,B03,7,5,5,50,14,9,1,5,4,5,13,4,4,1,4,5,2,13,1,49,3,10,7,1,7,14,1,15,1,17,40,1,21,121.5655971,25.06325674
114,08,17,21,34,01大同區,大同區延平北路2段與延平北路2段247巷口口,0,0,1,1,C03,8,5,5,50,3,2,1,5,4,5,13,4,4,5,4,5,2,13,2,46,2,9,6,1,7,7,1,10,2,13,100,1,22,121.5112179,25.0625099
114,08,17,21,49,08士林區,士林區中山北路5段與通河街口,0,0,1,1,B03,7,5,5,50,3,2,1,5,4,5,13,2,1,1,4,5,1,17,1,45,3,10,7,1,7,1,1,8,2,1,108,1,21,121.5245818,25.0795974
114,08,17,22,20,01大同區,大同區延平北路1段與鄭州路口,0,0,2,1,C03,7,5,5,40,4,2,1,5,4,5,13,2,1,1,4,5,2,13,1,41,2,9,3,4,7,9,1,10,1,11,108,1,21,121.512007,25.04999276
114,08,18,00,34,01大同區,大同區重慶北路2段與歸綏街口,0,0,1,1,C03,7,5,5,50,4,1,1,5,4,5,13,2,1,1,4,5,2,3,1,39,4,11,3,4,7,9,7,19,11,15,70,2,22,121.5137574,25.0582868
114,08,18,02,08,06松山區,松山區光復北路與民生東路5段口,0,0,1,1,C03,8,5,5,50,14,9,1,5,4,5,13,4,4,5,4,5,2,18,1,23,2,9,5,1,7,9,1,10,1,17,42,1,25,121.5553631,25.05801
114,08,18,02,20,08士林區,士林區承德路4段10巷與通河街76巷口,0,0,1,1,C03,8,5,5,30,4,2,1,5,4,5,13,4,4,9,5,5,1,15,2,49,3,10,5,1,7,9,1,10,2,13,72,2,21,121.5201937,25.0801618
114,08,18,04,55,09北投區,北投區承德路7段393巷99號,0,0,1,1,C03,8,7,5,40,11,9,1,5,4,5,13,4,4,5,5,5,2,18,1,71,2,9,5,1,7,9,1,10,1,14,118,1,22,121.5006387,25.1144032
114,08,18,05,43,09北投區,北投區中央南路1段與中正街口,0,0,2,1,C03,8,7,5,30,4,1,1,5,4,5,13,4,4,5,5,5,2,15,2,67,2,9,5,1,7,9,1,10,1,14,72,1,22,121.5012891,25.1317616
114,08,18,06,30,05中正區,中正區中華路2段與愛國西路口,0,0,1,1,C03,8,6,5,50,5,1,1,5,4,5,13,1,1,1,4,5,2,16,1,22,2,9,5,1,7,6,1,10,2,11,99,1,21,121.5068934,25.03696
114,08,18,06,32,03中山區,中山區新生北路2段與南京東路1段口北側迴轉道,0,0,1,1,C03,8,7,5,50,3,1,1,5,4,5,13,4,4,10,5,5,2,16,2,75,2,9,5,1,7,9,1,10,1,11,72,1,22,121.5274832,25.05308711
114,08,18,06,55,12內湖區,內湖區舊宗路1段18號對面,0,0,1,1,C03,8,6,5,50,14,9,1,5,4,5,13,4,4,1,4,5,2,17,1,40,2,9,6,1,7,9,1,10,2,11,16,1,21,121.5809228,25.0581561
114,08,18,07,37,09北投區,北投區中山北路7段219巷3弄15號停車場出入口,0,0,3,1,C03,8,5,5,30,22,9,1,5,4,5,13,4,4,10,5,5,1,16,1,34,2,9,5,1,7,1,1,10,2,14,19,1,21,121.5309345,25.1291664
114,08,18,07,55,08士林區,士林區菁山路101巷71弄與菁山路101巷口,0,0,1,1,F01,8,5,5,50,3,1,1,5,4,5,13,3,1,5,5,5,2,17,1,50,2,9,3,4,7,9,8,20,2,11,84,1,21,121.5617887,25.15124432
114,08,18,08,00,08士林區,士林區天母西路62巷與天母西路95巷口,0,0,1,1,B03,8,5,5,30,4,1,1,5,4,5,13,2,1,5,5,5,1,17,1,45,3,10,7,1,7,6,1,8,2,8,9,1,21,121.5242193,25.1186371
114,08,18,08,05,10文山區,文山區興隆路2段220巷15號,0,0,2,1,C03,8,6,5,50,14,9,1,5,4,5,13,4,4,9,5,5,2,3,2,34,3,10,5,1,7,9,1,10,2,11,108,1,21,121.5524223,25.0009222
114,08,18,08,10,05中正區,中正區北平西路與館前路口,0,0,1,1,C03,8,5,5,50,11,9,1,5,4,5,13,4,4,9,5,4,2,18,1,25,2,9,5,1,7,5,1,10,2,17,42,1,21,121.5150511,25.047654
114,08,18,08,34,01大同區,大同區市民大道1段與承德路1段口,0,0,1,1,C03,8,6,5,40,4,2,1,5,4,5,13,2,1,8,3,5,1,16,1,84,4,11,3,4,7,9,7,19,11,14,44,2,22,121.5166291,25.0488764
114,08,18,09,03,07信義區,信義區松仁路與松仁路95巷口,0,0,1,1,B01,8,6,5,50,3,2,1,5,4,5,13,4,4,1,4,5,2,12,1,58,3,10,3,4,7,15,1,4,1,2,100,1,21,121.5685164,25.0367616
114,08,18,09,05,07信義區,信義區市民大道5段與東興路口口,0,0,1,1,B03,8,5,5,50,4,1,1,5,4,5,13,2,1,1,4,5,2,16,1,55,3,10,3,4,7,6,1,8,1,6,9,1,22,121.565953,25.0481673
114,08,18,09,16,08士林區,士林區至善路2段與至善路2段25巷口,0,0,1,1,C03,8,5,5,50,4,1,1,5,4,5,13,2,1,1,4,5,2,13,1,38,2,9,6,1,7,10,1,9,1,11,100,1,21,121.5445542,25.0971634
114,08,18,09,35,01大同區,大同區承德路1段與華陰街口,0,0,2,1,C03,8,6,5,50,4,2,1,5,4,5,13,2,1,8,3,5,1,13,1,61,2,9,6,1,7,9,1,10,2,11,16,1,21,121.5167482,25.0500706
114,08,18,09,36,05中正區,中正區青島東路與鎮江街口,0,0,1,1,B03,8,6,5,40,4,1,1,5,4,5,13,2,1,5,4,4,2,9,1,69,3,10,7,1,7,6,1,8,2,2,108,1,22,121.5213313,25.04401551
114,08,18,09,39,04大安區,大安區基隆路3段與辛亥路3段口,0,0,1,1,B03,8,5,5,50,5,2,1,5,4,5,13,2,1,1,4,5,2,9,1,63,3,10,3,4,7,11,1,8,1,5,131,1,21,121.5463777,25.0190627
114,08,18,10,20,08士林區,士林區延平北路7段1105902燈桿,0,0,1,1,B03,8,6,5,40,14,7,1,5,4,5,13,4,4,9,4,4,1,17,1,69,3,10,7,1,7,11,1,8,2,8,10,1,21,121.4886555,25.1021232
114,08,18,11,05,03中山區,中山區長安東路2段109號,0,0,1,1,B03,8,6,5,50,14,9,1,5,4,5,13,4,4,9,4,5,2,17,1,48,3,10,3,4,7,13,1,8,1,4,40,1,21,121.5356362,25.0484969
114,08,18,11,11,02萬華區,萬華區西園路2段與莒光路口,0,0,1,1,B12,8,6,5,50,3,1,1,5,4,5,13,2,1,1,4,4,2,16,1,66,3,10,3,4,7,6,1,8,1,2,9,1,22,121.4968724,25.0310366
114,08,18,12,43,12內湖區,內湖區港墘路37巷與內湖路1段737巷口,0,0,2,1,C03,8,5,5,50,4,1,1,5,4,5,13,1,1,5,2,5,2,15,1,71,2,9,5,1,7,9,1,10,1,11,81,1,21,121.5791926,25.08206928
114,08,18,12,47,05中正區,中正區中山南路與濟南路1段口,0,0,2,1,F01,8,6,5,50,3,3,1,5,4,4,12,2,1,5,4,5,2,17,1,23,2,5,4,1,7,9,8,20,9,11,4,2,22,121.5187719,25.0433761
114,08,18,13,10,08士林區,士林區文昌路與美崙街口,0,0,2,1,B03,7,5,5,50,4,1,1,5,4,5,13,2,1,3,5,5,1,17,1,47,2,5,7,1,7,5,1,8,2,4,44,1,21,121.520966,25.09648393
114,08,18,13,10,11南港區,南港區南深路與南深路口燈號017南往北方向,0,0,1,1,B12,8,6,5,40,3,1,1,5,4,5,13,4,4,3,1,4,2,12,1,42,3,10,3,4,7,11,1,8,2,8,10,1,21,121.6229943,25.0329845
114,08,18,13,51,07信義區,信義區光復南路與信義路4段口,0,0,1,1,B12,8,6,5,50,4,2,1,5,4,5,13,1,1,1,4,5,2,17,1,22,3,10,7,1,7,9,1,8,2,17,44,1,22,121.557742,25.0330335
114,08,18,14,00,03中山區,中山區民權東路2段與松江路口,0,0,1,1,A04,7,6,5,50,4,1,1,5,4,5,13,1,1,3,4,5,2,9,1,52,3,10,7,1,7,15,1,2,1,17,118,1,21,121.5329625,25.0624895
114,08,18,14,21,07信義區,信義區松德路99號,0,0,1,1,C03,8,6,5,30,14,8,1,5,4,5,13,4,4,1,4,4,2,17,2,26,3,10,6,1,7,2,1,10,11,13,12,1,22,121.5757909,25.038004
114,08,18,14,30,06松山區,松山區八德路3段12巷與八德路3段口,0,0,1,1,B03,8,7,5,50,4,1,1,5,4,5,13,1,1,9,4,5,2,17,1,45,3,10,7,1,7,5,1,8,2,2,8,1,21,121.5507398,25.0481659
114,08,18,15,35,06松山區,松山區民生東路5段85號,0,0,1,1,C03,7,6,5,50,14,9,1,5,4,5,13,4,4,1,4,5,2,16,1,41,2,9,6,1,7,15,1,10,2,13,108,1,22,121.5588193,25.0586046
114,08,18,17,00,09北投區,北投區溫泉路與溫泉路73巷口,0,0,1,1,C03,8,5,5,30,3,2,1,5,4,5,13,4,4,10,4,5,1,17,1,62,3,10,5,1,7,9,1,10,9,17,32,2,21,121.5051889,25.1355864
114,08,18,17,18,04大安區,大安區辛亥路1段136號與辛亥路1段口,0,0,2,1,C03,8,7,5,50,3,2,1,5,4,5,13,4,4,9,4,4,1,17,2,23,2,9,3,4,7,5,1,9,1,12,72,1,22,121.5336352,25.0222254
114,08,18,17,23,07信義區,信義區逸仙路50巷與逸仙路口,0,0,1,1,C03,8,6,5,50,3,2,1,5,4,5,13,4,4,9,5,5,2,17,1,20,2,8,6,1,7,6,1,10,1,14,72,1,21,121.5616223,25.0407005
114,08,18,17,40,03中山區,中山區建國北路1段150號停車場車道,0,0,1,1,C03,7,5,8,0,22,22,1,5,4,5,13,4,4,10,5,5,2,17,2,60,3,10,5,1,7,1,1,10,1,11,19,1,21,121.5364923,25.05132444
114,08,18,18,02,11南港區,南港區南港路1段與中南街口口,0,0,2,1,C03,8,6,5,50,14,9,1,5,4,5,13,2,1,5,2,5,2,12,1,34,2,7,3,4,7,12,1,10,2,14,16,1,22,121.615559,25.0552918
114,08,18,18,03,12內湖區,內湖區民權東路6段與成功路2段口,0,0,1,1,C03,8,7,5,50,3,2,1,5,4,5,13,1,1,1,4,5,1,17,1,37,3,10,6,1,7,6,1,10,1,12,9,1,21,121.5903969,25.0688808
114,08,18,18,52,04大安區,大安區辛亥路3段310號,0,0,1,1,C04,8,5,5,50,14,9,1,5,4,5,13,1,1,1,4,1,2,12,2,58,2,9,3,4,7,7,1,11,1,14,100,1,21,121.5527162,25.0142755
114,08,18,20,10,11南港區,南港區南港路1段360號對面西往東站牌,0,0,1,1,A02,8,6,8,40,14,8,1,5,4,5,13,4,4,9,4,4,2,9,1,49,3,10,3,4,7,1,1,2,2,17,44,1,21,121.6071859,25.0543922
114,08,18,20,57,10文山區,文山區木柵路3段（靠近萬壽橋）,0,0,1,1,B03,7,5,5,50,14,9,1,5,4,5,13,1,1,5,4,5,2,13,1,27,3,10,3,4,7,9,1,8,1,8,108,1,22,121.5710794,24.9912419
114,08,18,21,36,01大同區,大同區民權西路與蘭州街口,0,0,1,1,C03,7,5,5,50,4,1,1,5,4,5,13,2,1,1,4,5,2,16,2,32,2,9,3,4,7,5,1,10,1,14,8,1,21,121.5147283,25.06293006
114,08,18,22,07,03中山區,中山區長安東路1段與長安東路1段56巷口,0,0,2,1,B01,7,5,5,50,4,1,1,5,4,5,13,4,4,9,5,5,2,16,1,55,3,10,7,1,7,11,1,4,1,8,10,1,22,121.5290758,25.0481007
114,08,18,22,21,10文山區,文山區景中街與景後街口,0,0,1,1,C03,8,5,5,50,4,1,1,5,4,5,13,2,1,9,5,5,2,20,1,45,2,9,6,1,7,1,1,10,1,11,108,1,21,121.5432932,24.99272974
114,08,18,22,45,08士林區,士林區芝玉路2段與芝玉路2段20巷口,0,0,2,1,C03,7,5,5,30,4,1,1,5,4,5,13,4,4,10,5,5,1,15,1,35,3,10,5,1,7,9,1,10,1,11,75,1,21,121.5343838,25.110401
114,08,18,23,44,04大安區,大安區市民大道4段與光復南路口,0,0,1,1,B01,8,5,5,40,5,2,1,5,4,5,13,1,1,10,5,5,2,16,1,63,3,10,7,1,7,6,1,4,1,5,9,1,21,121.5576505,25.044884
114,08,19,00,27,02萬華區,萬華區寶興街與民和街口,0,0,2,1,C03,8,5,5,50,3,1,1,5,4,5,13,4,4,9,4,5,1,17,1,19,2,8,5,1,7,5,1,10,1,11,8,1,21,121.4950984,25.0243344
114,08,19,06,20,12內湖區,內湖區潭美街與安康路22巷口,0,0,1,1,,8,6,5,40,3,1,1,5,4,5,13,2,1,5,5,5,2,17,4,0,,,,,,,,,,,119,2,,121.5938898,25.0610389
114,08,19,06,51,04大安區,大安區信義路3段147巷與仁愛路3段口,0,0,1,1,C03,7,6,5,30,3,1,1,5,4,5,13,2,1,1,4,1,2,16,2,44,2,9,3,4,7,5,1,10,1,11,72,1,22,121.5419438,25.0378039
114,08,19,07,20,07信義區,信義區吳興街284巷30弄與吳興街284巷口,0,0,1,1,C03,8,6,5,30,3,1,1,5,4,5,13,4,4,10,5,5,2,17,1,30,2,7,6,1,7,6,1,10,1,11,9,1,22,121.56188,25.0229075
114,08,19,07,30,03中山區,中山區明水路341號對面,0,0,1,1,C03,8,6,5,50,14,9,1,5,4,5,13,4,4,1,5,5,1,12,1,34,3,10,3,4,7,13,1,9,1,17,39,1,21,121.544878,25.07740588
114,08,19,07,40,06松山區,松山區民權東路4段與三民路口,0,0,2,1,C03,8,7,5,50,3,1,1,5,4,5,13,1,1,1,4,4,2,13,1,21,2,9,6,1,7,9,1,10,2,12,16,1,21,121.5627868,25.0627455
114,08,19,07,44,05中正區,中正區忠孝西路1段102號號,0,0,1,1,C03,8,6,5,50,14,9,1,5,4,3,13,4,4,3,4,5,2,13,1,21,2,9,5,1,7,7,1,10,1,11,100,1,22,121.5127092,25.04730056
114,08,19,07,47,08士林區,士林區延平北路6段180號,0,0,1,1,B03,8,7,5,50,14,9,1,5,4,5,13,4,4,7,5,5,2,17,1,22,3,10,7,1,7,1,1,8,2,1,19,1,21,121.5058566,25.0894828
114,08,19,07,57,07信義區,信義區仁愛路4段496巷與光復南路419巷口,0,0,1,1,C03,8,7,5,30,4,1,1,5,4,5,13,4,4,10,5,5,2,3,1,78,3,10,5,1,7,6,1,10,1,11,108,1,21,121.5603654,25.0364852
114,08,19,07,58,10文山區,文山區興隆路2段與興隆路2段154巷口,0,0,1,1,C03,8,6,5,50,3,2,1,5,4,5,13,2,1,1,4,5,2,17,1,25,2,9,6,1,7,7,1,10,1,12,108,1,21,121.5510711,25.0017213
114,08,19,08,00,04大安區,大安區新生南路3段與新生南路3段98巷口,0,0,1,1,B03,8,5,5,50,5,2,1,5,4,5,13,2,1,8,3,5,1,12,1,68,3,10,7,1,7,9,1,8,1,2,108,1,21,121.5334698,25.01724
114,08,19,08,00,09北投區,北投區雙溪河濱公園自行車道045燈桿,0,0,2,1,F01,8,6,8,0,14,23,1,5,4,5,13,4,4,9,5,5,2,10,2,35,2,9,6,1,7,9,8,20,1,11,108,1,21,121.5183568,25.04847309
114,08,19,08,02,12內湖區,內湖區瑞光路26巷與瑞光路口,0,0,1,1,B03,8,6,5,50,3,1,1,5,4,5,13,1,1,10,5,5,2,16,2,45,3,10,7,1,7,5,1,8,2,1,71,1,21,121.5834172,25.0696705
114,08,19,08,10,04大安區,大安區仁愛路3段118巷3弄與信義路3段147巷36弄口,0,0,1,1,B03,8,7,5,30,3,2,1,5,4,5,13,4,4,10,5,5,2,17,1,44,3,10,3,4,7,5,1,8,1,1,98,1,21,121.5408229,25.0371473
114,08,19,08,14,03中山區,中山區長安東路2段與長安東路2段201巷口,0,0,2,1,F01,8,7,8,50,4,1,1,5,4,5,13,4,4,5,4,5,2,17,1,76,2,9,3,4,7,5,8,20,1,14,94,1,21,121.54349,25.0482708
114,08,19,08,26,02萬華區,萬華區漢口街2段90巷與昆明街74巷口,0,0,2,1,C03,8,7,5,30,4,1,1,5,4,5,13,4,4,10,5,5,2,10,2,41,2,9,5,1,7,9,1,10,1,11,14,1,22,121.5042208,25.0458108
114,08,19,08,37,04大安區,大安區辛亥路2段與辛亥路2段171巷口,0,0,1,1,C03,8,7,5,40,3,2,1,5,4,5,13,2,1,1,4,4,1,13,1,42,2,9,3,4,7,9,1,10,1,11,100,1,21,121.5415183,25.0216413
114,08,19,08,45,03中山區,中山區北安路與大直橋口,0,0,1,1,C03,8,7,5,50,4,2,1,5,4,5,13,1,1,1,2,5,2,13,2,30,3,10,6,1,7,9,1,10,1,11,108,1,21,121.5445632,25.07937779
114,08,19,08,58,09北投區,北投區立功街96號,0,0,1,1,C03,8,5,5,50,14,9,1,5,4,5,13,4,4,9,4,5,2,7,2,54,3,10,5,1,7,9,1,10,1,11,44,1,21,121.4708131,25.1256459
114,08,19,08,59,04大安區,大安區敦化南路2段與四維路154巷口,0,0,1,1,B12,8,5,5,50,4,2,1,5,4,5,13,2,1,1,4,5,2,17,1,29,3,10,3,4,7,5,1,8,2,8,8,1,21,121.5487522,25.0308619
114,08,19,09,20,08士林區,士林區文林路與中正路口,0,0,1,1,B01,8,7,5,50,4,1,1,5,4,5,13,1,1,1,5,5,2,17,1,60,3,10,7,1,7,6,1,3,1,1,9,1,21,121.524749,25.0949632
114,08,19,09,20,09北投區,北投區承德路7段與公館路口,0,0,2,1,C03,8,6,5,60,4,2,1,5,4,5,13,2,1,1,4,4,2,13,1,47,2,9,5,1,7,9,1,10,2,11,16,1,21,121.5017867,25.1193929
114,08,19,09,46,06松山區,松山區市民大道4段與光復南路口,0,0,1,1,C03,8,6,5,40,14,9,1,5,4,5,13,4,4,1,4,5,2,12,1,53,3,10,6,1,7,8,6,10,2,12,100,1,22,121.5573922,25.0451678
114,08,19,10,21,12內湖區,內湖區金龍路與內湖路口側附近2段口,0,0,1,1,B03,7,6,5,50,4,2,1,5,4,5,13,4,4,4,5,4,2,16,1,71,3,10,7,1,7,6,1,8,2,4,9,1,21,121.5938713,25.0847422
114,08,19,10,25,05中正區,中正區重慶南路2段與寧波西街口,0,0,2,1,C03,8,7,5,50,4,1,1,5,4,5,13,1,1,1,4,5,2,17,1,38,3,10,5,1,7,8,1,9,1,12,100,1,22,121.5151797,25.0297722
114,08,19,10,32,08士林區,士林區中正路與福港街口,0,0,1,1,B01,8,5,5,50,3,1,1,5,4,5,13,2,1,5,4,5,2,17,1,62,3,10,3,4,7,5,1,4,1,2,8,1,22,121.5178127,25.0917016
114,08,19,10,34,05中正區,中正區市民大道1段與中山北路1段口,0,0,1,1,C03,8,6,5,40,4,1,1,5,4,5,13,1,1,1,4,5,1,13,2,45,2,9,5,1,7,9,1,10,1,11,16,1,21,121.5205804,25.0479909