發生年度,發生月,發生日,發生時-Hours,發生分,區序,肇事地點,死亡人數,2-30日死亡人數,受傷人數,當事人序號,車種,天候,光線,道路類別,速限-速度限制,道路型態,事故位置,路面狀況1,路面狀況2,路面狀況3,道路障礙1,道路障礙2,號誌1,號誌2,車道劃分-分向,車道劃分-分道1,車道劃分-分道2,車道劃分-分道3,事故類型及型態,性別,年齡,受傷程度,主要傷處,保護裝置,行動電話,車輛用途,當事者行動狀態,駕駛資格情形,駕駛執照種類,飲酒情形,車輛撞擊部位1,肇因碼-個別,個人肇逃否,職業,座標-X,座標-Y
114,08,19,10,39,08士林區,士林區中山北路5段與福國路口,0,0,1,1,B03,8,5,5,50,3,2,1,5,4,5,13,2,1,1,4,5,2,12,1,56,3,10,7,1,7,8,1,8,1,2,100,1,21,121.5255666,25.1022637
114,08,19,10,40,11南港區,南港區昆陽街157巷19號對面,0,0,3,1,C03,8,7,5,50,14,9,1,5,4,5,13,4,4,5,4,5,2,12,1,36,2,7,5,1,7,9,1,10,2,14,44,1,21,121.5950068,25.0501544
114,08,19,11,00,03中山區,中山區中山北路3段8號,0,0,2,1,C03,8,7,5,30,14,9,1,5,4,5,13,4,4,10,5,5,2,3,2,32,2,9,6,1,7,9,1,10,1,11,108,1,21,121.5222147,25.06468113
114,08,19,11,03,03中山區,中山區民權東路1段與林森北路口,0,0,1,1,B01,8,5,5,50,4,1,1,5,4,5,13,1,1,1,4,5,2,17,1,63,3,10,3,4,7,11,1,4,1,17,10,1,21,121.5256974,25.06225582
114,08,19,11,05,12內湖區,內湖區瑞湖街與陽光街口,0,0,1,1,C03,7,5,6,50,4,2,1,5,4,5,13,1,1,5,5,5,2,17,2,52,2,9,5,1,7,9,1,10,2,11,44,1,21,121.5760282,25.0728667
114,08,19,11,45,01大同區,大同區大稻埕堤外便道往南機車停車格,0,0,2,1,C04,8,6,5,40,14,9,1,5,4,5,13,4,4,9,4,5,1,16,1,33,3,10,5,1,7,5,1,10,1,13,8,1,21,121.5079951,25.0565911
114,08,19,11,46,01大同區,大同區酒泉街66號,0,0,1,1,B13,8,6,5,50,14,9,1,5,4,5,13,4,4,8,3,5,1,9,1,25,3,10,3,4,7,2,1,8,2,3,12,1,21,121.5153895,25.0719582
114,08,19,12,00,03中山區,中山區南京西路12巷9號,0,0,1,1,B01,8,7,5,30,14,9,1,5,4,5,13,4,4,10,5,5,2,1,1,56,3,10,7,1,7,9,1,4,9,5,108,1,22,121.5210922,25.05014304
114,08,19,12,00,09北投區,北投區溫泉路58巷與公館路63巷6弄口,0,0,1,1,B03,8,6,5,30,4,1,1,5,4,5,13,4,4,10,5,5,2,15,1,57,3,10,7,1,7,9,1,8,2,8,72,1,21,121.5053487,25.1336344
114,08,19,12,20,12內湖區,內湖區康寧路3段56巷與民權東路6段280巷155弄口,0,0,1,1,B12,8,6,5,30,4,1,1,5,4,5,13,4,4,10,5,5,2,15,1,41,3,10,7,1,7,9,1,8,2,8,72,1,21,121.6090087,25.0685996
114,08,19,12,28,03中山區,中山區北安路與大直街口,0,0,1,1,B03,7,6,5,50,4,1,1,5,4,5,13,1,1,3,4,5,2,17,2,27,3,10,7,1,7,5,1,8,1,8,98,1,21,121.5472594,25.07985342
114,08,19,13,05,05中正區,中正區忠孝西路1段114號,0,0,1,1,B03,8,6,5,50,11,9,1,5,4,5,13,4,4,3,4,5,2,12,1,26,3,10,2,1,7,8,1,8,2,2,100,1,22,121.5120042,25.0475126
114,08,19,13,30,02萬華區,萬華區中華路2段364巷與中華路2段364巷22弄口,0,0,2,1,C03,8,6,5,30,3,1,1,5,4,5,13,4,4,10,5,5,2,9,1,55,2,5,6,4,7,9,1,10,1,11,108,1,21,121.5042791,25.028892
114,08,19,13,32,07信義區,信義區忠孝東路5段與林口街口,0,0,1,1,C03,8,6,5,50,5,1,1,5,4,5,13,1,1,9,4,5,2,17,1,70,3,10,5,1,7,9,1,10,1,12,17,1,21,121.5811737,25.0429443
114,08,19,14,05,08士林區,士林區中正路626號,0,0,2,1,C03,7,7,5,50,14,9,1,5,4,5,13,2,1,1,3,5,2,12,1,47,2,8,5,1,7,9,1,10,1,11,108,1,22,121.5086228,25.0866863
114,08,19,14,11,02萬華區,萬華區西園路2段296號,0,0,1,1,B03,8,5,5,50,14,9,1,5,4,5,13,1,1,9,4,5,2,17,2,41,3,10,7,4,7,9,3,18,1,2,108,1,21,121.4930797,25.0264551
114,08,19,14,38,12內湖區,內湖區港華街39號,0,0,1,1,C03,7,6,5,30,22,18,1,5,4,5,13,4,4,9,5,5,2,3,1,50,3,10,6,1,7,9,1,10,1,11,70,1,22,121.5751644,25.0829828
114,08,19,14,45,07信義區,信義區忠孝東路4段與逸仙路口,0,0,1,1,B01,8,7,5,50,4,1,1,5,4,5,13,1,1,1,4,5,2,13,1,67,3,10,3,4,7,9,1,4,1,1,42,1,21,121.5618663,25.0413236
114,08,19,15,08,06松山區,松山區敦化北路4巷與敦化北路4巷25弄口,0,0,1,1,B03,8,7,5,30,3,1,1,5,4,5,13,4,4,10,5,5,2,17,1,70,3,10,7,4,7,5,1,8,1,8,74,1,22,121.5462567,25.0501208
114,08,19,15,20,06松山區,松山區八德路4段765號,0,0,1,1,C03,8,7,5,50,14,7,1,5,4,5,13,1,1,5,4,4,2,13,1,62,2,9,5,1,7,9,1,10,1,14,16,1,26,121.5780819,25.0510894
114,08,19,15,27,02萬華區,萬華區西園路1段與長沙街2段口,0,0,1,1,B01,8,5,5,50,4,1,1,5,4,5,13,2,1,9,5,5,2,9,1,52,3,10,7,1,7,5,1,3,1,1,70,1,21,121.5000495,25.0411812
114,08,19,16,00,04大安區,大安區仁愛路4段345巷與仁愛路4段345巷2弄口,0,0,1,1,B01,8,7,5,30,4,2,1,5,4,5,13,4,4,10,5,5,2,15,1,43,2,1,3,4,7,9,1,4,1,1,72,1,21,121.5540614,25.038474
114,08,19,16,21,07信義區,信義區松山路522號,0,0,2,1,B03,8,7,5,50,14,9,1,5,4,5,13,4,4,5,5,5,2,17,2,57,3,10,3,4,7,14,1,8,2,4,40,1,21,121.5781751,25.0379237
114,08,19,16,25,05中正區,中正區八德路1段82巷7號,0,0,1,1,B03,8,6,5,30,22,9,1,5,4,5,13,4,4,10,5,5,1,1,1,55,3,10,7,1,7,6,1,8,2,8,108,1,21,121.5319234,25.0437006
114,08,19,16,35,12內湖區,內湖區康樂街136巷29弄45號,0,0,1,1,C03,8,7,5,30,14,9,1,5,4,5,13,4,4,10,5,5,2,17,2,60,2,9,5,1,7,6,1,10,1,12,108,1,21,121.6178872,25.0731748
114,08,19,16,40,02萬華區,萬華區環河南路1段276號,0,0,1,1,C03,8,5,8,40,22,22,1,5,4,5,13,4,4,10,5,5,2,17,1,74,2,9,3,4,7,15,1,10,1,13,100,1,21,121.5002688,25.0422515
114,08,19,17,16,09北投區,北投區大度路3段與中央北路4段口東往西方向,0,0,1,1,B03,8,5,5,50,4,2,1,5,4,5,13,1,1,9,4,5,1,17,1,33,3,10,7,1,7,6,1,8,1,2,9,1,21,121.4645294,25.1239021
114,08,19,17,40,08士林區,士林區重陽橋路燈270666,0,0,1,1,C03,8,6,5,25,14,11,1,5,4,5,13,4,4,1,4,5,1,13,1,68,2,9,6,1,7,9,1,9,1,11,16,1,22,121.5037116,25.0853708
114,08,19,17,42,11南港區,南港區南港路1段與經貿二路口,0,0,1,1,B03,7,6,5,50,4,1,1,5,4,5,13,2,1,1,3,4,2,15,1,65,3,10,3,4,7,15,1,8,1,1,9,1,21,121.6167415,25.055299
114,08,19,17,54,09北投區,北投區文林北路與文林北路75巷口,0,0,1,1,C03,8,7,5,50,4,2,1,4,4,5,13,2,1,1,4,4,2,5,1,23,2,9,6,1,7,9,1,10,1,12,42,1,22,121.5154775,25.1068739
114,08,19,18,15,03中山區,中山區北安路自強隧道圓環西向東人行道上,0,0,1,1,F01,8,5,5,0,14,20,4,5,4,5,13,4,4,10,5,5,2,1,1,16,3,10,2,1,7,9,8,20,1,11,42,1,16,121.5499372,25.08480896
114,08,19,18,20,09北投區,北投區立賢路168-1號號與立賢路口東往西方向,0,0,1,1,B12,7,5,5,50,3,2,1,5,4,5,13,1,1,9,4,5,1,17,1,73,3,10,7,1,7,5,1,8,1,6,8,1,21,121.5022334,25.1142832
114,08,19,18,32,03中山區,中山區新生北路2段與新生高架道口迴轉道,0,0,1,1,C03,7,7,5,50,4,2,1,5,4,5,13,4,4,10,5,5,1,15,2,43,2,8,5,1,7,1,1,10,1,12,19,1,21,121.5278609,25.05610989
114,08,19,18,32,04大安區,大安區忠孝東路4段與大安路1段口,0,0,1,1,A02,8,5,5,50,4,2,1,5,4,5,13,2,1,1,4,5,2,17,1,61,3,10,3,4,7,9,1,2,1,17,44,1,21,121.5462709,25.0416955
114,08,19,18,47,10文山區,文山區羅斯福路5段與羅斯福路5段192巷口,0,0,1,1,C03,8,5,5,50,3,1,1,5,4,5,13,2,1,1,4,5,2,17,1,19,2,8,5,1,7,9,1,10,2,14,108,1,21,121.5386129,25.0037306
114,08,19,19,05,01大同區,大同區鄭州路139號,0,0,2,1,C03,7,5,5,40,14,9,1,5,4,5,13,4,4,1,4,5,2,17,2,45,2,9,3,4,7,9,1,10,1,11,16,1,21,121.5101677,25.0503484
114,08,19,20,18,12內湖區,內湖區東湖路149號,0,0,1,1,C03,7,5,5,50,14,9,1,5,4,5,13,4,4,5,4,5,2,17,1,22,2,9,5,1,7,9,1,9,2,11,116,1,21,121.6173442,25.0680516
114,08,19,21,35,03中山區,中山區龍江路與龍江路345巷口,0,0,2,1,F01,7,5,5,0,14,20,4,5,4,5,13,4,4,10,5,5,2,2,1,16,2,7,2,1,7,9,8,20,1,11,42,1,16,121.5409451,25.06330435
114,08,19,21,55,07信義區,信義區忠孝東路5段與忠孝東路5段524巷口,0,0,1,1,B03,7,5,5,50,4,18,1,5,4,5,13,2,1,1,4,5,2,3,2,22,3,10,7,1,7,5,3,18,2,1,70,1,21,121.5791093,25.0415247
114,08,19,23,22,11南港區,南港區忠孝東路7段與忠孝東路7段265巷口,0,0,2,1,C03,7,5,5,50,4,2,1,5,4,5,13,1,1,1,4,5,2,13,2,20,2,9,6,1,7,9,1,10,1,11,16,1,21,121.603743,25.0517573
114,08,20,00,42,08士林區,士林區延平北路8段157巷社子攝影棚,0,0,1,1,B03,8,5,5,30,14,9,1,5,4,5,13,4,4,10,5,5,2,17,2,36,3,10,7,1,7,1,1,8,1,4,19,1,26,121.4779144,25.10478342
114,08,20,00,47,08士林區,士林區仰德大道1段110號,0,0,2,1,C03,7,5,5,40,12,9,1,2,4,5,13,4,4,4,5,5,1,17,1,23,2,9,5,1,7,9,1,10,1,11,44,1,21,121.5345187,25.1078647
114,08,20,02,00,03中山區,中山區市民大道2段與林森北路口,0,0,1,1,C03,8,5,5,40,4,1,1,5,4,5,13,2,1,9,4,5,2,17,1,50,2,9,5,1,7,5,1,10,1,14,8,1,21,121.5242303,25.0478728
114,08,20,03,20,08士林區,士林區中山北路5段378巷與中山北路5段口,0,0,2,1,B03,7,5,5,50,3,2,1,5,4,5,13,4,4,3,4,5,1,23,1,37,2,8,3,4,7,9,1,8,2,8,108,1,21,121.5275554,25.0905404
114,08,20,04,20,01大同區,大同區鄭州路與西寧北路口,0,0,1,1,C03,7,5,5,50,4,2,1,5,4,5,13,2,1,1,4,5,2,17,1,27,2,9,3,4,7,15,1,10,1,11,81,1,21,121.508105,25.0504244
114,08,20,04,50,07信義區,信義區永吉路326巷與虎林街82巷口,0,0,2,1,C03,7,5,5,30,4,1,1,5,4,5,13,4,4,9,5,5,2,15,1,35,2,9,5,1,7,9,1,9,2,12,72,1,21,121.5753912,25.0433802
114,08,20,06,43,04大安區,大安區辛亥路2段與建國南路2段口,0,0,1,1,,8,6,5,50,3,1,1,5,4,5,13,2,1,1,4,5,2,17,4,0,,,,,,,,,11,,119,2,,121.5378172,25.0225969
114,08,20,06,49,03中山區,中山區中山北路2段與民權西路口,0,0,2,1,C03,8,7,5,50,4,1,1,5,4,5,13,1,1,1,4,5,2,17,1,24,2,9,5,1,7,10,1,10,1,13,102,1,21,121.5225246,25.0626551
114,08,20,06,55,09北投區,北投區大同街204巷與永興路1段32巷口,0,0,1,1,F03,8,5,5,30,4,1,1,5,4,5,13,4,4,5,5,5,2,17,1,85,2,9,3,4,7,9,8,20,2,12,72,1,21,121.5001227,25.1380536
114,08,20,07,15,01大同區,大同區延平北路3段19號,0,0,2,1,C03,8,6,5,50,14,9,1,5,4,5,13,4,4,9,4,5,2,13,2,45,2,9,5,1,7,9,1,10,1,11,16,1,21,121.5111504,25.0641937
114,08,20,08,05,06松山區,松山區塔悠路與松河街口,0,0,1,1,C03,8,7,5,50,4,1,1,5,4,5,13,1,1,1,4,5,2,13,2,25,2,8,6,1,7,9,1,10,2,11,108,1,21,121.5710025,25.0509903
114,08,20,08,10,12內湖區,內湖區民權東路6段與行愛路口,0,0,1,1,C03,7,6,5,50,4,1,1,5,4,5,13,1,1,10,5,5,2,15,4,0,,,,,,,,,,,119,2,,121.5785707,25.066658
114,08,20,08,22,12內湖區,內湖區舊宗路2段與港墘路附近口,0,0,1,1,B03,8,6,5,50,14,9,1,5,4,5,13,4,4,1,4,5,2,12,1,40,3,10,7,1,7,7,1,8,1,5,100,1,21,121.5730166,25.0738124
114,08,20,08,32,12內湖區,內湖區文德路214號前,0,0,1,1,B03,8,5,5,50,14,9,1,5,4,5,13,4,4,1,4,4,2,16,1,67,3,10,7,1,7,10,1,8,1,7,100,1,21,121.584692,25.0784938
114,08,20,08,33,05中正區,中正區南昌路1段與福州街口,0,0,2,1,C03,8,7,5,50,4,1,1,5,4,5,13,1,1,5,5,5,2,17,1,53,2,8,5,1,7,5,1,10,2,12,74,1,22,121.5188973,25.0290311
114,08,20,08,50,03中山區,中山區民權東路3段20號,0,0,1,1,C03,8,7,5,50,14,9,1,5,4,5,13,4,4,1,4,5,2,13,1,22,2,8,6,4,7,7,1,10,1,11,100,1,21,121.5413864,25.06233698
114,08,20,08,55,05中正區,中正區汀州路3段與羅斯福路3段316巷口,0,0,2,1,C03,8,6,5,30,3,1,1,5,4,5,13,4,4,5,4,5,2,17,1,41,2,9,5,1,7,5,1,10,1,11,4,1,21,121.5319027,25.0153469
114,08,20,09,00,08士林區,士林區延平北路6段與中正路口,0,0,1,1,C04,8,6,5,50,4,1,1,5,4,5,13,1,1,1,4,5,1,17,1,18,3,10,3,4,7,7,1,10,1,12,100,1,21,121.5093089,25.0868891
114,08,20,09,41,12內湖區,內湖區舊宗路1段與民權東路口側附近6段口,0,0,1,1,B03,7,6,5,50,4,1,1,5,4,5,13,4,4,1,3,5,1,16,2,44,3,10,7,1,7,6,1,8,1,2,98,1,21,121.575295,25.0656176
114,08,20,10,07,12內湖區,內湖區金龍路47巷與無名巷口,0,0,1,1,F03,8,6,5,30,14,9,1,5,4,3,10,4,4,10,5,5,2,11,1,50,2,9,5,1,7,9,8,20,1,14,108,1,21,121.5935465,25.0857114
114,08,20,10,17,03中山區,中山區南京東路3段89巷15弄與南京東路3段89巷口,0,0,1,1,B03,8,7,5,30,4,1,1,5,4,5,13,4,4,9,5,5,2,17,1,54,3,10,7,1,7,9,1,8,2,1,72,1,21,121.5383194,25.0530384
114,08,20,10,20,07信義區,信義區和平東路3段與崇德街口,0,0,1,1,C03,8,6,5,50,5,1,1,5,4,5,13,1,1,1,4,5,2,13,2,62,3,10,6,4,7,6,1,10,1,11,16,1,21,121.5530283,25.0240616
114,08,20,10,27,01大同區,大同區民族西路118號,0,0,1,1,B01,8,6,5,50,14,9,1,5,4,5,13,1,1,8,3,5,1,16,1,51,3,10,3,4,7,11,1,4,2,5,10,1,21,121.5168023,25.0685076
114,08,20,10,37,03中山區,中山區北安路139號,0,0,1,1,C03,8,7,5,30,14,9,1,5,4,5,13,4,4,1,4,5,2,17,1,27,2,9,5,1,7,9,1,10,1,12,44,1,22,121.5327067,25.0779838
114,08,20,11,03,05中正區,中正區八德路1段與臨沂街口,0,0,1,1,B03,8,6,5,50,3,1,1,5,4,5,13,1,1,9,4,5,1,16,2,43,3,10,7,1,7,5,1,8,2,2,74,1,22,121.5307413,25.0438033
114,08,20,11,15,07信義區,信義區忠孝東路5段與忠孝東路5段524巷口,0,0,1,1,B03,8,6,5,30,4,1,1,5,4,5,13,2,1,5,5,5,2,16,1,32,3,10,3,4,7,6,1,8,2,8,9,1,22,121.5792952,25.0415573
114,08,20,11,24,12內湖區,內湖區舊宗路1段275號附近側附近,0,0,1,1,B03,7,6,5,50,14,9,1,5,4,5,13,4,4,1,3,4,2,16,1,51,3,10,7,1,7,9,1,8,1,2,44,1,21,121.5773539,25.0628264
114,08,20,11,28,04大安區,大安區新生南路1段與忠孝東路3段口,0,0,1,1,C03,8,6,5,50,4,1,1,5,4,5,13,1,1,1,5,5,2,16,1,20,2,9,3,4,7,9,1,10,1,11,44,1,21,121.5329905,25.0421274
114,08,20,11,29,03中山區,中山區濱江街99號前,0,0,1,1,B03,8,7,5,50,14,9,1,5,4,5,13,4,4,1,4,5,2,17,1,44,3,10,2,4,7,8,1,8,1,5,44,1,22,121.5345772,25.07320172
114,08,20,11,30,05中正區,中正區青島東路23號,0,0,2,1,C03,8,6,5,50,14,9,1,5,4,5,13,4,4,9,4,5,2,16,1,54,3,10,6,1,7,1,1,10,2,13,19,1,22,121.524377,25.0433101
114,08,20,11,35,07信義區,大安區信義路4段與光復南路口,0,0,1,1,C03,7,5,8,50,22,22,1,5,4,5,13,1,1,1,4,5,2,17,2,57,2,9,6,1,7,8,1,10,2,12,100,1,22,121.5574535,25.0329844
114,08,20,11,40,07信義區,信義區信義路5段與莊敬路口口,0,0,1,1,C03,8,6,5,50,4,1,1,5,4,5,13,2,1,1,3,1,2,12,2,52,2,8,6,2,7,8,1,10,1,12,100,1,21,121.5614698,25.0330849
114,08,20,11,45,12內湖區,內湖區堤頂大道1段與舊宗路2段口,0,0,1,1,B03,8,6,5,70,3,1,1,5,4,5,13,1,1,10,5,5,2,16,1,70,3,10,7,1,7,5,1,8,2,1,118,1,21,121.5732176,25.0727433
114,08,20,11,52,07信義區,信義區松隆路與永吉路口,0,0,1,1,B03,8,7,5,50,5,1,1,5,4,5,13,2,1,1,1,4,2,13,1,56,3,10,3,4,7,6,1,8,2,1,108,1,22,121.5708491,25.0457255
114,08,20,12,00,03中山區,中山區建國北路3段與農安街口,0,0,2,1,F01,8,7,5,50,4,1,1,5,4,5,13,1,1,1,4,5,2,12,1,65,2,8,5,1,7,7,8,20,2,12,100,1,21,121.536666,25.06492933
114,08,20,12,00,10文山區,文山區景興路85巷與景興路97巷口,0,0,1,1,C03,8,6,5,30,4,1,1,5,4,5,13,4,4,10,5,5,2,16,1,74,2,7,6,1,7,5,1,10,1,14,8,1,21,121.5453328,24.9954374
114,08,20,12,02,05中正區,中正區中華路2段51號與中華路2段口,0,0,1,1,B03,8,6,5,50,3,2,1,5,4,5,13,4,4,1,4,5,2,17,1,50,3,10,7,1,7,8,1,8,1,17,99,1,21,121.5061705,25.0348686
114,08,20,12,15,04大安區,大安區辛亥路3段與復興南路2段口,0,0,1,1,B03,7,6,5,50,14,9,1,5,4,5,13,1,1,1,4,1,2,13,2,41,3,10,3,4,7,9,1,8,1,1,108,1,21,121.5436586,25.0215194
114,08,20,12,30,09北投區,北投區大興街與公館路口,0,0,1,1,B03,8,6,5,40,4,1,1,5,4,5,13,2,1,5,5,5,1,16,2,42,3,10,7,1,7,5,1,8,2,1,71,1,21,121.5046285,25.1311032
114,08,20,13,09,10文山區,文山區興隆路3段36巷16弄與興隆路3段36巷口,0,0,1,1,B01,8,6,5,30,4,2,1,5,4,5,13,2,1,9,5,5,2,17,1,62,3,10,7,1,7,1,1,4,1,17,19,1,21,121.554859,24.9996436
114,08,20,13,42,01大同區,大同區承德路3段與敦煌路口,0,0,1,1,B03,8,6,5,50,14,9,2,5,4,5,13,2,2,9,4,4,2,17,1,50,3,10,7,4,7,6,1,8,1,2,85,1,21,121.5200688,25.0753518
114,08,20,13,50,07信義區,信義區崇德街206巷與富陽街55巷口口,0,0,1,1,B03,7,5,8,30,4,1,1,5,4,5,13,3,1,10,5,5,2,15,1,48,3,10,7,1,7,9,1,8,1,4,72,1,22,121.557669,25.0227312
114,08,20,13,54,05中正區,中正區愛國西路與博愛路口,0,0,1,1,B01,6,6,8,50,4,1,1,4,4,5,13,1,1,1,4,5,2,15,1,65,3,10,7,3,7,9,1,4,2,8,81,1,21,121.5107409,25.0356122
114,08,20,14,02,04大安區,大安區四維路6巷與仁愛路4段48巷口,0,0,1,1,F01,7,6,5,30,4,1,1,5,4,5,13,4,4,10,5,5,2,15,1,43,3,10,3,4,7,9,8,20,1,17,75,1,21,121.5470787,25.0371918
114,08,20,14,10,05中正區,中正區中華路1段與漢口街1段口,0,0,1,1,B01,6,5,5,50,4,2,1,4,4,5,13,1,1,1,3,1,2,17,1,65,3,10,7,1,7,8,1,4,1,4,100,1,21,121.509256,25.0448965
114,08,20,14,24,06松山區,松山區復興北路與五常街口,0,0,1,1,B01,6,6,5,50,4,1,1,4,4,5,13,2,1,1,5,5,2,16,1,56,3,10,3,4,7,5,1,8,1,1,71,1,21,121.5443716,25.0643759
114,08,20,14,35,02萬華區,萬華區貴陽街2段與西寧南路口,0,0,2,1,C03,6,7,5,50,4,1,1,4,4,5,13,2,1,10,4,5,2,16,2,24,2,8,5,4,7,6,1,10,1,11,9,1,22,121.5061405,25.0394059
114,08,20,15,21,07信義區,信義區莊敬路423巷與莊敬路423巷6弄口,0,0,1,1,B12,8,7,5,30,3,1,1,4,4,5,13,4,4,10,5,5,2,17,1,57,3,10,3,4,7,14,1,8,2,17,38,1,21,121.56685,25.0281594
114,08,20,16,01,03中山區,中山區中山北路3段與中山橋口,0,0,2,1,B03,6,6,5,50,5,2,1,4,4,5,13,1,1,8,3,5,1,17,1,43,3,10,7,1,7,9,1,8,1,1,108,1,21,121.5257707,25.07533922
114,08,20,16,14,07信義區,信義區仁愛路4段507號,0,0,1,1,C03,7,6,5,50,14,9,4,4,4,5,13,4,4,9,4,5,2,18,2,19,2,9,5,1,7,9,1,10,1,17,116,1,21,121.56222,25.0376514
114,08,20,16,38,03中山區,中山區市民大道3段與金山北路,0,0,1,1,B03,7,6,5,50,14,9,1,4,4,5,13,2,1,1,5,5,1,16,2,35,3,10,3,4,7,6,1,8,1,5,9,1,21,121.5306776,25.0461338
114,08,20,16,55,12內湖區,內湖區內湖路1段318號,0,0,2,1,C03,8,6,5,40,14,8,1,5,4,5,13,4,4,1,4,4,2,13,1,35,2,9,6,1,7,9,1,10,1,11,108,1,21,121.5702165,25.0816569
114,08,20,16,59,02萬華區,萬華區堤外便道與貴陽街2段口疏散門口,0,0,2,1,C03,6,7,7,40,14,11,1,4,4,5,13,2,1,3,4,5,2,9,1,55,2,9,5,1,7,9,1,10,1,17,44,1,22,121.4991305,25.0415527
114,08,20,16,59,02萬華區,萬華區堤外便道與貴陽街2段口疏散門口,0,0,1,1,C03,7,7,7,40,14,11,1,4,4,5,13,2,1,3,4,5,2,18,2,41,2,9,5,4,7,9,1,10,1,17,44,1,22,121.4991549,25.04157
114,08,20,17,02,11南港區,南港區福德街310巷12弄與福德街310巷口,0,0,1,1,C03,8,6,5,30,3,1,1,5,4,5,13,4,4,10,5,5,2,17,1,31,3,10,5,1,7,5,1,10,1,11,72,1,22,121.5874617,25.039734
114,08,20,17,15,04大安區,大安區基隆路2段176號,0,0,1,1,C03,7,6,5,50,14,9,1,5,4,5,13,1,1,1,4,5,2,12,1,43,2,7,5,1,7,4,1,10,1,14,77,1,21,121.5539981,25.025726
114,08,20,17,20,06松山區,松山區敦化北路158號,0,0,1,1,C03,7,6,5,50,14,9,1,5,4,5,13,4,4,1,4,4,2,18,1,23,2,9,6,1,7,12,1,10,1,14,13,1,22,121.5487766,25.0562202
114,08,20,17,29,05中正區,中正區重慶南路3段與廈門街114巷口,0,0,1,1,B12,8,6,5,50,4,1,1,5,4,5,13,1,1,1,4,5,2,12,1,78,3,10,7,1,7,9,1,8,1,4,17,1,21,121.516955,25.0231059
114,08,20,17,42,11南港區,南港區忠孝東路5段1000號,0,0,1,1,F01,8,5,8,0,22,25,4,5,4,2,13,4,4,10,5,5,2,18,2,70,2,7,3,4,7,9,8,20,1,12,42,1,22,121.5828109,25.0450588
114,08,20,18,10,12內湖區,內湖區金豐街70號,0,0,1,1,B01,7,5,5,50,14,9,1,5,4,5,13,4,4,9,5,5,2,16,1,33,3,10,7,1,7,5,1,4,1,1,8,1,22,121.5871318,25.0655945
114,08,20,18,40,10文山區,文山區木柵路4段與秀明路1段口,0,0,1,1,B03,7,5,5,50,4,1,1,5,4,5,13,1,1,10,5,5,2,16,1,51,3,10,7,1,7,6,1,8,1,2,9,1,21,121.5710736,24.9917542
114,08,20,18,44,05中正區,中正區和平西路2段98巷2弄7號,0,0,1,1,C03,7,5,5,30,14,9,1,5,4,5,13,4,4,10,5,5,2,2,1,22,3,10,5,1,7,9,1,10,9,17,4,1,21,121.5097278,25.0293036
114,08,20,19,01,08士林區,士林區忠誠路1段與德行東路104巷口口,0,0,1,1,B03,7,5,5,50,4,1,1,5,4,5,13,2,1,1,3,4,2,16,2,24,3,10,3,4,7,5,1,8,1,1,71,1,22,121.5289241,25.1056526
114,08,20,20,04,04大安區,大安區忠孝東路4段153號,0,0,1,1,,7,5,5,0,14,25,4,5,4,5,13,4,4,10,5,5,2,9,4,0,,,,,,,,,11,,119,2,,121.5498287,25.0416861
114,08,20,20,06,09北投區,北投區石牌路2段99巷北往南,0,0,2,1,C03,7,5,5,50,11,9,1,5,4,5,13,4,4,9,5,5,2,16,1,54,2,9,5,1,7,5,1,10,1,14,8,1,21,121.5167456,25.1179394
114,08,20,21,11,07信義區,信義區松德路120號,0,0,1,1,B03,7,5,5,30,14,9,1,5,4,5,13,4,4,10,5,5,2,13,1,43,3,10,3,4,7,9,1,8,1,1,108,1,22,121.5746051,25.0376771
114,08,20,21,15,10文山區,文山區興隆路3段與萬芳路口口,0,0,2,1,C03,8,5,5,50,4,2,1,5,4,5,13,2,1,1,2,5,2,12,1,53,2,8,6,1,7,7,1,10,1,13,100,1,21,121.5598015,24.9969567
114,08,20,21,20,11南港區,南港區南港路1段與東南街口,0,0,1,1,B03,7,5,5,50,4,2,1,5,4,5,13,1,1,5,4,5,2,13,1,22,3,10,7,4,7,9,1,8,2,1,108,1,21,121.6123157,25.0552997
114,08,20,21,26,07信義區,信義區忠孝東路5段790巷70弄與大道路口口,0,0,1,1,F01,8,5,5,30,3,1,1,5,4,5,13,4,4,5,5,5,2,15,2,53,2,1,4,1,7,9,8,20,1,12,72,1,22,121.5827887,25.0400936
114,08,20,21,48,04大安區,大安區忠孝東路4段與光復南路口,0,0,1,1,C03,8,5,5,50,14,9,1,5,4,5,13,2,1,1,4,5,2,12,2,62,2,9,3,4,7,7,1,10,1,14,100,1,21,121.5574864,25.0414454
114,08,20,21,50,06松山區,松山區塔悠路與撫遠街261巷口,0,0,2,1,C03,7,5,5,50,3,2,1,5,4,5,13,4,4,9,4,5,2,15,1,76,2,8,6,1,7,15,1,10,1,13,98,1,22,121.5685773,25.0622026
114,08,20,22,01,10文山區,文山區辛亥路4段與辛亥路4段222巷口,0,0,1,1,C03,8,5,5,50,3,1,1,5,4,5,13,2,1,1,4,5,2,13,1,52,2,8,5,1,7,9,1,10,2,11,108,1,21,121.5553971,25.0022686
114,08,20,22,04,04大安區,大安區仁愛路4段與敦化南路1段口,0,0,1,1,B03,7,5,5,50,3,1,1,5,4,5,13,1,1,1,4,5,2,17,1,50,3,10,3,4,7,9,1,8,1,5,44,1,21,121.5490868,25.0387466