發生年度,發生月,發生日,發生時-Hours,發生分,區序,肇事地點,死亡人數,2-30日死亡人數,受傷人數,當事人序號,車種,天候,光線,道路類別,速限-速度限制,道路型態,事故位置,路面狀況1,路面狀況2,路面狀況3,道路障礙1,道路障礙2,號誌1,號誌2,車道劃分-分向,車道劃分-分道1,車道劃分-分道2,車道劃分-分道3,事故類型及型態,性別,年齡,受傷程度,主要傷處,保護裝置,行動電話,車輛用途,當事者行動狀態,駕駛資格情形,駕駛執照種類,飲酒情形,車輛撞擊部位1,肇因碼-個別,個人肇逃否,職業,座標-X,座標-Y
114,08,20,22,45,05中正區,中正區重慶南路1段與沅陵街口,0,0,1,1,B03,7,6,5,50,3,1,1,5,4,5,13,4,4,5,4,5,2,16,1,58,3,10,7,1,7,5,1,8,2,8,8,1,22,121.5132045,25.0428326
114,08,20,22,55,03中山區,中山區樂群二路與敬業四路口,0,0,1,1,B03,8,5,5,50,4,1,1,5,4,5,13,2,1,1,5,5,2,16,1,56,3,10,7,1,7,5,1,8,1,1,71,1,21,121.5585414,25.0799463
114,08,20,23,17,01大同區,大同區民權西路與民權西路144巷口,0,0,1,1,B01,8,5,5,40,5,1,1,5,4,5,13,2,1,1,4,5,2,17,1,58,3,10,7,1,7,8,1,4,1,6,100,1,21,121.515983,25.06290249
114,08,20,23,19,03中山區,中山區市民大道1段與市民大道1段口往西，0100283燈桿旁,0,0,1,1,B01,8,6,5,40,3,1,1,5,4,5,13,4,4,1,4,5,2,17,1,58,3,10,7,1,7,6,1,4,2,17,74,1,21,121.5279262,25.0473007
114,08,21,02,08,03中山區,中山區吉林路與德惠街口,0,0,1,1,B03,8,5,5,50,4,1,1,5,4,5,13,2,1,5,4,5,2,16,1,31,3,10,7,1,7,11,1,8,1,8,10,1,21,121.5303843,25.0664548
114,08,21,02,10,09北投區,北投區竹子湖路1208116號燈桿,0,0,3,1,B03,8,5,5,40,14,9,1,5,4,5,13,4,4,4,5,5,2,20,1,19,2,9,7,1,7,6,1,8,1,1,13,1,21,121.5589296,25.1832948
114,08,21,03,23,09北投區,北投區致遠一路2段40巷與石牌路1段166巷口,0,0,1,1,C03,8,7,5,30,4,2,1,5,4,5,13,4,4,10,5,5,2,17,1,20,2,9,5,1,7,5,1,10,1,11,118,1,21,121.5146696,25.1129488
114,08,21,04,37,07信義區,信義區吳興街269巷1弄14號,0,0,2,1,C03,8,5,5,30,14,9,1,5,4,5,13,4,4,10,5,5,2,17,1,15,2,8,6,1,7,11,2,18,2,12,118,1,22,121.5640617,25.027325
114,08,21,05,04,02萬華區,萬華區漢口街2段與西寧南路口,0,0,1,1,B01,7,5,5,50,4,1,1,5,4,5,13,2,1,5,4,5,2,3,1,59,4,11,3,4,7,6,7,19,9,15,70,2,22,121.506714,25.0456126
114,08,21,05,33,02萬華區,萬華區萬板大橋機車道往北市（燈桿002037),0,0,1,1,C04,7,5,5,40,8,11,1,5,4,5,13,4,4,1,4,3,2,29,2,71,2,9,6,1,7,9,1,10,1,11,108,1,21,121.4863397,25.0292099
114,08,21,07,03,03中山區,中山區龍江路149巷與遼寧街口,0,0,1,1,B03,7,7,6,30,4,1,1,5,4,5,13,1,1,7,1,4,2,15,2,45,3,10,3,4,7,9,1,8,2,1,72,1,22,121.5423975,25.0539686
114,08,21,07,16,02萬華區,萬華區光復橋與西園路2段261巷口下橋處往台北,0,0,1,1,C03,8,7,8,50,3,1,1,5,4,5,13,2,1,3,4,5,2,12,2,66,2,9,5,1,7,7,1,10,1,14,100,1,22,121.4924188,25.0257253
114,08,21,07,35,05中正區,中正區福和橋與福和橋口往新北市方向013號路標,0,0,2,1,C03,8,6,5,40,14,9,1,5,4,5,13,4,4,1,4,5,1,17,1,48,2,7,6,1,7,9,1,10,2,11,108,1,21,121.5353363,25.0108572
114,08,21,07,45,04大安區,大安區復興南路1段225號,0,0,3,1,C03,8,6,5,50,14,9,1,5,4,5,13,4,4,1,4,5,2,17,2,45,2,9,5,1,7,9,1,10,1,12,44,1,22,121.543788,25.0386885
114,08,21,07,58,06松山區,松山區市民大道4段與復興南路1段口,0,0,3,1,C03,8,6,5,40,4,1,1,5,4,5,13,2,1,1,4,5,2,12,1,35,2,9,6,1,7,7,1,10,2,12,100,1,21,121.5438894,25.0449737
114,08,21,08,00,11南港區,南港區三重路與三重路41巷口,0,0,1,1,B03,8,7,5,50,3,1,1,5,4,5,13,4,4,4,4,5,2,16,1,21,3,10,7,1,7,6,1,8,1,5,9,1,21,121.6142042,25.0599187
114,08,21,08,03,09北投區,北投區自強街與自強街120巷口,0,0,1,1,C03,8,6,5,50,4,1,1,5,4,5,13,4,4,5,5,5,2,16,1,53,3,10,6,1,7,9,1,10,9,12,44,1,21,121.5157843,25.1109148
114,08,21,08,05,05中正區,中正區南昌路1段10巷與南昌路1段口,0,0,1,1,B01,8,6,5,50,3,1,1,5,4,5,13,4,4,5,2,5,2,13,1,53,3,10,7,1,7,7,1,4,1,5,100,1,21,121.5156399,25.0333122
114,08,21,08,12,01大同區,大同區塔城街北門捷運2號出口,0,0,1,1,B03,8,6,5,50,14,9,1,5,4,5,13,4,4,5,4,5,2,17,1,56,3,10,7,1,7,9,1,8,2,5,44,1,21,121.5105037,25.0496619
114,08,21,08,23,12內湖區,內湖區內湖路1段217巷1號,0,0,1,1,B12,8,5,5,30,11,9,1,5,4,5,13,4,4,1,5,5,1,16,1,64,3,10,3,4,7,1,1,8,1,1,19,1,21,121.5642358,25.0833571
114,08,21,08,30,05中正區,中正區延平南路179巷與延平南路179巷1弄口,0,0,2,1,C03,8,7,5,30,4,1,1,5,4,5,13,4,4,10,5,5,2,15,2,55,2,9,5,1,7,9,1,10,2,11,75,1,21,121.5079779,25.0342592
114,08,21,08,31,03中山區,中山區民權東路3段60巷與民權東路3段口,0,0,1,1,B01,8,6,5,50,4,1,1,5,4,5,13,2,1,1,5,5,1,17,1,68,3,10,3,4,7,6,1,4,1,8,9,1,21,121.5425018,25.0622847
114,08,21,08,40,06松山區,松山區濱江街500號,0,0,1,1,B12,8,6,5,50,14,8,1,5,4,5,13,4,4,1,4,4,2,17,1,55,3,10,7,1,7,6,1,8,1,17,9,1,21,121.5568555,25.0720802
114,08,21,08,40,12內湖區,內湖區民權東路6段(東向西)0305907燈桿附近,0,0,1,1,C04,8,6,5,40,14,9,1,5,4,5,13,4,4,1,3,5,1,12,1,35,3,10,6,1,7,15,1,10,2,14,101,1,21,121.5852069,25.068988
114,08,21,08,44,04大安區,大安區忠孝東路4段與延吉街70巷5弄口,0,0,3,1,B02,8,6,5,50,3,2,1,5,4,5,13,4,4,3,4,5,2,17,1,54,3,10,7,4,7,7,1,8,1,8,100,1,21,121.5538919,25.0414795
114,08,21,08,50,12內湖區,內湖區民權東路6段206巷121弄與民權東路6段206巷口口,0,0,2,1,B03,8,5,5,30,4,1,1,5,4,5,13,4,4,5,5,5,2,17,1,26,2,9,7,1,7,9,1,8,2,5,75,1,21,121.5956632,25.0649025
114,08,21,09,01,05中正區,中正區中山南路與青島東路口,0,0,1,1,B02,8,5,5,50,4,2,1,5,4,5,13,2,1,1,4,5,2,12,1,36,3,10,7,1,7,9,1,4,1,2,44,1,21,121.5193071,25.0442929
114,08,21,09,15,03中山區,中山區北安路與大直街口,0,0,1,1,C03,7,6,5,50,14,9,1,5,4,5,13,1,1,3,3,4,2,13,1,27,2,8,6,1,7,9,1,10,1,11,108,1,21,121.5492745,25.084198
114,08,21,09,20,03中山區,中山區民族東路與林森北路口,0,0,1,1,C03,8,6,5,50,3,2,1,5,4,5,13,2,1,1,5,5,2,17,1,55,3,10,6,1,7,4,1,10,9,17,108,1,22,121.5255627,25.0683696
114,08,21,09,43,02萬華區,萬華區萬大路與萬大路423巷口,0,0,1,1,C03,8,5,5,50,4,1,1,5,4,5,13,1,1,1,4,5,2,17,1,58,3,10,5,4,7,9,1,10,1,17,81,1,21,121.498611,25.02163106
114,08,21,10,06,01大同區,大同區長安西路與長安西路172巷口,0,0,1,1,B12,8,6,5,50,4,2,1,5,4,5,13,4,4,5,4,5,2,17,1,61,3,10,7,1,7,1,1,8,2,17,19,1,21,121.5161301,25.0510708
114,08,21,10,10,03中山區,中山區建國北路2段與民權東路3段口,0,0,1,1,B03,7,5,5,50,4,1,1,5,4,5,13,1,1,9,4,4,2,16,2,32,3,10,3,4,7,6,1,8,1,5,9,1,21,121.5373223,25.06198881
114,08,21,10,14,10文山區,文山區萬盛街106巷與興隆路1段55巷27弄口,0,0,1,1,C03,8,6,5,30,3,2,1,5,4,5,13,4,4,10,5,5,2,16,1,69,2,9,6,1,7,5,1,10,2,13,72,1,21,121.5408912,25.0042863
114,08,21,10,21,08士林區,士林區承德路5段與士商路口,0,0,2,1,C03,8,6,5,40,4,2,1,5,4,5,13,2,1,1,4,5,1,13,1,61,3,10,5,1,7,9,1,10,2,11,108,1,21,121.514429,25.09623433
114,08,21,10,28,01大同區,大同區延平北路3段3號,0,0,1,1,C03,8,7,5,50,14,9,1,5,4,5,13,2,1,5,4,5,2,3,1,18,2,9,6,1,7,10,1,10,1,12,100,1,22,121.5111253,25.0634253
114,08,21,10,28,02萬華區,萬華區華江橋往臺北,0,0,1,1,B03,8,7,5,60,10,16,1,5,4,5,13,4,4,10,5,1,2,13,1,34,3,10,7,1,7,9,3,18,9,1,108,1,21,121.4899473,25.03454481
114,08,21,10,35,05中正區,中正區中山南路與仁愛路1段口,0,0,1,1,B03,8,5,5,50,4,1,1,5,4,5,13,2,1,1,4,5,2,12,1,48,3,10,7,1,7,6,1,8,1,2,9,1,21,121.5179225,25.0394661
114,08,21,10,40,03中山區,中山區市民大道3段與八德路2段210巷口,0,0,1,1,B03,8,7,5,40,3,1,1,5,4,5,13,4,4,1,4,5,2,12,1,43,3,10,7,1,7,6,1,8,1,6,9,1,21,121.5395877,25.04470618
114,08,21,10,46,04大安區,大安區市民大道3段86號,0,0,1,1,C03,7,5,5,40,14,9,1,5,4,5,13,4,4,1,3,5,2,13,1,24,3,10,6,1,7,9,1,10,1,11,108,1,23,121.5334153,25.0451855
114,08,21,11,40,08士林區,士林區天母西路83巷與天母西路口,0,0,1,1,C03,8,5,5,50,4,1,1,5,4,5,13,4,4,5,5,5,1,17,1,63,3,10,6,1,7,11,1,10,1,13,10,1,21,121.5252576,25.1184356
114,08,21,11,50,03中山區,中山區建國北路1段與南京東路3段口,0,0,1,1,B03,8,6,5,50,4,1,1,5,4,5,13,2,1,1,5,5,1,12,1,33,3,10,3,4,7,8,1,8,1,5,80,1,21,121.5370397,25.05185
114,08,21,12,00,02萬華區,萬華區寶興街102號,0,0,1,1,C03,8,7,8,50,14,9,1,5,4,5,13,4,4,9,5,5,2,12,1,44,2,9,5,1,7,1,1,10,1,12,19,1,21,121.4946133,25.025461
114,08,21,12,43,08士林區,士林區延平北路5段與延平北路5段285巷口,0,0,1,1,C03,8,6,5,50,4,1,1,5,4,5,13,1,1,1,4,5,2,17,1,36,2,9,6,1,7,9,1,10,1,12,42,1,21,121.5094879,25.085918
114,08,21,12,58,12內湖區,內湖區成功路2段與成功路2段317巷口口,0,0,1,1,C03,8,6,5,50,4,2,1,5,4,5,13,3,1,3,4,5,2,13,2,28,2,9,5,1,7,9,1,10,2,11,108,1,21,121.5906447,25.0697461
114,08,21,13,09,04大安區,大安區仁愛路3段123巷與仁愛路3段口,0,0,1,1,B03,8,6,5,30,3,1,1,5,4,5,13,4,4,5,5,5,2,15,1,45,3,10,7,1,7,9,1,8,1,5,80,1,22,121.5419269,25.0382606
114,08,21,13,30,03中山區,中山區興安街53之4號,0,0,1,1,C03,8,6,5,50,14,9,1,5,4,5,13,4,4,9,4,5,2,16,1,28,2,8,6,1,7,1,1,10,9,12,19,1,21,121.5416343,25.0560681
114,08,21,13,33,09北投區,北投區中和街與中和街443巷3弄口,0,0,1,1,B12,8,7,5,50,5,1,1,5,4,5,12,3,1,5,5,5,1,16,1,69,3,10,7,1,7,11,1,8,1,3,10,1,22,121.4981622,25.1433392
114,08,21,13,48,07信義區,信義區吳興街156巷25弄6號,0,0,2,1,C03,8,5,8,30,22,22,1,5,4,5,13,4,4,10,5,5,2,17,2,62,3,10,5,1,7,1,3,18,2,11,19,1,22,121.5614701,25.0284139
114,08,21,13,51,10文山區,文山區木柵路1段與辛亥路7段口,0,0,1,1,C03,7,6,5,50,14,9,2,5,4,5,13,2,1,5,4,5,2,17,2,45,3,10,5,4,7,6,1,10,1,13,9,1,21,121.5522634,24.987739
114,08,21,13,58,05中正區,中正區汀州路2段與汀州路2段6巷附近口,0,0,1,1,C03,8,6,5,50,3,2,1,5,4,5,13,4,4,5,4,5,1,13,1,64,2,7,6,1,7,9,1,10,1,11,16,1,21,121.5160215,25.0257864
114,08,21,14,06,04大安區,大安區基隆路2段291巷與嘉興街口,0,0,1,1,B03,7,6,5,30,4,1,1,5,4,5,13,4,4,10,5,5,2,15,1,53,3,10,3,4,7,9,1,8,1,2,72,1,21,121.5501391,25.0210914
114,08,21,14,11,04大安區,大安區仁愛路3段與建國南路1段口,0,0,1,1,C03,7,6,5,50,4,2,1,5,4,5,13,1,1,5,4,5,2,13,1,19,3,10,5,1,7,9,1,10,1,11,108,1,21,121.5377587,25.037939
114,08,21,16,15,04大安區,大安區復興南路1段122巷與復興南路1段126巷口,0,0,1,1,B12,8,6,5,50,5,2,1,5,4,5,13,4,4,10,5,5,2,12,1,63,3,10,7,1,7,6,1,8,9,2,9,2,21,121.5434082,25.0430771
114,08,21,16,30,01大同區,大同區民權西路與延平北路2段口,0,0,1,1,B02,8,6,5,50,4,1,1,5,4,5,13,1,1,1,4,5,2,16,1,27,3,10,7,1,7,9,1,8,2,8,44,1,21,121.5111335,25.0627814
114,08,21,16,52,09北投區,北投區竹子湖路1207029號燈桿,0,0,1,1,C01,8,6,5,40,11,9,1,5,4,5,13,4,4,9,5,5,2,10,1,58,3,10,6,1,7,4,1,9,2,11,94,1,21,121.5467012,25.1585818
114,08,21,16,53,09北投區,北投區承德路7段與承德路7段393巷口口,0,0,1,1,B02,8,6,5,60,4,1,1,5,4,5,13,1,1,10,5,5,2,16,1,36,3,10,7,1,7,5,1,4,1,5,74,1,21,121.5014119,25.1194625
114,08,21,16,54,04大安區,大安區金山南路2段與金山南路2段203巷口,0,0,1,1,B03,8,6,5,30,3,1,1,4,4,5,13,4,4,10,5,5,2,17,1,33,3,10,3,4,7,6,1,8,1,8,9,1,22,121.526295,25.0280848
114,08,21,17,04,10文山區,文山區新光路1段與秀明路2段口,0,0,1,1,C03,8,5,5,50,4,1,1,5,4,5,13,2,1,10,5,5,2,16,1,59,3,10,6,1,7,5,1,10,2,11,71,1,21,121.5737044,24.9916664
114,08,21,17,10,08士林區,士林區文昌路與文林路615巷口口,0,0,1,1,B03,8,5,4,30,3,1,1,5,4,5,13,4,4,10,5,5,1,15,1,43,3,10,7,1,7,9,1,8,1,8,72,1,21,121.5201101,25.09984409
114,08,21,17,19,04大安區,大安區忠孝東路4段與忠孝東路4段223巷口,0,0,2,1,C03,8,6,5,50,4,1,1,5,4,5,13,1,1,10,5,5,2,16,2,27,2,8,5,1,7,1,1,10,1,14,19,1,21,121.5529647,25.0414673
114,08,21,17,38,04大安區,大安區基隆路2段172號,0,0,2,1,B03,8,6,5,50,14,9,1,5,4,5,13,4,4,3,4,5,2,17,1,36,3,10,7,4,7,9,1,8,1,1,108,1,21,121.5552094,25.026743
114,08,21,19,07,08士林區,士林區延平北路5段與延平北路5段285巷口,0,0,1,1,C03,8,5,5,50,4,1,1,5,4,5,13,2,1,1,4,5,2,12,1,29,3,10,6,1,7,9,1,9,1,11,44,1,21,121.5096454,25.0855593
114,08,21,20,01,01大同區,大同區大稻埕堤外便道(五號水門停車場),0,0,1,1,B03,7,5,5,30,14,9,1,5,4,5,13,4,4,10,5,5,2,17,2,25,3,10,7,4,7,6,1,8,1,2,9,1,21,121.5082236,25.0569501
114,08,21,20,50,03中山區,中山區民權東路3段與建國北路3段口,0,0,1,1,C03,8,5,5,50,14,9,1,5,4,5,13,4,4,3,4,4,2,13,1,49,2,9,6,4,7,9,6,10,8,11,21,1,21,121.5380402,25.0625683
114,08,21,21,18,05中正區,中正區中華路2段與中華路2段441巷口口,0,0,2,1,B11,8,5,5,50,5,1,1,5,4,5,13,1,1,5,5,4,2,11,1,31,3,10,3,4,7,9,1,3,2,4,108,1,26,121.5091569,25.0249826
114,08,21,21,54,12內湖區,內湖區陽光街與江南街71巷口,0,0,2,1,C03,7,5,5,50,3,2,1,5,4,5,13,4,4,5,5,5,2,17,1,59,2,7,6,1,7,9,1,10,1,11,4,1,21,121.5789724,25.07380791
114,08,21,21,55,03中山區,中山區民權東路2段168號,0,0,1,1,B01,8,5,5,50,14,9,1,5,4,5,13,4,4,1,4,5,2,12,2,55,3,10,7,1,7,9,1,4,1,2,108,1,21,121.535436,25.062335
114,08,21,22,10,02萬華區,萬華區華江橋（汽車道往臺北）,0,0,1,1,B03,7,5,5,50,8,7,1,5,4,5,13,4,4,9,4,1,2,17,1,22,4,11,3,4,7,10,7,19,11,15,100,2,22,121.4872971,25.0355894
114,08,21,22,26,02萬華區,萬華區桂林路與桂林路口底水門口,0,0,2,1,C03,7,5,5,50,4,1,1,5,4,5,13,1,1,9,5,5,2,12,2,22,2,9,5,1,7,9,1,10,1,14,17,1,21,121.4957715,25.0389196
114,08,22,01,00,04大安區,大安區信義路3段151號前人行道,0,0,1,1,F01,8,6,5,0,22,20,2,5,4,3,10,4,4,10,5,5,2,17,1,54,2,9,4,1,7,12,8,20,1,14,42,1,21,121.5422779,25.0335724
114,08,22,06,01,02萬華區,萬華區環河南路2段與桂林路口,0,0,1,1,G03,8,6,5,50,4,2,1,5,4,5,13,2,1,2,4,5,2,17,1,44,3,10,4,1,7,2,1,3,1,16,12,1,21,121.4969822,25.0382905
114,08,22,06,51,06松山區,松山區八德路4段106巷4弄與八德路4段72巷口,0,0,1,1,B03,7,6,5,30,4,1,1,4,4,5,13,4,4,5,5,5,2,15,1,32,3,10,3,4,7,9,1,8,1,1,108,1,21,121.5602132,25.04748513
114,08,22,07,03,11南港區,南港區忠孝東路7段與研究院路1段口,0,0,2,1,C03,8,6,5,50,3,1,1,5,4,5,13,2,1,1,4,5,2,13,1,56,2,9,6,1,7,5,1,10,1,11,16,1,21,121.616167,25.0531328
114,08,22,07,21,06松山區,松山區南京東路5段與南京東路5段250巷口,0,0,1,1,B03,8,7,5,50,4,1,1,5,4,5,13,2,1,9,4,5,2,17,2,40,3,10,7,1,7,11,1,8,2,2,92,1,22,121.5662826,25.0512911
114,08,22,08,12,09北投區,北投區社子大橋7510136號燈桿,0,0,1,1,C03,8,6,5,40,8,11,1,5,4,5,13,4,4,1,4,5,2,18,1,18,2,9,6,1,7,9,1,10,1,14,42,1,25,121.4980076,25.111833
114,08,22,08,20,01大同區,大同區民生西路176號,0,0,2,1,C03,7,7,5,50,14,9,1,5,4,5,13,4,4,5,4,5,2,13,2,46,2,9,6,1,7,9,1,10,1,11,16,1,21,121.517649,25.0572494
114,08,22,08,29,12內湖區,內湖區康寧路3段200號,0,0,1,1,B03,8,6,5,50,14,9,1,5,4,5,13,4,4,1,4,5,2,17,2,46,3,10,7,1,7,14,1,8,1,6,40,1,21,121.6119499,25.0682791
114,08,22,08,35,07信義區,信義區松信路與松隆路159巷口,0,0,4,1,C03,7,7,5,30,3,2,1,5,4,5,13,4,4,10,5,5,2,17,2,40,2,9,5,1,7,9,1,10,1,12,16,1,21,121.5722807,25.04824234
114,08,22,08,38,10文山區,文山區興隆路2段224號,0,0,1,1,C04,8,6,5,50,14,9,1,5,4,5,13,4,4,1,4,5,2,13,2,67,2,9,6,1,7,9,1,11,1,11,108,1,22,121.552973,25.0013899
114,08,22,08,40,02萬華區,萬華區堤外便道南往北方向-DSR202牌面前,0,0,2,1,C03,8,6,5,40,14,9,1,5,4,5,13,4,4,10,5,5,1,17,1,37,2,1,5,1,7,9,1,9,2,11,44,1,21,121.4899733,25.0350116
114,08,22,08,42,03中山區,中山區吉林路與民權東路2段口,0,0,1,1,C03,7,7,5,50,4,1,1,5,4,5,13,1,1,9,4,5,2,16,2,29,3,10,6,4,7,5,1,10,2,12,71,1,21,121.5306664,25.06255421
114,08,22,08,57,03中山區,中山區復興北路與長春路口,0,0,1,1,C03,8,7,5,50,5,2,1,5,4,5,13,1,1,1,4,5,2,13,2,32,2,9,5,1,7,9,1,10,1,11,16,1,21,121.5440128,25.0547887
114,08,22,09,00,11南港區,南港區舊莊街2段與舊莊街2段200巷口,0,0,1,1,C03,8,5,5,40,3,1,1,5,4,5,13,4,4,10,5,5,1,17,2,67,3,10,5,1,7,5,1,10,9,17,74,1,21,121.6351118,25.0344478
114,08,22,09,17,02萬華區,萬華區峨眉街與成都路27巷口,0,0,1,1,B03,8,6,5,30,3,2,1,5,4,5,13,4,4,10,5,5,1,9,1,73,3,10,3,4,7,6,1,8,1,8,108,1,22,121.522282,25.05803
114,08,22,09,25,02萬華區,萬華區寶興街(雙園國中旁),0,0,1,1,C03,8,6,5,50,14,9,1,5,4,5,13,4,4,9,5,5,2,12,1,20,2,9,6,1,7,15,1,10,1,14,17,1,22,121.4925213,25.0281585
114,08,22,09,35,02萬華區,萬華區內江街與康定路口,0,0,2,1,C03,8,7,5,50,4,1,1,5,4,5,13,1,1,9,5,5,2,16,2,52,2,9,5,1,7,5,1,10,1,14,8,1,21,121.5023155,25.0417209
114,08,22,09,59,09北投區,北投區中央北路4段與中央北路4段18巷口,0,0,2,1,C03,8,6,5,50,3,1,1,5,4,5,13,1,1,4,4,5,2,13,1,37,2,9,6,1,7,9,1,10,2,11,16,1,21,121.4785406,25.135234
114,08,22,10,00,04大安區,大安區敦化南路2段與四維路170巷口,0,0,2,1,B03,8,6,5,50,4,1,1,5,4,5,13,2,1,4,4,5,2,17,2,44,2,7,7,1,7,8,1,8,1,1,101,1,22,121.548803,25.028228
114,08,22,10,05,01大同區,大同區西寧北路32號,0,0,1,1,B03,8,6,5,50,14,9,1,5,4,5,13,4,4,9,4,5,2,17,1,31,3,10,7,1,7,11,1,8,1,4,10,1,21,121.5084313,25.0513647
114,08,22,10,19,03中山區,中山區長春路與吉林路口,0,0,2,1,C03,8,7,5,50,4,1,1,5,4,5,13,1,1,9,4,5,2,15,1,50,2,9,5,1,7,11,1,10,1,11,71,1,21,121.5301867,25.0548218
114,08,22,10,35,01大同區,大同區長安西路322號,0,0,2,1,C03,7,7,5,50,14,9,1,5,4,5,13,4,4,5,4,5,2,16,1,51,2,9,6,1,7,5,1,10,1,12,8,1,21,121.5114524,25.0520036
114,08,22,10,46,05中正區,中正區汀州路3段與羅斯福路3段316巷口,0,0,2,1,C03,8,6,5,50,3,1,1,5,4,5,13,4,4,10,4,5,2,16,1,44,2,9,5,1,7,5,1,10,1,12,71,1,21,121.5318909,25.0153713
114,08,22,10,52,12內湖區,內湖區內湖路1段與港墘路口,0,0,1,1,B03,8,6,5,50,3,1,1,5,4,5,13,4,4,1,4,5,2,16,1,33,3,10,7,1,7,6,1,8,1,5,9,1,21,121.5763185,25.0795184
114,08,22,10,58,12內湖區,內湖區基湖路35巷13號,0,0,1,1,B03,8,5,5,50,14,9,1,5,4,5,13,4,4,9,5,5,1,16,1,68,3,10,7,1,7,6,1,8,2,2,9,1,21,121.5664764,25.07930455
114,08,22,11,06,06松山區,松山區南京東路5段與南京東路5段286巷口,0,0,2,1,C03,8,7,5,30,3,2,1,5,4,5,13,4,4,9,4,5,2,12,2,63,2,9,6,1,7,7,1,10,1,14,73,1,22,121.5673803,25.05126002
114,08,22,11,30,09北投區,北投區崇仁路1段166巷與公館路口,0,0,1,1,C03,8,5,5,30,3,1,1,5,4,5,13,4,4,5,5,5,2,17,2,40,2,9,3,4,7,5,1,10,2,14,5,1,21,121.5021065,25.1227009
114,08,22,11,49,04大安區,中山區復興北路164號,0,0,1,1,A02,8,6,5,50,14,9,1,5,4,5,13,4,4,1,4,5,2,9,1,37,3,10,3,4,7,15,1,2,11,17,44,1,21,121.543962,25.0534986
114,08,22,11,55,08士林區,士林區東山路職能發展學院公車站牌前,0,0,1,1,C03,8,7,5,50,14,9,1,5,4,5,13,4,4,1,1,5,1,23,1,28,2,9,3,1,7,9,1,10,9,14,108,1,21,121.5209567,25.12047002
114,08,22,12,14,09北投區,北投區承德路7段95號,0,0,1,1,C02,8,7,5,60,14,9,1,5,4,5,13,4,4,1,4,5,2,13,1,27,2,9,6,1,7,9,1,9,1,11,16,1,21,121.5099945,25.1117493
114,08,22,12,14,07信義區,信義區吳興街547號,0,0,1,1,B03,7,6,5,50,14,9,1,5,4,5,13,4,4,10,5,5,2,17,1,69,3,10,7,1,7,11,1,8,1,1,10,1,21,121.5695839,25.0229556
114,08,22,13,31,05中正區,中正區羅斯福路4段與羅斯福路4段90巷口,0,0,1,1,C03,8,6,5,50,3,1,1,5,4,5,13,1,1,1,4,5,2,13,2,25,2,8,5,1,7,9,1,10,1,11,16,1,21,121.5348348,25.0141424
114,08,22,13,32,05中正區,中正區仁愛路2段25-1號,0,0,1,1,C03,7,7,5,50,14,9,1,5,4,5,13,4,4,1,4,1,2,13,1,52,2,9,5,1,7,9,6,10,2,11,108,1,21,121.5277817,25.03840886
114,08,22,13,50,12內湖區,內湖區新明路與新明路246巷口,0,0,1,1,B12,8,5,5,50,4,1,1,5,4,5,13,2,1,5,4,4,1,13,1,24,3,10,7,1,7,9,1,8,2,1,16,1,21,121.583894,25.0567028
114,08,22,14,12,07信義區,信義區市民大道5段312號對面,0,0,3,1,C03,8,6,5,40,14,9,1,5,4,5,13,3,1,1,3,5,2,13,2,26,3,10,6,1,7,9,1,10,1,13,44,1,21,121.5673777,25.0486209
114,08,22,14,20,04大安區,大安區忠孝東路3段217巷1弄與忠孝東路3段217巷口,0,0,1,1,C03,8,6,5,30,4,1,1,5,4,5,13,4,4,5,5,5,2,15,1,37,2,9,5,4,7,9,1,10,1,11,72,1,21,121.5397261,25.0423369
114,08,22,14,22,04大安區,大安區信義路3段與復興南路2段口,0,0,1,1,B12,8,5,5,50,4,1,1,5,4,5,13,2,1,10,5,5,2,17,1,35,3,10,3,4,7,6,1,8,1,2,9,1,21,121.5438276,25.0334389
114,08,22,14,35,11南港區,南港區南港路1段與中南街口,0,0,1,1,C03,8,7,5,50,4,2,1,5,4,5,13,2,1,4,4,5,2,12,1,79,2,7,5,1,7,9,1,10,1,14,17,1,21,121.6151705,25.055242
114,08,22,15,13,03中山區,中山區德惠街55號,0,0,1,1,B03,8,6,5,40,14,9,1,5,4,5,13,4,4,9,4,4,2,16,1,36,3,10,7,1,7,5,1,8,1,4,8,1,22,121.5272161,25.0666571
114,08,22,15,31,03中山區,中山區民權東路1段與民權東路1段70巷口,0,0,1,1,C03,8,7,5,50,3,2,1,5,4,5,13,4,4,1,4,5,2,13,2,55,2,9,5,1,7,9,1,10,1,11,16,1,21,121.5251195,25.06274501
114,08,22,15,35,09北投區,北投區大度路3段168號,0,0,1,1,B03,7,5,5,50,14,9,1,5,4,5,13,4,4,1,4,5,2,16,1,50,3,10,7,1,7,6,1,8,1,5,9,1,21,121.5233054,25.11582356
114,08,22,15,37,09北投區,北投區中央北路4段與大度路3段口,0,0,2,1,B03,8,7,5,50,4,1,1,5,4,5,13,2,1,10,5,5,2,16,1,72,2,7,7,1,7,5,1,8,1,2,83,1,21,121.4643408,25.1237943
114,08,22,16,31,09北投區,北投區大業路10號,0,0,1,1,B03,8,7,5,60,14,8,1,5,4,5,13,4,4,1,4,4,2,16,1,54,3,10,7,1,7,1,1,8,2,8,19,1,21,121.4995725,25.1223424