發生年度,發生月,發生日,發生時-Hours,發生分,區序,肇事地點,死亡人數,2-30日死亡人數,受傷人數,當事人序號,車種,天候,光線,道路類別,速限-速度限制,道路型態,事故位置,路面狀況1,路面狀況2,路面狀況3,道路障礙1,道路障礙2,號誌1,號誌2,車道劃分-分向,車道劃分-分道1,車道劃分-分道2,車道劃分-分道3,事故類型及型態,性別,年齡,受傷程度,主要傷處,保護裝置,行動電話,車輛用途,當事者行動狀態,駕駛資格情形,駕駛執照種類,飲酒情形,車輛撞擊部位1,肇因碼-個別,個人肇逃否,職業,座標-X,座標-Y
114,08,22,16,49,04大安區,"大安區基隆路4段(北往南,古亭消防分隊前)",0,0,1,1,C03,8,6,5,50,14,9,1,5,4,5,13,4,4,1,4,5,2,12,2,22,2,8,5,1,7,8,1,10,1,12,100,1,21,121.5379535,25.0119967
114,08,22,17,09,10文山區,文山區萬壽橋(東往西）,0,0,1,1,B03,8,6,5,50,14,9,1,5,4,5,13,1,1,1,4,5,2,13,1,44,3,10,3,4,7,9,1,8,1,5,108,1,22,121.5719986,24.9917134
114,08,22,17,13,12內湖區,內湖區內湖路3段18巷與金龍路口,0,0,1,1,C03,7,6,5,30,3,1,1,5,4,3,10,4,4,10,4,4,2,16,1,26,2,9,6,1,7,6,1,10,2,14,17,1,22,121.5931338,25.0848568
114,08,22,17,24,11南港區,南港區南港路1段16巷5號,0,0,2,1,C03,7,7,5,30,3,1,1,5,4,5,13,4,4,5,5,5,2,17,1,32,2,9,6,1,7,5,1,10,1,14,74,1,21,121.5921944,25.0551001
114,08,22,17,27,06松山區,松山區復興北路與民權東路3段口,0,0,1,1,C03,8,5,5,50,4,1,1,5,4,5,13,1,1,1,4,5,2,13,1,70,2,7,6,1,7,9,1,10,1,11,108,1,21,121.5443467,25.0618202
114,08,22,17,33,01大同區,大同區承德路3段與敦煌路口,0,0,1,1,C03,8,7,5,50,5,2,1,5,4,5,13,2,1,1,4,5,2,17,2,28,2,9,3,4,7,15,1,10,1,14,42,1,21,121.520271,25.0751054
114,08,22,18,27,02萬華區,萬華區西藏路125巷與萬大路277巷口,0,0,1,1,F01,8,7,5,30,3,2,1,5,4,5,13,4,4,10,5,5,2,17,2,70,2,9,4,1,7,5,8,20,1,14,8,1,21,121.5035752,25.0256612
114,08,22,18,36,06松山區,松山區民生東路3段與慶城街口,0,0,1,1,F01,8,5,5,50,5,1,1,5,3,5,13,1,1,9,4,5,2,16,1,23,2,9,2,1,7,11,8,20,1,14,11,1,22,121.5485901,25.05754704
114,08,22,18,41,03中山區,中山區建國北路1段與朱崙街口,0,0,1,1,C03,7,5,5,50,3,1,1,5,4,5,13,4,4,1,4,5,2,13,1,63,2,9,3,4,7,6,1,10,1,11,108,1,21,121.5370022,25.0501153
114,08,22,18,53,10文山區,文山區忠順街1段72號旁,0,0,2,1,C03,7,6,5,50,14,9,1,5,4,5,13,4,4,9,5,5,2,1,1,63,2,8,6,1,7,9,1,10,2,11,70,1,21,121.5608785,24.9843638
114,08,22,19,22,11南港區,南港區東新街170巷9號對面,0,0,1,1,B03,8,5,5,50,11,9,1,5,4,5,13,4,4,5,5,5,2,17,1,61,3,10,7,1,7,13,1,8,2,4,40,1,21,121.5926195,25.0452802
114,08,22,19,26,03中山區,中山區中山北路1段64號,0,0,1,1,C03,8,5,5,50,14,9,1,5,4,5,13,4,4,1,4,5,1,17,1,28,3,10,5,1,7,6,1,10,1,12,108,1,21,121.5209595,25.04861801
114,08,22,19,30,12內湖區,內湖區港墘路183號,0,0,2,1,C03,7,5,5,50,14,9,1,5,4,5,13,4,4,1,4,5,2,17,1,39,2,9,6,1,7,21,1,10,1,14,118,1,22,121.5748144,25.0760709
114,08,22,19,31,03中山區,中山區新生北路1段與南京東路1段口,0,0,1,1,C03,7,5,5,40,4,1,1,5,4,5,13,1,1,5,4,4,2,13,1,53,3,10,3,4,7,9,1,10,1,11,16,1,21,121.5265418,25.05222956
114,08,22,19,43,11南港區,南港區松河街與向陽路口,0,0,1,1,C03,7,5,5,30,3,2,1,5,4,5,13,4,4,5,4,5,2,17,1,28,3,10,5,1,7,5,1,10,1,14,72,1,21,121.5926499,25.0583918
114,08,22,20,20,03中山區,中山區龍江路244號,0,0,3,1,C03,7,7,5,50,14,9,1,5,4,5,13,4,4,10,4,5,2,17,1,28,2,9,5,1,7,11,1,10,2,14,10,1,21,121.5407429,25.05912772
114,08,22,20,44,04大安區,大安區復興南路1段與市民大道3段口,0,0,2,1,C03,7,5,5,50,14,9,1,5,4,5,13,2,1,1,3,4,2,9,2,42,2,8,5,1,7,9,1,10,1,11,16,1,22,121.5438231,25.0448456
114,08,22,20,52,05中正區,中正區中華路1段與武昌街1段口,0,0,1,1,B03,7,5,5,50,4,1,1,5,4,5,13,1,1,1,4,5,2,16,1,45,3,10,7,1,7,8,1,8,9,8,100,1,22,121.5090682,25.0442712
114,08,22,21,28,01大同區,大同區延平北路4段與酒泉街口,0,0,1,1,C03,8,5,5,50,5,2,1,5,4,5,13,4,4,5,5,5,2,13,1,40,2,9,6,1,7,9,1,10,2,11,108,1,21,121.5111308,25.0724133
114,08,22,21,32,03中山區,中山區濱江街251號,0,0,2,1,B03,8,5,5,50,14,9,1,5,4,5,13,4,4,1,4,5,2,13,1,21,3,10,3,4,7,9,1,8,1,2,108,1,21,121.5415169,25.0726927
114,08,22,21,35,04大安區,大安區忠孝東路4段與敦化南路1段口,0,0,1,1,B03,8,5,5,50,5,1,1,5,4,5,13,1,1,1,3,5,1,16,1,38,3,10,7,1,7,6,1,8,1,2,9,1,21,121.5490936,25.0414074
114,08,22,21,35,04大安區,大安區延吉街與光復南路308巷口,0,0,1,1,C03,8,5,5,50,4,1,1,5,4,5,13,4,4,5,4,5,2,15,1,36,2,9,6,1,7,9,1,10,1,11,75,1,21,121.5551539,25.0389159
114,08,22,22,04,08士林區,士林區凱旋路61巷4弄1108386燈桿,0,0,1,1,C03,7,5,5,30,14,9,1,5,4,5,13,4,4,10,5,5,2,17,1,18,2,8,6,1,7,9,1,10,1,12,108,1,21,121.5387733,25.1337184
114,08,22,22,30,08士林區,士林區文林路500號,0,0,1,1,B03,8,5,5,50,14,9,1,5,4,5,13,4,4,4,1,5,1,13,1,51,3,10,7,1,7,9,1,8,2,1,16,1,21,121.5242223,25.0966155
114,08,22,22,50,07信義區,信義區基隆路2段103號,0,0,1,1,C03,7,5,5,50,14,9,1,5,4,5,13,4,4,2,2,5,2,13,1,50,2,1,5,4,7,9,1,10,1,11,108,1,21,121.5575989,25.0295714
114,08,22,22,52,12內湖區,內湖區康寧路3段與成功路5段口,0,0,1,1,B03,8,5,5,50,3,1,1,5,4,5,13,1,1,9,4,5,2,16,1,64,3,10,7,1,7,6,1,8,2,3,9,1,21,121.6061716,25.073228
114,08,22,23,08,01大同區,大同區忠孝西路1段與延平北路1段口,0,0,2,1,C03,7,5,5,50,3,1,1,5,4,5,13,2,1,1,4,5,2,17,1,18,2,8,5,4,7,8,3,18,1,14,16,1,21,121.5106697,25.0484173
114,08,23,00,35,09北投區,北投區陽金公路16.5公里,0,0,2,1,B03,7,5,8,40,11,9,1,5,4,5,13,4,4,5,2,5,2,17,1,29,3,10,7,1,7,15,1,8,2,8,86,1,21,121.5569439,25.1776122
114,08,23,04,37,01大同區,大同區延平北路4段88號,0,0,1,1,C03,8,5,5,50,14,8,1,5,4,5,13,4,4,5,5,4,2,17,1,38,2,9,6,1,7,9,3,18,6,11,21,1,21,121.5108512,25.0711059
114,08,23,05,30,02萬華區,萬華區忠孝西路2段與西寧南路口,0,0,1,1,C03,8,7,5,50,4,2,1,5,4,5,13,1,1,1,4,5,2,17,2,23,2,9,6,1,7,6,1,10,1,12,9,1,21,121.5074625,25.0485112
114,08,23,05,51,06松山區,松山區民權東路5段與撫遠街口,0,0,2,1,C03,8,6,5,50,4,1,1,5,4,5,13,1,1,1,4,5,2,15,1,26,2,9,5,1,7,9,1,10,2,12,81,1,21,121.5658877,25.0633113
114,08,23,06,19,04大安區,大安區信義路2段與新生南路1段口,0,0,1,1,B03,8,6,5,50,4,1,1,5,4,5,13,2,1,1,4,5,2,17,1,39,3,10,7,1,7,5,1,8,1,5,85,1,21,121.5328767,25.0335142
114,08,23,07,26,08士林區,士林區承德路5段與士商路口,0,0,1,1,B03,8,6,5,50,4,1,1,5,4,5,13,1,1,1,4,5,1,16,1,26,3,10,3,4,7,6,1,8,2,2,9,1,22,121.5142209,25.0960583
114,08,23,08,00,06松山區,松山區民權東路4段200號,0,0,1,1,B03,8,6,5,40,14,8,1,5,4,5,13,4,4,1,3,4,2,17,1,47,3,10,3,4,7,1,1,8,11,17,19,2,21,121.5618219,25.0625649
114,08,23,08,20,02萬華區,萬華區長順街123巷23號,0,0,1,1,C03,8,5,5,30,14,9,1,5,4,5,13,4,4,5,4,5,2,17,2,62,3,10,5,4,7,1,1,10,1,11,19,1,21,121.4893364,25.03346618
114,08,23,08,43,07信義區,信義區信安街與信安街67巷口口,0,0,1,1,B03,8,5,8,50,4,1,1,5,4,5,13,1,1,5,4,5,2,17,1,62,3,10,7,1,7,5,1,8,1,5,8,1,22,121.5573621,25.0260075
114,08,23,08,51,02萬華區,萬華區西寧南路與內江街口,0,0,2,1,C03,8,5,8,50,22,22,1,5,4,5,13,1,1,10,5,5,2,17,1,74,2,9,3,4,7,9,1,10,1,11,42,1,21,121.5059852,25.0416427
114,08,23,08,52,11南港區,南港區忠孝東路7段與忠孝東路7段265巷口,0,0,1,1,B03,8,6,5,50,3,2,1,5,4,5,13,1,1,9,4,5,2,13,1,56,3,10,3,4,7,9,1,8,1,1,16,1,21,121.6036946,25.0517821
114,08,23,08,54,06松山區,松山區南京東路3段250號,0,0,4,1,B12,7,6,5,50,14,9,1,4,4,5,13,4,4,5,5,5,2,13,2,38,3,10,3,4,7,13,1,8,1,17,38,1,21,121.5449763,25.0516328
114,08,23,08,58,06松山區,松山區光復北路與民生東路5段27巷9弄口,0,0,2,1,C03,8,6,5,30,3,1,1,5,4,5,13,4,4,8,3,5,1,16,1,31,2,9,3,1,7,5,1,10,2,14,72,1,21,121.5549726,25.0598509
114,08,23,09,05,12內湖區,內湖區潭美街8號與新明路143巷口,0,0,1,1,B03,8,6,5,40,3,1,1,5,4,5,13,4,4,8,3,5,1,16,1,44,4,11,3,4,7,6,1,8,9,2,9,2,21,121.5897938,25.0586888
114,08,23,09,11,08士林區,士林區中社路1段與中社路1段36巷口,0,0,1,1,B03,8,5,5,50,3,2,1,5,4,5,13,4,4,5,4,4,2,12,1,39,3,10,7,1,7,4,1,8,1,8,94,1,21,121.5600153,25.1093463
114,08,23,09,33,03中山區,中山區北安路往東八二三紀念公園前,0,0,1,1,C03,7,5,5,50,14,11,1,5,4,5,13,1,1,7,4,1,2,12,1,60,3,10,5,4,7,15,1,10,1,13,118,1,22,121.5278766,25.07717128
114,08,23,09,40,08士林區,士林區至善路2段（中影前）,0,0,1,1,B03,8,6,5,50,14,9,1,5,4,5,13,1,1,1,4,5,1,12,2,57,3,10,3,4,7,7,1,8,1,2,100,1,22,121.5445559,25.097129
114,08,23,10,12,09北投區,北投區大業路與中央北路2段95巷1弄口,0,0,1,1,A02,8,6,5,50,3,1,1,5,4,5,13,4,4,1,4,5,2,9,1,39,3,10,7,1,7,1,1,2,1,17,36,1,26,121.4967483,25.1355045
114,08,23,10,13,03中山區,中山區中山北路2段與長春路口,0,0,2,1,C03,8,6,5,50,4,1,1,5,4,5,13,2,1,1,4,4,2,17,2,30,2,9,6,1,7,5,1,10,1,11,74,1,21,121.5221543,25.05808251
114,08,23,10,26,04大安區,(基隆路4段43號前),0,0,1,1,C03,8,6,5,50,3,1,1,5,4,5,13,2,1,1,4,4,2,17,2,25,3,10,6,1,7,12,1,10,1,11,16,1,21,121.5404701,25.01381847
114,08,23,10,30,05中正區,中正區汀州路3段與羅斯福路3段128巷口,0,0,1,1,B03,8,7,5,50,3,1,1,5,4,5,13,4,4,2,4,5,2,16,1,35,3,10,7,1,7,6,1,8,1,2,9,1,22,121.5260733,25.0203396
114,08,23,10,40,05中正區,中正區水源路與同安街101巷口口,0,0,1,1,B03,8,6,5,30,3,1,1,5,4,5,13,4,4,10,5,5,1,17,1,65,3,10,7,1,7,6,1,8,2,2,9,1,21,121.5212847,25.0207633
114,08,23,10,40,12內湖區,內湖區南湖大橋與康寧路3段口口,0,0,1,1,B12,8,6,5,50,4,1,1,5,4,5,13,2,1,1,4,5,2,17,1,62,4,11,3,4,7,21,7,19,11,15,44,2,22,121.6111485,25.0648509
114,08,23,10,56,04大安區,大安區和平東路3段與和平東路3段1巷口,0,0,1,1,B01,8,6,5,50,4,1,1,5,4,5,13,2,1,1,3,4,2,16,1,57,3,10,7,1,7,5,1,8,2,2,8,1,21,121.5467034,25.0247701
114,08,23,11,10,02萬華區,萬華區萬大路與艋舺大道120巷38弄口,0,0,1,1,C03,8,6,5,50,4,1,1,5,4,5,13,4,4,5,5,5,2,16,1,74,3,10,5,1,7,6,1,10,1,13,9,1,26,121.500636,25.03166527
114,08,23,11,30,03中山區,中山區民權東路1段48號,0,0,2,1,C03,7,6,5,50,14,9,1,5,4,5,13,2,1,1,5,5,2,13,2,21,3,10,6,1,7,9,3,18,1,11,108,1,22,121.5241593,25.0626366
114,08,23,11,32,02萬華區,萬華區西園路2段與西藏路口,0,0,2,1,C03,8,5,5,50,4,4,1,5,4,5,13,1,1,1,4,5,2,13,1,66,2,9,5,4,7,9,6,10,2,11,108,1,21,121.4955632,25.0284263
114,08,23,12,00,07信義區,信義區基隆路2段17號,0,0,2,1,C03,8,6,5,50,14,9,1,5,4,5,13,4,4,1,4,5,2,13,2,50,2,9,3,4,7,9,1,10,1,11,16,1,21,121.5591745,25.0322125
114,08,23,12,01,01大同區,大同區台北橋機慢車道(三重往台北),0,0,3,1,C03,8,5,5,40,8,8,1,5,4,5,13,4,4,9,5,5,2,13,2,49,2,8,5,1,7,12,1,10,1,17,30,1,21,121.5071221,25.0634101
114,08,23,12,04,05中正區,中正區新生南路1段50號,0,0,2,1,C03,8,6,5,50,14,9,1,5,4,5,13,4,4,3,2,5,2,17,1,55,2,9,5,1,7,9,1,10,2,11,108,1,22,121.5327836,25.04216978
114,08,23,12,16,03中山區,中山區中山北路3段181號,0,0,3,1,C03,8,7,5,50,14,9,1,5,4,5,13,4,4,1,4,5,2,17,1,27,2,9,5,1,7,9,3,18,1,11,16,1,21,121.5237095,25.0713269
114,08,23,12,58,09北投區,北投區石牌路2段榮民總醫院大門口,0,0,3,1,C03,8,7,5,50,14,9,5,5,4,5,13,1,1,10,5,5,2,13,1,40,2,9,5,1,7,9,1,10,1,11,16,1,21,121.5202552,25.1186801
114,08,23,13,00,05中正區,中正區林森南路地下道,0,0,2,1,C03,8,5,5,50,7,9,1,5,4,5,13,4,4,5,4,5,2,13,1,84,2,7,6,1,7,9,1,10,1,11,16,1,22,121.5180804,25.03307164
114,08,23,13,07,05中正區,中正區廈門街113巷35-1號對面,0,0,2,1,B03,8,6,5,30,14,9,1,5,4,5,13,4,4,10,5,5,1,17,1,56,3,10,7,1,7,14,1,8,2,4,40,1,21,121.5210452,25.0233725
114,08,23,13,38,07信義區,信義區松勤街5號,0,0,1,1,B01,8,6,5,30,14,9,1,5,4,5,13,4,4,10,5,5,2,13,1,67,3,10,3,4,7,9,1,4,2,1,108,1,22,121.5606444,25.0320807
114,08,23,14,00,08士林區,士林區德行東路129巷與德行東路109巷64弄口,0,0,3,1,C03,8,6,5,30,4,1,1,5,4,5,13,4,4,10,5,5,2,15,1,37,2,9,3,4,7,9,1,10,1,12,72,1,21,121.5293506,25.10938768
114,08,23,14,09,08士林區,士林區至善路2段與故宮路口,0,0,2,1,C03,8,5,5,50,3,2,1,5,4,5,13,1,1,1,4,5,1,17,1,34,2,9,6,1,7,6,1,10,1,14,99,1,21,121.5465673,25.098032
114,08,23,14,15,12內湖區,內湖區大湖街190-1號,0,0,1,1,B03,8,7,5,30,11,9,1,5,4,5,13,4,4,10,5,5,1,11,1,71,3,10,7,1,7,9,1,9,1,7,5,1,21,121.6055457,25.0939442
114,08,23,14,30,01大同區,大同區酒泉街與酒泉街103巷口,0,0,1,1,C03,8,7,5,30,3,1,1,5,4,5,13,4,4,10,5,5,2,16,2,71,2,9,6,1,7,5,1,10,1,12,72,1,21,121.5149285,25.0720183
114,08,23,14,38,05中正區,中正區凱達格蘭大道與中山南路口,0,0,1,1,C03,8,6,5,50,5,1,1,5,4,5,13,2,1,5,4,5,2,16,1,38,2,9,5,1,7,5,1,10,2,13,8,1,22,121.5179894,25.03876254
114,08,23,15,22,07信義區,信義區忠孝東路4段國父紀念館西北門,0,0,1,1,B03,8,6,5,50,14,9,1,5,4,5,13,4,4,3,4,5,2,12,1,49,3,10,7,1,7,1,1,8,1,4,19,1,21,121.559424,25.0412247
114,08,23,15,34,02萬華區,萬華區環河南路1段與峨眉街口,0,0,2,1,C03,7,7,5,40,3,1,1,5,4,5,13,4,4,8,3,5,2,16,2,38,2,7,5,1,7,5,3,18,1,12,98,1,21,121.5015643,25.0448139
114,08,23,15,40,01大同區,大同區大龍街與昌吉街口,0,0,2,1,C03,7,6,5,50,4,1,1,5,4,5,13,2,1,4,4,5,2,16,2,73,2,9,3,4,7,5,1,10,1,12,8,1,21,121.5160044,25.0659285
114,08,23,16,00,06松山區,松山區敦化北路與長春路口,0,0,1,1,B03,8,6,5,50,5,2,1,5,4,5,13,2,1,9,4,4,2,17,1,82,3,10,7,1,7,8,1,8,1,2,100,1,22,121.5487595,25.0542472
114,08,23,16,05,09北投區,北投區自強街87號,0,0,1,1,B03,8,7,5,50,14,9,1,5,4,5,13,2,1,5,5,5,2,17,1,36,3,10,7,1,7,9,1,8,1,17,108,1,21,121.5148182,25.1107041
114,08,23,16,27,09北投區,北投區公館路228巷與三合街1段117巷口,0,0,2,1,C03,8,6,5,30,4,1,1,5,4,5,13,4,4,10,5,5,2,17,1,59,2,9,5,1,7,9,1,10,9,14,72,1,21,121.5047304,25.1246397
114,08,23,17,00,07信義區,信義區光復南路271號,0,0,1,1,B03,8,7,5,50,14,9,1,5,4,5,13,4,4,1,4,5,2,12,1,27,3,10,7,1,7,8,1,8,1,5,100,1,21,121.5577415,25.0407773
114,08,23,17,08,08士林區,士林區故宮路與故宮路35巷口,0,0,1,1,B12,8,6,5,50,4,4,1,5,4,5,13,2,1,1,4,5,2,13,1,42,3,10,7,1,7,9,1,8,1,8,108,1,21,121.5471482,25.0968178
114,08,23,17,24,11南港區,南港區研究院路1段與研究院路1段101巷口,0,0,1,1,B03,8,5,5,50,4,1,1,5,4,5,13,1,1,3,5,2,2,16,2,34,3,10,3,4,7,5,1,8,1,2,71,1,21,121.616125,25.0519528
114,08,23,17,28,09北投區,北投區知行路與知行路260巷口,0,0,1,1,F03,7,7,5,50,14,9,1,5,4,5,13,4,4,5,5,5,2,11,2,64,2,9,5,1,7,9,8,20,1,15,108,1,21,121.4673734,25.121474
114,08,23,17,40,08士林區,士林區復興橋南往北,0,0,1,1,C03,8,6,5,50,14,9,1,5,4,5,13,1,1,4,3,5,1,12,2,73,2,8,6,1,7,9,1,10,1,14,17,1,21,121.5369584,25.0999565
114,08,23,17,57,08士林區,士林區福國路15巷與福國路口,0,0,2,1,C03,7,7,5,50,4,2,1,5,4,5,13,2,1,1,4,5,1,17,2,47,2,8,5,1,7,9,1,10,1,12,81,1,21,121.524668,25.10211406
114,08,23,18,08,06松山區,松山區塔悠路與健康路口,0,0,2,1,C03,8,7,5,50,14,9,1,5,4,5,13,4,4,1,4,5,2,17,1,42,2,7,5,1,7,7,1,10,1,14,100,1,21,121.5699838,25.0541094
114,08,23,18,10,05中正區,中正區中山南路與信義路1段口,0,0,1,1,C03,8,7,5,40,14,9,1,5,4,5,13,2,1,4,5,1,2,17,1,25,3,10,5,1,7,6,1,10,2,11,9,1,26,121.5180531,25.0384008
114,08,23,19,09,02萬華區,萬華區中華路2段364巷與中華路2段416巷66弄口,0,0,2,1,C03,7,5,5,50,3,2,1,5,4,5,13,4,4,9,5,5,2,13,2,66,2,9,3,4,7,9,3,18,1,11,108,1,22,121.5036868,25.0284378
114,08,23,19,37,07信義區,信義區松山路與松隆路口,0,0,1,1,B03,8,5,5,50,14,7,1,5,4,5,13,2,1,1,4,4,2,38,1,21,2,1,7,1,7,9,3,18,2,1,108,1,21,121.5777808,25.0483846
114,08,23,20,13,10文山區,文山區恆光街12-2號旁,0,0,1,1,C03,7,6,5,30,14,9,1,5,4,5,13,4,4,5,5,5,2,3,1,28,3,10,6,1,7,9,1,10,2,11,108,1,21,121.5668272,24.9829888
114,08,23,20,58,02萬華區,萬華區康定路與康定路56巷口,0,0,1,1,A02,7,5,5,50,3,2,1,5,4,5,13,4,4,9,4,5,2,16,1,44,3,10,3,4,7,7,1,2,1,2,100,1,22,121.5023931,25.0425981
114,08,23,21,25,03中山區,中山區明水路603號,0,0,1,1,C03,8,5,5,50,14,9,1,5,4,5,13,4,4,1,4,5,2,17,1,24,2,9,6,1,7,9,1,10,1,11,108,1,21,121.5513849,25.08170989
114,08,23,21,55,08士林區,士林區承德路4段與通河街口,0,0,1,1,B12,7,6,5,50,4,2,1,5,4,5,13,1,1,5,5,5,2,13,1,34,3,10,7,1,7,9,1,8,2,1,108,1,22,121.521865,25.0803326
114,08,23,22,12,04大安區,大安區信義路3段147巷與復興南路1段340巷口,0,0,1,1,B03,8,5,5,30,3,2,1,5,4,5,13,4,4,5,5,5,2,17,1,42,3,10,7,1,7,13,1,8,1,15,40,1,21,121.5420122,25.0362335
114,08,24,01,34,01大同區,大同區承德橋與敦煌路口(北向南),0,0,2,1,C03,7,5,5,50,8,11,1,5,4,5,13,2,1,5,2,5,2,17,2,56,2,8,5,4,7,9,1,10,1,14,108,1,21,121.5203571,25.0760098
114,08,24,02,10,04大安區,大安區忠孝東路4段10號,0,0,1,1,C03,8,5,5,50,14,9,1,5,4,5,13,4,4,1,3,5,2,13,1,22,2,9,6,1,7,9,1,10,1,11,108,1,21,121.5441099,25.0415453
114,08,24,03,50,09北投區,北投區陽金公路馬槽橋,0,0,2,1,C03,8,5,8,40,8,9,1,5,4,5,13,4,4,4,1,5,2,13,1,18,2,8,6,1,7,9,1,10,1,15,108,1,21,121.5626737,25.1785685
114,08,24,04,53,04大安區,大安區安和路1段90巷與信義路4段199巷口,0,0,1,1,B01,8,5,5,30,4,1,1,5,4,5,12,4,4,5,5,5,2,15,2,49,3,10,7,1,7,9,1,4,1,1,72,1,21,121.5516607,25.0346854
114,08,24,06,19,09北投區,北投區中央北路1段與中央北路1段197巷口,0,0,1,1,F01,8,6,5,50,4,1,1,5,4,5,13,4,4,5,5,5,2,16,1,89,2,1,4,1,7,5,8,20,9,14,8,1,21,121.4976565,25.1358889
114,08,24,06,50,09北投區,北投區中央北路1段198巷6號,0,0,1,1,F01,8,7,5,30,14,9,1,5,4,5,13,4,4,5,5,5,1,5,1,61,3,10,4,1,7,5,8,20,1,11,44,1,22,121.4981012,25.1363676
114,08,24,07,41,04大安區,大安區仁愛路3段與建國南路1段口,0,0,2,1,C03,8,6,5,50,4,1,1,5,4,5,13,2,1,1,4,4,2,13,1,30,2,9,6,4,7,9,1,10,1,11,16,1,21,121.5381084,25.0380284
114,08,24,08,50,02萬華區,萬華區昆明街148號,0,0,1,1,C03,8,6,5,50,14,9,1,5,4,5,13,4,4,10,4,5,2,18,1,60,2,9,5,1,7,9,1,10,8,14,21,1,21,121.5047312,25.0425702
114,08,24,09,05,01大同區,大同區延平北路2段與延平北路2段135巷口,0,0,1,1,B01,8,6,5,50,4,1,1,5,4,5,13,4,4,5,2,5,2,17,1,60,3,10,7,1,7,11,1,4,1,4,44,1,21,121.5115462,25.0576616
114,08,24,10,15,04大安區,大安區基隆路4段43號,0,0,1,1,B01,8,6,5,50,14,7,1,5,4,5,13,4,4,1,4,4,2,12,1,66,3,10,7,1,7,7,1,4,2,4,100,1,22,121.5420233,25.0151857
114,08,24,10,22,02萬華區,萬華區桂林路67號,0,0,1,1,C03,8,6,5,50,14,9,1,5,4,5,13,4,4,9,4,5,2,27,1,51,2,9,6,1,7,9,1,9,1,11,44,1,22,121.5023629,25.0383225
114,08,24,10,57,08士林區,士林區中山北路5段455號對面,0,0,2,1,C03,8,5,5,50,14,9,1,5,4,5,13,4,4,1,1,1,2,12,1,43,3,10,6,1,7,14,1,10,9,17,14,1,21,121.5275938,25.091022
114,08,24,11,20,04大安區,大安區仁愛路3段與仁愛路口側附近3段5巷口,0,0,1,1,B03,8,6,5,50,3,1,1,5,4,5,13,4,4,10,4,5,2,17,1,26,3,10,2,1,7,6,1,8,1,2,9,1,21,121.5334338,25.0383742
114,08,24,11,39,07信義區,信義區松隆路與松信路口,0,0,1,1,C03,8,6,5,50,4,1,1,5,4,5,13,2,1,5,5,5,2,12,1,75,2,9,3,4,7,7,1,10,2,11,100,1,22,121.5721389,25.046996
114,08,24,11,49,01大同區,大同區長安西路289號與長安西路口,0,0,1,1,B03,8,5,5,50,3,1,1,5,4,5,13,4,4,9,4,5,2,11,1,52,3,10,7,1,7,5,1,8,2,1,74,1,21,121.5093792,25.05202
114,08,24,12,30,05中正區,中正區羅斯福路4段與基隆路4段口,0,0,1,1,C03,8,7,5,50,5,1,1,5,4,5,13,2,1,1,4,5,2,16,1,28,2,9,5,1,7,9,1,10,1,12,42,1,21,121.5368714,25.01122
114,08,24,12,46,06松山區,松山區南京東路5段251巷24弄23號,0,0,1,1,C03,8,7,5,30,14,9,1,5,4,5,13,4,4,10,5,5,2,12,1,65,2,9,5,1,7,9,1,10,7,14,21,1,26,121.5644833,25.0524541
114,08,24,13,36,07信義區,信義區松平路與松仁路口,0,0,1,1,F01,7,6,5,30,4,1,1,5,4,5,13,2,1,10,5,5,2,17,1,79,2,9,3,4,7,11,8,20,1,14,11,1,22,121.5683675,25.0304782
114,08,24,13,46,04大安區,大安區忠孝東路3段150號,0,0,1,1,C03,8,6,5,50,14,9,1,5,4,5,13,4,4,1,4,5,2,13,1,24,2,7,5,1,7,7,1,10,1,14,108,1,22,121.53811,25.0416231
114,08,24,14,06,07信義區,信義區大道路109號,0,0,2,1,C03,8,6,5,50,14,9,1,5,4,5,13,4,4,5,4,5,2,16,1,40,2,9,6,4,7,9,1,10,1,11,108,1,22,121.5829802,25.0394335
114,08,24,14,07,03中山區,中山區北安路與大直街口,0,0,1,1,C03,7,7,5,50,3,1,1,5,4,5,13,1,1,1,3,5,1,17,2,26,2,8,6,1,7,7,1,10,1,14,100,1,21,121.5462902,25.07906068
114,08,24,14,16,06松山區,松山區塔悠路與塔悠路口351號旁堤外便道,0,0,1,1,B03,8,7,5,50,3,1,1,5,4,5,13,4,4,1,4,5,2,12,1,58,3,10,7,1,7,15,1,8,1,2,9,1,25,121.5685367,25.0627351
114,08,24,14,19,02萬華區,萬華區大理街與西園路1段306巷口,0,0,1,1,B03,8,5,8,30,4,1,4,5,4,5,13,4,4,10,5,5,2,15,2,64,3,10,3,4,7,9,1,8,1,1,72,1,21,121.4993754,25.0344916
114,08,24,14,26,03中山區,中山區中山橋往北（機車專用道）,0,0,1,1,F01,8,5,8,0,14,20,4,5,4,5,13,4,4,10,5,5,2,18,1,80,2,9,3,4,7,9,8,20,6,17,21,1,21,121.5265203,25.07450606
114,08,24,15,00,02萬華區,萬華區柳州街與南寧路口,0,0,1,1,C04,8,7,5,50,5,1,1,5,4,5,13,2,1,5,5,5,2,12,2,75,2,9,5,4,7,1,1,11,1,13,8,1,22,121.5049231,25.0368167
114,08,24,15,15,03中山區,中山區新生北路2段121號橋下迴轉道,0,0,1,1,B01,8,7,5,0,14,9,1,5,4,5,13,4,4,10,5,5,2,1,1,70,3,10,7,1,7,9,1,8,1,2,70,1,26,121.5275718,25.05918246