發生年度,發生月,發生日,發生時-Hours,發生分,區序,肇事地點,死亡人數,2-30日死亡人數,受傷人數,當事人序號,車種,天候,光線,道路類別,速限-速度限制,道路型態,事故位置,路面狀況1,路面狀況2,路面狀況3,道路障礙1,道路障礙2,號誌1,號誌2,車道劃分-分向,車道劃分-分道1,車道劃分-分道2,車道劃分-分道3,事故類型及型態,性別,年齡,受傷程度,主要傷處,保護裝置,行動電話,車輛用途,當事者行動狀態,駕駛資格情形,駕駛執照種類,飲酒情形,車輛撞擊部位1,肇因碼-個別,個人肇逃否,職業,座標-X,座標-Y
114,08,24,15,21,12內湖區,內湖區成功路2段250巷與成功路2段250巷23弄口,0,0,2,1,C03,8,7,6,30,4,1,1,5,4,5,13,4,4,10,5,5,2,15,2,52,2,9,6,1,7,9,1,11,1,14,72,1,21,121.5891354,25.0661464
114,08,24,16,00,06松山區,松山區市民大道6段與中坡北路口,0,0,1,1,C03,8,7,6,50,4,1,1,5,4,5,13,2,1,1,4,5,2,17,1,39,3,10,5,1,7,15,1,10,1,14,42,1,21,121.5802565,25.0495069
114,08,24,16,35,06松山區,松山區民權大橋西往東上橋第2燈桿,0,0,2,1,C03,7,6,5,40,14,11,1,5,4,5,13,4,4,8,3,4,2,13,2,23,2,9,5,1,7,9,1,10,1,13,16,1,21,121.5671666,25.063308
114,08,24,16,45,01大同區,大同區承德路2段與民權西路口,0,0,1,1,C03,8,6,5,50,5,2,1,5,4,5,13,2,1,1,4,5,2,17,1,35,2,8,6,1,7,8,1,10,1,11,42,1,21,121.5181568,25.06283104
114,08,24,16,57,02萬華區,萬華區康定路24號,0,0,1,1,C04,8,7,5,50,14,9,1,5,4,5,13,4,4,5,5,5,2,17,2,55,2,8,5,1,7,4,1,11,9,12,108,2,21,121.5030264,25.0450651
114,08,24,17,14,12內湖區,內湖區南湖大橋與康寧路3段口,0,0,3,1,C03,7,7,5,50,3,2,1,5,4,5,13,1,1,1,5,5,2,17,1,19,2,9,5,1,7,9,1,10,2,11,16,1,21,121.6110873,25.06521667
114,08,24,17,18,10文山區,文山區指南路2段與指南路2段45巷口,0,0,2,1,C03,8,7,5,40,3,18,1,5,4,5,13,4,4,10,5,5,2,3,1,64,2,5,5,1,7,9,1,10,2,11,70,1,21,121.5743297,24.9879291
114,08,24,17,50,03中山區,中山區民權東路3段72號,0,0,1,1,B01,7,7,5,50,14,9,1,5,4,5,13,4,4,1,4,5,2,17,1,59,3,10,7,1,7,15,1,4,2,2,42,1,21,121.5427033,25.0621167
114,08,24,17,53,09北投區,北投區大業路527巷與中央北路2段257巷口,0,0,1,1,B03,8,7,5,40,3,1,1,5,4,5,13,1,1,5,5,5,2,16,1,33,3,10,7,1,7,5,1,8,1,8,74,1,22,121.4909001,25.1376338
114,08,24,18,35,07信義區,信義區基隆路1段333號,0,0,2,1,B03,8,6,5,50,14,9,1,5,4,5,13,4,4,1,4,5,2,12,1,63,3,10,7,1,7,10,1,8,2,8,100,1,22,121.560675,25.0346071
114,08,24,19,25,01大同區,大同區延平北路4段與酒泉街口,0,0,1,1,,7,5,5,50,4,2,1,5,4,5,13,2,1,5,2,5,2,27,3,28,,,,,,,,,,,66,1,,121.5109194,25.0725354
114,08,24,19,47,02萬華區,萬華區堤外便道自行車道近華江橋,0,0,1,1,F01,7,5,7,0,14,23,2,5,4,5,13,4,4,10,5,5,2,10,1,60,3,10,3,4,7,9,8,20,1,11,118,1,22,121.4898787,25.035161
114,08,24,19,54,04大安區,大安區光復南路96巷與光復南路口,0,0,2,1,B01,7,5,5,50,4,2,1,5,4,5,13,4,4,1,4,1,1,17,1,56,3,10,7,1,7,10,1,4,1,17,100,1,21,121.5576084,25.0439662
114,08,24,21,25,12內湖區,內湖區康寧路1段106巷與康寧路1段口,0,0,2,1,C03,8,5,5,50,3,1,1,5,4,5,13,4,4,9,5,5,2,13,1,26,2,9,5,1,7,9,1,10,1,11,108,1,21,121.5932499,25.0796595
114,08,24,22,28,06松山區,松山區南京東路5段407號,0,0,1,1,C03,8,5,5,50,14,9,1,5,4,5,13,4,4,1,4,5,2,17,1,21,2,9,5,1,7,9,1,10,1,11,76,1,21,121.5697834,25.0514423
114,08,24,22,34,12內湖區,內湖區康寧路3段與康寧路3段70巷口,0,0,1,1,C03,8,5,5,50,4,1,1,5,4,5,13,2,1,1,4,5,2,13,1,19,2,9,6,1,7,9,1,10,1,11,16,1,21,121.6111724,25.0704531
114,08,24,22,55,04大安區,大安區通安街與安和路2段35巷口,0,0,1,1,C03,8,5,5,30,4,1,1,5,4,5,13,4,4,10,5,5,2,15,1,20,2,9,6,1,7,9,1,10,1,11,72,1,21,121.5532938,25.0316978
114,08,24,23,57,02萬華區,萬華區昆明街76-1號,0,0,1,1,C03,8,5,5,50,14,9,1,5,4,5,13,4,4,10,4,5,2,13,1,19,2,8,5,1,7,9,1,10,1,11,108,1,21,121.5056102,25.0457158
114,08,25,00,51,05中正區,中正區台北車站東側門東一門,0,0,1,1,H01,7,5,5,0,14,9,1,5,4,5,13,4,4,1,4,1,2,9,1,73,2,7,4,5,8,20,8,20,1,16,60,1,21,121.5184084,25.04754977
114,08,25,01,51,08士林區,士林區承德路5段與通河東街2段口,0,0,1,1,C03,8,5,5,50,5,2,1,5,4,5,13,2,1,1,4,4,1,16,1,21,2,9,5,1,7,9,1,10,1,14,81,1,21,121.5140255,25.0956259
114,08,25,02,19,09北投區,北投區竹子湖路,0,0,2,1,B03,8,6,5,50,14,9,1,5,4,5,13,4,4,5,5,5,2,10,1,21,2,9,7,1,7,9,1,8,2,1,4,1,21,121.5457301,25.1604027
114,08,25,05,55,08士林區,士林區芝玉路1段196號,0,0,2,1,B03,8,6,5,30,14,9,1,5,4,5,13,4,4,10,5,5,2,29,1,48,2,7,7,1,7,9,1,8,2,5,108,1,22,121.5333576,25.1080015
114,08,25,06,48,02萬華區,萬華區大理街46號,0,0,1,1,C03,8,6,5,50,14,9,1,5,4,5,13,4,4,9,5,4,2,13,2,30,2,9,6,1,7,9,1,10,2,11,108,1,22,121.4995705,25.0344817
114,08,25,06,50,09北投區,士林區中正路與延平北路5段口,0,0,1,1,B03,8,7,5,50,4,2,1,5,4,5,13,2,1,1,4,5,2,13,1,55,3,10,7,1,7,8,6,18,2,5,16,1,22,121.5090592,25.0865261
114,08,25,07,41,03中山區,中山區民生東路2段41號,0,0,2,1,C03,8,7,5,50,14,9,1,5,4,5,13,4,4,5,2,5,2,17,1,51,2,9,6,1,7,1,1,10,1,11,19,1,21,121.5291128,25.0580726
114,08,25,07,50,09北投區,北投區大業路往南106-08-106152桿,0,0,1,1,C03,8,6,5,40,14,8,1,5,4,5,13,4,4,8,3,4,2,13,2,73,2,7,6,1,7,9,1,8,1,11,108,1,21,121.4958241,25.1339087
114,08,25,07,57,03中山區,中山區林森北路與中山北路2段93巷口,0,0,1,1,C03,8,6,5,30,3,1,1,5,4,5,13,4,4,5,5,5,2,17,2,33,3,10,5,1,7,6,1,10,2,13,72,1,21,121.5255427,25.05927348
114,08,25,08,28,11南港區,南港區力行橋與研究院路1段101巷口,0,0,1,1,B03,8,6,5,50,5,2,1,5,4,5,13,1,1,5,5,5,2,13,4,0,4,11,3,4,7,6,7,19,9,3,119,2,22,121.6169786,25.0517407
114,08,25,08,36,03中山區,中山區北安路與劍南路口,0,0,1,1,C03,8,6,5,30,14,9,1,5,4,5,13,2,1,1,4,5,2,13,1,48,2,9,6,1,7,8,1,10,2,11,16,1,21,121.5535666,25.0853874
114,08,25,08,49,03中山區,中山區林森北路286號,0,0,1,1,A02,8,7,5,50,14,9,1,5,4,5,13,4,4,4,5,5,1,9,1,60,3,10,7,1,7,14,1,2,1,2,40,1,21,121.5211384,25.05009342
114,08,25,08,49,06松山區,松山區市民大道5段與東興路口,0,0,1,1,C03,8,7,5,40,4,1,1,5,4,5,13,2,1,9,4,5,2,15,1,30,2,9,6,1,7,9,1,10,2,14,79,1,22,121.5658055,25.0483937
114,08,25,09,01,07信義區,信義區林口街38巷與福德街84巷口,0,0,1,1,B03,8,6,5,30,3,1,1,5,4,5,13,4,4,9,4,5,2,15,1,65,3,10,7,1,7,9,1,8,1,4,72,1,21,121.5808872,25.0384254
114,08,25,09,16,03中山區,中山區錦西街與民權西路70巷口,0,0,1,1,B03,8,7,5,50,4,2,1,5,4,5,13,2,1,9,4,5,2,13,1,31,3,10,7,1,7,1,1,8,1,5,108,1,21,121.5208878,25.06036936
114,08,25,09,21,06松山區,松山區八德路3段與光復南路口,0,0,2,1,C03,8,6,5,50,4,1,1,5,4,5,13,1,1,8,3,4,1,16,2,45,2,9,3,1,7,9,1,21,1,14,81,1,21,121.5577698,25.0481657
114,08,25,10,16,12內湖區,內湖區陽光街與瑞光路口,0,0,1,1,C03,8,6,5,50,4,1,1,5,4,5,13,1,1,5,5,5,2,17,1,55,3,10,5,1,7,5,1,10,9,17,71,1,21,121.5792349,25.0737388
114,08,25,10,54,01大同區,大同區重慶北路3段320號(對面）,0,0,1,1,B01,8,6,5,50,14,9,1,5,4,5,13,3,1,1,4,5,2,17,1,62,3,10,7,1,7,15,1,4,1,2,101,1,21,121.513925,25.07469611
114,08,25,10,56,04大安區,大安區四維路228巷與和平東路3段1巷口,0,0,2,1,C03,8,6,5,30,4,1,1,5,4,5,13,4,4,10,5,5,2,15,1,60,2,9,6,1,7,9,1,10,1,11,72,1,21,121.54674,25.0255883
114,08,25,11,33,04大安區,大安區信義路3段與建國南路1段口口,0,0,1,1,B03,8,6,5,50,4,1,1,5,4,5,13,2,1,4,4,5,2,17,1,29,3,10,3,4,7,5,1,15,2,8,98,1,22,121.5380245,25.0336038
114,08,25,11,54,01大同區,大同區承德路2段(0804197燈桿）,0,0,1,1,B01,8,6,5,50,14,9,1,5,4,5,13,4,4,1,4,5,2,17,1,61,3,10,7,1,7,7,1,4,2,17,100,1,21,121.5177311,25.05360361
114,08,25,12,09,02萬華區,萬華區內江街27號,0,0,1,1,C03,8,7,5,50,14,9,1,5,4,5,13,4,4,10,4,5,2,12,1,40,2,9,5,1,7,9,1,10,1,14,44,1,21,121.5061797,25.0416421
114,08,25,12,17,10文山區,文山區辛亥路4段與辛亥路4段77巷口口,0,0,1,1,B01,8,6,5,50,3,1,1,5,4,5,13,2,1,1,4,5,2,12,1,60,3,10,7,1,7,9,1,4,1,2,17,1,21,121.5585932,25.0074178
114,08,25,12,25,10文山區,文山區辛亥路4段與辛亥路4段77巷口,0,0,1,1,C03,8,6,5,50,3,1,1,5,4,5,13,2,1,1,4,5,2,16,1,20,3,10,6,1,7,11,1,10,11,14,92,1,21,121.5586551,25.0074465
114,08,25,12,32,02萬華區,萬華區環河南路1段與長沙街2段口,0,0,2,1,C03,8,6,5,40,3,2,1,5,4,5,13,2,1,5,4,5,1,17,2,25,2,9,3,4,7,9,1,10,1,11,16,1,22,121.4997846,25.041675
114,08,25,12,41,05中正區,中正區中山南路與凱達格蘭大道口,0,0,1,1,B03,8,6,5,50,4,1,1,5,4,5,13,1,1,9,4,3,1,17,2,74,3,10,7,1,7,6,1,8,2,5,9,1,22,121.5173374,25.0393086
114,08,25,13,05,04大安區,大安區仁愛路4段與敦化南路2段口,0,0,1,1,C03,8,5,5,50,4,2,1,5,4,5,13,2,1,8,3,5,1,16,1,23,2,9,5,1,7,6,3,18,2,14,9,1,21,121.5485776,25.0369906
114,08,25,13,39,04大安區,大安區羅斯福路3段與師大路口口,0,0,2,1,C03,8,6,5,50,4,1,1,5,4,5,13,2,1,1,4,5,2,17,2,19,2,9,5,1,7,9,1,10,1,12,44,1,22,121.5278597,25.021014
114,08,25,13,41,02萬華區,萬華區中華路2段600號,0,0,1,1,B02,8,7,5,50,14,7,1,5,4,5,13,1,1,8,3,4,2,13,1,40,3,10,7,1,7,9,1,8,1,1,16,1,21,121.5098297,25.0247228
114,08,25,13,45,01大同區,大同區鄭州路與塔城街口,0,0,1,1,C03,8,6,5,40,4,2,1,5,4,5,13,1,1,1,4,5,2,17,1,75,4,11,,,,,,,11,,119,2,,121.5105323,25.05027779
114,08,25,13,57,01大同區,大同區重慶北路1段與長安西路口,0,0,1,1,B02,8,6,5,50,5,1,1,5,4,5,13,2,1,5,2,5,2,17,1,24,3,10,7,1,7,11,1,8,1,8,10,1,21,121.5140054,25.0515673
114,08,25,14,00,03中山區,中山區長安西路3號,0,0,1,1,B12,8,6,5,50,14,9,1,5,4,5,13,4,4,5,4,5,2,17,1,32,3,10,7,1,7,9,1,8,1,4,42,1,21,121.5210096,25.05002852
114,08,25,14,02,03中山區,中山區錦西街與民生西路3巷口,0,0,1,1,B03,8,6,5,30,4,1,1,5,4,5,13,4,4,10,5,5,2,16,1,34,3,10,7,1,7,6,1,8,1,2,9,1,21,121.5218799,25.0602392
114,08,25,14,45,05中正區,中正區和平西路1段60號,0,0,1,1,C03,8,7,5,40,14,8,1,5,4,5,13,4,4,1,4,4,2,13,1,42,2,9,5,1,7,8,1,10,2,11,108,1,22,121.5195192,25.0264238
114,08,25,15,08,03中山區,中山區市民大道3段與建國南路1段口,0,0,1,1,B02,8,7,6,40,4,2,1,5,4,5,13,4,4,9,4,5,2,17,1,56,3,10,7,1,7,7,1,8,1,17,100,1,21,121.5476316,25.0481315
114,08,25,15,09,03中山區,中山區濱江街105號,0,0,1,1,B12,8,7,5,50,14,9,1,5,4,5,13,2,1,1,4,5,2,17,1,29,3,10,7,1,7,1,1,8,1,17,19,1,21,121.5354891,25.073161
114,08,25,15,13,02萬華區,萬華區西寧南路與成都路口,0,0,1,1,B01,8,7,5,50,4,18,1,5,4,5,13,2,1,10,4,5,2,3,1,55,3,10,3,4,7,5,1,4,1,8,70,1,22,121.505915,25.0426731
114,08,25,15,30,01大同區,大同區民生西路與迪化街1段口,0,0,1,1,B03,8,6,5,50,4,1,1,5,4,5,13,2,1,8,3,5,2,16,2,66,3,10,7,1,7,5,1,8,1,5,71,1,21,121.5098459,25.0569529
114,08,25,15,34,12內湖區,內湖區康樂街61巷2號附近側附近,0,0,1,1,C03,7,6,5,30,14,9,1,5,4,5,13,4,4,10,5,5,2,13,1,18,3,10,6,1,7,9,1,10,1,11,108,1,21,121.6184629,25.0684422
114,08,25,15,50,05中正區,中正區市民大道1段M2迴轉道前,0,0,1,1,C03,8,6,5,40,14,6,1,5,4,5,13,4,4,1,4,5,1,17,1,22,3,10,6,1,7,5,1,10,2,13,8,1,22,121.5186108,25.0483919
114,08,25,15,57,08士林區,士林區文林路與安平街口,0,0,2,1,C03,8,5,5,50,4,2,1,5,4,5,13,4,4,5,5,5,2,12,1,58,2,9,6,1,7,1,1,10,1,14,19,1,21,121.5263422,25.0883029
114,08,25,16,02,08士林區,士林區中山北路5段銘傳大學公車站,0,0,2,1,C03,8,6,5,50,14,9,1,5,4,5,13,4,4,8,4,5,1,13,1,26,2,3,5,1,7,9,1,9,1,11,108,1,21,121.527437,25.089344
114,08,25,16,11,08士林區,士林區至善路3段336巷至善幹72號,0,0,2,1,C03,8,6,5,30,11,9,1,5,4,5,13,4,4,10,5,5,1,11,1,30,2,9,3,4,7,9,1,10,2,14,118,1,21,121.5922851,25.13196276
114,08,25,16,14,03中山區,中山區北安路630巷與北安路588巷20弄口,0,0,1,1,B03,8,7,5,50,4,2,1,5,4,5,13,1,1,10,4,5,2,16,1,81,3,10,7,1,7,6,1,8,1,2,9,1,21,121.5503322,25.08235477
114,08,25,16,23,10文山區,文山區萬美街1段與萬和街口,0,0,2,1,C03,8,6,5,40,14,9,1,5,4,5,13,1,1,5,5,5,2,13,1,29,2,9,6,1,7,9,1,10,2,11,16,1,21,121.5666415,25.0020449
114,08,25,16,27,05中正區,中正區羅斯福路2段與同安街口,0,0,1,1,C03,8,7,5,50,3,2,1,5,4,5,13,1,1,1,4,5,2,17,1,64,2,7,5,1,7,9,1,10,1,14,108,1,22,121.5232024,25.0259455
114,08,25,16,31,11南港區,南港區南港路3段與南港路3段190巷口,0,0,2,1,C03,8,6,5,50,3,2,1,5,4,5,13,2,1,5,4,5,2,16,1,21,2,9,6,1,7,11,1,10,1,14,103,1,21,121.5874522,25.0530396
114,08,25,16,39,09北投區,北投區公館路165號,0,0,4,1,,8,7,5,40,14,9,1,5,4,1,11,4,4,5,5,5,2,28,3,31,,,,,,,,,,,128,1,,121.5065507,25.1289663
114,08,25,16,40,08士林區,士林區福國路94號,0,0,1,1,B03,7,7,5,50,14,9,1,5,4,5,13,2,1,1,4,4,1,16,2,50,3,10,7,1,7,6,1,8,2,6,17,1,21,121.52224,25.1020836
114,08,25,16,47,04大安區,大安區四維路170巷與和平東路3段1巷口,0,0,2,1,B03,8,6,5,40,3,1,1,5,4,5,13,4,4,5,5,5,2,17,1,30,3,10,3,4,7,11,1,8,1,17,80,1,22,121.5469032,25.0282188
114,08,25,16,48,10文山區,文山區木柵路2段109巷與木柵路2段109巷25弄口,0,0,1,1,C03,8,7,5,30,3,2,1,5,4,5,13,4,4,10,5,5,2,3,1,46,3,10,5,4,7,9,1,10,1,11,108,1,22,121.5630502,24.989911
114,08,25,16,58,09北投區,北投區士科路與福國路口,0,0,1,1,B01,8,5,5,50,4,1,1,5,4,5,13,2,1,1,4,5,2,16,1,66,3,10,7,1,7,6,1,4,2,2,9,1,21,121.514767,25.1015134
114,08,25,17,10,03中山區,中山區民族東路410巷與龍江路356巷口,0,0,3,1,C03,8,7,5,50,4,2,1,5,4,5,13,1,1,9,5,5,2,17,1,70,2,9,5,1,7,5,1,10,1,11,74,1,21,121.5393337,25.06426042
114,08,25,17,10,05中正區,中正區新生南路1段與仁愛路2段口,0,0,2,1,C03,8,6,5,50,4,2,1,5,4,5,13,1,1,3,1,5,2,13,1,28,2,9,6,1,7,9,1,10,1,11,108,1,22,121.5326556,25.0385578
114,08,25,17,17,03中山區,中山區市民大道2段與長安東路1段30巷口,0,0,1,1,B03,8,7,5,40,14,9,1,5,4,5,13,4,4,10,4,5,2,17,2,60,3,10,7,1,7,8,1,8,1,2,100,1,21,121.5261048,25.0475836
114,08,25,17,27,09北投區,北投區明德路333巷18號前,0,0,2,1,C03,8,6,5,30,14,9,1,5,4,5,13,4,4,10,5,5,2,2,1,74,2,9,5,1,7,9,1,10,1,11,108,1,21,121.5192985,25.1163217
114,08,25,17,27,11南港區,南港區忠孝東路7段369號,0,0,1,1,B03,8,6,5,50,14,9,1,5,4,5,13,4,4,1,4,5,2,16,1,46,3,10,3,4,7,6,1,8,1,2,9,1,21,121.604314,25.0519026
114,08,25,17,50,03中山區,中山區大直橋往南,0,0,3,1,C03,8,7,5,50,14,9,1,5,4,5,13,4,4,1,4,5,2,13,1,66,3,10,3,4,7,12,1,10,1,17,44,1,21,121.5444498,25.0760885
114,08,25,17,55,09北投區,北投區紗帽路1206323號燈桿,0,0,1,1,C03,8,6,5,50,14,9,1,5,4,5,13,4,4,8,5,5,1,20,1,17,2,9,6,1,7,9,2,18,1,14,42,1,21,121.5330515,25.1503452
114,08,25,17,57,09北投區,北投區大度路往西1205091號燈桿,0,0,2,1,C03,8,6,5,50,14,12,1,5,4,5,13,4,4,1,4,5,1,17,1,44,2,9,6,1,7,9,1,10,1,12,108,1,21,121.4968893,25.1214862
114,08,25,18,00,07信義區,信義區忠孝東路5段與忠孝東路5段295巷口口,0,0,1,1,C03,8,5,5,50,3,1,1,5,4,5,13,4,4,1,4,5,2,17,1,66,3,10,6,1,7,6,1,10,1,12,80,1,22,121.5725069,25.0410741
114,08,25,18,01,05中正區,中正區汀州路1段與汀州路1段140巷口,0,0,2,1,C03,8,7,5,50,3,1,1,5,4,5,13,4,4,9,5,5,2,17,2,46,2,7,5,1,7,5,1,10,1,14,8,1,22,121.5082799,25.0293169
114,08,25,18,02,12內湖區,內湖區港墘路與內湖路1段737巷50弄口,0,0,1,1,B03,8,5,5,50,4,1,1,5,4,5,13,1,1,9,4,5,2,17,1,41,3,10,7,1,7,5,1,8,2,4,44,1,21,121.5778883,25.0808592
114,08,25,18,15,01大同區,大同區忠孝西路1段與塔城街口,0,0,1,1,B03,7,5,5,50,5,2,1,5,4,5,13,2,1,1,4,5,2,17,1,59,3,10,3,4,7,9,1,10,2,2,42,1,21,121.5099301,25.0482047
114,08,25,18,20,03中山區,中山區北安路與北安路759巷口,0,0,1,1,C03,8,7,5,50,4,1,1,5,4,5,13,2,1,10,5,5,2,13,2,45,2,9,6,1,7,9,1,10,1,11,108,1,21,121.5527022,25.08585013
114,08,25,18,22,06松山區,松山區民生東路3段與敦化北路口,0,0,1,1,C03,8,6,5,50,14,7,1,5,4,5,13,2,1,9,4,4,2,13,1,43,2,7,6,1,7,9,1,10,1,11,16,1,22,121.5488115,25.05779855
114,08,25,18,30,10文山區,文山區木柵路1段66-8號,0,0,1,1,C03,8,5,5,50,14,9,1,5,4,5,13,4,4,5,4,5,2,29,2,29,2,9,5,1,7,9,1,10,1,12,42,1,21,121.5479863,24.9870827
114,08,25,18,51,12內湖區,內湖區康寧路3段與五分街口,0,0,1,1,C03,8,5,5,50,4,1,1,5,4,5,13,2,1,1,4,5,2,16,1,62,2,9,5,1,7,7,1,10,1,13,100,1,21,121.6118023,25.0677908
114,08,25,19,01,09北投區,北投區致遠一路2段12巷與致遠一路2段口,0,0,3,1,F01,8,5,5,30,4,1,1,5,4,3,10,4,4,10,5,5,2,16,1,13,2,9,4,1,7,5,8,20,1,14,4,1,15,121.5144636,25.1109933
114,08,25,19,14,01大同區,大同區寧夏路（北向南，靜修女中旁）,0,0,3,1,C03,8,5,5,50,14,9,1,5,4,5,13,4,4,8,1,5,1,16,1,67,2,9,6,4,7,9,1,10,1,12,4,1,21,121.5153975,25.0575951
114,08,25,19,17,11南港區,南港區經貿二路157巷36弄與經貿二路157巷口,0,0,1,1,B03,8,5,5,50,3,1,1,5,4,5,13,2,1,4,4,5,2,2,1,46,3,10,3,4,7,5,1,8,2,1,70,1,21,121.6173385,25.0602914
114,08,25,19,20,06松山區,松山區八德路4段746號對面公車站,0,0,1,1,A02,8,5,8,30,22,22,1,5,4,5,13,4,4,10,5,5,2,9,1,44,3,10,3,4,7,5,1,2,9,5,108,1,21,121.5783936,25.0496301
114,08,25,19,30,02萬華區,萬華區西昌街42號,0,0,1,1,B01,7,5,5,30,14,9,1,5,4,5,13,4,4,10,5,5,2,9,1,40,3,10,3,4,7,14,1,4,1,2,38,1,22,121.5006904,25.0423147
114,08,25,19,59,02萬華區,萬華區桂林路與堤外便道口北往南過中興橋,0,0,3,1,C03,8,5,5,40,14,11,1,5,4,5,13,4,4,4,5,5,2,13,1,52,2,9,6,1,7,15,1,10,1,11,108,1,22,121.4970294,25.0262857
114,08,25,20,40,07信義區,信義區基隆路汽機車混合地下道,0,0,2,1,C03,8,5,5,30,7,9,1,5,4,5,13,4,4,10,3,5,1,17,1,46,2,9,6,1,7,4,1,10,2,14,1,1,22,121.5609429,25.0360261
114,08,25,20,51,04大安區,大安區通化街180巷與通化街口,0,0,1,1,B03,8,5,5,30,4,2,1,5,4,5,13,4,4,8,3,5,1,17,1,51,4,11,3,4,7,15,7,19,11,17,72,2,22,121.5533828,25.0273716
114,08,25,21,25,08士林區,士林區承德路5段55號對面,0,0,1,1,C03,7,5,8,50,22,22,1,5,4,5,13,4,4,1,2,4,1,13,1,18,3,10,5,1,7,9,1,10,2,11,16,1,21,121.5134472,25.09731341
114,08,25,21,52,02萬華區,萬華區堤外便道近桂林疏散門,0,0,2,1,H01,7,5,5,40,14,9,1,5,4,5,13,4,4,9,5,5,2,3,1,66,2,8,4,5,8,16,8,20,10,16,53,1,22,121.4957351,25.0389305
114,08,26,01,56,03中山區,中山區明水路405號對面,0,0,1,1,C03,7,5,5,50,14,9,1,5,4,5,13,4,4,1,5,5,1,23,1,30,2,8,3,4,7,15,1,10,7,14,21,1,21,121.5481693,25.07734554
114,08,26,06,24,01大同區,大同區民權西路194號,0,0,2,1,C03,8,6,5,50,14,9,1,5,4,5,13,4,4,1,4,5,2,13,2,63,2,9,5,1,7,6,3,18,2,13,44,1,21,121.5139807,25.0628888
114,08,26,06,27,02萬華區,萬華區和平西路3段與康定路口,0,0,1,1,A02,8,5,5,50,4,1,1,5,4,5,13,1,1,8,3,5,1,29,1,52,3,10,7,1,7,5,1,1,2,17,44,1,21,121.5013014,25.0353306
114,08,26,06,32,01大同區,大同區酒泉街74號,0,0,2,1,C03,8,5,5,50,3,1,1,5,4,5,13,4,4,5,4,5,2,3,1,21,2,9,5,1,7,9,1,10,2,11,70,1,21,121.5149405,25.07199
114,08,26,06,47,11南港區,南港區南港路3段與南港路3段80巷口,0,0,2,1,C03,8,6,5,50,3,1,1,5,4,5,13,4,4,4,3,5,2,17,1,21,2,9,3,4,7,4,1,10,1,12,94,1,21,121.5911605,25.0538853
114,08,26,07,20,06松山區,松山區東興路15巷與東興路口,0,0,1,1,C03,8,7,5,50,14,9,1,5,4,5,13,1,1,5,4,5,2,11,1,56,2,8,5,1,7,7,1,10,1,14,100,1,26,121.565375,25.0502087
114,08,26,07,45,02萬華區,萬華區艋舺大道與雙園街60巷74弄口,0,0,1,1,C03,8,7,5,50,3,1,1,5,4,3,12,4,4,9,4,4,2,13,1,31,3,10,5,1,7,12,1,10,1,11,44,1,21,121.4924287,25.0294111
114,08,26,07,45,04大安區,大安區和平東路3段莊敬隧道前,0,0,1,1,B12,8,6,5,50,14,9,1,5,4,5,13,4,4,5,5,5,2,17,1,56,3,10,3,4,7,9,1,8,1,17,30,1,21,121.564595,25.01026922
114,08,26,07,50,04大安區,大安區復興南路1段122巷與復興南路1段口,0,0,1,1,B03,7,5,5,30,3,2,1,5,4,5,13,4,4,1,4,5,2,16,1,45,3,10,7,1,7,6,1,8,1,1,80,1,21,121.5436372,25.0428689
114,08,26,07,58,06松山區,松山區民權東路5段與撫遠街口,0,0,2,1,C03,8,7,5,50,4,1,1,5,4,5,13,2,1,1,4,5,2,13,1,25,2,9,5,1,7,9,1,10,1,11,108,1,25,121.5662352,25.0633636
114,08,26,08,25,10文山區,文山區木柵路1段與無名巷口,0,0,1,1,C03,8,6,5,50,4,2,1,5,4,5,13,1,1,5,4,5,2,16,1,75,2,9,6,1,7,11,1,10,1,14,10,1,21,121.5540449,24.9880937
114,08,26,08,29,05中正區,中正區中華路2段與廣州街口口,0,0,1,1,A02,8,6,5,50,4,1,1,5,4,5,13,1,1,1,4,5,2,12,1,46,3,10,3,4,7,10,1,2,2,8,100,1,21,121.5066561,25.0361131
114,08,26,08,40,05中正區,中正區杭州南路1段與徐州路口,0,0,2,1,C03,8,6,5,50,4,1,1,5,4,5,13,1,1,10,4,5,2,16,1,53,2,9,6,1,7,5,1,10,1,14,8,1,22,121.52572,25.040211
114,08,26,08,43,02萬華區,萬華區艋舺大道86巷與艋舺大道口,0,0,1,1,C03,8,6,5,50,3,2,1,5,4,5,13,4,4,8,3,5,1,17,1,40,2,8,5,1,7,6,1,10,1,14,72,1,21,121.5034112,25.0334032
114,08,26,08,46,06松山區,松山區敦化北路88號,0,0,1,1,B03,8,6,5,50,14,9,1,4,4,5,13,4,4,5,5,5,2,12,2,50,3,10,3,4,7,7,1,10,1,4,100,1,21,121.5487402,25.0510906
114,08,26,08,50,03中山區,中山區民族東路與龍江路口,0,0,2,1,C03,8,6,5,50,3,1,1,5,4,5,13,1,1,3,4,4,2,16,2,64,2,9,6,4,7,5,1,10,1,14,80,1,21,121.5401943,25.0679128
114,08,26,08,50,12內湖區,內湖區成功路2段252號,0,0,1,1,C03,8,6,5,50,3,1,1,5,4,5,13,2,1,1,4,5,2,17,2,28,2,8,6,1,7,9,1,10,1,12,16,1,21,121.5904534,25.0662154