發生年度,發生月,發生日,發生時-Hours,發生分,區序,肇事地點,死亡人數,2-30日死亡人數,受傷人數,當事人序號,車種,天候,光線,道路類別,速限-速度限制,道路型態,事故位置,路面狀況1,路面狀況2,路面狀況3,道路障礙1,道路障礙2,號誌1,號誌2,車道劃分-分向,車道劃分-分道1,車道劃分-分道2,車道劃分-分道3,事故類型及型態,性別,年齡,受傷程度,主要傷處,保護裝置,行動電話,車輛用途,當事者行動狀態,駕駛資格情形,駕駛執照種類,飲酒情形,車輛撞擊部位1,肇因碼-個別,個人肇逃否,職業,座標-X,座標-Y
114,08,26,08,51,04大安區,大安區仁愛路3段17號,0,0,2,1,F01,8,6,5,50,14,9,1,5,4,5,13,4,4,1,4,5,2,10,1,76,2,9,4,4,7,9,8,20,1,13,4,1,21,121.5341917,25.0384025
114,08,26,09,08,08士林區,士林區葫東街28-2號,0,0,1,1,H02,8,6,5,0,14,9,1,5,4,5,13,4,4,9,5,5,2,9,1,46,3,10,4,5,7,19,8,20,10,16,126,1,21,121.5111032,25.0836143
114,08,26,09,47,02萬華區,萬華區青年路10號對面,0,0,2,1,C03,8,5,8,30,22,22,1,5,4,5,13,4,4,10,5,5,2,17,1,71,2,9,3,4,7,15,1,10,1,12,100,1,21,121.5059932,25.0259062
114,08,26,09,48,01大同區,大同區重慶北路3段與民族西路口,0,0,1,1,B03,8,5,5,50,4,1,1,5,4,5,13,2,1,5,4,5,2,16,2,61,3,10,7,1,7,6,1,8,2,2,9,1,21,121.5141577,25.0684401
114,08,26,09,58,03中山區,中山區龍江路與合江街61巷口,0,0,1,1,B12,8,6,5,30,4,1,1,5,4,5,13,4,4,10,4,5,2,17,1,20,3,10,7,1,7,5,1,8,1,8,80,1,21,121.5405635,25.05691687
114,08,26,10,00,01大同區,大同區民族西路221巷與民族西路221巷口,0,0,1,1,B03,8,6,5,30,3,1,1,5,4,5,13,4,4,10,5,5,2,9,1,56,3,10,7,1,7,2,1,8,1,3,12,1,21,121.5132204,25.0696177
114,08,26,10,00,04大安區,大安區芳蘭路與長興街口,0,0,1,1,C03,8,6,5,50,4,1,1,5,4,5,13,1,1,10,5,5,2,29,3,0,,,,,,,,,,,67,1,,121.5474574,25.0150332
114,08,26,10,12,04大安區,大安區通化街19巷與文昌街250巷口,0,0,1,1,C03,8,6,5,30,4,1,1,5,4,3,10,4,4,10,5,5,2,15,2,59,2,9,5,1,7,9,1,10,1,12,72,1,21,121.5557201,25.0316464
114,08,26,10,57,08士林區,士林區承德路5段與士商路口,0,0,1,1,B03,8,7,5,40,4,1,1,5,4,5,13,2,1,1,4,5,2,16,1,43,3,10,7,1,7,6,1,8,2,2,9,1,21,121.5142206,25.0960765
114,08,26,11,10,08士林區,士林區中山北路5段與劍潭路口,0,0,1,1,C03,8,6,5,40,14,8,1,5,4,5,13,1,1,1,3,5,1,13,2,21,2,9,6,1,7,9,1,10,1,11,17,1,21,121.5266747,25.08480459
114,08,26,11,10,12內湖區,內湖區東湖路160巷與五分街口口,0,0,1,1,C03,8,7,5,30,4,1,1,5,4,5,13,1,1,10,5,5,2,12,2,64,2,9,6,1,7,9,1,10,1,14,118,1,21,121.6173847,25.0670586
114,08,26,11,13,11南港區,南港區南港路1段277巷與南港路1段287巷2弄口,0,0,1,1,B03,8,6,5,50,14,9,1,5,4,5,13,4,4,4,5,5,2,12,1,35,3,10,3,4,7,15,1,8,1,4,40,1,21,121.608773,25.0539977
114,08,26,11,19,12內湖區,內湖區康樂街61巷與康樂街85巷口,0,0,3,1,C03,8,6,5,30,4,1,1,5,4,5,13,4,4,10,5,5,2,17,2,62,2,8,6,1,7,9,1,10,2,11,75,1,21,121.6195143,25.0695798
114,08,26,11,27,04大安區,大安區和平東路2段221號,0,0,1,1,C03,8,6,5,40,14,8,1,5,4,5,13,4,4,1,4,4,2,13,2,30,2,9,3,4,7,9,1,10,1,12,108,1,22,121.5430636,25.0251049
114,08,26,11,38,10文山區,文山區萬芳路1-12號,0,0,1,1,C03,8,6,5,30,14,9,1,4,4,5,13,4,4,10,5,5,2,17,1,26,2,9,6,1,7,9,1,10,2,14,42,1,21,121.5708521,24.9949807
114,08,26,11,50,03中山區,中山區八德路2段與建國北路1段口,0,0,1,1,B03,8,6,5,50,4,1,1,5,4,5,13,2,1,5,4,5,2,16,1,48,3,10,7,1,7,6,1,8,1,2,9,1,21,121.537415,25.0463344
114,08,26,12,10,03中山區,中山區民生東路3段與合江街口,0,0,1,1,C03,8,5,5,50,4,1,1,5,4,5,13,2,1,1,4,5,2,17,1,32,2,7,6,1,7,5,1,10,1,11,8,1,21,121.5391778,25.05787138
114,08,26,12,26,09北投區,北投區中央北路3段與中央北路3段148巷口口,0,0,1,1,B01,8,6,5,50,3,1,1,5,4,5,13,1,1,10,5,5,2,17,1,64,3,10,7,1,7,1,1,4,2,4,19,1,21,121.4828392,25.1371746
114,08,26,12,34,04大安區,大安區市民大道4段與敦化南路1段161巷5弄口,0,0,1,1,C03,8,6,5,40,3,1,1,5,4,5,13,4,4,1,4,5,2,13,1,49,2,9,5,1,7,9,1,10,1,11,108,1,21,121.5495882,25.0446818
114,08,26,12,45,02萬華區,萬華區長泰街73巷與長泰街73巷6弄口,0,0,1,1,F01,8,6,5,30,3,1,1,5,4,5,13,4,4,10,5,5,2,16,2,58,3,10,4,1,7,6,8,20,1,11,9,1,26,121.5001602,25.02233308
114,08,26,12,50,08士林區,士林區德行東路81巷與德行東路81巷15弄口,0,0,1,1,C03,8,5,5,30,3,2,1,5,4,5,13,4,4,10,5,5,2,13,2,43,2,9,6,1,7,9,6,18,2,11,104,1,21,121.5274761,25.1081282
114,08,26,13,24,07信義區,信義區光復南路與文昌街口,0,0,1,1,B01,8,7,5,50,4,1,1,5,4,5,13,1,1,3,4,4,2,15,1,55,3,10,3,4,7,9,1,4,1,1,81,1,21,121.5574683,25.0321514
114,08,26,14,00,06松山區,松山區濱江街863號,0,0,2,1,C03,8,6,5,40,14,8,1,5,4,5,13,4,4,9,4,4,2,13,2,39,2,9,6,1,7,9,1,9,1,11,108,1,21,121.5602622,25.07106498
114,08,26,14,05,11南港區,南港區研究院路2段與研究院路2段61巷口,0,0,2,1,C03,8,6,5,50,5,4,1,5,4,5,13,2,1,1,3,5,2,17,2,71,2,9,3,4,7,1,1,10,1,13,19,1,21,121.6160658,25.0440088
114,08,26,14,37,04大安區,大安區和平東路3段與基隆路2段口口,0,0,1,1,B03,8,6,5,50,5,1,1,5,4,5,13,2,1,1,4,5,2,13,2,50,3,10,7,1,7,6,1,4,1,5,108,1,22,121.552158,25.0241633
114,08,26,14,41,10文山區,文山區景後街95號對面,0,0,1,1,F03,8,6,5,50,14,9,1,5,4,5,13,4,4,9,5,5,2,12,2,67,2,9,5,1,7,9,8,20,2,12,108,1,21,121.5427386,24.9918999
114,08,26,14,55,10文山區,文山區忠順街1段48巷與忠順街1段48巷5弄口,0,0,2,1,C03,8,6,5,30,3,1,1,5,4,5,13,4,4,10,5,5,2,15,1,20,2,9,6,1,7,9,1,10,1,11,72,1,21,121.5601502,24.9836816
114,08,26,15,30,04大安區,大安區市民大道3段與復興南路1段口,0,0,1,1,B03,8,5,5,40,4,1,1,5,4,5,13,2,1,1,3,5,1,12,1,54,3,10,7,1,7,9,1,8,1,2,17,1,21,121.5437282,25.044737
114,08,26,15,41,04大安區,大安區市民大道3段與建國南路1段口,0,0,1,1,B03,8,6,5,40,3,1,1,5,4,5,13,1,1,5,4,4,2,16,1,33,3,10,3,4,7,6,1,8,1,5,9,1,21,121.5363355,25.0446415
114,08,26,15,42,06松山區,松山區塔悠路與南京東路5段口,0,0,1,1,B03,7,6,5,50,5,2,1,5,4,5,13,2,1,1,2,5,2,17,1,61,3,10,7,1,7,5,1,8,1,4,17,1,21,121.5703185,25.0515166
114,08,26,15,42,09北投區,北投區石牌路2段與天母西路口口,0,0,1,1,B03,8,6,5,50,3,1,1,5,4,5,13,3,1,10,5,5,2,17,2,61,3,10,7,1,7,1,1,8,1,8,19,1,21,121.5219104,25.119222
114,08,26,16,55,04大安區,大安區敦化南路2段162號,0,0,1,1,C03,8,6,5,50,14,9,1,5,4,5,13,1,1,1,4,5,2,12,2,32,2,8,5,4,7,7,1,10,1,14,100,1,21,121.5484732,25.0248021
114,08,26,16,55,04大安區,大安區和平東路3段228巷與安居街8巷口,0,0,1,1,B03,8,5,5,30,3,18,1,5,4,5,13,4,4,9,4,5,2,3,1,38,3,10,7,1,7,5,1,8,2,1,70,1,21,121.554235,25.0218603
114,08,26,17,31,02萬華區,萬華區環河南路2段與環河南路2段250巷口,0,0,1,1,B03,8,6,5,50,4,1,1,5,4,5,13,2,1,1,4,5,2,17,1,51,3,10,7,1,7,5,1,8,1,5,71,1,21,121.4920886,25.0329385
114,08,26,17,52,01大同區,大同區忠孝橋機慢車道(東往西向),0,0,1,1,C03,8,5,5,50,8,11,1,5,4,5,13,4,4,1,4,5,2,13,1,22,2,9,5,1,7,9,1,10,1,11,16,1,21,121.5067857,25.0489416
114,08,26,18,00,03中山區,中山區錦州街25號旁,0,0,1,1,C03,8,5,5,50,14,9,1,5,4,5,13,4,4,4,5,5,1,17,1,61,2,3,3,4,7,5,1,10,8,12,21,1,21,121.5253779,25.0603672
114,08,26,18,12,12內湖區,內湖區金湖路與康寧路2段口,0,0,2,1,C03,8,7,5,50,3,1,1,5,4,5,13,4,4,1,4,5,2,11,2,24,2,9,5,1,7,9,1,10,2,12,108,1,21,121.6005749,25.0769944
114,08,26,18,29,08士林區,士林區環河北路3段95號,0,0,1,1,C03,7,5,5,50,14,9,1,5,4,5,13,4,4,1,4,5,1,17,2,25,3,10,5,1,7,7,1,10,1,11,100,1,21,121.5069248,25.0835997
114,08,26,18,47,04大安區,大安區基隆路4段往南（台大停車場前）,0,0,2,1,C03,8,6,5,50,14,9,1,5,4,5,13,4,4,1,4,4,2,12,1,33,2,9,6,1,7,8,1,10,1,12,17,1,21,121.5384615,25.0124128
114,08,26,18,55,12內湖區,內湖區民權東路6段11巷與瑞光路76巷附近口,0,0,2,1,C03,7,5,5,50,14,9,1,5,4,5,13,4,4,5,4,5,2,16,1,24,3,10,5,1,7,11,1,10,1,11,10,1,21,121.5782503,25.067203
114,08,26,19,00,11南港區,南港區東新街8號附近側附近,0,0,1,1,B03,8,5,5,50,14,9,1,5,4,5,13,4,4,4,3,5,2,12,1,29,3,10,3,4,7,7,1,8,1,5,17,1,21,121.5830216,25.0508654
114,08,26,19,23,07信義區,信義區吳興街122號,0,0,3,1,C03,8,5,5,30,14,9,1,5,4,5,13,4,4,9,5,5,2,17,1,50,2,8,6,1,7,11,1,10,2,14,10,1,22,121.5614249,25.02978313
114,08,26,21,18,03中山區,中山區八德路2段與八德路2段210巷口,0,0,1,1,B01,8,5,5,50,4,1,1,5,4,5,13,1,1,9,4,5,2,12,1,56,3,10,7,1,7,7,1,4,2,8,44,1,21,121.5392376,25.046514
114,08,26,21,24,08士林區,士林區文林路與福國路口,0,0,2,1,C03,8,5,5,50,5,1,1,5,4,5,13,1,1,5,4,5,2,17,1,55,2,9,5,1,7,11,1,10,1,12,10,1,26,121.5216139,25.10154252
114,08,26,23,32,03中山區,中山區中山北路1段與長安西路口,0,0,1,1,B03,7,5,5,50,4,1,1,5,4,5,13,2,1,1,5,1,1,16,2,24,3,10,3,4,7,5,1,8,1,2,71,1,21,121.5215301,25.04991885
114,08,27,00,25,07信義區,信義區松德路66號,0,0,1,1,B03,7,5,5,30,14,8,1,5,4,5,13,2,1,1,4,4,2,13,1,26,3,10,7,1,7,9,1,8,1,1,116,1,21,121.5760804,25.0384171
114,08,27,06,35,05中正區,中正區和平西路2段與莒光路口,0,0,1,1,C03,8,7,5,50,3,1,1,5,4,5,13,1,1,8,3,5,2,13,2,49,3,10,5,1,7,9,1,10,2,11,16,1,21,121.5076341,25.0311898
114,08,27,07,39,12內湖區,內湖區康寧路3段與安康路口口,0,0,2,1,C03,8,5,5,50,4,2,1,5,4,5,13,4,4,5,4,5,2,17,2,58,2,9,6,1,7,7,1,10,2,14,100,1,21,121.6108223,25.0654862
114,08,27,07,42,08士林區,士林區至善路2段與故宮路口,0,0,1,1,C03,8,7,5,50,3,1,1,5,4,5,13,1,1,1,4,5,1,17,1,55,3,10,3,1,7,21,7,19,11,15,118,2,21,121.5465327,25.0980175
114,08,27,07,46,02萬華區,萬華區中華路2段416巷與萬大路277巷37弄口,0,0,1,1,B03,8,5,5,30,4,19,1,5,4,5,13,1,1,10,5,5,2,8,1,73,3,10,3,4,7,5,1,8,1,8,8,1,21,121.5022456,25.026579
114,08,27,08,00,03中山區,中山區民生東路3段與合江街口,0,0,2,1,C03,8,7,5,50,14,9,1,5,4,5,13,2,1,10,4,5,2,17,1,58,2,9,5,1,7,10,1,10,1,11,44,1,21,121.5389772,25.05753772
114,08,27,08,09,08士林區,士林區通河街1巷與通河街口,0,0,1,1,B03,8,6,5,30,4,1,1,5,4,5,13,3,1,5,4,5,1,16,1,56,3,10,3,4,7,5,1,8,1,2,72,1,22,121.5237499,25.0798998
114,08,27,08,16,09北投區,北投區承德路7段95號北往南方向,0,0,1,1,C03,8,5,5,60,14,9,1,5,4,5,13,4,4,9,4,5,1,12,2,32,2,9,5,1,7,10,1,10,2,11,100,1,21,121.5099065,25.1116797
114,08,27,08,29,01大同區,大同區延平北路4段94號,0,0,1,1,C03,8,5,5,50,14,8,1,5,4,5,13,4,4,5,4,4,2,13,2,27,2,9,5,1,7,9,1,10,2,11,16,1,21,121.5108818,25.0715305
114,08,27,08,33,07信義區,信義區逸仙路與逸仙路32巷口,0,0,2,1,C03,7,5,5,50,3,2,1,5,4,5,13,4,4,10,5,5,2,17,1,44,2,9,3,4,7,11,7,19,9,11,10,2,21,121.5615162,25.0402462
114,08,27,08,48,01大同區,大同區重慶北路3段與敦煌路口,0,0,1,1,C03,8,6,5,50,3,2,1,5,4,5,13,4,4,1,4,5,2,17,2,24,2,8,6,4,7,6,1,10,1,14,72,1,22,121.5136398,25.0761174
114,08,27,08,49,10文山區,文山區羅斯福路6段與景華街口口,0,0,1,1,C03,8,6,5,50,4,2,1,5,4,5,13,2,1,1,4,5,2,12,1,18,2,9,6,1,7,9,1,10,1,11,16,1,21,121.5412035,24.9945777
114,08,27,09,00,06松山區,松山區三民路與三民路68巷口,0,0,2,1,C01,8,7,5,30,4,1,1,5,4,5,13,4,4,9,4,5,2,17,1,52,2,9,6,1,7,5,1,9,1,14,72,1,22,121.5637952,25.0551404
114,08,27,09,03,12內湖區,內湖區潭美街與安美街175巷口,0,0,2,1,C03,8,6,5,40,3,1,1,5,4,5,13,4,4,8,3,5,1,16,1,38,2,9,6,1,7,9,1,10,2,11,108,1,21,121.6009309,25.060873
114,08,27,09,05,03中山區,中山區朱崙街91號,0,0,1,1,B03,8,7,5,50,14,9,1,5,4,5,13,4,4,10,4,5,2,17,1,26,3,10,7,1,7,1,1,8,2,1,19,1,21,121.5434667,25.04992087
114,08,27,09,12,10文山區,文山區福和橋機車道西往東（P8柱子旁）,0,0,2,1,C03,8,6,5,40,8,11,1,5,4,5,13,2,1,3,4,3,1,13,2,35,2,9,5,1,7,9,1,10,2,13,44,1,21,121.5362846,25.0109144
114,08,27,09,30,12內湖區,內湖區基湖路25號,0,0,1,1,B02,8,6,5,50,14,9,1,5,4,5,13,4,4,5,4,5,2,17,1,26,3,10,7,1,7,1,1,8,1,4,19,1,21,121.5649161,25.0803192
114,08,27,09,54,03中山區,中山區建國北路3段與農安街口,0,0,1,1,B03,8,7,5,50,4,1,1,5,4,5,13,1,1,1,4,5,2,16,2,61,3,10,7,1,7,6,1,8,1,6,9,1,21,121.536509,25.06483727
114,08,27,10,17,06松山區,松山區民生東路4段65號,0,0,1,1,C03,8,7,5,50,14,9,1,5,4,5,13,4,4,9,4,5,2,17,1,41,2,9,5,1,7,9,1,10,1,12,77,1,22,121.5501661,25.05785335
114,08,27,10,30,06松山區,松山區民權東路3段與民權東路3段140巷口,0,0,1,1,C03,8,6,5,50,3,4,1,5,4,5,13,2,1,3,4,5,2,13,1,46,3,10,6,1,7,12,1,10,1,12,16,1,22,121.5464701,25.0619917
114,08,27,10,35,08士林區,士林區士商路01停車格,0,0,1,1,B03,8,6,5,50,14,9,1,5,4,5,13,4,4,5,5,5,2,16,2,42,3,10,7,1,7,11,1,8,1,8,10,1,21,121.5208453,25.0898108
114,08,27,10,54,12內湖區,內湖區堤頂大道2段99號,0,0,1,1,C03,7,6,5,50,14,9,1,5,4,5,13,4,4,1,4,5,2,17,1,57,2,9,5,1,7,7,1,10,2,14,100,1,21,121.5703882,25.07682677
114,08,27,11,05,03中山區,中山區松江路50號,0,0,1,1,C03,8,5,5,50,14,9,1,5,4,5,13,1,1,1,4,5,2,11,1,29,3,10,5,1,7,1,1,10,1,13,19,1,21,121.5328659,25.0482367
114,08,27,11,12,09北投區,北投區懷德街與東陽街口,0,0,1,1,B03,8,5,5,50,4,1,1,5,4,5,13,1,1,7,4,5,1,17,1,66,3,10,7,1,7,5,1,8,2,8,27,1,21,121.5194745,25.1123056
114,08,27,11,14,11南港區,南港區東新街170巷北往南，編號95號停車格,0,0,1,1,C03,8,6,5,50,14,9,1,5,4,5,13,4,4,9,4,5,2,17,1,17,2,9,6,1,7,9,2,18,1,12,13,1,21,121.5932093,25.04088
114,08,27,11,22,06松山區,松山區南京東路4段120巷與寧安街9巷口,0,0,1,1,C03,7,6,5,30,4,2,1,5,4,5,13,2,1,8,3,5,2,16,1,52,2,9,5,1,7,5,1,10,1,11,83,1,21,121.5549718,25.0498211
114,08,27,11,47,07信義區,信義區松智路市政府前,0,0,1,1,C03,7,6,5,50,14,9,1,5,4,5,13,1,1,5,4,5,2,12,1,46,2,8,5,1,7,8,1,10,2,12,100,1,21,121.5655368,25.0373673
114,08,27,11,58,08士林區,士林區延平北路8段2巷151弄延平幹114 R24L9 B5956 HB82,0,0,1,1,B12,8,7,5,30,14,9,1,5,4,5,13,4,4,10,5,5,2,17,1,30,3,10,7,1,7,1,1,8,1,5,19,1,21,121.483801,25.1088143
114,08,27,12,28,04大安區,大安區復興南路1段101號,0,0,1,1,B12,8,6,5,50,14,9,1,5,4,5,13,4,4,1,4,5,2,17,1,64,3,10,7,1,7,1,1,4,1,17,19,1,21,121.5439662,25.0438523
114,08,27,12,28,04大安區,大安區辛亥路3段21巷(和平籃球館旁),0,0,1,1,C03,8,6,5,30,14,9,1,5,4,5,13,4,4,10,5,5,2,13,1,34,2,9,3,4,7,9,1,10,1,11,16,1,22,121.5453232,25.0216732
114,08,27,13,14,05中正區,中正區金山北路與八德路1段43巷口,0,0,1,1,B12,8,5,5,30,3,2,1,5,4,5,13,4,4,1,5,5,2,17,1,71,3,10,7,1,7,2,1,8,1,3,12,1,21,121.5304514,25.0445725
114,08,27,13,15,01大同區,大同區忠孝西路2段與塔城街口,0,0,1,1,B03,8,7,5,50,4,2,1,5,4,5,13,2,1,1,4,5,2,17,1,52,3,10,3,4,7,8,1,8,1,7,100,1,21,121.510426,25.0482292
114,08,27,13,26,04大安區,大安區和平東路2段18巷與新生南路3段19巷口,0,0,1,1,C03,7,6,5,30,4,1,1,5,4,5,13,4,4,10,5,5,1,15,2,42,2,1,5,1,7,9,1,10,1,14,72,1,21,121.5359168,25.0249709
114,08,27,13,41,08士林區,士林區德行西路89號,0,0,1,1,B03,8,7,5,50,14,9,1,5,4,5,13,4,4,9,5,5,2,17,1,58,3,10,7,1,7,6,1,8,2,1,80,1,21,121.5217096,25.104536
114,08,27,13,44,06松山區,松山區八德路3段8巷與八德路3段12巷52弄口,0,0,2,1,F01,7,6,5,50,4,1,1,5,4,5,13,1,1,5,5,5,2,15,1,32,2,9,4,1,7,9,8,20,1,12,81,1,21,121.5496936,25.04618892
114,08,27,13,46,10文山區,文山區木柵路1段3號,0,0,1,1,C03,8,5,5,50,14,9,1,5,5,5,13,4,4,5,5,5,2,18,1,29,2,9,6,1,7,9,1,10,1,12,116,1,21,121.5423006,24.98830708
114,08,27,14,08,06松山區,松山區光復北路81號,0,0,3,1,B03,7,6,5,30,3,1,1,5,4,5,13,4,4,9,5,5,2,17,1,64,3,10,7,1,7,6,1,8,1,1,9,1,21,121.558,25.0500891
114,08,27,14,15,03中山區,中山區長安西路與長安西路19巷2弄口,0,0,1,1,B03,7,6,5,50,4,1,1,5,4,5,13,2,1,4,5,5,1,16,1,38,3,10,3,4,7,6,1,8,1,2,9,1,21,121.5203362,25.05014113
114,08,27,14,15,08士林區,士林區承德路5段1101938燈桿,0,0,2,1,C03,8,6,5,40,14,8,1,5,4,5,13,4,4,1,4,4,2,29,2,34,2,9,6,1,7,9,1,10,1,14,115,1,21,121.5153362,25.0932923
114,08,27,14,15,12內湖區,內湖區成功路4段與金龍路口,0,0,3,1,C04,7,6,5,50,4,1,1,5,4,5,13,1,1,10,5,5,2,16,2,37,2,9,6,1,7,5,1,10,2,14,8,1,21,121.5950396,25.0842063
114,08,27,14,18,04大安區,大安區敦化南路2段與四維路154巷口,0,0,1,1,B01,8,6,5,50,4,1,1,5,4,5,13,2,1,4,1,1,2,12,1,36,2,9,7,1,7,9,1,4,9,4,118,1,22,121.5483117,25.0303861
114,08,27,14,49,09北投區,北投區石牌路2段342號,0,0,1,1,C03,8,7,5,50,14,9,1,5,4,5,13,4,4,5,5,5,2,13,1,55,2,9,5,1,7,9,3,18,2,11,108,1,21,121.52464,25.1227899
114,08,27,15,10,09北投區,北投區承德路7段與實踐街口,0,0,1,1,C03,8,7,5,60,4,1,1,5,4,5,13,2,1,1,4,4,2,16,2,65,2,9,6,1,7,9,1,10,1,11,44,1,22,121.5072563,25.1144579
114,08,27,15,18,07信義區,信義區松信路80號,0,0,1,1,C03,7,6,5,50,14,9,1,5,4,5,13,4,4,9,4,5,2,17,1,62,2,8,3,1,7,11,1,10,1,12,99,1,22,121.5720869,25.0460275
114,08,27,15,48,12內湖區,內湖區成功路4段與金湖路口,0,0,1,1,B02,8,6,5,50,4,1,1,5,4,5,13,2,1,1,3,5,2,17,2,57,3,10,7,1,7,5,1,4,2,17,71,1,21,121.5951256,25.0840746
114,08,27,15,53,01大同區,大同區承德路2段與民生西路口,0,0,2,1,C03,8,6,8,50,4,1,1,5,4,5,13,2,1,1,4,5,2,17,2,43,2,8,5,4,7,7,1,10,1,12,100,1,21,121.5189428,25.0572075
114,08,27,17,34,03中山區,中山區復興北路176號,0,0,1,1,A02,7,6,5,50,14,9,1,5,4,5,13,4,4,1,5,5,1,17,1,61,3,10,3,4,7,7,1,2,1,17,80,1,21,121.5440259,25.05424277
114,08,27,17,35,05中正區,中正區忠孝東路1段與天津街口,0,0,1,1,B03,7,7,5,50,4,1,1,5,4,5,13,2,1,1,4,1,2,16,1,31,3,10,7,1,7,6,1,8,9,2,9,1,21,121.5217488,25.045323
114,08,27,17,42,01大同區,大同區承德路3段（承德橋下迴轉道）,0,0,1,1,C04,8,6,5,50,11,6,1,5,4,5,13,4,4,10,3,5,1,10,1,35,3,10,6,4,7,9,1,10,1,11,4,1,21,121.5206757,25.0764597
114,08,27,17,51,12內湖區,內湖區環山路3段與內湖路2段103巷口,0,0,1,1,C03,8,7,5,50,3,1,1,5,4,5,13,2,1,5,4,5,2,18,1,30,2,9,5,1,7,6,1,10,1,14,42,1,21,121.5810388,25.084676
114,08,27,18,28,03中山區,中山區八德路2段與市民大道3段口,0,0,1,1,C03,8,7,5,50,5,1,1,5,4,5,13,1,1,1,4,5,2,12,1,18,3,10,5,1,7,6,1,10,1,12,9,1,21,121.5346602,25.0450365
114,08,27,18,45,04大安區,大安區金山南路2段188號附近側附近,0,0,1,1,B03,7,5,5,50,14,9,1,5,4,5,13,4,4,1,4,5,2,12,1,53,3,10,3,4,7,9,1,8,1,2,17,1,22,121.5199387,25.04132254
114,08,27,19,46,03中山區,中山區吉林路與長春路口,0,0,1,1,C03,7,5,5,50,4,1,1,5,4,5,13,1,1,9,4,5,2,17,1,45,3,10,6,4,7,5,1,9,2,17,71,1,21,121.5301153,25.05482067
114,08,27,20,00,05中正區,中正區牯嶺街與牯嶺街60巷口,0,0,2,1,C03,8,5,5,50,4,1,1,5,4,5,13,4,4,9,4,5,2,16,1,56,2,9,5,1,7,6,1,10,1,13,9,1,21,121.5179859,25.0279196
114,08,27,20,16,02萬華區,萬華區康定路320號,0,0,1,1,F01,8,5,5,50,14,9,1,5,4,3,13,1,1,9,4,5,2,17,1,73,2,1,2,4,7,15,8,20,1,11,86,1,21,121.5013308,25.03563977
114,08,27,20,24,03中山區,中山區市民大道3段與安東街16巷18弄口,0,0,1,1,,8,5,5,40,14,9,1,5,4,5,13,4,4,1,4,5,2,24,3,0,,,,,,,,,,,130,1,,121.5410469,25.04475402
114,08,27,20,45,04大安區,大安區仁愛路4段300巷25弄與仁愛路4段300巷口,0,0,1,1,B03,8,5,5,30,4,2,1,5,4,5,13,4,4,10,5,5,1,15,1,19,3,10,7,1,7,9,1,8,1,2,72,1,26,121.5544483,25.0358011
114,08,27,20,56,02萬華區,萬華區和平西路3段與桂林路246巷口,0,0,1,1,B03,8,5,5,30,4,1,1,5,4,5,13,1,1,10,5,5,2,17,1,35,3,10,3,1,7,6,1,8,1,7,82,1,22,121.4910362,25.0357858
114,08,27,20,56,04大安區,大安區市民大道3段昌隆198公園,0,0,1,1,B03,7,5,5,40,14,9,1,5,4,5,13,2,1,1,4,5,2,12,1,71,3,10,3,4,7,9,1,8,1,5,17,1,22,121.5393718,25.0444996
114,08,27,22,38,03中山區,中山區樂群三路56號,0,0,1,1,C03,7,5,5,50,14,9,1,5,4,5,13,4,4,8,4,5,2,16,1,29,4,11,3,4,7,9,7,19,11,11,42,2,22,121.5527075,25.0826587
114,08,28,00,18,09北投區,北投區中央北路3段與中央北路3段220巷口,0,0,1,1,B03,8,5,5,50,3,1,1,5,4,5,13,1,1,5,4,5,2,17,1,57,3,10,3,4,7,1,1,8,2,7,19,1,21,121.4806516,25.1362801
114,08,28,03,56,01大同區,大同區環河堤外便道與環河堤外便道口3號水門堤外便道,0,0,1,1,A12,8,5,5,40,3,2,1,2,4,5,13,2,1,5,4,5,2,17,1,45,4,11,3,4,7,21,1,7,9,17,35,2,22,121.5063221,25.0509383
114,08,28,04,45,04大安區,大安區信義路3段134巷與建國南路2段69巷口,0,0,1,1,C03,8,6,5,50,4,1,1,5,4,5,13,2,1,9,5,5,2,15,1,32,2,8,6,1,7,9,1,10,1,11,44,1,21,121.5394169,25.0311832
114,08,28,04,50,06松山區,松山區富錦街與撫遠街口,0,0,1,1,B03,8,5,5,50,4,2,1,5,4,5,13,2,1,1,3,5,2,16,1,46,3,10,3,4,7,11,1,8,2,4,103,1,21,121.5663427,25.0618441
114,08,28,07,05,11南港區,南港區市民大道8段與南港路1段171巷口,0,0,1,1,C03,7,6,5,50,3,2,1,5,4,5,13,1,1,5,4,5,2,13,1,63,3,10,5,1,7,9,1,10,1,11,108,1,21,121.6132649,25.0541961
114,08,28,07,11,05中正區,中正區愛國東路20號,0,0,1,1,C03,8,6,5,40,14,7,1,5,4,5,13,4,4,1,4,4,2,12,1,75,2,1,6,1,7,10,1,10,2,14,100,1,21,121.5176268,25.0344646
114,08,28,07,20,07信義區,信義區忠孝東路4段553巷5號,0,0,2,1,C02,8,5,8,50,22,22,1,5,4,5,13,4,4,5,4,5,2,17,1,52,2,9,6,1,7,5,1,9,1,12,17,1,22,121.5627327,25.0422413
114,08,28,07,32,04大安區,大安區金山南路2段55號,0,0,1,1,B03,8,6,5,50,14,9,1,5,4,5,13,4,4,1,4,5,2,17,2,39,3,10,7,1,7,9,1,8,2,15,108,1,21,121.5270745,25.0326725
114,08,28,07,43,06松山區,松山區八德路4段245巷與八德路4段245巷13弄口,0,0,2,1,C03,8,7,5,30,4,1,1,5,4,5,13,4,4,10,5,5,2,16,2,48,2,7,6,1,7,9,1,10,1,14,72,1,22,121.5647707,25.0493195