發生年度,發生月,發生日,發生時-Hours,發生分,區序,肇事地點,死亡人數,2-30日死亡人數,受傷人數,當事人序號,車種,天候,光線,道路類別,速限-速度限制,道路型態,事故位置,路面狀況1,路面狀況2,路面狀況3,道路障礙1,道路障礙2,號誌1,號誌2,車道劃分-分向,車道劃分-分道1,車道劃分-分道2,車道劃分-分道3,事故類型及型態,性別,年齡,受傷程度,主要傷處,保護裝置,行動電話,車輛用途,當事者行動狀態,駕駛資格情形,駕駛執照種類,飲酒情形,車輛撞擊部位1,肇因碼-個別,個人肇逃否,職業,座標-X,座標-Y
114,08,28,08,00,03中山區,中山區民生東路1段與民生東路1段27巷口,0,0,1,1,B01,8,7,5,50,3,1,1,5,4,5,13,4,4,9,4,5,2,16,1,64,3,10,7,1,7,5,1,4,1,6,98,1,21,121.5249987,25.0581269
114,08,28,08,04,11南港區,南港區市民大道7段222號,0,0,2,1,C03,8,6,5,50,14,9,1,5,4,5,13,4,4,3,4,5,2,13,1,25,2,9,6,1,7,9,1,10,2,11,108,1,21,121.5872008,25.0502424
114,08,28,08,05,10文山區,文山區和平東路4段燈桿0707307號,0,0,2,1,C03,8,6,5,40,14,13,1,5,4,5,13,4,4,5,5,5,1,17,1,36,3,10,3,4,7,12,1,10,2,13,99,1,22,121.5665943,25.00628239
114,08,28,08,20,09北投區,北投區大度路3段6510002號燈桿,0,0,2,1,C03,8,6,5,50,14,9,1,5,4,5,13,4,4,1,4,5,2,13,1,42,2,9,6,1,7,9,1,10,2,11,16,1,21,121.4673366,25.1230695
114,08,28,08,28,09北投區,北投區大度路與大度路150巷口,0,0,2,1,C03,7,5,5,50,3,2,1,5,4,5,13,1,1,1,4,4,1,13,1,71,2,9,5,1,7,7,1,10,2,13,100,1,21,121.5209163,25.1205588
114,08,28,08,29,09北投區,北投區稻香路29-4號,0,0,1,1,C03,8,5,5,50,14,9,1,5,4,5,13,4,4,7,4,5,1,17,1,60,3,10,6,1,7,11,1,10,1,14,44,1,21,121.4904278,25.1392384
114,08,28,08,40,03中山區,中山區民生西路3巷與中山北路2段96巷口,0,0,1,1,,8,7,5,30,4,1,1,5,4,5,13,4,4,10,5,5,2,3,4,0,,,,,,,,,11,,119,2,,121.5211246,25.05013597
114,08,28,08,40,05中正區,中正區博愛路與長沙街1段口,0,0,1,1,C03,8,5,5,50,3,2,1,5,3,5,13,4,4,9,4,5,2,18,1,39,2,9,5,1,7,9,1,10,2,14,44,1,21,121.5112961,25.0399708
114,08,28,08,40,08士林區,士林區中正路628號,0,0,2,1,C03,8,7,5,50,14,9,1,5,4,5,13,1,1,1,5,5,2,13,1,33,2,8,6,1,7,9,1,10,1,11,16,1,21,121.5085482,25.0866616
114,08,28,08,46,03中山區,中山區民生東路2段178號旁,0,0,1,1,C03,8,7,5,50,14,9,1,5,4,5,13,4,4,1,4,5,2,17,2,26,2,9,3,4,7,8,1,10,1,14,100,1,29,121.5361981,25.0578085
114,08,28,08,50,09北投區,北投區公館路與公館路344巷口,0,0,1,1,C03,8,6,5,30,5,1,1,5,4,5,13,4,4,9,5,5,2,13,1,25,2,7,6,1,7,9,1,9,1,14,16,1,21,121.5054019,25.1238955
114,08,28,08,50,09北投區,北投區中和街與中和街458巷口,0,0,2,1,C03,8,5,5,30,3,2,1,5,4,5,13,4,4,7,4,5,2,17,1,68,2,8,6,1,7,5,1,10,2,14,4,1,21,121.4961581,25.1449043
114,08,28,08,50,12內湖區,內湖區瑞光路15號,0,0,1,1,C03,8,6,5,50,14,9,1,5,4,5,13,1,1,10,5,5,2,13,2,30,2,8,6,1,7,9,1,10,1,11,16,1,21,121.583592,25.0695784
114,08,28,08,51,03中山區,中山區民權東路1段2號,0,0,1,1,C03,8,5,5,50,14,9,1,5,4,5,13,4,4,1,4,4,2,12,2,19,2,8,3,4,7,9,1,10,1,12,108,1,21,121.5236881,25.06273703
114,08,28,08,56,04大安區,大安區復興南路1段89號,0,0,1,1,C03,8,6,5,50,14,9,1,5,4,5,13,4,4,1,3,4,2,13,1,27,2,9,5,1,7,7,1,10,1,11,100,1,22,121.5439324,25.0442672
114,08,28,09,22,02萬華區,萬華區西藏路125巷與雙和街口,0,0,2,1,B03,8,6,6,30,4,1,1,5,4,5,13,1,1,10,5,5,1,17,1,51,3,10,7,1,7,11,1,8,1,8,10,1,21,121.5026985,25.0279137
114,08,28,09,30,03中山區,(林森北路448號前),0,0,1,1,B01,8,7,5,50,14,9,1,5,4,5,13,4,4,9,5,5,2,16,1,61,3,10,7,1,7,11,1,4,1,8,10,1,21,121.5254827,25.06061598
114,08,28,09,59,03中山區,中山區中山北路2段39巷2-2號,0,0,1,1,B03,8,6,7,50,14,9,1,5,4,5,13,4,4,1,5,5,2,16,1,23,3,10,3,4,7,5,1,10,1,4,8,1,29,121.5249819,25.0538665
114,08,28,10,07,08士林區,士林區承德路4段39號,0,0,2,1,C03,8,6,5,50,14,9,1,5,4,5,13,4,4,1,4,4,2,17,2,63,3,10,3,1,7,9,1,10,11,17,44,2,21,121.5227254,25.08110284
114,08,28,10,10,06松山區,松山區塔悠路211號,0,0,1,1,B03,8,6,6,50,14,9,1,5,4,5,13,4,4,8,3,4,1,16,1,48,3,10,3,1,7,6,1,8,1,2,9,1,21,121.569268,25.0585103
114,08,28,10,18,09北投區,北投區中央北路4段48號,0,0,1,1,B03,8,6,5,50,14,9,1,5,4,5,13,3,1,9,4,5,2,16,1,27,3,10,7,1,7,6,1,8,1,2,9,1,21,121.4774261,25.1346647
114,08,28,10,22,01大同區,大同區塔城街與鄭州路口口,0,0,2,1,C03,8,5,5,50,5,1,1,5,4,5,13,2,1,1,4,1,2,13,2,37,2,9,6,1,7,1,1,10,1,13,19,1,22,121.5105274,25.0501582
114,08,28,10,31,04大安區,大安區和平東路3段與基隆路2段口,0,0,1,1,B02,8,5,5,50,14,9,1,5,4,5,13,2,1,10,5,5,2,17,1,31,3,10,3,4,7,6,1,8,1,4,9,1,21,121.5521185,25.0240543
114,08,28,10,39,09北投區,北投區中央北路3段1巷與新興路口,0,0,1,1,C03,8,5,5,50,4,2,1,5,4,5,13,1,1,9,4,5,1,17,2,47,2,9,5,1,7,5,1,10,1,14,8,1,21,121.486705,25.138291
114,08,28,10,51,06松山區,松山區光復北路1號,0,0,1,1,B01,7,6,5,50,14,9,1,5,4,5,13,4,4,3,4,5,2,17,1,49,2,1,7,1,7,5,1,4,1,2,77,1,21,121.5579113,25.048582
114,08,28,11,10,09北投區,北投區文林北路與文林北路75巷口,1,0,0,1,C03,8,6,5,50,3,1,1,5,4,5,13,2,1,1,3,4,2,13,1,37,1,1,5,1,7,9,3,18,2,11,108,1,21,121.5152476,25.10704813
114,08,28,11,17,12內湖區,內湖區康寧路3段與安康路口,0,0,1,1,B03,8,6,5,30,4,1,1,5,4,5,13,2,1,10,5,5,2,17,1,75,3,10,3,4,7,15,1,7,1,8,113,1,21,121.6106396,25.0656875
114,08,28,11,30,06松山區,松山區撫遠街與撫遠街394巷口,0,0,1,1,B03,8,6,5,50,4,2,1,5,4,5,13,4,4,1,4,5,2,9,2,48,3,10,7,3,7,3,1,8,1,7,108,1,22,121.5655155,25.0649283
114,08,28,11,40,02萬華區,萬華區桂林路119號,0,0,1,1,,7,7,5,40,14,12,1,5,4,5,13,4,4,8,3,4,2,1,4,0,4,11,3,4,7,21,7,19,11,15,119,2,22,121.5004143,25.0384997
114,08,28,11,50,12內湖區,內湖區洲子街18號(大港墘公園地下停車場前),0,0,1,1,B03,8,6,5,50,14,9,1,5,4,5,13,4,4,8,3,5,1,16,2,39,3,10,7,1,7,7,1,8,2,4,100,1,21,121.5744878,25.0787086
114,08,28,11,55,04大安區,大安區和平東路1段與和平東路1段104巷口旁,0,0,1,1,B03,8,6,5,50,3,2,1,5,4,5,13,4,4,1,4,5,2,12,1,56,3,10,7,1,7,15,1,8,1,2,17,1,21,121.5253418,25.0267301
114,08,28,12,02,12內湖區,內湖區成功路5段與成功路5段170巷口口,0,0,1,1,C03,8,5,5,50,14,9,1,5,4,5,13,4,4,1,4,5,2,17,1,74,2,9,6,1,7,7,1,10,2,14,100,1,21,121.6058078,25.0826346
114,08,28,12,21,01大同區,大同區萬全街12號,0,0,1,1,C03,8,6,8,30,14,11,4,5,4,5,13,4,4,10,5,5,2,9,1,26,4,11,3,4,7,9,1,10,11,12,108,1,22,121.5206852,25.0583594
114,08,28,12,23,01大同區,大同區延平北路3段與民權西路口,0,0,2,1,C03,8,6,5,50,4,1,1,5,4,5,13,2,1,1,4,5,2,17,2,22,2,8,6,4,7,5,1,10,1,14,8,1,22,121.5112037,25.06305775
114,08,28,12,26,09北投區,北投區文林北路與文林北路75巷口,0,0,1,1,C03,8,6,5,50,4,2,1,5,4,5,13,2,1,1,4,4,2,29,2,29,2,9,5,1,7,14,1,10,9,12,38,1,21,121.5171313,25.1055439
114,08,28,12,42,05中正區,中正區重慶北路1段與北平西路口,0,0,1,1,B01,7,7,5,30,5,2,1,5,4,1,13,1,1,9,4,4,2,12,1,59,3,10,7,1,7,8,1,2,2,2,100,1,26,121.5132984,25.0483894
114,08,28,12,55,03中山區,中山區松江路109號,0,0,1,1,B03,8,5,5,50,14,9,1,5,4,5,13,4,4,1,4,5,2,16,2,35,3,10,3,4,7,8,1,8,1,5,100,1,21,121.5326686,25.05132438
114,08,28,12,56,10文山區,文山區羅斯福路5段與萬盛街口,0,0,1,1,C03,8,6,5,50,4,4,1,5,4,5,13,2,1,1,4,5,2,13,2,29,2,9,5,1,7,9,1,10,2,11,16,1,21,121.5379926,25.0082062
114,08,28,13,01,02萬華區,萬華區環河南路1段與康定路口,0,0,1,1,C03,8,6,5,40,3,2,1,5,4,5,13,1,2,9,5,5,2,12,1,65,2,9,5,1,7,1,3,18,1,14,19,1,22,121.5029767,25.0460418
114,08,28,14,20,07信義區,信義區逸仙路50巷與忠孝東路4段554巷口,0,0,1,1,B12,8,6,5,30,4,1,1,5,4,5,13,4,4,9,5,5,2,15,1,23,3,10,7,1,7,9,1,8,1,8,72,1,21,121.563381,25.0406081
114,08,28,14,50,03中山區,中山區建國北路2段19巷與長春路258巷2弄口,0,0,1,1,B03,8,7,5,30,4,1,1,5,4,5,13,4,4,10,5,5,2,15,1,24,3,10,7,1,7,9,1,8,1,2,72,1,21,121.5383914,25.05442044
114,08,28,14,52,09北投區,北投區大度路3段與知行路口,0,0,1,1,B03,8,7,5,50,4,2,1,5,4,5,13,2,1,5,4,5,2,17,1,75,3,10,7,1,7,5,1,8,1,4,108,1,21,121.4668937,25.12315125
114,08,28,15,25,04大安區,大安區忠孝東路4段216巷與安和路1段49巷口,0,0,1,1,B03,8,6,5,30,4,1,1,5,4,5,13,4,4,9,4,5,1,15,1,55,3,10,3,4,7,9,1,8,1,5,72,1,21,121.5529597,25.0384917
114,08,28,15,26,05中正區,中正區中華路2段與中華路2段303巷口口,0,0,2,1,C03,8,6,5,50,4,1,1,5,4,5,12,1,1,5,5,4,2,16,2,27,2,8,5,1,7,5,1,10,1,11,71,1,21,121.5048168,25.0292622
114,08,28,15,27,01大同區,大同區環河北路1段與迪化街1段224巷口,0,0,1,1,C03,8,6,5,50,3,1,1,5,4,5,13,4,4,1,4,5,2,13,1,48,2,9,5,1,7,9,1,10,2,11,44,1,21,121.5085372,25.0593221
114,08,28,15,29,04大安區,大安區羅斯福路4段與新生南路3段口,0,0,1,1,C03,8,6,4,50,4,2,1,5,4,5,13,2,1,9,4,5,1,13,1,42,2,7,5,1,7,9,1,10,1,11,16,1,21,121.5330009,25.0161514
114,08,28,15,54,07信義區,信義區永吉路與永吉路187巷口,0,0,2,1,F02,8,6,5,30,3,1,1,5,4,5,13,4,4,1,4,4,2,17,2,42,2,2,3,4,7,6,8,20,2,14,72,1,22,121.5726433,25.0456452
114,08,28,16,35,03中山區,中山區長春路與一江街口,0,0,1,1,B02,8,6,5,50,14,9,1,5,4,5,13,1,1,8,3,4,2,11,1,27,3,10,7,1,7,5,1,8,1,6,8,1,21,121.5315274,25.0548018
114,08,28,16,41,10文山區,文山區景文街與景中街口,0,0,1,1,B12,8,6,5,50,4,1,1,5,4,5,13,2,1,5,5,5,2,16,1,33,3,10,7,1,7,6,1,8,2,2,9,1,21,121.5413393,24.9928462
114,08,28,16,45,03中山區,中山區一江街與南京東路2段口,0,0,1,1,B02,8,7,5,50,4,1,1,5,4,5,13,1,1,1,4,4,2,13,1,64,3,10,3,4,7,6,1,8,1,5,108,1,22,121.531566,25.0521917
114,08,28,16,52,08士林區,士林區中山北路7段與天母東路口,0,0,2,1,B03,8,6,5,50,4,1,1,5,4,5,13,2,1,3,4,5,2,17,1,56,3,10,7,1,7,9,6,14,1,5,81,1,26,121.53006,25.11836874
114,08,28,17,20,12內湖區,內湖區瑞光路102號,0,0,1,1,C03,8,6,5,50,14,9,1,5,4,5,13,4,4,5,4,5,2,12,1,73,2,9,5,4,7,21,7,19,9,14,101,1,21,121.5814546,25.0715378
114,08,28,17,37,09北投區,北投區承德路7段139號,0,0,4,1,H01,8,6,5,0,14,9,1,5,4,5,13,4,4,1,4,1,2,6,1,26,2,9,4,5,8,18,8,20,10,16,121,1,21,121.5087942,25.1126862
114,08,28,17,43,09北投區,北投區崗山路與崗山路8巷口,0,0,1,1,B03,8,6,5,30,4,1,1,5,4,5,13,4,4,10,5,5,2,15,1,37,3,10,7,1,7,9,1,8,2,1,72,1,21,121.4867984,25.1402865
114,08,28,18,02,08士林區,士林區中正路586巷與中正路口,0,0,4,1,C03,7,6,5,50,3,2,1,5,4,5,13,4,4,1,4,5,1,17,2,52,2,8,6,1,7,8,1,10,1,14,100,1,22,121.5095257,25.08675749
114,08,28,18,05,03中山區,中山區樂群一路與敬業三路口基隆河16號疏散門前,0,0,1,1,B03,7,5,5,50,14,9,1,5,4,5,13,1,1,3,3,5,2,17,1,36,3,10,7,1,7,6,1,8,1,17,98,1,21,121.5563051,25.0770938
114,08,28,18,15,07信義區,信義區市民大道5段82號,0,0,2,1,C03,8,5,5,40,14,9,1,5,4,5,13,4,4,1,4,5,2,13,1,58,2,9,3,4,7,9,1,10,2,11,16,1,22,121.5669546,25.0485188
114,08,28,18,38,01大同區,大同區延平北路2段272巷與安西街口,0,0,1,1,C03,8,5,5,30,5,1,1,5,4,5,13,4,4,10,5,5,2,15,2,44,2,8,6,1,7,9,1,10,2,11,72,1,21,121.509751,25.0620808
114,08,28,19,02,05中正區,中正區臨沂街19巷與臨沂街口,0,0,3,1,C03,7,5,5,30,4,1,1,5,4,5,8,4,4,5,5,5,2,15,2,20,2,9,5,1,7,9,3,18,2,11,72,1,22,121.5304802,25.041991
114,08,28,19,09,07信義區,信義區忠孝東路5段789號,0,0,1,1,C03,7,5,5,50,14,9,1,5,4,5,13,4,4,8,4,5,2,13,1,18,3,10,3,4,7,9,1,10,1,11,16,1,21,121.5817004,25.0440194
114,08,28,19,30,02萬華區,萬華區康定路與成都路口,0,0,1,1,C03,8,5,5,50,4,1,1,5,4,5,13,2,1,10,4,5,2,17,1,25,2,7,6,1,7,5,1,10,1,14,8,1,21,121.5026589,25.04351252
114,08,28,20,56,11南港區,南港區研究院路2段86號,0,0,1,1,C03,8,5,5,50,14,9,1,5,4,5,13,2,1,3,4,5,2,17,1,20,2,1,5,1,7,9,1,10,1,11,44,1,22,121.6154881,25.0451265
114,08,28,21,20,05中正區,中正區林森南路地下道,0,0,1,1,C03,8,5,5,50,7,9,1,5,4,5,13,4,4,10,2,5,2,12,2,31,3,10,5,1,7,9,1,10,2,12,108,1,22,121.5191228,25.03377133
114,08,28,22,03,05中正區,中正區中華路2段與中華路2段467巷口,1,0,0,1,B03,7,5,5,50,3,18,1,5,4,5,13,3,1,5,5,4,2,3,1,64,3,10,7,1,7,9,1,8,2,1,70,1,22,121.5112177,25.0243854
114,08,28,22,20,05中正區,中正區中山南路與忠孝西路1段口,0,0,2,1,C03,7,5,5,50,4,2,1,5,4,5,13,1,1,1,4,1,2,13,2,21,2,9,5,1,7,9,1,10,1,13,44,1,21,121.519353,25.04540865
114,08,28,22,28,07信義區,信義區基隆路2段與信義路5段口,0,0,1,1,F02,7,5,5,0,14,20,4,5,4,5,13,4,4,10,5,5,2,18,1,36,2,9,4,1,7,9,8,20,8,14,21,1,21,121.5596098,25.0327564
114,08,28,23,15,04大安區,大安區信義路4段與信義路4段265巷口,0,0,1,1,C03,8,5,5,30,4,1,1,5,4,5,13,2,1,9,4,5,1,16,1,32,3,10,5,1,7,5,1,10,2,11,71,1,23,121.5543037,25.033337
114,08,29,00,29,12內湖區,內湖區安康路與康寧路3段口,0,0,2,1,A12,8,5,5,50,5,1,1,2,4,5,13,1,1,5,5,5,2,17,1,44,3,10,7,1,7,5,1,3,9,17,30,1,21,121.6109409,25.065056
114,08,29,06,01,10文山區,文山區木新路3段與木新路3段74巷口口旁,0,0,1,1,B12,8,6,5,30,3,1,1,5,4,5,13,4,4,10,5,5,2,3,1,44,3,10,7,1,7,6,1,8,2,1,70,1,21,121.5634707,24.9823489
114,08,29,06,17,03中山區,中山區中山北路3段水晶橋下,0,0,1,1,C03,7,7,5,50,14,9,1,5,4,5,13,1,1,1,3,5,1,17,1,53,2,9,6,1,7,11,1,10,1,14,83,1,21,121.5229533,25.07084544
114,08,29,06,47,05中正區,中正區愛國東路24號,0,0,1,1,C03,8,6,5,50,14,7,1,5,4,5,13,1,1,1,4,4,2,13,1,29,3,10,5,1,7,9,3,18,2,11,108,1,21,121.5182544,25.03418665
114,08,29,07,30,05中正區,中正區愛國西路與重慶南路2段口口,0,0,2,1,C03,8,6,5,50,4,1,1,5,4,5,13,1,1,1,4,5,2,17,1,35,2,5,6,1,7,6,3,18,1,11,9,1,21,121.5124877,25.0348889
114,08,29,07,52,01大同區,大同區重慶北路3段與重慶北路3段335巷口,0,0,2,1,C03,8,6,5,50,3,1,1,5,4,5,13,4,4,1,4,5,2,17,1,30,2,9,6,4,7,9,1,10,2,11,16,1,22,121.5139467,25.074627
114,08,29,07,54,06松山區,松山區民生東路3段與敦化北路口,0,0,1,1,F01,7,6,5,50,4,1,1,5,5,5,13,1,1,1,4,5,2,18,1,38,2,9,4,1,7,9,8,20,2,14,87,1,21,121.5490094,25.05783976
114,08,29,07,55,11南港區,南港區市民大道7段與昆陽街口,0,0,1,1,C03,8,6,5,50,4,1,1,5,4,5,13,1,1,3,5,5,2,13,1,41,2,9,3,4,7,9,1,10,1,11,16,1,21,121.5936712,25.0511674
114,08,29,08,15,12內湖區,內湖區大湖街190-1號,0,0,1,1,A12,8,6,5,30,11,9,1,5,4,5,13,4,4,10,5,5,1,11,1,39,3,10,7,1,7,9,1,2,2,4,44,1,21,121.6055097,25.0939613
114,08,29,08,17,08士林區,士林區文林路615巷與文林路775巷口,0,0,1,1,B03,8,6,5,50,3,2,1,5,4,5,13,2,1,5,5,5,2,17,2,40,3,10,7,1,7,9,1,8,1,8,4,1,21,121.5176959,25.1000236
114,08,29,08,20,10文山區,文山區辛亥路7段與辛亥路7段5巷口,0,0,1,1,C03,8,7,5,40,3,2,1,5,4,5,13,4,4,5,5,4,2,13,1,28,3,10,5,1,7,9,1,10,1,11,108,1,21,121.5526425,24.9871095
114,08,29,08,20,07信義區,信義區仁愛路4段507號,0,0,1,1,C03,8,6,5,50,14,9,1,5,4,5,13,4,4,5,4,5,1,16,2,47,2,8,3,4,7,5,1,10,1,12,8,1,22,121.5615117,25.03869386
114,08,29,08,25,10文山區,文山區羅斯福路5段與萬盛街口,0,0,2,1,C03,8,6,5,50,3,1,1,5,4,5,13,4,4,1,4,5,2,13,1,28,2,9,6,1,7,9,1,10,1,11,16,1,21,121.5388135,25.0071313
114,08,29,08,29,05中正區,中正區南昌路1段與寧波西街口,0,0,2,1,B03,8,7,5,50,4,1,1,5,4,5,13,1,1,1,2,5,2,13,1,46,3,10,7,1,7,9,1,8,1,1,108,1,21,121.5176185,25.0307542
114,08,29,08,30,03中山區,中山區濱江街178-5號,0,0,1,1,B12,8,6,5,50,14,9,1,5,4,5,13,1,1,1,4,4,2,13,1,64,3,10,3,4,7,9,1,8,1,5,108,1,22,121.5381149,25.0723381
114,08,29,08,40,02萬華區,萬華區康定路與大理街口,0,0,2,1,B12,8,6,5,50,4,1,1,5,4,5,13,2,1,5,5,5,2,16,1,59,3,10,7,1,7,5,6,8,1,8,8,1,26,121.5011404,25.03461861
114,08,29,08,45,12內湖區,內湖區民權東路6段296巷與康寧路3段26巷口,0,0,1,1,C03,8,7,5,30,4,1,1,5,4,5,13,1,3,9,5,5,2,15,1,76,2,8,5,1,7,9,1,10,1,11,75,1,21,121.607476,25.0712988
114,08,29,08,55,10文山區,文山區和平東路4段356巷與和平東路4段口,0,0,1,1,C03,8,5,5,40,3,2,1,5,4,5,13,2,1,5,5,5,1,13,2,52,3,10,5,1,7,9,1,10,1,11,16,1,21,121.5740362,24.9992968
114,08,29,09,00,03中山區,中山區復興北路484號,0,0,1,1,B01,8,6,5,50,14,9,1,5,4,5,13,4,4,1,5,5,1,12,1,67,3,10,3,4,7,7,1,4,1,2,100,1,21,121.5441759,25.0650317
114,08,29,09,06,12內湖區,內湖區內湖路1段411巷030207燈桿附近,0,0,2,1,C03,8,6,5,50,14,9,1,5,4,5,13,4,4,8,3,5,1,17,1,50,2,7,6,1,7,7,1,10,2,14,100,1,21,121.5705752,25.0859391
114,08,29,09,15,03中山區,中山區八德路2段312巷13號,0,0,1,1,B01,8,7,5,30,14,9,1,5,4,5,13,4,4,9,4,5,2,3,1,61,3,10,3,4,7,9,1,4,1,5,108,1,25,121.5428217,25.04690417
114,08,29,09,33,02萬華區,萬華區西園路2段372巷15弄與西園路2段320巷口,0,0,1,1,C03,8,6,5,30,3,1,1,5,4,5,13,4,4,10,5,5,1,17,1,39,3,10,3,4,7,6,1,10,1,11,42,1,22,121.4915774,25.0268442
114,08,29,09,40,05中正區,中正區貴陽街1段與公園路1段北口(外交部西側停車場),0,0,1,1,B03,8,5,5,50,3,2,1,5,4,5,13,4,4,9,4,5,2,17,1,68,3,10,7,1,7,6,1,8,1,5,9,1,21,121.5154301,25.0388295
114,08,29,09,45,01大同區,大同區延平北路2段88號,0,0,1,1,B12,8,6,5,50,14,9,1,5,4,5,13,4,4,5,4,5,2,17,1,55,3,10,3,4,7,11,1,8,1,8,10,1,21,121.511615,25.0561993
114,08,29,09,50,12內湖區,內湖區成功路5段與康湖路口口,0,0,1,1,F01,8,6,5,40,14,8,1,5,4,5,13,4,4,1,4,4,2,13,1,35,2,9,5,1,7,9,8,20,1,11,42,1,21,121.6065737,25.0816262
114,08,29,10,30,01大同區,大同區民權西路102巷與民權西路102巷4弄口,0,0,1,1,F02,7,6,5,30,4,1,1,5,4,5,13,4,4,10,4,5,2,15,2,36,2,8,3,4,7,9,8,20,2,12,72,1,21,121.5177097,25.0615924
114,08,29,10,42,12內湖區,內湖區陽光街與江南街71巷口,0,0,2,1,C03,8,7,5,50,3,1,1,5,4,5,13,4,4,4,3,5,1,17,2,37,2,9,5,1,7,5,1,10,1,12,8,1,21,121.5795168,25.0739255
114,08,29,11,10,07信義區,信義區忠孝東路5段236巷與忠孝東路5段236巷10弄口,0,0,1,1,B13,8,6,5,50,3,2,1,5,4,5,13,1,1,4,3,5,2,17,1,32,3,10,3,4,7,9,1,8,1,17,81,1,21,121.5718836,25.0400506
114,08,29,11,21,01大同區,大同區通河西街1段與通河西街堤外便道口,0,0,1,1,F01,8,5,5,30,3,1,1,5,4,5,13,4,4,10,4,5,2,12,2,43,2,9,2,1,7,11,8,20,1,11,71,1,22,121.5177752,25.0777668
114,08,29,11,32,08士林區,士林區通河東街1段38號,0,0,1,1,C03,8,6,5,30,14,9,1,5,4,5,13,4,4,10,5,5,2,11,1,61,2,7,6,1,7,9,1,10,1,14,42,1,21,121.5166004,25.0832757
114,08,29,11,43,04大安區,大安區忠孝東路4段170巷與忠孝東路4段170巷17弄口,0,0,2,1,C03,8,6,5,30,4,1,1,5,4,5,13,4,4,10,5,5,2,15,1,49,2,9,5,1,7,9,1,10,1,11,72,1,21,121.5507638,25.0399352
114,08,29,11,43,06松山區,松山區松河街2號,0,0,2,1,C03,8,7,5,40,22,9,1,5,4,5,13,4,4,5,5,5,2,17,1,67,2,9,6,1,7,5,1,8,1,11,42,1,21,121.5710379,25.0514025
114,08,29,12,08,07信義區,信義區信義路5段與基隆路1段口,0,0,1,1,C03,8,6,5,50,14,9,1,5,4,5,13,1,1,5,4,5,2,13,1,65,2,9,6,1,7,5,1,10,1,11,16,1,21,121.5598642,25.0330261
114,08,29,12,13,09北投區,北投區大同街294號前,0,0,2,1,C03,8,6,5,50,14,9,1,5,4,5,13,4,4,5,5,5,2,17,1,41,2,8,5,1,7,11,1,9,2,11,10,1,21,121.4994209,25.1408144
114,08,29,12,47,07信義區,信義區信義路5段91巷15弄與松德路200巷口口,0,0,1,1,B03,8,6,5,30,14,9,1,5,4,5,13,1,1,6,3,5,2,13,1,40,3,10,7,1,7,6,1,8,1,6,44,1,21,121.5735242,25.0346188
114,08,29,13,13,04大安區,大安區信義路4段與無名巷口,0,0,1,1,B02,8,6,5,50,3,1,1,5,4,5,13,4,4,10,3,5,2,17,1,24,3,10,7,1,7,6,1,8,1,6,44,1,21,121.5501124,25.0331308
114,08,29,13,15,06松山區,松山區光復北路與光復北路60巷口,0,0,2,1,C03,8,5,5,50,3,1,1,5,4,5,13,1,1,9,4,5,2,17,2,32,2,7,6,1,7,7,1,10,1,14,100,1,21,121.5578234,25.04973507
114,08,29,13,21,04大安區,大安區忠孝東路4段176號,0,0,2,1,B01,8,6,5,50,14,9,1,5,4,5,13,4,4,1,4,5,2,12,1,49,3,10,7,1,7,9,1,4,1,2,108,1,21,121.5512837,25.0413839
114,08,29,13,25,12內湖區,內湖區內湖路1段與內湖路1段715巷口口,0,0,1,1,B03,8,5,5,50,3,1,1,5,4,5,13,4,4,1,4,4,2,17,1,26,3,10,7,1,7,6,1,8,1,2,9,1,21,121.5776718,25.0791953
114,08,29,13,30,06松山區,松山區敦化北路與民生東路4段口,0,0,2,1,B03,8,6,5,50,4,1,1,5,4,5,13,1,1,1,4,4,2,16,1,29,2,2,7,1,7,6,1,8,2,5,85,1,21,121.5492561,25.0576703
114,08,29,13,47,10文山區,文山區木柵路1段與木柵路1段378巷口,0,0,3,1,C03,8,7,5,50,3,1,1,5,4,5,13,4,4,10,5,5,2,17,2,41,2,9,5,1,7,1,1,10,1,13,19,1,21,121.5566269,24.988485
114,08,29,14,23,04大安區,大安區基隆路3段與臥龍街口,0,0,1,1,B03,8,6,5,30,3,2,1,5,4,5,13,4,4,10,5,5,1,16,1,80,3,10,3,4,7,6,1,8,2,7,72,1,21,121.5483635,25.0205262
114,08,29,15,23,03中山區,中山區明水路與樂群一路口,0,0,2,1,B02,8,6,5,50,5,2,1,5,4,5,13,1,1,8,4,5,1,17,2,37,2,9,7,1,7,9,1,8,1,1,108,1,21,121.5505241,25.07726507
114,08,29,15,57,04大安區,大安區敦化南路2段63巷5號,0,0,1,1,B12,8,6,5,50,14,9,1,5,4,5,13,4,4,5,5,5,2,17,1,38,3,10,7,1,7,9,1,8,2,1,108,1,21,121.5494309,25.0310916
114,08,29,16,10,03中山區,中山區林森北路與林森北路51巷口,0,0,1,1,C03,8,7,5,50,4,1,1,5,4,5,13,4,4,5,4,5,2,13,2,37,2,9,5,1,7,9,1,10,1,11,16,1,22,121.5244556,25.04847623
114,08,29,16,10,10文山區,文山區興隆路4段與興隆路4段1巷口,0,0,2,1,C03,8,6,5,50,3,1,1,5,4,5,13,1,1,3,4,4,2,16,2,46,2,9,6,1,7,5,1,10,1,12,8,1,21,121.5589324,24.9911458