發生年度,發生月,發生日,發生時-Hours,發生分,區序,肇事地點,死亡人數,2-30日死亡人數,受傷人數,當事人序號,車種,天候,光線,道路類別,速限-速度限制,道路型態,事故位置,路面狀況1,路面狀況2,路面狀況3,道路障礙1,道路障礙2,號誌1,號誌2,車道劃分-分向,車道劃分-分道1,車道劃分-分道2,車道劃分-分道3,事故類型及型態,性別,年齡,受傷程度,主要傷處,保護裝置,行動電話,車輛用途,當事者行動狀態,駕駛資格情形,駕駛執照種類,飲酒情形,車輛撞擊部位1,肇因碼-個別,個人肇逃否,職業,座標-X,座標-Y
114,08,31,15,02,03中山區,中山區錦州街166號,0,0,1,1,B01,7,6,5,50,14,9,1,5,4,5,13,4,4,8,3,4,2,16,1,64,3,10,7,1,7,5,1,8,1,8,8,1,21,121.5297438,25.0603145
114,08,31,15,27,11南港區,南港區忠孝東路6段與忠孝東路6段278巷口,0,0,1,1,B03,7,6,5,50,3,2,1,5,4,5,13,1,1,1,4,5,2,16,1,48,3,10,3,4,7,5,1,8,1,5,74,1,21,121.5890989,25.049196
114,08,31,16,12,01大同區,大同區雙連街與萬全街口,0,0,1,1,B01,8,7,5,30,4,2,1,5,4,5,13,4,4,10,4,5,2,17,1,52,3,10,3,4,7,9,1,4,1,4,72,1,21,121.5190623,25.0585164
114,08,31,16,28,07信義區,信義區松山路541巷1號,0,0,1,1,B03,8,7,5,30,14,9,1,5,4,5,13,4,4,10,5,5,2,17,1,53,3,10,3,4,7,9,1,8,2,10,108,1,21,121.5783256,25.0377632
114,08,31,17,15,03中山區,中山區民權東路1段與中山北路2段口,0,0,1,1,C03,7,5,5,50,4,1,1,5,4,5,13,1,1,9,4,4,2,13,1,19,2,8,6,4,7,9,1,10,1,11,16,1,21,121.5227555,25.06289906
114,08,31,17,15,09北投區,北投區永興路1段17號,0,0,1,1,B03,7,7,5,50,14,9,1,5,4,5,13,4,4,7,5,5,2,12,1,28,3,10,7,1,7,9,1,8,1,5,108,1,21,121.4995193,25.13880925
114,08,31,17,18,08士林區,士林區延平北路6段與中正路口,0,0,1,1,F01,8,6,5,50,4,1,1,5,4,5,13,1,1,10,4,5,2,17,1,12,3,10,5,1,7,5,8,20,1,17,96,1,14,121.5092562,25.08687689
114,08,31,17,58,11南港區,南港區市民大道7段與東新街口口,0,0,4,1,C03,8,5,5,50,4,4,1,5,4,5,13,2,1,1,5,5,2,13,1,32,2,7,3,4,7,12,3,18,1,11,108,1,22,121.5835431,25.0495658
114,08,31,18,00,12內湖區,內湖區民權東路6段與民善街口,0,0,1,1,C03,8,6,5,50,4,2,1,5,4,5,13,1,1,1,4,5,2,12,2,42,2,8,5,1,7,9,1,10,1,11,108,1,21,121.5740004,25.0651674
114,08,31,18,30,12內湖區,內湖區內湖路2段103巷與麗山街37巷口,0,0,2,1,C03,8,5,5,50,3,2,1,5,4,5,13,4,4,5,5,5,2,16,2,60,2,9,5,1,7,5,1,10,1,11,74,1,21,121.5820847,25.0807134
114,08,31,19,18,12內湖區,內湖區文德路101巷3弄與文德路101巷口,0,0,1,1,F01,8,5,5,0,14,20,4,5,4,5,13,4,4,10,5,5,2,9,2,65,3,10,2,1,7,11,8,20,1,11,11,1,21,121.583314,25.0790909
114,08,31,21,50,04大安區,大安區羅斯福路2段67號,0,0,1,1,C03,8,5,5,50,14,9,1,5,4,5,13,4,4,1,2,5,2,13,2,32,2,9,3,4,7,9,1,10,1,11,108,1,22,121.5232029,25.0267644
114,08,31,21,51,03中山區,中山區長春路與長春路口24號旁無名巷,0,0,1,1,B01,8,5,5,50,3,1,1,5,4,5,13,4,4,9,4,4,2,16,1,69,3,10,7,1,7,5,1,4,1,4,8,1,26,121.5242966,25.05486081
114,08,31,21,51,05中正區,中正區重慶南路1段與衡陽路口,0,0,1,1,B01,7,5,5,50,4,2,1,5,4,5,13,1,1,9,4,5,2,17,1,65,3,10,7,1,7,6,1,4,1,5,9,1,21,121.513126,25.04236859
114,08,31,22,13,04大安區,大安區仁愛路3段與建國南路1段口,0,0,1,1,B03,8,5,5,50,4,2,1,5,4,5,13,2,1,1,4,5,2,16,1,62,3,10,7,1,7,6,1,8,1,1,85,1,21,121.5376114,25.0380237
114,08,31,22,30,12內湖區,內湖區康寧路3段與安康路口,0,0,2,1,C03,8,5,5,50,4,1,1,5,4,5,13,1,1,5,4,5,2,17,2,44,2,9,6,1,7,9,1,10,1,12,108,1,21,121.6108313,25.0648893
114,08,31,23,20,08士林區,士林區延平北路5段與葫蘆街口,0,0,1,1,C03,7,5,5,50,3,2,1,5,4,5,13,2,1,1,4,5,1,3,1,29,3,10,6,1,7,9,1,10,2,11,118,1,21,121.5108778,25.080068
114,08,31,23,23,05中正區,中正區汀州路3段與羅斯福路3段316巷口口,0,0,1,1,B01,7,5,5,50,3,1,1,5,4,5,13,1,1,5,5,5,2,16,1,33,3,10,7,1,7,5,1,4,2,1,71,1,21,121.531944,25.0153077
114,09,01,00,20,01大同區,大同區環河北路2段與敦煌路口,0,0,1,1,B01,8,5,5,50,4,1,1,5,4,5,13,1,1,8,3,5,2,13,1,69,3,10,7,1,7,9,6,4,1,1,105,1,21,121.5094366,25.0761671
114,09,01,01,44,05中正區,中正區羅斯福路1段與寧波東街口口,0,0,3,1,C03,7,5,5,50,4,1,1,5,4,5,13,1,1,1,4,5,2,16,1,23,2,7,5,1,7,6,1,10,2,12,9,1,21,121.5192271,25.0316596
114,09,01,07,17,04大安區,大安區仁愛路3段與忠孝東路3段248巷口,0,0,1,1,C03,7,6,5,50,3,2,1,5,4,5,13,4,4,1,4,5,2,13,1,56,2,9,5,1,7,12,1,10,1,11,16,1,21,121.5413888,25.0383596
114,09,01,07,20,02萬華區,萬華區康定路與內江街口,0,0,1,1,B03,7,7,5,50,4,1,1,5,4,5,13,1,1,9,4,5,2,16,2,44,3,10,7,1,7,5,1,4,1,5,44,1,21,121.502342,25.041697
114,09,01,08,05,12內湖區,內湖區民權東路6段286號前,0,0,1,1,B03,8,5,5,50,14,9,1,5,4,5,13,4,4,1,4,5,2,17,1,46,3,10,7,1,7,8,3,18,9,4,100,1,21,121.6051128,25.0723679
114,09,01,08,14,05中正區,中正區重慶南路1段與武昌街1段口,0,0,2,1,C03,7,5,5,50,3,2,1,5,4,5,13,1,1,9,4,5,2,17,1,30,2,8,5,1,7,7,3,18,2,11,100,1,21,121.513272,25.0441809
114,09,01,08,30,05中正區,中正區公園路與青島西路口,0,0,1,1,B03,8,6,5,50,4,2,1,5,4,3,13,2,1,5,4,5,2,17,1,61,3,10,7,1,7,14,1,8,1,4,40,1,22,121.5171366,25.04501389
114,09,01,08,39,02萬華區,萬華區貴陽街2段與貴陽街2段115巷口,0,0,2,1,C03,7,7,5,50,4,2,1,5,4,5,13,4,4,10,3,5,2,13,2,29,2,8,5,1,7,9,1,10,1,11,108,1,21,121.5030559,25.0399333
114,09,01,09,00,02萬華區,萬華區莒光路與莒光路153巷口,0,0,1,1,C03,8,5,5,50,4,1,1,5,4,5,13,4,4,1,4,5,2,17,1,50,3,10,5,4,7,12,1,10,1,13,44,1,21,121.5028681,25.0312034
114,09,01,09,11,01大同區,大同區承德路3段122巷與承德路3段108巷28弄口,0,0,2,1,C03,8,5,5,30,4,1,1,5,4,5,13,4,4,5,4,5,2,15,1,31,2,9,5,1,7,1,1,10,1,11,19,1,21,121.5174911,25.0672828
114,09,01,09,18,05中正區,中正區金山北路與八德路1段口,0,0,1,1,C03,7,5,5,50,4,2,1,5,4,5,13,1,1,9,4,5,2,17,2,44,2,8,5,1,7,4,1,10,1,12,108,1,21,121.529892,25.0437521
114,09,01,09,27,03中山區,中山區民權東路2段134號,0,0,1,1,C03,7,5,5,50,14,9,1,5,4,4,13,1,1,8,4,4,2,17,1,30,2,1,6,4,7,7,1,10,2,11,100,1,21,121.5339273,25.06240491
114,09,01,09,43,09北投區,北投區實踐街與實踐街48巷口,0,0,1,1,B03,8,7,5,50,3,2,1,5,4,5,13,4,4,9,5,5,2,12,1,65,3,10,7,1,7,4,1,8,9,2,17,2,21,121.5090918,25.1152314
114,09,01,09,54,04大安區,大安區新生南路3段與新生南路3段25巷口,0,0,1,1,B13,7,6,5,50,3,1,1,5,4,5,13,4,4,1,4,5,2,16,1,41,3,10,7,1,7,6,1,4,1,2,9,1,21,121.5347935,25.0244716
114,09,01,10,08,07信義區,信義區吳興街156巷與吳興街156巷2弄口,0,0,1,1,C03,7,6,5,30,4,1,1,5,4,5,13,4,4,5,2,5,2,3,1,52,3,10,6,1,7,9,1,10,1,11,108,1,21,121.5614838,25.0290552
114,09,01,10,30,09北投區,北投區行義路與行義路31巷口,0,0,1,1,F01,7,7,5,50,4,1,1,5,4,5,13,2,1,10,5,5,2,3,1,54,3,10,3,1,7,9,8,20,1,11,70,1,21,121.5269226,25.1252845
114,09,01,11,24,10文山區,文山區木柵路1段59巷與木柵路1段59巷11弄口,0,0,2,1,C03,7,6,5,30,3,2,1,5,4,5,13,4,4,9,5,5,2,17,1,42,2,8,6,1,7,6,1,10,1,14,80,1,21,121.5464113,24.9877676
114,09,01,12,20,02萬華區,萬華區康定路與康定路372巷口,0,0,2,1,C03,7,6,5,50,4,1,1,5,4,5,13,2,1,2,4,5,2,17,2,49,2,9,6,1,7,5,1,10,1,12,71,1,21,121.5009745,25.0341024
114,09,01,12,22,03中山區,中山區民生東路1段96號,0,0,1,1,B03,7,6,5,50,14,9,1,5,4,5,13,4,4,10,5,4,2,10,1,26,3,10,7,1,7,9,1,8,1,1,4,1,21,121.5272513,25.0577849
114,09,01,12,32,12內湖區,內湖區康寧路3段與東湖路口,0,0,1,1,C03,8,7,5,50,3,2,1,5,4,5,13,1,1,5,5,5,2,17,1,60,2,9,5,1,7,15,6,18,1,11,44,1,21,121.6123803,25.068897
114,09,01,12,38,12內湖區,內湖區南湖大橋與康寧路3段口,0,0,1,1,C03,7,7,5,50,4,1,1,5,4,5,13,2,1,1,2,5,1,13,2,26,2,8,5,1,7,9,1,10,1,11,16,1,21,121.6110256,25.0649295
114,09,01,13,47,07信義區,信義區大道路28巷與大道路口,0,0,2,1,C03,7,6,5,30,4,1,1,4,4,5,13,4,4,9,4,5,2,15,1,71,2,9,5,1,7,9,6,10,1,12,72,1,21,121.5819301,25.0419409
114,09,01,14,37,07信義區,信義區忠孝東路5段69號,0,0,1,1,B03,8,6,5,50,14,9,1,5,4,5,13,4,4,3,3,5,2,17,1,48,3,10,7,1,7,6,1,8,1,2,9,1,21,121.5672782,25.0411798
114,09,01,14,45,04大安區,大安區延吉街與光復南路346巷口,0,0,1,1,B01,7,6,5,50,4,1,1,5,4,5,13,4,4,8,3,5,1,3,1,61,3,10,7,1,7,5,1,4,1,4,108,1,21,121.5552425,25.038516
114,09,01,15,19,01大同區,大同區歸綏街97巷18號,0,0,1,1,C03,7,6,5,30,14,9,1,4,4,5,13,4,4,10,5,5,2,17,2,65,3,10,6,1,7,1,1,10,1,17,19,1,21,121.5158952,25.0593613
114,09,01,15,37,08士林區,士林區中山北路6段與德行東路口,0,0,1,1,B03,8,5,5,50,4,2,1,5,4,5,13,1,1,10,4,5,1,17,1,52,3,10,7,1,7,6,1,8,2,5,9,1,21,121.5250183,25.1066227
114,09,01,16,03,04大安區,大安區復興南路1段200號,0,0,1,1,F01,7,6,5,0,14,20,4,5,4,5,13,4,4,10,5,5,2,9,1,55,3,10,4,1,7,9,8,20,1,15,88,1,22,121.5435741,25.0396235
114,09,01,16,04,04大安區,大安區愛國東路246號附近,0,0,1,1,B03,7,6,5,40,14,8,1,5,4,5,13,2,1,1,4,4,2,17,2,60,3,10,7,1,7,15,1,8,1,4,40,1,21,121.5250412,25.0318727
114,09,01,16,20,01大同區,大同區延平北路2段272巷與安西街口,0,0,1,1,C03,8,6,5,30,4,1,1,5,4,5,13,4,4,8,4,5,2,15,1,51,2,8,6,1,7,9,1,10,1,12,72,1,21,121.5097481,25.0620788
114,09,01,16,41,09北投區,北投區大業路491號,0,0,1,1,F01,8,6,5,50,14,7,1,5,4,5,13,4,4,1,4,4,2,18,1,17,2,9,6,1,7,9,8,20,1,17,42,1,21,121.495565,25.1331598
114,09,01,17,33,07信義區,信義區忠孝東路5段453號,0,0,1,1,A02,8,6,5,50,14,9,1,5,4,5,13,4,4,3,3,5,2,17,1,43,3,10,7,1,7,9,1,6,1,2,44,1,21,121.5767545,25.0408852
114,09,01,17,50,04大安區,大安區信義路3段與仁愛路3段24巷口,0,0,1,1,B03,7,6,5,50,3,1,1,5,4,5,13,1,1,10,5,5,2,16,1,42,3,10,7,1,7,5,1,8,1,4,8,1,21,121.5359135,25.0336693
114,09,01,17,53,11南港區,南港區興華路與南港路2段口,0,0,1,1,C03,7,5,5,50,4,2,1,5,4,5,13,1,1,5,4,4,2,16,1,52,2,8,6,1,7,8,1,10,2,13,100,1,21,121.6059742,25.0542626
114,09,01,18,05,05中正區,中正區中華路1段與忠孝西路1段口,0,0,1,1,C03,8,5,5,50,4,1,1,5,4,5,13,2,1,1,4,5,2,13,1,29,2,8,5,1,7,9,1,10,1,11,16,1,21,121.5100805,25.0477015
114,09,01,18,26,04大安區,大安區基隆路2段與敦化南路2段口口,0,0,1,1,C03,8,5,5,50,5,1,1,5,4,5,13,2,1,1,4,5,2,13,1,39,2,8,5,1,7,9,1,10,1,11,108,1,21,121.5488529,25.0211986
114,09,01,18,44,04大安區,大安區和平東路2段98號,0,0,2,1,C03,7,5,5,50,14,9,1,5,4,5,13,4,4,1,4,5,2,12,2,32,3,10,5,1,7,8,1,10,1,17,100,1,21,121.5414114,25.02510838
114,09,01,19,25,04大安區,大安區基隆路2段與樂業街口,0,0,2,1,C03,7,5,5,50,14,9,1,5,4,5,13,2,1,3,2,5,2,13,1,25,2,9,5,1,7,9,1,10,1,11,16,1,21,121.5503239,25.02247719
114,09,01,19,44,06松山區,松山區八德路3段32號,0,0,3,1,C03,8,5,5,50,14,9,1,5,4,5,13,4,4,5,4,5,2,11,2,18,2,7,6,1,7,15,1,10,1,12,100,1,22,121.5520816,25.0481363
114,09,01,19,56,04大安區,大安區信義路4段199巷與安和路1段112巷口,0,0,1,1,C03,8,5,5,30,4,1,1,5,4,5,13,4,4,9,5,5,1,15,1,57,2,9,5,4,7,9,3,18,1,12,72,1,21,121.5516554,25.033905
114,09,01,21,13,12內湖區,內湖區康樂街136巷與康樂街136巷30弄口,0,0,1,1,B03,8,5,5,30,3,1,1,5,4,5,13,4,4,10,5,5,2,17,2,47,3,10,7,1,7,6,1,8,9,17,72,2,21,121.617814,25.0721755
114,09,01,21,14,05中正區,中正區汀州路2段123號,0,0,2,1,C03,8,5,5,50,14,9,1,5,4,5,13,4,4,9,5,5,2,17,1,28,2,9,5,1,7,5,1,9,2,14,8,1,22,121.5193779,25.0249961
114,09,01,22,15,08士林區,士林區德行西路與福華路口,0,0,1,1,C03,8,5,5,50,4,1,1,5,4,5,13,2,1,1,4,5,2,17,2,22,2,8,3,4,7,5,1,10,1,14,8,1,22,121.522364,25.104837
114,09,02,01,25,05中正區,中正區中山南路與愛國西路口,0,0,1,1,C03,8,5,5,50,4,1,1,5,4,5,13,1,1,10,5,5,2,12,1,19,3,10,5,1,7,9,1,10,2,12,17,1,26,121.5164678,25.0348947
114,09,02,06,28,07信義區,信義區基隆路2段105號,0,0,1,1,F03,8,6,5,50,14,9,1,5,4,5,13,4,4,2,4,5,2,17,1,57,2,9,6,4,7,10,8,20,2,11,100,1,21,121.5576117,25.0296026
114,09,02,06,35,02萬華區,萬華區西園路2段與寶興街口,0,0,1,1,B03,8,6,8,50,5,1,1,5,4,5,13,1,1,10,4,4,2,17,1,24,3,10,7,1,7,5,1,8,9,5,71,1,21,121.4936141,25.0268628
114,09,02,07,12,02萬華區,萬華區青年路與國興路口,0,0,1,1,B03,8,5,5,30,4,2,1,5,4,5,13,1,1,5,5,5,2,17,1,53,3,10,7,4,7,15,1,8,1,8,100,1,21,121.5064122,25.02603648
114,09,02,07,30,05中正區,中正區汀州路3段與思源街口口,0,0,1,1,B03,8,6,5,50,4,1,1,5,4,5,13,1,1,1,4,5,1,17,1,62,4,11,3,4,7,15,7,19,11,15,17,1,22,121.5324609,25.0146917
114,09,02,07,30,12內湖區,內湖區康寧路3段165巷與康寧路3段189巷口,0,0,1,1,C03,8,5,5,30,3,1,1,5,4,5,13,4,4,10,5,5,1,16,2,46,2,9,5,1,7,5,1,10,1,12,72,1,21,121.6126612,25.071861
114,09,02,07,48,10文山區,文山區木柵路2段56號,0,0,1,1,C03,8,7,5,50,14,9,1,5,4,5,13,1,1,5,4,5,2,17,1,42,3,10,5,1,7,9,1,10,1,14,108,1,21,121.5591774,24.9886918
114,09,02,08,00,02萬華區,萬華區環河南路1段與成都路口,0,0,1,1,C02,7,7,5,40,3,1,1,5,4,5,13,4,4,9,4,5,2,12,1,32,3,10,5,1,7,9,1,9,1,12,108,1,21,121.5012892,25.0446492
114,09,02,08,14,03中山區,中山區民族東路與林森北路口,0,0,1,1,C03,8,6,5,50,3,2,1,5,4,5,13,2,1,1,4,5,2,13,2,20,2,8,5,1,7,9,1,10,1,11,42,1,21,121.5258684,25.0682578
114,09,02,08,18,04大安區,大安區市民大道3段與安東街口口,0,0,1,1,C03,7,6,5,40,3,4,1,5,4,5,13,2,1,1,4,5,2,12,1,37,3,10,5,1,7,9,1,10,1,14,17,1,22,121.5419186,25.044521
114,09,02,08,20,04大安區,大安區敦化南路1段277號,0,0,1,1,A02,7,6,5,50,14,9,1,5,4,5,13,4,4,1,3,5,2,9,1,66,3,10,7,1,7,15,1,1,1,17,118,1,21,121.5491156,25.0361162
114,09,02,08,28,03中山區,中山區北安路與北安路770巷口,0,0,1,1,C03,8,6,5,30,14,9,1,5,4,5,13,4,4,1,4,5,2,13,1,49,2,9,6,1,7,8,1,10,1,14,108,1,21,121.5532054,25.0854932
114,09,02,08,30,05中正區,中正區仁愛路1段台大會議中心停車場出入口,0,0,1,1,B01,8,7,8,50,22,22,1,5,4,5,13,4,4,1,3,1,2,17,1,49,3,10,7,1,7,15,1,4,2,8,44,1,21,121.5212373,25.0389459
114,09,02,08,53,08士林區,士林區天玉街27巷與天母北路87巷9弄口,0,0,1,1,B01,7,7,5,30,4,1,1,5,4,5,13,4,4,10,5,5,1,17,1,49,3,10,7,1,7,9,1,4,1,1,72,1,21,121.5277163,25.12224233
114,09,02,08,59,07信義區,信義區虎林街242巷與松德路133巷口口,0,0,1,1,C03,8,6,5,30,4,1,1,5,4,5,13,4,4,9,5,5,2,15,2,65,3,10,6,1,7,9,1,10,1,17,72,1,22,121.5764996,25.0356748
114,09,02,09,02,04大安區,大安區復興南路2段與復興南路2段337巷口,0,0,1,1,B03,7,6,5,30,3,2,1,5,4,5,13,4,4,10,5,5,2,15,2,64,3,10,7,1,7,9,1,8,1,1,72,1,21,121.5435258,25.0235973
114,09,02,09,05,05中正區,中正區汀州路3段與羅斯福路3段316巷口,0,0,1,1,B03,8,6,5,50,4,1,1,5,4,5,13,1,1,5,2,5,2,17,1,21,3,10,7,1,7,9,1,8,1,1,44,1,21,121.5319328,25.01530502
114,09,02,09,23,09北投區,北投區育仁路與大同街口,0,0,1,1,C03,8,7,5,30,5,2,1,5,4,5,13,3,1,10,5,5,2,16,2,60,2,8,5,1,7,11,1,10,1,11,80,1,22,121.4983511,25.1337678
114,09,02,09,52,04大安區,大安區仁愛路3段與建國南路1段口口,0,0,1,1,C03,7,6,5,50,4,2,1,5,4,5,13,2,1,1,4,5,2,12,1,47,3,10,5,1,7,9,1,10,1,12,17,1,22,121.5380819,25.0376546
114,09,02,10,05,05中正區,中正區市民大道1段與承德路1段口,0,0,1,1,B12,8,7,5,50,4,1,1,5,4,5,13,1,1,4,4,5,2,17,1,66,3,10,7,1,7,6,1,8,1,2,9,1,21,121.5164248,25.0486694
114,09,02,10,08,02萬華區,萬華區西園路2段與西園路2段11巷口,0,0,2,1,C03,8,5,5,50,4,1,1,5,4,5,13,1,1,1,4,5,2,17,2,37,2,9,5,4,7,6,1,10,1,12,9,1,21,121.4974824,25.03201624
114,09,02,10,11,12內湖區,內湖區南京東路6段與南京東路6段368巷口,1,0,1,1,C03,8,5,5,50,3,1,1,5,4,5,13,2,1,1,4,5,1,16,2,61,1,9,6,1,7,5,1,10,9,14,8,1,21,121.5861869,25.0597991
114,09,02,10,40,03中山區,中山區濱江街251號,0,0,1,1,B02,8,6,5,50,14,9,1,5,4,5,13,4,4,1,4,5,2,16,1,22,3,10,7,1,7,6,1,8,2,2,9,1,21,121.5414757,25.0725619
114,09,02,10,52,12內湖區,內湖區環山路2段與環山路2段25巷口,0,0,1,1,B11,8,6,5,50,3,2,1,5,4,5,13,4,4,5,4,5,2,17,1,31,3,10,7,1,7,11,1,8,2,4,10,1,21,121.5715175,25.08616935
114,09,02,11,04,06松山區,松山區敦化南路1段與市民大道4段口口,0,0,3,1,C03,8,7,5,40,4,2,1,5,4,5,13,2,1,1,4,5,2,13,1,21,2,9,6,1,7,9,1,10,2,11,16,1,21,121.5492711,25.0449099
114,09,02,11,08,07信義區,信義區嘉興街235號,0,0,1,1,B03,8,6,5,30,14,9,1,5,4,5,13,4,4,9,5,5,2,2,1,81,4,11,3,4,7,9,7,19,9,2,108,2,22,121.555843,25.0252838
114,09,02,11,47,11南港區,南港區忠孝東路6段與永吉路口,0,0,1,1,B03,8,6,5,50,5,1,1,5,4,5,13,2,1,1,3,5,2,17,1,47,3,10,3,4,7,6,1,8,1,17,9,1,21,121.5825717,25.045289
114,09,02,11,51,02萬華區,萬華區中興橋往台北，3645燈桿旁,0,0,1,1,C03,8,7,7,30,14,11,1,5,4,5,13,4,4,10,5,5,2,13,1,29,3,10,3,4,7,9,1,10,1,13,118,1,22,121.5004882,25.0432752
114,09,02,12,05,04大安區,大安區忠孝東路4段與仁愛路4段27巷口,0,0,1,1,B03,8,6,5,50,3,2,1,5,4,5,13,4,4,1,4,5,1,17,1,113,4,11,3,4,7,9,7,19,11,17,44,2,22,121.5455296,25.0415302
114,09,02,12,31,01大同區,大同區承德路1段與華陰街口口,0,0,1,1,B03,7,6,5,50,4,2,1,4,4,5,13,2,1,1,5,5,1,13,1,74,3,10,7,1,7,10,1,8,2,6,100,1,21,121.5167981,25.0502277
114,09,02,12,46,04大安區,大安區辛亥路2段與新生南路3段口,0,0,1,1,B03,7,5,5,50,4,1,1,5,4,5,13,2,1,1,4,5,2,16,2,48,3,10,7,1,7,6,1,8,1,5,9,1,21,121.5346539,25.0222614
114,09,02,13,04,03中山區,中山區中山北路3段2號,0,0,1,1,B01,6,7,5,50,14,9,1,4,4,5,13,4,4,1,4,5,2,17,1,60,3,10,7,1,7,8,1,4,1,17,100,1,21,121.5221827,25.0641891
114,09,02,13,25,10文山區,文山區忠順街1段與忠順街1段41巷口,0,0,1,1,B12,7,6,5,30,3,2,1,5,4,5,12,4,4,10,5,5,2,17,1,37,3,10,7,1,7,6,1,8,1,1,14,1,21,121.5586562,24.9840736
114,09,02,13,35,02萬華區,萬華區西昌街170號,0,0,1,1,,6,7,5,50,14,9,1,4,4,5,13,4,4,9,5,5,2,2,4,0,,,,,,9,,,11,1,119,2,,121.5005585,25.0381767
114,09,02,13,39,03中山區,中山區中山北路2段與民生西路口,0,0,1,1,B12,6,6,5,50,14,9,1,4,4,5,13,1,1,1,3,1,2,13,1,39,3,10,7,1,7,9,1,8,2,1,16,1,21,121.5227647,25.0582439
114,09,02,13,55,04大安區,大安區光復南路290巷與無名巷口廢鐵道,0,0,1,1,C03,6,6,5,20,4,1,1,4,4,5,13,4,4,9,5,5,1,16,1,39,3,10,5,4,7,5,1,10,1,17,74,1,21,121.5567439,25.0393701
114,09,02,14,00,04大安區,大安區基隆路3段155巷57號,0,0,1,1,C03,6,6,6,30,14,9,1,4,4,5,13,4,4,9,4,5,1,16,1,27,3,10,3,4,7,5,1,10,1,15,8,1,21,121.5434004,25.0146792
114,09,02,14,03,06松山區,松山區市民大道4段291號,0,0,2,1,C03,7,7,5,40,14,9,1,4,4,1,13,4,4,1,4,5,2,13,1,27,2,9,6,1,7,9,1,10,1,11,16,1,21,121.5563814,25.0449322
114,09,02,14,30,03中山區,中山區民生東路1段與民生東路1段27巷口,0,0,1,1,B03,8,6,5,50,3,1,1,5,4,5,13,4,4,5,4,5,2,16,1,35,3,10,7,1,7,6,1,8,1,17,9,1,21,121.5250473,25.0581415
114,09,02,14,34,12內湖區,內湖區安康路324巷與安康路328巷口,0,0,1,1,C03,7,6,5,50,3,1,1,5,4,5,13,4,4,9,4,5,2,13,1,71,2,9,5,1,7,9,1,10,1,11,16,1,21,121.6099412,25.0634996
114,09,02,14,43,06松山區,松山區民權東路3段104號,0,0,2,1,C03,8,5,5,50,14,9,1,5,4,5,13,4,4,1,3,5,2,13,2,66,2,8,5,4,7,9,3,18,2,11,16,1,22,121.5447437,25.0620175
114,09,02,15,12,04大安區,大安區羅斯福路3段與新生南路3段口,0,0,1,1,C03,7,5,5,50,14,9,1,5,4,5,13,2,1,1,4,5,2,13,1,18,2,9,6,1,7,9,1,10,2,11,116,1,21,121.5331151,25.0160461
114,09,02,16,40,03中山區,中山區崇實路國防部2號門前,0,0,1,1,B03,8,6,5,40,14,9,1,5,4,5,13,4,4,1,4,5,2,17,1,50,3,10,7,1,7,6,1,8,2,2,9,1,21,121.544734,25.08135871
114,09,02,17,00,11南港區,南港區市民大道8段與南港路1段137巷口,0,0,1,1,C03,8,6,5,30,3,1,1,5,4,5,13,4,4,10,4,5,2,17,2,68,2,9,3,4,7,6,1,10,1,12,9,1,21,121.613835,25.0543275
114,09,02,17,30,10文山區,文山區秀明路2段72號,0,0,1,1,H01,8,6,5,50,14,9,1,5,4,5,13,4,4,9,5,5,2,3,1,94,3,10,4,5,8,16,8,20,10,16,121,1,21,121.5756574,24.9918693
114,09,02,17,37,05中正區,中正區新生南路1段148號,0,0,1,1,B01,7,6,5,50,14,9,1,4,4,5,13,4,4,3,2,5,2,12,1,58,3,10,7,1,7,8,1,4,1,2,87,1,22,121.5325835,25.03525326
114,09,02,18,08,06松山區,松山區松河街22號,0,0,1,1,C03,7,5,5,40,14,9,1,5,4,5,13,4,4,9,5,5,2,13,1,20,3,10,5,1,7,9,1,10,1,11,16,1,21,121.5727589,25.05080345
114,09,02,18,19,10文山區,文山區木柵路4段與木柵路4段33巷口,0,0,2,1,C03,7,5,5,50,3,1,1,5,4,5,13,1,1,10,5,5,2,16,1,22,2,9,6,1,7,5,1,10,1,12,8,1,21,121.5715332,24.9940648
114,09,02,18,20,01大同區,大同區鄭州路與塔城街口,0,0,3,1,C03,6,5,5,40,4,1,1,4,4,5,13,2,1,1,4,5,2,17,2,46,2,9,5,4,7,9,1,10,1,14,44,1,21,121.5100967,25.0504759
114,09,02,18,28,09北投區,北投區明德路與文林北路口,0,0,1,1,B03,6,5,5,50,4,1,1,4,4,5,13,2,1,4,1,5,2,17,1,57,3,10,7,1,7,5,1,8,1,8,71,1,21,121.5167063,25.1061774
114,09,02,18,31,03中山區,中山區松江路115號,0,0,3,1,C03,6,5,5,50,14,9,1,4,4,5,13,4,4,1,4,5,2,16,1,18,2,8,6,1,7,7,1,10,1,13,100,1,21,121.5330885,25.0515982
114,09,02,18,35,03中山區,中山區民族東路410巷與龍江路318巷口,0,0,1,1,B03,6,5,5,30,3,1,1,4,4,5,13,4,4,9,5,5,2,14,1,26,3,10,3,4,7,2,1,8,1,7,12,1,21,121.5381261,25.06475022
114,09,02,18,54,01大同區,大同區民生西路與太原路口,0,0,1,1,C03,8,5,5,50,3,1,1,5,4,5,13,2,1,5,4,5,2,17,1,51,3,10,5,1,7,5,1,10,1,17,74,1,21,121.516927,25.0571241