發生年度,發生月,發生日,發生時-Hours,發生分,區序,肇事地點,死亡人數,2-30日死亡人數,受傷人數,當事人序號,車種,天候,光線,道路類別,速限-速度限制,道路型態,事故位置,路面狀況1,路面狀況2,路面狀況3,道路障礙1,道路障礙2,號誌1,號誌2,車道劃分-分向,車道劃分-分道1,車道劃分-分道2,車道劃分-分道3,事故類型及型態,性別,年齡,受傷程度,主要傷處,保護裝置,行動電話,車輛用途,當事者行動狀態,駕駛資格情形,駕駛執照種類,飲酒情形,車輛撞擊部位1,肇因碼-個別,個人肇逃否,職業,座標-X,座標-Y
114,09,02,19,06,09北投區,北投區石牌路2段與天母西路口,0,0,1,1,C03,6,5,5,50,3,2,1,4,4,5,13,3,1,9,4,5,1,12,1,62,2,8,6,1,7,8,1,10,1,14,100,1,21,121.5218481,25.1191848
114,09,02,19,15,10文山區,文山區政大一街與政大三街口,0,0,1,1,B03,8,5,5,30,3,1,1,5,4,5,13,4,4,10,5,5,1,17,1,64,3,10,7,1,7,5,1,8,1,1,74,1,21,121.5821475,24.9853945
114,09,02,19,29,06松山區,松山區新東街29號,0,0,1,1,B03,7,5,5,50,14,9,1,4,4,5,13,4,4,5,5,5,2,17,2,43,3,10,3,4,7,4,1,8,2,17,94,1,21,121.5659441,25.0589152
114,09,02,20,26,05中正區,中正區林森南路與忠孝東路1段口,0,0,1,1,B01,7,5,5,50,4,1,1,4,4,5,13,2,1,5,4,5,2,13,1,61,3,10,7,1,7,9,1,4,2,1,108,1,26,121.523389,25.0447504
114,09,02,21,11,01大同區,大同區鄭州路往西(中興醫院旁),0,0,2,1,C03,7,5,5,40,14,9,1,4,4,5,13,4,4,1,4,5,2,17,2,18,2,9,6,4,7,10,1,10,2,13,100,1,21,121.5095036,25.050448
114,09,02,21,45,04大安區,大安區復興南路2段與復興南路2段78巷口口,0,0,1,1,B03,7,5,5,50,4,2,1,5,4,5,13,2,1,1,4,5,1,17,1,55,3,10,7,1,7,9,1,8,1,5,16,1,21,121.543677,25.0308684
114,09,02,21,47,04大安區,大安區仁愛路4段與安和路1段口,0,0,1,1,B01,7,5,5,50,4,1,1,4,4,5,13,2,1,1,2,1,2,16,1,63,3,10,7,1,7,5,1,4,1,4,71,1,21,121.5510448,25.03803969
114,09,02,22,23,01大同區,大同區民族西路223-9號,0,0,1,1,B03,7,5,5,50,14,9,1,5,4,5,13,4,4,5,4,5,2,17,1,32,3,10,2,4,7,13,1,8,2,7,38,1,21,121.5124727,25.0687111
114,09,02,22,48,03中山區,中山區市民大道2段與林森北路口,0,0,1,1,C03,7,5,5,40,4,1,1,5,4,5,13,1,1,1,4,5,2,17,1,53,3,10,6,1,7,8,1,10,1,13,100,1,21,121.5242259,25.04791045
114,09,03,00,26,03中山區,中山區南京東路1段與中山北路1段口,1,0,1,1,H01,7,5,5,50,4,18,1,5,4,5,13,1,1,1,4,5,2,3,1,67,1,3,4,5,8,16,8,20,10,16,122,1,21,121.5227156,25.0525104
114,09,03,01,40,02萬華區,萬華區環河南路2段245號停車場出入口,0,0,1,1,C03,8,5,5,50,3,2,1,5,4,5,13,1,1,1,4,5,2,17,2,22,2,9,6,1,7,9,1,10,1,14,42,1,21,121.4892958,25.0282455
114,09,03,07,16,12內湖區,內湖區康樂街與東湖路口,0,0,1,1,C03,8,6,5,50,4,2,1,5,4,5,13,2,1,5,4,5,2,17,2,74,2,9,6,1,7,5,1,11,2,13,8,1,21,121.6173286,25.06814711
114,09,03,07,28,09北投區,北投區行義路42-1號,0,0,1,1,B03,8,7,8,40,14,9,1,5,4,5,13,4,4,9,5,5,2,12,2,50,3,10,3,4,7,4,1,8,1,5,108,1,21,121.5274464,25.1256458
114,09,03,07,30,05中正區,中正區愛國西路與南昌路1段口,0,0,1,1,C03,8,7,5,50,4,2,1,5,4,5,13,1,2,1,4,1,2,12,1,70,2,9,6,1,7,8,1,10,1,14,100,1,22,121.5144904,25.0348404
114,09,03,07,38,12內湖區,內湖區環山路1段59巷30弄9號,0,0,2,1,B03,8,7,5,30,14,9,1,5,4,5,13,4,4,10,5,5,2,17,1,74,3,10,3,4,7,14,1,8,9,2,40,1,21,121.5672881,25.0852548
114,09,03,08,20,12內湖區,內湖區潭美街與堤頂大道1段口,0,0,1,1,B03,8,5,5,50,4,1,1,5,4,5,13,1,1,1,4,5,1,16,1,71,3,10,7,1,7,6,1,8,1,2,9,1,21,121.5735988,25.0563562
114,09,03,08,20,12內湖區,內湖區民權大橋與行愛路附近口,0,0,1,1,C03,8,6,5,50,14,11,1,5,4,5,13,4,4,1,2,5,2,12,1,49,3,10,5,1,7,8,1,10,1,12,13,1,21,121.5781369,25.0665275
114,09,03,08,23,03中山區,中山區建國北路2段21號,0,0,1,1,C03,8,7,5,50,14,9,1,5,4,5,13,4,4,1,4,5,2,13,1,38,2,9,6,1,7,9,1,10,1,11,108,1,21,121.5370879,25.0543012
114,09,03,08,24,04大安區,大安區羅斯福路2段與和平東路1段口,0,0,1,1,C03,8,6,5,50,4,1,1,5,4,5,13,1,1,1,3,5,2,13,2,27,2,9,6,1,7,9,1,10,1,11,108,1,21,121.5227897,25.0267346
114,09,03,08,40,11南港區,南港區市民大道7段與玉成街59巷口,0,0,2,1,C03,8,6,5,50,3,1,1,5,4,5,13,4,4,1,4,5,2,16,2,68,2,8,5,4,7,6,1,10,1,15,9,1,22,121.5820568,25.0495423
114,09,03,08,44,07信義區,信義區信義路6段15巷與信義路6段15巷12弄口,0,0,2,1,B03,8,6,5,30,4,1,1,5,4,5,13,4,4,10,5,5,2,17,2,67,3,10,3,4,7,9,1,8,1,5,72,1,22,121.5751345,25.0349226
114,09,03,08,46,02萬華區,萬華區華中橋機車道北往南方向(華中047牌面前),0,0,1,1,C03,8,6,7,50,8,11,1,5,4,5,13,4,4,9,4,3,1,13,1,28,2,8,5,1,7,12,1,10,1,11,16,1,21,121.4954289,25.0146857
114,09,03,08,50,02萬華區,萬華區華中橋機車道往中和方向(華中047牌面),0,0,1,1,C03,8,6,5,40,8,8,1,5,4,5,13,4,4,9,4,4,2,12,2,36,2,8,3,4,7,9,1,10,1,14,16,1,22,121.493515,25.03807068
114,09,03,08,51,02萬華區,萬華區水源路209號,0,0,1,1,C03,8,6,5,40,14,9,1,5,4,5,13,4,4,9,5,5,2,17,1,64,3,10,6,1,7,8,1,10,2,17,100,1,21,121.5020923,25.0189692
114,09,03,09,00,12內湖區,內湖區南京東路6段與舊宗路1段口,0,0,1,1,C03,8,6,5,50,4,1,1,5,4,5,13,2,1,1,4,1,2,17,1,32,2,9,6,1,7,9,1,10,1,11,108,1,21,121.5813706,25.057282
114,09,03,09,02,07信義區,信義區忠孝東路5段與松山路口口,0,0,2,1,H01,8,6,5,0,4,2,1,5,4,5,13,2,1,1,4,5,2,3,2,70,2,1,4,5,8,16,8,20,1,16,121,1,22,121.5779122,25.0406043
114,09,03,09,10,04大安區,大安區潮州街29號,0,0,2,1,C03,8,6,5,50,14,9,1,5,4,5,13,4,4,10,5,5,2,17,1,28,2,7,3,4,7,1,1,10,1,11,19,1,21,121.5233939,25.0293812
114,09,03,09,13,04大安區,大安區羅斯福路2段與和平東路1段口,0,0,1,1,C03,8,6,5,50,4,1,1,5,4,5,13,1,1,1,3,5,2,17,1,36,3,10,6,1,7,6,1,10,1,14,99,1,21,121.5226796,25.0269343
114,09,03,09,14,06松山區,松山區復興北路311號,0,0,1,1,B01,8,6,5,50,14,9,1,5,4,5,13,4,4,8,4,4,1,16,1,57,3,10,3,1,7,14,1,4,1,4,38,1,21,121.5442898,25.0587773
114,09,03,09,51,01大同區,大同區延平北路3段與延平北路3段83巷口口,0,0,1,1,F01,8,6,5,50,4,2,1,5,4,5,13,2,1,5,5,5,2,17,1,64,2,9,4,1,7,1,8,20,1,11,19,1,21,121.5110656,25.0672012
114,09,03,10,02,05中正區,中正區中華路2段39巷與中華路2段口,0,0,2,1,C03,8,6,5,50,3,1,1,5,4,5,13,4,4,1,4,5,2,17,1,84,2,9,6,1,7,7,1,10,1,12,100,2,21,121.5063471,25.0351672
114,09,03,10,12,12內湖區,內湖區金莊路與石潭路口,0,0,1,1,B01,8,5,5,50,4,1,1,5,4,5,13,2,1,5,4,5,1,16,1,62,3,10,7,1,7,5,1,4,1,6,8,1,21,121.5876996,25.0627399
114,09,03,10,20,03中山區,中山區建國高架道北往南農安出口前,0,0,1,1,B03,8,7,5,70,10,7,1,5,4,5,13,4,4,3,3,5,2,13,1,31,3,10,7,1,7,9,1,8,1,1,16,1,21,121.5367447,25.06385021
114,09,03,10,24,11南港區,南港區忠孝東路7段與忠孝東路7段415巷口,0,0,2,1,B03,8,6,5,50,4,2,1,5,4,5,13,1,1,5,4,5,2,17,2,40,3,10,7,1,7,5,1,8,1,1,44,1,21,121.6090817,25.0522913
114,09,03,10,36,05中正區,中正區中山南路與徐州路口,0,0,1,1,C03,8,5,5,50,14,9,1,5,4,5,13,4,4,9,4,5,2,17,1,29,2,9,5,1,7,7,1,10,2,14,100,1,21,121.5185455,25.0424387
114,09,03,11,43,02萬華區,萬華區康定路與桂林路口,0,0,1,1,B03,8,6,5,50,4,1,1,5,4,5,13,2,1,10,5,5,2,17,1,77,3,10,7,1,7,5,1,8,1,2,71,1,21,121.5017289,25.0383756
114,09,03,11,45,06松山區,松山區慶城街28號,0,0,1,1,B03,8,6,5,30,14,9,1,5,4,5,13,4,4,5,5,5,2,17,1,28,3,10,7,1,7,5,1,4,2,4,8,1,21,121.5458441,25.0540553
114,09,03,12,05,02萬華區,萬華區長泰街282巷與寶興街222巷口,0,0,1,1,C03,8,6,5,30,4,1,1,5,4,5,13,4,4,10,5,5,2,17,2,18,2,9,3,4,7,5,1,10,1,11,42,1,22,121.493651,25.0219332
114,09,03,12,13,02萬華區,萬華區光復橋往台北,0,0,2,1,C03,8,7,5,50,14,7,1,5,4,5,13,4,4,4,3,5,2,13,1,18,3,10,5,1,7,9,1,10,1,11,44,1,22,121.4946404,25.02768363
114,09,03,12,14,08士林區,士林區天母東路與忠誠路2段口,0,0,1,1,C04,8,6,5,50,4,1,1,5,4,5,13,2,1,1,4,5,2,16,2,19,2,7,6,1,7,5,1,10,1,12,8,1,21,121.534784,25.1180929
114,09,03,12,32,08士林區,士林區承德路4段2巷與承德路4段2巷口堤防便道路邊停車格32號處,0,0,1,1,B03,8,5,5,30,14,9,1,5,4,5,13,4,4,10,5,5,2,11,1,33,2,9,7,1,7,9,1,8,2,5,108,1,21,121.5191206,25.0799064
114,09,03,12,32,12內湖區,內湖區環山路2段109巷與環山路2段109巷6弄口,0,0,3,1,C03,8,6,5,30,4,1,1,5,4,5,13,4,4,10,5,5,2,15,1,62,2,9,5,1,7,9,1,10,1,12,72,1,21,121.5758305,25.0839233
114,09,03,12,35,07信義區,信義區永吉路30巷177弄2號附近側附近,0,0,1,1,C03,8,7,5,30,14,9,1,5,4,5,13,4,4,5,5,5,2,13,1,51,3,10,5,4,7,9,1,10,2,17,108,1,21,121.5687069,25.0413354
114,09,03,12,50,09北投區,北投區泉源路11號對面,0,0,1,1,B01,8,5,5,30,14,9,1,5,4,5,12,4,4,9,5,5,2,17,1,42,3,10,3,4,7,5,1,4,2,8,8,1,21,121.5044016,25.137806
114,09,03,13,25,04大安區,大安區羅斯福路3段與辛亥路1段口,0,0,1,1,B03,8,6,5,50,4,1,1,5,4,5,13,2,1,1,4,5,1,13,1,39,3,10,3,4,7,9,1,8,1,1,108,1,21,121.5292848,25.0197897
114,09,03,15,08,08士林區,士林區天母東路69巷與中山北路7段14巷口,0,0,1,1,B03,8,6,5,30,4,1,1,5,4,5,13,1,1,5,4,5,1,13,2,39,3,10,3,4,7,9,1,8,1,1,16,1,22,121.5332706,25.1199576
114,09,03,15,30,12內湖區,內湖區環山路2段109巷6弄與麗山街170巷口,0,0,2,1,C03,8,6,5,30,4,1,1,5,4,5,13,4,4,10,5,5,2,15,2,49,2,9,5,1,7,9,1,10,1,11,44,1,21,121.5769564,25.0835528
114,09,03,15,33,04大安區,大安區忠孝東路4段64-1號,0,0,1,1,B01,8,5,5,50,14,9,1,5,4,5,13,4,4,1,4,5,2,12,1,54,3,10,7,1,7,9,1,3,1,2,108,2,21,121.5455379,25.0414809
114,09,03,15,49,04大安區,大安區延吉街與光復南路420巷口,0,0,1,1,B03,7,6,5,30,4,1,1,5,4,5,13,4,4,5,4,5,2,15,1,50,3,10,7,1,7,9,1,8,1,4,72,1,21,121.5556096,25.0365398
114,09,03,15,55,02萬華區,萬華區萬大路與德昌街口,0,0,1,1,B03,8,6,5,30,4,1,1,5,4,5,13,2,1,1,4,5,2,17,1,45,3,10,7,1,7,6,1,4,1,5,9,1,21,121.5003961,25.0254097
114,09,03,17,02,12內湖區,內湖區安康路與安康路226巷口,0,0,2,1,C03,8,5,5,30,4,1,1,4,4,5,13,4,4,8,3,5,1,15,1,63,2,8,3,4,7,9,1,10,1,14,80,1,21,121.6029814,25.0630652
114,09,03,17,10,02萬華區,萬華區雙園街與西園路2段196巷口,0,0,1,1,C03,8,7,5,30,3,1,1,5,4,5,13,4,4,9,5,5,2,17,1,30,3,10,5,1,7,5,1,10,1,14,71,1,21,121.4948883,25.0292411
114,09,03,17,14,03中山區,中山區民權東路3段11號,0,0,1,1,C03,8,7,5,50,14,9,1,5,4,5,13,1,1,1,4,5,2,13,1,43,2,9,5,1,7,9,6,18,9,11,16,1,22,121.5412641,25.0624502
114,09,03,17,14,11南港區,南港區永吉路與中坡北路口,0,0,1,1,C03,8,6,5,50,5,1,1,5,4,5,13,2,1,3,4,4,2,13,1,49,3,10,5,1,7,9,1,10,1,11,108,1,22,121.5803831,25.0454716
114,09,03,17,37,01大同區,大同區大龍街91巷33號,0,0,2,1,B02,8,6,5,30,14,9,1,5,4,5,13,4,4,5,5,5,2,17,1,54,3,10,7,1,7,13,1,8,2,5,40,1,21,121.5174446,25.0672829
114,09,03,17,38,03中山區,中山區興安街60號,0,0,1,1,C04,8,5,5,50,14,9,1,5,4,5,13,4,4,9,5,4,2,16,2,66,2,1,3,4,7,7,1,11,9,14,100,1,21,121.5398765,25.056183
114,09,03,17,38,05中正區,中正區師大路與水源路口上水快引道,0,0,2,1,B03,8,6,5,40,14,16,1,5,4,5,13,4,4,3,4,5,1,13,1,57,3,10,7,1,7,9,1,4,1,1,108,1,21,121.5226717,25.02025
114,09,03,17,40,04大安區,大安區基隆路4段(北往南),0,0,2,1,C03,7,6,5,50,14,9,1,5,4,5,13,4,4,1,4,5,2,17,1,52,2,7,5,1,7,21,1,10,1,15,108,1,21,121.5399047,25.0136088
114,09,03,17,43,12內湖區,內湖區民權東路6段與民權東路6段174巷口,0,0,1,1,B03,8,5,5,50,3,1,1,5,4,5,13,4,4,1,4,5,1,16,1,40,3,10,3,4,7,6,1,8,1,2,9,1,21,121.5919478,25.0688229
114,09,03,18,20,06松山區,松山區市民大道4段與敦化南路1段口,0,0,2,1,C03,8,5,5,40,4,2,1,5,4,5,13,2,1,9,4,5,2,15,1,31,2,6,6,4,7,9,1,8,1,12,42,1,21,121.5485889,25.0450158
114,09,03,18,24,05中正區,中正區漢口街1段132號,0,0,2,1,C03,7,5,5,50,14,9,1,5,4,5,13,4,4,7,4,5,2,16,2,54,2,8,5,1,7,7,1,10,2,14,100,1,21,121.5099431,25.0451822
114,09,03,18,31,03中山區,中山區中山北路2段11巷與中山北路2段口,0,0,2,1,C03,8,5,5,50,3,1,1,5,4,5,13,4,4,1,4,5,2,13,2,37,2,9,5,1,7,9,1,10,1,12,108,1,22,121.5227869,25.0526602
114,09,03,18,34,02萬華區,萬華區忠孝橋往台北市(燈桿7010678),0,0,2,1,C03,8,5,5,50,8,11,1,5,4,5,13,4,4,9,5,5,2,17,1,113,4,11,3,4,7,21,7,19,11,15,44,2,22,121.5066326,25.0487516
114,09,03,19,22,07信義區,信義區嘉興街179-4號,0,0,2,1,H01,7,5,8,30,22,22,1,5,4,5,13,4,4,9,4,5,2,9,1,71,2,8,4,5,8,16,8,20,1,16,121,1,22,121.5568111,25.0270715
114,09,03,19,36,03中山區,中山區中山北路2段183巷與中山北路2段口,0,0,2,1,C03,8,5,5,50,3,1,1,5,4,5,13,4,4,1,4,5,2,13,1,19,3,10,6,1,7,9,1,10,1,11,108,1,22,121.5225768,25.06358978
114,09,03,20,38,09北投區,北投區承德路6段1203707號燈桿,0,0,2,1,C03,8,5,5,40,14,8,1,5,4,5,13,4,4,1,4,4,2,13,1,29,2,9,5,1,7,9,1,10,1,11,108,1,21,121.5117293,25.10816045
114,09,03,22,10,04大安區,大安區永康街與金華街口,0,0,3,1,C03,7,5,5,30,4,1,1,5,4,5,13,3,1,5,2,5,2,15,2,24,2,9,5,1,7,9,1,10,1,11,72,1,21,121.5294802,25.0298271
114,09,04,00,01,10文山區,文山區興隆路4段與下崙路口,0,0,1,1,C03,8,6,5,50,4,1,1,5,4,5,13,1,3,10,5,5,2,15,1,44,2,9,5,1,7,9,1,9,1,11,73,1,21,121.5608433,24.9866598
114,09,04,01,00,07信義區,信義區基隆路1段與松壽路口,0,0,2,1,C03,8,5,5,50,5,1,1,5,4,5,13,1,1,1,3,5,2,13,1,22,2,7,6,1,7,5,1,10,1,11,108,1,21,121.5611993,25.0359186
114,09,04,01,00,07信義區,信義區吳興街與吳興街99巷口,0,0,1,1,C03,8,5,5,30,3,2,1,5,4,5,13,4,4,10,5,5,1,18,1,52,2,9,5,1,7,9,1,10,1,14,118,1,22,121.5608619,25.0304464
114,09,04,02,09,04大安區,大安區忠孝東路4段與延吉街口,0,0,1,1,F01,8,5,5,50,14,9,1,5,4,5,13,4,4,1,4,1,1,17,1,40,2,9,4,1,7,9,8,20,6,17,21,1,21,121.5547311,25.0412858
114,09,04,05,36,04大安區,大安區羅斯福路4段與新生南路3段口,0,0,1,1,C03,8,7,5,50,4,2,1,5,4,5,13,2,1,1,4,5,1,17,1,59,2,9,6,1,7,8,1,10,1,14,101,1,21,121.5329744,25.0161491
114,09,04,07,20,07信義區,信義區忠孝東路5段505號,0,0,2,1,B03,8,6,5,50,14,9,1,5,4,5,13,4,4,1,4,5,2,17,1,42,3,10,3,4,7,1,1,8,2,17,19,1,21,121.5787214,25.0413394
114,09,04,07,34,04大安區,大安區忠孝東路3段158號,0,0,1,1,A02,8,6,5,50,14,9,1,5,4,5,13,4,4,10,5,5,2,17,1,57,3,10,3,4,7,15,1,2,1,17,44,1,21,121.5381201,25.0415836
114,09,04,07,43,01大同區,大同區環河堤外便道忠孝橋下,0,0,1,1,C03,8,6,5,40,14,11,1,5,4,5,13,4,4,4,5,5,2,17,2,46,3,10,6,1,7,9,1,10,2,17,30,1,22,121.5056037,25.0493622
114,09,04,07,49,06松山區,松山區八德路3段12巷與八德路3段12巷52弄口,0,0,1,1,C03,8,7,5,30,4,1,1,5,4,5,13,4,4,5,5,5,2,15,1,71,2,7,5,1,7,9,1,10,1,11,72,1,21,121.5507138,25.0461518
114,09,04,07,50,05中正區,中正區臨沂街與金山南路1段73巷口,0,0,1,1,C03,8,5,5,30,4,1,1,5,4,5,13,4,4,10,5,5,2,15,1,69,2,7,5,1,7,9,1,10,1,12,75,1,21,121.5289223,25.0369628
114,09,04,07,56,10文山區,文山區木柵路4段與木柵路4段9巷口,0,0,1,1,C03,8,6,5,50,3,2,1,5,4,5,13,1,1,5,4,5,2,12,1,39,2,9,3,4,7,4,1,10,1,14,108,1,22,121.5712883,24.99227
114,09,04,08,05,09北投區,北投區石牌路2段與振興街口,0,0,1,1,C03,8,7,5,50,4,1,1,5,4,5,13,2,1,5,4,5,2,16,2,26,2,9,3,4,7,5,1,10,1,14,8,1,26,121.5213756,25.1190361
114,09,04,08,44,04大安區,"大安區基隆路3段(南往北,和平高中旁)",0,0,1,1,B01,8,6,5,50,14,9,1,5,4,5,13,4,4,1,4,5,2,17,1,67,3,10,7,1,7,12,1,4,1,1,108,1,21,121.5473662,25.0196233
114,09,04,08,49,01大同區,大同區鄭州路與西寧北路口,0,0,1,1,B03,8,5,5,50,14,9,1,5,4,5,13,1,1,5,4,5,2,12,2,37,3,10,7,1,7,9,1,8,1,2,108,1,21,121.5080668,25.0499392
114,09,04,08,52,09北投區,北投區大度路與大度路口1205127號燈桿處,0,0,1,1,C03,8,6,5,50,3,2,1,5,4,5,13,1,1,1,4,5,2,12,1,33,3,10,5,1,7,9,1,10,1,13,44,1,21,121.4726826,25.122652
114,09,04,08,56,04大安區,大安區信義路2段228號,0,0,2,1,C03,8,6,5,50,14,9,1,5,4,5,13,4,4,10,5,5,2,17,1,50,2,9,3,4,7,7,1,10,1,14,100,1,21,121.531558,25.0335637
114,09,04,08,58,10文山區,文山區木新路3段232巷7弄26-1號前,0,0,1,1,F02,8,6,5,30,14,9,1,5,4,5,13,4,4,10,5,5,2,3,2,25,3,10,3,4,7,9,8,20,2,11,108,1,22,121.5582381,24.9817036
114,09,04,09,23,07信義區,信義區吳興街531號,0,0,1,1,C03,8,6,5,50,14,9,1,5,4,5,13,4,4,9,4,5,2,17,2,25,2,8,3,4,7,5,1,10,1,14,8,1,21,121.569774,25.0233092
114,09,04,09,25,01大同區,大同區鄭州路與西寧北路口,0,0,2,1,C03,8,6,5,40,4,1,1,5,4,5,13,2,1,1,5,5,2,16,1,52,2,9,6,1,7,6,1,10,2,12,9,1,22,121.5082973,25.0506137
114,09,04,09,25,05中正區,中正區館前路43號,0,0,1,1,B01,8,5,5,50,14,9,1,5,4,5,13,2,1,10,4,5,2,12,1,61,3,10,7,1,7,9,1,4,1,2,108,1,21,121.5150029,25.0452989
114,09,04,09,49,09北投區,北投區崇仁路1段126號,0,0,2,1,C03,8,7,5,30,14,9,1,5,4,5,13,4,4,9,4,5,2,17,1,21,2,9,3,4,7,11,1,10,2,11,10,1,25,121.5019414,25.1245779
114,09,04,10,07,01大同區,大同區迪化街2段與酒泉街口,0,0,1,1,C03,8,6,5,30,5,1,1,5,4,5,13,4,4,10,5,5,2,16,2,30,2,9,6,1,7,6,1,10,2,14,72,1,21,121.5124564,25.0720655
114,09,04,10,27,03中山區,中山區南京東路3段與南京東路3段14巷口,0,0,1,1,C04,8,7,5,50,3,2,1,5,4,5,13,4,4,1,4,4,2,18,1,22,2,7,5,1,7,9,1,10,9,14,116,1,21,121.5375396,25.05188031
114,09,04,10,41,11南港區,南港區玉成街166巷22弄與玉成街176巷口,0,0,2,1,C03,8,5,5,30,4,1,1,5,4,5,13,4,4,10,5,5,2,16,2,72,2,9,5,1,7,9,3,18,2,11,72,1,22,121.5837725,25.043836
114,09,04,11,01,11南港區,南港區南港路3段與南港路3段256巷口,0,0,1,1,C03,8,7,5,50,3,2,1,5,4,5,13,4,4,9,2,5,2,12,1,52,3,10,6,1,7,8,1,10,1,17,100,1,21,121.5837019,25.0521082
114,09,04,11,10,01大同區,大同區延平北路2段與保安街口,0,0,1,1,C03,8,7,5,50,5,1,1,5,4,5,13,2,1,5,4,5,2,13,1,26,3,10,5,1,7,9,1,10,1,11,108,1,22,121.5114813,25.0588237
114,09,04,11,13,06松山區,松山區南京東路5段389巷與南京東路5段389巷5弄口,0,0,1,1,F02,8,5,5,30,4,1,1,5,4,5,13,4,4,10,5,5,2,15,1,47,2,8,5,1,7,9,8,20,1,12,72,1,21,121.5693307,25.0518953
114,09,04,11,37,09北投區,北投區石牌路1段與石牌路1段71巷口,0,0,1,1,B03,8,7,4,50,14,9,1,5,4,5,13,4,4,5,4,5,2,3,2,55,3,10,3,4,7,9,1,8,1,7,70,1,21,121.5112762,25.113622
114,09,04,12,06,04大安區,大安區和平東路1段190號,0,0,2,1,B02,8,7,5,50,14,7,1,5,4,5,13,4,4,1,4,4,2,17,1,80,3,10,3,4,7,1,1,8,1,8,19,1,21,121.5307178,25.026342
114,09,04,12,15,03中山區,中山區建國南路1段與八德路2段174巷24弄口,0,0,2,1,C02,8,6,5,30,3,2,1,5,4,5,13,4,4,5,5,5,2,17,1,50,2,9,6,1,7,6,1,9,1,12,80,1,21,121.5371164,25.04553047
114,09,04,12,48,07信義區,信義區松壽路與一號道路口,0,0,3,1,C03,8,6,5,50,3,1,1,5,4,5,13,4,4,1,4,5,1,17,1,22,2,8,3,4,7,5,1,10,1,11,17,1,22,121.5618494,25.0359565
114,09,04,13,05,07信義區,信義區莊敬路407號,0,0,1,1,C03,8,7,5,50,14,9,1,5,4,5,13,4,4,5,4,4,2,13,1,41,3,10,5,4,7,8,1,9,2,13,100,1,21,121.5661205,25.0273634
114,09,04,13,43,04大安區,大安區新生南路3段42號,0,0,1,1,C03,8,6,5,50,14,9,1,5,4,5,13,4,4,3,4,5,1,13,1,54,3,10,5,4,7,9,1,10,1,11,76,1,21,121.5341581,25.0213583
114,09,04,14,07,03中山區,中山區大佳河濱公園10號水門內,0,0,1,1,C03,8,6,5,50,11,23,1,5,4,5,13,4,4,5,5,5,1,10,1,66,3,10,5,1,7,4,1,10,1,11,94,1,21,121.529408,25.0730199
114,09,04,14,51,03中山區,中山區農安街與農安街227巷口,0,0,1,1,B02,6,7,5,30,4,1,1,4,4,5,13,4,4,9,5,5,2,15,1,49,3,10,7,1,7,9,1,8,1,1,72,1,21,121.533748,25.06481135
114,09,04,14,52,02萬華區,萬華區中華路2段416巷與雙和街31巷口,0,0,2,1,C03,7,6,5,30,4,1,1,5,4,5,13,2,1,9,4,5,1,17,1,60,2,9,3,4,7,9,1,10,1,14,13,1,22,121.5022055,25.0266212
114,09,04,14,54,04大安區,大安區基隆路4段與基隆路4段73巷口,0,0,1,1,A12,6,6,5,50,3,1,1,4,4,5,13,2,1,1,4,4,2,17,1,38,3,10,7,1,7,6,1,3,2,15,17,1,21,121.5396633,25.0130836
114,09,04,15,17,03中山區,中山區民權東路2段168號,0,0,1,1,C03,6,6,5,50,14,9,1,4,4,5,13,4,4,5,4,5,2,13,1,25,2,9,6,1,7,9,1,10,1,11,16,1,21,121.5354785,25.0623743
114,09,04,15,20,01大同區,大同區南京西路與承德路2段口,0,0,2,1,C03,6,6,5,50,4,1,1,4,4,5,13,2,1,8,3,5,2,16,1,38,2,9,6,1,7,9,1,10,1,11,44,1,21,121.5178372,25.0532762
114,09,04,15,50,02萬華區,萬華區西藏路518-3號,0,0,1,1,A02,6,6,5,50,14,9,1,4,4,5,13,4,4,1,4,5,2,17,1,38,3,10,3,4,7,9,1,2,1,8,44,1,26,121.4932051,25.0286422
114,09,04,16,35,03中山區,中山區中山北路4段圓山飯店下坡道,0,0,2,1,C03,8,7,5,50,14,9,1,5,4,5,13,1,1,10,4,5,2,13,2,45,2,7,6,1,7,9,1,10,1,11,108,1,21,121.5257776,25.07531454
114,09,04,16,35,06松山區,松山區三民路與三民路167巷口,0,0,1,1,B02,7,7,5,30,14,9,2,5,4,5,13,1,1,9,4,5,2,13,1,25,3,10,7,1,7,1,6,8,1,5,108,1,22,121.5630711,25.0619741
114,09,04,17,02,09北投區,北投區承德路6段427號,0,0,1,1,C03,8,5,5,60,14,8,1,4,4,5,13,4,4,3,4,3,2,17,1,56,3,10,3,4,7,6,1,10,2,13,9,1,21,121.5114784,25.1080967
114,09,04,17,05,12內湖區,內湖區新湖三路23號(民善街側),0,0,1,1,B03,8,5,5,50,14,9,1,4,4,5,13,4,4,8,3,5,1,11,1,71,3,10,3,4,7,15,1,8,1,8,80,1,21,121.5748952,25.0623655
114,09,04,17,09,07信義區,信義區松德路與虎林街202巷口,0,0,1,1,B03,6,6,5,50,4,2,1,4,4,5,13,2,1,10,3,4,2,16,1,57,3,10,3,4,7,6,1,8,1,5,9,1,21,121.5760502,25.0382163