發生年度,發生月,發生日,發生時-Hours,發生分,區序,肇事地點,死亡人數,2-30日死亡人數,受傷人數,當事人序號,車種,天候,光線,道路類別,速限-速度限制,道路型態,事故位置,路面狀況1,路面狀況2,路面狀況3,道路障礙1,道路障礙2,號誌1,號誌2,車道劃分-分向,車道劃分-分道1,車道劃分-分道2,車道劃分-分道3,事故類型及型態,性別,年齡,受傷程度,主要傷處,保護裝置,行動電話,車輛用途,當事者行動狀態,駕駛資格情形,駕駛執照種類,飲酒情形,車輛撞擊部位1,肇因碼-個別,個人肇逃否,職業,座標-X,座標-Y
114,09,04,17,13,04大安區,大安區信義路3段與新生南路2段口大安森林公園側,0,0,1,1,F01,8,6,5,0,22,23,4,5,4,5,13,4,4,10,5,5,2,29,2,19,2,9,4,1,7,9,8,20,1,14,44,1,21,121.5331689,25.0334188
114,09,04,17,15,07信義區,信義區松智路與松壽路口,0,0,2,1,C03,8,5,5,50,4,2,1,5,4,5,13,2,1,5,4,5,2,17,1,29,2,7,6,1,7,5,1,10,1,12,118,1,22,121.5654517,25.0358331
114,09,04,17,17,04大安區,大安區敦化南路2段與和平東路3段口,0,0,1,1,,7,5,5,50,5,2,1,5,4,5,13,2,1,8,3,5,1,17,4,0,,,,,,,,,11,,119,2,,121.548951,25.0247115
114,09,04,17,17,04大安區,大安區基隆路4段43號停車場出入口,0,0,3,1,C04,8,6,5,40,3,1,1,4,4,5,13,4,4,1,4,4,2,16,1,25,2,7,6,1,7,9,1,10,1,12,44,1,21,121.5411412,25.01427431
114,09,04,17,20,12內湖區,內湖區成功路2段325號,0,0,1,1,C03,7,6,5,50,4,1,1,5,4,5,13,1,1,10,5,5,2,12,1,43,2,9,6,1,7,9,1,10,2,14,44,1,21,121.5898261,25.071638
114,09,04,17,25,04大安區,大安區忠孝東路3段80巷與忠孝東路3段口,0,0,1,1,B03,8,5,5,30,3,2,1,4,4,5,13,4,4,1,4,1,1,17,1,71,3,10,7,1,7,6,1,8,1,17,72,1,21,121.5357676,25.0418076
114,09,04,17,49,05中正區,中正區重慶南路1段5巷與重慶南路1段口,0,0,1,1,B03,8,5,5,30,3,1,1,5,4,5,13,4,4,10,4,5,2,16,2,52,3,10,7,1,7,5,1,8,2,2,73,1,21,121.5131464,25.0461832
114,09,04,17,50,03中山區,中山區中山北路2段與南京西路口,0,0,1,1,B02,8,7,5,50,14,9,1,5,4,5,13,2,1,10,4,5,2,13,1,36,3,10,7,1,7,9,1,4,1,1,108,1,21,121.5223755,25.05231572
114,09,04,17,57,09北投區,北投區大度路3段東往西,0,0,2,1,C03,8,6,5,50,14,9,1,5,4,5,13,4,4,1,4,1,2,12,1,54,2,7,6,1,7,10,1,10,1,12,100,1,21,121.47091,25.1230156
114,09,04,18,21,07信義區,信義區忠孝東路5段與松仁路口口,0,0,2,1,C03,7,5,5,50,14,9,1,5,4,5,13,1,1,4,5,5,2,13,2,43,3,10,6,1,7,9,1,10,1,13,44,1,21,121.5686143,25.0411332
114,09,04,18,24,07信義區,信義區福德街84巷與林口街80巷口,0,0,2,1,C03,8,5,5,30,4,1,1,5,4,5,13,4,4,10,5,5,2,13,2,32,2,8,5,1,7,9,1,10,1,11,16,1,21,121.5803729,25.039543
114,09,04,18,46,02萬華區,萬華區中華路2段與廣州街口,0,0,2,1,C03,8,5,6,50,4,2,1,5,4,5,13,1,1,1,4,4,2,12,1,43,2,9,5,1,7,8,1,10,1,12,44,1,21,121.5064237,25.0361795
114,09,04,18,47,06松山區,松山區復興北路311號,0,0,1,1,C04,8,5,5,50,14,9,1,5,4,5,13,4,4,1,4,1,2,13,2,22,2,9,6,1,7,9,1,10,1,11,108,1,21,121.5442343,25.058797
114,09,04,18,49,06松山區,松山區延壽街與延壽街119巷口,0,0,1,1,B03,8,5,5,30,4,1,1,5,4,5,13,4,4,9,4,5,2,17,1,55,3,10,7,1,7,5,1,8,2,8,74,1,21,121.5648895,25.0570103
114,09,04,18,54,04大安區,大安區通化街171巷與通化街口,0,0,1,1,B01,8,5,5,50,4,1,1,5,4,5,13,2,1,5,4,5,2,17,1,67,3,10,7,1,7,5,1,4,1,1,44,1,21,121.5535996,25.0280597
114,09,04,18,55,04大安區,大安區復興南路2段與復興南路2段193巷口口,0,0,1,1,B03,8,5,5,50,4,1,1,5,4,5,13,2,1,1,4,5,1,17,1,64,3,10,7,1,7,5,1,8,1,5,71,1,21,121.5435376,25.0265272
114,09,04,18,58,05中正區,中正區廈門街與廈門街113巷口,0,0,1,1,B03,8,5,5,30,3,1,1,5,4,5,13,4,4,5,4,5,2,16,1,45,3,10,7,1,7,5,1,8,1,2,71,1,21,121.5174444,25.0234807
114,09,04,19,00,03中山區,中山區大直橋往北7510222燈桿,0,0,1,1,F07,8,5,8,0,22,22,1,5,4,5,13,4,4,10,5,5,2,9,1,5,3,10,4,1,7,9,8,20,10,15,44,1,22,121.5443099,25.07967985
114,09,04,19,42,04大安區,大安區建國南路1段175巷與建國南路1段口,0,0,2,1,C03,8,5,5,50,4,1,1,5,4,5,13,2,1,1,4,5,2,17,1,21,2,9,6,1,7,9,1,10,1,11,44,1,21,121.5377178,25.0408245
114,09,04,19,47,12內湖區,內湖區民權東路6段與民權東路6段191巷口口,0,0,1,1,B03,8,5,5,50,4,1,1,5,4,5,13,1,1,1,4,4,2,3,1,23,3,10,7,1,7,5,3,18,2,8,70,1,21,121.5974266,25.067624
114,09,04,20,45,01大同區,大同區市民大道1段0802371燈桿,0,0,1,1,C03,8,5,5,40,14,9,1,5,4,5,13,4,4,1,4,1,2,13,1,61,2,9,6,1,7,12,6,10,2,11,108,1,22,121.517381,25.0486979
114,09,04,20,50,12內湖區,內湖區成功路2段與民權東路6段口,0,0,2,1,C03,8,5,5,50,4,1,1,5,4,5,13,2,1,1,4,5,2,12,1,21,2,9,6,1,7,7,1,10,2,12,100,1,21,121.5909814,25.0690809
114,09,04,21,13,05中正區,中正區青島東路7號對面,0,0,1,1,H01,8,5,5,50,14,7,1,5,4,5,13,4,4,5,5,4,2,3,1,66,2,1,4,5,8,16,8,20,10,16,121,1,21,121.5222593,25.0437731
114,09,04,23,52,09北投區,北投區大度路3段與聖景路口,0,0,1,1,C03,7,5,5,50,4,1,1,5,4,5,13,1,1,1,4,5,2,16,1,23,2,9,6,1,7,5,1,10,1,14,8,1,21,121.4642423,25.1238223
114,09,05,00,49,03中山區,中山區林森北路與中山北路1段135巷口,0,0,1,1,B01,8,5,5,50,14,9,1,5,4,5,13,4,4,1,4,5,2,17,2,48,3,10,7,1,7,8,1,4,1,17,100,1,22,121.5250495,25.05088239
114,09,05,02,15,03中山區,中山區林森北路與民生東路1段口,0,0,1,1,B01,7,5,5,50,4,1,1,5,4,5,13,2,1,4,5,5,1,16,1,56,3,10,3,4,7,6,6,18,1,2,9,1,21,121.5254763,25.05801922
114,09,05,06,26,03中山區,中山區濱江街136號,0,0,1,1,B03,8,5,5,50,14,9,1,5,4,5,13,4,4,10,4,5,2,16,2,49,3,10,3,4,7,6,1,8,1,5,9,1,21,121.5228803,25.0626794
114,09,05,06,35,12內湖區,內湖區潭美街301號,0,0,2,1,C03,8,6,5,40,14,9,1,5,4,5,13,4,4,5,4,5,2,3,1,68,2,9,5,1,7,9,1,10,2,11,108,1,21,121.588719,25.0578516
114,09,05,07,30,11南港區,南港區昆陽街與東新街口,0,0,1,1,,8,7,5,50,11,9,1,5,4,5,13,1,1,10,4,5,2,16,4,0,4,11,3,4,7,6,7,19,11,2,119,2,21,121.5940634,25.0486854
114,09,05,07,32,01大同區,大同區延平北路3段18巷與民權西路245巷口,0,0,1,1,C03,7,6,5,30,4,2,1,5,4,5,13,4,4,10,5,5,1,10,1,44,3,10,6,4,7,4,1,10,2,11,1,1,21,121.5104315,25.0639536
114,09,05,07,35,10文山區,文山區木柵路1段與景美溪橋口,0,0,1,1,C03,8,6,5,50,14,9,2,5,4,5,13,2,1,5,4,5,2,17,1,31,2,7,5,4,7,6,1,10,1,14,99,1,21,121.5453838,24.986809
114,09,05,07,45,09北投區,北投區三合街2段415號,0,0,1,1,B03,8,5,5,50,14,9,1,5,4,5,13,1,1,9,4,5,2,12,2,32,3,10,7,1,7,8,1,8,1,5,101,1,21,121.5030344,25.1266328
114,09,05,08,12,06松山區,松山區南京東路5段291巷20弄27號,0,0,1,1,B03,8,7,5,30,14,9,1,5,4,5,13,4,4,10,5,5,2,2,1,41,3,10,7,1,7,9,1,8,2,5,108,1,21,121.5650994,25.0521115
114,09,05,08,25,03中山區,中山區南京東路2段與一江街口,0,0,1,1,,8,7,5,0,4,2,4,5,4,5,13,4,4,1,4,5,2,2,4,0,,,,,7,9,8,20,9,15,119,2,,121.5314894,25.05194684
114,09,05,08,27,05中正區,中正區杭州南路1段與仁愛路1段口,0,0,1,1,B03,8,6,5,50,4,1,1,5,4,5,13,1,1,10,4,5,1,12,1,32,3,10,7,1,7,8,1,8,2,7,100,1,22,121.5251346,25.0381445
114,09,05,08,31,03中山區,中山區民權東路3段與龍江路口,0,0,2,1,C03,8,6,5,50,4,4,1,5,4,5,13,2,1,1,4,5,2,13,1,18,2,6,6,1,7,9,1,10,1,11,108,1,21,121.5411223,25.0624529
114,09,05,08,34,07信義區,信義區基隆路2段62號,0,0,1,1,C03,8,6,5,50,14,9,1,5,4,5,13,4,4,1,4,5,2,13,1,33,2,8,3,4,7,9,1,10,1,11,16,1,21,121.5584505,25.0312628
114,09,05,08,36,12內湖區,內湖區新明路219巷與新明路口,0,0,1,1,B03,8,7,5,50,3,2,1,5,4,5,13,2,1,5,4,4,2,17,1,22,3,10,7,1,7,8,3,18,2,3,99,1,21,121.5881759,25.0584543
114,09,05,08,36,07信義區,信義區信安街15巷46弄與吳興街220巷59弄口,0,0,1,1,B03,8,7,5,50,14,9,1,5,4,5,13,4,4,9,4,5,2,16,1,23,3,10,3,4,7,15,1,8,2,6,118,1,21,121.5604238,25.0270253
114,09,05,08,41,03中山區,中山區林森北路與南京東路1段口口,0,0,1,1,A02,8,5,5,50,14,10,1,5,4,5,13,1,1,10,4,4,1,9,1,34,3,10,7,1,7,1,1,2,9,15,19,1,22,121.5272772,25.0521271
114,09,05,08,46,11南港區,南港區玉成街153巷與玉成街口口,0,0,1,1,B03,8,6,5,50,4,18,1,5,4,5,13,1,1,10,5,5,2,3,1,39,3,10,3,4,7,5,1,8,1,8,70,1,22,121.5837966,25.0451998
114,09,05,08,55,10文山區,文山區興隆路2段61巷與景豐街31巷口口,0,0,1,1,B03,8,6,5,30,4,1,1,5,4,5,13,4,4,10,5,5,2,15,2,19,3,10,7,1,7,9,1,8,2,1,72,1,21,121.5454835,25.0000048
114,09,05,09,11,03中山區,中山區中山北路3段22號,0,0,2,1,C03,8,7,5,50,14,9,1,5,4,5,13,4,4,10,4,5,2,13,1,22,2,9,5,1,7,9,1,10,1,11,16,1,21,121.5221967,25.05807055
114,09,05,09,22,03中山區,中山區敬業三路11號,0,0,1,1,B12,8,5,5,50,14,9,1,5,4,5,13,4,4,1,4,5,2,16,1,38,3,10,3,4,7,6,1,8,2,5,9,1,21,121.556259,25.08359894
114,09,05,09,25,12內湖區,內湖區新湖一路與新湖二路191巷口,0,0,1,1,B03,8,6,5,50,3,1,1,5,4,5,13,4,4,5,5,5,2,16,1,29,3,10,7,1,7,5,1,8,1,4,8,1,22,121.5804841,25.0610478
114,09,05,09,49,03中山區,中山區吉林路196號,0,0,1,1,C03,8,6,5,50,14,7,1,5,4,5,13,1,1,5,4,4,2,17,1,36,2,9,6,1,7,9,1,10,1,14,42,1,21,121.5301757,25.0584017
114,09,05,09,56,07信義區,信義區信義路4段375號,0,0,1,1,B03,8,6,5,50,14,9,1,5,4,5,13,4,4,5,5,5,2,16,1,66,3,10,7,1,7,5,1,8,2,8,8,1,21,121.5578206,25.0331817
114,09,05,09,57,04大安區,大安區市民大道4段與光復南路口,0,0,2,1,C03,8,7,5,40,14,9,1,5,4,5,13,2,1,1,4,5,2,17,2,24,2,9,3,4,7,9,1,10,1,12,17,1,21,121.5580648,25.0449621
114,09,05,10,11,02萬華區,華中橋牽引道,0,0,2,1,C03,8,6,5,40,3,2,1,5,4,5,13,1,1,1,4,5,2,17,1,55,2,8,6,1,7,9,1,10,1,12,44,1,21,121.4955739,25.0167078
114,09,05,10,18,02萬華區,萬華區萬大路423巷與萬大路口,0,0,1,1,C03,8,6,5,50,4,1,1,5,4,5,13,1,1,10,5,5,2,17,2,85,2,9,5,1,7,5,3,18,1,14,8,1,21,121.4986984,25.0214954
114,09,05,10,20,04大安區,大安區復興南路1段227號,0,0,1,1,C03,8,6,5,50,14,9,1,5,4,5,13,4,4,1,4,5,1,12,1,58,4,11,3,4,7,7,7,19,11,15,100,2,22,121.5437858,25.0384324
114,09,05,10,26,07信義區,信義區松智路與松平路口,0,0,2,1,B01,8,6,5,50,4,1,1,5,4,5,13,2,1,9,4,5,2,17,1,50,3,10,3,4,7,6,1,4,1,5,9,1,21,121.5654017,25.0304438
114,09,05,10,50,07信義區,信義區和平東路3段與和平東路3段391巷口,0,0,1,1,B01,8,6,5,50,4,1,1,5,4,5,13,2,1,1,4,5,1,12,1,54,3,10,3,4,7,1,1,4,1,7,19,1,21,121.5575878,25.0197085
114,09,05,11,05,03中山區,中山區德惠街與新生北路3段口迴轉道口,0,0,1,1,B03,8,5,5,50,4,1,1,5,4,5,13,1,1,2,4,5,2,16,1,53,3,10,7,1,7,9,1,8,2,4,81,1,21,121.5275968,25.06695335
114,09,05,11,18,06松山區,松山區長春路與敦化北路口,0,0,1,1,B01,8,5,5,50,5,1,1,5,4,5,13,2,1,1,3,5,2,17,1,60,3,10,3,4,7,6,1,4,2,17,9,1,26,121.5489119,25.0543307
114,09,05,11,52,04大安區,大安區敦化南路1段362號,0,0,1,1,B01,8,7,5,50,14,9,1,5,4,5,13,4,4,1,4,5,2,12,1,62,3,10,3,4,7,15,1,4,1,2,100,1,21,121.5485183,25.0341703
114,09,05,12,06,07信義區,信義區吳興街與吳興街260巷口,0,0,1,1,B01,8,6,5,30,4,18,1,5,4,5,13,4,4,5,2,5,1,3,1,30,3,10,3,4,7,6,1,4,2,5,70,1,22,121.5638571,25.0267508
114,09,05,12,07,03中山區,中山區八德路2段與安東街口,0,0,2,1,C03,8,6,5,50,3,1,1,5,4,5,13,1,1,5,4,5,2,17,1,56,2,9,6,1,7,11,1,10,1,13,10,1,21,121.5476326,25.04814561
114,09,05,12,16,03中山區,中山區民權東路1段與林森北路口,0,0,1,1,C03,8,6,5,50,4,1,1,5,4,5,13,1,1,1,4,5,2,12,2,63,2,9,5,1,7,7,3,18,1,14,101,1,22,121.5257583,25.062774
114,09,05,12,48,03中山區,中山區吉林路與松江路184巷26弄口,0,0,1,1,B02,8,6,5,40,4,1,1,5,4,5,13,4,4,7,4,4,2,16,1,49,3,10,7,1,7,5,1,8,1,5,8,1,21,121.5302065,25.0561835
114,09,05,13,00,12內湖區,內湖區東湖路113巷與東湖路113巷95弄口,0,0,1,1,C03,8,5,5,30,4,1,1,5,4,5,13,2,1,5,5,5,1,16,1,21,3,10,6,1,7,5,1,10,9,14,8,1,21,121.6155934,25.0720294
114,09,05,13,12,03中山區,中山區南京西路與中山北路1段口,0,0,1,1,B03,8,7,5,50,4,2,1,5,4,5,13,2,1,1,4,5,2,13,1,76,3,10,7,1,7,9,1,8,1,5,16,1,21,121.5221987,25.0522488
114,09,05,13,25,07信義區,信義區莊敬路與松勤街口,0,0,1,1,F03,8,6,5,50,4,2,1,5,4,5,13,2,1,5,4,5,1,13,2,64,2,9,3,4,7,9,8,20,1,11,5,1,22,121.5613087,25.0323126
114,09,05,13,41,07信義區,信義區永吉路326巷與永吉路278巷57弄口,0,0,1,1,B03,8,6,5,30,4,1,1,5,4,5,13,4,4,5,4,5,2,15,2,58,3,10,7,1,7,9,1,8,2,2,14,1,21,121.5753958,25.0433496
114,09,05,13,45,03中山區,中山區松江路與南京東路2段口,0,0,1,1,B03,8,6,5,50,4,4,1,5,4,5,13,2,1,1,4,5,2,13,1,43,3,10,7,1,7,9,1,8,1,5,16,1,21,121.532933,25.0523605
114,09,05,14,30,08士林區,士林區中山北路6段與德行西路口,0,0,1,1,B03,8,6,5,50,4,1,1,5,4,5,13,2,1,1,4,5,1,17,1,46,3,10,7,1,7,5,1,8,2,2,8,1,21,121.5247907,25.1064454
114,09,05,15,21,06松山區,松山區三民路41號,0,0,1,1,B01,8,6,5,50,14,9,1,5,4,5,13,4,4,9,4,5,2,17,1,46,3,10,7,1,7,15,1,4,1,17,101,1,21,121.5636667,25.05607517
114,09,05,15,25,05中正區,中正區羅斯福路1段129號,0,0,1,1,C03,8,7,5,50,14,9,1,5,4,5,13,4,4,1,4,5,2,12,1,59,2,9,5,1,7,8,1,10,9,12,100,1,22,121.5202983,25.0301781
114,09,05,15,42,06松山區,松山區光復北路240號,0,0,1,1,B02,8,7,5,50,14,9,1,5,4,5,13,4,4,9,4,5,2,13,2,73,3,10,7,1,7,9,1,8,9,1,108,2,22,121.5554051,25.0570056
114,09,05,15,42,07信義區,信義區信義路5段與市府路口,0,0,1,1,C03,8,5,5,50,3,1,1,5,4,5,13,2,1,10,3,5,2,12,1,34,2,9,5,4,7,9,1,10,1,12,108,1,21,121.5638972,25.0330179
114,09,05,15,45,09北投區,北投區中山路1210011號燈桿,0,0,1,1,C03,8,6,5,40,14,9,1,5,4,5,13,4,4,9,5,5,2,13,2,35,2,9,6,1,7,9,1,10,1,11,16,1,21,121.5069178,25.1368819
114,09,05,15,53,03中山區,中山區市民大道1段與中山北路1段口,0,0,1,1,C02,8,7,5,40,4,2,1,5,4,5,13,2,1,1,4,5,2,12,1,58,2,9,6,1,7,9,1,9,1,12,108,1,21,121.5204642,25.0482269
114,09,05,16,11,08士林區,士林區延平北路6段與社子街口,0,0,1,1,F01,8,5,5,50,4,2,1,5,4,5,13,2,1,4,5,5,1,17,2,16,2,9,4,1,7,5,8,20,2,14,44,1,21,121.5178856,25.08662126
114,09,05,16,14,03中山區,中山區民權東路1段與林森北路口,0,0,1,1,C03,8,7,5,50,4,2,1,5,4,5,13,1,1,1,4,5,2,17,1,32,2,9,5,1,7,15,1,10,1,14,17,1,22,121.5259978,25.0627687
114,09,05,16,20,01大同區,大同區昌吉街延平國小前,0,0,2,1,C03,8,6,5,50,14,9,1,5,4,5,13,4,4,4,4,5,2,13,1,74,2,8,5,1,7,9,1,10,1,11,16,1,21,121.5125629,25.0659606
114,09,05,16,28,01大同區,大同區長安西路與承德路1段口,0,0,2,1,C03,8,6,5,50,4,1,1,5,4,5,13,2,1,8,3,5,1,16,1,51,2,9,6,1,7,5,1,10,2,11,74,1,21,121.5170497,25.0509333
114,09,05,16,55,08士林區,士林區中山北路5段與文林路口,0,0,1,1,B03,8,7,5,40,3,1,1,5,4,5,13,1,1,1,1,5,1,16,2,59,3,10,7,1,7,6,1,8,1,2,44,1,21,121.5254294,25.08613172
114,09,05,16,58,04大安區,大安區和平東路3段1巷與四維路228巷口,0,0,1,1,C03,8,5,5,30,4,1,1,5,4,5,13,4,4,10,5,5,2,15,2,73,2,9,6,1,7,9,1,10,1,11,72,1,21,121.5467534,25.0255853
114,09,05,17,05,09北投區,北投區中央北路2段與中央北路2段350巷口,0,0,1,1,B03,8,5,8,50,3,1,1,5,4,5,13,2,1,9,4,5,2,16,1,77,3,10,3,4,7,5,1,8,1,6,71,1,21,121.4882901,25.1384395
114,09,05,17,07,10文山區,文山區景華街82巷與景華街82巷7弄口,0,0,1,1,C03,8,6,5,30,3,1,1,4,4,5,13,4,4,10,5,5,2,16,2,58,2,7,5,1,7,6,1,10,1,11,72,1,21,121.5453312,24.99463385
114,09,05,17,35,11南港區,南港區舊莊街1段3巷與舊莊街1段3巷12弄口,0,0,2,1,C03,7,7,5,30,3,2,1,5,4,5,13,4,4,9,5,5,2,3,2,61,2,9,5,1,7,9,1,10,1,11,14,1,21,121.6181369,25.0423872
114,09,05,17,39,02萬華區,萬華區桂林路246巷與桂林路244巷口,0,0,2,1,C03,8,7,5,50,3,1,1,5,4,5,13,1,1,1,3,5,2,17,1,40,2,9,5,1,7,5,1,10,1,14,99,1,21,121.495572,25.0384901
114,09,05,17,45,06松山區,松山區民生東路4段75巷與民生東路4段口,0,0,1,1,C03,8,5,6,50,3,1,1,5,4,5,13,4,4,1,4,5,2,13,2,32,2,8,6,1,7,9,1,10,1,11,108,1,22,121.5513214,25.05796063
114,09,05,18,08,02萬華區,萬華區堤外便道與桂林路口水門口,0,0,1,1,C03,8,6,5,40,5,1,1,5,4,5,13,1,1,8,3,5,1,17,1,30,3,10,5,1,7,5,1,10,1,11,17,1,21,121.4958605,25.0390277
114,09,05,18,36,04大安區,大安區基隆路4段與羅斯福路4段口,0,0,2,1,C03,8,5,5,30,5,1,1,5,4,5,13,1,1,1,5,5,2,12,1,27,2,9,3,4,7,6,1,10,1,12,9,1,21,121.5373891,25.0111248
114,09,05,18,40,03中山區,中山區建國北路2段與錦州街口,0,0,1,1,C03,7,5,5,50,4,1,1,5,4,5,13,2,1,1,5,5,1,16,1,37,2,9,3,4,7,9,1,10,1,11,13,1,21,121.5376002,25.0603792
114,09,05,18,45,05中正區,中正區重慶南路1段與寶慶路口,0,0,1,1,B03,7,5,5,50,4,1,1,4,4,5,13,1,1,5,4,5,2,13,1,57,3,10,7,1,7,5,1,8,1,8,108,1,22,121.5129994,25.0411438
114,09,05,19,00,02萬華區,萬華區堤外便道龍山104桿,0,0,1,1,C03,8,5,5,40,14,11,1,5,4,5,13,4,4,8,4,5,2,17,1,44,3,10,5,1,7,15,6,10,1,17,14,1,21,121.5017318,25.0452457
114,09,05,19,13,01大同區,大同區鄭州路與西寧北路口,0,0,1,1,B03,8,5,5,50,5,1,1,5,4,5,13,2,1,1,4,5,2,13,2,49,3,10,7,1,7,9,1,8,1,1,108,1,21,121.5081323,25.05040057
114,09,05,19,15,08士林區,士林區中山北路6段與德行西路口,0,0,5,1,B03,8,5,5,50,4,1,1,5,4,5,13,2,1,1,4,5,2,17,1,40,2,3,3,4,7,5,1,8,1,2,71,1,22,121.5247752,25.1064151
114,09,05,19,19,01大同區,大同區南京西路196號,0,0,1,1,A02,7,5,5,50,14,9,1,5,4,5,13,4,4,1,4,5,2,9,1,51,3,10,7,1,7,9,1,2,11,17,44,1,21,121.5173564,25.05328722
114,09,05,19,42,02萬華區,萬華區萬大路與萬大路486巷口,0,0,1,1,B12,8,5,5,30,3,2,1,5,4,5,13,4,4,1,4,5,2,17,1,26,3,10,7,4,7,8,1,8,1,2,100,1,21,121.4973442,25.01960683
114,09,05,19,57,12內湖區,內湖區港墘路與洲子街口,0,0,1,1,B02,8,5,5,50,4,1,1,5,4,5,13,1,1,1,3,5,1,16,1,38,3,10,7,1,7,6,1,8,1,5,9,1,21,121.5758712,25.0780409
114,09,05,20,10,08士林區,士林區承德路4段與劍潭路口,0,0,2,1,C03,8,5,5,50,4,2,1,5,4,5,13,1,1,10,4,5,1,17,2,18,2,9,6,1,7,9,1,10,1,11,16,1,21,121.5236015,25.08397832
114,09,05,20,39,07信義區,信義區忠孝東路5段423巷與忠孝東路5段423巷3弄口,0,0,1,1,B03,8,5,5,30,4,1,1,5,4,5,8,4,4,5,5,5,2,17,1,40,3,10,3,4,7,6,1,8,2,17,72,1,21,121.5753121,25.0413751
114,09,05,20,49,05中正區,中正區中山北路1段與北平東路口,0,0,1,1,B03,8,5,5,50,4,1,1,5,4,5,13,1,1,5,4,5,1,17,1,22,3,10,7,1,7,5,1,8,1,5,80,1,21,121.5203737,25.0472249
114,09,05,21,06,03中山區,中山區林森北路與民生東路1段口,0,0,1,1,B03,8,5,5,50,14,9,1,5,4,5,13,1,1,8,3,4,2,13,1,51,3,10,7,1,7,9,1,8,1,1,108,1,21,121.5255417,25.0578615
114,09,05,21,24,03中山區,中山區敬業三路與樂群二路口,0,0,1,1,B01,8,5,5,50,4,1,1,5,4,5,13,1,1,1,4,5,2,12,1,68,3,10,7,1,7,6,1,4,2,2,9,1,21,121.5562647,25.0798842
114,09,05,21,50,04大安區,大安區忠孝東路4段與延吉街70巷5弄口,0,0,1,1,B01,8,5,5,50,3,1,1,5,4,5,13,4,4,1,4,5,2,16,1,57,3,10,3,4,7,6,1,8,1,2,9,1,21,121.5539495,25.0415258
114,09,05,22,08,03中山區,中山區建國北路3段與民族東路口,0,0,2,1,A02,8,5,5,50,14,9,1,5,4,5,13,1,1,1,3,4,2,13,1,55,2,1,7,1,7,9,1,6,1,1,108,1,21,121.5340508,25.0682654
114,09,05,22,18,11南港區,南港區興中路與重陽路口,0,0,1,1,B03,8,5,5,50,4,1,1,5,4,5,13,2,1,5,5,5,2,16,1,47,3,10,3,4,7,6,1,8,1,2,9,1,21,121.6067323,25.0580152
114,09,05,22,33,03中山區,中山區建國北路2段與錦州街口,0,0,1,1,B02,7,5,5,50,5,2,1,5,4,5,13,2,1,8,3,5,1,17,1,46,3,10,7,1,7,9,1,4,1,1,81,1,21,121.5367703,25.0597284
114,09,05,23,53,05中正區,中正區重慶南路2段與愛國西路口,1,0,0,1,C03,8,5,5,50,4,1,1,5,4,5,13,1,1,5,4,5,2,18,1,39,1,9,5,1,7,9,1,10,1,12,14,1,21,121.5126076,25.0346074
114,09,06,06,00,03中山區,中山區民族東路78號,0,0,4,1,C03,8,7,5,50,14,9,1,5,4,5,13,4,4,9,4,5,2,17,1,74,2,8,5,1,7,9,1,10,2,11,108,1,21,121.5264152,25.068332
114,09,06,07,30,08士林區,士林區忠誠路2段50巷2號,0,0,1,1,B03,8,6,5,30,14,9,1,5,4,5,13,4,4,10,5,5,2,17,2,50,3,10,7,1,7,1,1,8,1,1,19,1,26,121.5302731,25.1107507
114,09,06,07,32,09北投區,北投區公館路與大興街口,0,0,2,1,C03,8,6,5,40,4,1,1,5,4,5,13,2,1,5,5,5,2,16,1,33,2,8,5,1,7,5,1,10,1,12,8,1,21,121.5046608,25.1310313
114,09,06,07,42,08士林區,士林區中正路與福港街口,0,0,1,1,C03,8,6,5,50,4,2,1,5,4,5,13,1,1,10,3,5,1,13,2,46,2,8,5,1,7,9,1,10,1,11,16,1,21,121.5179854,25.0918241
114,09,06,07,57,07信義區,信義區基隆路2段79巷與基隆路2段79巷30弄口,0,0,2,1,C03,8,7,6,30,4,1,1,5,4,5,13,4,4,10,5,5,2,15,1,61,2,9,5,1,7,9,1,10,2,14,72,1,21,121.5597552,25.0294065
114,09,06,08,10,10文山區,文山區景美堤外便道北往南（燈桿：景美034旁）,0,0,1,1,H01,8,6,8,0,22,22,1,5,4,5,13,4,4,9,5,5,1,9,1,66,3,10,4,5,8,16,8,20,10,17,53,1,21,121.5183568,25.04847309
114,09,06,08,15,04大安區,大安區和平東路2段與復興南路2段口,0,0,1,1,F01,8,6,5,50,4,1,1,5,4,5,13,1,1,9,4,5,1,12,1,68,2,7,4,4,7,7,8,20,2,12,100,1,21,121.5435035,25.0247465
114,09,06,08,52,03中山區,中山區復興北路514巷與民權東路3段39巷口,0,0,1,1,C03,8,7,5,50,3,1,1,5,4,5,13,4,4,9,5,5,2,18,2,30,2,7,6,1,7,12,1,10,1,12,42,1,21,121.542778,25.06592188
114,09,06,09,00,01大同區,大同區淡水河濱自行車道（3K+400處，往南）,0,0,3,1,F01,8,6,5,0,14,23,1,5,4,5,13,4,4,8,5,5,1,9,1,13,2,9,4,4,7,9,8,20,1,11,108,1,21,121.508577,25.0642436
114,09,06,09,14,04大安區,大安區信義路3段與建國南路2段口,0,0,1,1,B01,8,6,5,50,4,1,1,5,4,5,13,2,1,1,3,5,2,17,1,64,3,10,7,1,7,9,1,4,1,6,5,1,21,121.5380645,25.033369
114,09,06,09,51,12內湖區,內湖區康寧路3段267號,0,0,1,1,B12,8,7,5,50,14,9,1,5,4,5,13,4,4,9,4,5,2,17,1,43,3,10,7,1,7,8,1,6,2,17,80,1,21,121.6112308,25.0666726