發生年度,發生月,發生日,發生時-Hours,發生分,區序,肇事地點,死亡人數,2-30日死亡人數,受傷人數,當事人序號,車種,天候,光線,道路類別,速限-速度限制,道路型態,事故位置,路面狀況1,路面狀況2,路面狀況3,道路障礙1,道路障礙2,號誌1,號誌2,車道劃分-分向,車道劃分-分道1,車道劃分-分道2,車道劃分-分道3,事故類型及型態,性別,年齡,受傷程度,主要傷處,保護裝置,行動電話,車輛用途,當事者行動狀態,駕駛資格情形,駕駛執照種類,飲酒情形,車輛撞擊部位1,肇因碼-個別,個人肇逃否,職業,座標-X,座標-Y
114,09,06,10,12,03中山區,中山區中山北路2段126號,0,0,1,1,B03,8,7,5,50,14,9,1,5,4,5,13,4,4,9,4,5,2,17,1,49,3,10,7,1,7,8,1,8,1,17,100,1,21,121.5227322,25.06124081
114,09,06,10,18,08士林區,士林區文林路726號,0,0,2,1,B01,8,6,5,50,14,7,1,5,4,5,13,4,4,1,4,4,2,12,1,55,3,10,7,1,7,8,1,4,1,4,100,1,26,121.5206207,25.1024665
114,09,06,10,19,10文山區,文山區木柵路4段與木柵路4段149巷口,0,0,2,1,C03,8,6,5,50,14,9,2,5,4,5,13,2,1,5,4,5,2,13,1,74,2,8,5,4,7,9,1,10,1,11,108,1,21,121.5750425,24.9987964
114,09,06,10,19,12內湖區,內湖區民權東路6段56巷3號,0,0,2,1,C03,8,7,5,50,14,9,1,5,4,5,13,1,1,4,4,5,1,16,2,64,2,9,6,1,7,15,6,18,1,14,100,1,21,121.5848218,25.0682929
114,09,06,10,22,02萬華區,萬華區萬大路與長泰街口,0,0,1,1,C03,8,6,8,30,3,1,1,5,4,5,13,2,1,2,4,5,2,17,1,51,3,10,6,1,7,9,1,10,1,17,30,1,21,121.4994964,25.0227097
114,09,06,10,45,10文山區,文山區羅斯福路6段與羅斯福路6段166巷口口,0,0,1,1,C03,8,6,5,50,4,2,1,5,4,5,13,2,1,1,4,5,2,12,1,78,3,10,6,1,7,8,1,10,11,13,100,2,21,121.5410972,24.9947011
114,09,06,11,16,05中正區,中正區愛國東路與愛國東路口大孝門門,0,0,2,1,C03,8,5,5,50,4,1,1,5,4,5,13,1,1,1,4,1,2,16,1,74,2,7,5,1,7,9,1,10,9,11,81,1,21,121.5209705,25.03304297
114,09,06,11,16,05中正區,中正區愛國東路大孝門前,0,,1,1,C03,8,,,50,,,,,,,,,,,,,,,1,74,,,,,,,,,9,,,,,121.5199616,25.04133398
114,09,06,11,48,05中正區,中正區三元街與三元街230巷附近口,0,0,1,1,B03,8,6,5,50,4,2,1,5,4,5,13,1,1,1,4,4,1,17,1,38,3,10,7,1,7,6,1,8,2,2,9,1,21,121.5126681,25.0275229
114,09,06,12,19,03中山區,中山區龍江路356巷與五常街53巷口,0,0,2,1,C03,8,5,5,50,4,1,1,5,4,5,13,4,4,8,4,5,2,16,2,57,2,9,5,1,7,9,1,10,1,11,72,1,21,121.5396634,25.066035
114,09,06,12,38,05中正區,中正區忠孝西路1段與館前路口,0,0,2,1,C03,8,6,5,50,4,1,1,5,4,5,13,1,1,10,5,5,1,12,2,49,2,9,6,1,7,8,1,10,2,12,100,1,22,121.5150101,25.0467808
114,09,06,12,55,02萬華區,萬華區興義街與西園路2段320巷口,0,0,3,1,C03,8,6,5,30,4,1,1,5,4,5,13,4,4,10,5,5,2,15,1,25,2,7,5,1,7,9,3,18,1,12,72,1,22,121.4917752,25.0266594
114,09,06,13,27,01大同區,大同區鄭州路與塔城街口,0,0,1,1,C04,8,6,5,50,4,1,1,5,4,5,13,1,1,5,2,5,2,17,2,43,2,9,6,1,7,9,1,10,2,11,108,1,21,121.510517,25.05021484
114,09,06,13,40,05中正區,中正區羅斯福路4段168號,0,0,3,1,B01,8,6,5,50,14,9,1,5,4,5,13,4,4,1,4,5,1,12,1,63,3,10,7,1,7,7,1,4,2,2,100,1,21,121.5363865,25.0120925
114,09,06,14,15,04大安區,大安區和平東路3段與敦化南路2段口,0,0,1,1,B03,8,6,5,50,4,2,1,5,4,5,13,2,1,10,5,5,2,16,1,25,3,10,7,1,7,5,1,8,1,6,71,1,21,121.5489878,25.0245412
114,09,06,14,16,07信義區,信義區松高路與松高路20巷口,0,0,1,1,C03,8,6,5,50,3,1,1,5,4,5,13,4,4,5,4,5,2,16,1,21,2,7,6,1,7,5,1,10,1,14,8,1,21,121.5676968,25.0390988
114,09,06,14,28,01大同區,大同區重慶北路3段223巷41號,0,0,2,1,C04,8,6,5,30,14,9,1,5,4,5,13,4,4,10,5,5,2,17,2,36,2,8,5,1,7,11,1,9,1,13,10,1,21,121.515514,25.07051618
114,09,06,14,49,11南港區,南港區南港路1段與興中路口,0,0,1,1,C03,8,7,5,50,4,1,1,5,4,5,13,1,1,9,4,5,2,17,1,55,2,9,3,4,7,9,1,10,1,14,44,1,21,121.6075316,25.0545487
114,09,06,15,22,07信義區,信義區虎林街212巷與虎林街202巷口,0,0,1,1,C03,8,7,5,30,4,1,1,5,4,5,13,4,4,10,5,5,2,17,1,24,3,10,3,4,7,9,1,10,1,12,72,1,22,121.5767439,25.0375476
114,09,06,15,45,03中山區,中山區民權東路3段58號與民權東路3段60巷口,0,0,1,1,C03,8,6,5,50,4,1,1,5,4,5,13,1,1,3,4,5,2,13,1,21,3,10,6,1,7,9,1,10,1,11,16,1,21,121.5423119,25.0622365
114,09,06,15,52,03中山區,中山區市民大道2段67號,0,0,1,1,B03,8,6,5,40,14,9,1,5,4,5,13,4,4,1,5,5,1,16,1,33,3,10,3,4,7,5,1,8,1,4,80,1,21,121.5289009,25.04664112
114,09,06,16,21,07信義區,信義區忠孝東路4段550號,0,0,1,1,B01,8,6,5,50,14,9,1,5,4,5,13,4,4,1,4,5,2,13,1,33,3,10,3,4,7,9,1,4,2,5,16,1,26,121.5633922,25.0411398
114,09,06,16,29,02萬華區,萬華區中華路2段364巷與中華路2段364巷24弄口,0,0,1,1,C03,8,7,5,50,4,1,1,5,4,5,13,1,1,9,5,5,2,17,2,74,2,8,5,1,7,5,3,18,1,11,8,1,21,121.5041934,25.0287104
114,09,06,16,30,12內湖區,內湖區環山路3段與內湖路2段103巷口,0,0,1,1,B03,8,7,5,50,3,1,1,5,4,5,13,1,1,4,3,5,1,17,1,39,3,10,7,1,7,5,1,8,1,2,8,1,21,121.5809151,25.0846754
114,09,06,16,48,12內湖區,內湖區星雲街與星雲街15巷口,0,0,1,1,B03,8,6,5,40,3,2,1,5,4,5,13,4,4,9,4,5,2,16,1,70,3,10,7,1,7,11,6,18,1,5,10,1,21,121.590649,25.0780626
114,09,06,16,50,05中正區,中正區重慶南路2段與愛國西路口口,0,0,2,1,C03,8,6,5,50,4,1,1,5,4,5,13,1,1,1,4,5,1,13,2,27,2,7,6,1,7,9,1,10,2,11,16,1,21,121.5124898,25.035199
114,09,06,17,02,07信義區,信義區忠孝東路4段與基隆路1段口,0,0,1,1,B02,8,6,5,50,4,1,1,5,4,5,13,1,1,1,3,5,2,15,2,45,3,10,3,4,7,4,1,8,2,8,85,1,22,121.5643925,25.0411512
114,09,06,17,27,05中正區,中正區延平南路與開封街1段口,0,0,2,1,C03,8,5,5,50,4,2,1,5,4,5,13,1,1,9,5,5,2,17,2,21,2,9,6,1,7,5,1,10,1,13,8,1,21,121.5107372,25.0459827
114,09,06,17,54,10文山區,文山區木柵路5段1號,0,0,2,1,B03,8,7,5,50,14,9,1,5,4,5,13,4,4,5,4,5,2,12,2,61,3,10,7,1,7,1,1,8,2,4,19,1,21,121.5788849,25.0008709
114,09,06,18,30,06松山區,松山區八德路4段與八德路4段207巷口,0,0,1,1,B03,8,5,5,50,4,1,1,5,4,5,13,1,1,5,4,5,2,16,1,46,3,10,7,1,7,5,1,8,2,1,71,1,22,121.563996,25.0488662
114,09,06,18,51,09北投區,北投區珠海路與珠海路157巷口,0,0,1,1,B12,8,5,5,30,4,1,1,5,4,5,13,3,1,5,5,5,1,15,1,42,3,10,7,1,7,9,1,8,1,1,72,1,22,121.5100915,25.1418639
114,09,06,19,00,05中正區,中正區市民大道1段捷運Ｍ1出口前,0,0,1,1,B03,8,5,5,40,22,6,1,5,4,5,13,4,4,1,4,1,2,16,1,46,3,10,7,1,7,5,1,8,2,4,8,1,21,121.518174,25.04833987
114,09,06,19,01,10文山區,文山區萬芳路與木柵路4段33巷口,0,0,2,1,C03,8,5,5,30,3,1,1,5,4,5,13,4,4,10,5,5,2,15,1,40,2,8,3,4,7,9,1,10,1,14,72,1,22,121.5710018,24.9952716
114,09,06,19,10,08士林區,士林區中山北路6段256號對面,0,0,1,1,B03,8,5,8,50,22,22,1,5,4,5,13,4,4,1,5,5,1,17,2,45,3,10,7,1,7,15,1,8,1,5,17,1,21,121.5254067,25.10943477
114,09,06,20,32,02萬華區,萬華區萬大路與莒光路口,0,0,1,1,C03,7,5,5,50,4,2,1,5,4,5,13,1,1,1,3,5,2,2,1,73,3,10,5,1,7,6,1,10,2,12,70,1,21,121.500442,25.031228
114,09,06,20,35,08士林區,士林區仰德大道2段（嶺頭公車站）,0,0,1,1,C03,8,5,5,40,14,9,1,5,4,5,13,4,4,4,3,5,1,13,2,22,3,10,3,4,7,9,1,10,1,11,16,1,22,121.5407279,25.1023361
114,09,06,20,49,09北投區,北投區光明路與中山路口口,0,0,1,1,C03,7,5,6,50,4,1,1,5,4,5,13,1,1,10,5,5,2,11,1,31,3,10,5,1,7,9,1,10,1,11,16,1,21,121.5042638,25.1369184
114,09,06,21,00,07信義區,信義區松仁路與松仁路228巷口,0,0,2,1,C03,7,5,5,50,4,1,1,5,4,5,13,3,1,9,5,5,2,3,1,36,2,7,5,1,7,9,1,10,11,11,70,1,21,121.5690295,25.025552
114,09,06,21,10,12內湖區,內湖區潭美街與新明路321巷口,1,0,1,1,H01,8,5,5,40,3,19,1,5,4,5,13,2,1,5,5,5,2,3,2,78,1,9,4,5,8,16,8,20,10,16,121,1,21,121.5854695,25.05593379
114,09,06,21,25,01大同區,大同區民權西路239號與民權西路口,0,0,1,1,C03,8,5,5,50,14,9,1,5,4,5,13,2,1,1,4,5,2,17,2,37,2,9,6,1,7,9,1,10,2,11,108,1,21,121.5106997,25.0631557
114,09,06,22,30,03中山區,中山區市民大道2段與新生北路1段62巷口金山北路,0,0,1,1,B03,8,5,5,50,14,9,1,5,4,5,13,2,1,1,5,5,2,16,1,54,3,10,7,1,7,6,1,8,1,5,9,1,21,121.5306221,25.0461064
114,09,06,22,50,04大安區,大安區通化街19巷14號,0,0,1,1,C03,8,6,5,30,14,9,1,5,4,5,13,4,4,10,5,5,2,17,1,37,3,10,6,1,7,1,1,10,11,17,19,1,21,121.5549598,25.031674
114,09,07,00,00,01大同區,大同區延平北路2段與延平北路2段61巷口,0,0,1,1,B03,8,5,5,50,4,1,1,5,4,5,13,2,1,4,4,5,2,16,1,25,2,7,3,4,7,9,1,8,2,1,108,1,21,121.5116856,25.0554391
114,09,07,00,14,02萬華區,萬華區環河南路1段與貴陽街2段口,0,0,1,1,F01,8,5,5,30,4,1,1,5,4,5,8,1,1,9,5,5,2,15,1,113,2,9,4,4,7,9,8,20,11,12,44,1,22,121.4979333,25.0400604
114,09,07,00,30,05中正區,中正區重慶南路1段與衡陽路口,0,0,2,1,C03,8,5,5,50,4,1,1,5,4,5,13,1,1,10,5,5,2,16,1,32,2,8,5,1,7,6,1,10,2,12,9,1,22,121.5131536,25.0422705
114,09,07,01,00,05中正區,中正區羅斯福路3段與新生南路3段口,0,0,2,1,H01,8,5,5,0,4,1,1,5,4,5,13,1,1,2,2,5,2,3,1,34,2,9,4,5,8,16,8,20,10,16,122,1,22,121.5324657,25.016421
114,09,07,01,25,03中山區,中山區中山北路3段與民族東路口,0,0,1,1,C03,8,5,5,50,4,2,1,5,4,5,13,1,1,1,4,5,2,17,1,29,2,9,5,1,7,9,1,10,1,11,16,1,21,121.5228863,25.0681466
114,09,07,03,31,03中山區,中山區中山北路1段35號,0,0,1,1,B01,8,5,5,50,14,9,1,5,4,5,13,1,3,10,4,1,2,13,1,60,3,10,3,4,7,8,1,4,2,3,100,1,21,121.5216422,25.0488505
114,09,07,04,50,08士林區,士林區光華路61巷4弄天玉宮步道前,0,0,1,1,C03,8,6,5,40,11,9,1,5,4,5,13,4,4,10,5,5,1,18,1,61,2,9,6,4,7,6,1,10,1,15,108,1,21,121.5398087,25.1306875
114,09,07,06,34,03中山區,中山區民權東路3段60巷與民權東路3段口,0,0,1,1,C03,8,7,5,50,14,9,1,5,4,5,13,1,1,1,4,5,2,13,1,46,3,10,5,1,7,9,1,10,1,11,16,1,22,121.5422153,25.0622455
114,09,07,06,40,03中山區,中山區中山北路4段與北安路口,0,0,1,1,C03,8,7,5,50,14,9,1,5,4,5,13,1,1,1,2,5,2,13,1,18,3,10,6,1,7,9,1,10,1,11,16,1,21,121.5271002,25.07660962
114,09,07,07,18,10文山區,文山區木新路2段52號,0,0,1,1,A02,8,5,5,50,14,9,1,5,4,5,13,2,1,5,4,5,2,9,1,63,3,10,7,1,7,1,1,2,11,17,44,1,21,121.570633,24.9863718
114,09,07,08,20,09北投區,北投區雙溪河濱公園與雙溪河濱公園口自行車道,0,0,2,1,F01,8,6,8,0,3,1,1,5,4,5,13,4,4,5,5,5,1,16,1,48,2,9,6,1,7,5,8,20,2,14,74,1,21,121.5111204,25.097934
114,09,07,08,25,03中山區,中山區民生東路2段與民生東路2段164巷口,0,0,1,1,C03,8,7,5,50,14,9,1,5,4,5,13,4,4,1,4,5,2,13,2,24,2,9,6,1,7,15,1,10,1,11,108,1,21,121.5338313,25.0577917
114,09,07,09,13,08士林區,士林區中社路2段100號,0,0,1,1,B03,8,6,5,50,12,9,1,5,4,5,13,4,4,5,5,5,1,17,1,56,3,10,7,1,7,1,6,8,2,17,19,1,22,121.5663797,25.1057982
114,09,07,09,52,10文山區,文山區興隆路4段與興隆路4段29巷口旁,0,0,2,1,B03,8,6,5,50,14,6,1,5,4,5,13,2,1,10,5,5,2,16,1,73,3,10,7,1,7,11,1,8,1,4,10,1,21,121.5593398,24.9904773
114,09,07,09,55,08士林區,士林區延平北路9段堤外自行車道3011590號電燈桿,0,0,2,1,G06,8,6,5,0,11,9,1,5,4,5,13,4,4,10,5,5,1,11,1,70,2,9,4,1,7,9,8,20,1,16,17,1,21,121.4697445,25.1096217
114,09,07,11,27,09北投區,北投區磺港路與新市街口,0,0,2,1,C03,8,6,5,50,3,1,1,5,4,5,13,4,4,5,5,5,2,3,2,61,2,8,5,1,7,9,1,8,2,11,70,1,21,121.5026732,25.1329816
114,09,07,11,44,05中正區,中正區公園路與愛國西路口口,0,0,1,1,B01,8,5,5,50,5,1,1,5,4,5,13,1,1,1,4,5,1,17,1,47,3,10,7,1,7,5,1,4,2,4,8,1,21,121.514493,25.0345037
114,09,07,11,55,01大同區,大同區鄭州路與塔城街口,0,0,2,1,C03,8,6,5,40,4,1,1,5,4,5,13,2,1,9,4,5,2,15,1,34,2,9,6,4,7,9,1,10,1,13,81,1,21,121.5104854,25.0502955
114,09,07,12,02,09北投區,北投區七星街與育仁路口,0,0,2,1,H01,8,7,5,0,14,9,1,5,4,5,13,4,4,10,5,5,2,3,2,30,2,9,4,5,8,16,8,20,10,16,53,1,22,121.5015287,25.1366978
114,09,07,12,12,09北投區,北投區無名巷與復興一路口(復興一路13號前),0,0,1,1,B03,8,5,5,30,3,2,1,5,4,5,13,4,4,10,4,5,1,17,2,56,3,10,7,1,7,6,1,8,2,5,72,1,21,121.5023689,25.1395043
114,09,07,12,24,07信義區,信義區信義路6段與信義路6段15巷口,0,0,1,1,B02,8,6,5,30,4,18,1,5,4,5,13,1,1,5,4,5,2,3,1,27,3,10,7,1,7,5,1,8,2,1,70,1,21,121.575429,25.0341746
114,09,07,12,31,04大安區,大安區羅斯福路4段1號附近,0,0,2,1,B03,8,6,5,50,14,9,1,5,4,5,13,4,4,1,4,5,2,12,1,40,3,10,7,1,7,4,1,8,2,6,108,1,21,121.5338319,25.015351
114,09,07,12,37,10文山區,文山區木新路2段223號前,0,0,2,1,C03,8,6,5,40,14,8,1,5,4,5,13,4,4,5,4,4,2,13,1,58,2,9,5,1,7,9,1,10,1,12,16,1,21,121.567372,24.9834588
114,09,07,13,06,02萬華區,萬華區青年路69號,0,0,1,1,B03,8,6,6,30,14,9,1,5,4,5,13,4,4,5,5,5,2,16,1,39,3,10,3,4,7,5,1,8,1,4,8,1,22,121.5027736,25.0238569
114,09,07,13,44,02萬華區,萬華區堤外便道近華翠大橋北往南（HDU282)標誌,0,0,1,1,C04,7,6,5,40,14,9,1,5,4,5,13,4,4,10,5,5,2,29,1,24,2,9,2,1,7,9,1,10,8,12,21,1,21,121.4890212,25.0272067
114,09,07,14,00,03中山區,中山區民生東路3段6號,0,0,1,1,B03,8,6,5,50,14,9,1,5,4,5,13,4,4,3,4,4,2,12,1,46,3,10,3,4,7,13,1,8,1,8,40,1,21,121.5374085,25.0577654
114,09,07,14,03,01大同區,大同區民權西路與重慶北路2段口,0,0,1,1,C03,7,6,5,50,4,1,1,5,4,5,13,1,1,1,4,5,2,17,2,27,2,9,5,1,7,9,1,9,1,11,108,1,21,121.5134444,25.06290898
114,09,07,14,41,03中山區,中山區八德路2段300巷與市民大道3段口,0,0,1,1,B03,8,5,5,50,3,1,1,5,4,5,13,4,4,1,4,5,2,16,2,55,3,10,3,4,7,6,1,8,2,5,9,1,21,121.5427743,25.0449121
114,09,07,15,02,05中正區,中正區汀州路2段141號,0,0,1,1,B12,8,6,5,50,14,9,1,5,4,5,13,4,4,9,4,5,2,12,1,73,3,10,7,1,7,1,1,8,2,8,19,1,21,121.5198367,25.0249076
114,09,07,16,05,02萬華區,萬華區貴陽街2段29巷(長沙街2段76號前),0,0,2,1,B03,7,7,8,30,22,22,1,5,4,5,13,4,4,10,5,5,2,17,2,62,3,10,7,1,7,1,1,8,1,1,19,1,21,121.5053027,25.0403502
114,09,07,16,25,04大安區,大安區和平東路3段與樂利路口,0,0,1,1,B01,7,6,5,50,5,2,1,5,4,5,13,2,1,9,4,5,1,17,2,45,4,11,3,4,7,6,7,19,11,15,17,2,21,121.552302,25.0246955
114,09,07,16,37,12內湖區,內湖區陽光街321巷56號,0,0,1,1,B03,8,6,6,50,11,9,1,4,4,5,13,4,4,9,5,5,2,16,1,30,3,10,3,4,7,1,1,8,1,4,19,1,22,121.5777767,25.0714312
114,09,07,16,57,03中山區,中山區龍江路與合江街73巷口,0,0,2,1,C03,6,7,5,30,4,1,1,4,4,5,13,4,4,9,4,5,2,15,1,44,2,8,6,1,7,9,1,10,1,11,72,1,21,121.540739,25.05884894
114,09,07,17,05,01大同區,大同區重慶北路2段與涼州街口,0,0,1,1,C03,8,5,5,50,4,2,1,5,4,5,13,2,1,1,4,5,2,12,1,69,2,9,5,1,7,9,3,18,1,14,17,1,21,121.5136327,25.0606643
114,09,07,17,50,03中山區,中山區樂群三路與敬業三路口,0,0,1,1,B03,6,5,5,50,4,2,1,4,4,5,13,2,1,5,5,5,2,14,1,66,3,10,7,1,7,2,1,8,1,3,42,1,22,121.5565268,25.0826665
114,09,07,17,55,05中正區,中正區博愛路與武昌街1段口,0,0,1,1,B01,6,5,5,50,4,1,1,4,4,5,13,1,1,10,4,5,2,16,1,67,3,10,7,1,7,5,1,4,2,8,8,1,22,121.5114219,25.0441166
114,09,07,18,13,04大安區,大安區基隆路2段與光復南路口,0,0,1,1,B03,6,5,5,50,14,9,1,4,4,5,13,2,1,1,4,5,2,12,1,41,3,10,7,1,7,9,1,8,1,8,44,1,21,121.5575019,25.0298047
114,09,07,18,30,05中正區,中正區寧波東街與金華街口,0,0,1,1,B03,6,5,5,50,4,2,1,4,4,5,13,2,1,5,4,5,2,13,1,52,3,10,7,1,7,9,1,8,2,1,108,1,21,121.5199188,25.0319879
114,09,07,18,43,09北投區,北投區光明路181號與光明路口,0,0,1,1,C03,6,5,5,50,3,2,1,4,4,5,13,4,4,10,5,5,2,17,1,67,2,9,5,1,7,1,1,10,1,12,19,1,21,121.5041315,25.1363536
114,09,07,19,10,12內湖區,內湖區民權東路6段146號,0,0,1,1,B03,6,5,5,50,3,1,1,4,4,5,13,4,4,1,4,5,2,17,1,32,3,10,7,1,7,6,1,8,2,17,9,1,21,121.5903553,25.0688847
114,09,07,19,54,07信義區,信義區市民大道5段與東寧路口,0,0,1,1,C03,6,5,5,40,3,2,1,4,4,5,13,2,1,1,4,5,2,13,2,33,2,9,6,1,7,12,1,10,2,11,116,1,22,121.5637146,25.0472959
114,09,07,20,07,02萬華區,萬華區環河南路2段58號,0,0,1,1,C03,6,5,5,50,14,9,1,4,4,5,13,1,1,9,4,5,2,17,1,33,3,10,5,4,7,9,6,18,1,11,16,1,21,121.4962043,25.03761047
114,09,07,20,21,03中山區,中山區新生北路2段141巷與中原街口,0,0,2,1,F01,7,5,5,30,4,1,1,4,4,5,13,4,4,9,5,5,2,15,1,77,2,9,4,1,7,9,8,20,1,12,72,1,22,121.5289406,25.0616468
114,09,07,20,34,02萬華區,萬華區環河南路1段24號,0,0,2,1,C03,7,5,5,40,14,9,1,4,4,5,13,4,4,8,3,5,2,13,1,44,2,8,5,1,7,9,1,10,1,11,16,1,21,121.5056853,25.0483931
114,09,07,20,40,03中山區,中山區中山北路3段與中山北路口水晶情人橋前,0,0,1,1,C03,8,5,6,50,4,1,1,4,4,5,13,1,1,9,3,1,2,13,1,29,2,7,5,4,7,9,1,10,1,11,108,1,21,121.5233849,25.07090112
114,09,07,21,19,05中正區,中正區中華路1段與忠孝西路1段口,0,0,1,1,C03,7,5,5,50,4,2,1,4,4,5,13,1,1,1,4,5,2,13,1,43,2,9,6,1,7,9,1,10,2,11,44,1,22,121.5100785,25.0476065
114,09,07,22,08,02萬華區,萬華區西園路1段與桂林路口,0,0,1,1,B03,8,5,5,50,4,1,1,5,4,5,13,1,1,8,3,4,2,16,1,37,3,10,7,1,7,5,1,8,2,5,80,1,21,121.499741,25.0385078
114,09,07,22,10,10文山區,文山區木柵路1段與試院路口,0,0,1,1,B01,7,6,5,50,4,1,1,5,4,5,13,1,1,10,5,5,2,17,1,63,3,10,7,1,7,5,1,4,2,17,42,1,21,121.5499233,24.9874549
114,09,07,22,10,10文山區,文山區木柵路1段與試院路口,,,1,1,B01,7,,,50,,,,,,,,,,,,,,,1,63,,,,,,,,,2,,,,,121.5499294,24.9874562
114,09,07,22,54,02萬華區,萬華區西寧南路與西寧南路71巷口,0,0,2,1,B01,6,5,8,50,22,22,1,4,4,5,13,4,4,10,5,5,2,14,1,46,3,10,3,4,7,2,1,4,2,3,12,1,21,121.5069439,25.0460775
114,09,08,02,05,06松山區,松山區敦化北路120巷與敦化北路120巷7弄口,0,0,1,1,B01,7,5,5,30,4,1,1,5,4,5,13,4,4,10,5,5,2,15,1,57,3,10,7,1,7,9,1,2,1,8,72,1,21,121.5480111,25.0539041
114,09,08,07,00,01大同區,大同區延平北路2段與保安街口,0,0,1,1,F01,8,5,5,50,3,1,1,5,4,5,13,1,1,9,4,5,1,17,2,15,4,11,3,4,7,5,8,20,9,17,8,2,16,121.5114321,25.0590567
114,09,08,07,00,04大安區,大安區仁愛路4段與忠孝東路4段216巷口,0,0,1,1,C03,8,6,5,30,4,1,1,5,4,5,13,2,1,9,4,5,1,16,1,31,3,10,6,4,7,6,1,10,2,12,9,1,21,121.5528793,25.0379944
114,09,08,07,25,02萬華區,萬華區和平西路3段與桂林路246巷口,0,0,1,1,B03,8,5,5,30,3,1,1,5,4,5,13,4,4,5,5,5,2,12,1,67,3,10,7,1,7,1,1,8,1,4,99,1,22,121.4910771,25.0358303
114,09,08,07,38,03中山區,中山區長安東路1段與長安東路1段53巷口,0,0,1,1,B01,8,6,5,50,4,1,1,5,4,5,13,2,1,4,5,5,1,16,1,50,3,10,3,4,7,11,1,4,1,4,10,1,21,121.5263429,25.0487425
114,09,08,07,45,11南港區,南港區忠孝東路7段與忠孝東路7段325巷口,0,0,1,1,C03,8,6,5,50,3,1,1,5,4,5,13,2,1,3,4,4,2,13,1,25,2,9,6,1,7,9,1,10,1,11,16,1,21,121.6055094,25.0518827
114,09,08,07,50,06松山區,松山區民生東路3段與民生東路3段107巷口,0,0,1,1,B03,8,6,5,50,3,1,1,5,4,5,13,4,4,3,4,5,2,15,1,69,3,10,7,1,7,9,1,8,1,1,72,1,21,121.5448209,25.0578877
114,09,08,07,54,01大同區,大同區承德路3段與承德路3段176巷口,0,0,2,1,C03,8,6,5,50,3,1,1,5,4,5,13,4,4,1,5,5,2,17,2,40,2,8,6,1,7,6,1,10,1,12,9,1,22,121.5182817,25.0690425
114,09,08,07,54,12內湖區,內湖區內湖路1段520號,0,0,2,1,B03,8,6,5,40,14,8,1,5,4,5,13,4,4,1,4,4,2,17,2,49,3,10,7,1,7,6,1,8,2,5,9,1,21,121.5758391,25.07982907
114,09,08,08,00,03中山區,中山區南京東路2段與松江路口,0,0,1,1,A04,8,7,5,40,14,10,2,5,4,5,13,4,4,1,4,4,2,9,1,61,3,10,3,4,7,12,1,1,1,17,44,1,21,121.5324423,25.0520428
114,09,08,08,00,08士林區,士林區承德路5段南向北方向,0,0,1,1,C03,8,6,5,60,14,9,1,5,4,5,13,4,4,10,4,5,1,17,1,19,2,9,6,1,7,8,1,10,1,11,108,1,21,121.5154318,25.0928419
114,09,08,08,15,09北投區,北投區石牌路2段90巷與明德路337巷口,0,0,2,1,C03,8,5,5,30,3,1,1,5,4,5,13,4,4,5,5,5,2,17,1,78,2,9,3,4,7,5,1,10,1,12,8,1,22,121.5186767,25.1170113
114,09,08,08,15,12內湖區,內湖區行善路與舊宗路1段口,0,0,1,1,C03,8,6,5,50,14,9,1,5,4,5,13,4,4,1,4,5,2,17,2,40,2,9,6,1,7,7,1,10,1,11,100,1,21,121.5799673,25.0593088
114,09,08,08,52,03中山區,中山區民生東路1段58號,0,0,1,1,C04,8,6,5,50,14,9,1,5,4,5,13,4,4,5,4,5,2,12,2,34,2,9,6,1,7,7,1,10,1,14,100,1,22,121.5252389,25.05804519
114,09,08,09,13,03中山區,中山區松江路與市民大道3段口,0,0,1,1,B03,8,7,5,50,14,9,1,5,4,5,13,1,1,1,4,5,2,16,1,62,3,10,7,1,7,6,1,8,11,15,9,2,22,121.5327777,25.0457123
114,09,08,09,20,03中山區,中山區松江路93巷3號,0,0,1,1,B03,8,5,5,30,14,9,1,5,4,5,13,4,4,10,5,5,2,1,1,36,3,10,3,4,7,9,1,8,1,2,108,1,22,121.5342648,25.0506457
114,09,08,09,25,01大同區,大同區民生西路171巷與萬全街口,0,0,1,1,C03,8,6,5,30,4,1,1,5,4,5,13,4,4,10,5,5,2,15,2,72,2,9,6,1,7,9,1,10,1,14,72,1,22,121.5167032,25.05798
114,09,08,09,35,07信義區,信義區福德街137巷與福德街137巷11弄口,0,0,2,1,C03,8,7,5,30,3,1,1,5,4,5,13,4,4,10,5,5,2,17,1,35,2,8,6,1,7,5,1,10,1,11,74,1,22,121.5829915,25.0369482
114,09,08,09,43,08士林區,士林區百齡橋與大南路口,0,0,1,1,B12,8,6,5,50,5,2,1,5,4,5,13,4,4,10,4,5,1,17,1,53,3,10,7,1,7,6,1,7,1,5,9,1,21,121.5163107,25.09059373
114,09,08,09,50,04大安區,大安區基隆路高架道第49號燈桿,0,0,1,1,C03,8,6,5,60,14,9,1,5,4,5,13,4,4,9,4,5,1,12,2,74,2,1,5,1,7,7,1,10,1,14,100,1,21,121.5416342,25.0148233
114,09,08,09,53,03中山區,中山區濱江街297號,0,0,1,1,C03,8,7,5,50,14,9,2,5,4,5,13,4,4,1,4,5,2,17,1,20,2,9,3,4,7,9,1,10,1,14,13,1,21,121.5454414,25.0724835