發生年度,發生月,發生日,發生時-Hours,發生分,區序,肇事地點,死亡人數,2-30日死亡人數,受傷人數,當事人序號,車種,天候,光線,道路類別,速限-速度限制,道路型態,事故位置,路面狀況1,路面狀況2,路面狀況3,道路障礙1,道路障礙2,號誌1,號誌2,車道劃分-分向,車道劃分-分道1,車道劃分-分道2,車道劃分-分道3,事故類型及型態,性別,年齡,受傷程度,主要傷處,保護裝置,行動電話,車輛用途,當事者行動狀態,駕駛資格情形,駕駛執照種類,飲酒情形,車輛撞擊部位1,肇因碼-個別,個人肇逃否,職業,座標-X,座標-Y
114,09,08,09,59,09北投區,北投區大度路3段6510007燈桿處,0,0,1,1,B03,8,6,5,50,14,9,1,5,4,5,13,4,4,1,4,5,2,12,2,61,3,10,7,1,7,9,1,8,2,2,108,1,21,121.4666189,25.1233709
114,09,08,10,27,02萬華區,萬華區萬大路371號,0,0,1,1,C03,8,7,5,30,14,9,1,5,4,5,13,2,1,5,4,5,2,16,1,72,2,9,3,4,7,7,1,10,1,14,100,1,22,121.4995656,25.0228676
114,09,08,10,29,07信義區,信義區松壽路9號,0,0,1,1,C03,8,6,5,30,14,9,1,5,4,5,13,4,4,10,4,5,2,13,1,36,2,7,3,4,7,9,1,9,1,11,108,1,22,121.5666251,25.036792
114,09,08,10,43,05中正區,中正區羅斯福路1段7號,0,0,1,1,C03,8,7,5,40,14,9,1,5,4,5,13,4,4,8,3,4,2,17,4,0,,,,,,,,,11,,119,2,,121.5178489,25.033471
114,09,08,10,46,07信義區,信義區信義路5段101號,0,0,2,1,C03,8,6,5,50,14,9,1,5,4,5,13,4,4,10,4,5,2,13,1,67,2,9,5,1,7,9,1,10,1,11,16,1,21,121.5722724,25.0328993
114,09,08,10,50,05中正區,中正區羅斯福路1段7號,0,0,1,1,C03,8,7,5,40,14,8,1,5,4,5,13,4,4,8,3,4,2,17,2,29,2,9,6,1,7,9,1,10,1,15,118,1,21,121.5171955,25.0345117
114,09,08,10,57,05中正區,中正區中山南路與仁愛路1段口,0,0,2,1,C03,8,5,5,50,4,1,1,5,4,5,13,1,1,9,4,5,2,17,2,20,2,9,5,1,7,9,1,10,2,12,17,1,21,121.5181159,25.0391599
114,09,08,10,58,09北投區,北投區東昇路與行義路口,0,0,2,1,C03,8,5,5,40,3,1,1,5,4,5,13,4,4,7,4,5,2,17,1,19,2,9,3,4,7,5,1,10,2,11,74,1,21,121.5235197,25.1459715
114,09,08,10,59,06松山區,松山區光復北路60巷與八德路3段199巷口,0,0,1,1,C03,8,6,5,30,4,1,1,5,4,5,13,4,4,8,5,4,2,15,1,48,2,8,6,1,7,9,1,10,1,12,72,1,22,121.5563321,25.0498027
114,09,08,11,16,03中山區,中山區中山北路2段與撫順街口,0,0,2,1,C03,8,5,5,50,3,1,1,5,4,5,13,4,4,1,4,5,2,13,1,18,2,8,3,4,7,9,1,10,1,11,16,1,21,121.5222325,25.06422317
114,09,08,11,40,03中山區,中山區民生東路2段與松江路口,0,0,1,1,C03,8,6,5,50,14,9,1,5,4,5,13,4,4,1,5,5,1,12,1,78,2,7,3,4,7,9,1,10,1,17,108,1,21,121.5335869,25.0580618
114,09,08,11,40,10文山區,文山區木柵路1段與木柵路1段70巷口,0,0,1,1,C03,8,5,5,50,4,1,1,5,4,5,13,2,1,10,5,5,1,17,1,64,2,9,5,1,7,5,1,10,9,17,8,1,21,121.5488377,24.9872267
114,09,08,11,56,03中山區,中山區龍江路與龍江路55巷口,0,0,1,1,B03,8,7,5,50,4,1,1,5,4,5,13,4,4,9,4,5,2,17,1,55,3,10,3,4,7,5,1,8,1,1,72,1,22,121.5404432,25.0495631
114,09,08,11,57,02萬華區,萬華區環河南路2段280巷與環河南路2段250巷33弄口,0,0,3,1,B03,8,6,5,50,3,1,1,5,4,5,13,4,4,9,5,5,2,17,1,57,3,10,7,1,7,5,1,8,1,8,8,1,21,121.4893342,25.0333392
114,09,08,12,10,04大安區,大安區基隆路3段137號,0,0,2,1,C03,8,6,5,50,14,7,1,5,4,5,13,4,4,1,4,4,2,13,1,27,2,9,6,1,7,9,1,10,1,12,16,1,21,121.5431668,25.0160828
114,09,08,12,11,03中山區,中山區市民大道3段與松江路口,0,0,2,1,C03,8,5,5,40,4,1,1,5,4,5,13,1,1,1,4,5,2,3,1,39,2,9,3,4,7,9,1,10,2,11,118,1,21,121.5332849,25.04578922
114,09,08,12,18,03中山區,中山區市民大道2段與天津街口,0,0,1,1,B01,8,7,5,50,4,1,1,5,4,5,13,1,1,9,5,5,2,16,1,65,3,10,7,1,7,5,1,4,1,4,16,1,22,121.5218674,25.0481208
114,09,08,12,27,12內湖區,內湖區民善街205號前,0,0,1,1,B03,8,5,5,50,14,9,1,5,4,5,13,4,4,5,5,5,2,17,1,68,3,10,7,1,7,6,1,8,2,5,9,1,21,121.5744469,25.06404929
114,09,08,13,30,12內湖區,內湖區瑞光路與陽光街口,0,0,1,1,C04,8,6,5,50,4,1,1,5,4,5,13,2,1,5,4,5,2,17,2,25,3,10,6,1,7,5,1,8,1,12,74,1,21,121.5792216,25.0737786
114,09,08,13,45,08士林區,士林區忠誠路1段與忠誠路1段171巷口,0,0,1,1,B03,8,6,5,30,5,1,1,5,4,5,13,1,1,1,4,5,2,17,1,72,3,10,7,1,7,9,1,8,2,5,108,1,22,121.5300451,25.1076486
114,09,08,13,49,06松山區,松山區光復北路95號,0,0,1,1,B03,8,6,5,50,14,9,1,5,4,5,13,4,4,1,3,5,2,13,1,41,3,10,7,1,7,9,1,8,1,1,16,1,21,121.5579653,25.0508306
114,09,08,14,20,03中山區,中山區市民大道2段與長安東路1段30巷口,0,0,2,1,C03,8,6,5,40,3,1,1,5,4,4,13,4,4,1,5,5,2,13,1,28,2,9,6,1,7,9,1,10,1,11,16,1,22,121.5264109,25.0474126
114,09,08,14,44,02萬華區,萬華區環河南路2段274號,0,0,1,1,C03,8,5,8,50,22,22,1,5,4,5,13,4,4,10,5,5,2,17,1,48,2,9,3,4,7,9,6,18,1,11,42,1,21,121.4919755,25.032785
114,09,08,14,49,02萬華區,萬華區中華路2段416巷與雙和街31巷口,0,0,2,1,C04,8,6,6,30,4,1,1,5,4,5,13,1,1,9,4,5,1,15,1,49,2,8,5,1,7,9,1,11,1,11,81,1,21,121.5022124,25.0266159
114,09,08,15,10,08士林區,士林區承德路4段31號,0,0,1,1,C03,8,5,5,50,14,9,1,5,4,5,13,4,4,1,4,5,2,13,1,58,3,10,3,4,7,9,1,10,2,11,16,1,21,121.5195753,25.09623315
114,09,08,15,44,03中山區,中山區南京東路1段128號,0,0,1,1,C03,7,6,5,50,14,9,1,5,4,5,13,2,1,1,5,5,1,13,2,38,2,9,3,4,7,9,1,10,1,11,16,1,21,121.5271016,25.0519736
114,09,08,16,50,05中正區,中正區延平南路與長沙街1段口,0,0,1,1,C03,7,6,5,50,4,1,1,5,4,5,13,2,1,10,5,5,2,16,2,60,2,9,6,4,7,9,1,10,2,11,81,1,22,121.5082852,25.03953705
114,09,08,17,02,03中山區,中山區北安路87巷與北安路口對面,0,0,1,1,C03,8,6,5,50,3,1,1,5,4,5,13,1,1,1,4,5,2,13,1,28,2,9,6,4,7,9,1,10,1,14,16,1,22,121.5288781,25.0776969
114,09,08,17,05,06松山區,松山區塔悠路與南京東路5段口,0,0,1,1,C04,8,7,5,50,4,1,1,5,4,5,13,1,1,1,4,5,2,16,1,56,2,9,5,1,7,5,1,11,2,14,103,1,21,121.5702822,25.0514239
114,09,08,17,07,06松山區,松山區八德路4段245巷16號,0,0,1,1,C03,8,6,5,30,14,9,1,5,4,5,13,4,4,10,4,5,2,17,2,31,2,8,6,4,7,9,1,10,1,14,72,1,22,121.5647046,25.0494908
114,09,08,17,12,09北投區,北投區石牌路2段315巷34弄與石牌路2段343巷口,0,0,1,1,,8,6,5,0,3,2,1,5,4,5,13,4,4,10,5,5,2,18,3,80,,,,,,,,,,,66,1,,121.5241724,25.12341062
114,09,08,17,25,12內湖區,內湖區東湖路113巷49弄45號,0,0,1,1,C03,8,5,5,30,3,1,1,5,4,5,13,4,4,10,5,5,2,17,1,31,2,9,6,1,7,6,1,10,1,17,108,1,21,121.6148316,25.0694768
114,09,08,17,47,07信義區,信義區基隆路1段(忠孝東路4段569號),0,0,2,1,C03,7,5,8,50,22,22,1,5,4,5,13,4,4,1,4,5,2,17,2,50,2,9,6,1,7,9,1,10,1,14,17,1,22,121.5646557,25.0417321
114,09,08,17,48,04大安區,大安區辛亥路2段與新生南路3段口,0,0,1,1,C03,8,5,5,40,4,1,1,5,4,5,13,1,1,9,4,4,1,17,1,21,2,7,3,4,7,7,1,10,1,11,100,1,21,121.5344265,25.0221017
114,09,08,18,03,10文山區,文山區木柵路1段與和興路口口,0,0,1,1,C03,8,6,5,50,4,1,1,5,4,5,13,2,1,5,4,5,1,13,2,60,2,7,6,1,7,9,1,10,1,11,108,1,21,121.5460505,24.9867256
114,09,08,18,24,02萬華區,萬華區和平西路2段與艋舺大道口,0,0,1,1,A02,7,5,5,50,4,2,1,5,4,5,13,2,1,1,4,4,2,9,1,54,3,10,7,1,7,12,1,2,1,17,44,1,21,121.505051,25.0335858
114,09,08,18,30,12內湖區,內湖區民權東路6段136巷與民權東路6段136巷39弄口口,0,0,2,1,C03,8,5,5,40,4,1,1,5,4,5,13,2,1,5,5,5,2,16,2,32,2,9,5,1,7,5,1,10,1,11,71,1,21,121.5877647,25.0663054
114,09,08,18,35,04大安區,大安區基隆路2段與和平東路3段口,0,0,1,1,C04,8,6,5,50,5,2,1,5,4,5,13,2,1,1,4,5,2,17,2,64,2,9,3,4,7,6,1,11,1,12,9,1,21,121.552756,25.0246827
114,09,08,18,39,01大同區,大同區忠孝橋機慢車道(燈桿288677),0,0,1,1,C03,7,5,5,40,8,11,1,5,4,5,13,4,4,10,5,5,2,29,1,36,2,9,5,4,7,9,1,9,1,11,44,1,21,121.5057156,25.0492853
114,09,08,19,25,09北投區,北投區洲美快速道路6510199號燈桿旁,0,0,2,1,B03,7,5,5,50,10,7,1,5,4,5,13,4,4,9,4,5,1,13,2,42,3,10,7,1,7,12,1,8,1,1,16,1,21,121.4990037,25.1010622
114,09,08,19,34,01大同區,大同區哈密街與重慶北路3段口口,0,0,1,1,C03,8,5,5,50,4,2,4,5,4,5,13,2,1,10,5,5,2,17,1,63,2,9,6,1,7,1,1,10,2,11,19,1,21,121.5136387,25.0729012
114,09,08,20,10,08士林區,士林區中正路與福港街口,0,0,2,1,C03,8,5,5,50,3,1,1,5,4,5,13,2,1,5,4,5,2,17,1,20,2,9,3,4,7,8,1,10,1,12,101,1,21,121.5175322,25.0919177
114,09,08,20,25,12內湖區,內湖區內湖路1段91巷18號對面,0,0,3,1,C03,8,5,5,30,14,9,1,5,4,5,13,4,4,10,5,5,2,13,1,37,2,9,6,1,7,9,1,10,2,11,44,1,21,121.5617651,25.0851941
114,09,08,20,35,03中山區,中山區濱江街與濱江街口無名巷,0,0,1,1,B03,8,5,5,30,3,1,1,5,4,5,13,4,4,9,4,5,2,17,1,46,3,10,7,1,7,7,1,8,1,4,72,1,21,121.5508698,25.07235484
114,09,08,21,12,03中山區,中山區北安路與崇實路口,0,0,2,1,C03,8,5,5,50,4,1,1,5,4,5,13,2,1,1,4,5,2,16,2,21,2,9,6,1,7,5,1,10,2,11,98,1,21,121.5444745,25.0798165
114,09,08,21,18,09北投區,北投區泉源路與新民路口,0,0,1,1,C03,7,5,5,30,4,2,1,5,4,5,13,3,1,5,5,5,1,17,1,18,2,9,5,1,7,6,1,10,2,11,42,1,22,121.5051896,25.1385085
114,09,08,22,02,06松山區,松山區南京東路4段與南京東路4段120巷口,0,0,1,1,A02,7,5,5,50,4,1,1,5,4,5,13,1,1,1,4,5,2,9,1,52,3,10,7,1,7,9,1,2,9,17,44,1,21,121.5549206,25.0516083
114,09,08,22,07,01大同區,大同區承德路2段與民權西路口,0,0,3,1,C03,7,5,5,50,4,1,1,5,4,5,13,2,1,1,4,5,2,17,1,22,2,7,5,4,7,9,1,10,1,12,108,1,21,121.5185503,25.063139
114,09,08,23,23,03中山區,中山區民生東路1段32號,0,0,1,1,B03,8,5,5,50,14,9,1,5,4,5,13,1,1,4,3,5,1,17,1,39,3,10,7,1,7,11,1,8,1,2,10,1,21,121.5213032,25.04996387
114,09,09,05,45,09北投區,北投區中央北路4段與大度路3段口,0,0,1,1,C03,8,7,5,50,11,9,1,5,4,5,13,2,1,1,4,5,2,17,1,23,3,10,5,1,7,6,1,10,2,12,82,1,21,121.4644983,25.12421508
114,09,09,07,05,10文山區,文山區和平東路4段第0706287燈桿前,0,0,1,1,C03,8,7,5,40,11,9,1,5,4,5,13,4,4,5,5,5,1,18,1,27,2,9,5,1,7,9,1,10,11,11,118,1,21,121.5718865,25.0019653
114,09,09,07,26,03中山區,中山區中山北路1段與南京東路1段口,0,0,1,1,C03,8,7,5,50,4,2,1,5,4,5,13,1,1,1,4,5,2,13,2,61,2,7,5,1,7,9,1,10,2,11,16,1,21,121.5225441,25.0518383
114,09,09,07,32,06松山區,松山區南京東路5段171號,0,0,2,1,C03,8,6,5,50,14,7,1,5,4,5,13,4,4,3,4,4,2,17,1,71,2,9,6,4,7,9,6,10,2,11,16,1,22,121.5635564,25.0514972
114,09,09,07,35,09北投區,北投區明德路與致遠一路1段口,0,0,1,1,C03,8,5,5,50,4,1,1,5,4,5,13,1,1,5,4,5,2,17,1,31,2,7,3,4,7,5,1,10,2,12,71,1,21,121.5179245,25.107464
114,09,09,07,40,06松山區,松山區南京東路5段80號,0,0,2,1,C03,8,6,5,50,14,7,1,5,4,5,13,4,4,3,4,4,2,13,1,27,2,9,6,1,7,9,1,10,1,11,108,1,21,121.5611785,25.0514116
114,09,09,08,01,10文山區,文山區興隆路1段與興隆路1段202巷口口,0,0,2,1,C03,8,6,5,50,3,2,1,5,4,5,13,4,4,1,4,5,2,16,2,63,2,9,6,1,7,7,1,10,2,14,100,1,21,121.5436319,25.0001448
114,09,09,08,05,06松山區,松山區健康路與寶清街口,0,0,1,1,B03,8,6,5,40,4,1,1,5,4,5,13,1,1,1,4,5,2,17,1,61,3,10,7,1,7,5,1,4,1,2,17,1,21,121.5673731,25.0543187
114,09,09,08,05,09北投區,北投區光明路與溫泉路口,0,0,1,1,C03,8,5,5,50,3,1,1,5,4,5,13,4,4,9,4,5,2,17,2,75,2,8,3,4,7,5,1,10,1,14,8,1,21,121.502347,25.1343995
114,09,09,08,09,10文山區,文山區景興路與景華街口,0,0,1,1,B03,8,6,5,50,4,1,1,5,4,5,13,2,1,1,4,5,2,17,2,31,3,10,7,1,7,5,1,8,1,17,71,1,21,121.5446337,24.9951294
114,09,09,08,14,07信義區,信義區忠孝東路4段與忠孝東路4段553巷口,0,0,1,1,C03,8,6,5,30,5,1,1,5,4,5,13,1,1,3,3,5,2,17,1,59,2,7,6,1,7,5,5,10,1,14,83,1,21,121.5626657,25.041167
114,09,09,08,20,08士林區,士林區延平北路7段堤內288桿,0,0,1,1,C03,8,5,8,30,22,22,1,5,4,5,13,4,4,10,5,5,1,10,1,20,2,9,5,1,7,9,1,10,1,11,5,1,21,121.4962798,25.0987608
114,09,09,08,26,01大同區,大同區民族西路與大龍街口,0,0,1,1,A12,8,5,5,50,4,2,1,5,4,5,13,1,1,9,4,5,1,16,1,32,3,10,3,4,7,5,1,7,1,1,71,1,21,121.5158697,25.0685309
114,09,09,08,35,07信義區,信義區信安街與嘉興街219巷口,0,0,1,1,C03,8,7,8,50,4,1,1,5,4,5,13,1,1,9,5,5,2,12,1,70,2,8,3,4,7,9,1,10,1,14,17,1,21,121.5567719,25.0256315
114,09,09,08,41,10文山區,文山區木柵路1段與木柵路1段59巷口,0,0,2,1,C03,8,6,5,50,4,1,1,5,4,5,13,1,1,5,4,5,2,16,2,33,2,9,6,1,7,5,1,10,1,12,71,1,21,121.5459995,24.9868005
114,09,09,09,00,04大安區,大安區忠孝東路3段與忠孝東路3段10巷口,0,0,1,1,B03,8,6,5,50,3,2,1,5,4,5,13,4,4,3,4,5,1,12,2,26,3,10,3,4,7,9,1,8,1,2,44,1,21,121.5335886,25.0421163
114,09,09,09,05,11南港區,南港區重陽路321號,0,0,1,1,B03,8,7,5,50,14,7,1,5,4,5,13,4,4,8,4,4,2,17,1,61,3,10,7,1,7,11,1,8,1,1,10,1,21,121.6058042,25.0579714
114,09,09,09,10,12內湖區,內湖區堤外便道與五分街口,0,0,1,1,B12,8,5,5,50,3,1,1,5,4,5,13,1,1,4,3,5,1,16,1,43,3,10,3,4,7,6,1,8,11,5,9,1,21,121.6179257,25.0658373
114,09,09,09,13,05中正區,中正區汀州路3段293號,0,0,2,1,C03,8,6,5,50,14,9,1,5,4,5,13,4,4,9,5,5,1,16,2,44,2,8,6,1,7,5,1,11,1,12,8,1,21,121.5358526,25.0118286
114,09,09,09,14,01大同區,大同區延平北路2段與民權西路口,0,0,2,1,C03,8,6,5,50,4,1,1,5,4,5,13,2,1,1,5,5,2,16,1,42,2,7,6,1,7,5,1,9,1,14,8,1,22,121.5112169,25.0628544
114,09,09,09,17,07信義區,信義區忠孝東路5段437號,0,0,2,1,C03,8,6,5,50,14,9,1,5,4,5,13,4,4,3,3,5,2,13,2,35,2,9,6,1,7,9,1,10,1,11,44,1,21,121.5760098,25.0408948
114,09,09,09,20,05中正區,中正區中山北路1段與北平東路口,0,0,1,1,C03,8,6,5,50,4,1,1,5,4,5,13,2,1,10,4,5,2,17,2,40,3,10,6,4,7,15,1,10,1,17,100,1,22,121.5203569,25.0478456
114,09,09,09,52,06松山區,松山區富錦街往東（燈桿0202225),0,0,2,1,B01,8,6,5,50,14,9,1,5,4,5,13,4,4,9,4,5,2,17,2,44,2,8,3,4,7,11,1,4,1,7,10,1,22,121.5554094,25.0603513
114,09,09,10,00,06松山區,松山區民權東路5段與塔悠路口,0,0,1,1,C04,8,6,5,50,3,1,1,5,4,5,13,1,1,1,3,5,2,29,2,20,2,8,6,4,7,9,1,10,11,11,16,1,21,121.5684166,25.0634857
114,09,09,10,07,05中正區,中正區和平西路1段與南昌路2段口,0,0,1,1,C03,8,6,5,50,5,1,1,5,4,5,13,1,1,1,4,5,2,13,1,19,2,9,5,1,7,9,1,10,1,11,16,1,21,121.5209216,25.0267403
114,09,09,10,30,12內湖區,內湖區行忠路171巷與行忠路口,0,0,1,1,B12,7,6,5,50,4,1,1,5,4,5,13,1,1,10,5,5,2,3,1,62,3,10,7,1,7,5,1,8,2,1,70,1,21,121.5814402,25.066954
114,09,09,10,38,07信義區,信義區松隆路與永吉路口,0,0,1,1,B02,8,6,5,50,5,1,1,5,4,5,13,1,1,1,4,5,2,17,1,50,3,10,3,4,7,6,1,8,1,6,9,1,22,121.5703033,25.0455318
114,09,09,10,46,03中山區,中山區北安路630巷9弄22號,0,0,1,1,B12,8,6,5,30,14,9,1,5,4,5,13,4,4,8,5,5,1,12,1,73,3,10,3,4,7,1,1,8,1,8,19,1,21,121.5498175,25.0834251
114,09,09,10,48,05中正區,中正區重慶南路2段與愛國西路口,0,0,1,1,C03,8,6,5,50,4,1,1,5,4,5,13,1,1,1,4,5,2,16,2,42,2,7,5,1,7,6,1,10,2,12,9,1,21,121.5123669,25.0350454
114,09,09,10,56,05中正區,中正區中山南路與青島東路口,0,0,3,1,C03,8,6,5,50,4,1,1,5,4,5,13,1,1,8,4,1,1,12,1,50,2,9,6,1,7,8,1,10,2,12,100,1,22,121.519374,25.0444118
114,09,09,11,23,03中山區,中山區民權東路2段160號前,0,0,1,1,B03,8,7,5,0,14,9,1,5,4,5,13,4,4,1,4,5,2,9,1,25,3,10,3,4,7,9,1,8,1,2,108,1,22,121.5353369,25.0623273
114,09,09,11,40,03中山區,中山區林森北路與新生北路2段28巷口,0,0,1,1,B12,8,7,5,30,4,2,1,5,4,5,13,1,1,9,5,5,2,1,1,61,3,10,7,1,7,5,1,8,1,8,70,1,21,121.5256722,25.0538835
114,09,09,11,40,09北投區,北投區中央北路1段1號,0,0,1,1,B03,8,6,5,50,14,9,1,5,4,5,13,4,4,5,4,5,2,11,1,72,3,10,7,1,7,9,1,8,1,17,44,1,21,121.5013299,25.13351029
114,09,09,11,45,07信義區,信義區基隆路1段141號,0,0,2,1,B03,7,6,5,50,14,9,1,5,4,5,13,2,1,1,4,5,1,13,2,58,3,10,3,4,7,9,1,8,1,1,44,1,21,121.5656487,25.0430973
114,09,09,11,50,03中山區,中山區建國北路1段與建國北路1段88巷口迴轉道,0,0,1,1,B03,8,7,5,50,5,2,1,5,4,5,13,1,1,9,4,5,2,13,2,47,3,10,7,1,7,14,1,8,1,6,44,1,21,121.5368444,25.0492637
114,09,09,11,55,03中山區,中山區撫順街12號,0,0,1,1,B03,8,6,5,50,14,9,1,5,4,5,13,4,4,4,5,5,1,1,1,25,3,10,3,4,7,9,1,8,2,8,70,1,21,121.5207855,25.06360956
114,09,09,12,25,08士林區,士林區文林路與雙溪街口,0,0,2,1,C03,7,6,5,40,4,2,1,5,4,5,13,2,1,5,5,4,2,17,2,29,2,9,6,1,7,6,1,10,2,12,9,1,21,121.5234372,25.0996327
114,09,09,12,36,03中山區,中山區中山北路2段181號,0,0,1,1,C03,8,6,5,50,14,8,1,5,4,5,13,4,4,1,5,1,1,12,2,71,2,9,3,4,7,8,1,10,1,14,100,1,21,121.5226303,25.0633208
114,09,09,12,49,03中山區,中山區民生西路52號,0,0,1,1,B12,8,6,5,50,14,9,1,5,4,5,13,4,4,9,4,5,2,12,1,38,3,10,7,1,7,13,1,8,1,4,40,1,22,121.5222173,25.05803712
114,09,09,12,52,10文山區,文山區木柵路1段325號,0,0,1,1,C03,8,6,5,50,14,9,1,5,4,5,13,2,1,5,4,5,2,13,1,21,2,8,5,1,7,9,1,10,1,11,16,1,21,121.5564,24.9885047
114,09,09,13,00,09北投區,北投區關渡路30號,0,0,1,1,C03,8,7,5,50,14,9,1,5,4,5,13,4,4,5,5,5,2,16,1,36,2,9,6,1,7,9,1,10,1,11,108,1,22,121.4693353,25.1213144
114,09,09,13,30,12內湖區,內湖區文德路與內湖路2段口,0,0,1,1,B03,8,6,5,50,3,1,1,5,4,5,13,4,4,1,4,5,2,16,1,54,3,10,7,1,7,7,1,8,1,8,72,1,21,121.5791471,25.0786163
114,09,09,14,58,10文山區,文山區景興路與景中街口,0,0,1,1,B03,8,6,5,50,4,1,1,5,4,5,13,2,1,1,4,5,2,16,1,37,3,10,7,1,7,11,1,8,2,8,10,1,21,121.5441926,24.9926918
114,09,09,15,11,10文山區,文山區興隆路3段54號與興隆路3段口,0,0,2,1,C03,8,6,5,50,3,1,1,5,4,5,13,2,1,1,4,5,1,12,1,74,2,9,6,1,7,7,1,10,2,14,101,1,21,121.5560302,25.0001449
114,09,09,15,37,04大安區,大安區忠孝東路4段309號,0,0,1,1,C03,6,6,5,50,14,9,1,4,4,5,13,4,4,3,4,5,1,13,1,37,2,8,6,4,7,9,1,10,2,14,16,1,21,121.5558109,25.0414695
114,09,09,15,59,06松山區,松山區光復北路與民生東路5段27巷9弄口,0,0,1,1,B03,7,7,5,50,3,1,1,4,4,5,13,4,4,9,4,4,2,17,2,62,3,10,7,1,7,11,1,8,2,17,10,2,21,121.5549153,25.0598093
114,09,09,16,47,10文山區,文山區景文街與羅斯福路6段401巷口口,0,0,1,1,B03,6,6,5,50,3,19,1,4,4,5,12,4,4,5,5,4,1,3,1,40,3,10,7,1,7,9,1,8,2,1,70,1,21,121.5413632,24.9918694
114,09,09,17,27,07信義區,信義區吳興街225巷與吳興街口口,0,0,1,1,C03,7,5,8,50,22,22,1,4,4,5,13,1,1,5,4,5,2,17,1,49,3,10,6,1,7,5,1,10,2,17,8,1,21,121.5631424,25.0277627
114,09,09,17,40,05中正區,中正區市民大道2段與長安東路1段30巷口,0,0,1,1,,8,7,5,40,14,9,1,5,4,5,13,1,1,1,4,5,2,17,4,0,,,,,7,21,8,20,9,13,119,2,,121.5260739,25.0472755
114,09,09,17,53,04大安區,大安區信義路4段與信義路4段265巷口,0,0,1,1,B02,8,6,5,50,4,1,1,5,4,5,13,2,1,1,4,5,1,16,1,72,4,11,3,4,7,5,7,19,9,2,118,2,22,121.5542927,25.0333405
114,09,09,17,57,11南港區,南港區東新街與東新街108巷口,0,0,1,1,B03,8,7,5,50,4,1,1,5,4,5,13,2,1,4,3,4,2,17,1,49,3,10,7,1,7,5,1,16,1,1,71,1,21,121.5878549,25.0465075
114,09,09,18,06,08士林區,士林區文昌路與美崙街口,0,0,1,1,C03,8,5,5,50,4,1,1,5,4,5,13,2,1,5,4,5,2,16,2,60,2,9,6,1,7,6,1,10,1,11,9,1,21,121.5207868,25.0968727
114,09,09,18,09,03中山區,中山區濱江街與民族東路口,0,0,2,1,A31,8,5,5,50,4,2,1,3,4,5,13,2,1,1,4,5,2,17,1,30,3,10,7,1,7,9,1,1,9,17,34,1,21,121.5211389,25.05008675
114,09,09,18,11,03中山區,中山區復興北路與五常街口,0,0,1,1,B01,8,5,5,50,4,1,1,5,4,5,13,1,1,1,4,5,2,17,1,68,3,10,3,4,7,5,1,4,1,17,8,1,21,121.5441861,25.0645279
114,09,09,18,17,03中山區,中山區樂群三路與敬業三路口,0,0,1,1,B03,8,5,5,50,4,1,1,5,4,5,13,2,1,5,4,5,2,16,1,42,3,10,7,1,7,6,1,8,1,2,9,1,21,121.5563807,25.0826994
114,09,09,18,42,02萬華區,萬華區堤外便道自行車道（3010191燈桿）,0,0,2,1,C03,7,5,7,50,14,23,1,4,4,5,13,4,4,9,5,5,2,9,1,23,2,9,5,1,7,9,1,10,1,11,118,1,21,121.509875,25.0228806
114,09,09,18,45,02萬華區,萬華區萬大路166號,0,0,1,1,F01,7,5,5,30,14,9,1,5,4,5,13,4,4,1,4,5,2,17,1,57,3,10,4,1,7,1,8,20,1,17,19,1,21,121.50038,25.0282717
114,09,09,18,50,03中山區,中山區建國北路2段與建國北路2段96巷口,0,0,1,1,C03,7,5,5,50,3,2,1,4,4,5,13,4,4,1,4,5,2,13,1,19,3,10,6,1,7,9,1,10,1,11,16,1,21,121.5366325,25.0575892
114,09,09,19,09,01大同區,大同區承德橋機慢車道（下坡處，往南）,0,0,1,1,C03,8,5,5,50,8,11,1,5,4,5,13,4,4,2,4,3,2,13,1,45,2,9,6,1,7,9,1,10,2,11,44,1,21,121.5203075,25.0759882
114,09,09,19,13,10文山區,文山區道南橋下涵洞,0,0,1,1,C03,7,5,5,30,9,9,1,4,4,5,13,4,4,10,5,5,1,13,2,20,2,9,3,4,7,9,1,10,1,11,16,1,22,121.571586,24.98801685
114,09,09,19,42,03中山區,中山區復興北路與八德路2段口,0,0,2,1,C03,8,5,5,50,4,2,1,5,4,5,13,4,4,1,4,5,2,13,2,28,2,9,6,1,7,9,1,10,1,11,108,1,21,121.5438597,25.0477641
114,09,09,19,55,03中山區,中山區市民大道3段19號,0,0,1,1,C03,8,5,5,40,14,9,1,5,4,5,13,4,4,1,4,5,2,18,1,37,2,9,5,1,7,9,1,10,9,14,44,1,22,121.5339064,25.045279
114,09,09,20,28,12內湖區,內湖區內湖路1段737巷51弄與麗山街46巷6弄口,0,0,1,1,F01,8,5,5,30,3,2,1,5,4,5,13,4,4,5,5,5,2,12,1,70,2,1,4,1,7,15,8,20,1,14,100,1,21,121.5801046,25.0803013
114,09,09,21,30,03中山區,中山區中山北路2段與民權西路口,0,0,2,1,C03,8,5,5,50,4,2,1,5,4,5,13,2,1,9,4,5,2,13,1,18,2,9,6,1,7,9,1,10,1,11,108,1,25,121.5224669,25.06291334
114,09,09,22,08,04大安區,大安區基隆路4段與羅斯福路4段口,0,0,1,1,C03,7,5,5,50,5,1,1,5,4,5,13,2,1,1,4,4,1,13,2,29,2,8,3,4,7,6,1,10,1,11,108,1,22,121.5372397,25.0115203