發生年度,發生月,發生日,發生時-Hours,發生分,區序,肇事地點,死亡人數,2-30日死亡人數,受傷人數,當事人序號,車種,天候,光線,道路類別,速限-速度限制,道路型態,事故位置,路面狀況1,路面狀況2,路面狀況3,道路障礙1,道路障礙2,號誌1,號誌2,車道劃分-分向,車道劃分-分道1,車道劃分-分道2,車道劃分-分道3,事故類型及型態,性別,年齡,受傷程度,主要傷處,保護裝置,行動電話,車輛用途,當事者行動狀態,駕駛資格情形,駕駛執照種類,飲酒情形,車輛撞擊部位1,肇因碼-個別,個人肇逃否,職業,座標-X,座標-Y
114,09,09,22,24,03中山區,中山區中山北路4段與中山橋口,0,0,1,1,C03,8,5,5,50,11,9,1,5,4,5,13,4,4,10,4,5,2,17,1,21,2,9,6,1,7,8,1,10,1,12,102,1,21,121.5256979,25.0746415
114,09,10,03,15,08士林區,士林區中正路與重慶北路4段口口,0,0,1,1,B12,8,5,5,50,3,1,1,5,4,5,13,4,4,10,3,5,2,17,2,73,3,10,3,4,7,6,1,8,1,2,9,1,22,121.5099269,25.0867044
114,09,10,04,28,07信義區,信義區吳興街284巷24弄26號,0,0,1,1,C03,8,5,8,30,22,22,1,5,4,5,13,4,4,10,5,5,2,17,1,36,2,9,5,4,7,9,1,10,2,12,72,1,21,121.5627011,25.0238714
114,09,10,06,37,12內湖區,內湖區五分街22號,0,0,1,1,B12,8,7,8,40,14,9,1,5,4,5,13,4,4,9,5,5,2,8,1,57,3,10,7,1,7,6,3,18,9,15,9,1,21,121.6141406,25.0674093
114,09,10,06,46,04大安區,大安區仁愛路4段91巷與仁愛路4段71巷口,0,0,1,1,B02,8,7,5,30,4,1,1,5,4,5,13,4,4,10,5,5,2,15,1,73,2,9,3,4,7,9,1,4,1,1,72,1,21,121.54712,25.0385848
114,09,10,06,48,08士林區,士林區中正路與重慶北路4段口,0,0,2,1,B03,8,6,5,50,3,2,1,5,4,5,13,4,4,10,4,5,1,17,1,61,3,10,7,1,7,6,1,8,2,2,9,1,21,121.5098686,25.08672233
114,09,10,06,50,11南港區,南港區三重路與經貿二路62巷口,0,0,2,1,C03,8,6,5,50,3,1,1,5,4,5,13,2,1,5,4,5,2,13,1,21,2,7,6,1,7,9,1,10,2,11,16,1,21,121.6140502,25.0569025
114,09,10,07,13,10文山區,文山區木柵路2段109巷與木柵路2段109巷25弄口,0,0,1,1,C03,8,6,6,30,5,2,1,5,4,5,13,4,4,10,5,5,2,13,2,46,2,9,6,1,7,9,1,10,1,11,16,1,21,121.5624743,24.9904408
114,09,10,07,30,12內湖區,內湖區成功路4段與金湖路口側附近口,0,0,1,1,C03,8,6,5,50,4,1,1,5,4,5,13,2,1,1,3,5,1,16,2,74,2,9,6,1,7,5,1,10,1,13,8,1,21,121.5952342,25.0840741
114,09,10,07,40,05中正區,中正區貴陽街1段與公園路口,0,0,3,1,C03,8,7,5,50,4,1,1,5,4,5,13,1,1,10,5,5,2,16,1,22,2,9,5,1,7,5,1,9,1,11,8,1,21,121.5152691,25.0386038
114,09,10,07,44,10文山區,文山區羅斯福路6段與車前路口,0,0,1,1,C03,8,6,5,50,4,1,1,5,4,5,13,2,1,1,4,5,2,13,1,69,2,8,6,1,7,9,1,9,2,11,16,1,21,121.5403371,24.9915471
114,09,10,08,04,10文山區,文山區辛亥路6段108號,0,0,2,1,C03,8,7,5,50,14,9,1,5,4,5,13,4,4,1,4,5,2,17,2,18,2,8,5,1,7,15,1,10,1,11,80,1,21,121.5522313,24.988193
114,09,10,08,07,11南港區,南港區松河街與成美橋口旁引道,0,0,1,1,C03,8,6,5,30,5,1,1,5,4,5,13,4,4,5,5,5,2,17,2,24,3,10,5,1,7,5,1,9,1,17,72,1,22,121.5831652,25.0528526
114,09,10,08,13,09北投區,北投區東華街1段380號,0,0,1,1,C03,8,6,5,50,14,9,1,5,4,5,13,4,4,10,4,5,2,13,1,61,2,9,6,1,7,9,1,10,2,11,16,1,21,121.5188291,25.1101051
114,09,10,08,14,05中正區,中正區南海路與詔安街口,0,0,1,1,B01,8,6,5,50,4,1,1,5,4,5,13,1,1,5,2,5,2,17,1,66,3,10,7,1,7,11,1,4,2,1,10,1,21,121.5083134,25.0284059
114,09,10,08,15,02萬華區,萬華區萬大路423巷與萬青街口,0,0,1,1,C03,8,6,6,50,5,2,1,5,4,5,13,1,1,9,4,5,1,17,2,65,2,7,5,1,7,1,1,10,9,12,19,1,21,121.5018137,25.022036
114,09,10,08,21,04大安區,大安區和平東路3段與和平東路3段346巷口,0,0,2,1,H01,8,6,5,50,4,18,1,5,4,5,13,2,1,1,4,5,1,3,1,75,2,9,4,5,8,18,8,20,10,16,122,1,21,121.5575403,25.0195871
114,09,10,08,23,06松山區,松山區民生東路4段81號,0,0,1,1,C04,8,5,5,50,14,9,1,5,4,5,13,4,4,1,3,5,2,13,2,43,2,9,5,1,7,9,1,10,2,14,108,1,22,121.5516233,25.0579742
114,09,10,08,36,04大安區,大安區基隆路4段156號,0,0,1,1,C03,8,6,5,50,14,7,1,5,4,5,13,4,4,10,4,4,1,12,1,39,4,11,3,4,7,9,7,19,11,11,118,2,22,121.5378114,25.0116017
114,09,10,08,36,04大安區,大安區建國南路1段44巷與建國南路1段口,0,0,2,1,C03,8,6,5,50,3,1,1,5,4,5,13,4,4,1,4,5,2,16,1,20,2,9,5,1,7,8,1,10,1,12,80,1,21,121.5363314,25.0439832
114,09,10,08,36,06松山區,松山區南京東路3段255號,0,0,1,1,B01,8,6,5,50,14,9,1,5,4,5,13,2,1,3,4,5,2,17,1,64,3,10,3,4,7,9,1,4,2,1,108,1,22,121.5445371,25.0519464
114,09,10,08,43,09北投區,北投區承德路6段與福國路口,0,0,1,1,C03,8,7,5,60,14,9,1,5,4,5,13,1,1,1,4,5,2,13,1,28,2,9,5,1,7,9,1,10,1,11,16,1,22,121.5121092,25.1021979
114,09,10,08,48,09北投區,北投區中央北路4段與中央北路4段583巷口,0,0,2,1,C03,8,6,5,50,4,2,1,5,4,5,13,1,1,5,4,5,2,12,1,47,2,8,6,1,7,9,1,9,2,14,108,1,21,121.4655565,25.1258156
114,09,10,08,55,12內湖區,內湖區港墘路與內湖路口側附近1段口,0,0,2,1,C03,8,6,5,50,4,1,1,5,4,5,13,2,1,1,3,5,2,16,2,30,2,9,6,1,7,6,1,10,1,12,9,1,21,121.5771267,25.0799037
114,09,10,08,56,03中山區,中山區新生北路2段96號,0,0,1,1,C03,8,7,5,50,14,9,1,5,4,5,13,4,4,1,4,5,2,12,1,49,2,9,5,1,7,9,1,10,2,14,17,1,21,121.5274346,25.0589056
114,09,10,09,00,03中山區,中山區一江街21號,0,0,1,1,B03,8,5,5,50,14,9,1,5,4,5,13,4,4,9,4,5,2,17,1,58,3,10,3,4,7,11,1,8,1,4,80,1,21,121.5314859,25.05262696
114,09,10,09,05,03中山區,中山區明水路與樂群一路口,0,0,1,1,B03,8,6,5,50,14,9,1,5,4,5,13,4,4,1,5,5,1,12,2,51,3,10,3,4,7,7,1,8,1,7,100,1,21,121.5514517,25.0772528
114,09,10,09,16,06松山區,松山區基隆路1段與寶清街口,0,0,1,1,C03,8,5,5,50,5,1,1,5,4,5,13,2,1,1,3,5,2,13,1,22,3,10,5,4,7,6,1,10,2,11,16,1,22,121.5689698,25.0493888
114,09,10,09,20,11南港區,南港區研究院路1段151巷與研究院路1段口,0,0,1,1,C03,8,6,5,50,5,1,1,5,4,5,13,2,1,1,5,5,2,16,2,68,3,10,5,1,7,5,1,10,1,17,8,1,22,121.6155748,25.0507296
114,09,10,10,03,03中山區,中山區民生東路2段115巷與吉林路161巷口,0,0,2,1,C03,8,7,5,30,4,1,1,5,4,5,13,4,4,10,5,5,2,15,1,24,2,9,5,1,7,9,1,10,1,11,72,1,22,121.531648,25.0589308
114,09,10,10,15,08士林區,士林區百齡橋7510195號電燈桿,0,0,2,1,C03,8,6,5,50,8,11,1,5,4,5,13,4,4,3,2,5,1,17,2,39,2,9,6,1,7,9,1,10,1,12,108,1,21,121.5139531,25.0895409
114,09,10,10,15,12內湖區,內湖區環山路1段與環山路1段136巷口,0,0,1,1,B01,8,6,5,50,4,2,1,5,4,5,13,2,1,9,4,5,2,17,1,58,3,10,3,4,7,11,1,4,1,5,71,1,22,121.5678458,25.0864592
114,09,10,10,53,01大同區,大同區民生西路186號,0,0,1,1,B03,8,6,5,50,14,9,1,5,4,5,13,4,4,5,4,5,1,17,1,37,3,10,3,4,7,11,1,8,2,1,10,1,22,121.5172659,25.0571699
114,09,10,10,58,02萬華區,萬華區西藏路125巷9號,0,0,1,1,B12,8,7,5,30,14,9,1,5,4,5,13,4,4,9,5,5,2,17,1,35,3,10,7,1,7,1,1,8,1,2,44,1,21,121.5025476,25.0286046
114,09,10,11,05,01大同區,大同區重慶北路1段62號,0,0,1,1,B12,8,7,5,50,14,9,1,5,4,5,13,1,1,1,4,5,2,13,1,27,3,10,7,1,7,9,1,8,1,1,108,1,21,121.5139334,25.0519507
114,09,10,12,39,12內湖區,內湖區東湖路與東湖路33巷口,0,0,1,1,C03,8,5,6,30,3,1,1,5,4,5,13,4,4,4,3,5,1,16,1,32,2,9,3,4,7,6,1,10,1,14,72,1,21,121.613513,25.0688491
114,09,10,12,48,09北投區,北投區明德路337巷1號,0,0,1,1,A12,8,6,5,50,14,9,1,2,4,5,13,4,4,9,5,5,2,17,1,47,3,10,7,1,7,9,1,3,9,17,37,1,21,121.520274,25.1166488
114,09,10,12,50,04大安區,大安區市民大道4段28號,0,0,1,1,C03,8,6,5,50,14,9,1,5,4,5,13,4,4,1,4,5,2,17,1,55,2,9,6,1,7,10,1,10,1,11,100,1,21,121.5450848,25.0448351
114,09,10,13,13,04大安區,大安區建國南路1段與建國南路1段341巷口,0,0,2,1,B12,8,7,5,50,4,1,1,5,4,5,13,1,1,10,4,5,2,15,1,28,3,10,7,1,7,9,1,8,2,5,81,1,21,121.5380814,25.0344269
114,09,10,13,14,03中山區,中山區八德路2段與龍江路口,0,0,1,1,B01,8,6,5,50,3,1,1,5,4,5,13,1,1,5,4,5,2,16,1,28,3,10,3,1,7,5,1,10,1,4,8,1,22,121.5403781,25.0467083
114,09,10,13,35,01大同區,大同區民權西路與延平北路2段口,0,0,2,1,C03,8,7,5,40,4,1,1,5,4,5,13,1,1,1,4,5,2,16,2,46,2,9,6,1,7,5,3,18,1,13,8,1,21,121.5110973,25.0628584
114,09,10,13,36,11南港區,南港區忠孝東路7段與忠孝東路7段265巷口,0,0,1,1,B02,8,6,5,50,4,1,1,5,4,5,13,2,1,1,4,4,2,16,1,52,3,10,7,1,7,5,1,8,1,2,8,1,21,121.6035258,25.0517914
114,09,10,14,13,12內湖區,內湖區內湖路1段與港墘路口引道,0,0,1,1,B12,8,7,5,30,3,18,1,5,4,5,13,4,4,1,5,5,2,3,1,35,3,10,7,1,7,6,1,2,9,1,70,1,21,121.5764409,25.0797215
114,09,10,14,32,11南港區,南港區研究院路2段與研究院路2段61巷口,0,0,1,1,B12,8,7,5,50,4,2,1,5,4,5,13,2,1,1,3,5,2,17,1,50,3,10,7,1,7,6,1,8,1,2,9,1,21,121.6160972,25.0438663
114,09,10,14,35,04大安區,大安區基隆路2段270號,0,0,2,1,F01,8,5,5,50,14,7,1,5,4,5,13,4,4,1,4,5,2,17,1,72,2,9,3,4,7,10,8,20,1,14,100,1,21,121.5493457,25.0216338
114,09,10,14,38,12內湖區,內湖區成功路4段167巷與成功路4段口,0,0,1,1,B03,8,7,5,40,3,1,1,5,4,5,13,4,4,1,4,4,2,16,1,55,3,10,7,1,7,6,1,8,1,2,9,1,21,121.5944129,25.0835261
114,09,10,15,10,06松山區,松山區塔悠路與健康路口,0,0,1,1,B03,8,7,5,50,4,1,1,5,4,5,13,2,1,9,4,4,2,17,2,62,3,10,7,1,7,6,1,8,2,5,9,1,22,121.5696502,25.0545723
114,09,10,15,30,11南港區,南港區南港路1段30號,0,0,1,1,C03,8,6,5,50,14,9,1,5,4,5,13,4,4,1,4,5,2,13,1,20,2,9,6,1,7,9,1,10,2,11,16,1,21,121.6172497,25.0551164
114,09,10,16,07,03中山區,中山區民族東路與民族東路410巷口,0,0,1,1,C03,8,6,5,50,4,1,1,5,4,5,13,2,1,1,4,5,2,16,1,35,3,10,6,1,7,6,1,10,1,13,9,1,21,121.5384646,25.06817
114,09,10,16,20,05中正區,中正區中山北路1段與北平東路口,0,0,2,1,C03,8,6,5,50,4,2,1,5,4,5,13,1,1,1,4,5,2,13,2,21,2,8,6,1,7,9,1,10,2,11,16,1,22,121.5205299,25.0473939
114,09,10,16,25,02萬華區,萬華區貴陽街2段與西昌街口,0,0,2,1,C03,8,7,5,40,4,2,1,5,4,5,13,1,1,10,5,5,2,12,1,59,2,8,5,1,7,7,1,10,1,14,100,1,21,121.5007704,25.0402085
114,09,10,16,35,09北投區,北投區光明路與中山路口,0,0,1,1,C03,8,6,5,50,4,1,1,5,4,5,13,1,1,9,4,5,2,13,1,38,3,10,6,1,7,9,1,10,1,11,16,1,21,121.5043474,25.1367025
114,09,10,16,39,09北投區,北投區中央北路4段與大度路3段口,0,0,1,1,B01,8,6,5,50,4,1,1,5,4,5,13,2,1,5,4,5,2,16,1,52,3,10,7,1,7,6,1,2,9,2,9,1,21,121.464765,25.124372
114,09,10,17,08,05中正區,中正區羅斯福路2段5號,0,0,1,1,C03,8,6,5,50,14,9,1,5,4,5,13,4,4,1,4,5,1,17,1,63,2,2,5,1,7,9,1,10,2,11,16,1,21,121.5208465,25.0293981
114,09,10,17,15,11南港區,南港區東新街80巷3號與東新街80巷口,0,0,2,1,C03,8,6,5,30,3,2,1,5,4,5,13,4,4,5,5,5,2,16,1,32,2,7,6,1,7,4,1,10,2,11,108,1,21,121.5870792,25.0460576
114,09,10,17,20,05中正區,中正區中山南路與濟南路1段口,0,0,2,1,C03,8,6,5,50,14,9,1,5,4,5,13,1,1,1,4,5,2,13,1,27,2,9,6,1,7,9,1,9,1,11,108,1,21,121.5187051,25.0431326
114,09,10,17,24,02萬華區,萬華區康定路與成都路口,0,0,1,1,C03,8,6,5,50,4,1,1,5,4,5,13,1,1,10,4,5,2,17,1,56,2,9,6,1,7,5,1,10,1,14,8,1,22,121.502935,25.0434813
114,09,10,17,57,08士林區,士林區文林路與福國路口,0,0,1,1,C03,8,5,5,50,5,1,1,5,4,5,13,2,1,1,2,5,2,16,1,49,2,9,5,1,7,7,1,9,2,14,99,1,21,121.5213562,25.1019351
114,09,10,18,10,08士林區,士林區百齡橋西往東7510213號燈桿,0,0,1,1,C03,8,5,5,50,8,11,1,5,4,5,13,4,4,1,4,5,2,17,1,23,2,9,3,4,7,9,1,10,1,15,44,1,22,121.5194468,25.09637144
114,09,10,18,16,04大安區,大安區金山南路2段218號,0,0,1,1,H02,8,5,5,50,14,9,1,5,4,5,13,4,4,1,4,5,2,9,2,61,3,10,3,5,7,21,8,20,10,16,126,1,22,121.5260236,25.0278306
114,09,10,18,20,03中山區,中山區中山北路3段與民族東路口,0,0,1,1,C03,8,5,5,50,4,1,1,5,4,5,13,2,1,1,4,5,2,17,2,20,3,10,6,1,7,9,1,10,1,11,16,1,21,121.5237228,25.0683846
114,09,10,18,20,09北投區,北投區中央北路4段與大度路3段口,0,0,1,1,C03,8,5,5,50,5,1,1,5,4,5,13,1,1,5,2,5,2,12,1,20,3,10,6,1,7,6,1,10,1,12,9,1,21,121.4648336,25.1243883
114,09,10,19,00,06松山區,松山區市民大道5段與光復南路口,0,0,1,1,F01,8,5,5,50,5,2,1,5,4,5,13,1,1,1,4,5,2,15,1,65,2,9,5,1,7,9,8,20,1,14,14,1,21,121.5578724,25.0453627
114,09,10,19,29,01大同區,大同區南京西路與南京西路155巷口,0,0,1,1,B03,7,5,5,50,4,2,1,5,4,5,13,4,4,5,4,5,2,17,4,65,,,,,,,,,11,,119,2,,121.5127741,25.0540302
114,09,10,21,23,02萬華區,萬華區桂林路與環河南路2段口,0,0,1,1,F01,7,5,5,50,4,2,1,5,4,5,13,4,4,5,4,4,2,17,1,113,4,11,3,4,7,21,8,20,11,15,44,1,22,121.4973289,25.0384904
114,09,10,21,28,05中正區,中正區中山南路與青島東路口,0,0,3,1,C03,8,5,5,50,4,1,1,5,4,5,13,1,1,9,4,5,2,16,1,29,2,9,5,1,7,10,1,10,1,12,100,1,21,121.5193898,25.04447715
114,09,10,22,02,08士林區,士林區承德路4段238號與大南路口,0,0,2,1,B03,7,5,5,50,5,1,1,5,4,5,13,2,1,1,4,5,1,17,1,64,3,10,7,1,7,9,1,8,2,6,44,1,21,121.521563,25.0889478
114,09,10,22,09,08士林區,士林區忠誠路2段與天母東路口,0,0,2,1,C04,8,5,5,50,14,9,1,5,4,5,13,1,1,1,3,5,1,17,2,25,2,9,3,4,7,5,1,11,1,14,8,1,22,121.5347402,25.1181391
114,09,10,22,56,09北投區,北投區承德路7段與承德路7段32巷口,0,0,3,1,C03,8,5,5,60,3,2,1,5,4,5,13,4,4,3,4,5,2,16,1,32,2,9,3,4,7,6,1,10,1,12,9,1,22,121.511148,25.1110264
114,09,11,05,20,11南港區,南港區福德街與福德街339巷口,0,0,1,1,B03,8,5,5,50,3,2,1,5,4,5,13,4,4,9,5,5,2,3,1,69,3,10,7,1,7,9,1,8,1,1,70,1,21,121.5885502,25.0395275
114,09,11,07,10,04大安區,大安區羅斯福路3段111號,0,0,1,1,B03,8,5,5,50,14,9,1,5,4,5,13,4,4,1,4,1,1,17,2,48,3,10,7,1,7,9,1,8,9,17,118,1,21,121.5266988,25.0221334
114,09,11,07,14,11南港區,南港區忠孝東路7段371號與興中路口空橋旁,0,0,1,1,B03,8,6,5,50,3,2,1,5,4,5,13,4,4,9,4,5,2,16,1,46,3,10,3,4,7,8,1,8,1,2,100,1,21,121.6079189,25.0526269
114,09,11,07,18,01大同區,大同區民權西路136號,0,0,1,1,B02,8,6,5,50,14,9,1,5,4,5,13,4,4,1,4,5,2,17,1,46,3,10,7,1,7,2,1,4,1,4,12,1,21,121.5162297,25.0628263
114,09,11,07,20,05中正區,中正區中華路2段與中華路2段467巷口,0,0,2,1,B03,8,7,5,40,3,1,1,5,4,5,13,1,1,5,5,4,2,16,1,48,3,10,7,1,7,11,1,8,2,1,10,1,22,121.5110223,25.024441
114,09,11,07,26,07信義區,信義區永吉路30巷106號,0,0,1,1,B03,8,5,5,50,14,9,1,5,4,5,13,4,4,5,4,5,2,9,1,29,4,11,3,4,7,9,7,19,9,15,108,2,22,121.5687431,25.0432571
114,09,11,07,35,12內湖區,內湖區民權東路6段190巷35弄,0,0,1,1,B03,8,6,5,30,4,1,1,5,4,5,13,2,1,5,5,5,2,1,1,45,3,10,7,1,7,5,1,8,2,5,70,1,21,121.5943527,25.0670082
114,09,11,07,40,08士林區,士林區雙溪街與至誠路2段51巷口,0,0,1,1,C03,8,6,5,30,4,1,1,5,4,5,13,4,4,10,5,5,2,17,2,40,2,9,3,4,7,9,1,10,1,11,108,1,21,121.5295089,25.1005641
114,09,11,07,42,04大安區,大安區基隆路3段與基隆路3段155巷口,0,0,2,1,C03,8,5,5,50,14,7,1,5,4,5,13,2,1,1,4,4,2,13,1,53,2,9,3,4,7,9,1,10,1,11,108,1,21,121.542641,25.0156998
114,09,11,07,45,07信義區,信義區忠孝東路5段31巷18弄25號,0,0,2,1,F01,8,5,5,30,14,9,1,5,4,5,13,4,4,10,5,5,2,17,2,61,2,9,4,1,7,5,8,20,1,11,8,1,22,121.5667914,25.0416174
114,09,11,07,50,09北投區,北投區文承路與北科路口,0,0,1,1,B03,8,6,5,50,4,1,1,5,4,5,13,1,1,5,4,5,2,16,1,50,3,10,7,1,7,5,1,8,1,6,71,1,21,121.5158146,25.10527191
114,09,11,07,56,03中山區,中山區建國北路2段7號,0,0,2,1,B03,8,7,5,0,14,20,1,5,4,5,13,4,4,10,5,5,2,17,2,48,2,2,7,1,7,1,1,8,9,1,19,1,21,121.5371448,25.0529081
114,09,11,08,05,03中山區,中山區民族西路與中山北路3段口,0,0,1,1,C03,8,6,5,50,4,1,1,5,4,5,13,1,1,9,4,4,2,13,2,48,2,9,6,4,7,7,1,10,2,12,16,1,21,121.5233857,25.06847804
114,09,11,08,08,07信義區,信義區松德路169巷11號,0,0,1,1,C03,8,6,5,30,11,9,1,5,4,5,13,4,4,10,5,5,2,17,1,36,3,10,5,4,7,9,1,10,1,11,131,1,21,121.5755377,25.0360988
114,09,11,08,09,09北投區,北投區新民路與新民路1巷口,0,0,2,1,C03,8,5,5,30,3,1,1,5,4,5,13,4,4,7,4,5,1,3,2,58,2,1,6,1,7,9,1,10,1,11,70,1,21,121.5077704,25.139525
114,09,11,08,14,12內湖區,內湖區民權東路6段與民權東路口側附近6段135巷口,0,0,1,1,B03,8,6,5,50,3,1,1,5,4,5,13,4,4,1,3,5,2,16,1,34,3,10,7,1,7,6,1,8,1,2,9,1,21,121.594175,25.0689535
114,09,11,08,34,09北投區,北投區承德路7段303號,0,0,1,1,C03,8,6,8,60,22,22,1,5,4,5,13,4,4,1,4,4,2,17,1,34,3,10,6,1,7,1,1,10,1,11,19,1,21,121.5042724,25.11684294
114,09,11,08,54,07信義區,信義區吳興街與吳興街8巷口,0,0,2,1,C03,8,5,5,30,4,2,1,5,4,5,13,4,4,10,5,5,2,17,2,42,2,9,6,1,7,5,1,10,1,12,4,1,22,121.5594076,25.031723
114,09,11,09,00,10文山區,文山區木新路3段95巷與木新路3段95巷4弄口,0,0,1,1,C03,8,6,5,30,4,1,1,5,4,5,13,4,4,10,5,5,2,15,2,20,2,9,6,1,7,9,1,10,1,14,72,1,21,121.5630326,24.9814538
114,09,11,09,04,02萬華區,萬華區堤外便道富民疏散門引道,0,0,2,1,B03,8,6,5,30,3,1,1,5,4,5,13,4,4,5,5,5,2,17,1,33,3,10,3,4,7,6,1,8,2,8,99,1,22,121.500552,25.0172017
114,09,11,09,06,12內湖區,內湖區舊宗路2段181號與瑞湖街口,0,0,2,1,C03,8,7,5,50,3,1,1,5,4,5,13,4,4,5,5,5,2,16,2,52,2,9,5,1,7,5,1,10,1,12,8,1,21,121.576293,25.0719983
114,09,11,09,28,09北投區,北投區新民路與新民路1巷口,0,0,1,1,B03,8,6,5,30,3,1,1,5,4,5,13,4,4,5,5,5,2,16,1,65,3,10,7,1,7,5,1,8,2,8,44,1,21,121.5077736,25.1395118
114,09,11,09,35,06松山區,松山區八德路4段18號,0,0,1,1,B03,8,6,5,50,14,9,1,5,4,5,13,2,1,5,4,5,2,17,2,60,3,10,3,4,7,9,1,8,1,17,44,1,22,121.5584953,25.0482207
114,09,11,09,43,03中山區,中山區樂群一路中山432號公園前,0,0,1,1,B03,8,7,5,50,14,9,1,5,4,5,13,4,4,9,4,4,2,13,1,69,3,10,3,4,7,9,1,8,1,3,44,1,21,121.5563647,25.07763354
114,09,11,10,18,01大同區,大同區民權西路與承德路2段口,0,0,1,1,B12,8,7,5,50,4,2,1,5,4,5,13,1,1,1,4,5,2,12,1,56,3,10,7,1,7,7,1,8,1,4,17,1,21,121.5180256,25.0628139
114,09,11,10,30,12內湖區,內湖區康寧路3段與康寧路口側附近3段70巷口,0,0,2,1,C03,8,6,6,50,4,1,1,5,4,5,13,2,1,1,3,5,2,16,1,28,2,9,6,1,7,5,1,10,1,12,71,1,21,121.6112071,25.0703898
114,09,11,10,49,09北投區,北投區承德路6段與承德路7段口,0,0,1,1,B03,8,6,5,60,3,1,1,5,4,5,13,1,1,1,4,5,2,15,1,73,3,10,7,1,7,15,1,8,1,1,118,1,21,121.5112891,25.1105276
114,09,11,11,40,04大安區,大安區市民大道4段與敦化南路1段口,0,0,3,1,C03,8,6,5,40,4,1,1,5,4,5,13,2,1,1,4,5,2,12,2,18,2,9,6,1,7,15,1,10,1,13,100,1,21,121.5494082,25.0446328
114,09,11,11,55,05中正區,中正區杭州南路1段111巷與杭州南路1段口,0,0,1,1,B03,8,5,5,50,3,2,1,5,4,5,13,4,4,10,5,5,2,17,2,41,3,10,7,1,7,6,1,8,1,2,9,1,21,121.5267165,25.0433878
114,09,11,12,03,05中正區,中正區汀州路3段與思源街口,0,0,1,1,B03,8,6,5,50,4,1,1,5,4,5,13,1,1,1,4,5,2,13,1,60,3,10,7,1,7,9,1,8,1,1,108,1,21,121.5323224,25.014856
114,09,11,12,12,12內湖區,內湖區文德路與內湖路2段76巷口,0,0,1,1,C03,8,7,5,50,4,1,1,5,4,5,13,1,1,9,4,5,2,16,2,29,3,10,6,1,7,9,1,10,9,12,81,1,21,121.5811709,25.0785216
114,09,11,12,18,12內湖區,內湖區民權東路6段120巷3弄10號,0,0,1,1,B03,8,7,5,40,14,9,1,5,4,5,13,4,4,9,4,5,2,16,1,30,3,10,7,1,7,11,1,8,2,4,10,1,21,121.5877883,25.0683175
114,09,11,12,30,08士林區,士林區中山北路5段與劍潭路口,0,0,1,1,B03,8,5,5,50,4,1,1,5,4,5,13,1,1,1,3,5,1,16,1,20,3,10,7,1,7,6,1,8,1,2,98,1,21,121.5253468,25.0842315
114,09,11,12,35,07信義區,信義區基隆路1段與松隆路口,0,0,1,1,C03,8,6,5,50,3,2,1,5,4,5,13,2,1,3,2,5,2,13,1,19,2,9,6,1,7,9,1,10,2,11,108,1,21,121.5658055,25.0431517
114,09,11,12,56,03中山區,中山區民權東路2段166號,0,0,1,1,C03,8,6,5,50,14,9,1,5,4,5,13,4,4,1,3,5,2,13,2,49,2,7,6,1,7,9,1,8,1,11,16,1,21,121.5352835,25.0623331
114,09,11,13,00,09北投區,北投區中央北路3段與中央北路3段102巷口,0,0,2,1,C03,8,6,5,50,3,1,1,5,4,5,13,1,1,8,4,5,2,16,2,63,2,9,6,1,7,5,1,10,2,14,8,1,21,121.4840286,25.1376292
114,09,11,13,07,07信義區,信義區忠孝東路5段與基隆路1段口,0,0,1,1,B11,8,6,5,50,4,1,1,5,4,5,13,2,1,1,5,5,2,17,1,33,3,10,3,4,7,6,1,8,9,2,44,1,21,121.5647048,25.0412604
114,09,11,13,20,08士林區,士林區中山北路4段與通河街口,0,0,1,1,C03,8,5,5,50,3,2,1,5,4,5,13,2,1,2,4,4,2,13,1,21,3,10,5,1,7,9,1,10,1,11,108,1,21,121.5240239,25.07996866
114,09,11,13,25,03中山區,中山區一江街與南京東路2段口,0,0,1,1,C03,8,7,5,50,4,2,1,5,4,5,13,1,1,9,4,5,2,12,1,57,3,10,5,1,7,4,1,10,1,12,108,1,21,121.5314622,25.0519021
114,09,11,13,32,04大安區,大安區通安街與安和路2段35巷口,0,0,2,1,C03,8,7,5,30,4,2,1,5,4,5,13,4,4,10,5,5,1,15,1,30,2,7,5,1,7,9,1,10,1,14,72,1,26,121.5532959,25.0317116
114,09,11,13,43,01大同區,大同區民生西路與民樂街口口,0,0,2,1,C04,8,5,5,50,4,1,1,5,4,5,13,2,1,9,4,5,2,15,2,46,2,9,5,1,7,11,1,11,1,11,71,1,22,121.510631,25.056968
114,09,11,13,59,05中正區,中正區中華路1段與衡陽路口,0,0,2,1,C03,8,6,5,50,5,1,1,5,4,5,13,2,1,3,4,4,2,12,1,41,2,9,5,1,7,8,1,10,9,14,101,1,22,121.5084531,25.04217278
114,09,11,14,16,03中山區,中山區市民大道3段與八德路2段口,0,0,2,1,C03,8,7,5,40,5,1,1,5,4,5,13,1,1,1,4,5,2,17,1,19,2,9,5,1,7,7,1,10,1,14,100,1,21,121.5348309,25.0450295
114,09,11,14,17,12內湖區,內湖區南京東路6段與成功路2段口引道,0,0,1,1,B01,8,7,5,30,11,17,1,5,4,5,13,4,4,10,5,5,2,13,1,44,3,10,7,1,7,9,1,4,2,1,16,2,21,121.5919854,25.0621239