發生年度,發生月,發生日,發生時-Hours,發生分,區序,肇事地點,死亡人數,2-30日死亡人數,受傷人數,當事人序號,車種,天候,光線,道路類別,速限-速度限制,道路型態,事故位置,路面狀況1,路面狀況2,路面狀況3,道路障礙1,道路障礙2,號誌1,號誌2,車道劃分-分向,車道劃分-分道1,車道劃分-分道2,車道劃分-分道3,事故類型及型態,性別,年齡,受傷程度,主要傷處,保護裝置,行動電話,車輛用途,當事者行動狀態,駕駛資格情形,駕駛執照種類,飲酒情形,車輛撞擊部位1,肇因碼-個別,個人肇逃否,職業,座標-X,座標-Y
114,09,13,13,05,06松山區,松山區延吉街與八德路3段74巷3弄口,0,0,2,1,C03,8,7,5,30,4,1,1,5,4,5,13,4,4,9,4,5,2,15,2,30,2,9,6,1,7,9,1,10,1,11,72,1,22,121.5534355,25.0475564
114,09,13,13,13,12內湖區,內湖區環山路3段與環山路3段16巷口,0,0,1,1,C03,8,6,5,50,3,2,1,5,4,5,13,2,1,5,4,5,2,29,1,18,2,9,6,1,7,9,1,10,2,11,116,1,21,121.5788246,25.08436531
114,09,13,13,55,08士林區,士林區格致路與凱旋路口,0,0,1,1,B03,8,6,5,40,3,1,1,5,4,5,13,4,4,5,5,5,2,17,1,67,3,10,7,1,7,6,1,8,1,2,9,1,21,121.5464158,25.13700947
114,09,13,14,00,08士林區,士林區文昌路與美崙街口,0,0,1,1,C03,8,6,5,50,4,1,1,5,4,5,13,2,1,4,4,5,2,17,2,63,2,9,3,4,7,6,1,10,1,12,9,1,21,121.5207813,25.0968729
114,09,13,14,05,08士林區,士林區福華路東華橋往北投,0,0,1,1,B03,8,6,5,50,8,9,1,5,4,5,13,4,4,10,4,5,1,2,1,64,3,10,7,4,7,9,1,8,11,2,108,2,21,121.5204213,25.10754152
114,09,13,14,35,04大安區,大安區忠孝東路4段與忠孝東路4段216巷口,0,0,2,1,H01,8,6,5,0,4,1,1,5,4,5,13,2,1,1,4,5,2,3,1,70,2,9,4,5,8,18,8,20,10,17,122,1,21,121.5529572,25.0412653
114,09,13,14,43,08士林區,士林區雨農路與福志路口,0,0,1,1,B03,8,5,5,50,4,2,1,5,4,5,13,2,1,5,4,5,2,17,2,27,3,10,7,1,7,5,1,8,1,2,71,1,21,121.5323309,25.0983437
114,09,13,14,45,05中正區,中正區南海路與南昌路1段口,0,0,1,1,B01,8,6,5,30,4,1,2,5,4,5,13,1,1,10,4,5,1,13,1,68,3,10,7,1,7,9,1,4,1,5,108,1,21,121.5166173,25.0324323
114,09,13,14,58,12內湖區,內湖區民權大橋與民權東路6段11巷口,0,0,1,1,B12,8,6,5,50,4,1,1,5,4,5,13,1,1,1,4,4,2,16,1,63,3,10,7,1,7,8,1,8,1,8,108,1,21,121.5782255,25.06676
114,09,13,15,10,08士林區,士林區仰德大道1段上山方向 電線桿編號:仰德幹24、B6655GA85,0,0,2,1,B13,8,6,5,40,11,9,1,5,4,5,13,4,4,8,5,5,1,12,1,62,3,10,7,1,7,9,1,8,2,2,108,1,21,121.5382776,25.10425799
114,09,13,15,18,02萬華區,萬華區桂林路與環河南路1段348巷口,0,0,1,1,F02,8,7,5,50,5,1,1,5,4,5,13,2,1,5,5,5,2,17,1,81,3,10,4,1,7,15,8,20,1,14,80,1,21,121.496154,25.0387795
114,09,13,15,20,09北投區,北投區立農街2段與立農街2段202巷口,0,0,1,1,B03,8,7,5,50,4,1,1,5,4,5,13,2,1,10,5,5,2,17,1,29,3,10,7,1,7,11,3,18,1,1,10,1,21,121.5142563,25.1188462
114,09,13,15,30,05中正區,中正區青島東路與紹興南街口,0,0,1,1,B03,8,6,5,50,4,1,1,5,4,5,13,1,1,5,4,5,2,17,1,68,3,10,7,1,7,11,1,8,2,17,103,1,22,121.524845,25.0431564
114,09,13,15,38,01大同區,大同區民權西路與承德路2段口口,0,0,3,1,C03,8,6,5,50,4,2,1,5,4,5,13,2,1,1,5,5,2,13,1,22,2,9,6,1,7,9,1,10,2,11,16,1,21,121.5178503,25.0628101
114,09,13,15,40,04大安區,大安區忠孝東路3段與安東街口,0,0,1,1,B03,8,6,5,50,3,1,1,5,4,5,13,4,4,8,3,5,2,12,1,34,3,10,3,4,7,9,1,8,1,4,44,1,21,121.5427644,25.0417167
114,09,13,16,08,03中山區,中山區北安路520號對面,0,0,2,1,B03,8,6,5,50,14,9,1,5,4,5,13,4,4,1,4,5,2,17,1,34,3,10,7,1,7,8,6,18,2,5,100,1,21,121.5459035,25.07979859
114,09,13,16,25,08士林區,士林區中山北路6段與中山北路6段195巷口,0,0,2,1,F01,8,6,5,50,3,2,1,5,4,5,13,1,1,1,4,5,2,12,2,31,2,9,4,1,7,15,8,20,1,14,100,1,21,121.5250797,25.1081791
114,09,13,17,01,11南港區,南港區南港路3段與東新街口,1,0,0,1,A11,7,6,5,50,5,2,1,5,4,5,13,2,1,5,4,5,2,12,1,50,3,10,7,1,7,1,1,3,2,17,108,1,21,121.5828431,25.0516083
114,09,13,17,15,03中山區,中山區美堤河濱公園道路近16號水門,0,0,1,1,B12,8,7,5,30,14,9,1,5,4,5,13,4,4,10,5,5,2,11,2,25,3,10,7,1,7,9,1,8,1,4,5,1,21,121.5579008,25.07696513
114,09,13,17,40,07信義區,信義區松隆路與中坡北路口,0,0,5,1,C04,8,6,5,50,3,18,1,5,4,5,13,2,1,1,4,5,2,3,2,47,2,9,3,4,7,5,1,10,2,11,70,1,22,121.5799244,25.0484208
114,09,13,18,10,05中正區,中正區中山南路與信義路1段口,0,0,1,1,C03,8,5,5,50,5,1,1,5,4,5,13,2,1,1,4,5,2,17,1,20,2,9,6,1,7,5,1,10,2,14,96,1,25,121.5179786,25.0386996
114,09,13,18,26,05中正區,中正區公園路與貴陽街1段口,0,0,2,1,C03,8,5,5,50,4,1,1,5,4,5,13,2,1,5,4,5,2,16,1,29,2,9,5,1,7,5,1,10,2,12,74,1,22,121.5152029,25.0386269
114,09,13,18,53,07信義區,信義區忠孝東路5段與大道路口,0,0,1,1,C03,8,5,5,50,5,1,1,5,4,5,13,1,1,9,4,5,2,17,2,21,2,9,5,1,7,9,1,10,2,14,81,1,23,121.5811816,25.0428702
114,09,13,18,58,05中正區,中正區衡陽路與桃源街口,0,0,1,1,B03,8,5,5,50,3,1,1,5,4,5,13,4,4,10,4,5,1,17,1,48,4,11,3,4,7,5,7,19,11,17,72,2,22,121.5105858,25.0422268
114,09,13,19,45,10文山區,文山區木柵路1段與富山路口,0,0,1,1,B01,8,5,5,50,5,1,1,5,4,5,13,1,1,5,4,5,1,11,1,61,3,10,7,1,7,11,1,4,1,3,10,1,21,121.5538377,24.9880875
114,09,13,20,12,11南港區,南港區忠孝東路6段與東新街口,0,0,2,1,C03,8,5,5,50,4,1,1,5,4,5,13,2,1,1,5,5,2,16,1,57,2,8,3,4,7,5,1,10,1,14,71,1,22,121.5851107,25.0480557
114,09,13,21,10,09北投區,北投區天母西路與天母西路100巷口,0,0,2,1,B03,8,5,5,50,4,2,1,5,4,5,13,4,4,7,4,5,1,3,1,50,3,10,3,4,7,5,1,8,2,1,70,1,21,121.5237506,25.1186511
114,09,13,21,36,03中山區,中山區建國北路2段與南京東路3段口,0,0,1,1,F01,8,5,5,0,4,1,1,5,4,5,13,1,1,1,4,5,2,15,1,17,2,8,4,1,7,9,8,20,1,11,81,1,21,121.5370697,25.05215656
114,09,13,21,45,06松山區,松山區市民大道5段與東興路口,0,0,1,1,B02,8,5,5,50,4,1,1,5,4,5,13,1,1,9,4,5,2,17,1,47,3,10,7,4,7,6,1,8,1,2,9,1,22,121.5656386,25.0482998
114,09,13,22,06,03中山區,中山區天津街與中山北路1段53巷口,0,0,2,1,C03,8,5,5,30,4,1,1,5,4,5,13,3,1,9,5,5,2,15,1,46,2,3,6,1,7,9,1,10,1,14,72,1,21,121.52272,25.0490804
114,09,13,22,18,07信義區,信義區松智路與松智路15巷口,0,0,2,1,B03,8,5,5,50,3,1,1,5,4,5,13,4,4,9,4,5,2,17,2,37,3,10,7,1,7,8,1,8,1,2,100,1,21,121.5653838,25.0367841
114,09,13,22,35,04大安區,大安區安居街與安居街34巷口,0,0,1,1,B03,8,5,8,30,3,1,1,5,4,5,13,4,4,9,5,5,2,16,1,43,3,10,7,1,7,5,1,8,1,4,74,1,21,121.5545435,25.0206756
114,09,13,22,42,11南港區,南港區三重路與園區街口,0,0,1,1,C03,8,5,5,50,3,2,1,5,4,5,13,2,1,5,5,5,2,16,2,56,2,7,3,4,7,9,3,18,1,11,76,1,21,121.6142048,25.0591656
114,09,14,00,30,04大安區,大安區信義路4段136號,0,0,2,1,C03,8,5,5,50,14,9,1,5,4,5,13,4,4,1,5,5,2,13,1,21,2,7,6,1,7,9,1,10,1,11,16,1,21,121.5497706,25.0331243
114,09,14,04,54,03中山區,中山區中山北路3段23號,0,0,1,1,C04,8,5,5,50,14,9,1,5,4,5,13,4,4,1,4,5,2,18,1,24,2,9,5,4,7,9,1,9,8,14,21,1,22,121.5224074,25.0645995
114,09,14,07,30,08士林區,士林區延平北路7段106巷94弄與延平北路7段106巷口,0,0,2,1,B03,8,6,5,30,3,1,1,5,4,5,13,4,4,10,5,5,2,17,1,59,3,10,3,4,7,6,1,8,1,7,72,1,21,121.496245,25.0990638
114,09,14,07,50,09北投區,北投區文化三路101號,0,0,1,1,C03,8,7,5,30,11,9,1,5,4,5,13,4,4,10,5,5,2,18,2,25,2,8,5,1,7,6,1,10,9,12,42,1,22,121.4990064,25.1403816
114,09,14,08,02,04大安區,大安區和平東路1段162號停車場出入口,0,0,1,1,B03,8,6,5,50,14,9,1,5,4,5,13,4,4,1,4,5,2,17,1,50,3,10,7,1,7,6,1,8,1,2,9,1,21,121.5069789,25.03519799
114,09,14,08,33,09北投區,北投區知行路210巷22號,0,0,1,1,C03,8,5,5,30,14,9,1,5,4,5,13,4,4,10,5,5,2,17,1,66,2,9,5,1,7,1,1,10,1,11,19,1,21,121.4681984,25.11942712
114,09,14,08,36,03中山區,中山區雙城街與雙城街49巷口,0,0,2,1,C03,8,7,5,30,4,1,1,5,4,5,13,4,4,10,5,5,2,15,2,19,2,9,5,1,7,9,1,10,1,14,72,1,21,121.5244613,25.06785834
114,09,14,08,44,09北投區,北投區大度路27號,0,0,1,1,C03,8,7,5,50,14,9,1,5,4,5,13,1,1,1,4,5,1,13,1,67,2,9,6,1,7,9,1,10,1,11,108,1,22,121.4966921,25.1211257
114,09,14,09,19,02萬華區,萬華區西寧南路123號,0,0,2,1,C03,8,6,5,50,14,9,1,5,4,5,13,4,4,10,4,5,1,17,1,33,3,10,3,4,7,8,1,10,1,11,100,1,22,121.5064271,25.0445503
114,09,14,09,37,02萬華區,萬華區民和街與德昌街132巷口,0,0,2,1,C03,8,5,5,30,4,1,1,5,4,5,13,4,4,10,5,5,2,17,1,68,2,9,5,4,7,9,1,10,1,12,72,1,21,121.496293,25.02496451
114,09,14,10,56,06松山區,松山區民權東路4段36號,0,0,2,1,C03,8,6,5,40,14,8,1,4,4,5,13,4,4,1,5,4,2,13,2,51,2,9,6,4,7,9,1,10,1,13,80,1,22,121.5525545,25.0615646
114,09,14,11,26,04大安區,大安區忠孝東路4段77巷與大安路1段75巷口,0,0,1,1,C03,8,6,5,30,4,1,1,5,4,5,13,4,4,10,5,5,2,15,1,25,2,9,3,4,7,9,1,10,1,11,72,1,22,121.5472011,25.0421702
114,09,14,11,26,06松山區,松山區市民大道4段37巷與市民大道4段口旁迴轉道,0,0,1,1,B03,8,6,6,40,4,1,1,5,4,5,13,4,4,1,4,5,2,15,1,23,3,10,7,1,7,9,1,8,1,6,72,1,21,121.5451219,25.0451067
114,09,14,11,58,05中正區,中正區和平西路1段與廈門街口口,0,0,1,1,C03,8,6,5,50,4,1,1,5,4,5,13,1,1,1,4,5,1,17,2,33,2,8,6,1,7,9,1,10,2,17,42,1,21,121.5184604,25.0267778
114,09,14,12,29,11南港區,南港區昆陽街南往北,0,0,1,1,H01,8,6,5,30,14,9,1,5,4,5,13,4,4,7,4,5,2,3,2,60,2,8,4,5,8,16,8,20,2,16,121,1,21,121.5939302,25.0506954
114,09,14,13,00,08士林區,士林區承德路4段與士商路口,0,0,1,1,B03,8,6,5,40,5,2,1,5,4,5,13,4,4,10,5,5,2,17,1,39,3,10,2,1,7,14,7,19,2,4,40,1,22,121.5213098,25.089324
114,09,14,13,58,01大同區,大同區民生西路155號,0,0,2,1,B01,8,5,5,50,14,9,1,5,4,5,13,4,4,5,4,5,2,12,1,57,3,10,7,1,7,13,1,4,1,4,40,1,21,121.517722,25.0573676
114,09,14,14,09,12內湖區,內湖區舊宗路1段與新湖一路口,0,0,1,1,B03,8,6,5,50,4,1,1,5,4,5,13,2,1,1,4,5,2,16,1,26,3,10,7,1,7,5,1,8,1,2,71,1,21,121.5792626,25.0602665
114,09,14,14,10,09北投區,北投區中央北路4段601巷11號,0,0,1,1,C03,8,7,5,50,11,9,1,5,4,5,13,4,4,7,5,5,2,18,1,42,3,10,5,1,7,9,1,10,1,14,44,1,21,121.4622043,25.123205
114,09,14,14,35,01大同區,大同區承德路3段與敦煌路口,0,0,2,1,C03,8,5,5,50,4,1,1,5,4,5,13,2,1,1,4,5,2,16,1,70,2,9,5,1,7,5,1,10,1,15,8,1,21,121.5204261,25.0749484
114,09,14,14,36,04大安區,大安區信義路3段與建國南路2段口,0,0,2,1,C03,7,7,5,50,4,2,1,5,4,5,13,2,1,1,4,5,1,17,1,60,2,9,6,1,7,15,1,10,1,14,100,1,21,121.537845,25.0333573
114,09,14,15,15,09北投區,北投區公館路與公館路423巷8弄口,0,0,2,1,C03,8,7,5,50,3,1,1,5,4,5,13,2,1,10,5,5,2,13,2,38,2,5,5,1,7,12,1,10,1,11,14,1,21,121.502048,25.12015798
114,09,14,15,43,09北投區,北投區竹子湖路1207713號燈桿,0,0,1,1,C03,8,7,5,40,11,9,1,5,4,5,13,4,4,4,5,5,2,18,2,18,2,9,5,1,7,15,1,10,2,12,42,1,22,121.5481415,25.15190125
114,09,14,16,47,01大同區,大同區延平北路3段4號,0,0,1,1,B01,8,6,5,50,14,9,1,5,4,5,13,4,4,8,3,5,1,17,1,64,3,10,3,4,7,14,1,4,2,2,44,1,21,121.5111242,25.0634977
114,09,14,17,16,02萬華區,萬華區忠孝橋,0,0,2,1,C03,8,5,8,50,8,11,1,5,4,5,13,1,1,9,4,4,2,17,1,24,2,9,5,4,7,6,1,10,1,12,9,1,21,121.5074539,25.04864378
114,09,14,17,30,04大安區,大安區師大路與雲和街口,0,0,1,1,B01,8,6,5,50,4,1,1,5,4,5,13,4,4,5,5,5,2,16,1,31,3,10,7,1,7,5,1,4,1,1,74,1,21,121.5285074,25.0236225
114,09,14,18,05,04大安區,大安區光復南路與光復南路96巷口,0,0,1,1,C03,8,5,5,50,14,9,1,5,4,5,13,4,4,1,4,5,2,17,2,35,2,9,6,1,7,6,1,10,1,12,9,1,21,121.5576164,25.0440399
114,09,14,18,27,04大安區,大安區建國南路2段與和平東路2段口,0,0,1,1,F01,7,5,5,50,4,1,1,5,4,5,13,2,1,5,5,5,2,17,1,16,2,8,3,4,7,9,8,20,1,11,44,1,21,121.5374358,25.0255175
114,09,14,19,14,04大安區,大安區仁愛路3段99號,0,0,2,1,C03,8,5,5,50,14,9,1,5,4,5,13,1,1,1,4,5,2,12,1,21,2,7,6,4,7,7,1,10,1,14,100,1,21,121.5401082,25.0383839
114,09,14,19,30,09北投區,北投區文承路與北科路口,0,0,1,1,C03,8,5,5,50,4,1,1,5,4,5,13,2,1,5,5,5,2,18,1,46,2,8,5,1,7,9,1,10,6,17,21,1,21,121.5195328,25.11887693
114,09,14,19,43,10文山區,文山區景中街與景美街口口,0,0,1,1,F01,8,5,5,30,4,18,1,5,4,5,13,4,4,1,4,5,2,9,1,55,3,10,4,1,7,15,8,20,2,11,70,1,21,121.5417287,24.9930084
114,09,14,19,46,12內湖區,內湖區成功路2段與成功路2段498巷口,0,0,1,1,B02,8,5,5,50,3,1,1,5,4,5,13,1,1,1,4,5,1,17,2,65,3,10,7,3,7,5,1,8,1,6,8,1,21,121.5899527,25.0735647
114,09,14,20,45,01大同區,大同區長安西路與西寧北路口,0,0,2,1,C03,8,5,5,50,4,1,2,5,4,5,13,2,1,9,4,5,2,16,2,23,2,9,5,1,7,5,1,10,1,12,80,1,21,121.5085956,25.0519627
114,09,14,22,42,07信義區,信義區忠孝東路5段與基隆路1段口,0,0,1,1,C03,8,6,5,50,4,1,1,5,4,5,13,2,1,1,4,5,2,16,1,29,2,8,3,4,7,6,1,9,2,12,9,1,22,121.5643465,25.0412593
114,09,15,07,29,05中正區,中正區中華路2段與廣州街口,0,0,1,1,C03,8,6,5,50,4,1,1,5,4,5,13,1,1,1,4,5,2,13,1,36,2,8,5,1,7,9,1,10,1,11,108,1,21,121.5065586,25.0358103
114,09,15,07,30,02萬華區,萬華區堤外便道南往北(貴陽疏散門口),0,0,2,1,C03,8,6,7,40,14,9,1,5,4,5,13,3,1,9,4,5,1,13,1,50,3,10,5,1,7,12,1,9,1,11,16,1,21,121.4988681,25.041322
114,09,15,07,37,08士林區,士林區文林路與德行西路口,0,0,1,1,B03,8,7,5,50,4,1,1,5,4,5,13,2,1,1,4,5,1,17,2,39,3,10,7,1,7,5,1,8,1,8,44,1,21,121.5196088,25.1032331
114,09,15,07,43,04大安區,大安區忠孝東路4段與大安路1段口,0,0,1,1,C03,8,6,5,50,4,1,1,5,4,5,13,2,1,1,4,5,2,12,2,47,3,10,6,1,7,15,1,10,1,13,100,1,21,121.5460589,25.0414689
114,09,15,07,49,04大安區,大安區羅斯福路3段與羅斯福路3段316巷口,0,0,1,1,B03,8,6,5,50,4,2,1,5,4,5,13,2,1,3,4,5,2,17,1,54,3,10,7,1,7,5,1,8,1,5,44,1,21,121.5329027,25.0164267
114,09,15,07,52,09北投區,北投區致遠二路19號對面,0,0,1,1,B03,8,6,5,50,14,9,1,5,4,5,13,4,4,8,3,5,2,17,1,64,3,10,7,1,7,14,1,8,1,2,44,1,21,121.5118463,25.11483489
114,09,15,07,58,06松山區,松山區濱江街407號,0,0,3,1,C03,8,6,5,40,22,8,1,5,4,5,13,4,4,1,3,4,2,17,1,27,2,9,6,1,7,9,6,18,1,12,16,1,22,121.5600815,25.0713591
114,09,15,08,15,12內湖區,內湖區內湖路1段與內湖路1段667巷口,0,0,2,1,C03,8,6,5,50,14,7,1,5,4,5,13,4,4,1,3,4,2,16,1,23,3,10,5,1,7,9,1,10,1,14,44,1,22,121.5756981,25.0799505
114,09,15,08,21,12內湖區,內湖區潭美街與安美街175巷口,0,0,1,1,C03,8,6,5,40,3,1,1,5,4,5,13,4,4,5,5,5,2,13,1,38,2,9,5,1,7,9,1,10,1,11,16,1,21,121.600615,25.0608353
114,09,15,08,23,07信義區,信義區基隆路2段與嘉興街175巷口口,0,0,1,1,B03,8,6,5,50,3,1,1,5,4,5,13,4,4,10,5,5,2,17,1,36,3,10,7,1,7,6,1,8,11,2,9,2,21,121.5566495,25.0280618
114,09,15,08,30,03中山區,中山區市民大道2段與天津街口,0,0,2,1,C03,8,7,5,40,4,1,1,5,4,5,13,2,1,10,5,5,2,16,1,26,2,9,6,1,7,5,1,10,1,14,8,1,21,121.5221722,25.04766656
114,09,15,08,32,03中山區,中山區民生東路1段與林森北路口,0,0,1,1,B01,8,7,5,50,4,1,1,5,4,5,13,2,1,5,4,5,2,13,1,69,3,10,7,1,7,9,1,4,2,1,16,1,21,121.5256227,25.0580999
114,09,15,08,32,05中正區,中正區羅斯福路3段316巷與羅斯福路3段286巷口口,0,0,1,1,C03,8,6,5,30,4,1,1,5,4,5,13,4,4,10,5,5,2,12,2,38,2,8,5,1,7,9,1,10,1,14,44,1,21,121.5325894,25.0158402
114,09,15,08,45,04大安區,大安區辛亥路2段205號,0,0,2,1,C03,8,6,6,40,14,8,1,5,4,5,13,4,4,1,4,4,2,13,2,22,2,8,6,1,7,9,1,9,1,12,108,1,21,121.5423144,25.0215547
114,09,15,08,45,05中正區,中正區南陽街50號,0,0,2,1,C03,8,5,5,30,14,9,1,5,4,5,13,4,4,10,5,5,2,16,1,21,2,9,5,1,7,5,1,10,1,14,8,1,21,121.5160606,25.04385698
114,09,15,08,45,12內湖區,內湖區基湖路10巷與堤頂大道2段407巷口,0,0,1,1,C03,8,6,5,50,3,1,1,5,4,5,13,4,4,10,5,5,2,16,2,50,2,9,6,1,7,6,1,10,2,14,72,1,21,121.5646086,25.0817208
114,09,15,08,49,08士林區,士林區延平北路5段263號,0,0,2,1,B03,8,7,5,50,14,9,1,5,4,5,13,4,4,1,4,5,1,17,1,42,3,10,7,1,7,1,3,18,2,4,19,1,21,121.5096818,25.0851287
114,09,15,08,50,12內湖區,內湖區康寧路3段23號,0,0,1,1,B03,8,6,5,50,14,7,1,5,4,5,13,4,4,1,4,4,2,12,1,37,3,10,3,4,7,7,1,8,1,4,100,1,22,121.6077258,25.0725041
114,09,15,09,02,11南港區,南港區松河街502號,0,0,1,1,B03,8,6,5,40,22,9,1,5,4,5,13,4,4,5,5,5,2,17,2,29,3,10,7,1,7,11,1,8,1,4,10,1,21,121.5926791,25.0584505
114,09,15,09,10,08士林區,士林區社中街與社正路口,0,0,1,1,C03,8,6,5,50,4,2,1,5,4,5,13,1,1,5,5,5,2,17,1,80,3,10,5,1,7,5,1,10,2,11,8,1,22,121.5104422,25.0889115
114,09,15,09,10,07信義區,信義區基隆路1段45巷與基隆路口側附近1段37巷口,0,0,1,1,C03,8,7,8,30,4,1,1,5,4,5,13,4,4,10,5,5,2,17,1,54,2,9,6,1,7,1,1,10,1,12,19,1,22,121.568863,25.04748341
114,09,15,09,15,08士林區,士林區承德橋北往南（承德018牌面）旁,0,0,2,1,C03,8,5,5,50,8,11,1,5,4,5,13,4,4,4,4,5,2,13,1,27,2,9,3,4,7,9,1,10,1,11,14,1,22,121.5223826,25.05803306
114,09,15,09,23,07信義區,信義區虎林街82巷56號,0,0,1,1,B12,8,7,5,30,14,9,1,5,4,5,13,4,4,8,3,5,2,12,1,45,3,10,3,4,7,14,1,8,1,4,40,1,22,121.5767012,25.0433496
114,09,15,09,39,09北投區,北投區石牌路2段與立農街2段口,0,0,2,1,H01,8,5,5,50,3,1,1,5,4,5,13,2,1,4,4,5,2,3,2,73,2,9,4,5,8,16,8,20,10,16,122,1,21,121.519045,25.11873796
114,09,15,10,13,08士林區,士林區通河東街2段10巷5弄與無名巷口,0,0,2,1,C03,8,6,5,30,4,2,1,5,4,5,13,4,4,10,5,5,2,15,1,33,2,9,6,1,7,9,1,10,1,11,72,1,21,121.5150921,25.0919493
114,09,15,10,38,06松山區,松山區南京東路3段300號,0,0,2,1,C03,8,6,5,40,14,7,1,5,4,5,13,4,4,1,3,4,2,17,1,28,2,8,6,1,7,5,1,10,1,14,80,1,21,121.5469494,25.0517004
114,09,15,10,43,05中正區,中正區中山南路與青島東路口,0,0,1,1,B03,8,6,5,50,4,2,1,5,4,5,13,1,1,6,4,1,2,12,2,34,3,10,2,1,7,9,1,8,1,2,108,1,22,121.5193566,25.0443505
114,09,15,10,55,04大安區,大安區和平東路1段與和平東路1段188巷口,0,0,1,1,C03,8,6,5,50,4,2,1,5,4,5,13,2,1,1,4,4,2,12,2,71,2,8,6,1,7,9,1,10,9,14,77,1,21,121.5304036,25.026337
114,09,15,11,26,03中山區,中山區市民大道2段與林森北路口,0,0,1,1,B03,8,5,5,40,4,1,1,5,4,5,13,1,1,1,4,5,2,12,1,50,3,10,3,4,7,7,1,8,1,5,100,1,21,121.5245044,25.04828786
114,09,15,11,36,11南港區,南港區市民大道8段與中南街口口,0,0,1,1,B03,8,6,5,50,4,1,1,5,4,5,13,2,1,3,4,5,2,15,1,61,3,10,7,1,7,9,1,8,2,5,81,1,21,121.6152399,25.0543066
114,09,15,11,44,03中山區,中山區中山北路2段95號,0,0,1,1,C03,8,7,5,50,14,9,1,5,4,5,13,4,4,10,4,5,2,17,1,36,2,9,5,1,7,9,1,10,2,11,16,1,21,121.5229445,25.05969047
114,09,15,11,45,03中山區,中山區吉林路379巷21號,0,0,1,1,B03,8,6,5,30,14,9,1,5,4,5,13,4,4,10,5,5,2,17,1,61,3,10,7,1,7,1,1,8,1,5,19,1,21,121.5329338,25.06363082
114,09,15,11,53,05中正區,中正區基隆路4段與汀州路3段口,0,0,1,1,B03,8,7,5,50,4,1,1,5,4,5,13,1,1,1,4,5,2,17,1,26,3,10,7,1,7,6,1,8,1,2,9,1,22,121.5362979,25.0110698
114,09,15,11,53,07信義區,信義區信義路5段106號,0,0,1,1,C03,8,6,5,50,14,9,1,5,4,5,13,4,4,1,3,5,2,13,2,27,2,9,6,1,7,9,1,10,1,11,44,1,21,121.5663992,25.0328113
114,09,15,12,04,02萬華區,萬華區大理街167號,0,0,1,1,C03,8,7,5,30,14,9,1,5,4,5,13,4,4,10,5,5,2,3,1,50,3,10,5,1,7,9,1,9,2,11,108,1,21,121.4953231,25.033962
114,09,15,12,14,09北投區,北投區自強街61巷與自強街31巷口,0,0,1,1,C03,8,6,5,30,4,1,1,5,4,5,13,4,4,10,5,5,2,15,1,56,3,10,6,1,7,9,1,10,1,11,72,1,21,121.5126561,25.11106404
114,09,15,13,34,03中山區,中山區錦州街與中原街口,0,0,2,1,C03,8,6,5,50,4,1,1,5,4,5,13,2,1,9,4,4,2,16,1,34,2,9,6,1,7,5,1,10,2,11,71,1,21,121.5289092,25.0602746
114,09,15,13,45,06松山區,松山區南京東路3段342號,0,0,1,1,B01,8,6,5,50,14,9,1,5,4,5,13,1,1,1,3,4,2,13,1,69,3,10,3,1,7,9,1,4,11,5,16,1,21,121.547827,25.0516778
114,09,15,13,50,05中正區,中正區博愛路與寶慶路口,0,0,1,1,B03,8,5,5,50,4,2,1,5,4,5,13,1,1,5,4,5,1,17,1,59,3,10,7,1,7,8,1,8,1,4,100,1,21,121.5114072,25.0410691
114,09,15,14,01,05中正區,中正區重慶南路3段與和平西路1段口,0,0,2,1,C03,8,7,5,50,5,1,1,5,4,5,13,1,1,1,4,5,2,17,2,56,4,11,3,4,7,6,1,10,11,14,9,2,21,121.5161308,25.0270914
114,09,15,14,45,03中山區,中山區南京東路3段與建國北路1段口,0,0,1,1,B03,8,5,5,50,4,1,1,5,4,5,13,1,1,1,4,5,2,16,1,41,3,10,3,4,7,6,1,8,1,2,9,1,21,121.5371926,25.05203873
114,09,15,15,02,07信義區,信義區信義路4段450巷9號,0,0,2,1,C03,8,6,5,20,14,9,1,5,4,5,13,4,4,10,5,5,2,13,2,22,2,9,6,1,7,9,1,10,2,11,16,1,22,121.5591106,25.0324951
114,09,15,15,16,10文山區,文山區辛亥路4段與辛亥路4段77巷口,0,0,1,1,C03,8,6,5,50,3,2,1,5,4,5,13,2,1,1,4,5,2,12,2,21,2,9,6,1,7,7,1,10,1,14,100,1,21,121.5586365,25.0075688
114,09,15,15,40,07信義區,信義區松山路與松隆路口,0,0,1,1,F03,8,5,5,50,4,1,1,5,4,5,13,2,1,1,4,5,2,15,2,24,3,10,2,1,7,9,8,20,1,12,81,1,21,121.5778416,25.047928
114,09,15,16,08,07信義區,信義區基隆路1段與松隆路口,0,0,1,1,B03,8,7,5,50,5,1,1,5,4,5,13,1,1,3,4,5,2,16,1,39,3,10,3,4,7,6,1,8,1,2,98,1,21,121.5658909,25.0433098
114,09,15,16,10,12內湖區,內湖區民權東路6段與民權東路6段280巷口,0,0,1,1,B03,8,5,5,50,3,1,1,5,4,5,13,4,4,1,3,4,1,16,1,27,3,10,3,4,7,6,1,8,1,5,9,1,21,121.6049346,25.0720696