發生年度,發生月,發生日,發生時-Hours,發生分,區序,肇事地點,死亡人數,2-30日死亡人數,受傷人數,當事人序號,車種,天候,光線,道路類別,速限-速度限制,道路型態,事故位置,路面狀況1,路面狀況2,路面狀況3,道路障礙1,道路障礙2,號誌1,號誌2,車道劃分-分向,車道劃分-分道1,車道劃分-分道2,車道劃分-分道3,事故類型及型態,性別,年齡,受傷程度,主要傷處,保護裝置,行動電話,車輛用途,當事者行動狀態,駕駛資格情形,駕駛執照種類,飲酒情形,車輛撞擊部位1,肇因碼-個別,個人肇逃否,職業,座標-X,座標-Y
114,09,15,16,24,05中正區,中正區天津街與市民大道2段口往東(公車站前),0,0,1,1,C03,8,6,5,40,14,9,1,5,4,5,13,4,4,1,4,5,2,38,2,30,2,9,6,1,7,9,1,10,9,11,44,1,22,121.5229708,25.0477279
114,09,15,16,25,04大安區,大安區金山南路2段與愛國東路口,0,0,2,1,C03,8,6,5,50,4,1,1,5,4,5,13,2,1,1,4,5,2,12,1,31,2,9,6,1,7,8,1,10,2,14,100,1,21,121.526928,25.0317235
114,09,15,16,28,11南港區,南港區市民大道8段台北流行音樂中心前,0,0,2,1,C03,8,6,5,50,14,9,1,5,4,5,13,2,1,4,3,5,1,17,1,63,2,9,3,4,7,9,1,10,1,12,44,1,21,121.5981711,25.0518783
114,09,15,16,30,09北投區,北投區大度路9號,0,0,1,1,B11,8,6,5,50,14,9,1,5,4,5,13,1,1,5,4,5,2,13,1,46,3,10,7,1,7,9,1,8,1,1,108,1,21,121.4993685,25.1207217
114,09,15,16,33,03中山區,中山區基湖路與基湖路166巷口,0,0,1,1,B03,8,7,5,50,4,1,1,5,4,5,13,4,4,10,4,5,2,17,2,67,3,10,7,1,7,5,1,8,1,5,74,1,21,121.5631796,25.07732749
114,09,15,16,35,09北投區,北投區泉源路與中和街口,0,0,1,1,B03,8,7,5,30,4,2,1,5,4,5,13,1,1,5,4,5,2,16,2,54,3,10,7,1,7,9,1,8,1,5,17,1,22,121.5039239,25.1373811
114,09,15,16,42,04大安區,大安區建國南路1段275號,0,0,2,1,C03,8,5,5,50,14,9,1,5,4,5,13,3,1,8,3,5,1,1,2,20,2,9,6,1,7,9,1,10,1,11,70,1,21,121.5382202,25.0363766
114,09,15,16,44,11南港區,南港區東新街與忠孝東路6段口口,0,0,2,1,C03,8,6,5,50,4,1,1,5,4,5,13,2,1,5,5,5,2,17,2,18,2,9,6,1,7,9,1,10,1,14,44,1,21,121.5852374,25.0479189
114,09,15,16,48,05中正區,中正區羅斯福路3段與辛亥路1段附近口,0,0,2,1,C03,8,6,5,50,4,2,1,5,4,5,13,1,1,1,4,5,1,17,1,63,2,1,6,1,7,15,1,10,9,12,42,1,21,121.5290638,25.0195881
114,09,15,16,51,03中山區,中山區中山北路1段135巷與林森北路口,0,0,1,1,B03,8,5,5,50,3,1,1,5,4,5,13,4,4,1,4,5,2,2,1,76,3,10,3,4,7,6,1,8,1,2,108,1,21,121.5251576,25.05120898
114,09,15,16,55,08士林區,士林區格致路與格致路166巷口,0,0,1,1,C03,8,6,5,40,3,2,1,5,4,5,13,4,4,3,5,5,1,18,1,18,2,9,6,1,7,15,1,10,1,11,13,1,22,121.549924,25.140966
114,09,15,17,00,03中山區,中山區北安路與崇實路口,0,0,4,1,C03,8,6,5,50,4,1,1,5,4,5,13,1,1,3,4,5,2,17,1,52,2,9,6,1,7,6,1,10,1,11,9,1,21,121.5441162,25.07974087
114,09,15,17,19,04大安區,大安區敦化南路1段263號,0,0,1,1,C03,8,6,5,50,14,9,1,5,4,5,13,4,4,1,4,5,2,13,1,46,2,9,6,1,7,9,1,10,1,11,108,1,21,121.5490859,25.036455
114,09,15,17,19,12內湖區,內湖區民權東路6段與民權東路6段81巷口,0,0,1,1,B03,8,6,5,50,4,2,1,5,4,5,13,2,1,1,4,5,2,17,1,52,3,10,7,1,7,9,1,8,2,1,81,1,21,121.5877382,25.069133
114,09,15,17,27,02萬華區,萬華區桂林路與西園路1段口,0,0,2,1,C03,8,7,5,40,4,1,1,5,4,5,13,1,1,5,5,4,2,13,1,31,2,8,5,1,7,9,1,10,1,11,16,1,21,121.4998683,25.0385032
114,09,15,17,30,11南港區,南港區港東街基隆河左岸22公里處,0,0,1,1,F01,8,6,8,0,22,22,1,5,4,5,13,4,4,9,4,5,1,9,2,56,2,7,4,1,7,9,8,20,1,15,118,1,21,121.6203778,25.0606245
114,09,15,18,00,06松山區,松山區八德路4段204巷與八德路4段口,0,0,1,1,E05,8,5,5,50,4,2,1,5,4,5,13,1,1,9,4,5,2,13,1,45,3,10,7,1,7,1,1,3,1,5,19,1,26,121.5640386,25.0487443
114,09,15,18,10,12內湖區,內湖區成功交流道,0,0,1,1,B03,8,5,5,50,18,9,1,5,4,5,13,2,1,1,4,5,2,17,2,39,3,10,7,1,7,9,1,8,1,1,76,1,21,121.586615,25.04645658
114,09,15,18,20,11南港區,南港區南港路1段8號,0,0,1,1,C03,8,5,5,50,14,9,1,5,4,5,13,4,4,4,3,5,1,12,2,44,2,9,3,4,7,9,1,10,1,11,108,1,22,121.6198001,25.054844
114,09,15,18,28,12內湖區,內湖區瑞光路392號,0,0,1,1,C03,8,7,5,50,14,9,1,5,4,5,13,2,1,9,4,5,2,12,1,59,2,9,6,1,7,7,1,10,2,17,100,1,21,121.5714704,25.0780816
114,09,15,18,29,04大安區,大安區延吉街與光復南路420巷口,0,0,2,1,C03,7,5,5,30,4,1,1,5,4,5,13,4,4,10,5,5,2,15,2,66,2,9,6,4,7,9,1,10,1,15,72,1,22,121.5556153,25.0365445
114,09,15,18,45,10文山區,文山區羅斯福路6段與羅斯福路6段469巷口口,0,0,1,1,C03,8,5,5,50,5,1,1,5,4,5,13,2,1,1,4,5,2,12,2,34,2,9,6,1,7,7,1,10,1,12,100,1,21,121.5398033,24.9900355
114,09,15,19,25,01大同區,大同區市民高架道,0,0,1,1,B03,8,5,5,70,14,9,1,5,4,5,13,4,4,1,4,5,2,13,1,48,2,3,7,1,7,9,1,8,1,1,16,1,21,121.5156637,25.0489537
114,09,15,19,56,08士林區,士林區社正路與社中街33巷口,0,0,1,1,C03,8,5,5,50,4,1,1,5,4,5,13,4,4,5,5,5,2,16,1,21,2,9,6,1,7,5,1,10,1,11,8,1,21,121.5096999,25.088829
114,09,15,20,05,12內湖區,內湖區陽光街與陽光街202巷口口,0,0,1,1,C03,8,5,5,50,3,2,1,5,4,5,13,4,4,5,5,5,1,12,1,18,3,10,6,1,7,9,1,10,1,12,108,1,21,121.5801651,25.0741453
114,09,15,20,17,03中山區,中山區新生北路2段與民生東路1段口,0,0,1,1,B03,8,5,5,50,5,1,1,5,4,5,13,1,1,1,4,5,2,17,1,73,3,10,7,1,7,9,1,8,2,5,81,1,21,121.5277642,25.058009
114,09,15,20,52,03中山區,中山區建國北路3段113巷15號,0,0,1,1,B03,8,5,5,50,14,9,1,5,4,5,13,4,4,8,3,5,2,16,1,36,3,10,7,1,7,5,1,8,1,8,8,1,21,121.5362746,25.0672625
114,09,15,23,22,03中山區,中山區林森北路與南京東路1段口,0,0,1,1,B01,8,5,5,50,14,9,1,5,4,5,13,2,1,1,5,5,1,12,1,63,3,10,3,4,7,8,5,18,1,6,100,1,21,121.5252752,25.05191988
114,09,16,06,32,01大同區,大同區台北橋機慢車道往台北,0,0,2,1,C03,8,6,5,40,14,11,1,5,4,5,13,4,4,1,5,5,2,13,1,46,2,7,6,1,7,15,1,10,2,11,16,1,22,121.5099308,25.0630342
114,09,16,06,35,11南港區,南港區東新街與東新街77巷4弄口,0,0,1,1,B03,8,7,5,50,3,1,1,5,4,5,13,4,4,4,5,5,2,17,1,61,3,10,7,1,7,5,1,8,1,1,74,1,21,121.5881444,25.0468163
114,09,16,06,38,04大安區,大安區基隆路3段和平高中,0,0,1,1,B03,8,5,5,50,14,9,1,5,4,5,13,4,4,1,4,1,1,13,2,44,3,10,7,1,7,9,1,8,1,1,16,1,21,121.5473612,25.0196586
114,09,16,07,00,03中山區,中山區中山北路4段與北安路口,0,0,2,1,C03,8,7,5,50,11,9,1,5,4,5,13,1,1,1,2,5,2,12,1,44,2,9,6,1,7,15,1,10,1,11,100,1,21,121.5269588,25.0763987
114,09,16,07,00,09北投區,北投區大度路1208587號燈桿,0,0,1,1,C03,8,6,5,50,14,11,1,5,4,5,13,4,4,1,4,2,1,13,1,34,2,9,5,1,7,9,1,10,1,11,16,1,21,121.4780816,25.12232466
114,09,16,07,33,07信義區,信義區松勇路29號,0,0,1,1,C03,8,7,8,30,22,22,1,5,4,5,13,4,4,9,4,5,2,17,1,42,2,7,6,1,7,9,1,10,1,11,108,1,22,121.569792,25.0372998
114,09,16,07,39,03中山區,中山區明水路與樂群一路口,0,0,1,1,C03,8,5,5,50,3,1,1,5,4,5,13,1,1,1,4,5,2,16,2,43,2,7,3,4,7,5,1,10,1,14,108,1,21,121.5517178,25.07754925
114,09,16,07,48,08士林區,士林區新安路第039號燈桿前,0,0,1,1,C04,8,5,5,30,11,9,1,5,4,5,13,4,4,10,5,5,2,10,2,49,2,9,3,4,7,9,1,11,1,11,5,1,22,121.538273,25.1335718
114,09,16,08,08,04大安區,大安區建國南路2段向南,0,0,3,1,C03,8,6,5,50,14,9,1,5,4,5,13,2,2,1,4,5,2,13,2,22,2,9,6,1,7,9,1,10,2,11,16,1,21,121.5374581,25.0277769
114,09,16,08,12,04大安區,大安區羅斯福路3段與辛亥路1段口,0,0,2,1,C03,8,6,5,50,4,1,1,5,4,5,13,1,1,3,4,5,2,13,2,22,2,8,6,1,7,15,1,10,1,11,16,1,21,121.5292509,25.0198225
114,09,16,08,26,10文山區,文山區興隆路2段244巷與興隆路2段口,0,0,1,1,B03,8,6,5,50,3,1,1,5,4,5,13,4,4,5,5,5,2,16,1,42,3,10,7,1,7,6,1,8,1,4,72,1,21,121.5538955,25.0010296
114,09,16,08,39,08士林區,士林區文林路與文林路661巷口,0,0,3,1,C03,8,6,5,50,3,2,1,5,4,5,13,1,1,5,4,5,2,13,2,23,2,9,6,1,7,9,1,10,2,11,108,1,22,121.5224369,25.1008388
114,09,16,08,48,01大同區,大同區環河北路1段與鄭州路口,0,0,2,1,C03,8,6,5,50,14,9,1,5,4,5,13,4,4,1,4,5,2,16,2,56,2,9,5,1,7,8,1,10,2,12,100,1,22,121.5066654,25.0499937
114,09,16,08,57,08士林區,士林區百齡橋西向東,0,0,1,1,C03,8,6,5,40,8,11,1,5,4,5,13,4,4,1,4,4,1,13,1,70,3,10,5,1,7,9,1,10,1,11,16,1,21,121.5170869,25.09062197
114,09,16,09,03,09北投區,北投區石牌路1段與石牌路1段71巷口,0,0,1,1,C03,8,6,5,50,3,18,1,5,4,5,13,4,4,9,4,5,2,3,1,69,3,10,6,1,7,9,1,10,9,14,70,2,21,121.5112789,25.113628
114,09,16,09,25,11南港區,南港區市民大道8段與興華路口,0,0,1,1,H01,8,6,5,50,3,1,1,5,4,5,13,2,1,1,4,5,2,3,2,76,2,9,4,5,8,20,8,20,10,16,60,1,21,121.6064732,25.0533142
114,09,16,09,45,09北投區,北投區明德路與榮華二路口,0,0,1,1,C04,8,6,5,30,4,1,1,5,4,5,13,3,1,9,5,5,2,16,2,42,2,9,6,1,7,5,1,10,2,12,72,1,21,121.5221023,25.113597
114,09,16,10,20,02萬華區,萬華區華江橋機車道,0,0,1,1,C03,8,6,5,40,8,11,1,5,4,5,13,4,4,1,5,1,2,12,1,42,2,8,6,4,7,15,1,10,9,14,101,1,22,121.4897489,25.0341216
114,09,16,10,22,01大同區,大同區涼州街與延平北路2段口,0,0,1,1,F01,8,6,5,50,4,2,1,5,4,5,13,2,1,5,2,5,2,17,2,73,2,9,4,4,7,6,8,20,1,14,44,1,21,121.5120496,25.0605262
114,09,16,11,00,07信義區,信義區市民大道5段50號,0,0,2,1,C03,8,5,5,50,14,9,1,5,4,5,13,4,4,1,4,5,2,13,1,33,2,9,6,1,7,9,1,10,1,11,16,1,22,121.5634645,25.047371
114,09,16,11,04,09北投區,北投區石牌路2段與立農街2段口,0,0,1,1,B03,8,5,5,50,3,2,1,5,4,5,13,2,1,5,4,5,2,12,1,70,3,10,7,1,7,9,1,8,1,2,108,1,21,121.5209791,25.11931902
114,09,16,11,25,05中正區,中正區青島東路4-7號,0,0,2,1,C03,8,7,6,50,14,7,1,5,4,5,13,4,4,9,5,4,2,17,1,50,2,9,5,1,7,5,1,10,2,14,8,1,21,121.521801,25.0439098
114,09,16,11,40,04大安區,大安區辛亥路3段與基隆路3段口,0,0,2,1,C03,8,6,5,50,4,1,1,5,4,5,13,2,1,1,4,5,1,16,1,21,2,8,3,4,7,6,1,10,1,14,99,1,21,121.5469617,25.0192236
114,09,16,11,55,08士林區,士林區葫蘆街與無名巷口,0,0,1,1,C03,8,6,5,30,3,2,1,5,4,5,13,4,4,10,5,5,1,17,1,32,3,10,6,1,7,5,1,10,2,17,80,1,21,121.5087658,25.08057351
114,09,16,12,15,03中山區,中山區北安路自強隧道圓環外,0,0,1,1,B01,8,6,5,50,18,17,1,5,4,5,13,4,4,3,4,3,2,12,1,43,3,10,3,4,7,7,1,3,1,2,100,1,21,121.549707,25.0858324
114,09,16,12,33,06松山區,松山區民權東路3段與民權東路3段191巷口,0,0,1,1,C02,8,6,5,50,3,1,1,5,4,5,13,4,4,1,4,5,2,16,1,51,3,10,6,1,7,6,1,9,11,13,9,1,22,121.5482667,25.062093
114,09,16,13,21,04大安區,大安區和平東路1段與金山南路2段口,0,0,1,1,B03,8,6,5,40,14,7,1,5,4,5,13,1,1,1,4,4,1,12,2,22,3,10,3,4,7,1,1,8,1,8,19,1,21,121.526323,25.0266867
114,09,16,13,26,03中山區,中山區市民大道1段轉運站前迴轉道,0,0,2,1,C03,8,7,5,40,14,6,1,5,4,5,13,4,4,1,4,5,2,16,1,19,2,9,6,1,7,5,1,10,1,14,8,1,21,121.5188708,25.0484601
114,09,16,13,33,08士林區,士林區百齡橋下堤外涵洞,0,0,1,1,B03,8,6,5,30,9,9,1,5,4,3,10,4,4,10,5,5,1,17,1,37,3,10,7,1,7,1,1,8,1,1,19,1,21,121.5186234,25.080085
114,09,16,13,40,08士林區,士林區通河西街2段網球場旁自行車道,0,0,1,1,C03,8,5,8,0,22,22,1,5,4,5,13,4,4,10,5,5,1,17,1,75,2,8,5,1,7,6,1,10,1,17,9,1,21,121.513,25.08840839
114,09,16,15,00,03中山區,中山區中山北路1段140巷與中山北路1段口,0,0,1,1,B03,8,6,5,50,3,1,1,5,4,5,13,4,4,3,4,3,2,16,1,28,3,10,3,4,7,6,1,8,1,2,9,1,21,121.5225497,25.051098
114,09,16,15,40,03中山區,中山區北安路85號,0,0,1,1,C03,8,7,5,50,14,9,1,5,4,5,13,3,1,1,4,5,2,13,1,18,3,10,6,1,7,9,1,10,1,11,16,1,21,121.5297768,25.07799778
114,09,16,16,09,07信義區,信義區基隆路1段1-3號,0,0,2,1,C03,8,6,5,50,14,9,1,5,4,5,13,4,4,1,4,5,2,16,1,55,2,8,3,4,7,11,1,10,1,12,72,1,22,121.5648236,25.0414949
114,09,16,16,21,01大同區,大同區鄭州路與太原路11巷口,0,0,1,1,C03,8,6,5,40,3,2,1,5,4,5,13,4,4,9,4,5,2,12,1,63,3,10,5,1,7,9,1,10,1,14,17,1,21,121.5157146,25.0490128
114,09,16,16,28,02萬華區,萬華區萬大路114號,0,0,1,1,B03,8,7,5,30,14,9,1,5,4,5,13,4,4,1,4,4,2,12,1,28,3,10,7,1,7,10,1,8,1,5,17,1,21,121.5004635,25.0298243
114,09,16,16,29,03中山區,中山區民權東路2段144號,0,0,1,1,C03,8,7,5,50,14,9,1,5,4,5,13,4,4,1,4,5,2,12,1,27,2,8,6,1,7,1,1,10,1,14,19,1,21,121.5339279,25.06219877
114,09,16,16,59,09北投區,北投區中央北路1段與中央北路1段198巷口,0,0,2,1,F01,8,5,5,30,4,2,1,5,4,5,13,4,4,5,5,5,2,29,3,0,,,,,,,,,,,67,1,,121.4979285,25.1357216
114,09,16,17,08,11南港區,南港區大坑街與民權橋口,0,0,1,1,B03,8,6,5,40,4,2,1,5,4,5,13,2,1,5,5,5,2,16,1,59,3,10,7,1,7,6,1,8,1,2,71,1,21,121.6179004,25.0454435
114,09,16,17,27,11南港區,南港區昆陽街與市民大道7段口,0,0,2,1,C03,8,6,5,30,4,18,1,5,4,5,13,1,1,5,4,5,2,6,1,18,2,8,3,4,7,5,1,10,9,11,70,2,21,121.5936279,25.0512147
114,09,16,17,44,03中山區,中山區民權西路9巷與撫順街口,0,0,1,1,B03,8,6,5,30,3,2,1,5,4,5,13,4,4,9,5,5,2,13,1,40,3,10,7,1,7,5,1,8,1,8,108,1,22,121.5214073,25.0638158
114,09,16,17,50,04大安區,大安區信義路2段與新生南路2段口,0,0,2,1,C03,8,6,5,50,4,1,1,5,4,5,13,2,1,1,4,5,2,12,1,26,2,9,6,1,7,8,1,9,1,12,100,1,21,121.5329794,25.0334926
114,09,16,17,54,05中正區,中正區基隆路4段與汀州路3段口口,0,0,2,1,C03,8,6,5,50,4,1,1,5,4,5,13,1,1,1,4,5,1,15,1,23,2,7,6,1,7,9,1,10,2,11,81,1,21,121.5368248,25.0111787
114,09,16,18,07,01大同區,大同區寧夏路與歸綏街口,0,0,1,1,B01,8,5,5,50,5,2,1,5,4,5,13,4,4,5,5,5,2,13,1,61,3,10,7,1,7,9,1,4,1,1,44,1,21,121.5151595,25.058308
114,09,16,18,10,01大同區,大同區台北橋機慢車道西往東,0,0,2,1,C03,8,5,7,40,14,11,1,5,4,5,13,4,4,9,4,5,1,16,1,21,2,9,3,4,7,9,1,10,1,11,116,1,21,121.5103871,25.0629745
114,09,16,18,35,10文山區,文山區興隆路3段與興隆路3段206巷口口,0,0,1,1,B03,8,5,5,50,5,1,1,5,4,5,13,2,1,1,4,5,2,16,1,43,3,10,7,1,7,11,1,8,1,4,10,1,21,121.5592236,24.9978045
114,09,16,18,39,03中山區,中山區中山北路3段與德惠街口,0,0,4,1,C03,8,5,5,50,3,1,1,5,4,5,13,1,1,1,4,5,2,12,2,59,2,8,5,1,7,8,1,10,1,12,101,1,21,121.522332,25.0669654
114,09,16,18,45,01大同區,大同區敦煌路60號,0,0,1,1,C03,8,5,5,50,14,9,1,5,4,5,13,4,4,8,3,5,2,17,1,26,2,7,6,1,7,7,1,10,1,11,116,1,21,121.5184973,25.0755984
114,09,16,18,48,02萬華區,萬華區環河南路2段與長順街口,0,0,1,1,B03,8,5,5,50,4,1,1,5,4,5,13,2,1,1,4,5,2,17,1,69,3,10,7,1,7,5,1,8,1,17,71,1,21,121.4907045,25.0313703
114,09,16,19,00,08士林區,士林區文昌路與美崙街口,0,0,2,1,F03,8,6,5,50,4,2,1,5,4,5,13,2,1,9,4,5,1,17,2,63,2,6,5,1,7,5,8,20,1,11,71,1,21,121.5181885,25.08708387
114,09,16,19,05,08士林區,士林區德行東路與德行東路129巷口,0,0,2,1,C03,8,5,5,50,4,1,1,5,4,5,13,4,4,1,5,5,1,3,2,41,2,9,5,1,7,9,1,10,1,11,70,1,21,121.5289973,25.1079589
114,09,16,19,50,10文山區,文山區萬芳路74號停車格,0,0,1,1,C03,8,6,5,50,14,9,1,5,4,5,13,4,4,5,4,5,2,17,2,18,2,8,6,1,7,9,1,10,1,12,108,1,21,121.5667477,24.99898771
114,09,16,20,05,08士林區,士林區中正路與承德路5段口,0,0,1,1,F01,8,5,5,50,14,9,1,5,4,5,13,1,1,1,1,5,1,12,1,16,2,9,2,1,7,9,8,20,1,12,108,1,21,121.5154956,25.0904979
114,09,16,20,12,07信義區,信義區基隆路1段172巷與基隆路口側附近1段口,0,0,1,1,B03,7,5,5,50,3,1,1,5,4,5,13,4,4,9,4,5,2,16,1,27,3,10,3,4,7,6,1,8,9,5,9,1,21,121.5653853,25.0430249
114,09,16,20,30,07信義區,信義區基隆路汽機車混合地下道南側附近,0,0,3,1,C03,7,5,5,30,7,9,1,5,4,5,13,4,4,10,4,5,1,17,1,61,2,9,5,4,7,9,1,10,2,12,42,1,21,121.5613808,25.0361675
114,09,16,21,21,03中山區,中山區民權東路2段137號,0,0,1,1,B03,8,5,5,50,14,9,1,5,4,5,13,1,1,1,4,5,2,13,1,25,3,10,3,4,7,9,3,18,2,1,17,1,21,121.5346912,25.06275143
114,09,16,21,45,03中山區,中山區濱江街與松江路口,0,0,1,1,B03,8,5,5,50,3,1,1,5,4,5,13,1,1,1,4,5,2,20,2,46,2,9,7,1,7,5,1,8,1,1,130,1,21,121.5315244,25.0722691
114,09,16,21,45,08士林區,士林區中山北路5段與雙溪街口口,0,0,1,1,B03,8,5,5,50,4,1,1,5,4,5,13,3,1,8,3,5,1,13,1,26,3,10,7,1,7,9,1,8,1,5,76,1,21,121.5264937,25.10095462
114,09,16,22,36,12內湖區,內湖區行善路48巷16號,0,0,1,1,B12,8,5,5,50,14,9,1,5,4,5,13,4,4,5,5,5,2,17,1,31,3,10,7,1,7,5,1,3,1,8,8,1,21,121.5755354,25.05688513
114,09,16,23,00,03中山區,中山區八德路2段與建國北路1段口,0,0,1,1,B03,8,5,5,50,4,1,1,5,4,5,13,1,1,9,4,5,2,12,1,33,3,10,7,1,7,8,1,8,1,2,44,1,21,121.5363903,25.0458623
114,09,16,23,14,03中山區,中山區民生東路2段與民生東路2段147巷口,0,0,1,1,B02,8,5,5,50,3,1,1,5,4,5,13,4,4,1,3,5,2,16,2,38,3,10,7,1,7,6,1,8,2,4,72,1,21,121.5348384,25.05804828
114,09,16,23,57,03中山區,中山區中山北路2段與民權西路口,0,0,1,1,B01,8,5,5,50,4,1,1,5,4,5,13,1,1,1,4,5,2,17,1,67,3,10,7,1,7,6,1,4,2,2,9,1,21,121.5226678,25.0624986
114,09,17,06,02,11南港區,南港區忠孝東路7段與忠孝東路7段415巷口,0,0,1,1,C03,8,7,5,50,14,9,1,5,4,5,13,4,4,1,4,5,2,17,1,58,3,10,5,1,7,15,1,10,2,12,42,1,21,121.6093764,25.0524503
114,09,17,06,32,03中山區,中山區龍江路415巷與龍江路口,0,0,1,1,B03,8,6,5,50,4,1,1,5,4,5,13,4,4,9,5,5,2,15,1,69,3,10,3,4,7,9,1,8,1,1,75,1,22,121.5410152,25.0664256
114,09,17,06,51,04大安區,大安區通化街170巷與通化街口,0,0,1,1,C03,8,7,5,30,4,2,1,5,4,5,13,2,1,8,3,5,1,17,1,31,3,10,5,1,7,5,1,10,1,14,71,1,26,121.5535704,25.0281188
114,09,17,06,51,09北投區,北投區西安街2段333號,0,0,1,1,C03,8,6,5,50,14,9,1,5,4,5,13,4,4,1,4,5,2,13,1,20,2,8,6,1,7,9,1,10,1,11,16,1,21,121.5057091,25.1207029
114,09,17,06,54,11南港區,南港區市民大道7段與玉成街口,0,0,2,1,C03,8,7,5,50,4,2,1,5,4,5,13,2,1,1,4,5,2,16,1,45,2,8,6,1,7,5,1,10,1,14,80,1,21,121.581378,25.0490781
114,09,17,06,59,09北投區,北投區石牌路2段90巷與無名巷口,0,0,2,1,F01,8,7,5,30,3,2,1,5,4,5,13,4,4,10,5,5,2,15,1,73,2,9,4,1,7,9,8,20,2,14,72,1,22,121.5187225,25.1169875
114,09,17,07,11,09北投區,北投區文林北路與文林北路5巷口,0,0,1,1,B03,8,6,5,50,3,2,1,5,4,5,13,4,4,1,4,4,2,12,1,54,3,10,7,1,7,9,1,8,2,2,99,1,21,121.5190492,25.1040554
114,09,17,07,15,08士林區,士林區忠誠路2段與忠誠路2段70巷口,0,0,2,1,B03,8,6,5,30,3,2,1,5,4,5,13,4,4,10,4,4,1,17,1,45,3,10,7,1,7,6,1,8,2,7,72,1,21,121.5303636,25.1091664
114,09,17,07,21,06松山區,松山區民族東路685號,0,0,2,1,F01,8,7,5,30,14,9,1,5,4,5,13,4,4,10,5,5,2,17,1,26,2,9,4,1,7,8,8,20,2,14,100,1,21,121.5484105,25.06328339
114,09,17,07,24,10文山區,文山區萬芳路21-10號與無名巷口,0,0,1,1,B12,8,6,5,30,3,1,1,5,4,5,13,4,4,10,5,5,2,16,1,51,3,10,3,4,7,5,1,6,1,7,74,1,22,121.5645887,24.9982108
114,09,17,07,30,12內湖區,內湖區瑞湖街36號,0,0,2,1,C03,8,6,5,50,11,9,1,5,4,5,13,4,4,5,5,5,2,17,1,26,2,9,6,1,7,8,1,10,1,13,100,1,21,121.5759558,25.074636
114,09,17,07,32,09北投區,北投區公館路與公館路423巷口口,0,0,2,1,C03,8,6,5,50,3,1,1,5,4,5,13,4,4,10,5,5,2,18,1,65,2,9,5,1,7,9,1,10,1,14,108,1,21,121.5024646,25.1209521
114,09,17,07,33,10文山區,文山區新光路2段21號,0,0,2,1,B03,8,7,5,50,18,9,1,5,4,5,13,3,1,1,5,1,2,13,2,38,3,10,7,1,7,9,1,8,1,1,108,1,21,121.5834826,25.0003341
114,09,17,07,40,06松山區,松山區南京東路5段與南京東路5段123巷口,0,0,1,1,B03,8,6,5,50,4,1,1,5,4,5,13,2,1,1,4,4,2,13,1,61,3,10,7,1,7,5,1,8,2,8,108,1,21,121.560891,25.0514403
114,09,17,07,41,02萬華區,萬華區華中橋(路燈:7010523),0,0,1,1,C03,8,7,8,30,8,12,1,5,4,5,13,4,4,10,5,5,2,29,2,35,2,9,5,1,7,12,1,10,1,11,44,1,21,121.4956261,25.0161775
114,09,17,07,47,04大安區,大安區新生南路2段30巷與新生南路2段口,0,0,1,1,C03,8,7,5,40,3,2,1,5,4,5,13,2,1,8,3,4,1,12,1,49,3,10,5,1,7,12,1,10,1,11,108,1,26,121.5330347,25.0320069
114,09,17,07,53,09北投區,北投區西安街1段313巷與西安街1段313巷16弄口,0,0,2,1,C04,8,6,5,30,4,1,1,5,4,5,13,4,4,10,5,5,2,15,2,24,2,9,6,1,7,9,1,10,1,11,75,1,21,121.5155994,25.1125969
114,09,17,07,58,08士林區,士林區承德路5段與士商路口,0,0,1,1,B03,8,6,5,50,4,1,1,5,4,5,13,2,1,1,4,5,1,16,2,34,3,10,7,1,7,6,1,4,2,2,9,1,21,121.5147522,25.09625833
114,09,17,08,07,09北投區,北投區石牌路2段與石牌路2段99巷口口,0,0,1,1,B01,8,6,5,50,4,1,1,5,4,1,13,4,4,10,5,5,2,12,1,55,3,10,7,1,7,9,1,4,1,7,72,1,21,121.5165367,25.1174722
114,09,17,08,10,11南港區,南港區南港路3段與南港路3段80巷口,0,0,1,1,B01,8,6,5,50,3,1,1,5,4,5,13,4,4,5,4,5,2,16,1,55,3,10,3,4,7,11,1,4,2,4,10,1,21,121.5910908,25.0538708
114,09,17,08,12,03中山區,中山區民權東路1段與林森北路口,0,0,2,1,C03,8,5,5,50,4,1,1,5,4,5,13,1,1,1,4,5,2,12,2,42,2,8,3,4,7,9,1,10,1,14,16,1,21,121.5255875,25.06207082
114,09,17,08,18,01大同區,大同區承德路3段208巷17號與承德路3段208巷口,0,0,2,1,C03,8,5,5,30,3,2,1,5,4,5,13,4,4,7,5,5,2,16,2,40,2,9,6,1,7,5,1,10,1,11,74,1,22,121.5174818,25.0705093
114,09,17,08,27,05中正區,中正區林森南路地下道,0,0,1,1,C03,8,5,5,50,14,9,1,5,4,5,13,4,4,7,2,5,1,17,2,27,2,9,5,1,7,9,1,10,1,11,108,1,21,121.5202711,25.03520703
114,09,17,08,30,12內湖區,內湖區新湖二路與新湖一路36巷口,0,0,1,1,C03,8,6,5,50,3,1,1,5,4,5,13,4,4,5,4,5,2,17,2,31,2,9,6,1,7,5,1,10,1,17,2,1,21,121.5744733,25.0604957
114,09,17,08,35,03中山區,中山區雙城街與民族東路口,0,0,1,1,B01,8,5,5,50,3,1,1,5,4,5,13,1,1,1,4,4,2,16,1,73,2,3,3,4,7,11,6,4,2,8,103,1,21,121.5221643,25.05807488