發生年度,發生月,發生日,發生時-Hours,發生分,區序,肇事地點,死亡人數,2-30日死亡人數,受傷人數,當事人序號,車種,天候,光線,道路類別,速限-速度限制,道路型態,事故位置,路面狀況1,路面狀況2,路面狀況3,道路障礙1,道路障礙2,號誌1,號誌2,車道劃分-分向,車道劃分-分道1,車道劃分-分道2,車道劃分-分道3,事故類型及型態,性別,年齡,受傷程度,主要傷處,保護裝置,行動電話,車輛用途,當事者行動狀態,駕駛資格情形,駕駛執照種類,飲酒情形,車輛撞擊部位1,肇因碼-個別,個人肇逃否,職業,座標-X,座標-Y
114,09,20,17,05,12內湖區,內湖區瑞光路2號,0,0,1,1,C03,8,5,5,50,14,9,1,5,4,5,13,4,4,5,4,5,1,12,1,35,3,10,6,1,7,9,1,10,2,14,44,1,21,121.5837895,25.0692063
114,09,20,17,20,08士林區,士林區中正路627號,0,0,1,1,C03,8,7,5,50,14,18,1,5,4,5,13,2,1,1,3,4,1,3,2,72,3,10,6,1,7,9,1,10,1,11,70,1,21,121.5086762,25.08636891
114,09,20,17,40,06松山區,松山區南京東路5段與東興路口,0,0,2,1,C03,8,6,5,50,3,1,1,5,4,5,13,1,1,1,4,5,2,15,2,36,2,7,6,1,7,9,1,10,1,11,85,1,21,121.565352,25.0514997
114,09,20,17,56,01大同區,大同區民權西路120號,0,0,2,1,C03,7,5,5,50,14,9,1,5,4,5,13,4,4,1,4,5,2,17,2,19,2,9,5,4,7,9,1,10,1,11,16,1,21,121.51718,25.0626867
114,09,20,18,30,03中山區,中山區濱江街與松江路口,0,0,3,1,B03,8,5,5,50,3,1,1,5,4,5,13,1,1,5,4,5,2,17,2,50,2,3,7,1,7,9,1,8,1,8,81,1,21,121.5315409,25.072215
114,09,20,18,36,07信義區,信義區信義路5段與基隆路1段口,0,0,1,1,B03,8,5,5,50,14,9,1,5,4,5,13,2,1,1,4,5,2,17,1,38,3,10,7,1,7,6,1,8,2,8,9,1,21,121.5598195,25.0332672
114,09,20,19,13,09北投區,北投區公館路與東華街2段口,0,0,1,1,B03,8,6,5,50,4,2,1,5,4,5,13,2,1,5,4,5,2,17,1,71,3,10,7,1,7,5,1,8,9,5,17,2,21,121.5027292,25.1217484
114,09,20,19,32,01大同區,大同區民生西路與迪化街1段口,0,0,1,1,B03,7,5,5,50,4,1,1,5,4,5,13,2,1,5,4,5,2,17,1,50,3,10,3,4,7,5,1,8,1,1,74,1,22,121.5098383,25.0569495
114,09,20,19,39,01大同區,大同區大龍街與大龍街259巷口,0,0,1,1,C03,8,5,5,30,4,1,1,5,4,5,13,4,4,10,5,5,2,15,1,47,2,8,5,1,7,9,1,9,1,12,72,1,21,121.5164833,25.0716025
114,09,20,20,26,03中山區,中山區中山北路1段與長安東路1段口,0,0,1,1,C03,8,5,5,50,14,9,1,5,4,5,13,1,1,1,4,1,2,12,1,27,3,10,3,4,7,9,1,10,11,17,44,1,21,121.5209696,25.049723
114,09,20,20,55,07信義區,信義區忠孝東路4段515號,0,0,2,1,B01,8,5,5,50,14,9,1,5,4,5,13,4,4,1,4,5,2,16,1,57,3,10,7,1,7,8,1,4,1,6,100,1,21,121.5608738,25.0413711
114,09,20,21,25,10文山區,文山區辛亥路7段與辛亥路7段20巷口,0,0,2,1,B03,8,5,5,50,3,1,1,5,4,5,13,3,1,5,5,4,1,17,1,30,3,10,7,1,7,11,1,8,1,8,10,1,21,121.55314,24.9866161
114,09,20,21,50,07信義區,信義區莊敬路與莊敬路325巷口,0,0,2,1,C03,8,5,5,50,4,1,1,5,4,5,13,1,1,9,5,5,2,17,1,74,2,8,5,1,7,5,1,10,1,11,74,1,21,121.5635223,25.0280594
114,09,20,21,53,03中山區,中山區樂群一路與敬業三路口,0,0,1,1,B03,8,7,5,50,4,2,1,5,4,5,13,4,4,10,4,5,2,17,1,19,3,10,7,1,7,1,1,8,1,1,108,1,21,121.5563673,25.07748746
114,09,20,21,55,04大安區,大安區和平東路3段與基隆路2段口,0,0,1,1,B03,8,5,5,50,5,1,1,5,4,5,13,2,1,2,3,1,2,15,1,40,3,10,7,1,7,9,1,8,2,5,42,1,22,121.5524276,25.0244003
114,09,20,21,57,09北投區,北投區北投路1段與公館路口,0,0,1,1,B03,8,5,5,50,22,18,1,5,4,5,13,1,1,5,4,5,2,2,1,50,3,10,7,1,7,5,1,8,9,17,70,1,21,121.5026005,25.1214474
114,09,20,23,00,03中山區,中山區中山北路2段與中山北路2段46巷口,0,0,1,1,C03,8,5,5,50,3,1,1,5,4,5,13,4,4,9,5,5,2,16,1,31,2,9,6,1,7,9,1,10,1,12,108,1,21,121.522337,25.05535653
114,09,20,23,40,10文山區,文山區木柵路4段與木柵路4段111巷口,0,0,2,1,B03,8,5,5,50,3,1,1,5,4,5,13,2,1,5,4,5,2,15,1,41,3,10,3,4,7,11,1,8,1,8,103,1,22,121.573506,24.9972142
114,09,21,01,06,05中正區,中正區寶慶路與桃源街口,0,0,1,1,C03,7,5,5,50,4,2,1,5,4,5,13,2,1,7,4,5,2,13,2,29,2,8,6,1,7,9,1,10,2,11,108,1,21,121.5103061,25.041401
114,09,21,02,35,04大安區,大安區忠孝東路4段223巷與延吉街62巷口,0,0,2,1,B03,8,5,5,30,4,1,1,5,4,5,13,4,4,5,5,5,2,15,1,37,2,7,7,1,7,9,1,4,2,5,72,1,21,121.552952,25.043451
114,09,21,07,12,09北投區,北投區大度路3段東往西,0,0,1,1,B03,8,6,5,50,14,9,1,5,4,5,13,4,4,1,4,1,2,12,1,18,3,10,7,1,7,8,1,17,1,2,100,1,21,121.4702569,25.1231095
114,09,21,08,10,12內湖區,內湖區潭美街與安康路22巷口口,0,0,1,1,B12,8,6,5,40,3,2,1,5,4,5,13,4,4,5,5,5,2,11,1,23,3,10,2,2,7,4,3,18,9,6,68,1,21,121.5935421,25.0609316
114,09,21,08,26,07信義區,信義區永吉路與松隆路口口,0,0,1,1,A02,8,5,5,50,5,1,1,5,4,5,13,2,1,1,4,5,2,16,1,44,3,10,3,4,7,5,1,2,1,6,44,1,26,121.5704096,25.0455717
114,09,21,08,43,03中山區,中山區中山北路3段與中山北路3段口59號北側無名巷,0,0,2,1,C03,8,6,5,30,3,2,1,5,4,5,13,4,4,1,5,5,2,16,1,27,2,9,6,1,7,6,1,10,1,14,9,1,22,121.5231429,25.0690705
114,09,21,09,06,09北投區,北投區承善街與福國路口,0,0,1,1,C04,8,7,5,30,3,1,1,5,4,5,13,3,1,5,4,5,2,16,2,56,2,9,5,1,7,6,1,10,1,14,72,1,21,121.5052794,25.101187
114,09,21,09,32,03中山區,中山區建國北路3段與農安街口,0,0,1,1,B12,8,6,5,50,4,1,1,5,4,5,13,1,1,7,4,5,2,16,1,66,3,10,3,4,7,6,1,8,1,6,98,1,21,121.5366741,25.06485073
114,09,21,09,35,09北投區,北投區雙溪河濱公園腳踏車道,0,0,2,1,F01,8,5,8,30,22,23,1,5,4,5,13,4,4,5,4,5,2,9,1,7,2,8,4,4,7,9,8,20,2,11,108,1,21,121.5086083,25.0972671
114,09,21,09,49,02萬華區,萬華區康定路與桂林路口,0,0,1,1,C03,8,6,5,50,4,1,1,5,4,5,13,1,1,9,4,5,2,13,2,23,2,8,6,1,7,5,1,10,1,13,8,1,21,121.5017652,25.038437
114,09,21,09,49,09北投區,北投區崗山路與崗山路5巷口,0,0,1,1,C03,8,6,5,30,4,1,1,5,4,5,13,4,4,10,5,5,2,15,1,33,2,9,6,1,7,9,1,10,1,11,72,1,21,121.486792,25.1403038
114,09,21,10,11,09北投區,北投區珠海路與進賢路口,0,0,1,1,C03,8,7,5,30,3,1,1,5,4,5,13,4,4,9,5,5,2,16,1,34,2,9,5,1,7,4,3,18,1,12,108,1,21,121.5049727,25.1408349
114,09,21,11,04,03中山區,中山區新生北路1段與新生北路1段62巷口,0,0,1,1,C03,8,7,5,50,5,1,1,5,4,5,13,1,1,1,4,5,2,17,1,46,3,10,5,1,7,9,1,10,1,12,44,1,21,121.5311046,25.0466944
114,09,21,11,13,12內湖區,內湖區成功路4段61巷43弄與成功路4段61巷口,0,0,2,1,B03,8,6,5,30,3,2,1,5,4,5,13,4,4,5,4,5,1,17,2,26,2,3,7,1,7,5,1,8,1,8,8,1,21,121.5938251,25.0801845
114,09,21,11,17,09北投區,北投區崇仁路1段燈1210589,0,0,1,1,C03,8,6,5,30,14,9,1,5,4,5,13,4,4,5,2,5,2,13,2,58,2,7,6,1,7,9,1,10,1,13,44,1,21,121.5021938,25.1234793
114,09,21,11,28,02萬華區,萬華區漢口街2段90巷與昆明街74巷口,0,0,2,1,C03,8,7,5,30,4,1,1,5,4,5,13,4,4,10,5,5,1,15,2,46,2,7,3,4,7,9,1,10,1,11,75,1,22,121.5042279,25.0458115
114,09,21,11,42,02萬華區,萬華區德昌街154巷與民和街口,0,0,1,1,C03,8,7,5,30,4,1,1,5,4,5,13,4,4,10,5,5,2,15,2,28,2,9,5,1,7,9,1,10,1,14,72,1,21,121.4957062,25.0245612
114,09,21,12,00,07信義區,信義區東興路與市民大道5段口,0,0,1,1,B01,8,7,5,50,4,1,1,5,4,5,13,2,1,1,4,5,2,15,1,70,3,10,3,4,7,1,1,4,2,1,80,1,21,121.5659417,25.0482671
114,09,21,12,18,05中正區,中正區市民大道1段與中山北路1段口,0,0,1,1,C03,8,7,5,40,4,1,1,5,4,5,13,1,1,1,4,1,2,13,1,43,2,9,5,1,7,9,1,10,1,11,16,1,21,121.520519,25.04796643
114,09,21,12,30,05中正區,中正區汀州路1段167巷26號,0,0,1,1,F01,8,6,5,30,14,9,1,5,4,5,13,4,4,10,5,5,2,9,2,71,3,10,4,1,7,9,8,20,9,15,42,1,21,121.5104283,25.02733665
114,09,21,12,35,07信義區,信義區基隆路1段87巷與基隆路1段37巷口口,0,0,1,1,B03,7,5,8,30,4,1,1,5,4,5,13,4,4,10,5,5,2,15,1,65,3,10,7,1,7,9,1,8,1,5,72,1,22,121.5688664,25.0462721
114,09,21,12,52,12內湖區,內湖區內湖路2段179巷48弄與內湖路2段179巷46弄口口,0,0,1,1,C03,7,5,5,30,4,1,1,5,4,5,13,4,4,5,5,5,2,17,2,72,2,9,6,1,7,5,1,10,2,11,5,1,21,121.5853245,25.08352303
114,09,21,12,59,02萬華區,萬華區環河南路1段與峨眉街口,0,0,2,1,B03,6,5,5,40,3,1,1,4,4,5,13,4,4,5,5,5,2,17,1,33,3,10,7,4,7,6,1,8,1,2,9,1,21,121.5014806,25.04478209
114,09,21,13,09,04大安區,大安區忠孝東路3段251巷與忠孝東路3段口,0,0,1,1,C03,6,7,5,50,3,2,1,4,4,5,13,2,1,1,4,5,2,17,1,18,3,10,6,1,7,6,1,10,1,17,44,1,21,121.5418317,25.0417388
114,09,21,13,26,07信義區,信義區莊敬路與吳興街99巷口口,0,0,1,1,B03,6,6,5,50,4,1,1,4,4,5,13,2,1,5,5,4,2,16,1,67,3,10,3,4,7,5,1,8,2,1,8,1,22,121.56122,25.030686
114,09,21,13,38,05中正區,中正區市民大道2段與金山北路1段口,0,0,2,1,B03,8,5,5,40,4,2,1,5,4,5,13,1,1,1,2,5,1,17,1,45,3,10,7,1,7,6,1,8,2,5,9,1,21,121.5304559,25.0459641
114,09,21,14,18,03中山區,中山區長安東路1段與長安東路1段30巷口,0,0,1,1,B02,8,6,5,50,4,1,1,5,4,5,13,2,1,9,5,5,2,16,2,60,3,10,7,1,7,11,1,8,2,7,92,1,22,121.5263709,25.0487272
114,09,21,14,31,06松山區,松山區塔悠路99號,0,0,1,1,B01,8,7,5,50,14,9,1,5,4,5,13,4,4,1,4,5,2,17,1,68,3,10,7,1,7,9,1,4,1,8,44,1,26,121.5700628,25.0539355
114,09,21,14,37,10文山區,文山區興隆路1段與興隆路1段83巷口,0,0,1,1,B12,8,6,5,50,3,2,1,5,4,5,13,2,1,1,4,5,2,12,1,63,3,10,7,1,7,15,1,8,1,4,101,1,21,121.541176,25.0033437
114,09,21,15,25,04大安區,大安區辛亥路3段與復興南路2段口,0,0,1,1,C03,7,6,5,50,4,1,1,5,4,5,13,2,1,10,5,5,2,12,1,19,3,10,6,4,7,9,1,10,1,14,44,1,22,121.543322,25.0214846
114,09,21,15,40,06松山區,松山區延壽街320號,0,0,1,1,B03,6,6,5,50,14,9,1,4,4,5,13,4,4,9,5,5,2,17,1,51,3,10,7,1,7,10,1,8,1,17,80,1,22,121.5608677,25.05665747
114,09,21,15,41,09北投區,北投區光明路117號,0,0,1,1,F03,6,7,5,50,14,9,1,4,4,5,13,3,1,5,5,5,2,3,2,57,3,10,5,1,7,9,8,20,1,11,70,1,21,121.5020177,25.1336842
114,09,21,15,43,09北投區,北投區大同街與永興路1段口,0,0,1,1,B03,6,5,5,50,4,1,1,4,4,5,13,1,1,5,4,5,2,17,1,38,3,10,3,4,7,11,1,8,1,8,71,1,21,121.4993217,25.1387236
114,09,21,16,02,06松山區,松山區延吉街30巷1號,0,0,1,1,B03,8,7,5,50,14,9,1,5,4,5,13,4,4,9,5,5,2,11,2,45,3,10,7,1,7,9,1,8,1,8,4,1,21,121.5535894,25.0461547
114,09,21,16,08,02萬華區,萬華區寶興街80巷與寶興街80巷17弄口,0,0,1,1,C03,8,5,5,30,3,1,1,5,4,5,13,4,4,9,5,5,2,17,2,45,3,10,5,4,7,6,1,10,1,17,72,1,21,121.4940359,25.02583808
114,09,21,16,21,04大安區,大安區仁愛路4段48巷與大安路1段175巷口,0,0,2,1,C03,7,5,5,30,4,1,1,5,4,5,13,4,4,10,5,5,1,15,1,35,2,9,5,1,7,9,1,10,1,12,75,1,21,121.5470703,25.0364282
114,09,21,16,36,09北投區,北投區東華街2段與立農街1段187巷口,0,0,1,1,C03,8,7,5,40,3,2,1,5,4,5,13,1,1,10,4,5,2,16,1,78,2,9,5,1,7,5,1,10,1,14,8,1,21,121.5049743,25.1212794
114,09,21,17,12,12內湖區,內湖區金龍路100號前,0,0,1,1,B03,7,5,5,40,14,9,1,5,4,5,13,1,1,5,4,4,2,17,1,56,3,10,7,1,7,11,1,8,1,5,103,1,21,121.5911794,25.08545311
114,09,21,17,35,12內湖區,內湖區成功路5段31號,0,0,1,1,B03,8,5,5,50,14,8,1,5,4,5,13,4,4,1,4,5,2,12,1,43,3,10,7,1,7,7,6,8,2,5,100,1,21,121.6035478,25.0830903
114,09,21,17,38,10文山區,文山區辛亥路5段北往南（燈桿編號：0705079）,0,0,2,1,C03,8,5,5,50,11,9,1,5,4,5,13,4,4,1,4,5,2,12,1,20,2,9,5,1,7,15,1,10,2,12,101,1,21,121.5517528,24.9967697
114,09,21,17,46,08士林區,士林區忠誠路2段21巷與德行東路229巷口,0,0,1,1,B03,8,5,5,30,4,1,1,5,4,5,13,4,4,10,5,5,1,15,1,33,3,10,7,1,7,9,1,8,1,4,72,1,21,121.5329007,25.10989804
114,09,21,18,15,02萬華區,萬華區西園路2段215號,0,0,1,1,C03,8,5,5,50,14,9,1,5,4,5,13,4,4,9,4,5,2,17,1,44,2,8,5,4,7,7,1,10,1,13,100,1,21,121.494494,25.02786894
114,09,21,18,25,06松山區,松山區敦化北路與敦化北路4巷口,0,0,1,1,B03,8,5,5,50,4,1,1,5,4,5,13,2,1,9,4,4,2,12,2,37,3,10,7,1,7,5,1,8,2,8,8,1,22,121.5487281,25.0500881
114,09,21,18,40,01大同區,大同區鄭州路與環河北路1段口,0,0,1,1,B03,7,5,5,50,4,1,1,5,4,5,13,2,1,1,4,5,2,17,1,31,3,10,3,4,7,5,1,8,1,1,8,1,22,121.506759,25.0506711
114,09,21,19,34,08士林區,士林區中山北路6段與中山北路6段728巷口,0,0,2,1,B01,8,5,5,50,4,1,1,4,4,5,13,1,1,1,1,1,1,16,1,58,3,10,7,1,7,5,1,8,1,1,44,1,21,121.5278928,25.1154036
114,09,21,20,24,09北投區,北投區實踐街與實踐街6巷口,0,0,1,1,B03,6,5,5,30,4,1,1,4,4,5,13,4,4,9,4,5,1,17,2,41,3,10,7,1,7,5,1,8,1,5,72,1,21,121.5076518,25.1147481
114,09,21,22,25,08士林區,士林區社子街41號,0,0,2,1,C03,6,5,5,50,14,9,1,4,4,5,13,4,4,9,5,5,2,3,1,19,2,9,6,1,7,9,1,10,1,11,108,1,21,121.5076003,25.0875201
114,09,21,23,29,04大安區,大安區基隆路2段與和平東路3段口,0,0,2,1,B01,7,5,5,50,5,2,1,5,4,5,13,2,1,1,4,5,2,17,1,45,3,10,3,4,7,6,1,4,1,2,9,1,21,121.5527341,25.0246502
114,09,21,23,54,02萬華區,萬華區和平西路3段與環河南路2段口,0,0,1,1,C03,8,5,8,50,22,22,1,5,4,5,13,1,1,10,5,5,2,17,1,60,2,9,3,4,7,9,1,10,1,14,44,1,21,121.4943817,25.0355184
114,09,22,01,22,07信義區,信義區基隆路2段與嘉興街127巷口,0,0,1,1,B02,8,5,5,50,3,1,1,4,4,5,13,1,1,9,4,5,2,17,1,37,3,10,7,1,7,6,1,8,2,17,9,1,21,121.5572933,25.0291145
114,09,22,02,24,05中正區,中正區中山南路與忠孝東路1段口,0,0,2,1,C03,8,6,5,50,4,1,1,5,4,5,13,1,1,1,4,5,2,3,1,20,2,9,6,1,7,9,1,10,2,11,13,1,22,121.5196594,25.0454116
114,09,22,04,17,05中正區,中正區思源街1號,0,0,1,1,B01,6,5,5,50,22,9,1,4,4,5,13,1,1,1,4,5,2,17,1,51,3,10,3,4,7,11,1,4,2,17,10,1,21,121.5302022,25.0134578
114,09,22,06,32,04大安區,大安區信義路2段148巷與金山南路2段13巷口,0,0,1,1,C03,8,6,5,30,4,1,1,4,4,5,13,4,4,10,5,5,2,15,1,26,2,9,6,1,7,9,1,10,1,11,72,1,21,121.5286275,25.0332859
114,09,22,07,01,07信義區,信義區和平東路3段391巷與和平東路3段391巷8弄口,0,0,1,1,C03,6,6,5,50,4,1,1,4,4,5,13,4,4,9,5,5,1,17,1,36,2,9,3,4,7,6,3,18,9,12,116,1,22,121.5579251,25.0201235
114,09,22,07,20,12內湖區,內湖區民權東路6段與民權東路6段19巷口,0,0,2,1,C03,6,7,5,50,4,4,1,4,4,5,13,2,1,1,4,5,2,17,1,28,2,9,6,4,7,8,1,10,2,14,16,1,21,121.5817326,25.0681437
114,09,22,07,42,04大安區,大安區和平東路3段與和平東路3段434巷口,0,0,2,1,C03,6,6,5,30,3,1,1,4,4,5,13,4,4,1,4,5,2,16,1,57,2,9,5,1,7,6,1,10,1,14,72,1,21,121.5595564,25.017753
114,09,22,07,45,04大安區,大安區仁愛路4段27巷25號,0,0,1,1,B01,7,6,5,0,22,20,4,5,4,5,13,4,4,10,5,5,2,9,1,61,3,10,3,4,7,9,1,4,1,5,108,1,21,121.5452941,25.0404964
114,09,22,07,52,05中正區,中正區愛國東路與林森南路口,0,0,1,1,C03,6,7,5,40,3,1,1,4,4,5,13,2,1,1,4,4,2,17,1,58,3,10,5,1,7,12,3,18,9,17,44,2,21,121.5190379,25.0338538
114,09,22,08,01,12內湖區,內湖區成功路2段456巷與無名巷口,0,0,2,1,C03,8,6,7,30,4,1,1,5,4,5,13,4,4,10,5,5,2,16,2,36,2,9,6,1,7,4,1,10,1,12,1,1,22,121.5886898,25.0730837
114,09,22,08,12,08士林區,士林區德行西路93巷與德行西路口,0,0,2,1,C03,8,5,5,50,4,1,1,5,4,5,13,4,4,5,5,5,2,3,2,69,2,8,3,4,7,4,1,10,1,12,70,1,22,121.5201985,25.12070546
114,09,22,08,23,04大安區,大安區永康街2巷與麗水街口口,0,0,1,1,B03,6,6,5,30,4,1,1,4,4,5,13,4,4,5,5,5,2,15,1,61,3,10,3,4,7,9,1,8,1,8,72,1,22,121.5291307,25.03326394
114,09,22,08,35,05中正區,中正區忠孝東路2段與八德路1段口,0,0,1,1,B03,8,7,5,50,3,2,1,5,4,5,13,1,1,10,5,5,2,17,2,62,3,10,7,1,7,7,1,8,2,8,87,1,26,121.5291388,25.0432406
114,09,22,08,41,01大同區,大同區西寧北路與長安西路口,0,0,2,1,C03,6,6,5,50,5,1,1,4,4,5,13,4,4,5,5,5,2,16,2,36,2,9,6,1,7,5,1,10,2,11,8,1,21,121.508493,25.0520138
114,09,22,08,41,02萬華區,萬華區環河快速道路往南(燈桿:0905537),0,0,1,1,B12,6,5,7,60,14,9,1,4,4,5,13,4,4,1,4,5,2,17,1,56,3,10,7,4,7,10,1,8,1,8,42,1,21,121.4924172,25.0204193
114,09,22,08,46,04大安區,大安區信義路4段與復興南路2段口,0,0,2,1,C03,6,6,5,50,4,1,1,4,4,5,13,2,1,10,5,5,2,17,2,47,3,10,6,4,7,9,1,10,1,11,16,1,22,121.5436439,25.0332781
114,09,22,08,47,06松山區,松山區市民大道4段225號,0,0,1,1,B03,6,6,5,40,14,9,1,4,4,5,13,4,4,8,3,5,1,17,1,64,3,10,3,1,7,8,1,8,1,15,100,1,21,121.5533657,25.0445086
114,09,22,08,50,07信義區,信義區忠孝東路5段257號,0,0,1,1,B03,6,5,5,50,14,9,1,4,4,5,13,4,4,1,4,5,2,17,2,35,3,10,7,1,7,15,1,8,1,2,101,1,21,121.5705738,25.0411016
114,09,22,08,55,06松山區,松山區松河街與饒河街221巷口,0,0,1,1,C03,8,6,5,40,3,2,1,4,4,5,13,4,4,4,5,5,2,17,1,30,3,10,6,1,7,6,1,10,1,17,9,1,21,121.5764466,25.0513697
114,09,22,09,08,02萬華區,萬華區環河南路1段與漢口街2段口,0,0,1,1,C03,8,7,5,40,3,1,1,4,4,5,13,3,1,9,4,5,2,17,1,20,3,10,5,1,7,5,1,10,1,17,71,1,21,121.5036545,25.0464554
114,09,22,09,09,04大安區,大安區敦化南路2段207號,0,0,1,1,B02,6,7,5,50,22,9,1,4,4,5,13,4,4,5,4,5,2,12,1,52,3,10,7,1,7,14,1,8,1,2,44,1,21,121.5490165,25.0253892
114,09,22,09,09,10文山區,文山區基隆路4段與羅斯福路4段口口,0,0,1,1,C03,7,6,5,30,5,1,1,4,4,1,13,2,1,1,4,1,2,12,2,76,2,9,6,1,7,9,1,10,1,14,44,1,21,121.5374939,25.0108917
114,09,22,09,22,07信義區,信義區信義路5段與基隆路1段口,0,0,2,1,C03,6,6,5,50,4,2,1,4,4,5,13,1,1,3,4,5,2,17,1,45,2,9,5,1,7,6,1,10,2,12,42,1,21,121.5597511,25.0329468
114,09,22,09,44,05中正區,中正區愛國西路與延平南路口,0,0,2,1,C04,6,6,5,40,4,1,1,4,4,5,13,1,1,1,4,4,2,17,2,38,2,9,5,1,7,6,1,11,1,12,9,1,21,121.5079147,25.0365949
114,09,22,10,02,07信義區,信義區松仁路與忠孝東路5段236巷2弄口,0,0,1,1,C03,6,6,5,50,4,1,1,4,4,5,13,4,4,1,4,5,2,17,2,33,2,9,6,1,7,9,1,10,2,14,116,1,22,121.5690745,25.0403706
114,09,22,10,14,12內湖區,內湖區大湖街121號附近側附近,0,0,1,1,B03,8,7,5,30,12,9,1,5,4,5,12,4,4,10,5,5,1,11,2,23,3,10,7,1,7,9,1,8,2,7,5,1,21,121.6018036,25.090912
114,09,22,10,20,08士林區,士林區通河西街2段108巷與通河西街2段口,0,0,2,1,C03,8,6,5,30,3,1,1,5,4,5,13,4,4,10,5,5,2,17,1,84,2,9,3,4,7,9,1,10,2,14,72,1,21,121.508232,25.09279391
114,09,22,10,28,11南港區,南港區玉成街190巷與玉成街166巷22弄口,0,0,1,1,C03,6,6,5,30,3,1,1,4,4,5,13,4,4,10,5,5,2,17,2,31,2,7,5,4,7,9,1,10,1,14,108,1,22,121.5842887,25.0431197
114,09,22,10,35,08士林區,士林區故宮路與至善路2段113巷口,0,0,1,1,B03,7,6,5,50,4,1,1,5,4,5,13,1,1,1,4,5,2,17,1,61,3,10,3,4,7,6,1,8,1,4,9,1,21,121.5463818,25.0981542
114,09,22,10,42,04大安區,大安區和平東路3段與敦化南路2段口,0,0,1,1,B03,6,6,5,50,4,1,1,4,4,5,13,2,1,1,3,5,2,16,1,31,3,10,7,1,7,8,1,4,1,17,100,1,21,121.5489414,25.024563
114,09,22,10,49,03中山區,中山區復興北路與八德路2段口,0,0,1,1,C03,7,7,5,50,14,9,1,5,4,5,13,1,1,1,4,5,2,18,1,25,2,9,5,1,7,9,1,10,1,14,42,1,21,121.5438358,25.0478388
114,09,22,10,54,03中山區,中山區自強隧道(內)口前往南出口處,0,0,1,1,C03,8,7,5,50,14,9,1,5,4,5,13,4,4,9,5,5,2,29,2,45,2,9,6,4,7,9,1,10,2,14,116,1,21,121.5490011,25.0866679
114,09,22,10,58,12內湖區,內湖區內湖路2段與內湖路2段29巷口,0,0,2,1,C03,7,7,5,50,3,1,1,4,4,5,13,4,4,9,4,5,2,3,1,41,2,9,6,1,7,9,1,10,2,11,70,1,21,121.5801036,25.079
114,09,22,11,11,09北投區,北投區石牌路2段與石牌路2段113巷口,0,0,2,1,C02,6,7,5,50,4,1,1,4,4,5,13,2,1,5,4,5,2,16,1,55,2,8,3,4,7,5,1,9,1,12,74,1,22,121.5175302,25.118132
114,09,22,11,30,04大安區,大安區和平東路3段與敦化南路2段口,0,0,1,1,B03,6,7,5,50,4,1,1,4,4,5,13,2,1,5,4,5,2,17,2,22,3,10,7,1,7,5,1,8,2,5,44,1,21,121.5484977,25.0246233
114,09,22,11,36,05中正區,中正區羅斯福路4段86號(公車站牌公館站),0,0,1,1,A02,8,6,5,50,14,10,1,4,4,5,13,1,1,3,4,5,1,9,1,28,3,10,7,1,7,1,1,2,1,2,19,1,21,121.5348489,25.0142515
114,09,22,12,12,04大安區,大安區師大路24號,0,0,1,1,C03,8,6,5,50,14,9,1,5,4,5,13,1,1,9,5,5,2,17,2,48,3,10,3,4,7,11,1,10,11,17,44,1,22,121.5283597,25.0253151
114,09,22,12,22,07信義區,信義區松仁路7號,0,0,1,1,C03,8,5,5,50,14,9,1,5,4,5,13,4,4,8,3,5,2,17,2,30,2,9,3,4,7,9,1,10,11,11,44,1,21,121.5685049,25.0381542
114,09,22,12,25,10文山區,文山區辛亥路4段與辛亥路4段260巷口,0,0,1,1,B03,8,6,5,50,3,1,1,4,4,5,13,4,4,1,4,5,2,17,1,61,3,10,7,1,7,8,1,8,2,2,100,1,21,121.554693,25.0011379
114,09,22,12,38,12內湖區,內湖區新湖二路與新湖三路口,0,0,1,1,B03,6,6,5,40,4,2,1,4,4,5,13,4,4,5,5,5,2,17,1,71,3,10,7,1,7,9,1,8,2,4,72,1,21,121.5844472,25.06491891
114,09,22,12,45,01大同區,大同區市民大道1段Y5前,0,0,1,1,B01,8,5,5,40,14,9,1,5,4,5,13,4,4,9,4,5,1,16,1,51,3,10,3,4,7,14,1,4,1,17,40,1,21,121.517203,25.0487874
114,09,22,13,35,05中正區,中正區汀州路1段與南海路口,0,0,1,1,C03,7,7,5,50,4,2,1,5,4,5,13,1,1,5,5,5,2,16,2,26,2,9,6,1,7,5,1,10,1,14,8,1,22,121.5086778,25.0288199
114,09,22,13,35,07信義區,信義區福德街268巷26弄20號,0,0,1,1,H01,6,7,5,30,14,9,1,4,4,5,12,4,4,10,5,5,2,9,1,64,3,10,4,5,8,20,8,20,10,16,60,1,22,121.5866451,25.0399455
114,09,22,13,57,08士林區,士林區故宮路與故宮路48巷口,0,0,1,1,B03,8,6,5,50,4,2,1,5,4,5,13,2,1,1,4,5,1,12,1,75,3,10,7,1,7,9,1,8,11,2,44,2,21,121.54723,25.0963886
114,09,22,14,09,07信義區,信義區基隆路2段與信義路5段口口,0,0,1,1,B11,7,6,5,50,4,1,1,5,4,5,13,2,1,1,3,4,2,16,1,45,3,10,7,1,7,6,1,8,1,2,17,1,21,121.5596947,25.0329556
114,09,22,14,51,10文山區,文山區辛亥路4段與辛亥路4段166巷口,0,0,1,1,C03,8,6,5,50,14,9,1,5,4,5,13,1,1,1,4,5,2,13,1,60,2,7,6,1,7,9,1,10,1,11,16,1,21,121.5561697,25.0032991