發生年度,發生月,發生日,發生時-Hours,發生分,區序,肇事地點,死亡人數,2-30日死亡人數,受傷人數,當事人序號,車種,天候,光線,道路類別,速限-速度限制,道路型態,事故位置,路面狀況1,路面狀況2,路面狀況3,道路障礙1,道路障礙2,號誌1,號誌2,車道劃分-分向,車道劃分-分道1,車道劃分-分道2,車道劃分-分道3,事故類型及型態,性別,年齡,受傷程度,主要傷處,保護裝置,行動電話,車輛用途,當事者行動狀態,駕駛資格情形,駕駛執照種類,飲酒情形,車輛撞擊部位1,肇因碼-個別,個人肇逃否,職業,座標-X,座標-Y
114,09,24,08,00,10文山區,文山區木新路3段95巷7弄與木新路3段45巷口,0,0,1,1,B02,8,6,5,30,4,1,1,5,4,5,13,4,4,10,5,5,1,16,1,57,3,10,7,1,7,5,1,8,1,1,74,1,21,121.5644311,24.981791
114,09,24,08,16,06松山區,松山區三民路與南京東路5段251巷46弄口,0,0,1,1,B03,8,6,5,50,3,1,1,5,4,5,13,4,4,5,4,5,2,17,1,49,3,10,7,1,7,5,1,8,1,5,8,1,21,121.5637024,25.0551689
114,09,24,08,17,06松山區,松山區松河街3號,0,0,1,1,C03,8,6,5,40,14,9,1,5,4,5,13,1,1,8,4,5,2,13,2,28,2,9,6,1,7,9,1,10,1,11,108,1,21,121.5720815,25.0508013
114,09,24,08,18,11南港區,南港區忠孝東路6段與忠孝東路6段188巷口,0,0,1,1,B03,8,6,5,50,4,2,1,5,4,5,13,2,1,1,4,5,2,16,1,68,3,10,7,1,7,9,1,8,1,1,16,1,21,121.5865104,25.0485859
114,09,24,08,39,02萬華區,萬華區西園路2段與西園路2段96巷口,0,0,1,1,B03,8,7,5,50,3,2,1,5,4,5,13,4,4,1,4,4,2,17,1,36,3,10,7,1,7,6,1,8,1,7,72,1,21,121.4965545,25.0307213
114,09,24,08,41,02萬華區,萬華區萬大路365號,0,0,1,1,C03,8,6,5,30,14,9,1,5,4,5,13,4,4,9,4,5,1,13,1,28,2,9,3,4,7,9,1,10,1,14,13,1,21,121.499645,25.0229214
114,09,24,08,44,07信義區,信義區吳興街與莊敬路178巷口,0,0,1,1,B11,8,7,8,30,5,2,1,5,4,5,13,4,4,10,5,5,2,17,2,25,3,10,7,1,7,15,1,8,2,8,99,1,21,121.560174,25.0312962
114,09,24,08,45,04大安區,大安區新生南路2段與金華街口,0,0,1,1,B12,8,6,5,50,5,1,1,5,4,5,13,1,1,8,3,5,2,16,1,69,3,10,3,4,7,5,1,8,1,5,8,1,21,121.5335288,25.030598
114,09,24,08,47,10文山區,文山區樟新街與樟新街5巷口口,0,0,1,1,C03,8,6,5,30,4,2,1,5,4,5,13,4,4,10,5,5,2,12,2,42,2,9,5,1,7,9,1,10,2,14,72,1,21,121.5550234,24.9799158
114,09,24,08,52,01大同區,大同區環河堤外便道3011741燈桿,0,0,1,1,C03,8,6,5,40,14,11,1,5,4,5,13,4,4,4,5,5,2,12,1,71,4,11,6,4,7,9,1,10,11,14,17,2,21,121.5057228,25.0495851
114,09,24,09,00,08士林區,士林區福林路與自祥街口,0,0,1,1,B03,8,5,5,50,3,4,1,5,4,5,13,1,1,5,4,5,2,13,1,37,3,10,7,1,7,1,1,8,2,5,108,1,21,121.5329204,25.0968698
114,09,24,09,15,12內湖區,內湖區金湖路393號,0,0,2,1,C03,8,6,6,50,3,2,1,5,4,5,13,4,4,1,2,5,2,13,1,18,2,1,5,1,7,9,3,18,1,11,108,1,22,121.6052096,25.0735171
114,09,24,09,19,11南港區,南港區研究院路2段與研究院路2段77巷北口,0,0,1,1,C03,8,5,5,50,14,9,1,5,4,5,13,4,4,1,4,5,2,13,1,18,2,9,3,4,7,12,1,10,1,11,16,1,22,121.6150927,25.0460989
114,09,24,09,45,11南港區,南港區南港路1段與興中路口,0,0,2,1,C03,8,7,5,50,4,1,1,5,4,5,13,1,1,5,4,5,1,16,1,63,2,9,3,4,7,5,1,10,2,12,8,1,21,121.6074506,25.0545084
114,09,24,09,47,04大安區,大安區信義路4段59號,0,0,1,1,C03,8,6,5,50,14,9,1,5,4,5,13,4,4,1,3,5,2,17,1,23,2,9,6,1,7,9,1,10,1,14,108,1,21,121.5453149,25.0335544
114,09,24,10,17,08士林區,士林區大東路與文林路口,0,0,2,1,C03,8,6,5,50,3,1,1,5,4,5,13,4,4,5,4,5,1,15,1,60,2,8,3,4,7,9,1,10,2,11,72,1,22,121.5249896,25.093657
114,09,24,10,17,07信義區,信義區基隆路1段與忠孝東路5段口,0,0,1,1,C03,8,5,5,50,4,1,1,5,4,5,13,1,1,1,4,5,2,17,1,69,2,9,6,1,7,9,1,10,1,14,44,1,21,121.5646354,25.0411252
114,09,24,10,34,12內湖區,內湖區民權東路6段280巷25弄與民權東路6段280巷口,0,0,2,1,B03,8,7,5,30,4,1,1,5,4,5,13,4,4,10,5,5,2,16,2,25,3,10,7,1,7,9,1,8,2,1,108,1,21,121.605932,25.07147283
114,09,24,10,40,08士林區,士林區中山北路5段376號,0,0,1,1,B03,8,5,5,50,14,5,1,5,4,5,13,4,4,1,4,5,2,12,2,20,3,10,7,1,7,8,1,8,2,6,100,1,21,121.5276084,25.0899544
114,09,24,10,42,05中正區,中正區中華路1段與開封街1段口,0,0,1,1,A02,8,6,5,50,4,2,1,5,4,5,13,2,1,1,2,5,2,9,1,61,4,11,3,4,7,15,7,19,11,17,118,1,21,121.520888,25.04786737
114,09,24,10,45,05中正區,中正區中華路2段33號,0,0,2,1,B01,8,6,8,50,22,22,1,5,4,5,13,4,4,1,4,5,2,16,1,57,3,10,3,4,7,10,1,4,1,5,100,1,21,121.506488,25.0354101
114,09,24,10,50,12內湖區,內湖區成功路4段61巷與成功路4段口,0,0,1,1,B03,8,7,5,50,3,2,1,5,4,5,13,2,1,1,2,5,2,13,1,48,3,10,7,1,7,1,1,8,1,5,108,1,21,121.5925008,25.0822811
114,09,24,11,15,07信義區,信義區大道路108號與林口街38巷口,0,0,1,1,B01,8,7,5,50,3,2,1,5,4,5,13,4,4,9,5,5,2,16,1,41,3,10,3,4,7,6,1,4,9,2,9,1,21,121.583091,25.0392777
114,09,24,11,18,08士林區,士林區通河街與通河街1巷口,0,0,1,1,B03,8,7,5,30,4,1,1,5,4,5,13,3,1,10,5,5,1,17,2,44,3,10,7,1,7,5,1,8,1,5,8,1,21,121.5237126,25.0798819
114,09,24,11,18,12內湖區,內湖區環山路2段53巷與環山路2段53巷6弄口,0,0,2,1,C03,8,5,5,30,4,1,1,5,4,5,13,4,4,10,5,5,1,15,1,27,2,7,6,1,7,9,1,10,1,12,72,1,21,121.5735596,25.0848981
114,09,24,11,45,05中正區,中正區開封街1段與重慶南路1段口口,0,0,1,1,C03,8,7,5,50,4,2,1,5,4,5,13,1,1,10,5,5,2,12,2,33,2,9,5,1,7,7,1,10,2,14,100,1,26,121.5132713,25.0460011
114,09,24,11,46,07信義區,信義區信安街67巷(嘟嘟房停車場）,0,0,1,1,B03,8,6,5,40,3,2,1,5,4,5,13,4,4,8,5,4,2,17,1,31,3,10,7,1,7,7,1,8,2,8,100,1,21,121.5602331,25.0258977
114,09,24,11,48,08士林區,士林區承德路4段12巷與通河街76巷口口,0,0,2,1,C03,8,7,5,30,4,1,1,5,4,5,13,4,4,8,3,5,2,15,1,20,2,9,5,1,7,9,6,8,1,12,72,1,22,121.5203592,25.0805236
114,09,24,12,00,08士林區,士林區文林路與基河路口,0,0,1,1,B01,8,7,5,50,3,1,1,5,4,5,13,2,1,9,4,5,1,17,1,58,3,10,7,1,7,1,1,4,2,2,44,1,21,121.5248746,25.0859626
114,09,24,12,11,04大安區,大安區辛亥路2段101號,0,0,1,1,B01,8,6,5,50,14,7,1,5,4,5,13,4,4,1,3,4,2,13,1,60,3,10,7,1,7,9,1,7,1,1,108,1,21,121.5385898,25.0219788
114,09,24,12,37,06松山區,松山區光復北路26巷與光復北路口,0,0,1,1,H01,8,7,5,50,4,1,1,5,4,5,13,1,1,1,4,5,2,6,2,84,2,8,4,5,8,18,8,20,10,16,53,1,21,121.5577573,25.0491883
114,09,24,13,00,08士林區,士林區承德路5段雙溪濕地公園旁,0,0,2,1,C03,8,7,5,50,14,11,1,5,4,5,13,4,4,8,3,5,2,12,1,62,2,9,5,1,7,7,1,10,2,14,100,1,22,121.5136915,25.0963971
114,09,24,13,19,12內湖區,內湖區環山路2段40號,0,0,1,1,B03,8,7,6,50,14,9,1,5,4,5,13,4,4,5,2,5,2,12,1,35,3,10,7,1,7,11,1,8,2,4,10,1,21,121.5732437,25.0855624
114,09,24,13,46,05中正區,中正區汀州路3段121號,0,0,1,1,C03,8,7,5,50,14,9,1,5,4,5,13,4,4,5,5,5,2,13,1,29,2,8,5,1,7,9,1,9,2,11,16,1,22,121.5301852,25.0165577
114,09,24,14,00,03中山區,中山區大直橋往南,0,0,2,1,C03,8,6,5,50,8,9,1,5,4,5,13,4,4,1,4,4,2,13,1,16,2,9,5,1,7,10,2,18,2,11,100,1,22,121.5443393,25.0790929
114,09,24,14,14,03中山區,中山區南京東路2段與吉林路口,0,0,1,1,A04,8,6,5,50,4,2,1,5,4,5,13,2,1,1,4,5,2,9,1,55,3,10,7,1,7,14,1,2,1,2,44,1,21,121.530229,25.0520686
114,09,24,14,33,07信義區,信義區崇德街296號附近側附近,0,0,1,1,C03,8,7,5,30,11,9,1,3,4,5,13,4,4,10,5,5,2,18,1,21,2,9,3,4,7,5,1,10,1,14,115,1,21,121.5645502,25.0178592
114,09,24,15,04,10文山區,文山區忠順街2段65號,0,0,1,1,B03,8,6,5,50,14,9,1,5,4,5,13,4,4,9,5,5,1,16,2,62,3,10,7,1,7,5,1,8,1,1,8,1,21,121.5648338,24.9850204
114,09,24,15,04,07信義區,信義區虎林街120巷與忠孝東路5段275巷口,0,0,1,1,B01,8,7,5,30,4,1,1,5,4,5,13,4,4,10,5,5,2,15,1,50,3,10,7,1,7,9,1,4,2,5,72,1,21,121.571393,25.0422551
114,09,24,15,05,03中山區,中山區中山北路1段53巷與天津街口,0,0,2,1,C03,8,7,5,30,4,1,1,5,4,3,12,3,1,10,5,5,2,16,1,51,2,9,6,1,7,5,1,10,1,14,14,1,21,121.5222218,25.05802972
114,09,24,15,15,05中正區,中正區濟南路2段4號,0,0,1,1,B03,8,7,5,50,14,9,1,5,4,5,13,4,4,9,5,5,2,14,1,30,3,10,7,1,7,2,1,8,2,3,12,1,21,121.526585,25.0414235
114,09,24,15,15,06松山區,松山區市民大道5段82號對面,0,0,1,1,B01,8,7,5,40,14,9,1,5,4,5,13,4,4,1,4,5,2,17,1,67,3,10,7,1,7,9,1,4,2,5,118,1,21,121.5669393,25.048685
114,09,24,15,18,05中正區,中正區貴陽街1段與懷寧街口,0,0,1,1,B03,8,6,5,50,3,1,1,5,4,5,13,4,4,10,5,5,2,16,1,56,3,10,7,4,7,11,1,8,2,7,10,1,22,121.516002,25.04078121
114,09,24,15,30,09北投區,北投區承德路7段與承德路7段344巷口,0,0,1,1,B02,8,6,5,60,3,2,1,5,4,5,13,1,1,1,4,5,2,9,1,48,3,10,7,1,7,9,1,8,9,17,42,1,21,121.5037434,25.1173892
114,09,24,15,34,01大同區,大同區哈密街59巷與敦煌路口,0,0,1,1,F01,8,6,5,30,4,2,1,5,4,5,13,4,4,5,2,5,2,17,2,54,2,1,4,1,7,9,8,20,2,11,4,1,21,121.515747,25.07632588
114,09,24,15,50,08士林區,士林區忠誠路2段82巷與忠誠路2段口,0,0,1,1,F01,8,6,5,30,5,2,1,5,4,5,13,2,1,10,5,5,2,17,2,46,2,7,4,4,7,9,8,20,1,12,16,1,21,121.5308228,25.1125462
114,09,24,15,55,11南港區,南港區忠孝東路7段與忠孝東路7段596巷口,0,0,1,1,B03,8,6,5,50,3,2,1,5,4,5,13,2,1,1,4,5,2,13,1,70,3,10,3,4,7,8,1,8,1,1,100,1,22,121.6148219,25.0529846
114,09,24,16,06,03中山區,中山區民族東路536號前,0,0,1,1,C03,8,6,5,50,14,9,1,5,4,5,13,1,3,4,4,5,2,13,1,52,2,3,3,4,7,9,1,10,1,11,108,1,21,121.5432384,25.0672347
114,09,24,16,20,11南港區,南港區南港路1段與南港路1段277巷口,0,0,1,1,B03,8,7,5,50,3,2,1,5,4,5,13,2,1,9,4,5,2,16,1,48,3,10,7,1,7,5,1,8,1,6,71,1,21,121.6086211,25.054669
114,09,24,16,30,03中山區,中山區吉林路213號,0,0,1,1,B03,8,7,5,50,14,9,1,5,4,5,13,4,4,10,4,5,2,17,1,43,3,10,7,1,7,1,1,8,1,8,19,1,21,121.5302688,25.06040992
114,09,24,16,45,10文山區,文山區木柵路1段與木柵路1段378巷口口,0,0,1,1,B03,8,6,5,50,3,1,1,5,4,5,13,4,4,5,4,5,1,16,1,50,3,10,7,1,7,6,1,8,1,2,9,1,21,121.5566351,24.9884535
114,09,24,16,47,01大同區,大同區承德路3段與承德路3段24巷口口,0,0,1,1,C03,8,5,5,50,3,2,1,5,4,5,13,4,4,9,4,5,2,13,1,19,3,10,5,1,7,12,1,10,2,11,16,1,21,121.5181803,25.0641853
114,09,24,16,53,04大安區,大安區光復南路682號,0,0,1,1,H02,8,6,5,0,14,9,1,5,4,5,13,4,4,9,4,5,1,9,2,34,3,10,4,5,7,19,8,20,10,16,126,1,21,121.557308,25.0301488
114,09,24,17,10,03中山區,中山區中山北路2段42巷20號與中山北路2段48巷口無名巷,0,0,2,1,C03,8,7,5,30,4,2,1,5,4,5,13,4,4,10,5,5,2,17,1,58,2,9,3,4,7,5,1,10,1,14,8,1,21,121.5215196,25.0545157
114,09,24,17,12,06松山區,松山區南京東路3段與敦化北路口,0,0,2,1,C03,8,6,5,50,5,1,1,5,4,5,13,2,2,8,5,5,2,9,1,54,2,9,5,1,7,9,1,10,1,11,16,1,21,121.5488875,25.0518265
114,09,24,17,14,11南港區,南港區忠孝東路6段與玉成街口,0,0,1,1,B03,8,7,5,50,5,2,1,5,4,5,13,2,1,1,4,5,2,12,1,47,3,10,7,1,7,15,1,8,2,5,100,1,21,121.5829444,25.0454299
114,09,24,17,15,06松山區,松山區南京東路3段與敦化北路口口,0,0,1,1,B03,8,7,5,50,4,1,1,5,4,5,13,2,1,1,4,4,2,13,2,59,3,10,7,1,7,5,1,8,11,17,83,1,21,121.5489726,25.0516684
114,09,24,17,20,02萬華區,萬華區西寧南路與洛陽街口,0,0,2,1,C03,8,7,5,50,4,1,1,5,4,5,13,2,1,9,4,5,2,16,2,29,2,9,3,4,7,7,1,10,1,12,100,1,22,121.5073145,25.0476952
114,09,24,17,24,11南港區,南港區成功橋南往北,0,0,1,1,C03,8,6,5,50,14,9,1,5,4,5,13,4,4,1,4,5,1,13,1,28,2,9,3,4,7,10,1,10,1,13,100,1,21,121.5932087,25.0572327
114,09,24,17,27,12內湖區,內湖區成功路2段與南京東路6段口,0,0,1,1,B01,8,5,5,50,3,2,1,5,4,5,13,4,4,1,4,5,1,12,1,63,3,10,7,1,7,9,1,4,2,2,44,1,21,121.59099,25.0615238
114,09,24,17,32,04大安區,大安區和平東路1段75巷15號,0,0,1,1,B03,8,5,5,30,14,9,1,5,4,5,13,4,4,10,5,5,2,1,1,39,3,10,7,4,7,9,1,8,2,2,108,1,21,121.5251605,25.0279925
114,09,24,17,35,03中山區,中山區美堤河濱公園第3012545號燈桿,0,0,2,1,F01,8,6,5,0,14,9,2,5,4,5,13,4,4,5,5,5,2,6,1,15,2,8,4,4,7,9,8,20,1,11,108,1,22,121.5561528,25.07653752
114,09,24,17,36,08士林區,士林區通河西街2段與社中街384巷口,0,0,1,1,B03,7,6,5,30,3,1,1,5,4,5,13,4,4,9,5,5,1,17,1,68,3,10,7,1,7,5,1,8,2,4,72,1,21,121.5034477,25.0934891
114,09,24,17,37,04大安區,大安區市民高架道往東下光復南路匝道,0,0,1,1,B03,8,6,5,40,14,9,1,5,4,5,13,4,4,4,4,5,2,13,1,52,3,10,7,1,7,9,1,8,1,1,108,1,22,121.5561086,25.0447434
114,09,24,17,40,08士林區,士林區中山北路7段191巷與中山北路7段181巷22弄口,0,0,2,1,C03,8,6,5,50,3,1,1,5,4,5,13,4,4,9,5,5,2,17,1,28,2,9,3,4,7,9,1,10,2,12,108,1,21,121.5305862,25.1249352
114,09,24,18,04,07信義區,信義區忠孝東路5段236巷2弄211號,0,0,1,1,C03,8,5,5,50,14,9,1,5,4,5,13,4,4,9,5,5,2,16,1,40,2,9,3,4,7,9,1,10,1,12,44,1,21,121.5698088,25.0402574
114,09,24,18,05,07信義區,信義區松信路70號,0,0,1,1,C03,7,5,5,50,14,9,1,5,4,5,13,4,4,9,5,5,2,13,1,35,2,9,5,1,7,9,1,10,1,11,108,1,21,121.5721046,25.0464648
114,09,24,18,06,10文山區,文山區莊敬隧道往北約24公尺處,0,0,1,1,C03,7,6,5,40,6,9,1,5,4,5,13,4,4,5,5,5,1,17,1,27,3,10,6,1,7,9,1,10,11,17,118,2,21,121.5183568,25.04847309
114,09,24,18,06,11南港區,南港區南港路3段256巷與南港路3段口,0,0,1,1,,8,5,5,50,3,3,1,4,4,1,11,2,1,9,4,5,2,24,3,37,,,,,,,,,10,,128,1,,121.5847159,25.0525233
114,09,24,18,07,04大安區,大安區辛亥路3段與基隆路3段口,0,0,1,1,C03,8,5,5,50,4,1,1,5,4,5,13,1,1,10,5,5,2,17,1,26,2,9,5,1,7,12,1,10,1,11,108,1,21,121.5464274,25.0191881
114,09,24,18,10,12內湖區,內湖區文湖街與文湖街21巷口,0,0,1,1,C03,8,5,5,50,3,2,1,5,4,5,13,2,1,9,5,5,2,17,1,21,3,10,3,4,7,9,1,10,1,11,44,1,22,121.5608877,25.0862469
114,09,24,18,19,05中正區,中正區仁愛路2段與臨沂街口,0,0,2,1,C03,8,5,5,50,4,4,1,5,4,5,13,1,1,1,4,5,2,13,1,24,2,8,5,1,7,9,1,10,1,11,108,1,22,121.5296073,25.0381338
114,09,24,18,31,08士林區,士林區承德路4段210號,0,0,2,1,G06,8,5,5,50,14,9,1,5,4,5,13,4,4,10,5,5,1,17,1,44,2,9,4,1,7,15,8,20,2,16,4,1,21,121.5219452,25.08802
114,09,24,19,37,04大安區,大安區基隆路2段204號,0,0,3,1,B03,8,5,5,50,14,9,1,5,4,5,13,4,4,1,3,5,2,12,1,22,3,10,7,1,7,9,1,8,2,1,108,1,21,121.5516807,25.02355333
114,09,24,19,49,06松山區,松山區長春路與敦化北路120巷7弄口,0,0,1,1,B03,8,5,5,30,4,1,1,5,4,5,13,4,4,5,4,5,2,17,2,33,3,10,3,4,7,5,1,8,2,8,72,1,22,121.547984,25.0544179
114,09,24,20,41,04大安區,大安區仁愛路3段與復興南路1段口,0,0,1,1,B01,8,5,5,50,5,1,1,5,4,5,13,2,1,1,4,5,2,17,1,62,4,11,3,4,7,6,1,4,11,2,9,2,21,121.5434713,25.0380685
114,09,24,20,48,04大安區,大安區和平東路3段228巷與和平東路3段口,0,0,2,1,C03,8,5,5,50,4,1,1,5,4,5,13,2,1,10,5,5,2,17,2,56,2,8,3,4,7,9,6,18,1,11,16,1,21,121.5544475,25.0224495
114,09,24,21,00,01大同區,大同區塔城街與忠孝西路2段口,0,0,2,1,C03,7,5,5,50,4,2,1,5,4,5,13,2,1,5,4,5,2,17,2,25,2,9,3,4,7,9,1,10,1,11,108,1,21,121.5099902,25.0485405
114,09,24,21,07,01大同區,大同區赤峰街與承德路2段1巷口,0,0,2,1,C02,7,5,5,30,4,1,1,5,4,5,13,4,4,10,5,5,2,15,1,33,2,9,3,4,7,9,1,9,1,11,72,1,21,121.5191264,25.0534565
114,09,24,21,22,05中正區,中正區懷寧街與貴陽街1段口,0,0,1,1,B03,8,5,5,50,3,1,1,5,4,5,13,4,4,5,5,5,1,17,1,61,3,10,7,1,7,5,1,4,2,1,80,1,21,121.5137748,25.0388016
114,09,24,21,59,09北投區,北投區中央北路4段與大度路3段口口,0,0,2,1,C03,7,5,5,50,4,1,1,5,4,5,13,1,1,10,5,5,2,13,1,73,2,9,5,1,7,9,1,10,2,11,16,1,21,121.4649297,25.1245311
114,09,24,22,18,09北投區,北投區大度路21號前,0,0,1,1,B03,7,6,5,50,14,9,1,5,4,5,13,4,4,1,4,5,1,17,1,31,3,10,7,1,7,6,1,8,2,2,9,1,21,121.4974144,25.1210761
114,09,24,23,27,11南港區,南港區中南街與研究院路1段口,0,0,1,1,B03,8,5,5,30,3,1,1,5,4,5,13,4,4,9,4,5,2,16,1,51,3,10,3,4,7,6,1,8,1,1,72,1,21,121.6156144,25.0512024
114,09,25,06,20,08士林區,士林區通河西街1段與堤外便道口,0,0,1,1,B03,8,6,5,30,4,1,1,5,4,5,13,4,4,10,5,4,1,15,2,55,3,10,7,1,7,15,1,8,1,6,80,1,22,121.5126486,25.0859243
114,09,25,06,50,05中正區,中正區杭州南路1段24號,0,0,1,1,B03,8,6,5,50,14,9,1,5,4,5,13,4,4,10,4,5,2,16,2,26,3,10,7,1,7,1,1,8,1,6,19,1,22,121.5247428,25.0368614
114,09,25,06,53,03中山區,中山區北安路與北安路805巷口,0,0,1,1,B12,8,5,5,50,3,2,1,5,4,5,13,1,1,1,4,5,2,13,1,53,3,10,3,4,7,7,1,8,1,6,80,1,21,121.5544899,25.08519339
114,09,25,07,04,03中山區,中山區南京東路3段109巷與南京東路3段口,0,0,1,1,B03,8,6,5,30,3,1,1,5,4,5,13,4,4,1,4,4,2,16,1,78,3,10,3,4,7,9,1,8,1,5,80,1,21,121.5383818,25.051455
114,09,25,07,15,06松山區,松山區民生東路5段260巷與民生東路5段口,0,0,1,1,A02,8,7,5,50,4,2,1,5,4,5,13,1,1,1,4,5,2,9,1,50,3,10,7,1,7,12,1,2,1,17,14,1,26,121.5670042,25.0591229
114,09,25,07,28,05中正區,中正區汀州路2段與同安街28巷口口,0,0,1,1,B03,8,6,5,50,3,1,1,5,4,5,13,4,4,9,5,5,1,13,1,77,4,11,3,4,7,21,7,19,11,15,118,2,22,121.5210714,25.024552
114,09,25,07,33,11南港區,南港區市民大道7段196號,0,0,1,1,C03,8,6,5,50,14,9,1,5,4,5,13,4,4,1,4,5,2,13,1,35,3,10,3,4,7,9,1,10,1,11,108,1,21,121.5863566,25.0500288
114,09,25,07,46,01大同區,大同區民權西路與重慶北路3段口,0,0,1,1,C03,8,6,5,50,4,2,1,5,4,5,13,2,1,1,4,5,2,13,1,29,3,10,6,4,7,9,1,10,1,11,108,1,22,121.5139587,25.0630965
114,09,25,07,57,12內湖區,內湖區行忠路171巷與民權東路6段口,0,0,1,1,B03,8,6,5,50,3,1,1,5,4,5,13,4,4,9,5,5,2,3,1,48,3,10,3,4,7,1,1,8,1,1,19,1,22,121.5810457,25.0675952
114,09,25,08,00,10文山區,文山區辛亥隧道(外)北往南出口100公尺處,0,0,1,1,B03,8,6,5,50,14,9,1,5,4,5,13,4,4,1,4,5,2,12,1,51,3,10,7,1,7,9,1,8,1,2,17,2,21,121.5578611,25.0093195
114,09,25,08,08,12內湖區,內湖區五分街72巷與安康路414巷口,0,0,2,1,C03,8,7,8,30,3,1,1,5,4,5,13,4,4,10,5,5,2,16,2,25,2,9,5,1,7,5,1,10,1,14,72,1,21,121.6163762,25.0662596
114,09,25,08,15,05中正區,中正區中華路1段與長沙街1段口,0,0,1,1,C03,8,6,5,50,4,1,1,5,4,5,13,2,1,10,4,5,2,17,1,37,3,10,6,4,7,1,1,10,11,11,108,1,22,121.5080032,25.04052118
114,09,25,08,21,10文山區,文山區羅斯福路5段與汀州路4段口,0,0,1,1,C03,8,6,5,50,4,1,1,5,4,5,13,2,1,1,4,5,2,12,1,54,2,9,3,1,7,8,1,10,2,12,100,1,21,121.5380856,25.0079794
114,09,25,08,23,04大安區,大安區瑞安街與信義路4段30巷22弄口口,0,0,2,1,C03,8,7,5,30,4,1,1,5,4,5,13,4,4,10,5,5,1,17,2,27,2,8,6,1,7,9,1,10,1,12,75,1,21,121.5439549,25.0324393
114,09,25,08,25,06松山區,松山區八德路3段12巷與八德路3段口,0,0,1,1,B03,8,7,8,50,4,1,1,5,4,5,13,1,1,5,4,5,2,16,2,30,3,10,7,1,7,5,1,8,1,2,8,1,21,121.5505437,25.0482284
114,09,25,08,30,08士林區,士林區中正路與士商路口口,0,0,3,1,C03,8,6,5,50,14,9,1,5,4,5,13,4,4,8,3,4,1,13,1,50,3,10,6,1,7,9,1,10,1,11,16,1,21,121.5189352,25.09248792
114,09,25,08,47,07信義區,信義區基隆路2段123號,0,0,2,1,A02,8,7,5,50,14,8,1,5,4,5,13,4,4,10,4,4,2,9,1,57,3,10,7,1,7,12,1,4,1,17,42,1,21,121.5574707,25.030715
114,09,25,08,49,02萬華區,萬華區康定路與武昌街2段口,0,0,1,1,C03,8,6,5,50,4,1,1,5,4,5,13,2,1,5,5,5,2,17,1,54,3,10,6,1,7,5,1,10,1,14,80,1,21,121.5031534,25.0454892
114,09,25,08,59,07信義區,信義區崇德街與信安街口,0,0,1,1,B03,8,6,5,50,4,2,1,5,4,5,13,1,1,4,5,5,2,17,1,73,3,10,3,4,7,5,1,8,1,8,99,1,21,121.5558139,25.0241261
114,09,25,09,18,01大同區,大同區通河西街1段與通河西街1段口堤外便道,0,0,1,1,B03,8,6,5,30,3,1,1,5,4,5,13,4,4,1,5,5,2,16,1,49,3,10,7,1,7,11,1,8,1,4,74,1,22,121.5178111,25.0777422
114,09,25,09,19,09北投區,北投區承德路6段331巷與承信路口,0,0,1,1,C03,8,6,5,50,4,1,1,5,4,5,13,4,4,5,4,5,2,15,1,63,2,8,5,1,7,9,1,10,2,11,72,1,21,121.5127087,25.1060615
114,09,25,09,24,06松山區,松山區八德路3段12巷51弄與八德路3段74巷14弄口,0,0,1,1,C03,8,6,5,30,4,1,1,5,4,5,13,4,4,10,5,5,2,15,1,21,2,3,6,1,7,9,1,10,1,11,72,1,21,121.5520189,25.0461526
114,09,25,09,25,12內湖區,內湖區南京東路6段與堤頂大道1段口,0,0,1,1,C03,8,5,5,40,3,2,1,5,4,5,13,1,1,1,5,5,2,17,2,46,2,7,5,1,7,9,1,10,1,11,108,1,21,121.5766262,25.05452521
114,09,25,09,38,08士林區,士林區東山路25巷98號,0,0,1,1,B03,8,6,5,30,11,9,1,5,4,5,13,4,4,10,5,5,1,11,1,49,3,10,7,1,7,9,1,8,11,8,5,1,21,121.5439245,25.12065831
114,09,25,09,49,04大安區,大安區仁愛路4段266巷與仁愛路4段266巷8弄口,0,0,1,1,B01,8,6,5,50,4,1,1,5,4,5,13,1,1,5,4,5,2,16,1,59,3,10,7,1,7,11,1,4,1,8,99,1,21,121.5529168,25.0370231
114,09,25,10,00,03中山區,中山區新生北路2段與新生北路2段28巷口前迴轉道,0,0,1,1,B12,8,6,5,50,4,1,1,5,4,5,13,1,1,1,4,4,2,17,1,55,3,10,7,1,7,5,1,8,1,8,8,1,21,121.5221724,25.05799955
114,09,25,10,25,12內湖區,內湖區堤頂大道2段與瑞光路316巷口口,0,0,1,1,B03,8,6,5,50,3,2,1,5,4,5,13,4,4,1,2,5,2,16,1,65,3,10,7,1,7,6,1,8,2,2,9,1,21,121.5721815,25.0750604
114,09,25,10,26,06松山區,松山區南京東路5段123巷8弄15號,0,0,1,1,C03,8,6,5,30,14,9,1,5,4,5,13,4,4,1,5,5,2,12,1,34,2,9,6,1,7,1,1,10,1,14,19,1,21,121.5616147,25.05348967
114,09,25,10,41,03中山區,中山區新生北路1段與長安東路1段口,0,0,1,1,B03,8,6,5,50,4,1,1,5,4,5,13,2,1,5,4,5,2,16,1,53,3,10,7,1,7,9,1,8,1,5,44,1,21,121.5295837,25.0481169
114,09,25,10,50,08士林區,士林區文林路與大東路口,0,0,1,1,B03,8,5,5,50,5,1,1,5,4,5,13,1,1,5,5,5,2,13,1,30,3,10,7,1,7,1,1,8,2,8,108,1,21,121.5251669,25.0934155