發生年度,發生月,發生日,發生時-Hours,發生分,區序,肇事地點,死亡人數,2-30日死亡人數,受傷人數,當事人序號,車種,天候,光線,道路類別,速限-速度限制,道路型態,事故位置,路面狀況1,路面狀況2,路面狀況3,道路障礙1,道路障礙2,號誌1,號誌2,車道劃分-分向,車道劃分-分道1,車道劃分-分道2,車道劃分-分道3,事故類型及型態,性別,年齡,受傷程度,主要傷處,保護裝置,行動電話,車輛用途,當事者行動狀態,駕駛資格情形,駕駛執照種類,飲酒情形,車輛撞擊部位1,肇因碼-個別,個人肇逃否,職業,座標-X,座標-Y
114,09,26,18,39,02萬華區,萬華區環河南路1段與內江街口,0,0,1,1,C03,7,5,5,40,5,2,1,5,4,5,13,1,1,8,4,5,2,16,1,52,3,10,5,1,7,11,1,10,1,11,10,1,21,121.5001817,25.0420224
114,09,26,18,39,08士林區,士林區中山北路4段劍潭公車站,0,0,1,1,C03,8,5,5,50,14,9,1,5,4,5,13,4,4,3,4,5,2,17,1,40,2,9,6,1,7,8,1,10,1,11,100,1,26,121.5250228,25.08200923
114,09,26,18,42,08士林區,士林區至善路1段與福林路254巷口,0,0,2,1,C03,8,6,5,50,3,2,1,5,4,5,13,2,1,1,4,4,1,13,1,38,2,9,5,1,7,9,1,10,2,11,108,1,21,121.5378472,25.0981258
114,09,26,18,55,08士林區,士林區承德路4段與福港街口,0,0,1,1,B03,8,5,5,50,4,1,1,5,4,5,13,2,1,5,4,5,2,17,2,25,3,10,3,4,7,5,1,8,1,1,8,1,22,121.518787,25.08986656
114,09,26,19,00,03中山區,中山區長安東路2段與吉林路口,0,0,2,1,C03,8,5,5,50,14,9,1,5,4,5,13,1,1,4,3,5,2,16,2,20,2,8,6,1,7,5,1,10,2,11,98,1,21,121.5299902,25.0485647
114,09,26,19,00,05中正區,中正區濟南路1段與紹興南街口,0,0,2,1,C03,8,5,5,50,4,1,1,5,4,5,13,2,1,5,4,4,2,16,2,48,2,7,5,1,7,5,1,10,2,11,71,1,22,121.5243952,25.04200972
114,09,26,19,00,12內湖區,內湖區安康路32巷與潭美街口口,0,0,2,1,C03,8,5,5,40,14,9,1,5,4,5,13,4,4,5,5,5,2,17,2,33,2,9,6,1,7,9,1,10,1,17,42,1,21,121.5947231,25.0610451
114,09,26,19,20,10文山區,文山區保儀路13巷與集英街口,0,0,1,1,C03,8,5,5,30,4,1,2,5,4,5,13,4,4,10,5,5,2,17,1,63,2,7,5,4,7,9,1,10,2,12,75,1,21,121.5694058,24.9884399
114,09,26,20,29,08士林區,士林區中正路115號,0,0,1,1,B03,8,5,5,50,14,9,1,5,4,5,13,4,4,5,4,5,2,12,2,76,2,2,7,1,7,1,1,8,1,8,19,1,21,121.5286791,25.0958699
114,09,26,20,47,01大同區,大同區承德路3段與承德路3段122巷口,0,0,1,1,B03,7,5,5,50,4,1,1,5,4,5,13,2,1,1,4,5,2,17,2,40,3,10,7,4,7,6,1,8,1,5,9,1,21,121.5180799,25.0669329
114,09,26,20,48,02萬華區,萬華區西園路2段與東園街口,0,0,1,1,B03,8,5,5,50,3,1,1,5,4,5,13,1,1,1,4,5,2,13,2,23,3,10,7,4,7,5,1,8,1,8,16,1,21,121.495103,25.0281503
114,09,26,21,31,04大安區,大安區羅斯福路2段與和平東路1段口,0,0,2,1,C03,8,5,5,50,5,2,1,5,4,5,13,2,1,8,3,5,1,13,1,69,2,9,5,1,7,9,1,10,1,11,99,1,21,121.5226702,25.026962
114,09,26,21,39,12內湖區,內湖區五分街與安康路口,0,0,1,1,C03,8,6,5,40,4,1,1,5,4,5,13,4,4,5,5,5,2,15,1,19,2,8,5,1,7,9,1,10,1,14,99,1,21,121.6152122,25.0673115
114,09,26,22,52,04大安區,大安區敦化南路1段187巷與忠孝東路4段147巷口,0,0,2,1,C03,7,5,5,30,4,1,1,5,4,5,13,4,4,10,5,5,2,15,1,19,2,8,3,4,7,9,1,10,1,12,13,1,21,121.5496542,25.0425873
114,09,26,23,00,08士林區,士林區中山北路4段新生高架,0,0,2,1,C02,8,5,5,40,14,9,1,5,4,5,13,4,4,3,4,5,1,13,1,38,2,7,6,1,7,9,1,9,2,11,108,1,22,121.5247775,25.0786604
114,09,26,23,48,08士林區,士林區中正路115號,0,0,1,1,C03,8,5,5,50,14,9,1,5,4,5,13,4,4,10,4,5,1,17,1,21,2,9,6,1,7,9,1,10,2,11,108,1,21,121.5294611,25.0959751
114,09,26,23,54,04大安區,大安區仁愛路4段27巷與大安路1段84巷口,0,0,1,1,C03,8,5,5,30,4,1,1,5,4,5,13,4,4,10,5,5,2,15,1,22,2,9,6,4,7,9,1,10,1,14,72,1,22,121.545617,25.0410151
114,09,27,00,14,07信義區,信義區吳興街500巷與吳興街口,0,0,1,1,B03,7,5,5,50,4,2,1,5,4,5,13,4,4,9,5,5,2,16,1,73,3,10,7,1,7,1,1,8,2,8,19,1,21,121.5694408,25.0229007
114,09,27,02,22,02萬華區,萬華區環河南路1段與開封街2段口,0,0,4,1,C03,8,5,5,40,4,1,1,5,4,5,13,1,1,8,3,5,1,13,1,21,2,7,5,1,7,12,1,10,1,11,16,1,21,121.5045755,25.0473743
114,09,27,06,48,07信義區,信義區基隆路2段41號,0,0,1,1,B01,8,7,6,50,14,9,1,5,4,5,13,4,4,9,4,5,2,17,1,61,3,10,7,1,7,8,1,4,1,17,100,1,21,121.5586039,25.0312758
114,09,27,07,23,11南港區,南港區向陽路162巷與重陽路39巷口口,0,0,1,1,B03,8,6,5,50,4,2,1,5,4,5,13,3,1,5,5,5,2,17,2,26,3,10,7,1,7,5,1,8,1,5,8,1,21,121.5951952,25.055991
114,09,27,08,21,06松山區,松山區延吉街4-2號,0,0,1,1,F01,8,6,5,50,14,9,1,5,5,5,13,4,4,5,5,5,2,18,2,78,2,9,4,1,7,9,8,20,1,14,44,1,21,121.5533403,25.0475931
114,09,27,08,25,03中山區,中山區中山北路3段57號,0,0,1,1,C03,8,5,5,50,4,1,1,5,4,5,13,1,1,5,4,5,2,13,1,26,2,9,3,4,7,9,1,10,1,11,13,1,21,121.5231924,25.06844792
114,09,27,08,59,04大安區,大安區新生南路2段32號,0,0,1,1,F02,8,5,5,50,14,9,1,5,4,5,13,2,1,1,5,5,2,16,2,66,2,9,4,1,7,7,8,20,9,14,101,1,21,121.5331011,25.0318412
114,09,27,09,13,10文山區,文山區萬芳路與木柵路4段33巷口,0,0,1,1,B03,8,6,5,50,3,2,1,5,4,5,13,4,4,5,4,5,2,20,2,76,2,9,7,1,7,9,1,8,1,1,42,1,21,121.5709818,24.9952114
114,09,27,09,18,03中山區,中山區民生西路3巷與民生西路口口,0,0,1,1,B03,8,6,5,50,3,1,1,5,4,5,13,4,4,5,4,5,2,13,2,43,3,10,3,4,7,6,1,8,1,5,16,1,22,121.5218457,25.0578804
114,09,27,09,20,05中正區,中正區金山北路與市民大道2段口,0,0,1,1,B13,8,6,5,50,4,1,1,5,4,5,13,1,1,1,4,5,2,15,2,34,3,10,7,1,7,9,1,8,2,2,42,1,22,121.530638,25.0460236
114,09,27,09,25,06松山區,松山區八德路2段348號,0,0,1,1,B03,8,6,5,50,14,9,1,5,4,5,13,4,4,9,4,5,2,12,1,45,3,10,7,4,7,11,1,8,1,5,103,1,22,121.5463927,25.0482447
114,09,27,09,25,07信義區,信義區吳興街284巷22弄與吳興街284巷30弄口,0,0,1,1,C03,8,6,5,30,4,1,1,5,4,5,13,4,4,9,4,5,2,15,1,38,3,10,6,1,7,9,1,10,1,11,72,1,21,121.5616729,25.0230546
114,09,27,09,30,08士林區,士林區德行西路112號,0,0,2,1,C03,8,5,5,50,14,9,1,5,4,5,13,4,4,9,5,5,1,17,1,49,2,8,6,1,7,5,1,10,1,12,8,1,21,121.5207089,25.1038876
114,09,27,09,36,05中正區,中正區福州街15號,0,0,1,1,B03,8,6,5,50,14,9,1,5,4,5,13,4,4,9,4,5,2,16,1,33,3,10,7,1,7,11,1,8,1,5,10,1,21,121.5168829,25.0277879
114,09,27,09,50,08士林區,士林區承德路5段與士商路口,0,0,1,1,C03,8,7,5,40,4,1,1,5,4,5,13,1,1,1,1,5,1,13,1,26,2,9,5,1,7,9,1,10,1,11,108,1,21,121.5141528,25.09604417
114,09,27,09,54,06松山區,松山區民權東路4段與敦化北路口,0,0,1,1,C03,8,7,5,50,4,1,1,5,4,5,13,2,1,9,4,5,2,13,2,64,2,9,6,1,7,9,1,10,1,11,16,1,22,121.5513305,25.0616272
114,09,27,09,56,09北投區,北投區福國路與承德路6段口,0,0,1,1,A12,8,5,5,50,14,8,1,5,4,5,13,4,4,5,4,3,2,12,1,65,3,10,3,4,7,9,1,7,1,6,17,1,21,121.5086648,25.1013234
114,09,27,10,05,06松山區,松山區松河街與中坡北路口,0,0,2,1,C03,8,6,5,50,3,1,1,5,4,5,13,2,1,9,4,5,2,17,2,63,2,9,6,1,7,5,1,10,1,11,8,1,21,121.5798932,25.0521045
114,09,27,10,30,01大同區,大同區延平北路4段與延平北路4段294巷口,0,0,1,1,C03,8,7,5,50,14,9,1,5,4,5,13,4,4,1,4,4,2,16,1,19,2,9,6,1,7,7,1,10,1,11,100,1,21,121.5121154,25.0774848
114,09,27,10,35,04大安區,大安區光復南路與光復南路180巷口,0,0,1,1,B03,8,7,5,50,3,2,1,5,4,5,13,4,4,1,4,5,2,17,2,24,3,10,3,4,7,6,1,8,1,2,9,1,21,121.5575824,25.0423508
114,09,27,10,38,08士林區,士林區通河街76巷與承德路4段6巷口,0,0,1,1,C03,8,7,5,30,4,1,1,5,4,5,13,4,4,5,5,5,1,15,1,60,2,9,6,1,7,1,1,10,1,11,72,1,21,121.5198878,25.0797247
114,09,27,10,42,12內湖區,內湖區基湖路35巷13號,0,0,1,1,B03,8,6,5,50,14,9,1,5,4,5,13,4,4,9,5,5,2,17,1,28,3,10,7,1,7,1,1,8,2,17,19,1,21,121.5658399,25.0795692
114,09,27,11,12,08士林區,士林區通河西街2段與延平北路6段口,0,0,1,1,C03,8,5,5,50,5,1,1,5,4,5,13,2,1,9,4,5,1,17,1,60,3,10,6,1,7,9,1,10,1,17,17,1,21,121.4979605,25.0939707
114,09,27,11,14,01大同區,大同區環河堤外便道(自行車道),0,0,1,1,B12,8,5,5,30,14,23,1,5,4,5,13,4,4,10,5,5,2,17,1,30,3,10,7,1,7,9,1,8,1,15,44,1,21,121.508159,25.05685632
114,09,27,12,11,10文山區,文山區木柵路4段與木柵路4段33巷口,0,0,3,1,C03,8,5,5,50,3,1,1,5,4,5,13,2,1,10,5,5,2,16,2,61,2,8,6,1,7,5,1,10,2,12,71,1,22,121.5715365,24.9940583
114,09,27,12,19,02萬華區,萬華區堤外便道(近光復橋),0,0,2,1,C03,8,5,5,40,14,9,5,5,4,5,13,4,4,10,5,5,2,17,1,18,2,9,5,4,7,9,1,10,1,11,16,1,21,121.4907834,25.02324161
114,09,27,12,27,08士林區,士林區福港街與福港街160巷口,0,0,1,1,B03,8,5,5,30,4,2,1,5,4,5,13,4,4,5,1,5,1,15,1,70,3,10,7,1,7,9,1,8,1,4,72,1,21,121.5178044,25.0870926
114,09,27,12,30,08士林區,士林區通河街76巷與承德路4段10巷口,0,0,3,1,C03,8,7,5,30,4,1,1,5,4,5,13,4,4,10,5,5,2,15,1,63,2,9,6,1,7,9,1,10,1,14,72,1,21,121.5201459,25.0801235
114,09,27,12,33,04大安區,大安區敦化南路2段209號,0,0,3,1,C03,8,6,5,50,14,9,1,5,4,5,13,4,4,1,5,5,2,17,2,30,2,9,3,4,7,9,1,10,1,11,16,1,22,121.5489878,25.0254918
114,09,27,12,39,03中山區,中山區遼寧街北側附近,0,0,1,1,B03,8,7,5,30,14,9,1,5,4,5,13,4,4,9,4,5,2,17,1,34,3,10,3,4,7,5,1,8,1,8,8,1,21,121.5421929,25.0573604
114,09,27,12,43,09北投區,北投區永興路1段32巷與永興路1段32巷15弄口,0,0,1,1,C03,8,6,5,30,4,1,1,5,4,5,13,4,4,10,5,5,2,15,1,75,2,9,5,1,7,9,1,10,2,12,72,1,21,121.5001205,25.1380649
114,09,27,12,52,07信義區,信義區吳興街156巷65弄與信安街15巷口,0,0,2,1,B03,8,6,5,50,4,1,1,5,4,5,13,4,4,7,4,5,2,15,2,54,3,10,3,4,7,9,1,8,2,2,72,1,22,121.5595934,25.0276742
114,09,27,13,15,12內湖區,內湖區新湖三路與行愛路口口,0,0,1,1,B03,8,6,5,50,4,2,1,5,4,5,13,2,1,5,5,5,2,16,2,27,3,10,7,1,7,6,1,8,1,6,9,1,21,121.5796342,25.0649839
114,09,27,13,34,07信義區,信義區基隆路2段39巷與吳興街106巷口,0,0,2,1,C03,8,6,5,30,4,1,1,5,4,5,13,4,4,5,5,5,2,16,1,58,2,9,3,4,7,5,1,10,2,12,74,1,21,121.5599263,25.0301761
114,09,27,13,47,03中山區,中山區吉林路299巷與民權東路口側附近2段71巷口,0,0,2,1,C03,8,7,5,50,4,1,1,5,4,5,13,4,4,10,5,5,2,17,2,64,2,9,3,4,7,9,1,10,1,11,44,1,21,121.5316754,25.0631029
114,09,27,13,50,04大安區,大安區延吉街與光復南路308巷口,0,0,2,1,C03,8,7,5,30,4,1,1,5,4,5,13,4,4,5,4,5,2,17,2,27,2,5,6,1,7,9,1,10,1,14,108,1,21,121.5551593,25.0389111
114,09,27,14,28,03中山區,中山區民權東路2段148號,0,0,1,1,C03,8,6,5,50,14,9,1,5,4,5,13,4,4,1,4,5,2,13,1,76,2,9,6,1,7,9,1,10,1,11,16,1,22,121.5343256,25.062368
114,09,27,14,50,04大安區,大安區羅斯福路3段313號,0,0,1,1,C03,8,7,5,50,14,9,1,5,4,5,13,4,4,1,4,5,1,17,1,33,2,9,6,1,7,9,1,10,1,11,16,1,21,121.531304,25.0178201
114,09,27,15,03,03中山區,中山區北安路與明水路口,0,0,2,1,B02,8,6,5,50,3,1,1,5,4,5,13,1,1,3,4,5,2,17,1,71,2,7,7,1,7,9,1,8,7,8,21,1,21,121.5386688,25.07779065
114,09,27,15,33,07信義區,信義區逸仙路與逸仙路42巷口口,0,0,1,1,B02,8,6,5,50,3,1,1,5,4,5,13,4,4,5,4,5,2,16,1,43,3,10,3,4,7,6,1,8,1,2,9,1,22,121.5616221,25.0402091
114,09,27,15,40,07信義區,信義區崇德街032燈桿,0,0,2,1,C03,8,6,5,30,11,9,1,5,4,5,13,4,4,10,5,5,2,10,2,23,2,7,6,1,7,9,1,10,1,11,5,1,21,121.5652745,25.01677867
114,09,27,15,45,08士林區,士林區中山北路5段與中山北路5段470巷口,0,0,1,1,B03,8,6,5,50,3,1,1,5,4,5,13,4,4,4,4,5,2,17,1,36,3,10,3,4,7,6,1,8,1,2,9,1,21,121.5278813,25.0922475
114,09,27,15,51,09北投區,北投區文化三路73號,0,0,1,1,C03,8,5,5,30,14,9,1,5,4,5,13,4,4,10,5,5,2,16,2,67,2,9,5,1,7,1,1,10,1,14,19,1,21,121.4982301,25.14033349
114,09,27,16,23,08士林區,士林區天母西路62巷天壽公園旁,0,0,1,1,C03,8,6,5,30,11,9,1,5,4,5,13,4,4,10,5,5,2,13,1,19,2,9,6,1,7,9,1,10,1,11,16,1,25,121.5252917,25.11457986
114,09,27,16,30,03中山區,中山區建國北路2段226巷與民生東路口側附近2段159巷口,0,0,1,1,C03,8,7,5,30,4,1,1,5,4,5,13,4,4,10,5,5,2,17,1,58,2,7,3,4,7,9,1,10,1,12,72,1,21,121.5361007,25.061035
114,09,27,16,50,08士林區,士林區文林路398號,0,0,1,1,B01,8,6,5,50,14,9,1,5,4,5,13,4,4,10,3,5,1,9,1,61,3,10,7,1,7,1,1,4,2,6,19,1,21,121.5250324,25.0937441
114,09,27,16,52,05中正區,中正區南昌路1段與愛國西路口,0,0,1,1,B03,8,6,5,50,4,1,1,5,4,5,13,1,1,1,4,5,2,17,1,52,3,10,7,1,7,9,1,8,1,17,81,1,21,121.5151732,25.0347467
114,09,27,17,00,12內湖區,內湖區堤外便道五分吊橋,0,0,2,1,C03,8,6,5,50,3,1,1,5,4,5,13,2,1,5,5,5,2,17,1,28,2,9,6,1,7,9,1,10,2,11,81,1,21,121.6138494,25.0654086
114,09,27,17,02,08士林區,士林區至善路2段421巷與至善路2段口,0,0,2,1,B03,8,7,5,40,4,2,1,5,4,5,13,1,1,3,4,5,1,16,1,23,2,7,3,4,7,9,1,8,2,8,13,1,21,121.5575267,25.1075347
114,09,27,17,05,03中山區,中山區大佳河濱公園往西第111號停車格對面,0,0,2,1,B03,8,6,5,50,14,9,1,5,4,5,13,4,4,5,5,5,2,12,1,37,3,10,3,4,7,14,1,8,1,5,40,1,22,121.5362309,25.07223116
114,09,27,17,30,10文山區,文山區萬芳路9號,0,0,1,1,C03,8,6,5,40,14,9,1,5,4,5,13,4,4,5,4,5,1,18,1,37,2,9,6,1,7,9,1,10,1,14,44,1,21,121.5706017,24.9982989
114,09,27,17,48,08士林區,士林區延平北路6段56號,0,0,1,1,F01,8,5,5,50,14,9,1,5,4,5,13,4,4,9,4,5,1,18,2,66,2,9,3,4,7,9,8,20,1,15,116,1,21,121.5090811,25.088359
114,09,27,17,48,10文山區,文山區萬壽橋與木柵路4段口,0,0,1,1,B03,8,6,5,50,4,18,1,5,4,5,13,2,1,10,5,5,2,2,1,42,3,10,7,1,7,6,1,8,2,1,70,1,21,121.571185,24.9918283
114,09,27,17,53,03中山區,中山區林森北路與雙城街3巷口,0,0,1,1,C03,8,5,5,50,14,9,1,5,4,5,13,4,4,5,5,5,2,13,1,20,2,9,5,1,7,9,1,10,1,11,108,1,22,121.5255548,25.0634501
114,09,27,17,55,07信義區,信義區松壽路與基隆路1段口,0,0,2,1,C03,8,5,5,50,14,9,1,5,4,5,13,2,1,5,4,5,2,13,2,37,2,8,6,1,7,9,1,10,1,11,108,1,21,121.5619109,25.0359784
114,09,27,18,16,05中正區,中正區仁愛路2段94號,0,0,1,1,B03,8,5,5,50,14,8,1,5,4,5,13,4,4,1,4,1,2,12,1,41,3,10,7,1,7,8,1,8,1,2,100,1,21,121.5315541,25.03808038
114,09,27,18,18,04大安區,大安區忠孝東路4段248巷與延吉街126巷口,0,0,1,1,B03,8,5,5,30,4,1,1,5,4,5,13,4,4,10,5,5,1,1,1,42,3,10,3,4,7,5,1,8,11,4,70,1,21,121.5541011,25.0403489
114,09,27,18,23,10文山區,文山區興隆路2段與興隆路2段220巷口,0,0,1,1,C03,8,5,5,50,4,2,1,5,4,5,13,2,1,3,4,5,2,16,2,27,2,9,6,1,7,5,1,10,1,14,71,1,21,121.5527178,25.0015219
114,09,27,18,36,03中山區,中山區松江路與錦州街口,0,0,2,1,C03,8,5,5,50,4,2,1,5,4,5,13,2,1,1,5,5,2,13,2,44,2,9,6,1,7,6,1,10,1,11,44,1,22,121.5332747,25.0601194
114,09,27,19,03,08士林區,士林區通河西街2段與社正路口,0,0,1,1,B03,8,5,5,30,4,1,1,5,4,5,13,2,1,5,5,5,2,17,1,43,3,10,3,4,7,5,1,8,1,5,8,1,21,121.511646,25.0890178
114,09,27,19,07,07信義區,信義區松山路與松山路540巷口口,0,0,1,1,B03,7,5,8,30,4,1,1,5,4,5,13,1,1,9,5,5,2,17,1,56,3,10,7,1,7,5,1,8,1,4,8,1,22,121.5781672,25.0377038
114,09,27,19,39,08士林區,士林區天母東路8巷與天母東路8巷31弄口,0,0,1,1,C03,8,5,5,30,4,2,1,5,4,5,13,4,4,10,2,5,1,17,2,59,2,9,6,1,7,15,1,10,2,14,74,1,21,121.5317199,25.1167328
114,09,27,19,46,07信義區,信義區市民大道6段與松信路口,0,0,2,1,B02,8,6,5,40,14,9,1,5,4,5,13,1,1,1,4,5,2,13,1,18,3,10,7,1,7,9,1,15,2,1,108,1,22,121.572007,25.0492027
114,09,27,20,49,09北投區,北投區知行路3015031號燈桿旁,0,0,1,1,C03,7,5,5,50,14,9,1,5,4,5,13,4,4,9,5,5,2,13,1,19,2,1,5,1,7,9,1,10,1,11,108,1,21,121.4625212,25.1205021
114,09,27,21,56,10文山區,文山區木新路3段144號前,0,0,1,1,C03,8,5,5,50,14,9,1,5,4,5,13,4,4,5,5,4,2,13,1,20,2,9,3,4,7,9,1,10,1,11,108,1,22,121.5617757,24.9819654
114,09,27,22,21,01大同區,大同區承德路3段183號,0,0,1,1,C03,8,5,5,50,14,9,1,5,4,5,13,4,4,1,4,5,2,13,1,34,2,9,6,1,7,9,1,10,2,11,44,1,21,121.5185072,25.0690428
114,09,27,23,17,05中正區,中正區杭州南路1段與杭州南路1段71巷口,0,0,1,1,B03,8,5,5,30,3,1,1,5,4,5,13,4,4,10,5,5,1,16,2,47,3,10,7,1,7,6,1,8,2,5,80,1,22,121.5257031,25.0397737
114,09,27,23,48,08士林區,士林區中山北路5段與劍潭路口,0,0,1,1,B03,8,5,5,50,4,2,1,5,4,5,13,1,1,10,4,5,1,17,1,25,3,10,7,1,7,5,1,8,2,5,99,1,21,121.5253555,25.08415865
114,09,28,00,02,04大安區,大安區仁愛路4段與敦化南路1段口,0,0,1,1,C03,8,5,5,50,5,1,1,5,4,5,13,2,1,1,2,5,2,16,2,21,2,9,6,4,7,6,1,10,1,14,9,1,21,121.5485495,25.03704918
114,09,28,00,09,07信義區,信義區永吉路120巷與永吉路30巷101弄口,0,1,1,1,B03,8,5,5,50,4,1,1,5,4,5,13,1,1,5,4,5,2,15,1,41,3,10,7,1,7,9,1,8,2,8,44,1,21,121.5702704,25.0434951
114,09,28,00,16,11南港區,南港區忠孝東路6段與永吉路口,0,0,1,1,B03,8,5,5,50,5,1,1,5,4,5,13,2,1,1,3,5,2,16,1,68,3,10,3,4,7,6,1,8,1,2,9,1,21,121.582649,25.0453708
114,09,28,02,54,07信義區,信義區忠孝東路5段71巷與基隆路1段147巷口,0,0,2,1,C03,8,5,5,30,4,1,1,5,4,5,13,4,4,10,5,5,2,15,2,19,2,9,6,1,7,9,1,10,2,11,72,1,22,121.567341,25.0423788
114,09,28,07,40,01大同區,大同區民生西路與重慶北路2段口,0,0,1,1,B03,8,6,5,50,4,1,1,5,4,5,13,2,1,8,3,5,2,12,2,34,3,10,7,1,7,11,1,8,1,8,44,1,21,121.5140937,25.0570025
114,09,28,07,58,03中山區,中山區北安路與大直街口,0,0,1,1,B03,8,7,5,50,5,1,1,5,4,5,13,1,1,1,4,5,2,16,2,42,3,10,7,1,7,5,1,8,1,8,8,1,22,121.5472659,25.0798563
114,09,28,08,00,12內湖區,內湖區舊宗路2段213巷1號附近側附近,0,0,1,1,B03,8,7,5,50,14,9,1,5,4,5,13,4,4,1,4,5,2,12,1,30,3,10,7,1,7,8,1,8,1,6,99,1,21,121.5732611,25.073483
114,09,28,08,03,02萬華區,萬華區萬大路與萬大路493巷口,0,0,1,1,C03,8,7,5,50,3,1,1,5,4,5,13,1,1,1,3,5,2,17,4,0,,,,,,,,,,,119,2,,121.4978024,25.0201014
114,09,28,08,25,08士林區,士林區雨農路與忠勇街口口,0,0,1,1,B03,8,6,5,50,4,1,1,5,4,5,13,1,1,8,3,5,1,17,2,52,3,10,7,1,7,5,1,8,1,2,71,1,21,121.5324341,25.0984174
114,09,28,08,53,07信義區,信義區光復南路457號,0,0,1,1,B03,8,6,5,50,14,9,1,5,4,5,13,4,4,9,4,5,2,12,1,55,3,10,7,1,7,7,1,8,1,2,100,1,21,121.5575922,25.0344472
114,09,28,09,40,07信義區,信義區市民大道6段0604811號燈桿,0,0,1,1,C03,8,7,5,50,14,9,1,5,4,5,13,4,4,1,4,5,2,17,2,32,2,9,3,4,7,9,1,10,1,11,44,1,21,121.5714548,25.04920473
114,09,28,09,41,02萬華區,萬華區萬大路322巷與德昌街67巷口,0,0,1,1,C03,8,7,5,30,4,1,1,5,4,5,13,4,4,10,5,5,2,15,1,48,2,9,3,4,7,9,1,10,1,12,72,1,22,121.4982967,25.0245596
114,09,28,09,43,07信義區,信義區松高路與松高路20巷口,0,0,1,1,C03,8,7,5,50,3,1,1,5,4,5,13,4,4,9,4,5,2,17,2,22,2,9,5,1,7,5,1,10,2,11,80,1,21,121.5676351,25.03902
114,09,28,09,57,02萬華區,萬華區萬青街與青年路68巷口,0,0,2,1,C03,8,7,5,30,4,1,1,5,4,5,13,3,1,9,5,5,2,15,1,60,2,9,3,4,7,9,1,10,1,11,72,1,22,121.5015887,25.0235777
114,09,28,10,10,01大同區,大同區民生西路與太原路口,0,0,2,1,B03,8,5,5,50,3,2,1,5,4,5,13,2,1,9,4,5,1,16,2,31,3,10,3,4,7,6,1,8,1,2,9,1,21,121.51692,25.0571205
114,09,28,10,30,02萬華區,萬華區青年路152巷與萬大路423巷36弄口,0,0,2,1,C03,8,6,5,30,4,1,1,5,4,5,13,4,4,5,5,5,2,17,1,33,2,8,6,1,7,9,1,10,1,14,72,1,21,121.500714,25.0196762
114,09,28,10,30,05中正區,中正區西藏路與中華路2段口口,0,0,1,1,B03,8,6,5,30,4,1,1,5,4,5,13,1,1,5,4,5,2,12,1,51,3,10,3,4,7,9,1,8,2,4,108,1,21,121.5042954,25.0300132
114,09,28,10,34,11南港區,南港區中坡南路與中坡南路31巷口,0,0,2,1,C03,8,7,5,30,4,1,1,5,4,5,13,4,4,4,4,4,2,17,1,55,2,9,5,1,7,9,1,10,1,14,72,1,21,121.5832378,25.0431252
114,09,28,10,49,01大同區,大同區安西街與延平北路2段272巷口,0,0,2,1,C03,8,6,5,30,4,1,1,5,4,5,13,4,4,10,5,5,2,15,1,66,2,9,6,4,7,9,1,10,2,12,72,1,22,121.5097503,25.0620823
114,09,28,11,07,10文山區,文山區木柵路5段與文和橋口,0,0,1,1,C03,8,5,5,50,3,2,1,5,4,5,13,2,1,5,4,5,2,17,1,33,3,10,6,1,7,9,1,10,2,11,108,1,21,121.5949203,25.0019258
114,09,28,11,10,03中山區,中山區大直街與北安路口,0,0,2,1,C03,8,5,5,50,4,1,1,5,4,5,13,1,1,1,4,5,2,16,2,21,2,8,3,4,7,5,1,8,1,11,96,1,21,121.5474882,25.07996527
114,09,28,11,28,12內湖區,內湖區金湖路與金湖路46巷口,0,0,1,1,B12,8,7,5,30,4,18,1,5,4,5,13,2,1,1,4,5,1,3,1,57,4,11,3,4,7,5,7,19,11,15,70,2,21,121.5966863,25.0822703
114,09,28,11,35,07信義區,信義區信安街103巷22-6號,0,0,1,1,F01,8,7,8,30,22,22,1,5,4,5,13,4,4,10,5,5,2,17,1,18,3,10,4,1,7,5,8,20,1,17,80,1,21,121.5602666,25.0247344
114,09,28,12,05,08士林區,士林區中正路與承德路5段口,0,0,1,1,B03,8,7,5,30,4,1,1,5,4,1,11,4,4,1,5,5,2,17,2,38,3,10,7,1,7,6,1,8,1,2,98,1,21,121.5164542,25.09112063
114,09,28,12,20,05中正區,中正區基隆路4段與羅斯福路4段口口,0,0,1,1,C03,8,6,5,50,5,1,1,5,4,5,13,1,1,1,4,5,2,16,1,26,3,10,5,1,7,5,1,10,1,13,96,1,21,121.5372086,25.0114281
114,09,28,12,47,07信義區,信義區信義路5段與松仁路口,0,0,1,1,C04,8,6,5,50,4,2,1,5,4,5,13,1,1,1,4,5,2,12,2,24,2,9,5,1,7,7,1,10,1,13,100,1,22,121.5682893,25.0327565
114,09,28,12,50,01大同區,大同區承德路3段與敦煌路口,0,0,1,1,B03,8,7,5,50,4,2,1,5,4,5,13,1,1,1,4,4,2,13,1,63,3,10,7,1,7,9,1,8,1,1,108,1,21,121.5201641,25.0749558
114,09,28,13,13,09北投區,北投區承德路6段58號停車格,0,0,2,1,C02,8,6,5,50,14,8,1,5,4,5,13,4,4,1,4,4,2,13,1,19,2,9,5,1,7,10,1,10,1,11,100,1,21,121.5124275,25.10214769