發生年度,發生月,發生日,發生時-Hours,發生分,區序,肇事地點,死亡人數,2-30日死亡人數,受傷人數,當事人序號,車種,天候,光線,道路類別,速限-速度限制,道路型態,事故位置,路面狀況1,路面狀況2,路面狀況3,道路障礙1,道路障礙2,號誌1,號誌2,車道劃分-分向,車道劃分-分道1,車道劃分-分道2,車道劃分-分道3,事故類型及型態,性別,年齡,受傷程度,主要傷處,保護裝置,行動電話,車輛用途,當事者行動狀態,駕駛資格情形,駕駛執照種類,飲酒情形,車輛撞擊部位1,肇因碼-個別,個人肇逃否,職業,座標-X,座標-Y
114,09,28,14,07,04大安區,大安區基隆路3段與長興街口,0,0,2,1,C03,8,5,5,50,4,2,1,5,4,5,13,2,1,8,3,5,1,13,2,42,2,9,5,1,7,9,1,10,1,11,44,1,21,121.544068,25.0171949
114,09,28,14,50,05中正區,中正區泰安街與泰安街6巷口,0,0,1,1,B03,8,6,5,30,4,1,1,5,4,5,13,4,4,10,5,5,2,15,2,46,3,10,7,1,7,9,1,8,1,8,72,1,22,121.5280633,25.0400741
114,09,28,15,00,07信義區,信義區信義路5段與松智路口口,0,0,1,1,B01,8,6,5,50,4,2,1,5,4,5,13,2,1,5,4,5,2,17,1,65,3,10,3,4,7,6,1,4,1,5,44,1,26,121.5654718,25.03308
114,09,28,15,10,12內湖區,內湖區堤外便道與五分街口,0,0,1,1,C03,8,7,5,50,4,2,1,5,4,5,13,1,1,5,5,5,2,13,2,27,3,10,5,1,7,9,1,10,1,11,16,1,21,121.6178638,25.0657918
114,09,28,15,35,02萬華區,萬華區國興路與國興路1巷口,0,0,1,1,B03,8,6,5,30,3,2,1,5,4,5,13,2,1,5,5,5,2,17,2,46,3,10,7,1,7,6,1,8,1,2,44,1,21,121.5084722,25.0243152
114,09,28,15,47,09北投區,北投區崇仁路1段與崇仁路1段17巷口,0,0,2,1,C03,8,5,5,30,4,1,1,5,4,5,13,4,4,5,4,5,2,15,2,29,2,9,5,1,7,9,1,10,1,14,72,1,21,121.5233345,25.1158483
114,09,28,16,08,03中山區,中山區中山北路4段與新生高架道口橋下,0,0,1,1,C03,8,6,5,30,3,1,1,5,4,5,13,1,1,1,5,5,1,15,1,19,2,9,3,4,7,9,1,10,1,11,108,1,21,121.5250973,25.07680491
114,09,28,16,19,03中山區,中山區林森北路與錦州街口,0,0,1,1,B01,8,7,5,50,5,1,1,5,4,5,13,1,1,5,5,5,2,16,1,57,3,10,7,1,7,5,1,4,1,2,8,1,22,121.5255312,25.0603514
114,09,28,16,26,12內湖區,內湖區康寧路3段245巷與五分街14巷口,0,0,1,1,C03,8,7,5,40,3,1,1,5,4,5,13,4,4,4,5,5,1,17,2,59,2,9,6,1,7,5,1,10,1,12,8,1,21,121.6133734,25.0663496
114,09,28,17,48,07信義區,信義區松勇路人行道(Youbike2.0興雅國中站旁),0,0,2,1,F02,8,5,5,0,14,20,4,5,4,5,13,4,4,10,5,5,2,17,1,45,2,9,5,4,7,9,8,20,1,11,108,1,22,121.5697595,25.03621574
114,09,28,18,23,07信義區,信義區吳興街166號,0,0,2,1,F01,8,5,5,30,14,9,1,5,4,5,13,4,4,8,5,5,2,10,2,72,2,9,4,1,7,9,8,20,1,11,4,1,21,121.5622439,25.0287573
114,09,28,18,28,09北投區,北投區大業路與承德路7段口,0,0,1,1,B03,8,5,5,50,5,1,1,5,4,5,13,2,1,1,4,5,1,16,2,28,3,10,7,1,7,9,1,8,1,2,44,1,22,121.4995976,25.1210824
114,09,28,18,33,11南港區,南港區東新街與東新街171巷2弄口口,0,0,1,1,B01,8,5,5,30,3,1,1,5,4,5,13,4,4,5,5,5,2,17,1,57,3,10,7,1,7,5,1,4,1,8,72,1,21,121.5941771,25.0476825
114,09,28,18,43,03中山區,中山區民權東路1段57號,0,0,1,1,F01,8,5,5,0,14,20,4,5,4,5,13,4,4,10,5,5,2,16,1,9,2,7,4,1,7,10,8,20,1,11,100,1,21,121.5250478,25.0628607
114,09,28,19,54,12內湖區,內湖區文德路208巷12號前,0,0,1,1,B03,8,5,5,50,14,9,1,5,4,5,13,4,4,9,5,5,2,17,2,43,3,10,7,1,7,9,1,8,1,1,16,1,21,121.583639,25.0776702
114,09,28,20,07,08士林區,士林區格致路與光華路口,0,0,1,1,B03,8,5,5,50,3,2,1,5,4,5,13,4,4,9,4,5,1,17,1,50,3,10,3,4,7,6,1,8,2,8,9,1,21,121.5462283,25.1369261
114,09,28,20,35,02萬華區,萬華區環河南路1段與貴陽街2段口,0,0,2,1,C03,8,5,5,50,3,2,2,5,4,5,13,1,1,1,5,5,2,17,2,54,2,8,5,1,7,5,1,10,1,14,17,1,21,121.4979613,25.0403513
114,09,28,20,44,07信義區,信義區永吉路120巷與永吉路口,0,0,1,1,B03,8,5,5,50,5,2,1,5,4,5,13,1,1,1,4,5,1,17,2,47,3,10,7,1,7,5,1,8,1,8,80,1,22,121.5702985,25.0454728
114,09,28,21,06,09北投區,北投區裕民一路與裕民二路口,0,0,1,1,C03,7,5,5,50,3,1,1,5,4,5,13,4,4,10,5,5,2,3,1,39,3,10,5,1,7,5,1,10,1,11,70,1,21,121.5172389,25.11657576
114,09,28,21,14,08士林區,士林區忠義街79號,0,0,2,1,C03,8,5,5,40,14,9,1,5,4,5,13,4,4,5,5,5,2,3,1,73,2,9,6,1,7,9,1,10,2,11,108,1,21,121.5319238,25.1061549
114,09,28,21,29,07信義區,信義區忠孝東路4段與忠孝東路4段553巷口,0,0,1,1,B03,8,5,5,50,4,2,1,5,4,5,13,1,1,1,4,5,2,3,1,55,4,11,3,4,7,,7,,11,,119,2,,121.5624019,25.0410316
114,09,28,22,29,07信義區,信義區信義路5段2號,0,0,1,1,C03,8,5,5,50,14,9,1,5,4,5,13,4,4,3,3,5,2,18,2,21,2,9,6,1,7,9,1,10,1,11,44,1,21,121.5597178,25.0329363
114,09,28,23,24,10文山區,文山區木柵路3段7號前,0,0,1,1,C03,8,5,5,0,14,20,4,5,4,5,13,4,4,10,5,5,2,18,1,46,2,1,5,1,7,9,6,18,4,12,21,1,21,121.5647589,24.9884977
114,09,29,00,08,03中山區,中山區民生東路1段與新生北路2段口,0,0,1,1,C03,8,5,5,50,4,1,1,5,4,5,13,1,1,4,3,5,1,17,1,113,4,11,3,4,7,21,7,19,11,15,44,2,22,121.5273657,25.05807801
114,09,29,00,10,01大同區,大同區塔城街與長安西路口,0,0,1,1,C03,7,5,5,50,4,4,1,5,4,5,13,2,1,5,4,5,2,17,2,30,3,10,5,4,7,9,1,10,1,11,16,1,21,121.5106125,25.0522932
114,09,29,00,30,07信義區,信義區松壽路與松智路口口,0,0,2,1,B03,8,5,5,50,4,1,1,5,4,5,13,2,1,5,4,5,2,15,2,22,3,10,3,4,7,11,1,8,2,1,10,1,22,121.5654648,25.0358373
114,09,29,02,20,08士林區,士林區菁山路101巷85號,0,0,1,1,B02,8,5,8,50,22,22,1,5,4,5,13,4,4,4,5,5,1,17,1,18,3,10,7,1,7,6,1,8,1,1,4,1,21,121.5615669,25.15658521
114,09,29,07,52,04大安區,大安區信義路3段與信義路3段157巷口,0,0,1,1,C02,8,6,5,50,3,1,1,5,3,5,13,4,4,1,3,5,2,16,1,57,3,10,6,1,7,8,1,9,1,14,100,1,21,121.5430903,25.0334981
114,09,29,08,55,12內湖區,內湖區麗山街348巷10弄17號,0,0,1,1,C03,8,7,5,30,14,9,1,5,4,5,13,4,4,10,5,5,2,13,1,50,2,8,6,1,7,1,1,10,2,11,116,1,21,121.5737445,25.0824674
114,09,29,09,31,03中山區,中山區民族東路84號,0,0,1,1,C03,8,7,5,50,14,9,1,5,4,5,13,4,4,1,4,5,2,17,2,49,2,9,5,1,7,7,1,10,1,14,44,1,21,121.5263675,25.0683543
114,09,29,09,40,04大安區,大安區辛亥路3段與臥龍街188巷口,0,0,1,1,B03,8,5,5,30,3,1,1,5,4,5,13,1,1,1,5,5,2,17,1,67,3,10,3,4,7,6,1,8,11,17,73,2,21,121.5503814,25.0162192
114,09,29,09,49,05中正區,中正區汀州路3段與汀州路3段60巷口,0,0,1,1,B01,8,7,5,50,4,1,1,5,4,5,13,1,1,5,5,5,2,17,1,48,3,10,7,1,7,5,1,4,1,4,80,1,22,121.5313409,25.0157044
114,09,29,10,36,08士林區,士林區福華路與德行西路口,0,0,2,1,B03,8,6,5,50,4,1,1,5,4,5,13,2,1,6,3,5,2,12,1,40,3,10,7,1,7,9,1,8,2,2,108,1,21,121.5222553,25.1051035
114,09,29,10,40,02萬華區,萬華區西園路2段與西園路2段320巷口,0,0,1,1,C03,8,6,5,30,3,1,1,5,4,5,13,2,1,10,5,5,1,17,2,17,2,8,3,4,7,6,2,18,2,14,108,1,22,121.4924276,25.0259532
114,09,29,11,19,08士林區,士林區中山北路6段374號,0,0,1,1,F03,8,6,5,50,14,9,1,5,4,5,13,4,4,1,4,5,1,17,2,64,3,10,6,1,7,7,8,20,11,17,100,2,21,121.5185661,25.08754404
114,09,29,11,45,03中山區,中山區吉林路與民權東路2段口,0,0,1,1,C03,8,6,5,50,4,1,1,5,4,5,13,1,1,5,4,4,2,16,1,42,2,9,5,1,7,5,1,10,1,13,44,1,21,121.5303122,25.0626146
114,09,29,12,22,05中正區,中正區重慶南路3段與和平西路1段口,0,0,3,1,C03,8,6,5,50,5,1,1,5,4,5,13,1,1,1,4,5,2,17,1,71,2,9,5,1,7,6,1,10,2,12,9,1,21,121.5161135,25.0271195
114,09,29,12,29,09北投區,北投區永興路1段與中和街口,0,0,1,1,C03,8,6,5,50,4,2,1,5,4,5,13,1,1,5,5,5,2,16,1,65,2,9,6,1,7,5,1,10,2,14,71,1,26,121.5010107,25.13973363
114,09,29,14,34,04大安區,大安區潮州街與永康街口,0,0,1,1,B03,8,5,5,30,4,1,1,5,4,5,13,4,4,10,5,5,2,15,2,48,3,10,7,1,7,9,1,8,1,4,72,1,21,121.5296131,25.0283873
114,09,29,14,40,05中正區,中正區林森南路與林森南路61巷口,0,0,3,1,B03,8,6,5,50,3,2,1,5,4,5,13,1,1,5,4,5,2,16,1,49,2,7,7,4,7,6,1,8,2,8,9,1,22,121.5218517,25.03940348
114,09,29,14,50,04大安區,大安區忠孝東路3段289號,0,0,2,1,C03,7,5,5,50,14,9,1,5,4,5,13,4,4,3,5,5,2,12,2,55,2,9,6,1,7,9,1,10,1,14,17,1,21,121.5427845,25.0417331
114,09,29,15,35,08士林區,士林區福林路100巷與福林路口,0,0,1,1,B03,7,6,5,50,3,1,1,5,4,5,13,3,1,5,5,5,1,17,1,69,3,10,7,1,7,6,1,8,1,2,9,1,22,121.5311664,25.0957432
114,09,29,15,36,06松山區,松山區復興北路231巷與民生東路3段110巷口,0,0,1,1,C03,6,6,5,30,4,1,1,4,4,5,13,4,4,10,5,5,2,15,1,56,2,9,6,4,7,9,1,10,2,11,75,1,21,121.5448145,25.0570491
114,09,29,16,20,05中正區,中正區羅斯福路1段與寧波西街口,0,0,1,1,B03,6,7,5,50,4,1,1,4,4,5,13,2,1,1,4,4,2,1,1,54,3,10,3,4,7,5,1,8,9,15,70,2,28,121.5190528,25.0317626
114,09,29,16,24,04大安區,大安區和平東路2段265巷與復興南路2段193巷口,0,0,1,1,B01,8,5,5,30,4,1,1,5,4,5,13,4,4,4,4,5,2,15,1,33,3,10,7,1,7,9,1,4,1,1,108,1,21,121.5440571,25.0265491
114,09,29,16,30,08士林區,士林區福林路與自祥街口,0,0,1,1,B01,8,6,5,50,3,2,1,5,4,5,13,2,1,9,4,5,1,13,1,61,3,10,7,1,7,9,1,4,1,1,108,1,21,121.5330329,25.0970687
114,09,29,16,32,11南港區,南港區南港路2段與南港路2段41巷口口,0,0,1,1,B03,8,7,5,50,3,1,1,5,4,5,13,1,1,4,3,4,2,16,1,43,3,10,7,1,7,5,1,8,1,8,71,1,21,121.6026458,25.0536025
114,09,29,17,25,12內湖區,內湖區康寧路1段191號對面20號汽車格,0,0,1,1,B03,8,5,5,30,14,9,1,5,4,5,13,4,4,9,4,5,2,14,1,42,3,10,7,1,7,2,1,8,1,3,12,1,21,121.5968414,25.0784278
114,09,29,17,31,10文山區,文山區羅斯福路5段與萬盛街口,0,0,2,1,C03,8,6,5,50,4,2,1,5,4,5,13,2,1,1,4,5,2,12,1,28,2,7,6,1,7,8,1,10,2,12,100,1,21,121.5382517,25.0082343
114,09,29,17,44,06松山區,松山區塔悠路40號,0,0,1,1,F01,8,6,5,50,14,9,1,5,4,5,13,2,1,3,4,4,2,17,1,86,2,9,4,4,7,9,8,20,2,17,85,1,22,121.570845,25.0508792
114,09,29,17,56,05中正區,中正區汀州路1段196號,0,0,1,1,C03,8,5,5,50,14,9,1,5,4,5,13,4,4,5,5,5,2,17,2,56,2,8,5,1,7,9,1,11,2,17,108,1,22,121.5092457,25.0281541
114,09,29,18,22,04大安區,大安區羅斯福路4段1號與辛亥路2段口,0,0,1,1,B02,8,5,5,50,14,9,1,5,4,5,13,1,1,1,5,5,2,16,1,38,3,10,7,1,7,6,1,8,1,5,9,1,21,121.5361272,25.0222389
114,09,29,18,50,09北投區,北投區大度路電桿B6059CA97,1,0,0,1,C03,8,5,5,50,14,9,1,5,4,5,13,4,4,1,4,1,1,18,1,56,1,1,6,1,7,9,1,10,9,15,42,1,21,121.4877754,25.1222016
114,09,29,19,02,01大同區,大同區萬全街1巷與萬全街口,0,0,1,1,C03,7,5,5,30,3,2,1,5,4,5,13,4,4,10,5,5,2,17,1,52,4,11,3,4,7,21,1,9,9,17,86,2,21,121.5204532,25.0580018
114,09,29,20,07,08士林區,士林區士東路299巷與士東路口,0,0,1,1,B03,8,5,5,50,3,2,1,5,4,5,13,4,4,1,4,5,1,17,1,50,3,10,7,1,7,8,1,8,11,17,101,2,21,121.5375929,25.1136248
114,09,29,21,51,07信義區,信義區市府路與松壽路口,0,0,2,1,B03,8,5,5,50,4,1,1,5,4,5,13,1,1,9,4,5,2,17,1,30,3,10,7,1,7,5,1,8,1,5,71,1,22,121.5636221,25.0359494
114,09,29,21,58,10文山區,文山區辛亥路6段9號,0,0,1,1,B03,8,5,5,50,11,9,1,5,4,1,13,4,4,1,4,5,1,28,1,34,3,10,7,1,7,9,1,8,1,5,108,1,21,121.5516449,24.9913805
114,09,29,22,21,03中山區,中山區中山北路2段與民權東路1段口,0,0,2,1,C03,8,5,5,50,4,1,1,5,4,5,13,2,1,1,4,5,2,12,2,26,3,10,6,1,7,9,1,10,1,12,101,1,21,121.522805,25.0625805
114,09,30,00,41,06松山區,松山區敦化北路4巷與南京東路3段256巷口,0,0,1,1,B11,8,6,5,30,4,1,1,5,4,5,13,3,1,10,5,5,2,15,1,33,3,10,3,4,7,9,1,4,2,8,72,1,22,121.5446986,25.0502072
114,09,30,02,59,06松山區,松山區南京東路5段與光復北路口,0,0,2,1,B03,8,5,5,50,4,1,1,5,4,5,13,2,1,1,3,5,2,17,1,19,3,10,7,1,7,5,1,8,2,4,108,1,22,121.5578965,25.0512728
114,09,30,05,00,11南港區,(忠孝東路6段360號對面),0,0,2,1,C03,7,5,5,50,5,2,1,5,4,5,13,2,1,1,2,4,2,13,2,61,2,9,6,1,7,9,1,10,1,11,108,1,21,121.5915364,25.0499154
114,09,30,06,24,10文山區,文山區懷恩隧道北往南方向,0,0,1,1,C03,8,5,5,50,11,9,1,5,4,5,13,4,4,10,2,5,2,18,1,50,2,9,5,1,7,9,1,10,1,14,44,1,21,121.5513449,24.9918026
114,09,30,06,36,02萬華區,萬華區忠孝西路2段與中華路1段口,0,0,2,1,C03,8,6,5,50,4,1,1,5,4,5,13,1,1,10,5,5,2,13,1,69,2,9,6,1,7,9,1,10,1,11,16,1,21,121.5096441,25.0480436
114,09,30,07,23,04大安區,大安區忠孝東路4段與忠孝東路4段49巷口,0,0,1,1,B03,8,6,5,50,3,1,1,5,4,5,13,4,4,1,3,5,2,16,1,61,3,10,7,1,7,6,1,8,1,2,9,1,21,121.5452884,25.0417198
114,09,30,07,24,09北投區,北投區大度路3段270巷67號,0,0,1,1,B03,8,5,5,30,14,9,1,5,4,5,13,4,4,10,4,5,1,12,2,42,3,10,7,1,7,9,1,8,1,4,108,1,21,121.4671924,25.1252592
114,09,30,07,29,09北投區,北投區西安街1段與西安街1段313巷口,0,0,1,1,C03,8,6,5,50,3,18,1,5,4,5,13,4,4,10,4,5,2,3,2,60,3,10,5,1,7,15,1,10,1,11,70,1,21,121.5162632,25.1130402
114,09,30,07,45,11南港區,南港區南港路1段與惠民街口,0,0,1,1,B01,8,6,5,50,3,1,1,5,4,5,13,1,1,5,5,5,2,17,1,52,3,10,3,4,7,5,1,4,9,17,74,1,21,121.6102989,25.0550298
114,09,30,07,51,05中正區,中正區南陽街與襄陽路口,0,0,1,1,C03,8,5,5,50,3,1,1,5,4,5,13,4,4,9,4,5,2,16,1,62,2,8,5,1,7,5,1,10,1,11,8,1,21,121.5160551,25.04339915
114,09,30,07,55,06松山區,松山區敦化北路與敦化北路口路燈No.0205483,0,0,2,1,B03,8,7,8,50,3,1,1,5,4,5,13,4,4,1,4,4,2,17,2,38,3,10,7,1,7,5,1,8,1,5,72,1,21,121.5487764,25.0563358
114,09,30,07,59,08士林區,士林區至善路1段與福林路254巷口,0,0,1,1,B03,8,6,5,40,11,8,1,5,4,5,13,3,1,1,4,4,1,12,2,53,3,10,3,4,7,9,1,8,1,2,118,1,22,121.5378213,25.0981931
114,09,30,08,05,08士林區,士林區延平北路6段511巷社子島快樂自行車道,0,0,1,1,B12,8,6,5,30,14,23,1,5,4,5,13,4,4,10,5,5,2,17,4,49,,,,,,,,,11,,119,2,,121.5194089,25.09626336
114,09,30,08,12,03中山區,中山區建國北路3段與民權東路3段口北側迴轉道,0,0,1,1,B03,8,6,5,50,3,1,1,5,4,5,13,2,1,9,5,5,2,16,2,70,3,10,7,1,7,5,1,8,1,5,71,1,22,121.5370746,25.0634075
114,09,30,08,30,12內湖區,內湖區康寧路3段與康寧路3段75巷口,0,0,1,1,C03,8,7,8,50,3,2,1,5,4,5,13,1,1,5,4,5,2,17,1,45,3,10,5,1,7,11,1,10,1,12,10,1,21,121.6089569,25.0720964
114,09,30,08,32,07信義區,信義區永吉路30巷與永吉路30巷118弄口,0,0,2,1,C03,8,7,5,30,4,1,1,5,4,5,13,4,4,9,4,5,2,13,1,43,2,8,5,4,7,9,1,10,2,11,16,1,21,121.5687287,25.04314079
114,09,30,08,33,09北投區,北投區中央南路2段與承德路7段口,0,0,1,1,B03,8,6,5,40,5,1,1,5,4,5,13,1,1,5,5,5,2,13,1,72,3,10,7,1,7,9,1,8,2,1,42,1,21,121.5001347,25.1213044
114,09,30,08,35,05中正區,中正區貴陽街1段與公園路口,0,0,2,1,C03,8,6,5,50,4,1,1,5,4,5,13,2,1,5,5,5,2,16,2,27,2,9,6,1,7,5,1,9,2,11,71,1,22,121.5152159,25.0386198
114,09,30,08,37,07信義區,信義區忠孝東路4段與忠孝東路4段559巷口,0,0,1,1,C03,8,7,5,30,3,1,1,5,4,5,13,4,4,1,4,5,2,17,2,63,2,8,3,4,7,6,1,10,1,14,9,1,21,121.5636071,25.041314
114,09,30,08,38,07信義區,信義區松仁路88號,0,0,1,1,C03,8,6,5,50,14,7,1,5,4,5,13,4,4,1,4,4,2,17,1,23,2,9,6,1,7,9,1,10,1,11,44,1,21,121.5682787,25.0355361
114,09,30,08,42,02萬華區,萬華區環河南路1段27號,0,0,1,1,C03,8,6,5,40,14,9,1,5,4,5,13,4,4,10,5,5,2,12,1,46,2,9,5,1,7,7,1,10,1,11,16,1,21,121.5040149,25.0467965
114,09,30,08,53,07信義區,信義區忠孝東路5段790巷與中坡南路22巷口,0,0,1,1,C03,8,6,5,30,4,1,1,5,4,5,13,4,4,10,5,5,2,15,1,32,2,7,5,1,7,9,1,10,1,12,72,1,21,121.5820625,25.0429577
114,09,30,09,14,11南港區,南港區南港路1段與港東街口,0,0,1,1,B03,8,6,5,30,3,1,1,5,4,5,13,4,4,9,4,5,2,16,1,55,3,10,3,4,7,6,1,3,1,8,73,1,21,121.6203988,25.0548921
114,09,30,09,35,09北投區,北投區大度路3段西往東（1208581燈桿）,0,0,3,1,C03,8,5,5,50,14,12,1,5,4,5,13,4,4,9,4,3,1,12,1,35,2,9,6,1,7,9,1,10,2,11,16,1,21,121.4794136,25.1222038
114,09,30,09,35,12內湖區,內湖區康寧路3段18號,0,0,1,1,C03,8,7,5,50,14,9,1,5,4,5,13,4,4,1,4,5,2,12,2,72,2,9,5,1,7,8,1,10,1,14,100,1,21,121.6072289,25.0726528
114,09,30,09,42,08士林區,士林區承德路4段與大南路口,0,0,1,1,C03,8,6,5,50,4,2,1,5,4,5,13,2,1,3,3,4,2,13,1,22,2,7,6,1,7,9,1,10,2,11,16,1,21,121.5217366,25.0886766
114,09,30,09,49,04大安區,大安區潮州街與潮州街98巷口,0,0,2,1,C03,8,6,5,30,3,1,1,5,4,5,13,4,4,9,5,5,2,17,1,40,2,7,6,4,7,6,1,10,1,14,72,1,21,121.5255543,25.0289843
114,09,30,09,50,03中山區,中山區北安路139號,0,0,2,1,C03,8,6,5,50,18,9,1,5,4,5,13,4,4,1,5,5,1,12,2,20,3,10,3,4,7,9,1,10,1,12,108,1,21,121.5330097,25.0781898
114,09,30,10,05,12內湖區,內湖區新湖一路85號,0,0,1,1,B03,8,6,5,50,14,9,1,5,4,5,13,4,4,9,4,5,2,16,1,37,3,10,7,1,7,5,1,8,1,8,8,1,21,121.5759639,25.0586854
114,09,30,10,13,02萬華區,萬華區忠孝西路2段18號,0,0,1,1,B03,8,6,5,50,14,9,1,5,4,5,13,4,4,10,5,5,2,17,1,48,3,10,7,1,7,7,1,8,1,17,100,1,21,121.508797,25.0482473
114,09,30,10,20,06松山區,松山區八德路4段與松信路口,0,0,2,1,B03,8,6,5,50,4,1,1,5,4,5,13,1,1,9,4,5,2,17,1,69,3,10,7,4,7,6,1,8,1,5,9,1,22,121.5723541,25.0498719
114,09,30,10,30,12內湖區,內湖區大湖街大湖公園捷運站2號出口,0,0,1,1,C04,8,7,5,50,14,9,1,5,4,5,13,4,4,5,5,5,2,12,2,74,2,9,5,1,7,15,1,8,2,12,4,1,21,121.6020975,25.0834307
114,09,30,10,47,12內湖區,內湖區成功路2段北往南燈桿0309747,0,0,1,1,C03,8,5,5,50,14,9,1,5,4,5,13,4,4,9,4,5,2,12,2,39,2,1,6,1,7,7,1,10,9,14,100,1,21,121.5908482,25.0622271
114,09,30,11,03,05中正區,中正區市民大道2段(林森至金山西往東第二迴轉道),0,0,1,1,B03,8,6,5,40,22,6,1,5,4,5,13,4,4,5,5,5,2,13,1,24,3,10,7,1,7,11,1,8,2,8,16,1,21,121.5298109,25.0461785
114,09,30,11,04,07信義區,信義區光復南路271號,0,0,2,1,C03,8,5,5,50,14,9,1,5,4,5,13,4,4,1,4,5,2,17,1,72,2,9,6,1,7,7,1,10,1,14,100,1,21,121.5576709,25.0399073
114,09,30,11,41,03中山區,中山區民權東路1段62號,0,0,2,1,C03,8,6,5,50,14,9,1,5,4,5,13,4,4,1,5,5,1,12,2,18,2,9,3,4,7,7,3,18,1,14,101,1,21,121.5247752,25.06262948
114,09,30,12,01,04大安區,大安區敦化南路1段184號前人行道,0,0,2,1,F01,8,6,8,0,22,20,1,5,4,5,13,4,4,10,5,5,2,1,2,44,2,9,3,4,7,9,8,20,1,11,70,1,22,121.5485836,25.0429351
114,09,30,12,02,03中山區,中山區民族東路67號,0,0,1,1,B02,8,7,5,50,14,9,1,5,4,5,13,4,4,1,4,4,2,13,1,53,3,10,7,1,7,9,1,8,9,1,16,1,22,121.5359245,25.06829094
114,09,30,12,16,04大安區,大安區敦化南路2段與敦化南路2段63巷口,0,0,1,1,B01,8,6,5,50,14,9,1,5,4,5,13,1,1,4,4,5,2,17,1,56,3,10,7,1,7,9,1,4,1,5,108,1,22,121.5490496,25.0308564
114,09,30,12,23,12內湖區,內湖區民權東路6段56巷口側附近,0,0,1,1,B13,8,7,8,50,5,2,1,5,4,5,13,1,1,5,4,5,2,12,1,42,3,10,7,1,7,9,1,8,1,5,17,1,21,121.5845753,25.0685942
114,09,30,12,42,02萬華區,萬華區萬大路329巷與長泰街52巷口,0,0,1,1,B12,8,5,8,30,22,22,1,5,4,5,13,4,4,10,5,5,2,14,1,51,3,10,3,4,7,2,1,2,1,3,42,1,21,121.5007609,25.0238164
114,09,30,12,45,08士林區,士林區仰德大道2段28號,0,0,1,1,C03,8,7,5,40,12,9,1,5,4,5,13,4,4,9,4,5,1,17,1,49,2,7,6,1,7,9,1,9,2,11,108,1,21,121.5432413,25.1045801
114,09,30,12,56,05中正區,中正區思源街與汀州路3段60巷2弄口,0,0,1,1,C03,8,6,5,30,3,1,1,5,4,5,13,4,4,3,5,5,1,15,1,50,2,9,5,1,7,9,3,18,1,12,108,1,21,121.5312384,25.0143305
114,09,30,13,00,10文山區,文山區木柵路1段與木柵路1段191巷口,0,0,2,1,C03,8,5,5,50,3,1,1,5,4,1,13,2,1,10,5,5,1,17,2,19,2,9,5,1,7,5,1,10,1,12,8,1,21,121.5512567,24.9876817
114,09,30,14,02,03中山區,中山區八德路2段300巷46號,0,0,2,1,C03,8,6,8,0,14,20,4,5,4,5,13,4,4,10,5,5,2,17,1,42,2,9,6,4,7,1,1,10,1,12,19,1,22,121.5433333,25.0464062
114,09,30,14,27,08士林區,士林區中山北路6段與忠誠路1段口,0,0,1,1,B03,8,5,5,50,5,1,1,5,4,5,13,2,1,9,4,5,1,17,1,38,3,10,7,1,7,9,1,8,1,4,86,1,21,121.5248912,25.1039913
114,09,30,14,46,06松山區,松山區南京東路5段333號,0,0,2,1,C03,8,6,5,50,14,9,1,5,4,5,13,4,4,3,2,5,2,17,1,46,2,8,6,4,7,9,1,10,2,11,16,1,22,121.5675879,25.0514167
114,09,30,14,48,10文山區,文山區木柵路1段57-6號,0,0,1,1,C03,8,6,5,50,14,9,1,5,4,5,13,1,1,5,2,5,2,12,2,56,2,9,6,1,7,9,1,10,2,12,17,1,21,121.5457365,24.9867832
114,09,30,15,12,09北投區,北投區公館路255巷與公館路257巷口,0,0,1,1,C03,8,6,5,30,4,1,1,5,4,5,13,4,4,10,5,5,2,17,1,81,2,9,5,1,7,5,1,10,4,11,75,1,21,121.5082836,25.1256091
114,09,30,15,52,01大同區,大同區錦西街與錦西街38巷口,0,0,1,1,B03,8,6,5,50,5,1,1,5,4,5,13,4,4,5,5,5,2,16,1,76,3,10,7,1,7,5,1,8,2,5,80,1,21,121.520331,25.0603122
114,09,30,16,00,08士林區,士林區基河路240巷8號,0,0,1,1,B03,8,6,5,50,14,9,1,5,4,5,13,4,4,9,5,5,2,17,1,58,3,10,7,1,7,11,1,8,1,4,10,1,21,121.5209333,25.0910099
114,09,30,16,12,03中山區,中山區民權東路2段與中原街口,0,0,2,1,C03,8,6,5,50,4,4,1,5,4,5,13,2,1,1,4,5,2,13,2,61,2,8,6,1,7,5,1,10,1,12,17,1,21,121.5291163,25.062733
114,09,30,16,13,08士林區,士林區大南路與大南路350巷口,0,0,1,1,B02,8,6,5,50,3,2,1,5,4,5,13,4,4,9,5,5,1,17,1,63,3,10,7,1,7,1,1,8,1,4,19,1,21,121.5172838,25.08904206
114,09,30,16,26,11南港區,南港區南湖大橋南往北上橋處,0,0,1,1,B03,8,6,5,50,8,9,1,5,4,5,13,4,4,9,4,5,2,13,1,61,3,10,3,4,7,8,1,8,1,5,16,1,21,121.613945,25.0611365
114,09,30,16,38,09北投區,北投區東華街1段440號前,0,0,1,1,B03,8,6,5,30,14,9,1,5,4,5,13,4,4,10,5,5,2,12,2,57,3,10,7,1,7,9,1,8,1,5,108,1,21,121.5177889,25.1118199