發生年度,發生月,發生日,發生時-Hours,發生分,區序,肇事地點,死亡人數,2-30日死亡人數,受傷人數,當事人序號,車種,天候,光線,道路類別,速限-速度限制,道路型態,事故位置,路面狀況1,路面狀況2,路面狀況3,道路障礙1,道路障礙2,號誌1,號誌2,車道劃分-分向,車道劃分-分道1,車道劃分-分道2,車道劃分-分道3,事故類型及型態,性別,年齡,受傷程度,主要傷處,保護裝置,行動電話,車輛用途,當事者行動狀態,駕駛資格情形,駕駛執照種類,飲酒情形,車輛撞擊部位1,肇因碼-個別,個人肇逃否,職業,座標-X,座標-Y
114,09,30,17,02,07信義區,信義區忠孝東路5段790巷62弄13號,0,0,1,1,B11,8,6,5,30,14,9,1,5,4,5,13,4,4,10,5,5,2,11,1,26,3,10,7,1,7,9,1,4,2,4,17,1,21,121.582666,25.0408819
114,09,30,18,00,12內湖區,內湖區康樂街與康樂街48巷口,0,0,2,1,C01,8,5,5,50,3,1,1,5,4,5,13,4,4,9,5,5,2,15,1,20,2,7,6,1,7,15,1,9,1,11,44,1,22,121.6184224,25.0688685
114,09,30,18,05,03中山區,中山區民權東路2段與建國北路2段口,0,0,1,1,A02,8,7,5,50,4,2,1,5,4,5,13,2,1,3,4,5,2,9,1,59,3,10,7,1,7,15,1,2,9,17,118,1,26,121.5363899,25.06242894
114,09,30,18,10,10文山區,文山區木新路1段與開元街口,0,0,1,1,C03,8,5,5,50,3,18,1,5,4,5,13,4,4,10,5,5,1,3,1,20,3,10,6,1,7,9,1,10,1,11,70,1,21,121.5707164,24.9892523
114,09,30,18,10,11南港區,南港區成功橋北往南,0,0,2,1,C04,8,5,5,50,14,9,1,5,4,5,13,4,4,1,4,5,2,13,1,28,2,9,6,4,7,9,1,10,1,11,108,1,21,121.5931049,25.0571641
114,09,30,18,17,03中山區,中山區建國北路1段與南京東路3段口,0,0,1,1,B02,8,5,5,50,4,1,1,5,4,5,13,2,1,5,4,5,2,15,1,71,3,10,7,1,7,9,1,8,1,5,16,1,21,121.536952,25.0521161
114,09,30,18,25,07信義區,信義區松勤街92號對面,0,0,1,1,B03,8,5,5,50,14,9,1,5,4,5,13,4,4,5,5,5,2,17,1,54,3,10,7,1,7,9,1,8,1,4,108,1,21,121.5664382,25.03197
114,09,30,18,25,07信義區,信義區和平東路3段509巷14號,0,0,1,1,B03,8,5,5,30,14,9,1,5,4,5,13,4,4,10,5,5,2,17,1,30,3,10,7,1,7,13,1,8,1,4,40,1,22,121.5634255,25.02698127
114,09,30,18,26,04大安區,大安區敦化南路1段與敦化南路1段329巷口,0,0,1,1,B03,7,5,5,50,3,2,1,5,4,5,13,4,4,1,4,5,1,17,1,41,3,10,3,4,7,6,1,8,1,2,9,1,22,121.5492049,25.03439558
114,09,30,18,30,10文山區,文山區木柵路1段與木柵路1段76巷口口,0,0,1,1,C03,8,5,5,50,3,1,1,5,4,5,13,2,1,10,5,5,1,15,2,61,2,8,5,1,7,9,1,10,1,11,81,1,21,121.5501581,24.9874153
114,09,30,18,51,02萬華區,萬華區萬板大橋往新北機車道,0,0,2,1,C03,7,6,5,50,14,8,1,5,4,5,13,4,4,3,4,5,2,17,1,45,2,9,6,1,7,9,6,10,1,11,16,1,21,121.4865583,25.0292688
114,09,30,19,24,07信義區,信義區信安街67巷81號,0,0,1,1,C03,8,5,5,50,14,7,1,5,4,5,13,4,4,8,5,4,2,17,2,18,2,9,6,1,7,9,1,10,1,11,108,1,21,121.5601984,25.0259211
114,09,30,19,43,03中山區,中山區中山北路2段65巷8號,0,0,1,1,B01,8,7,5,30,22,9,1,5,4,5,13,4,4,10,5,5,2,9,1,49,3,10,7,1,7,5,1,4,2,1,108,1,21,121.5239745,25.05711792
114,09,30,19,59,10文山區,文山區木新路3段45巷與木新路3段95巷7弄口口,0,0,1,1,B03,8,5,5,50,4,1,1,5,4,5,13,4,4,10,5,5,2,15,1,60,3,10,7,1,7,9,1,8,1,8,44,1,21,121.5643519,24.9820438
114,09,30,20,21,03中山區,中山區南京東路1段118號,0,0,3,1,F01,8,5,5,50,14,23,1,5,4,5,13,4,4,1,5,5,2,17,2,36,2,9,4,1,7,9,8,20,1,11,44,1,21,121.5267054,25.0520189
114,09,30,20,26,08士林區,士林區承德路5段與士商路口,0,0,1,1,B03,8,5,5,50,4,2,1,5,4,5,13,1,1,10,4,5,1,17,2,41,3,10,7,1,7,6,1,8,2,5,9,1,21,121.5142241,25.0960554
114,09,30,20,55,12內湖區,內湖區成功路2段與成功路2段193巷口,0,0,1,1,F02,8,5,5,0,22,20,1,5,4,5,13,4,4,10,5,5,2,9,1,47,3,10,5,1,7,9,8,20,1,11,99,1,21,121.5907514,25.0670497
114,09,30,21,10,06松山區,松山區民生東路5段與三民路口,0,0,1,1,C03,8,5,5,50,18,9,1,5,4,5,13,1,1,1,4,5,2,12,2,57,2,9,5,4,7,21,1,10,2,15,17,1,22,121.5634214,25.05924025
114,09,30,21,12,12內湖區,內湖區瑞光路與瑞光路口側附近258巷口,0,0,3,1,C03,8,5,5,50,4,1,1,5,4,5,13,2,1,4,3,5,2,16,1,43,2,9,6,1,7,6,1,10,1,12,9,1,21,121.5758537,25.0757416
114,09,30,21,31,04大安區,大安區信義路3段27號,0,0,2,1,C03,8,5,5,50,14,9,1,5,4,5,13,4,4,1,4,5,1,12,1,18,2,7,5,1,7,7,1,10,1,14,80,1,21,121.5343782,25.033662
114,09,30,21,32,10文山區,文山區辛亥路4段與辛亥路4段130巷口,0,0,2,1,C03,8,5,5,50,3,2,1,5,4,3,13,4,4,1,4,5,2,12,2,46,2,9,5,1,7,15,1,10,1,11,101,1,21,121.5568247,25.0046075
114,09,30,22,29,03中山區,中山區濱江街310-2號,0,0,1,1,B03,8,5,5,50,14,9,1,5,4,5,13,4,4,1,4,5,1,17,2,46,2,9,7,1,7,9,1,8,2,1,108,1,21,121.5470638,25.0720112
114,09,30,23,32,10文山區,文山區和平東路4段0706281號燈桿,0,0,1,1,F03,8,5,5,50,11,9,1,5,4,5,13,4,4,5,5,5,1,18,1,17,2,9,6,1,7,9,8,20,1,12,116,1,21,121.5715202,25.0043196
114,10,01,00,00,12內湖區,內湖區安康路與安康路25巷口,0,0,3,1,C03,8,5,5,50,4,1,1,5,4,5,13,2,1,9,4,5,2,16,2,39,2,9,5,1,7,9,1,10,2,11,14,1,21,121.593462,25.0626392
114,10,01,01,30,08士林區,士林區馬槽橋西向東下橋處,0,0,1,1,C03,8,5,5,40,8,9,1,5,4,5,13,4,4,4,5,5,1,29,1,18,2,9,3,4,7,9,1,10,1,14,42,1,21,121.5645331,25.1774834
114,10,01,06,57,10文山區,文山區興隆路3段與興德路口,0,0,1,1,C03,8,6,5,50,3,1,1,5,4,5,12,2,1,1,4,5,2,16,1,73,2,7,6,1,7,5,1,10,2,13,71,1,21,121.5552448,25.000662
114,10,01,07,55,02萬華區,萬華區堤外便道往北雙園35燈桿,0,0,1,1,B03,8,6,5,40,14,9,1,5,4,5,13,4,4,10,5,5,2,17,1,51,3,10,7,1,7,9,1,8,1,6,108,1,21,121.4942787,25.0382104
114,10,01,07,56,10文山區,文山區木柵路2段與木柵路2段138巷口,0,0,1,1,B03,8,7,5,50,4,1,1,5,4,5,13,1,1,10,5,5,2,16,1,32,3,10,7,1,7,5,1,8,2,1,71,1,21,121.5616608,24.9887905
114,10,01,08,15,09北投區,北投區承德路7段與尊賢街243巷口,0,0,1,1,C03,8,7,5,60,4,2,1,5,4,5,13,2,1,1,4,5,2,13,2,45,3,10,6,1,7,6,1,10,1,13,44,1,22,121.5052863,25.1162877
114,10,01,08,22,08士林區,士林區光華路61巷4弄NO.075燈桿,0,0,1,1,B03,8,6,5,30,11,9,1,5,4,5,13,4,4,10,5,5,1,11,1,50,3,10,7,1,7,9,1,15,2,4,44,1,21,121.5378564,25.11356391
114,10,01,08,24,03中山區,中山區基湖路166巷與基湖路口,0,0,1,1,C03,8,7,5,50,3,2,1,5,4,5,13,4,4,1,4,5,1,17,2,25,2,7,6,1,7,9,1,10,1,14,17,1,21,121.5380518,25.07649504
114,10,01,08,25,04大安區,大安區金山南路2段141巷與潮州街107巷口,0,0,2,1,F02,8,6,5,30,4,1,1,5,4,5,13,4,4,10,3,5,2,15,2,42,2,7,4,1,7,9,8,20,1,12,75,1,21,121.5276928,25.0294818
114,10,01,08,36,10文山區,文山區新光路1段與秀明路1段口口,0,0,1,1,B03,8,7,5,50,4,1,1,5,4,5,13,2,1,10,5,5,2,16,1,67,3,10,7,1,7,5,1,8,1,2,71,1,21,121.5736679,24.9917169
114,10,01,08,37,03中山區,中山區民權東路2段與建國北路3段口,0,0,2,1,C03,8,6,5,50,4,1,1,5,4,5,13,1,1,9,4,5,2,13,1,36,3,10,5,4,7,14,1,10,1,13,44,1,21,121.5378415,25.06233218
114,10,01,08,52,04大安區,大安區延吉街與延吉街137巷口,0,0,3,1,C03,8,7,5,50,3,2,1,5,4,5,13,4,4,5,4,5,2,17,2,58,2,8,3,4,7,9,1,10,1,11,99,1,21,121.554341,25.0420189
114,10,01,08,57,08士林區,士林區中山北路7段186號,0,0,1,1,B12,8,6,8,30,22,22,1,5,4,5,13,4,4,10,4,5,2,16,1,64,3,10,7,1,7,15,1,8,2,4,78,1,21,121.5329521,25.1247459
114,10,01,08,59,04大安區,大安區敦化南路2段(敦化和平公車站),0,0,1,1,C03,8,6,5,50,14,9,1,5,4,5,13,4,4,10,3,5,2,13,1,25,3,10,6,1,7,9,1,10,1,11,16,1,21,121.5489326,25.0237718
114,10,01,09,05,03中山區,中山區建國北路3段與松江路口,0,0,1,1,B03,8,7,5,50,4,1,1,5,4,5,13,2,1,9,4,5,2,17,1,49,3,10,7,1,7,5,1,8,1,7,8,1,21,121.5333879,25.0676538
114,10,01,09,21,12內湖區,內湖區新湖一路與行善路48巷口,0,0,1,1,B03,8,6,5,50,4,1,1,5,4,5,13,4,4,5,5,5,2,17,1,46,3,10,7,1,7,9,1,8,1,8,72,1,21,121.5748605,25.0583563
114,10,01,09,39,01大同區,大同區承德路3段與庫倫街口,0,0,2,1,C03,8,5,5,50,4,2,1,5,4,5,13,2,1,1,4,5,2,13,2,20,2,9,5,1,7,9,1,10,1,11,16,1,21,121.5185687,25.0720985
114,10,01,10,00,08士林區,士林區承德路4段196號,0,0,2,1,B03,8,7,5,40,14,8,1,5,4,5,13,4,4,1,4,4,1,17,1,43,3,10,7,1,7,6,1,8,2,2,9,1,21,121.5221743,25.0875923
114,10,01,10,04,10文山區,文山區秀明路1段79巷與秀明路1段79巷1弄口,0,0,2,1,C04,8,7,5,30,4,1,1,5,4,5,13,4,4,10,5,5,2,15,2,56,2,9,5,1,7,9,1,10,1,12,75,1,21,121.56572,24.9905869
114,10,01,10,11,05中正區,中正區寧波西街與牯嶺街口口,0,0,1,1,B03,8,6,5,50,4,1,1,5,4,5,13,1,1,10,4,5,1,17,1,29,3,10,7,1,7,5,1,8,2,7,8,1,21,121.5167031,25.030062
114,10,01,10,20,03中山區,中山區民權西路70巷與天祥路16巷口,0,0,2,1,F01,8,7,5,20,3,1,1,5,4,5,13,4,4,10,5,5,2,17,2,75,2,9,4,1,7,1,8,20,1,14,19,1,21,121.5201843,25.06136963
114,10,01,11,19,10文山區,文山區景後街與景美街口,0,0,1,1,B11,8,6,5,50,3,2,1,5,4,5,13,4,4,9,5,5,2,17,1,67,3,10,7,1,7,9,1,4,2,2,40,1,21,121.5425458,24.991458
114,10,01,11,34,07信義區,信義區莊敬路325巷與莊敬路289巷8弄口,0,0,1,1,C03,8,6,5,30,14,9,1,5,4,5,13,4,4,6,4,5,2,17,2,73,2,9,6,1,7,5,1,10,2,12,72,1,21,121.5644758,25.0287928
114,10,01,11,48,12內湖區,內湖區民權東路6段與民權東路6段210巷口,0,0,1,1,C03,8,6,5,30,4,2,1,5,4,5,13,2,1,5,5,5,2,29,2,25,2,9,5,1,7,9,1,10,9,12,42,1,22,121.6129574,25.06753647
114,10,01,12,04,04大安區,大安區新生南路3段與新生南路3段14巷口,0,0,1,1,C03,8,5,5,50,14,9,1,5,4,5,13,4,4,10,5,5,2,17,2,25,2,9,3,4,7,15,1,10,1,11,44,1,21,121.5346707,25.0248007
114,10,01,12,10,10文山區,文山區興隆路2段203巷2弄2號,0,0,2,1,C03,8,6,5,50,14,9,1,5,4,3,10,4,4,9,5,5,1,3,1,54,2,9,6,1,7,9,1,10,1,11,44,1,21,121.5495708,25.0011967
114,10,01,12,13,10文山區,文山區老泉街第0701911燈桿,0,0,1,1,B12,8,7,5,40,14,9,1,5,4,5,13,4,4,10,5,5,2,17,1,35,3,10,7,1,7,9,1,8,1,2,17,1,21,121.5670964,24.979772
114,10,01,12,16,04大安區,大安區文昌街278巷6號,0,0,1,1,B03,8,6,5,30,14,9,1,5,4,5,13,4,4,10,5,5,2,9,1,58,3,10,7,4,7,9,1,8,1,2,44,1,21,121.556572,25.031853
114,10,01,12,31,03中山區,中山區北安路458巷與北安路458巷51弄口,0,0,1,1,B02,8,6,5,30,3,1,1,5,4,5,13,2,1,1,5,5,1,16,1,42,3,10,3,4,7,6,1,8,1,5,44,1,21,121.5445928,25.07782579
114,10,01,12,33,07信義區,信義區基隆路1段200號附近側附近,0,0,1,1,C03,8,5,5,50,14,9,1,5,4,5,13,4,4,10,4,5,2,17,1,25,3,10,5,1,7,15,1,10,1,11,108,1,21,121.5637592,25.0402199
114,10,01,12,51,07信義區,信義區松壽路20巷與松壽路口,0,0,1,1,C03,8,6,5,30,3,2,1,5,4,5,13,4,4,10,3,4,2,17,1,37,3,10,6,1,7,6,1,10,1,13,108,1,21,121.5676055,25.0357628
114,10,01,13,09,08士林區,士林區社子街與社子街52巷口,0,0,2,1,C03,8,7,5,30,3,1,1,5,4,3,10,4,4,7,5,5,2,15,1,65,2,5,6,1,7,9,1,10,2,11,72,1,21,121.5209575,25.12053116
114,10,01,13,30,12內湖區,內湖區麥帥一橋機車道引道,0,0,1,1,,8,7,5,30,14,8,1,5,4,5,13,4,4,1,5,5,1,17,4,0,,,,,,,,,,,119,2,,121.5750223,25.05407
114,10,01,13,56,01大同區,大同區庫倫街13巷,0,0,1,1,A02,8,6,5,50,14,9,2,5,4,5,13,4,4,7,5,5,2,17,1,66,3,10,7,4,7,12,1,2,1,15,44,1,21,121.5173879,25.0719637
114,10,01,14,05,09北投區,北投區光明路與溫泉路37巷口口,0,0,1,1,B12,8,6,5,50,3,2,1,5,4,5,13,1,1,10,5,5,2,12,2,70,3,10,7,1,7,9,1,8,2,5,108,1,21,121.5023659,25.1342496
114,10,01,14,13,05中正區,中正區林森南路與濟南路1段口,0,0,1,1,B03,8,6,5,50,4,2,1,5,4,5,13,2,1,5,4,5,2,16,1,69,3,10,7,1,7,6,1,7,1,5,9,1,21,121.5225718,25.0423906
114,10,01,14,21,03中山區,中山區明水路與明水路557巷口,0,0,1,1,B01,8,6,5,40,3,1,1,5,4,5,13,4,4,1,5,4,1,16,1,56,3,10,3,4,7,6,1,2,1,5,9,1,21,121.5521688,25.07927415
114,10,01,14,25,07信義區,信義區基隆路1段364巷25號,0,0,1,1,C03,8,7,8,30,14,9,1,5,4,5,13,4,4,10,5,5,2,17,1,43,3,10,3,4,7,11,1,10,1,15,10,1,21,121.5597335,25.0353831
114,10,01,14,30,03中山區,中山區樂群一路與敬業三路口,0,0,1,1,B03,8,6,5,50,14,9,1,5,4,5,13,1,1,3,3,4,2,13,2,44,3,10,7,1,7,9,1,8,1,1,108,1,21,121.5556838,25.0771349
114,10,01,15,04,07信義區,信義區永吉路30巷158弄2號,0,0,1,1,C03,8,7,5,30,14,9,1,5,4,5,13,4,4,10,5,5,2,9,1,71,3,10,5,4,7,7,1,10,2,12,108,1,21,121.5686087,25.0423094
114,10,01,15,09,09北投區,北投區福國路與承和路口,0,0,1,1,B12,8,6,5,50,14,9,1,5,4,5,13,4,4,1,4,5,2,12,1,58,4,11,7,4,7,15,6,8,9,8,100,2,26,121.5099088,25.1015344
114,10,01,15,11,08士林區,士林區通河街與通河街1巷口口,0,0,2,1,F02,8,7,5,30,4,1,1,5,4,5,13,3,1,8,3,5,2,15,2,20,2,9,4,1,7,15,8,20,1,12,72,1,22,121.5237247,25.079955
114,10,01,15,20,04大安區,大安區仁愛路3段與建國南路1段口,0,0,1,1,B01,8,6,5,50,5,1,1,5,4,5,13,1,1,8,3,5,2,12,1,61,3,10,3,4,7,9,1,8,1,8,44,1,21,121.5381116,25.0379389
114,10,01,15,39,03中山區,中山區建國高架道往北長安匝道,0,0,1,1,B03,8,7,5,40,14,16,1,5,4,5,13,4,4,1,4,5,2,13,1,52,3,10,7,1,7,1,1,8,1,1,108,1,21,121.5365902,25.0483491
114,10,01,15,45,12內湖區,內湖區潭美街與安康路32巷口,0,0,1,1,B12,8,6,5,40,3,1,1,5,4,5,13,4,4,5,5,5,2,17,1,30,3,10,7,1,7,6,1,8,1,5,9,1,21,121.5950671,25.0610716
114,10,01,16,20,05中正區,中正區新生南路1段與忠孝東路2段口,0,0,1,1,A02,8,6,5,50,4,1,1,5,4,5,13,2,1,3,2,4,1,17,1,30,3,10,7,1,7,12,1,2,9,17,44,1,21,121.5328006,25.04231312
114,10,01,17,10,12內湖區,內湖區內湖路1段602號,0,0,1,1,C03,8,5,5,50,14,9,1,4,4,5,13,4,4,1,3,4,1,17,1,21,2,9,3,4,7,9,1,10,1,14,116,1,21,121.5783134,25.0788008
114,10,01,17,23,08士林區,士林區雨農路與忠勇街口,0,0,1,1,B02,8,5,5,50,4,2,1,5,4,5,13,1,1,10,4,5,1,17,1,39,3,10,7,1,7,5,1,8,2,2,80,1,21,121.5324405,25.0984297
114,10,01,17,31,06松山區,松山區八德路4段245巷32弄與八德路4段207巷口,0,0,1,1,C03,8,5,5,30,4,1,1,5,4,5,13,4,4,8,3,5,2,17,1,40,3,10,5,1,7,9,1,10,2,17,72,1,22,121.563813,25.0499076
114,10,01,17,37,09北投區,北投區大同街170號前,0,0,2,1,C03,8,6,5,30,14,9,1,5,4,5,13,4,4,10,5,5,2,11,1,71,2,9,5,1,7,4,1,10,1,14,1,1,21,121.4990398,25.136
114,10,01,17,45,05中正區,中正區館前路與開封街1段口,0,0,1,1,C03,8,5,5,50,3,1,1,5,4,5,13,4,4,10,4,5,2,16,2,23,2,9,5,1,7,5,1,10,1,13,8,1,22,121.5150085,25.04600733
114,10,01,17,49,08士林區,士林區文林路與福德路口,0,0,1,1,B01,8,5,5,50,4,1,1,5,4,5,13,1,1,5,5,5,1,16,1,51,3,10,7,1,7,11,1,4,1,4,10,1,21,121.526022,25.0923035
114,10,01,18,12,07信義區,信義區忠孝東路5段264號,0,0,2,1,C03,8,5,5,50,14,9,1,5,4,5,13,4,4,1,4,5,2,13,1,34,2,7,3,4,7,8,1,10,1,11,16,1,21,121.5728921,25.0408779
114,10,01,18,13,10文山區,文山區萬芳路與萬和街口口,0,0,1,1,C03,8,5,5,50,3,2,1,5,4,5,13,2,1,5,4,5,2,12,2,56,2,9,5,1,7,9,1,10,1,14,118,1,21,121.5690467,24.9990498
114,10,01,18,13,12內湖區,內湖區民權大橋東向西,0,0,2,1,C03,8,5,5,30,8,9,1,5,4,5,13,4,4,1,3,4,1,13,1,25,2,9,6,1,7,9,1,10,1,11,16,1,21,121.569391,25.0639564
114,10,01,18,17,02萬華區,萬華區忠孝西路2段與西寧南路口,0,0,1,1,C03,7,5,5,50,5,1,1,5,4,5,13,2,1,1,4,5,2,17,1,23,2,9,6,1,7,8,3,18,1,12,100,1,21,121.5076059,25.0484701
114,10,01,18,23,10文山區,文山區木柵路1段與景美溪橋口,0,0,1,1,C03,8,5,5,50,4,1,1,5,4,5,13,1,1,5,5,5,2,13,2,52,3,10,5,1,7,9,1,10,1,11,108,1,21,121.5453896,24.9867416
114,10,01,18,41,07信義區,信義區仁愛路4段與仁愛路4段512巷口,0,0,2,1,B03,8,5,5,30,5,2,1,5,4,5,13,2,1,10,5,5,2,10,1,62,3,10,3,4,7,9,1,8,2,8,4,1,21,121.5612888,25.0374665
114,10,01,18,42,10文山區,文山區木新路3段169號前,0,0,2,1,B03,8,6,5,50,14,9,1,5,4,5,13,4,4,5,5,4,2,17,1,34,3,10,3,4,7,8,1,8,2,5,100,1,21,121.5606006,24.9812877
114,10,01,18,50,08士林區,士林區仰德大道4段與仰德大道4段32巷口,0,0,2,1,B03,8,5,5,40,3,2,1,5,4,5,13,4,4,4,5,5,1,13,1,20,2,1,7,1,7,9,1,8,1,1,108,1,25,121.548207,25.12842687
114,10,01,18,53,07信義區,信義區忠孝東路5段與松仁路口,0,0,1,1,B03,8,5,5,30,4,2,1,5,4,5,13,2,1,1,4,1,2,17,1,45,3,10,7,1,7,1,1,8,1,5,19,1,22,121.5684393,25.0409045
114,10,01,19,12,10文山區,文山區萬美街2段與萬美街2段21巷口口,0,0,1,1,B01,8,5,5,40,3,1,1,5,4,5,13,3,1,10,5,5,2,16,1,66,3,10,7,1,7,5,1,4,1,2,71,1,21,121.5618507,25.0019662
114,10,01,19,35,12內湖區,內湖區康寧路3段11巷與康寧路3段口,0,0,1,1,B02,8,5,5,30,3,1,1,5,4,5,13,4,4,1,4,4,2,3,1,41,3,10,7,1,7,6,1,8,2,1,9,1,21,121.6067381,25.0730239
114,10,01,20,14,07信義區,信義區莊敬路與莊敬路6巷口,0,0,1,1,B03,8,5,5,50,3,2,1,5,4,5,13,4,4,10,3,5,2,16,1,27,3,10,3,4,7,1,1,8,1,8,19,1,21,121.5612827,25.0325572
114,10,01,20,34,12內湖區,內湖區民權東路6段與民權東路6段56巷口,0,0,2,1,C01,8,5,5,50,4,1,1,5,4,5,13,2,1,1,4,5,2,17,1,22,2,8,6,1,7,5,1,9,2,12,42,1,21,121.5844194,25.0687156
114,10,01,21,02,08士林區,士林區文林路與大南路口,0,0,1,1,C03,8,5,5,30,4,2,1,5,4,5,13,4,4,10,5,5,2,17,1,22,2,9,6,1,7,5,1,10,1,12,72,1,25,121.5265903,25.08885402
114,10,01,21,48,10文山區,文山區木柵路4段與萬芳路口口,0,0,1,1,C03,8,5,5,50,4,1,1,5,4,5,13,2,1,5,4,5,2,12,1,47,2,9,5,1,7,8,1,10,2,12,100,1,21,121.5717715,24.9948245
114,10,01,21,50,01大同區,大同區承德路1段與太原路97巷口,0,0,1,1,C03,8,6,5,50,3,2,1,5,4,5,13,1,1,1,4,5,1,12,1,67,2,8,5,1,7,15,1,10,2,14,44,1,21,121.5172456,25.0520902
114,10,01,21,50,07信義區,信義區松智路與松高路口,0,0,2,1,C03,8,6,5,50,3,1,1,5,4,5,13,2,1,8,3,5,2,17,2,39,2,8,3,4,7,9,1,10,1,11,44,1,21,121.5654039,25.0391605
114,10,01,22,45,12內湖區,內湖區民權東路6段296巷與康寧路3段26巷口口,0,0,2,1,C03,8,5,5,30,4,1,1,5,4,5,13,2,3,10,5,5,2,16,1,29,2,9,5,1,7,9,1,10,1,14,14,1,21,121.6074675,25.0713084
114,10,02,04,01,08士林區,士林區光華路與國泰街口,0,0,3,1,C03,8,5,5,30,4,1,1,5,4,5,13,4,4,10,5,5,2,17,1,18,2,9,3,4,7,9,1,10,1,12,72,1,22,121.5424511,25.13703043
114,10,02,05,08,02萬華區,萬華區萬大路628號,0,0,1,1,C03,8,5,5,30,14,9,1,5,4,5,13,4,4,10,5,5,2,17,1,65,2,9,5,1,7,1,1,10,9,15,19,1,21,121.4957249,25.0170808
114,10,02,05,08,03中山區,中山區民族東路與濱江街180巷口,0,0,1,1,B13,7,5,5,50,4,1,1,5,4,5,13,1,1,1,4,4,2,16,1,40,3,10,3,4,7,5,1,8,2,6,8,1,21,121.5379574,25.06812098
114,10,02,06,50,02萬華區,萬華區艋舺大道與和平西路3段口,0,0,1,1,B03,8,6,5,50,4,2,1,5,4,5,13,2,1,1,4,5,1,17,1,36,3,10,3,4,7,15,1,8,1,5,100,1,22,121.505053,25.0339192
114,10,02,07,35,11南港區,南港區南港路1段與中南街口,0,0,3,1,C03,8,6,5,50,3,1,1,5,4,5,13,2,1,5,4,5,2,16,1,71,2,9,6,1,7,5,1,10,1,11,8,1,21,121.615642,25.0553887
114,10,02,07,55,09北投區,北投區稻香路No.1204427燈桿,0,0,1,1,C03,8,7,5,40,11,9,1,5,4,5,13,4,4,5,5,5,1,13,1,44,2,9,6,1,7,9,1,10,1,11,42,1,22,121.4826547,25.1445421
114,10,02,08,03,03中山區,中山區民權東路2段92巷與松江路330巷口,0,0,2,1,C03,8,7,5,30,4,1,1,5,4,5,13,4,4,10,5,5,2,15,1,46,2,9,5,4,7,9,1,10,1,12,72,1,21,121.5317124,25.06121098
114,10,02,08,04,05中正區,中正區廣州街1-3號,0,0,1,1,B03,8,7,5,30,14,9,1,5,4,5,13,4,4,5,4,5,2,16,1,47,3,10,7,1,7,6,1,8,1,5,80,1,21,121.5100665,25.0351349
114,10,02,08,11,07信義區,信義區松德路180巷與松德路200巷口,0,0,1,1,B03,8,6,5,50,4,1,1,5,4,5,13,2,1,9,5,4,1,3,1,52,3,10,3,4,7,5,1,8,1,1,70,1,22,121.5735212,25.0347619
114,10,02,08,15,03中山區,中山區錦州街與民權東路2段92巷口,0,0,2,1,C03,8,6,5,30,4,1,1,5,4,5,13,4,4,10,5,5,2,15,2,49,2,9,5,1,7,9,1,10,1,14,72,1,21,121.522194,25.05801466
114,10,02,08,17,03中山區,中山區崇實路與通北街145巷口,0,0,1,1,B03,8,7,5,40,5,1,1,5,4,5,13,3,1,1,4,5,2,17,2,47,3,10,3,4,7,7,1,8,2,1,100,1,21,121.5443661,25.08437953
114,10,02,08,20,04大安區,大安區市民大道4段214號,0,0,2,1,C03,8,7,5,40,14,9,1,5,4,5,13,4,4,1,4,5,2,13,1,33,2,8,3,4,7,12,1,10,1,11,16,1,21,121.5559435,25.0446153
114,10,02,08,28,03中山區,中山區建國北路3段113巷2號,0,0,1,1,B03,8,6,5,50,14,9,1,5,4,5,13,4,4,5,5,5,2,9,1,36,3,10,3,4,7,3,1,3,1,1,18,1,22,121.5360002,25.0664591
114,10,02,08,30,04大安區,大安區臥龍街與臥龍街195巷口,0,0,1,1,B03,8,6,5,40,3,2,1,5,4,5,13,4,4,9,4,5,1,13,1,65,3,10,3,4,7,9,1,8,1,1,108,1,22,121.5522638,25.0178424
114,10,02,08,31,04大安區,大安區仁愛路3段157號,0,0,1,1,C03,8,6,5,50,14,9,1,5,4,5,13,4,4,9,3,5,2,13,1,42,2,7,6,1,7,9,1,10,1,11,108,1,21,121.5431216,25.0381367
114,10,02,08,33,02萬華區,萬華區光復橋往北市,0,0,2,1,C03,8,6,5,50,8,9,1,5,4,5,13,4,4,7,5,5,1,17,2,45,2,9,3,4,7,9,1,10,1,12,42,1,22,121.5183568,25.04847309
114,10,02,08,35,05中正區,中正區信義路2段101號與臨沂街口,0,0,1,1,C03,8,5,5,30,3,1,1,5,4,5,13,4,4,1,4,1,2,16,2,66,2,9,5,1,7,11,3,18,1,14,10,1,21,121.5277418,25.03414912
114,10,02,08,39,03中山區,中山區北安路595巷與北安路口,0,0,1,1,B03,8,7,5,50,4,2,1,5,4,5,13,1,1,1,3,5,1,17,1,44,3,10,7,1,7,6,1,8,1,2,9,1,21,121.5485479,25.08099764
114,10,02,08,40,10文山區,文山區秀明路2段與秀明路2段24巷口,0,0,1,1,C03,8,6,5,30,3,1,1,5,4,5,13,4,4,5,4,5,2,16,1,27,2,9,3,4,7,5,1,10,1,13,72,1,21,121.5751191,24.9915857
114,10,02,08,55,03中山區,中山區民族東路252巷與建國北路3段113巷31弄口,0,0,2,1,C03,8,6,5,30,4,1,1,5,4,5,13,4,4,10,5,5,2,17,2,34,2,9,5,1,7,9,1,10,1,12,75,1,21,121.5347839,25.06767294
114,10,02,08,57,08士林區,士林區承德路5段80號,0,0,4,1,C03,8,6,5,50,14,9,1,5,4,5,13,4,4,1,4,5,1,13,2,51,2,9,5,1,7,9,1,10,2,11,44,1,21,121.5141522,25.095009