發生年度,發生月,發生日,發生時-Hours,發生分,區序,肇事地點,死亡人數,2-30日死亡人數,受傷人數,當事人序號,車種,天候,光線,道路類別,速限-速度限制,道路型態,事故位置,路面狀況1,路面狀況2,路面狀況3,道路障礙1,道路障礙2,號誌1,號誌2,車道劃分-分向,車道劃分-分道1,車道劃分-分道2,車道劃分-分道3,事故類型及型態,性別,年齡,受傷程度,主要傷處,保護裝置,行動電話,車輛用途,當事者行動狀態,駕駛資格情形,駕駛執照種類,飲酒情形,車輛撞擊部位1,肇因碼-個別,個人肇逃否,職業,座標-X,座標-Y
114,10,07,16,05,04大安區,大安區和平東路2段96巷7-1號,0,0,2,1,C03,8,7,5,30,14,9,1,5,4,5,13,4,4,10,5,5,2,9,2,28,2,9,3,4,7,9,1,10,1,15,44,1,21,121.5413158,25.024455
114,10,07,16,08,02萬華區,萬華區中華路1段與桂林路口,0,0,1,1,C03,8,7,5,50,4,2,1,5,4,5,13,2,1,3,4,5,2,13,1,72,4,11,3,4,7,9,7,19,11,11,119,2,22,121.5068725,25.0378897
114,10,07,16,08,10文山區,文山區保儀路11號前,0,0,1,1,B12,8,6,5,50,14,9,1,5,4,5,13,1,1,5,5,5,2,13,1,60,3,10,7,1,7,1,1,8,1,1,108,1,21,121.5686155,24.9884818
114,10,07,16,15,12內湖區,內湖區新明路與新明路298巷口,0,0,1,1,B03,8,6,5,50,4,1,1,5,4,5,13,2,1,5,4,5,2,17,1,59,3,10,7,1,7,5,1,8,1,17,80,1,21,121.5822122,25.0556082
114,10,07,16,24,02萬華區,萬華區中華路1段與忠孝西路2段口,0,0,2,1,C03,8,7,5,50,14,9,1,5,4,5,13,1,1,1,3,5,2,17,2,58,2,9,5,1,7,3,1,10,1,14,116,1,21,121.5093239,25.0481208
114,10,07,16,31,02萬華區,萬華區西藏路與中華路2段口,0,0,1,1,C03,8,6,5,50,4,2,1,5,4,5,13,1,1,10,5,5,2,17,1,22,2,9,6,1,7,5,1,10,1,11,8,1,21,121.5039737,25.0300371
114,10,07,16,33,05中正區,中正區和平西路2段與泉州街口口,0,0,1,1,B03,8,6,5,50,5,1,1,5,4,5,13,1,1,1,4,5,2,16,1,88,3,10,3,4,7,6,1,8,1,6,9,1,21,121.5145167,25.0276589
114,10,07,16,38,01大同區,大同區赤峰街與民生西路口口,0,0,2,1,C03,8,6,5,50,3,1,1,5,4,5,13,1,3,5,5,5,2,16,2,20,2,7,6,1,7,5,1,10,2,14,72,1,21,121.5196991,25.0574829
114,10,07,17,00,01大同區,大同區歸綏街與歸綏街303巷口,0,0,2,1,C03,8,6,5,30,4,1,1,5,4,5,13,4,4,9,4,5,2,3,2,42,2,9,5,1,7,9,1,10,2,11,70,1,21,121.5088107,25.0581079
114,10,07,17,00,08士林區,士林區重陽橋機車道上三重,0,0,2,1,C04,8,6,5,50,14,11,1,5,4,5,13,4,4,10,5,5,1,13,2,69,2,9,6,1,7,9,1,11,1,11,118,1,21,121.5061993,25.08590392
114,10,07,17,40,12內湖區,內湖區瑞湖街與陽光街321巷口,0,0,1,1,B03,8,5,5,50,4,1,1,5,4,5,13,1,1,5,5,5,2,16,2,53,3,10,7,1,7,5,1,8,1,4,8,1,21,121.5764499,25.0712443
114,10,07,18,10,02萬華區,萬華區西園路2段96巷與西園路2段52巷14弄口,0,0,1,1,C03,8,5,5,50,3,1,1,5,4,5,13,4,4,9,4,5,2,17,2,54,3,10,5,4,7,15,3,18,1,11,4,1,21,121.4962924,25.03095051
114,10,07,18,10,07信義區,信義區永吉路與松隆路口,0,0,1,1,B01,8,5,5,50,5,1,1,5,4,5,13,2,1,10,5,5,2,12,1,42,3,10,7,1,7,7,1,8,2,2,100,1,21,121.5700037,25.0455703
114,10,07,18,18,09北投區,北投區東華街1段22巷與明德路口,0,0,2,1,C03,8,5,5,30,4,1,1,5,4,5,13,4,4,10,5,5,2,18,1,76,2,9,5,1,7,6,1,10,1,12,42,1,21,121.5199505,25.1097263
114,10,07,18,47,04大安區,大安區市民大道4段與復興南路1段口,0,0,1,1,C03,8,5,5,40,4,1,1,5,4,5,13,2,1,1,4,5,2,16,2,25,2,5,6,1,7,5,1,10,1,14,80,1,21,121.5439893,25.044794
114,10,07,19,10,05中正區,中正區信義路1段（國家音樂廳前）,0,0,1,1,C03,8,6,5,50,14,9,1,5,4,5,13,4,4,1,2,1,2,13,1,25,2,7,5,1,7,9,1,10,2,11,16,1,22,121.5193495,25.0377494
114,10,07,19,15,07信義區,信義區忠孝東路5段422號,0,0,1,1,A04,8,5,5,50,14,9,1,5,4,5,13,4,4,10,3,5,2,9,1,43,3,10,7,1,7,7,1,6,9,17,44,1,21,121.5759298,25.0408012
114,10,07,19,25,06松山區,松山區中坡北路與八德路4段口,0,0,1,1,B01,8,5,5,30,4,2,1,5,4,6,13,1,1,1,5,5,2,13,1,54,3,10,3,4,7,9,1,4,1,1,16,1,21,121.5798735,25.0517324
114,10,07,19,42,06松山區,松山區民生東路5段141號,0,0,1,1,C03,8,5,5,50,14,9,1,5,4,5,13,1,1,8,3,5,1,16,2,34,2,9,3,1,7,7,1,10,2,14,100,1,21,121.5613852,25.058753
114,10,07,20,12,12內湖區,內湖區瑞光路431號,0,0,2,1,C04,8,5,5,50,14,9,1,5,4,5,13,4,4,5,5,5,2,17,1,21,2,9,5,1,7,1,1,9,1,14,19,1,21,121.5700546,25.0786236
114,10,07,20,24,07信義區,信義區永吉路30巷與松隆路口,0,0,3,1,C02,8,5,5,50,4,2,1,5,4,5,13,1,1,1,5,5,2,17,1,36,2,8,5,1,7,5,1,9,2,12,71,1,21,121.5688116,25.0445073
114,10,07,21,06,07信義區,信義區忠孝東路5段71巷與基隆路1段147巷口,0,0,2,1,C03,8,5,5,30,4,1,1,5,4,5,13,4,4,10,5,5,2,15,1,43,2,9,6,1,7,9,1,10,1,11,72,1,21,121.5673546,25.0423755
114,10,07,21,18,01大同區,大同區民權西路與承德路3段口,0,0,1,1,C03,8,5,5,50,4,1,1,5,4,5,13,2,1,1,4,5,2,16,1,41,3,10,5,1,7,6,1,10,9,13,101,2,21,121.5183414,25.0630082
114,10,07,21,40,07信義區,信義區中坡北路與中坡北路15巷口,0,0,1,1,B02,8,5,5,50,14,9,1,5,4,5,13,1,1,1,5,5,2,12,1,29,3,10,7,1,7,6,1,8,1,2,9,1,21,121.5811363,25.0447038
114,10,07,22,00,05中正區,中正區羅斯福路1段25號,0,0,1,1,B03,8,5,5,50,14,9,1,5,4,5,13,4,4,3,4,4,2,13,1,29,3,10,7,1,7,9,1,8,1,1,42,1,21,121.5184875,25.0325101
114,10,08,00,23,03中山區,中山區松江路與農安街口,0,0,1,1,B03,8,5,5,50,4,1,1,5,4,5,13,1,1,9,4,1,2,3,1,29,3,10,3,4,7,5,1,8,1,1,70,1,21,121.533208,25.06485807
114,10,08,05,55,11南港區,南港區忠孝東路5段與玉成街口口,0,0,2,1,C03,8,6,5,50,4,1,1,5,4,5,13,2,1,3,4,5,2,17,1,77,2,9,5,1,7,6,1,10,9,11,82,1,21,121.5826442,25.0450037
114,10,08,06,55,01大同區,大同區忠孝西路2段與西寧北路口,0,0,1,1,C03,8,6,5,50,4,1,1,5,4,5,13,2,1,1,4,5,2,17,1,71,3,10,5,4,7,5,1,10,1,12,17,1,21,121.5077364,25.049571
114,10,08,07,20,09北投區,北投區行義路125號,0,0,1,1,C03,8,7,5,50,14,9,1,5,4,5,13,4,4,4,5,5,1,18,2,47,2,8,5,1,7,9,1,10,2,12,42,1,22,121.5286525,25.1287262
114,10,08,07,27,07信義區,信義區吳興街284巷24弄與吳興街284巷18弄口,0,0,1,1,B03,8,6,5,30,4,1,1,5,4,5,13,4,4,10,5,5,2,15,2,52,3,10,7,1,7,9,1,8,1,4,99,1,21,121.5635282,25.0245092
114,10,08,07,36,01大同區,大同區敦煌路與承德路3段301巷口口,0,0,1,1,A11,8,6,5,50,4,1,1,5,4,5,13,4,4,1,5,5,2,3,1,46,3,10,7,1,7,1,1,2,2,1,19,1,21,121.5210524,25.0750084
114,10,08,07,38,05中正區,中正區愛國西路與博愛路口,0,0,3,1,C03,8,7,5,50,4,2,1,5,4,5,13,1,1,1,4,5,2,17,2,32,2,8,5,1,7,7,1,10,1,14,108,1,22,121.5112083,25.0353242
114,10,08,07,39,12內湖區,內湖區新湖一路(IKEA出入口),0,0,1,1,B03,8,5,5,50,14,9,1,5,4,5,13,4,4,9,5,5,2,17,1,30,3,10,7,1,7,6,1,8,1,5,80,1,21,121.5787563,25.060057
114,10,08,07,42,10文山區,文山區辛亥路7段與辛亥路7段20巷口,0,0,1,1,B03,8,6,5,50,3,1,2,5,4,5,13,2,1,10,5,4,2,17,1,69,3,10,3,4,7,5,1,8,1,1,71,1,21,121.5532081,24.9866135
114,10,08,07,45,09北投區,北投區福國路與承平路口,0,0,1,1,C03,8,7,5,50,3,1,1,5,4,5,13,2,1,10,5,5,2,17,1,36,2,9,5,1,7,5,1,10,1,12,108,1,21,121.5082175,25.10140859
114,10,08,08,19,03中山區,中山區八德路2段174巷與八德路2段口,0,0,1,1,B03,8,6,5,50,4,1,1,5,4,5,13,1,1,5,4,5,2,16,1,79,3,10,3,4,7,5,1,8,9,5,71,1,22,121.5381755,25.0463237
114,10,08,08,22,07信義區,信義區忠孝東路5段236巷27弄6-1號,0,0,1,1,B03,8,6,5,30,14,9,1,5,4,5,13,4,4,10,5,5,2,17,2,68,3,10,3,4,7,6,1,8,1,17,9,1,21,121.5722714,25.03851
114,10,08,08,30,09北投區,北投區中央北路4段601巷臨7號,0,0,1,1,B03,8,7,5,50,14,9,1,5,4,5,13,4,4,9,5,5,2,17,1,40,2,1,7,1,7,9,1,8,2,1,42,1,22,121.4628123,25.1233315
114,10,08,08,31,02萬華區,萬華區和平西路3段104號,0,0,1,1,C03,8,7,5,50,14,9,1,5,4,5,13,4,4,1,5,5,2,13,1,47,2,8,5,1,7,9,1,10,1,11,16,1,21,121.5007202,25.035195
114,10,08,08,33,04大安區,大安區新生南路1段與仁愛路3段口,0,0,3,1,C03,8,6,5,50,4,2,1,5,4,5,13,1,1,3,4,4,2,17,1,34,2,8,6,4,7,15,1,10,1,12,42,1,21,121.5329416,25.0378828
114,10,08,08,39,08士林區,士林區延平北路7段107巷28弄與延平北路7段口堤外,0,0,2,1,C03,8,6,5,30,3,2,1,5,4,5,13,4,4,10,5,5,1,17,2,20,2,9,5,1,7,5,1,10,1,11,8,1,21,121.4938925,25.09613854
114,10,08,08,54,04大安區,大安區復興南路1段與復興南路1段340巷口,0,0,1,1,C03,8,6,5,50,4,1,1,5,4,5,13,2,1,1,4,5,2,13,2,53,2,9,6,4,7,9,1,10,1,11,16,1,22,121.5432907,25.0359485
114,10,08,08,59,01大同區,大同區延平北路2段與民權西路口,0,0,2,1,C03,8,6,5,50,4,1,1,5,4,5,13,2,1,1,4,5,2,17,1,58,2,9,5,4,7,9,1,10,2,11,81,1,21,121.5120256,25.0627589
114,10,08,09,04,03中山區,中山區民生東路2段60號,0,0,1,1,C03,8,7,5,50,14,9,1,5,4,5,13,4,4,9,4,5,2,29,2,38,2,9,6,1,7,9,1,10,9,11,108,1,21,121.529679,25.05794608
114,10,08,09,20,12內湖區,內湖區康寧路3段22-1號,0,0,1,1,C03,7,6,5,50,14,9,1,5,4,5,13,1,1,1,5,5,2,11,2,70,2,9,6,1,7,9,1,10,2,14,17,1,21,121.6078198,25.0723623
114,10,08,09,31,08士林區,士林區天母東路69巷11-3號對面,0,0,1,1,B03,8,6,5,40,11,9,1,5,4,5,13,4,4,9,5,5,1,17,4,0,,,,,,,,,11,,,,,121.5341706,25.11911502
114,10,08,09,52,07信義區,信義區基隆路2段133號,0,0,1,1,B03,8,6,5,50,14,9,1,5,4,5,13,2,1,1,5,5,2,13,2,43,3,10,3,4,7,9,1,8,1,5,16,1,21,121.5558894,25.0272481
114,10,08,10,19,03中山區,中山區錦州街與民生東路2段159巷口,0,0,1,1,B03,8,6,5,50,4,1,1,5,4,5,13,4,4,5,5,5,2,16,2,42,3,10,3,4,7,5,1,8,1,4,99,1,22,121.5362326,25.0602939
114,10,08,10,22,02萬華區,萬華區國興路50號,0,0,1,1,F01,8,6,5,30,14,9,1,5,4,5,13,4,4,9,4,4,2,17,2,87,2,9,3,4,7,9,8,20,1,11,44,1,22,121.5070829,25.025394
114,10,08,10,25,06松山區,松山區復興北路與五常街口,0,0,1,1,B01,8,6,5,50,4,1,1,5,4,5,13,2,1,1,4,5,2,17,1,60,4,11,3,4,7,5,7,19,11,15,71,2,22,121.5443441,25.0643469
114,10,08,10,28,02萬華區,萬華區環河南路1段與長沙街2段口,0,0,1,1,C03,8,7,5,40,3,1,1,5,4,5,13,2,1,9,4,5,2,16,1,73,4,11,3,4,7,5,7,19,9,11,71,2,22,121.4995946,25.04145
114,10,08,10,30,03中山區,中山區中原街與新生北路2段127巷口,0,0,2,1,C03,8,7,5,30,4,1,1,5,4,5,13,4,4,9,5,5,2,15,1,34,2,7,6,1,7,15,1,10,1,11,72,1,21,121.5288309,25.06001755
114,10,08,11,10,09北投區,北投區承德路7段與公館路口,0,0,1,1,C03,8,7,5,60,14,9,1,5,4,5,13,2,1,1,4,5,2,13,2,33,2,9,5,1,7,9,1,10,1,14,108,1,21,121.5017338,25.1194386
114,10,08,11,19,05中正區,中正區林森南路4-3號,0,0,2,1,C03,8,5,5,50,14,9,1,5,4,5,13,4,4,9,4,5,2,17,1,45,2,9,5,1,7,6,1,10,2,12,9,1,21,121.5228968,25.043565
114,10,08,11,40,11南港區,南港區昆陽街與昆陽街152巷口,0,0,3,1,H04,8,6,5,0,3,1,1,5,4,5,13,4,4,5,5,5,2,3,1,67,2,9,4,5,8,20,8,20,1,16,121,1,22,121.594802,25.0490504
114,10,08,11,58,04大安區,大安區羅斯福路3段與浦城街口,0,0,1,1,B12,8,6,5,50,3,1,1,5,4,5,13,2,1,1,4,5,2,17,1,36,3,10,7,1,7,6,1,8,2,2,9,1,21,121.5264437,25.0223716
114,10,08,12,00,12內湖區,內湖區成功路3段與文德路口,0,0,1,1,B01,8,6,5,50,3,1,1,5,4,5,13,2,1,1,4,5,2,17,1,69,3,10,7,1,7,11,1,4,1,4,42,1,21,121.5894988,25.0792518
114,10,08,12,36,03中山區,中山區北安路自強圓環東往西機車地下道入口處,0,0,2,1,C03,8,5,5,50,14,11,1,5,4,5,13,4,4,10,4,5,2,13,1,29,3,10,3,4,7,9,1,10,1,13,14,1,21,121.5508473,25.08618754
114,10,08,13,07,02萬華區,萬華區萬大路與萬大路85巷口,0,0,1,1,C03,7,6,5,50,4,1,1,5,4,5,13,2,1,3,4,5,1,15,2,69,2,9,3,4,7,1,3,18,1,14,19,1,22,121.5005875,25.0302682
114,10,08,13,14,08士林區,士林區菁山路17號前,0,0,1,1,C03,8,6,5,40,14,9,1,5,4,5,13,4,4,9,4,5,1,13,1,19,2,7,6,1,7,11,1,10,2,14,10,1,21,121.5464813,25.13735865
114,10,08,14,23,11南港區,南港區玉成街87號,0,0,1,1,B03,8,5,5,30,14,9,1,5,4,5,13,4,4,4,1,5,2,12,1,27,3,10,3,4,7,6,1,8,1,2,9,1,21,121.5815968,25.0479811
114,10,08,14,38,03中山區,中山區南京東路1段13巷與中山北路2段27巷口,0,0,1,1,C03,8,6,5,30,4,1,1,5,4,5,13,4,4,5,5,5,2,15,1,26,2,9,6,1,7,9,1,10,2,11,72,1,21,121.5236695,25.0531888
114,10,08,15,10,01大同區,大同區承德路2段與錦西街口,0,0,1,1,C03,8,6,5,50,4,2,1,5,4,5,13,2,1,1,4,5,2,17,1,41,2,9,5,4,7,7,1,10,1,14,100,1,21,121.5185228,25.0610124
114,10,08,15,59,04大安區,大安區信義路3段(往東),0,0,2,1,C03,8,7,5,50,14,9,1,5,4,5,13,4,4,1,4,5,2,13,1,36,2,7,3,4,7,7,1,10,1,11,16,1,21,121.533484,25.0334719
114,10,08,16,19,10文山區,文山區景興路與景興路23巷口,0,0,2,1,B01,8,6,5,50,4,18,1,5,4,5,13,4,4,1,4,5,2,3,1,58,2,7,7,1,7,9,1,4,2,2,70,1,21,121.5447034,24.9976992
114,10,08,16,22,04大安區,大安區大安路1段與大安路1段169巷口,0,0,1,1,B03,8,6,5,50,4,18,1,5,4,5,13,4,4,5,5,5,2,3,1,66,3,10,3,4,7,9,1,8,1,1,70,1,22,121.5464441,25.0368987
114,10,08,16,44,03中山區,中山區市民大道2段與林森北路口,0,0,1,1,C03,8,6,5,40,4,2,1,5,4,5,13,2,1,1,5,5,1,16,2,30,2,8,3,4,7,7,1,10,1,14,100,1,21,121.524421,25.04794731
114,10,08,17,16,02萬華區,萬華區西園路1段25號,0,0,1,1,B03,8,6,5,50,14,9,1,5,4,5,13,4,4,10,5,5,2,17,1,65,3,10,7,1,7,9,1,8,1,5,16,1,21,121.5000091,25.0409952
114,10,08,17,16,12內湖區,內湖區陽光街與成功路3段口,0,0,2,1,C03,8,6,5,50,4,1,1,5,4,5,13,1,1,1,3,5,1,16,1,20,2,9,6,1,7,5,1,10,2,14,8,1,21,121.5898764,25.0774297
114,10,08,17,22,08士林區,士林區故宮路與至善路2段口,0,0,1,1,B03,6,5,5,50,5,1,1,4,4,5,13,2,1,1,4,5,2,13,1,61,3,10,7,1,7,5,1,8,1,1,8,1,21,121.5463506,25.0981928
114,10,08,17,40,10文山區,文山區木柵路1段與富山路口,0,0,2,1,C03,8,5,5,50,5,1,1,5,4,5,13,2,1,10,5,5,2,16,1,40,2,8,6,1,7,5,1,10,2,13,71,1,21,121.5538132,24.9881059
114,10,08,17,45,07信義區,信義區莊敬路與吳興街361巷口,0,0,1,1,C03,8,5,5,30,3,1,1,5,4,5,13,4,4,8,5,4,2,17,2,30,3,10,3,4,7,5,6,10,2,14,72,1,22,121.5678623,25.0267574
114,10,08,17,48,09北投區,北投區中和街與珠海路口,0,0,1,1,B01,8,5,5,50,4,1,1,5,4,4,13,1,1,5,5,5,2,3,2,49,3,10,7,1,7,5,1,4,2,1,70,1,21,121.5025712,25.1383307
114,10,08,17,55,05中正區,中正區羅斯福路4段140號,0,0,3,1,C03,8,5,5,50,14,9,1,5,4,5,13,4,4,1,4,5,2,17,1,37,2,9,5,1,7,9,1,10,1,11,44,1,22,121.5359773,25.0129871
114,10,08,18,00,01大同區,大同區民生西路218號,0,0,1,1,C03,7,5,5,50,14,9,1,5,4,5,13,4,4,5,4,5,2,17,1,54,2,9,5,4,7,15,1,10,1,12,44,1,21,121.514577,25.0568718
114,10,08,18,07,04大安區,大安區信義路3段與復興南路2段口,0,0,2,1,C03,8,5,5,50,4,2,1,5,4,5,13,2,1,1,4,5,2,13,2,49,2,9,6,4,7,9,1,10,1,11,108,1,22,121.5434913,25.0331061
114,10,08,18,12,12內湖區,內湖區瑞光路76巷與民權東路6段21巷口,0,0,1,1,B03,8,5,6,50,3,1,1,5,4,5,13,4,4,5,5,5,2,16,2,56,3,10,3,4,7,5,1,8,2,5,74,1,22,121.5795546,25.0695901
114,10,08,18,14,06松山區,松山區光復北路與光復北路11巷口,0,0,2,1,C03,8,5,5,30,3,1,1,5,4,5,13,1,1,9,4,5,2,17,2,63,2,9,5,1,7,5,1,10,1,12,8,1,22,121.5581824,25.0493074
114,10,08,18,17,12內湖區,內湖區安康路25巷北向南，近路燈0309731,0,0,1,1,C03,8,5,5,50,14,9,1,5,4,5,13,4,4,5,5,5,2,13,2,53,3,10,5,1,7,9,1,10,1,11,16,1,21,121.5933558,25.0629755
114,10,08,18,24,04大安區,大安區建國南路1段北科大地下停車場出入口,0,0,1,1,F01,7,5,5,50,14,18,1,5,4,5,13,2,1,1,4,1,1,3,2,54,3,10,3,4,7,9,8,20,1,15,70,1,22,121.5363767,25.042997
114,10,08,18,30,04大安區,大安區辛亥路1段與溫州街口,0,0,2,1,C03,8,5,5,50,4,2,1,5,4,5,13,1,1,10,4,4,2,17,2,63,2,9,6,1,7,7,1,10,11,13,100,2,21,121.5334342,25.0226506
114,10,08,18,47,03中山區,中山區建國北路3段85號,0,0,1,1,B03,8,5,5,50,14,9,1,5,4,5,13,4,4,9,4,5,2,17,1,19,3,10,7,1,7,9,1,8,1,1,108,1,21,121.5367768,25.06527015
114,10,08,19,07,02萬華區,萬華區堤外便道富民疏散門引道,0,0,1,1,B03,8,5,5,30,3,1,1,5,4,5,13,4,4,5,5,5,2,15,1,49,3,10,3,4,7,9,1,8,2,4,72,1,22,121.5006135,25.017268
114,10,08,19,19,03中山區,中山區民生東路2段與松江路口,0,0,1,1,C03,8,5,5,50,14,9,1,5,4,5,13,2,1,1,4,5,2,16,2,25,2,9,6,1,7,7,1,10,1,14,100,1,21,121.5335567,25.0580281
114,10,08,19,42,03中山區,中山區復興北路38號,0,0,1,1,B01,8,5,5,50,14,9,1,5,4,5,13,4,4,1,4,5,2,16,1,46,3,10,7,1,7,8,1,4,1,4,100,1,21,121.5439185,25.0486838
114,10,08,20,05,05中正區,中正區杭州南路1段與濟南路1段口,0,0,1,1,B03,8,5,5,50,4,2,1,5,4,5,13,1,1,4,4,5,2,17,1,27,3,10,7,1,7,6,1,8,1,4,9,1,21,121.526155,25.0416798
114,10,08,21,10,12內湖區,內湖區康樂街136巷與康樂街136巷30弄口,0,0,1,1,C03,8,5,5,30,3,2,1,4,4,5,13,4,4,10,5,5,2,18,2,58,2,9,5,1,7,9,1,10,1,14,116,1,22,121.6180103,25.07195603
114,10,08,22,10,01大同區,大同區赤峰街與赤峰街3巷口,0,0,3,1,C03,7,5,5,30,4,1,1,5,4,5,13,4,4,10,5,5,2,15,1,20,2,9,6,4,7,9,1,10,2,14,86,1,22,121.5191296,25.0534558
114,10,08,22,51,09北投區,北投區三合街1段117巷與三合街1段117巷38弄口,0,0,1,1,B03,8,5,5,30,4,1,1,5,4,5,13,4,4,10,5,5,1,15,1,34,3,10,7,1,7,9,1,8,1,5,75,1,22,121.5042865,25.1261247
114,10,09,00,43,04大安區,大安區市民大道4段與敦化南路1段口,0,0,2,1,B12,8,5,5,50,5,2,1,5,4,5,13,2,1,8,3,5,1,15,1,33,3,10,7,1,7,9,1,8,2,1,81,1,21,121.548634,25.0447667
114,10,09,01,00,12內湖區,內湖區堤頂大道2段與港墘路口,0,0,1,1,B03,8,5,5,70,3,1,1,5,4,5,13,2,1,1,4,1,2,16,1,20,4,11,3,4,7,9,1,8,11,6,81,2,21,121.5722663,25.0745403
114,10,09,01,41,01大同區,大同區民權西路136號,0,0,1,1,B01,8,5,5,50,14,9,1,5,4,5,13,2,1,9,4,5,2,12,1,69,3,10,7,4,7,7,1,4,1,6,100,1,21,121.5162246,25.0628379
114,10,09,01,49,05中正區,中正區忠孝西路1段與館前路口,0,0,1,1,F01,8,5,5,50,5,2,1,5,4,5,13,1,1,3,4,5,2,13,2,27,2,7,4,1,7,9,8,20,1,14,108,1,22,121.5154375,25.046838
114,10,09,02,12,04大安區,大安區和平東路3段與基隆路2段口,0,0,2,1,B01,8,5,5,50,14,9,1,5,4,5,13,4,4,1,4,1,1,17,1,67,3,10,7,1,7,9,1,4,1,2,108,1,21,121.5529389,25.0247891
114,10,09,04,59,04大安區,大安區延吉街與延吉街276巷口,0,0,1,1,B03,8,5,5,30,3,2,1,5,4,5,13,4,4,10,5,5,2,17,1,31,3,10,7,1,7,6,1,8,1,4,72,1,21,121.5556074,25.0361337
114,10,09,06,36,02萬華區,萬華區萬大路618巷與武成街35巷口,0,0,1,1,F02,7,7,5,30,4,1,1,5,4,5,13,4,4,10,5,5,2,15,1,39,2,9,4,1,7,9,8,20,1,11,44,1,21,121.4948117,25.0176773
114,10,09,06,38,02萬華區,萬華區東園街188號,0,0,1,1,C03,8,7,5,50,14,9,1,5,4,5,13,4,4,8,5,5,2,16,1,56,3,10,5,1,7,11,1,10,1,12,80,1,21,121.498348,25.0218276
114,10,09,06,45,04大安區,大安區市民大道4段126號,0,0,1,1,C04,7,6,5,40,14,9,1,5,4,5,13,4,4,1,4,5,2,23,1,33,2,1,5,4,7,9,1,10,7,11,21,1,21,121.5513387,25.0445314
114,10,09,07,20,11南港區,南港區東新街與龍華街口,0,0,1,1,B03,6,7,5,50,4,1,1,4,4,5,13,2,1,1,4,4,2,17,1,29,3,10,7,1,7,5,1,8,1,1,80,1,21,121.5941841,25.0485922
114,10,09,07,25,10文山區,文山區忠順街1段與興隆路4段58巷16弄口口,0,0,1,1,C03,8,7,8,50,3,1,1,5,4,5,13,4,4,10,5,5,2,16,1,47,4,11,3,4,7,5,7,19,11,11,74,2,22,121.5608343,24.9844002
114,10,09,07,26,07信義區,信義區松仁路與信義路5段150巷14弄口,0,0,1,1,B03,8,7,5,50,4,1,1,5,4,5,13,1,1,9,4,5,2,17,1,56,3,10,3,4,7,11,1,8,2,8,103,1,21,121.5683107,25.0285036
114,10,09,07,35,03中山區,中山區龍江路333號,0,0,1,1,B03,8,6,5,50,14,9,1,5,4,5,13,4,4,5,5,5,2,17,1,45,3,10,3,4,7,14,1,8,1,2,44,1,22,121.5408757,25.0631344
114,10,09,07,37,03中山區,中山區吉林路與吉林路口側附近407巷口,0,0,2,1,B03,8,7,5,50,3,2,1,5,4,5,13,4,4,9,4,5,2,12,1,57,3,10,7,1,7,7,1,8,1,8,103,1,21,121.5303796,25.0660487
114,10,09,07,41,08士林區,士林區重陽橋機慢車道往新北,0,0,1,1,C03,8,6,5,40,14,11,1,5,4,5,13,4,4,10,4,5,2,13,1,51,3,10,6,1,7,9,1,10,1,11,108,1,21,121.507233,25.0862722
114,10,09,07,52,01大同區,大同區民權西路與承德路2段口口,0,0,2,1,C03,7,6,5,50,4,1,1,4,4,5,13,2,1,1,5,5,2,16,1,18,2,7,6,1,7,15,1,10,1,12,100,1,21,121.5180824,25.0627975
114,10,09,07,55,05中正區,中正區中華路1段25號,0,0,1,1,C03,7,7,5,50,14,9,1,4,4,5,13,1,1,1,4,5,2,17,1,38,2,9,5,1,7,12,1,10,2,14,44,1,21,121.5096105,25.0462069
114,10,09,08,00,12內湖區,內湖區大湖山莊街170號,0,0,1,1,C03,7,6,5,30,14,9,1,4,4,5,13,3,1,8,3,5,1,16,1,74,2,9,6,1,7,1,1,10,2,14,19,1,21,121.6005475,25.08821929
114,10,09,08,05,01大同區,大同區承德路1段與長安西路口,0,0,2,1,C03,8,6,5,50,4,1,1,4,4,5,13,2,1,1,4,5,2,17,1,28,2,9,5,4,7,9,1,10,2,12,42,1,21,121.5168602,25.050174
114,10,09,08,05,04大安區,大安區通安街17號,0,0,2,1,F01,6,5,5,30,14,9,1,4,4,5,13,4,4,10,5,5,2,12,2,80,2,1,3,4,7,5,8,20,2,14,8,1,21,121.5533197,25.0321261
114,10,09,08,18,12內湖區,內湖區康寧路3段與康寧路3段99巷口口,0,0,1,1,C03,7,5,5,50,3,2,1,5,4,5,13,4,4,1,4,4,2,17,1,60,2,9,6,1,7,8,1,10,1,14,100,1,21,121.610081,25.0713094
114,10,09,08,33,01大同區,大同區長安西路與延平北路1段口口,0,0,2,1,C03,8,6,5,50,5,1,1,5,4,5,13,2,1,5,5,5,2,12,2,38,2,1,6,1,7,9,1,10,2,14,44,1,21,121.5118569,25.0520274
114,10,09,08,36,03中山區,中山區敬業一路與敬業二路口,0,0,1,1,B02,8,6,5,50,4,1,1,5,4,5,13,2,1,4,5,5,1,16,1,38,3,10,3,4,7,6,1,8,1,2,9,1,21,121.5543284,25.08392544
114,10,09,09,01,09北投區,北投區天母西路117巷與天母西路口,0,0,1,1,B03,8,7,5,50,3,1,1,5,4,5,13,1,1,4,5,5,2,13,1,60,3,10,7,1,7,5,1,8,1,1,118,1,21,121.5231465,25.1188913
114,10,09,09,08,04大安區,大安區四維路236巷與四維路口,0,0,1,1,B12,8,7,5,30,3,2,1,5,4,5,13,4,4,10,5,5,1,3,1,26,4,11,3,4,7,5,7,19,11,15,8,2,22,121.5478611,25.0252057