發生年度,發生月,發生日,發生時-Hours,發生分,區序,肇事地點,死亡人數,2-30日死亡人數,受傷人數,當事人序號,車種,天候,光線,道路類別,速限-速度限制,道路型態,事故位置,路面狀況1,路面狀況2,路面狀況3,道路障礙1,道路障礙2,號誌1,號誌2,車道劃分-分向,車道劃分-分道1,車道劃分-分道2,車道劃分-分道3,事故類型及型態,性別,年齡,受傷程度,主要傷處,保護裝置,行動電話,車輛用途,當事者行動狀態,駕駛資格情形,駕駛執照種類,飲酒情形,車輛撞擊部位1,肇因碼-個別,個人肇逃否,職業,座標-X,座標-Y
114,10,10,21,42,03中山區,中山區建國北路2段與民權東路3段口,0,0,1,1,B01,8,5,5,50,4,1,1,5,4,5,13,2,1,1,4,5,2,17,1,59,3,10,7,1,7,6,1,4,1,2,99,1,21,121.5373031,25.0622628
114,10,10,22,41,03中山區,中山區中山北路1段與市民大道1段口,0,0,1,1,B03,8,5,5,50,4,2,1,5,4,5,13,2,1,1,4,5,2,12,2,34,3,10,7,1,7,9,1,8,1,2,17,1,21,121.5206932,25.0482532
114,10,10,23,02,09北投區,北投區立農街2段與石牌路2段99巷口,0,0,1,1,A02,8,5,6,30,4,1,1,5,4,5,13,1,1,7,4,5,1,15,1,57,3,10,7,1,7,9,1,2,2,2,81,1,21,121.5170037,25.1185793
114,10,11,00,10,08士林區,士林區中正路與文林路口口,0,0,1,1,C03,8,5,5,50,4,1,1,5,4,1,13,2,1,4,4,5,1,16,1,19,3,10,6,1,7,6,1,10,1,13,9,1,21,121.5245767,25.0949252
114,10,11,00,20,03中山區,中山區林森北路與新生北路2段28巷口,0,0,1,1,B01,8,5,6,50,4,1,1,5,4,5,13,2,1,10,5,5,2,16,1,61,3,10,7,1,7,5,1,4,1,7,98,1,26,121.5256769,25.05388772
114,10,11,00,35,12內湖區,內湖區內湖路1段285巷65弄58號,0,0,1,1,G06,8,5,5,30,14,9,1,5,4,5,13,4,4,9,5,5,2,17,1,36,2,9,4,1,7,9,8,20,8,16,4,1,21,121.569559,25.08435111
114,10,11,03,41,03中山區,中山區錦州街與中原街口,0,0,1,1,B01,7,7,5,50,4,1,1,5,4,5,13,1,1,10,4,5,2,17,1,70,3,10,7,1,7,9,1,4,1,2,80,1,21,121.5291806,25.06050974
114,10,11,04,20,02萬華區,萬華區桂林路與貴陽街2段164巷口,0,0,1,1,B03,8,5,6,50,3,1,1,5,4,5,13,4,4,5,4,4,2,16,1,26,3,10,3,4,7,11,1,8,1,4,42,1,22,121.5011252,25.0384305
114,10,11,07,00,12內湖區,內湖區基湖路3巷與洲子街口,0,0,2,1,C03,8,7,5,50,3,1,1,5,4,5,13,4,4,5,5,5,2,17,2,47,2,9,5,1,7,5,1,10,1,11,8,1,21,121.5658497,25.0811505
114,10,11,07,19,11南港區,南港區南港路1段與興中路口,0,0,1,1,B03,8,5,8,50,4,1,1,5,4,5,13,2,1,4,3,5,2,17,1,66,3,10,2,1,7,5,1,8,1,5,71,1,21,121.6075164,25.0544599
114,10,11,07,22,07信義區,信義區基隆路2段131-2號,0,0,1,1,A02,8,6,5,50,14,9,1,5,4,5,13,4,4,1,4,5,2,17,2,59,3,10,3,4,7,9,1,2,1,2,44,1,21,121.5567538,25.0281718
114,10,11,07,57,11南港區,南港區向陽路與市民大道8段口,0,0,1,1,B03,8,6,5,50,4,1,1,5,4,5,13,2,1,3,4,5,2,16,2,63,3,10,3,4,7,6,1,8,1,5,9,1,22,121.595621,25.0513964
114,10,11,09,02,02萬華區,萬華區和平西路3段與華江橋口機車道,0,0,2,1,C03,8,5,5,50,3,1,1,5,4,5,13,3,1,10,5,5,2,13,1,43,2,8,5,4,7,9,1,10,1,11,16,1,21,121.4906793,25.0354278
114,10,11,10,18,01大同區,大同區民族西路101號,0,0,1,1,C03,8,6,5,50,14,9,1,5,4,5,13,4,4,8,3,5,1,12,1,51,2,9,5,1,7,15,1,10,1,11,102,1,21,121.5170007,25.0686017
114,10,11,10,37,04大安區,大安區復興南路1段與復興南路1段313巷口,0,0,2,1,C04,8,5,5,50,3,1,1,5,4,5,13,4,4,10,5,5,2,17,2,29,2,9,3,4,7,6,1,10,1,12,9,1,21,121.5437382,25.0343675
114,10,11,11,10,11南港區,南港區研究院路2段76號,0,0,1,1,C03,8,6,5,50,14,9,1,5,4,5,13,2,1,3,4,5,2,17,1,46,2,9,6,1,7,9,1,10,1,11,44,1,21,121.6151996,25.0456497
114,10,11,11,14,06松山區,松山區民生東路5段25號,0,0,1,1,C03,8,6,5,50,14,9,1,5,4,5,13,4,4,1,4,1,2,12,1,45,2,9,6,1,7,8,1,10,1,14,100,1,21,121.5562526,25.0583738
114,10,11,11,47,06松山區,松山區八德路2段451巷與八德路2段437巷10弄口,0,0,1,1,B03,8,6,5,30,3,1,1,5,4,5,13,4,4,10,5,5,2,3,1,51,3,10,7,1,7,9,1,8,1,2,70,1,22,121.5474953,25.0497498
114,10,11,12,13,09北投區,北投區文林北路131號,0,0,2,1,C03,8,5,5,40,14,8,1,4,4,5,13,4,4,1,4,4,2,13,2,38,2,8,3,4,7,9,1,10,2,14,108,1,22,121.5160656,25.1063932
114,10,11,12,29,04大安區,大安區金華街與青田街口口,0,0,1,1,B01,8,6,5,50,4,1,1,5,4,5,13,2,1,5,5,5,2,17,1,65,3,10,7,1,7,8,1,4,1,2,100,1,22,121.53149,25.0299685
114,10,11,12,30,09北投區,北投區大度路3段與中央北路4段口,0,0,1,1,B03,8,5,8,50,14,8,1,5,4,5,13,4,4,2,4,3,2,12,1,65,3,10,3,4,7,4,1,8,2,5,17,1,21,121.4651968,25.1236456
114,10,11,12,39,10文山區,文山區和平東路4段燈桿編號029號旁,0,0,1,1,C03,8,7,5,40,11,9,1,5,4,5,13,4,4,5,5,5,2,18,2,52,2,9,5,1,7,9,1,10,1,14,42,1,21,121.5719127,25.0018816
114,10,11,12,46,03中山區,中山區中山北路1段與市民大道2段口,0,0,1,1,C03,8,6,5,50,4,1,1,5,4,5,13,2,1,4,5,5,1,13,1,31,3,10,3,4,7,9,1,10,1,11,108,1,21,121.5208804,25.04805052
114,10,11,13,25,05中正區,中正區忠孝東路1段164號,0,0,1,1,C03,8,7,5,50,14,9,1,5,4,5,13,4,4,1,4,5,2,17,1,48,3,10,5,1,7,12,1,10,1,13,44,1,21,121.5263444,25.0439916
114,10,11,13,57,08士林區,士林區通河西街1段與重慶北路4段口,0,0,1,1,B03,8,6,5,50,5,1,1,5,4,5,13,2,1,9,4,5,1,17,1,56,3,10,7,1,7,5,1,8,2,1,83,1,21,121.5118791,25.08748076
114,10,11,14,05,10文山區,文山區忠順街1段26巷與忠順街1段26巷27弄口口,0,0,1,1,C03,8,7,5,30,4,1,1,5,4,5,13,4,4,10,5,5,2,15,1,75,2,7,5,1,7,9,1,10,1,12,72,1,21,121.559785,24.9820737
114,10,11,14,09,02萬華區,萬華區桂林路74號,0,0,1,1,B01,8,6,5,40,14,8,1,5,4,5,13,4,4,5,5,4,2,17,1,54,3,10,7,1,7,1,1,4,1,8,19,1,21,121.5013499,25.0383769
114,10,11,14,27,03中山區,中山區建國北路3段與農安街口,0,0,1,1,C03,8,7,5,50,4,2,1,5,4,5,13,1,1,1,4,5,2,13,1,20,2,9,5,1,7,9,1,10,2,11,108,1,21,121.5365388,25.0652451
114,10,11,14,57,09北投區,北投區中央北路2段76號,0,0,2,1,C03,8,7,5,50,14,9,1,5,4,5,13,4,4,5,4,5,2,12,2,27,2,9,5,1,7,7,1,10,1,14,42,1,21,121.492372,25.1381376
114,10,11,15,05,12內湖區,內湖區安康路東湖交流道閘道涵洞下,0,0,2,1,C03,8,5,5,30,9,9,1,5,4,5,13,4,4,10,5,5,1,2,2,39,2,9,6,4,7,9,1,10,2,11,108,1,21,121.5973017,25.06896041
114,10,11,16,07,06松山區,松山區三民路與三民路3巷口,0,0,1,1,B01,8,6,5,50,14,9,1,5,4,5,13,4,4,4,3,5,2,17,1,61,3,10,3,4,7,13,1,4,1,2,40,1,21,121.5638788,25.0517916
114,10,11,16,59,09北投區,北投區公館路與北投路1段口,0,0,2,1,B03,8,7,5,50,4,1,1,5,4,5,13,1,1,5,4,5,2,16,1,53,3,10,7,1,7,5,1,8,1,2,71,1,21,121.5026458,25.1214011
114,10,11,17,20,12內湖區,內湖區內湖路3段141巷與金龍路口,0,0,1,1,C03,8,6,5,50,3,1,1,5,4,5,13,1,1,10,5,5,2,16,1,40,3,10,6,1,7,5,1,10,2,12,74,1,21,121.5893109,25.0862386
114,10,11,17,21,03中山區,中山區中山北路1段與南京東路1段口,0,0,1,1,C03,8,7,4,50,4,1,1,5,4,5,13,2,1,10,5,5,2,12,1,21,3,10,6,1,7,8,1,10,1,14,108,1,21,121.5227459,25.05239203
114,10,11,17,22,04大安區,大安區辛亥路3段與芳蘭路口,0,0,2,1,B03,8,5,5,50,14,9,1,5,4,5,13,4,4,3,3,5,2,12,2,64,3,10,7,1,7,9,1,8,1,2,17,1,21,121.5493959,25.0165652
114,10,11,17,31,05中正區,中正區羅斯福路2段與杭州南路2段口,0,0,1,1,B01,8,6,5,50,5,1,1,5,4,5,13,1,1,5,4,5,2,17,1,26,3,10,7,1,7,9,1,4,1,5,108,1,21,121.5216434,25.0280614
114,10,11,17,33,02萬華區,萬華區華江橋機車道往臺北,0,0,1,1,H01,8,5,7,0,8,11,1,5,4,5,13,4,4,1,3,1,2,9,1,42,3,10,4,5,8,20,8,20,10,16,54,1,21,121.4876434,25.0355133
114,10,11,18,06,02萬華區,萬華區西寧南路與成都路口,0,0,1,1,B03,8,5,5,50,4,1,1,5,4,5,13,2,1,10,4,5,2,17,1,47,3,10,7,4,7,6,3,18,1,5,9,1,21,121.5059091,25.0427993
114,10,11,18,10,03中山區,中山區中山北路2段96號,0,0,1,1,B02,8,7,5,50,14,9,1,5,4,5,13,4,4,9,4,5,2,17,1,64,3,10,7,1,7,1,1,8,1,4,19,1,21,121.5228111,25.0599247
114,10,11,18,29,06松山區,松山區復興南路1段39號（市民大道四段上）,0,0,1,1,B03,8,5,5,40,14,9,1,5,4,5,13,4,4,9,4,5,2,17,2,43,3,10,7,1,7,6,1,8,1,5,9,1,22,121.5455171,25.0451666
114,10,11,18,46,02萬華區,萬華區萬大路與興寧街口,0,0,1,1,C03,8,5,5,50,4,1,1,5,4,5,13,2,1,5,4,5,2,16,1,53,3,10,3,4,7,6,1,10,1,12,9,1,22,121.5004877,25.0322323
114,10,11,18,58,01大同區,大同區大龍街與大龍街215巷口,0,0,1,1,B03,8,5,5,30,4,2,1,5,4,5,13,2,1,4,4,5,2,16,1,58,3,10,3,4,7,9,1,10,1,4,118,1,21,121.5159208,25.0703651
114,10,11,19,10,08士林區,士林區福港街149巷與福港街149巷15弄口,0,0,2,1,C03,8,5,5,30,3,1,1,5,4,5,13,4,4,10,5,5,2,17,1,78,2,8,3,4,7,5,1,10,1,11,8,1,22,121.5189923,25.0874779
114,10,11,19,12,08士林區,士林區天母北路與天母北路44巷口,0,0,2,1,B03,8,5,5,50,4,1,1,5,4,5,13,4,4,5,5,5,2,17,1,78,3,10,3,4,7,8,1,8,11,2,80,2,21,121.5265579,25.1206477
114,10,11,20,12,11南港區,南港區忠孝東路6段與忠孝東路6段185巷口口,0,0,1,1,C03,8,5,5,30,4,1,1,5,4,4,12,4,4,10,5,5,2,15,1,24,2,9,6,1,7,9,1,10,1,11,72,1,21,121.5872309,25.0491401
114,10,11,21,06,08士林區,士林區中正路與文林路口,0,0,1,1,C03,8,5,5,50,14,9,1,5,4,5,13,4,4,9,5,5,2,17,1,18,2,8,6,1,7,10,1,10,1,11,100,1,21,121.5248725,25.09511852
114,10,11,22,15,06松山區,松山區塔悠路與南京東路5段口,0,0,2,1,B03,8,5,5,50,4,1,1,5,4,5,13,2,1,1,4,5,2,17,2,48,4,11,3,4,7,6,7,19,9,17,9,2,21,121.5703863,25.051364
114,10,11,22,19,08士林區,士林區承德路5段與士商路口,0,0,1,1,B03,7,5,5,60,3,1,1,5,4,5,13,2,1,1,4,4,2,17,1,52,3,10,7,1,7,6,6,4,2,2,44,1,21,121.5142143,25.0960835
114,10,11,23,00,07信義區,信義區永吉路與永吉路517巷口口,0,0,1,1,C03,7,5,5,40,3,1,1,5,4,3,10,4,4,1,4,4,2,17,2,31,2,8,3,4,7,8,1,10,1,14,100,1,22,121.5800083,25.0454297
114,10,11,23,18,03中山區,中山區復興北路與南京東路3段口,0,0,1,1,B03,7,7,5,50,14,9,1,5,4,5,13,1,1,10,4,5,2,13,2,27,3,10,7,1,7,9,1,8,1,1,16,1,21,121.5439043,25.05195656
114,10,12,00,45,03中山區,中山區林森北路與錦州街口,0,0,1,1,B01,8,5,5,50,4,1,1,5,4,5,13,1,1,5,4,5,2,15,1,50,3,10,3,4,7,11,1,4,1,2,10,1,21,121.5244403,25.0603483
114,10,12,01,52,04大安區,大安區大安路1段157巷6號,0,0,1,1,C03,8,5,5,30,14,9,1,5,4,5,13,4,4,10,5,5,1,17,1,67,2,9,3,4,7,15,6,10,1,12,4,1,21,121.5463918,25.0372039
114,10,12,06,38,01大同區,大同區淡水河濱自行車道台北橋下,0,0,1,1,F01,8,6,8,0,22,22,1,5,4,5,13,4,4,10,5,5,2,9,1,37,3,10,4,1,7,15,8,20,2,11,99,1,21,121.5085248,25.0630416
114,10,12,07,20,06松山區,松山區八德路4段與中坡北路口,0,0,1,1,B03,8,6,5,50,4,1,1,5,4,5,13,1,1,5,4,5,2,13,1,41,3,10,7,1,7,14,1,8,2,7,42,1,22,121.5793389,25.0502716
114,10,12,08,44,05中正區,中正區重慶南路3段148號,0,0,1,1,C03,8,7,5,50,14,9,1,5,4,5,13,4,4,3,4,5,2,12,2,48,3,10,3,4,7,9,1,10,11,12,108,2,22,121.5166798,25.0235893
114,10,12,09,36,08士林區,士林區重慶北路4段與延平北路5段136巷口,0,0,2,1,B03,8,5,8,40,22,22,1,5,4,5,13,4,4,1,5,5,1,17,1,60,3,10,7,1,7,6,1,8,1,2,9,1,21,121.5124914,25.08240897
114,10,12,09,40,12內湖區,內湖區文湖街與環山路1段口,0,0,3,1,C03,8,7,5,50,3,1,1,5,4,5,13,1,1,5,5,5,2,17,2,25,2,9,5,1,7,5,1,10,2,11,71,1,21,121.5656602,25.0863539
114,10,12,09,45,08士林區,士林區社正路與社中街口,0,0,1,1,B03,8,6,5,50,4,1,1,5,4,5,13,2,1,5,5,5,2,17,1,33,3,10,3,4,7,9,1,8,1,2,81,1,21,121.5105762,25.0889724
114,10,12,09,52,12內湖區,內湖區成功路2段與民權東路6段口西北角,0,0,1,1,B02,8,7,8,50,3,1,1,5,4,5,13,4,4,3,4,5,2,16,2,44,3,10,7,1,7,8,1,14,1,2,95,1,21,121.5905915,25.0694062
114,10,12,09,57,07信義區,信義區永吉路180巷與虎林街120巷口,0,0,1,1,B01,8,5,5,30,4,2,1,5,4,5,13,4,4,10,5,5,1,15,1,54,3,10,7,1,7,9,1,4,1,5,72,1,22,121.5713814,25.0422461
114,10,12,10,09,09北投區,北投區西安街1段與致遠一路1段46巷口,0,0,1,1,E03,8,7,5,50,4,1,1,5,4,5,13,1,1,5,5,5,1,17,1,31,3,10,7,1,7,11,1,8,9,3,10,1,23,121.5180807,25.1104481
114,10,12,10,25,03中山區,中山區錦州街與建國北路2段口,0,0,1,1,B03,8,6,5,50,4,1,1,5,4,5,13,2,1,5,5,5,2,16,1,53,3,10,7,1,7,5,1,8,1,2,71,1,22,121.5371583,25.0603097
114,10,12,11,19,02萬華區,萬華區中華路1段與中華路1段114巷口,0,0,1,1,C03,8,7,5,30,3,1,1,5,4,5,13,4,4,10,5,5,2,3,1,20,3,10,3,4,7,9,1,10,1,12,108,1,22,121.5083449,25.0437928
114,10,12,11,26,06松山區,松山區八德路4段123-1號,0,0,1,1,C03,8,7,5,50,14,9,1,5,5,5,13,4,4,9,4,5,2,29,2,40,2,9,6,1,7,9,1,10,2,12,108,1,22,121.5617401,25.04860358
114,10,12,12,07,11南港區,南港區松河街與南港路3段314巷口,0,0,1,1,A12,8,6,5,40,3,1,1,5,4,5,13,2,1,1,5,5,2,13,1,49,3,10,7,1,7,9,1,3,2,8,108,1,21,121.5812805,25.0524369
114,10,12,12,20,12內湖區,內湖區民權東路6段296巷與民權東路6段口,0,0,1,1,C03,8,6,5,50,3,2,1,5,4,5,13,2,1,1,2,5,2,12,2,43,2,9,6,1,7,8,1,10,1,12,100,1,22,121.6052089,25.0726766
114,10,12,12,27,12內湖區,內湖區潭美街113號,0,0,2,1,B03,8,7,5,30,14,9,1,5,4,5,13,4,4,10,5,5,2,17,1,65,3,10,7,1,7,2,1,8,2,3,12,1,21,121.5790352,25.0535625
114,10,12,12,32,03中山區,中山區天祥路15號與中山北路2段116巷口,0,0,1,1,B01,8,6,5,50,4,2,1,5,4,5,13,4,4,5,4,5,2,9,1,69,3,10,7,1,7,1,1,4,9,17,19,1,21,121.5211032,25.06098527
114,10,12,12,51,08士林區,士林區中正路與承德路4段口,0,0,1,1,B03,8,7,5,25,4,1,1,5,4,5,13,2,1,5,4,5,1,17,2,53,3,10,7,1,7,6,1,8,1,2,9,1,21,121.5164773,25.09112769
114,10,12,12,55,08士林區,士林區文林路與雙溪街口,0,0,1,1,B12,8,6,5,50,4,1,1,5,4,5,13,1,1,8,3,4,2,16,1,51,3,10,7,1,7,6,1,8,1,6,9,1,21,121.5234272,25.0996591
114,10,12,13,20,08士林區,士林區中山北路5段與中山北路5段698巷口,0,0,3,1,C03,8,6,5,50,5,1,1,5,4,5,13,1,1,5,4,5,1,13,1,19,2,9,5,1,7,9,1,10,1,11,16,1,29,121.5274098,25.09781438
114,10,12,13,20,07信義區,信義區忠孝東路5段423巷與忠孝東路5段423巷3弄口口,0,0,1,1,C03,8,6,5,30,4,1,1,5,4,5,13,4,4,9,5,5,2,15,1,44,2,9,6,4,7,9,1,10,2,14,72,1,22,121.5753288,25.0413893
114,10,12,13,36,11南港區,南港區重陽路與興中路口,0,0,1,1,B03,8,7,5,50,4,2,1,5,4,5,13,2,1,9,5,4,2,16,1,42,3,10,7,1,7,5,1,8,2,5,71,1,21,121.6066074,25.0580613
114,10,12,13,47,08士林區,士林區延平北路6段與社正路口,0,0,1,1,C03,8,6,5,50,5,2,1,5,4,5,13,1,1,10,4,5,1,17,1,18,3,10,6,1,7,1,1,10,2,17,19,1,21,121.5083175,25.0886705
114,10,12,13,55,03中山區,中山區中山北路4段與北安路口,0,0,1,1,C03,8,7,5,50,3,1,1,5,4,5,13,1,1,9,4,5,2,17,1,43,2,9,5,1,7,7,1,10,1,14,100,1,21,121.5267696,25.0766667
114,10,12,14,13,04大安區,大安區市民大道4段122號,0,0,2,1,C03,8,6,5,40,14,9,1,5,4,5,13,4,4,9,4,5,2,29,2,48,2,9,5,1,7,15,1,10,1,11,108,1,21,121.5511724,25.0444422
114,10,12,14,13,08士林區,士林區至善路2段與至善路2段421巷口,0,0,1,1,C03,8,5,5,50,4,1,1,5,4,5,13,1,1,1,4,5,2,13,1,44,3,10,6,1,7,1,1,9,2,11,108,1,21,121.5574237,25.1077927
114,10,12,14,21,06松山區,松山區南京東路4段西往東第0201672號燈桿,0,0,1,1,C03,8,6,5,50,14,7,1,5,4,5,13,4,4,1,3,4,2,17,1,32,2,9,6,1,7,7,1,10,1,14,100,1,21,121.5499299,25.0516923
114,10,12,14,30,12內湖區,內湖區環山路3段16巷與環山路3段口,0,0,1,1,B03,8,6,5,50,3,1,1,5,4,5,13,2,1,5,4,5,2,16,1,68,3,10,3,4,7,5,1,8,1,2,71,1,22,121.5793448,25.0846784
114,10,12,14,36,07信義區,信義區基隆路2段111號,0,0,1,1,C03,8,6,5,50,14,7,1,5,4,5,13,4,4,1,3,4,2,12,2,22,2,9,6,1,7,8,1,10,1,14,100,1,21,121.556855,25.0284142
114,10,12,15,48,10文山區,文山區指南路1段與指南路1段96巷口,0,0,1,1,B12,8,6,5,50,4,1,2,5,4,5,13,4,4,10,5,5,2,17,1,58,3,10,3,4,7,5,1,8,1,6,74,1,21,121.5712011,24.9876327
114,10,12,16,33,06松山區,松山區民權東路3段191巷與復興北路479巷口,0,0,2,1,B01,8,6,5,30,5,1,1,5,4,5,13,4,4,10,5,5,2,15,1,45,3,10,3,4,7,9,1,4,1,1,75,1,21,121.5454006,25.0647705
114,10,12,17,00,12內湖區,內湖區行善路與行忠路口,0,0,2,1,C03,8,6,5,50,4,1,1,5,4,5,13,1,1,10,5,5,2,13,1,27,2,9,6,1,7,9,1,10,2,11,16,1,21,121.5858198,25.0661676
114,10,12,17,24,01大同區,大同區鄭州路與環河北路1段口,0,0,1,1,C03,8,6,5,50,4,2,1,5,4,5,13,1,1,5,4,5,2,12,2,64,2,9,5,1,7,15,1,10,2,14,44,1,21,121.5066355,25.0503606
114,10,12,17,41,02萬華區,萬華區萬大路與德昌街口,0,0,1,1,B03,8,5,5,30,4,1,4,5,4,5,13,1,1,9,4,5,2,17,1,28,3,10,7,4,7,6,1,8,1,6,9,1,21,121.5004119,25.02524579
114,10,12,18,25,01大同區,大同區承德路3段109號,0,0,1,1,C03,8,5,5,50,14,9,1,5,4,5,13,4,4,1,4,5,2,13,1,18,2,9,3,4,7,9,1,10,1,12,108,1,21,121.5184938,25.0666611
114,10,12,18,33,05中正區,中正區南海路與牯嶺街口,0,0,1,1,C03,8,5,5,30,4,1,1,5,4,5,13,1,1,10,4,5,2,17,1,30,3,10,5,1,7,5,1,10,1,14,8,1,21,121.5149852,25.03198735
114,10,12,20,02,09北投區,北投區中央南路1段與大興街口,0,0,1,1,B03,8,5,5,50,4,1,1,5,4,5,13,1,1,5,5,5,2,16,2,74,3,10,7,1,7,5,1,8,2,5,71,1,21,121.501163,25.13065438
114,10,12,20,08,07信義區,信義區松仁路100號,0,0,1,1,C03,7,5,5,50,14,9,1,5,4,5,13,4,4,1,4,5,2,17,1,31,2,9,6,1,7,9,1,10,1,14,42,1,21,121.5682807,25.0345236
114,10,12,21,00,08士林區,士林區福華路164巷與中山北路6段口,0,0,2,1,B01,8,6,5,50,3,2,1,5,4,5,13,4,4,1,4,5,2,16,1,62,3,10,7,1,7,6,1,4,1,7,72,1,21,121.5247884,25.1042549
114,10,12,21,45,01大同區,大同區環河北路2段與涼州街口,0,0,1,1,B01,8,5,5,50,3,1,1,5,4,5,13,4,4,1,4,5,2,13,1,68,3,10,7,1,7,9,1,4,1,6,44,1,21,121.5085104,25.0603442
114,10,13,06,13,11南港區,南港區舊莊街1段85號,0,0,1,1,A02,8,7,5,50,14,9,1,5,4,5,13,4,4,9,4,5,2,9,1,52,3,10,3,4,7,3,1,2,1,17,116,1,21,121.6189827,25.0409111
114,10,13,06,50,09北投區,北投區溫泉路與中山路口,0,0,1,1,B03,8,6,5,30,5,1,1,5,4,5,13,4,4,10,5,5,2,16,1,85,3,10,7,1,7,9,1,8,1,4,72,1,21,121.511297,25.1363221
114,10,13,07,16,02萬華區,萬華區西藏路201號,0,0,1,1,B03,8,6,5,50,14,9,1,5,4,5,13,1,1,3,4,5,2,16,2,45,3,10,3,4,7,1,1,8,1,4,19,1,22,121.4986394,25.029253
114,10,13,07,25,10文山區,文山區羅斯福路5段與汀州路4段23巷口,0,0,2,1,C03,8,6,5,50,4,2,1,5,4,5,12,1,1,1,4,5,2,17,1,39,2,9,6,1,7,9,1,10,2,11,42,1,21,121.5373056,25.0098587
114,10,13,07,42,07信義區,信義區崇德街146巷與富陽街55巷口,0,0,3,1,C03,8,5,5,30,4,2,1,5,4,5,13,3,1,10,5,5,2,17,2,53,2,8,6,1,7,9,1,10,1,13,72,1,22,121.5576933,25.0227253
114,10,13,07,56,12內湖區,內湖區成功橋與安康路口側附近口,0,0,1,1,C03,8,6,5,50,5,1,1,5,4,5,13,2,1,1,3,5,2,16,1,45,3,10,6,1,7,6,1,10,1,12,82,1,21,121.5914787,25.0605858
114,10,13,08,10,05中正區,中正區常德街與中山南路口,0,0,2,1,C03,8,7,5,50,3,1,1,5,4,5,13,2,1,10,5,5,2,17,2,73,2,9,6,1,7,5,1,10,1,14,8,1,21,121.5181417,25.0407224
114,10,13,08,10,07信義區,信義區基隆路2段與嘉興街216巷口,0,0,1,1,B03,8,7,5,50,4,1,1,5,4,5,13,2,1,3,4,5,2,16,1,43,3,10,3,4,7,6,1,8,1,1,9,1,21,121.5560537,25.0272708
114,10,13,08,10,07信義區,信義區基隆路1段與基隆路1段147巷口,0,0,2,1,C03,8,7,5,50,3,1,1,5,4,5,13,4,4,1,4,5,2,17,1,26,2,9,3,4,7,6,1,10,1,12,9,1,21,121.5655218,25.0426078
114,10,13,08,13,05中正區,中正區思源街1號(自來水園區前),0,0,2,1,C03,8,6,5,50,14,9,1,5,4,5,13,4,4,3,4,5,2,12,2,59,2,9,5,1,7,9,1,10,2,12,17,1,21,121.5303846,25.01348006
114,10,13,08,52,02萬華區,萬華區昆明街179號,0,0,1,1,F01,8,6,5,30,14,9,1,5,4,5,13,2,1,10,4,5,1,17,2,49,3,10,3,4,7,9,8,20,1,15,44,1,21,121.5041313,25.0393477
114,10,13,09,15,03中山區,中山區中山橋,0,0,2,1,C03,8,6,5,50,14,11,1,5,4,5,13,4,4,1,4,4,2,17,2,18,2,8,6,1,7,9,1,10,1,11,16,1,21,121.5262778,25.07387665
114,10,13,09,15,08士林區,士林區福林橋與雙溪街口,0,0,2,1,C03,8,6,5,50,4,1,1,5,4,5,13,3,1,4,1,5,1,13,1,37,2,8,5,1,7,9,1,10,1,11,16,1,21,121.5265024,25.1008867
114,10,13,09,18,10文山區,文山區萬芳路與萬和街口,0,0,1,1,C03,8,5,5,40,3,1,1,5,4,5,13,2,1,10,5,5,2,13,1,25,2,8,6,1,7,5,1,10,1,11,42,1,22,121.5691839,24.9987328
114,10,13,09,30,10文山區,文山區木柵路3段與木新路1段口,0,0,2,1,C03,8,6,5,50,3,2,1,5,4,5,13,1,1,5,4,5,2,13,1,63,2,9,5,1,7,1,1,10,2,11,19,1,21,121.5709259,24.9903952
114,10,13,09,58,05中正區,中正區臨沂街與臨沂街27巷口,0,0,2,1,C03,8,5,5,30,4,1,1,5,4,5,13,4,4,9,4,5,2,17,1,42,2,8,5,1,7,9,1,10,2,11,72,1,21,121.5302665,25.0411454
114,10,13,10,05,02萬華區,萬華區桂林路242巷與桂林路244巷口,0,0,1,1,C03,8,6,5,50,3,1,1,5,4,5,13,1,1,1,4,5,2,12,1,37,3,10,6,1,7,9,1,10,1,14,101,1,21,121.4955645,25.0384773
114,10,13,10,15,04大安區,大安區基隆路3段與基隆路3段155巷口,0,0,1,1,C03,8,6,5,50,4,2,1,5,4,5,13,2,1,1,4,5,2,29,2,49,2,9,6,1,7,5,1,10,1,14,42,1,21,121.5424824,25.0157315
114,10,13,10,22,03中山區,中山區中原街與新生北路2段149巷口,0,0,1,1,C03,8,6,5,50,4,1,1,5,4,5,13,4,4,9,5,5,2,17,1,34,3,10,5,1,7,5,1,10,2,17,44,1,22,121.5289674,25.0620074
114,10,13,10,22,05中正區,中正區牯嶺街73號,0,0,1,1,C03,8,6,5,50,14,9,1,5,4,5,13,4,4,9,5,5,2,17,2,66,2,7,6,1,7,1,1,10,1,13,19,1,26,121.5174539,25.0286847
114,10,13,10,27,10文山區,文山區保儀路與永安街22巷口,0,0,2,1,C03,8,6,5,50,3,1,1,5,4,5,13,1,1,10,5,5,2,16,2,74,2,9,6,1,7,5,1,10,2,11,44,1,21,121.5683548,24.9868648
114,10,13,10,43,06松山區,松山區健康路131號,0,0,1,1,B01,8,6,5,50,14,19,1,4,4,5,13,2,1,1,5,1,2,3,1,66,3,10,3,4,7,5,1,4,1,1,108,1,21,121.5578136,25.0537435