發生年度,發生月,發生日,發生時-Hours,發生分,區序,肇事地點,死亡人數,2-30日死亡人數,受傷人數,當事人序號,車種,天候,光線,道路類別,速限-速度限制,道路型態,事故位置,路面狀況1,路面狀況2,路面狀況3,道路障礙1,道路障礙2,號誌1,號誌2,車道劃分-分向,車道劃分-分道1,車道劃分-分道2,車道劃分-分道3,事故類型及型態,性別,年齡,受傷程度,主要傷處,保護裝置,行動電話,車輛用途,當事者行動狀態,駕駛資格情形,駕駛執照種類,飲酒情形,車輛撞擊部位1,肇因碼-個別,個人肇逃否,職業,座標-X,座標-Y
114,10,14,20,41,02萬華區,萬華區西寧南路與洛陽街口,0,0,1,1,C03,7,5,5,30,4,1,1,5,4,5,13,2,1,9,5,5,2,17,1,19,3,10,6,1,7,5,1,10,1,12,80,1,21,121.5073957,25.04754209
114,10,14,21,00,07信義區,信義區松仁路123號,0,0,1,1,B03,7,5,5,50,14,12,1,5,4,5,13,4,4,10,4,4,2,13,1,49,3,10,7,1,7,3,1,8,2,1,18,1,21,121.5684705,25.0342259
114,10,14,21,37,04大安區,大安區復興南路2段21巷與瑞安街口,0,0,2,1,C03,8,5,5,50,14,9,1,4,4,5,13,2,1,10,5,5,2,17,1,69,2,3,5,1,7,5,1,10,9,14,44,1,21,121.5435699,25.0299606
114,10,14,21,53,09北投區,北投區光明路148號,0,0,2,1,C03,7,5,5,50,14,9,1,5,4,5,13,2,1,5,5,5,2,13,2,26,2,9,5,1,7,9,1,10,2,11,16,1,21,121.5024003,25.13443692
114,10,14,22,08,05中正區,中正區仁愛路2段與金山南路1段口,0,0,1,1,B03,8,5,5,50,4,1,1,5,4,5,13,2,1,1,4,5,2,16,1,55,3,10,7,1,7,5,1,8,1,4,98,1,21,121.5282062,25.0381479
114,10,14,22,16,05中正區,中正區中山南路與徐州路口,0,0,1,1,C03,7,5,5,50,3,2,1,5,4,5,13,1,1,9,5,4,2,16,1,19,2,9,6,4,7,15,1,10,1,12,108,1,22,121.5198027,25.04154927
114,10,14,22,40,07信義區,信義區忠孝東路5段790巷與忠孝東路5段790巷59弄口,0,0,1,1,F03,8,6,5,30,4,1,1,5,4,5,13,4,4,10,5,5,2,17,4,0,,,,,,,,,9,,119,2,,121.5834223,25.0407946
114,10,14,23,38,12內湖區,內湖區安康路324巷與安康路328巷口,0,0,1,1,B01,8,5,5,50,3,1,1,5,4,5,13,4,4,9,4,5,2,16,1,64,3,10,7,1,7,6,1,2,1,5,9,1,21,121.6099214,25.0635085
114,10,14,23,48,08士林區,士林區中山北路5段與中正路口,0,0,2,1,B03,7,5,5,50,4,1,1,5,4,5,13,2,1,1,3,1,2,16,1,28,3,10,7,1,7,6,1,8,2,2,98,1,21,121.5273491,25.09563026
114,10,15,00,32,09北投區,北投區光明路138號,0,0,1,1,C03,7,5,5,50,14,9,1,5,4,5,13,4,4,9,5,5,2,17,2,47,2,9,6,1,7,9,5,10,4,12,21,1,21,121.5023412,25.134101
114,10,15,00,45,02萬華區,萬華區萬大路與東園街口,0,0,1,1,B03,8,5,5,30,4,1,1,5,4,5,13,2,1,1,4,5,2,17,1,51,3,10,7,1,7,5,1,7,1,8,8,1,21,121.4985604,25.0214437
114,10,15,04,13,05中正區,中正區西藏路與中華路2段315巷5弄口,0,0,2,1,C03,8,6,5,30,3,1,1,5,4,5,13,1,1,3,4,5,1,3,1,75,2,9,6,1,7,9,1,10,2,11,108,1,21,121.5050593,25.03025781
114,10,15,05,04,02萬華區,萬華區西園路1段與廣州街口,0,0,2,1,F03,8,5,5,40,4,1,1,5,4,5,13,1,1,1,2,5,2,17,1,71,2,9,5,1,7,5,8,20,1,12,44,1,21,121.4993354,25.0366363
114,10,15,06,08,12內湖區,內湖區瑞光路與瑞光路26巷口,1,0,0,1,C03,8,6,5,50,3,2,1,5,4,5,13,1,1,5,4,5,2,38,1,49,1,9,5,1,7,15,1,10,9,11,116,1,21,121.5834091,25.0697831
114,10,15,06,47,09北投區,北投區崇仁路1段51號,0,0,1,1,B03,8,6,5,50,14,9,1,5,4,5,13,4,4,9,5,5,2,16,1,49,3,10,7,1,7,1,1,8,2,8,80,1,21,121.5014343,25.1268748
114,10,15,07,28,03中山區,中山區民族東路與雙城街口,0,0,1,1,C03,8,5,5,50,14,9,1,5,4,5,13,4,4,1,4,4,2,13,1,31,2,9,3,4,7,9,1,10,1,11,16,1,21,121.5248904,25.06841568
114,10,15,07,38,07信義區,信義區信義路4段與基隆路1段口,0,0,1,1,C03,8,6,5,50,4,2,1,5,4,5,13,2,1,10,3,5,2,13,1,48,2,9,5,1,7,9,1,10,1,11,16,1,21,121.5596684,25.0333765
114,10,15,07,40,05中正區,中正區懷寧街53號,0,0,2,1,C03,8,6,5,50,14,9,1,5,4,5,13,4,4,10,4,5,2,16,2,18,2,8,6,1,7,5,1,10,1,14,8,1,21,121.5141504,25.044042
114,10,15,07,41,02萬華區,萬華區華中橋機車道往新北,0,0,1,1,C03,8,7,5,40,8,11,1,5,4,5,13,1,1,1,3,1,2,13,1,24,3,10,5,1,7,9,1,10,1,11,16,1,21,121.4955562,25.0166439
114,10,15,07,45,04大安區,大安區仁愛路3段與建國南路1段口口,0,0,2,1,C03,8,6,5,50,4,4,1,5,4,5,13,2,1,1,4,5,2,13,2,21,2,7,5,1,7,9,1,10,1,11,16,1,22,121.5380644,25.0378006
114,10,15,07,49,10文山區,文山區羅斯福路5段與興隆路1段口,0,0,1,1,C03,8,6,5,50,4,1,1,5,4,5,13,2,1,1,4,5,2,13,2,62,2,6,6,1,7,9,1,10,1,11,16,1,21,121.5388515,25.0045318
114,10,15,08,04,08士林區,士林區承德路5段與文林路587巷口,0,0,1,1,B02,8,6,5,50,4,1,1,5,4,5,13,1,1,1,4,5,1,16,1,40,3,10,7,1,7,6,1,8,1,6,9,1,22,121.513542,25.0977346
114,10,15,08,05,12內湖區,內湖區瑞湖街與陽光街口,0,0,2,1,C03,8,5,5,50,4,1,1,5,4,5,13,2,1,5,5,5,1,16,1,31,2,8,6,1,7,5,1,10,1,12,8,1,21,121.5760559,25.0728122
114,10,15,08,25,10文山區,文山區景文街與羅斯福路6段401巷口,0,0,1,1,C03,8,6,5,50,3,1,1,5,4,5,13,4,4,5,5,4,2,13,1,31,3,10,6,1,7,9,1,10,2,11,106,1,21,121.5413162,24.9918975
114,10,15,08,28,10文山區,文山區景福街168巷與萬慶街口口,0,0,1,1,B03,8,6,5,30,3,1,1,5,4,5,13,4,4,10,5,5,2,16,1,20,3,10,7,1,7,5,1,8,1,2,72,1,21,121.5370775,24.9944699
114,10,15,08,31,02萬華區,萬華區康定路與武昌街2段口,0,0,2,1,C03,8,6,5,50,4,1,1,5,4,5,13,2,1,5,4,4,2,17,2,36,2,9,6,1,7,5,1,10,1,12,71,1,21,121.503136,25.0455701
114,10,15,08,40,04大安區,大安區仁愛路3段與新生南路1段口口,0,0,1,1,C03,8,6,5,50,4,1,1,5,4,5,13,2,1,3,4,5,2,12,1,57,3,10,5,1,7,15,1,10,1,12,101,1,22,121.5329259,25.0384399
114,10,15,08,43,01大同區,大同區鄭州路與重慶北路1段口,0,0,1,1,B03,8,7,5,40,4,1,1,5,4,5,13,1,1,1,4,5,2,16,1,55,3,10,7,1,7,7,1,8,1,4,100,1,21,121.5133969,25.0494958
114,10,15,08,45,06松山區,(健康路325巷6弄27號前),0,0,1,1,B03,8,6,5,30,22,9,1,5,4,5,13,4,4,10,5,5,2,15,1,36,3,10,3,4,7,9,1,8,2,2,80,1,21,121.5685852,25.05502155
114,10,15,08,47,04大安區,大安區建國南路1段與市民大道3段口口,0,0,1,1,B03,8,6,5,40,4,1,1,5,4,5,13,2,1,1,4,4,2,16,2,42,3,10,7,1,7,6,1,8,1,1,9,1,21,121.53637,25.0446029
114,10,15,08,48,05中正區,中正區西藏路與西藏路62巷口口,0,0,3,1,C03,8,6,5,30,4,1,1,5,4,1,11,1,1,1,4,5,1,17,1,18,2,7,6,1,7,9,1,10,2,11,16,1,21,121.5067202,25.0306956
114,10,15,08,50,06松山區,松山區復興北路375號與復興北路口引道,0,0,1,1,B03,8,7,5,30,3,1,1,5,4,5,13,4,4,1,4,5,2,17,2,31,3,10,7,1,7,6,1,8,2,8,72,1,21,121.544342,25.0627555
114,10,15,08,57,12內湖區,內湖區內湖路3段與內湖路3段5巷口,0,0,2,1,C04,8,6,6,30,4,1,1,5,4,5,13,4,4,10,5,5,2,15,2,66,2,9,6,1,7,9,1,11,1,12,72,1,22,121.5927712,25.0846014
114,10,15,09,03,04大安區,大安區瑞安街與復興南路2段148巷口口,0,0,1,1,B12,8,6,5,50,5,1,1,5,4,5,13,2,1,5,5,5,2,17,1,52,3,10,7,1,7,6,1,7,1,5,9,1,22,121.5411725,25.0284896
114,10,15,09,10,12內湖區,(金湖路237號前),0,0,2,1,C03,8,6,5,30,3,1,1,5,4,5,13,4,4,1,4,4,2,17,2,60,2,7,6,1,7,5,1,10,1,14,72,1,21,121.600529,25.0770527
114,10,15,09,12,09北投區,北投區大度路3段46號燈桿,0,0,2,1,C03,8,6,5,50,14,12,1,5,4,5,13,4,4,1,4,1,1,13,1,27,2,9,5,1,7,9,1,10,2,11,16,1,21,121.4857015,25.1221472
114,10,15,09,14,05中正區,中正區思源街1號,0,0,1,1,C03,8,7,5,50,14,9,1,5,4,5,13,1,1,5,4,5,2,13,2,23,2,8,5,1,7,9,1,10,1,14,16,1,22,121.5301256,25.0133941
114,10,15,09,15,06松山區,松山區民生東路3段126號,0,0,1,1,A02,8,6,5,50,14,9,1,5,4,1,11,4,4,1,4,5,2,17,1,38,3,10,7,4,7,15,1,2,1,17,5,1,21,121.5457915,25.0576277
114,10,15,09,16,11南港區,南港區南港路1段與港東街口,0,0,1,1,B03,8,6,4,50,14,9,1,5,4,5,13,4,4,1,3,4,2,11,1,44,3,10,3,4,7,8,1,8,1,5,80,1,21,121.6202007,25.0548722
114,10,15,09,32,09北投區,北投區磺港路288號,0,0,1,1,C03,8,6,5,50,14,9,1,5,4,5,13,4,4,9,5,5,2,17,2,68,2,9,5,1,7,9,1,10,1,17,118,1,21,121.5030032,25.1230753
114,10,15,09,35,07信義區,信義區林口街80巷與福德街84巷口,0,0,1,1,C03,8,6,5,30,4,2,1,5,4,5,13,4,4,8,5,5,2,17,1,35,2,9,3,4,7,5,1,10,1,12,72,1,21,121.5804686,25.0393448
114,10,15,09,40,10文山區,文山區木柵路4段84號,0,0,1,1,A31,8,6,8,50,22,22,1,5,4,5,13,1,1,9,4,5,2,13,1,56,3,10,3,4,7,9,1,5,1,5,105,1,21,121.5745143,24.9980579
114,10,15,09,46,10文山區,文山區興隆路4段與興隆路4段109巷口,0,0,1,1,C03,8,5,5,50,4,1,1,5,4,5,13,2,1,5,4,5,2,16,2,71,2,8,6,1,7,5,1,10,2,13,8,1,22,121.5609672,24.986562
114,10,15,09,50,07信義區,信義區逸仙路32巷1號,0,0,1,1,C03,8,6,5,30,14,9,1,5,4,5,13,4,4,10,5,5,2,16,1,21,2,9,5,1,7,5,1,10,1,11,8,1,21,121.5619182,25.0398151
114,10,15,09,53,03中山區,中山區新生北路2段與民生東路1段口,0,0,1,1,B03,8,7,5,50,4,1,1,5,4,5,13,2,1,1,4,5,2,16,1,46,3,10,3,4,7,6,1,8,1,1,108,1,21,121.5273504,25.05799336
114,10,15,10,02,09北投區,北投區西安街1段與西安街1段293巷口,0,0,3,1,C03,8,6,5,30,3,1,1,5,4,5,13,4,4,10,4,5,2,17,1,84,2,9,5,1,7,6,1,10,2,14,72,1,21,121.5167263,25.1122649
114,10,15,10,09,07信義區,信義區仁愛路4段507號,0,0,1,1,B03,8,5,5,50,14,9,1,5,4,5,13,4,4,5,4,5,2,17,1,58,3,10,7,1,7,5,1,8,2,8,8,1,22,121.561556,25.0382564
114,10,15,10,15,03中山區,中山區大直街與北安路口,0,0,1,1,B03,8,5,5,50,4,1,1,5,4,5,13,1,1,5,4,5,2,16,1,43,3,10,3,4,7,6,1,8,1,5,9,1,21,121.5468844,25.08005638
114,10,15,10,31,12內湖區,內湖區成功路2段311號前,0,0,3,1,B03,8,5,5,50,14,9,1,5,4,5,13,4,4,1,4,5,2,17,2,68,2,9,7,1,7,7,1,8,2,8,80,1,21,121.5906489,25.0696701
114,10,15,10,54,06松山區,松山區光復北路26巷與光復北路口,0,0,1,1,C03,8,6,5,50,4,2,1,5,4,5,13,1,1,8,3,5,1,16,1,27,3,10,3,1,7,7,1,10,1,12,100,1,21,121.557756,25.0493175
114,10,15,11,07,02萬華區,萬華區康定路與成都路口,0,0,1,1,A04,8,6,5,50,5,2,1,5,4,5,13,1,1,10,5,5,2,9,1,58,3,10,7,1,7,12,1,2,2,17,44,1,21,121.5025925,25.0432387
114,10,15,11,10,10文山區,文山區木柵路1段62號,0,0,1,1,A02,8,5,5,50,14,9,1,5,4,5,13,4,4,5,4,5,1,13,1,63,3,10,7,1,7,9,1,2,1,1,44,1,21,121.5476652,24.987003
114,10,15,11,29,11南港區,南港區三重路與經貿二路62巷口,0,0,1,1,B03,8,6,5,50,3,2,1,5,4,5,13,2,1,5,2,5,2,17,1,49,3,10,7,1,7,5,1,8,2,5,71,1,21,121.6141072,25.0570271
114,10,15,11,34,09北投區,北投區明德路331巷與無名巷口,0,0,1,1,B03,8,7,5,30,4,1,1,5,4,5,13,4,4,10,5,5,1,15,1,72,3,10,7,1,7,9,1,8,1,5,72,1,22,121.5190644,25.1160444
114,10,15,11,36,12內湖區,內湖區舊宗路2段與舊宗路2段121巷口,0,0,1,1,B12,8,6,5,50,4,2,1,5,4,5,13,2,1,3,4,5,2,17,1,60,3,10,7,1,7,5,1,8,1,17,8,1,21,121.5749193,25.06922043
114,10,15,11,40,05中正區,中正區北平東路與天津街口,0,0,1,1,B01,8,6,5,50,4,1,1,5,4,5,13,2,1,5,4,5,2,16,1,69,3,10,7,1,7,5,1,4,2,2,71,1,26,121.522093,25.0468218
114,10,15,11,40,08士林區,士林區光華路61巷4弄069燈桿,0,0,4,1,B03,8,6,5,30,11,9,1,5,4,5,13,4,4,10,5,5,1,17,2,47,2,3,7,1,7,9,1,8,1,1,44,1,21,121.5361136,25.1339654
114,10,15,11,50,03中山區,中山區合江街180巷與錦州街305巷口,0,0,1,1,B02,8,7,5,30,4,1,1,5,4,5,13,4,4,10,4,5,2,15,1,47,3,10,7,1,7,9,1,4,1,1,72,1,21,121.5381699,25.0610055
114,10,15,12,17,05中正區,中正區重慶南路3段與汀州路2段口,0,0,2,1,C03,8,7,5,50,4,1,1,5,4,5,13,1,1,1,4,5,2,17,1,53,2,9,5,1,7,6,1,9,2,12,71,1,22,121.516511,25.0255963
114,10,15,12,25,03中山區,中山區復興北路380巷8弄與復興北路380巷口,0,0,2,1,C03,8,6,5,30,4,1,1,5,4,5,13,4,4,9,4,5,2,16,1,26,2,8,5,1,7,9,1,10,2,12,72,1,21,121.5436427,25.0610449
114,10,15,12,28,08士林區,士林區承德路4段2巷與通河街76巷口,0,0,1,1,B03,8,5,5,30,3,1,1,5,4,5,13,4,4,10,5,5,2,17,2,25,3,10,3,4,7,5,1,8,1,1,72,1,22,121.5197965,25.0795027
114,10,15,13,06,06松山區,松山區光復北路與南京東路4段179巷3弄口,0,0,2,1,C03,8,7,5,30,4,1,1,5,4,5,13,4,4,9,4,5,2,17,1,33,2,9,6,1,7,9,1,10,1,12,72,1,21,121.5571736,25.0521618
114,10,15,13,21,03中山區,中山區中山北路4段與中山北路4段1巷口,0,0,1,1,C03,8,6,5,50,3,2,2,5,4,5,13,1,1,1,4,4,2,29,3,0,,,,,,,,,,,67,1,,121.5255839,25.0743026
114,10,15,13,22,08士林區,士林區士東路200巷49弄與芝玉路2段口,0,0,2,1,C03,8,7,5,30,4,1,1,5,4,5,13,4,4,10,5,5,1,15,1,65,2,9,6,1,7,9,1,10,2,11,75,1,21,121.523185,25.1155484
114,10,15,14,26,05中正區,中正區汀州路1段320號,0,0,2,1,C04,8,7,5,50,14,9,1,5,4,5,13,1,1,5,5,5,2,17,1,46,2,9,5,1,7,9,1,10,1,14,16,1,22,121.5121263,25.026632
114,10,15,14,46,03中山區,中山區新生北路2段147號,0,0,1,1,B03,8,5,5,50,14,9,1,5,4,5,13,4,4,1,4,5,2,16,1,38,3,10,3,4,7,8,1,8,2,6,100,1,21,121.5278874,25.06184628
114,10,15,15,02,05中正區,中正區市民大道3段與新生北路1段口,0,0,1,1,C03,8,5,5,50,4,3,1,5,4,5,13,1,1,1,4,5,1,17,1,55,3,10,5,1,7,7,1,10,1,14,100,1,21,121.5326892,25.0454581
114,10,15,15,04,07信義區,信義區福德街與福德街268巷口,0,0,1,1,B01,8,6,5,50,14,18,1,5,4,5,13,1,1,4,5,5,2,9,1,61,3,10,7,1,7,6,1,4,9,1,70,1,21,121.5860198,25.0389227
114,10,15,15,50,08士林區,士林區福華路與德行西路93巷6弄口,0,0,1,1,C03,8,5,5,50,3,2,1,5,4,5,13,3,1,1,4,5,2,12,1,71,2,9,5,1,7,8,6,18,1,14,100,1,21,121.5215323,25.1054186
114,10,15,15,54,04大安區,大安區基隆路3段155巷57號附近側附近,0,0,1,1,B01,8,6,5,50,14,9,1,5,4,5,13,4,4,9,5,5,2,17,1,56,3,10,7,1,7,5,1,4,1,5,42,1,21,121.5431403,25.0151324
114,10,15,16,02,06松山區,松山區南京東路4段與南京東路4段13巷口,0,0,2,1,C03,8,7,5,40,3,1,1,5,4,5,13,2,1,1,4,5,2,16,2,25,2,9,6,1,7,6,1,10,1,12,9,1,26,121.5499632,25.0518421
114,10,15,16,20,06松山區,松山區南京東路4段164號,0,0,1,1,H01,8,7,5,0,14,20,4,5,4,5,13,4,4,10,5,5,2,3,2,48,2,9,4,5,8,16,8,20,10,16,67,1,22,121.5566027,25.0513984
114,10,15,16,25,04大安區,大安區大安路1段169巷與大安路口側附近1段口,0,0,2,1,B12,8,6,5,50,4,1,1,5,4,5,13,4,4,10,5,5,2,12,2,20,3,10,7,4,7,9,1,8,9,2,44,2,21,121.5460392,25.0367734
114,10,15,16,25,05中正區,中正區中山南路與愛國東路口,0,0,2,1,C03,8,7,5,50,11,9,1,5,4,5,13,1,1,1,4,5,2,17,2,29,2,9,5,1,7,7,3,18,2,14,100,1,21,121.5167033,25.0352642
114,10,15,16,27,10文山區,文山區木柵路1段與辛亥路7段口,0,0,1,1,C03,8,6,5,50,4,1,1,5,4,5,13,1,1,10,5,5,2,17,2,42,2,8,3,4,7,5,1,9,1,12,42,1,21,121.5523104,24.9877833
114,10,15,16,29,07信義區,信義區松山路476號,0,0,1,1,C03,8,7,5,50,14,9,1,5,4,5,13,4,4,5,5,5,2,17,1,68,3,10,5,1,7,9,1,10,9,17,37,1,21,121.5777421,25.0404271
114,10,15,16,36,09北投區,北投區大度路3段305號往東50公尺處,0,0,2,1,C03,8,6,5,50,14,9,1,5,4,5,13,4,4,1,4,5,2,12,2,18,2,9,6,1,7,7,1,10,2,12,100,1,25,121.4664529,25.12320135
114,10,15,16,40,09北投區,北投區育仁路與育仁路49巷口,0,0,1,1,H01,8,7,5,0,3,2,1,5,4,5,13,4,4,10,5,5,2,3,1,76,2,9,4,5,8,16,8,20,10,16,53,1,22,121.4980856,25.1335167
114,10,15,16,54,05中正區,中正區和平西路1段與南昌路2段口口,0,0,1,1,B01,8,6,5,50,5,1,1,5,4,5,13,1,1,1,4,4,1,16,1,33,3,10,7,1,7,11,1,4,2,5,10,1,21,121.5205207,25.026855
114,10,15,16,55,05中正區,中正區重慶南路1段與重慶南路1段136巷口,0,0,1,1,B03,8,6,5,50,3,1,1,5,4,5,13,4,4,7,4,5,2,16,1,48,3,10,2,1,7,6,1,8,2,2,44,1,22,121.5124932,25.0363125
114,10,15,17,00,04大安區,大安區和平東路3段58號,0,0,1,1,F01,8,6,5,0,14,20,4,5,4,5,13,4,4,10,5,5,2,9,1,69,3,10,3,4,7,9,8,20,9,15,118,1,21,121.5483162,25.0244774
114,10,15,17,17,05中正區,中正區重慶南路3段與汀州路2段口,0,0,2,1,C03,8,5,5,50,4,2,1,5,4,5,13,1,1,1,4,5,2,17,2,35,2,9,5,1,7,9,1,10,1,14,16,1,22,121.5162153,25.0259914
114,10,15,17,19,05中正區,中正區羅斯福路3段230號前,0,0,1,1,C03,8,7,5,50,14,9,1,5,4,5,13,1,1,2,4,5,2,17,1,22,2,9,6,1,7,9,1,9,1,14,42,1,22,121.5302182,25.018593
114,10,15,17,53,07信義區,信義區忠孝東路5段1號,0,0,1,1,C03,8,5,5,50,14,9,1,5,4,5,13,1,1,5,5,5,2,17,2,36,2,7,5,1,7,8,1,10,1,14,100,1,21,121.5648505,25.0411974
114,10,15,17,57,02萬華區,萬華區桂林路與西昌街口,0,0,1,1,C03,8,5,5,40,4,1,1,5,4,5,13,1,1,9,4,4,2,17,1,29,2,8,5,1,7,15,1,10,1,11,108,1,21,121.5006763,25.0384846
114,10,15,18,03,03中山區,中山區八德路2段與渭水路口,0,0,1,1,B02,8,5,5,50,3,1,1,5,4,5,13,2,1,5,4,5,2,12,2,47,3,10,7,1,7,8,1,8,1,2,100,1,21,121.5353676,25.0455343
114,10,15,18,06,01大同區,大同區延平北路4段與敦煌路口口,0,0,1,1,B03,8,5,5,50,4,1,1,5,4,5,13,2,1,5,2,5,2,16,1,42,3,10,7,1,7,7,1,8,2,6,100,1,22,121.5120376,25.0762743
114,10,15,18,23,01大同區,大同區台北橋機慢車道(往三重環河北),0,0,3,1,C03,7,5,7,40,8,11,1,5,4,5,13,4,4,1,5,5,1,13,1,37,2,8,6,4,7,9,1,10,1,11,16,1,22,121.5067678,25.0637471
114,10,15,18,30,04大安區,大安區基隆路3段與辛亥路3段口口,0,0,2,1,C03,8,5,5,50,4,1,1,5,4,5,13,2,1,5,4,5,2,17,1,25,2,8,5,1,7,9,1,10,1,11,16,1,22,121.5467441,25.0193514
114,10,15,18,37,01大同區,大同區台北橋機慢車道,0,0,1,1,C03,8,5,5,50,8,11,1,5,4,5,13,4,4,1,5,5,2,13,1,75,2,9,6,1,7,9,1,10,2,14,108,1,21,121.5082496,25.0635521
114,10,15,18,56,05中正區,中正區中華路2段39巷與中華路2段口,0,0,1,1,B03,8,5,5,50,3,1,1,5,4,5,13,4,4,1,4,5,2,12,1,38,3,10,7,1,7,9,1,8,2,4,17,1,21,121.5063238,25.0352154
114,10,15,20,05,04大安區,大安區復興南路2段171巷與和平東路2段265巷口,0,0,2,1,C03,8,5,5,30,4,1,1,5,4,5,13,4,4,10,5,5,1,15,2,49,2,7,3,4,7,9,1,10,1,11,72,1,21,121.544085,25.0277171
114,10,15,20,07,01大同區,大同區重慶北路1段44巷與重慶北路1段口,0,0,1,1,C03,8,5,5,30,5,1,1,5,4,5,13,4,4,10,5,5,2,16,1,34,3,10,6,1,7,6,1,10,2,11,44,1,21,121.5136989,25.0512525
114,10,15,20,07,06松山區,松山區民生東路5段82號,0,0,1,1,A02,8,5,5,50,14,9,1,5,4,5,13,4,4,9,4,5,2,9,1,64,3,10,7,1,7,13,1,2,2,17,42,1,21,121.5594171,25.05854898
114,10,15,20,53,06松山區,松山區塔悠路83號,0,0,1,1,C03,8,5,5,50,14,9,1,5,4,5,13,4,4,9,4,5,2,12,2,46,2,8,6,1,7,9,1,10,1,12,44,1,22,121.5704166,25.0517664
114,10,15,21,25,06松山區,松山區光復南路與八德路4段口,0,0,1,1,C03,8,5,5,50,4,2,1,5,4,5,13,2,1,1,4,5,2,13,1,21,2,8,5,1,7,9,1,9,1,11,16,1,21,121.5578591,25.0479028
114,10,15,22,21,10文山區,文山區景文街與景興路282巷口,0,0,2,1,C03,8,5,5,50,5,1,1,5,4,5,13,2,1,5,5,4,2,16,1,19,2,9,6,1,7,5,3,18,1,14,8,1,21,121.540969,24.9899289
114,10,15,22,23,12內湖區,內湖區文德路74號,0,0,1,1,A02,8,5,5,40,14,8,1,5,4,5,13,4,4,1,4,4,2,9,1,36,3,10,7,1,7,15,1,2,1,17,44,1,21,121.5816765,25.0783997
114,10,15,22,30,08士林區,士林區中山北路5段北往南（銘傳對面）,0,0,1,1,C03,8,5,6,50,14,9,1,5,4,5,13,4,4,1,5,5,2,13,1,19,2,8,6,1,7,9,1,10,1,11,108,1,21,121.5265766,25.08731476
114,10,16,00,37,04大安區,大安區和平東路1段與師大路口,0,0,2,1,C03,8,7,5,50,14,9,1,5,4,5,13,2,1,1,4,5,2,17,1,20,2,9,3,4,7,9,1,10,1,11,108,1,21,121.528889,25.0266717
114,10,16,05,20,01大同區,大同區酒泉街與迪化街2段口,0,0,2,1,C03,8,5,5,50,5,2,1,5,4,5,13,4,4,5,5,5,2,3,1,26,2,9,6,1,7,9,1,10,2,11,108,1,21,121.512409,25.0720738
114,10,16,05,49,12內湖區,內湖區內湖路1段與內湖路1段47巷口,0,0,1,1,C03,8,7,5,30,3,2,1,5,4,5,13,4,4,5,5,5,2,16,1,43,3,10,5,1,7,6,1,10,2,13,9,1,21,121.5592886,25.0851303
114,10,16,06,48,08士林區,士林區重慶北路4段與葫東街口,0,0,1,1,C03,8,5,5,50,5,1,1,5,4,5,13,2,1,1,4,4,2,17,1,88,2,7,3,4,7,5,1,10,1,14,8,1,22,121.5118433,25.0839155
114,10,16,06,50,03中山區,中山區新生北路1段44號,0,0,1,1,B01,8,7,5,50,14,9,1,5,4,5,13,4,4,1,4,5,2,17,1,67,3,10,3,4,7,5,1,4,1,17,44,1,21,121.5312473,25.0465593
114,10,16,06,50,09北投區,北投區大度路150巷,0,0,1,1,C03,8,5,5,50,14,12,1,5,4,5,13,4,4,3,2,4,2,13,2,22,3,10,3,4,7,8,1,10,2,14,16,1,21,121.4939409,25.1216758
114,10,16,07,05,12內湖區,內湖區潭美街219號,0,0,1,1,B13,8,5,5,40,14,9,1,5,4,5,13,4,4,5,5,5,1,17,1,51,3,10,7,1,7,1,1,7,1,7,19,1,21,121.5853058,25.0560371
114,10,16,07,16,05中正區,中正區中山南路與凱達格蘭大道口,0,0,2,1,C03,8,6,5,50,5,1,1,5,4,5,13,2,1,5,2,5,2,13,1,19,2,9,5,1,7,9,3,18,1,11,16,1,22,121.5173937,25.03930482
114,10,16,07,33,09北投區,北投區承德路6段與福國路口口,0,0,1,1,C03,8,6,5,40,4,2,1,5,4,5,13,2,1,1,4,5,2,13,2,33,2,9,5,1,7,9,1,10,2,11,16,1,21,121.5125167,25.1011924
114,10,16,07,39,02萬華區,萬華區萬大路486巷15號,0,0,1,1,,8,5,5,30,14,9,1,5,4,5,13,4,4,10,5,5,2,17,4,0,,,,,7,13,7,19,11,4,119,2,22,121.4967909,25.0199806
114,10,16,07,53,06松山區,松山區光復北路103巷與無名巷口,0,0,2,1,C03,8,6,5,30,4,1,1,5,4,5,13,4,4,10,5,5,2,15,1,69,2,9,6,1,7,9,1,10,2,11,72,1,22,121.5591601,25.05092246
114,10,16,07,59,12內湖區,內湖區潭美街與安美街175巷口,0,0,1,1,C03,8,7,5,40,3,2,1,5,4,5,13,4,4,5,5,5,2,13,2,54,2,9,5,1,7,9,1,10,1,11,44,1,21,121.6009308,25.0608658
114,10,16,08,00,03中山區,中山區合江街與建國北路2段151巷口,0,0,1,1,C03,8,6,5,30,4,1,1,5,4,5,13,4,4,10,4,5,1,15,1,37,2,9,6,1,7,9,1,10,2,12,72,1,21,121.5392321,25.0618056
114,10,16,08,00,11南港區,南港區松河街與中坡北路口口,0,0,2,1,C03,8,6,5,40,3,2,1,5,4,5,13,4,4,5,5,5,2,17,1,39,2,9,6,1,7,9,1,10,1,11,13,1,21,121.5802683,25.0521914
114,10,16,08,12,05中正區,中正區延平南路179巷5號,0,0,1,1,B03,8,7,5,30,14,9,1,5,4,5,13,4,4,10,5,5,2,2,1,64,3,10,7,1,7,9,1,8,1,4,108,1,22,121.5077623,25.0343455