發生年度,發生月,發生日,發生時-Hours,發生分,區序,肇事地點,死亡人數,2-30日死亡人數,受傷人數,當事人序號,車種,天候,光線,道路類別,速限-速度限制,道路型態,事故位置,路面狀況1,路面狀況2,路面狀況3,道路障礙1,道路障礙2,號誌1,號誌2,車道劃分-分向,車道劃分-分道1,車道劃分-分道2,車道劃分-分道3,事故類型及型態,性別,年齡,受傷程度,主要傷處,保護裝置,行動電話,車輛用途,當事者行動狀態,駕駛資格情形,駕駛執照種類,飲酒情形,車輛撞擊部位1,肇因碼-個別,個人肇逃否,職業,座標-X,座標-Y
114,10,16,08,17,03中山區,中山區民族東路512巷與民族東路口側附近口,0,0,2,1,C03,8,7,8,50,3,1,1,5,4,5,13,4,4,5,4,5,2,17,2,26,3,10,3,4,7,6,1,10,1,12,9,1,22,121.541141,25.0679625
114,10,16,08,29,04大安區,大安區新生南路1段與信義路3段口口,0,0,2,1,C03,8,6,5,50,5,1,1,5,4,5,13,2,1,1,4,5,2,16,1,25,2,9,5,1,7,9,1,10,1,14,44,1,21,121.5328515,25.0336457
114,10,16,08,30,01大同區,大同區承德路3段202號,0,0,2,1,C03,8,6,5,50,14,9,1,5,4,5,13,4,4,8,3,5,2,13,2,41,2,9,6,1,7,9,1,10,1,11,44,1,21,121.5183037,25.0700084
114,10,16,08,37,08士林區,士林區中山北路5段與福林路口,0,0,1,1,B03,8,5,5,50,4,1,1,5,4,5,13,2,1,5,4,5,2,17,1,67,3,10,3,4,7,5,1,8,2,4,42,1,22,121.5279585,25.0935492
114,10,16,08,38,11南港區,南港區松河街與中坡北路口,0,0,1,1,C03,8,6,5,50,3,2,1,5,4,5,13,4,4,5,5,5,2,13,2,40,2,8,5,1,7,9,1,10,1,11,16,1,22,121.5801228,25.0520957
114,10,16,08,42,04大安區,大安區市民大道3段288號,0,0,2,1,B03,8,6,5,40,14,9,1,5,4,5,13,4,4,1,4,5,2,13,1,73,3,10,7,1,7,9,1,5,1,8,16,1,21,121.5428411,25.0446518
114,10,16,08,46,06松山區,松山區撫遠街與撫遠街255巷口,0,0,2,1,C03,8,7,5,50,3,1,1,5,4,5,13,1,1,1,4,5,2,17,2,46,2,9,6,1,7,11,1,10,1,12,10,1,21,121.5671916,25.060507
114,10,16,08,50,12內湖區,內湖區江南街71巷67號,0,0,1,1,B03,8,6,5,30,14,9,1,5,4,5,13,4,4,10,5,5,2,16,2,51,3,10,7,1,7,1,1,8,1,8,19,1,22,121.578544,25.0757012
114,10,16,09,06,01大同區,大同區鄭州路與塔城街口,0,0,3,1,C03,8,7,5,40,4,1,1,5,4,5,13,2,1,1,4,5,2,13,2,57,2,9,6,1,7,9,1,10,2,11,16,1,22,121.5107649,25.0500315
114,10,16,09,08,09北投區,北投區幽雅路與溫泉路口,0,0,1,1,A02,8,6,5,30,3,2,1,5,4,5,13,4,4,10,5,5,2,14,1,54,3,10,7,1,7,2,1,2,2,3,12,1,21,121.5119559,25.1370565
114,10,16,09,32,05中正區,中正區中山南路與徐州路口北側,0,0,1,1,B03,8,6,5,50,14,9,1,5,4,5,13,4,4,5,4,5,2,17,1,37,3,10,7,1,7,9,1,8,9,17,44,1,22,121.5185206,25.04237764
114,10,16,09,47,03中山區,中山區北安路305號,0,0,1,1,C03,8,7,5,50,14,9,1,5,4,5,13,4,4,1,4,5,2,12,2,18,2,9,5,1,7,8,1,10,1,14,100,1,21,121.5369051,25.0778146
114,10,16,09,57,03中山區,中山區雙城街23巷與林森北路口,0,0,1,1,B01,8,7,5,30,4,1,1,5,4,5,13,4,4,10,5,5,2,15,2,55,3,10,7,1,7,9,1,4,1,5,72,1,26,121.5258098,25.0658641
114,10,16,10,12,04大安區,大安區忠孝東路3段與新生南路1段口,0,0,1,1,B03,8,6,5,50,4,1,1,5,4,5,13,2,1,9,4,5,1,16,1,41,3,10,3,4,7,6,1,15,1,2,9,1,21,121.5329816,25.0422191
114,10,16,10,18,05中正區,中正區貴陽街1段司法大廈停車場前,0,0,2,1,B13,8,5,5,50,14,9,1,5,4,5,13,4,4,5,4,5,1,17,1,24,3,10,7,1,7,5,1,8,1,2,8,1,21,121.5117831,25.03880458
114,10,16,10,30,09北投區,北投區中央北路4段與中央北路4段515巷口,0,0,2,1,C03,8,7,5,50,3,1,1,5,4,5,13,2,1,5,4,5,2,17,1,19,2,9,6,1,7,11,1,10,1,12,10,1,22,121.4682217,25.1281698
114,10,16,10,40,07信義區,信義區基隆路2段(信義路5段2號),0,0,1,1,B03,8,7,5,50,14,9,1,5,4,5,13,2,1,3,4,5,2,13,1,32,3,10,3,4,7,9,1,8,1,3,44,1,21,121.5594145,25.0326789
114,10,16,10,45,05中正區,中正區辛亥路1段22號旁迴轉道,0,0,1,1,B02,8,7,5,50,14,8,1,5,4,5,13,4,4,1,4,4,2,17,1,67,3,10,7,1,7,5,1,4,1,2,72,1,22,121.5287217,25.0189786
114,10,16,10,51,09北投區,北投區大度路與大度路150巷口,0,0,1,1,C03,8,7,5,50,3,1,1,5,4,5,13,2,1,1,4,4,1,13,2,20,2,9,6,1,7,9,1,10,9,12,42,1,22,121.4938788,25.1216821
114,10,16,11,14,08士林區,士林區天母西路28號,0,0,1,1,B01,8,6,5,50,14,9,1,5,4,5,13,4,4,5,5,5,1,17,1,61,3,10,7,1,7,1,1,4,2,8,19,1,22,121.5266149,25.1184197
114,10,16,11,31,10文山區,文山區木柵路3段與木新路1段口,0,0,1,1,C03,8,7,5,50,3,4,1,5,4,5,13,1,1,5,5,5,2,12,1,55,2,8,5,1,7,9,1,10,1,14,17,1,21,121.570743,24.9906192
114,10,16,11,43,10文山區,文山區木柵路1段270號,0,0,1,1,B03,8,5,5,50,14,9,1,5,4,5,13,4,4,5,4,5,1,12,1,66,3,10,7,1,7,4,1,8,2,2,17,2,21,121.5547379,24.9881783
114,10,16,12,00,12內湖區,內湖區東湖路與東湖路119巷口,0,0,1,1,C03,8,5,5,30,14,9,1,5,4,5,13,4,4,5,4,5,1,1,1,59,4,11,3,4,7,9,7,19,11,11,108,2,21,121.6163478,25.0683381
114,10,16,12,00,07信義區,信義區松仁路165號,0,0,1,1,C03,8,6,5,50,14,9,1,5,4,5,13,4,4,10,5,5,2,18,1,73,2,9,3,4,7,15,1,10,9,14,116,1,21,121.56837,25.0282045
114,10,16,12,19,12內湖區,內湖區民權東路6段21巷18-2號,0,0,1,1,B03,8,6,5,50,14,9,1,5,4,5,13,4,4,9,5,5,2,17,1,18,3,10,7,1,7,1,1,8,2,1,19,1,21,121.5797403,25.06919476
114,10,16,12,30,11南港區,南港區南港路3段與南港路3段256巷口,0,0,1,1,C03,8,6,5,30,3,1,1,5,4,5,13,4,4,5,4,5,2,17,1,27,2,8,6,1,7,5,1,10,1,14,72,1,21,121.5837939,25.052105
114,10,16,13,00,03中山區,中山區南京東路1段林森公園地下停車場出入口,0,0,1,1,B03,8,7,5,40,14,8,2,5,4,5,13,4,4,1,4,4,2,17,2,47,3,10,3,4,7,6,1,8,1,2,44,1,21,121.5211153,25.05009726
114,10,16,13,05,04大安區,大安區忠孝東路4段與敦化南路1段口,0,0,1,1,B01,8,6,5,50,4,1,1,5,4,5,13,1,1,1,5,5,2,16,1,63,3,10,7,1,7,6,1,4,1,1,9,1,21,121.5491445,25.0416812
114,10,16,13,16,07信義區,信義區光復南路553號,0,0,1,1,B03,8,5,5,50,14,9,1,5,4,5,13,4,4,9,4,5,2,13,1,23,3,10,3,4,7,9,1,8,2,1,16,1,21,121.5575054,25.0316521
114,10,16,13,18,11南港區,南港區南港路2段240號,0,0,1,1,B01,8,7,5,50,14,9,1,5,4,5,13,2,1,5,4,4,2,17,1,64,3,10,7,1,7,11,1,4,2,8,80,1,21,121.5971286,25.0542244
114,10,16,13,35,05中正區,中正區羅斯福路4段198號附近側附近,0,0,1,1,C03,8,6,5,50,14,9,1,5,4,5,13,4,4,1,4,5,1,17,1,59,2,8,6,1,7,7,1,10,2,13,100,1,21,121.5363914,25.0119383
114,10,16,14,05,09北投區,北投區大度路3段與立功街口,0,0,4,1,C03,8,7,5,30,3,1,1,5,4,5,13,3,1,3,4,5,1,17,2,25,2,9,6,1,7,6,1,10,1,11,72,1,22,121.4688952,25.1232344
114,10,16,14,10,07信義區,信義區忠孝東路5段480號,0,0,1,1,A02,8,7,6,50,14,9,1,5,4,5,13,2,1,3,4,5,2,13,1,60,3,10,3,4,7,9,1,2,1,1,108,1,21,121.5774431,25.040764
114,10,16,14,14,03中山區,中山區建國北路1段1號,1,0,0,1,F01,8,7,5,50,14,9,1,5,4,5,13,4,4,1,4,5,2,12,1,79,1,1,4,1,7,7,8,20,9,11,100,1,21,121.5369097,25.0465185
114,10,16,14,54,01大同區,大同區延平北路4段與敦煌路口,0,0,1,1,B01,8,6,5,50,4,1,1,5,4,5,13,2,1,4,3,5,2,12,1,60,3,10,3,4,7,9,1,4,1,2,27,1,21,121.5119945,25.07650486
114,10,16,15,07,10文山區,文山區集英街31號,0,0,1,1,C04,8,6,5,30,14,9,1,5,4,5,13,4,4,5,5,5,1,3,2,45,3,10,5,1,7,9,1,11,1,11,108,1,21,121.5694709,24.9879862
114,10,16,15,30,03中山區,中山區南京東路2段65號前,0,0,1,1,C03,8,7,5,50,14,7,1,5,4,5,13,4,4,1,4,4,2,13,2,54,2,9,3,4,7,9,1,10,1,11,44,1,21,121.5304319,25.0521552
114,10,16,15,45,10文山區,文山區汀州路4段10-1號前,0,0,1,1,C03,8,6,5,30,14,9,1,5,4,5,13,4,4,10,5,5,2,16,1,63,3,10,6,1,7,5,1,10,1,11,8,1,21,121.5357486,25.01045511
114,10,16,15,46,02萬華區,萬華區光復橋（燈桿003029）,0,0,2,1,C03,8,7,8,50,8,9,1,5,4,5,13,4,4,1,5,5,2,35,1,48,2,9,5,1,7,15,1,10,1,11,44,1,21,121.4905423,25.0242726
114,10,16,15,47,12內湖區,內湖區陽光街與文德路220巷口,0,0,2,1,B03,8,7,8,50,14,9,1,5,4,5,13,4,4,9,5,5,2,16,2,52,2,9,7,1,7,11,1,8,2,4,10,1,21,121.5877072,25.0768983
114,10,16,15,50,08士林區,士林區格致路與建業路口口,0,0,2,1,B01,8,7,5,40,3,1,1,5,4,5,13,1,1,8,3,5,2,16,1,52,3,10,3,4,7,5,1,8,1,2,71,1,22,121.5460612,25.1356294
114,10,16,15,58,08士林區,士林區福國路與福華路口,0,0,1,1,C03,8,6,5,50,4,2,1,5,4,5,13,1,1,10,4,5,1,17,1,45,3,10,6,1,7,6,3,18,1,12,99,1,21,121.5224408,25.10192321
114,10,16,16,15,12內湖區,內湖區成功路3段183號,0,0,1,1,B03,8,6,5,50,14,9,1,5,4,5,13,4,4,9,4,4,2,13,2,33,3,10,7,1,7,9,1,8,2,1,42,1,21,121.5903456,25.0800692
114,10,16,16,33,09北投區,北投區石牌路1段與石牌路1段71巷口,0,0,2,1,C03,8,7,5,50,3,2,1,5,4,5,13,4,4,5,4,5,2,17,1,21,3,10,6,1,7,9,1,10,1,11,16,1,22,121.5113669,25.1136677
114,10,16,16,34,04大安區,大安區光復南路116巷與廢鐵道口,0,0,1,1,C03,8,6,5,30,22,9,1,5,4,5,13,4,4,10,5,5,2,17,1,24,2,9,5,1,7,9,1,10,1,14,42,1,21,121.5562341,25.0430163
114,10,16,16,35,03中山區,中山區明水路445號,0,0,2,1,C03,8,7,5,50,14,9,1,5,4,5,13,4,4,1,4,5,2,17,2,41,2,9,3,4,7,9,1,10,1,11,16,1,21,121.5494825,25.0774349
114,10,16,16,37,08士林區,士林區文林路235號對面,0,0,1,1,A02,8,6,5,50,14,9,1,5,4,5,13,2,1,9,2,5,1,9,1,51,3,10,7,1,7,9,1,2,2,17,44,1,21,121.527037,25.09067092
114,10,16,17,20,06松山區,松山區南京東路5段23巷與南京東路5段23巷7弄口,0,0,2,1,C03,8,5,5,30,4,1,1,5,4,5,13,4,4,10,5,5,2,15,1,56,2,7,6,1,7,9,1,10,1,12,72,1,22,121.5580114,25.0521433
114,10,16,17,26,02萬華區,萬華區華江橋機車道往板橋方向-編號001051燈桿前,0,0,1,1,C03,8,5,5,40,8,11,1,5,4,5,13,4,4,9,4,3,1,17,2,50,2,8,5,1,7,7,1,10,1,13,100,1,21,121.4867894,25.0357009
114,10,16,17,40,12內湖區,內湖區康寧路3段與東湖路口,0,0,1,1,C03,8,5,5,50,3,1,1,5,4,5,13,1,1,1,3,4,1,17,1,31,2,8,3,4,7,4,1,10,1,14,95,1,21,121.6121014,25.0689154
114,10,16,17,54,03中山區,中山區合江街與錦州街口,0,0,1,1,B03,8,5,5,50,4,1,5,5,4,1,11,1,1,10,5,5,1,1,1,63,3,10,3,4,7,9,6,18,9,1,80,1,21,121.5210742,25.05012582
114,10,16,18,06,04大安區,大安區新生南路1段165巷與新生南路1段口,0,0,1,1,B03,8,5,5,50,14,9,1,5,4,5,13,4,4,1,4,1,2,12,1,51,3,10,7,1,7,9,1,8,11,5,44,2,21,121.5328499,25.0342805
114,10,16,18,48,04大安區,大安區市民大道4段36號,0,0,1,1,B01,8,5,5,40,14,9,1,5,4,5,13,4,4,1,4,1,2,17,1,47,3,10,7,1,7,14,1,4,1,4,38,1,21,121.5455171,25.0449054
114,10,16,18,49,04大安區,大安區建國南路2段151巷對面,0,0,1,1,F01,7,5,5,0,22,23,4,5,4,5,13,1,1,10,5,5,2,17,1,113,4,11,4,4,7,21,8,20,11,15,44,1,22,121.5373839,25.0287451
114,10,16,18,50,01大同區,大同區民族西路與大龍街159巷9弄口,0,0,2,1,C03,8,5,5,50,4,1,1,5,4,5,13,1,1,5,4,5,2,16,1,51,2,8,5,1,7,5,1,10,1,12,71,1,21,121.5166185,25.0685185
114,10,16,18,53,10文山區,文山區萬隆街與萬隆街13巷口,0,0,1,1,C03,7,5,5,50,14,9,1,5,4,3,13,4,4,9,5,5,2,12,1,73,2,8,5,1,7,8,1,10,1,17,17,1,21,121.5390023,25.0003463
114,10,16,19,00,10文山區,文山區試院路102-1號,0,0,1,1,B03,8,5,5,30,14,9,1,5,4,5,13,4,4,10,5,5,2,16,1,22,3,10,7,1,7,11,1,8,2,1,10,1,21,121.5477496,24.9899754
114,10,16,19,15,05中正區,中正區忠孝東路2段31號,0,0,2,1,C03,8,5,5,50,14,9,1,5,4,5,13,4,4,1,4,5,2,13,2,23,2,9,5,1,7,9,1,10,1,11,16,1,21,121.5279064,25.04375484
114,10,16,19,22,04大安區,大安區和平東路2段與建國南路2段口,0,0,1,1,C03,8,5,5,50,4,1,1,5,4,5,13,1,1,9,4,5,1,17,1,48,2,9,3,4,7,9,1,10,1,12,13,1,21,121.5374076,25.0254559
114,10,16,20,05,08士林區,士林區仰德大道2段127號,0,0,1,1,A12,8,7,5,40,14,9,1,5,4,5,13,4,4,4,5,5,1,17,1,55,4,11,3,4,7,14,1,1,11,15,42,2,21,121.5464476,25.10864801
114,10,16,20,14,04大安區,大安區復興南路2段6號,0,0,1,1,B01,8,5,5,50,14,9,1,5,4,5,13,4,4,1,4,1,2,17,1,46,3,10,7,1,7,1,1,4,1,17,19,1,21,121.543525,25.0327948
114,10,16,20,19,01大同區,大同區承德路2段與承德路2段37巷口,0,0,1,1,C03,8,5,5,50,5,1,1,5,4,5,13,4,4,1,5,5,2,13,1,38,2,9,6,1,7,9,1,10,1,11,108,1,21,121.5182542,25.0549543
114,10,16,21,12,08士林區,士林區延平北路7段106巷延平幹60號電桿,0,0,2,1,C03,7,5,5,30,14,9,1,5,4,5,13,4,4,10,5,5,1,17,1,34,2,9,5,1,7,9,1,10,1,11,42,1,21,121.4998493,25.09545846
114,10,16,21,22,12內湖區,內湖區永保街與安康路228巷口,0,0,1,1,B02,8,5,5,30,3,1,1,5,4,5,13,4,4,4,5,5,2,16,1,21,3,10,7,1,7,5,1,8,1,1,72,1,21,121.6031873,25.0640347
114,10,16,21,30,11南港區,南港區忠孝東路6段411號,0,0,2,1,C03,8,5,5,30,14,9,1,5,4,5,13,4,4,10,5,5,2,3,1,26,2,7,6,1,7,9,1,10,1,11,70,1,21,121.5928628,25.0504713
114,10,16,22,24,05中正區,中正區南海路與三元街口口,0,0,1,1,C03,8,5,5,50,4,1,1,5,4,5,13,1,1,1,4,5,2,16,1,33,3,10,5,1,7,6,1,10,1,12,71,1,21,121.5089326,25.0298937
114,10,16,23,00,06松山區,松山區八德路3段74巷與八德路3段12巷51弄口,0,0,1,1,C03,8,5,5,30,4,1,1,5,4,5,13,4,4,9,4,5,2,16,1,24,2,8,6,1,7,9,1,9,1,11,72,1,22,121.5525085,25.0461584
114,10,16,23,31,09北投區,北投區承德路7段100號,0,0,4,1,C03,7,5,5,60,14,9,1,5,4,5,13,4,4,1,4,5,2,16,1,21,2,9,5,1,7,1,1,10,2,11,19,1,22,121.5102703,25.1118282
114,10,17,01,42,05中正區,中正區鄭州路1段與重慶北路1段口,0,0,1,1,B03,8,6,5,40,4,1,1,5,4,5,13,1,1,10,5,5,2,17,1,35,3,10,7,1,7,5,6,8,2,1,85,1,26,121.5133589,25.0492846
114,10,17,07,09,04大安區,大安區復興南路1段與復興南路1段340巷口,0,0,1,1,C03,8,6,5,50,4,1,1,5,4,5,13,2,1,10,5,5,2,17,1,48,2,9,3,4,7,9,1,10,1,11,108,1,21,121.5436257,25.0362054
114,10,17,07,28,06松山區,松山區民權東路3段142號,0,0,2,1,B03,8,6,5,50,14,9,1,5,4,5,13,2,1,1,4,5,2,12,1,63,2,9,7,1,7,7,1,8,2,1,22,1,21,121.5468989,25.061926
114,10,17,08,00,11南港區,南港區舊莊街2段與舊莊街2段口汐碇路380巷,0,0,1,1,B03,6,7,5,30,3,2,1,4,4,5,13,4,4,10,5,5,1,10,2,37,3,10,7,1,7,15,1,8,1,1,74,1,21,121.6391205,25.0326256
114,10,17,08,22,04大安區,大安區辛亥路2段127號,0,0,1,1,B03,8,6,5,50,14,8,1,5,4,5,13,4,4,9,4,4,2,12,1,57,3,10,7,1,7,7,1,4,1,5,101,1,21,121.5395408,25.0216511
114,10,17,08,35,11南港區,南港區松河街與重陽路125巷口口,0,0,1,1,C03,7,7,5,50,3,2,1,5,4,5,13,1,1,4,1,5,2,12,2,33,2,9,5,1,7,9,1,10,2,11,44,1,21,121.5974965,25.0583856
114,10,17,08,45,11南港區,南港區忠孝東路6段154號,0,0,1,1,B03,8,6,5,50,14,9,1,5,4,5,13,4,4,1,4,5,2,16,1,65,3,10,7,1,7,9,1,8,1,2,44,1,21,121.5859021,25.0483294
114,10,17,09,00,04大安區,大安區市民大道4段與光復南路72巷7弄口,0,0,2,1,C03,8,6,5,40,3,1,1,5,4,5,13,4,4,1,4,5,2,13,2,22,2,9,5,1,7,9,1,10,1,11,16,1,21,121.5571313,25.0448388
114,10,17,09,01,12內湖區,內湖區新明路143巷與潭美街口,0,0,1,1,B03,8,7,6,30,3,2,5,5,4,5,12,1,1,10,5,5,2,13,1,40,3,10,7,1,7,5,1,8,2,8,108,1,21,121.5900764,25.0586608
114,10,17,09,02,04大安區,大安區基隆路2段與和平東路3段口口,0,0,1,1,B03,8,6,5,50,5,1,1,5,4,5,13,2,1,3,4,5,2,17,1,58,3,10,7,1,7,6,1,3,1,6,9,1,22,121.5527651,25.0246708
114,10,17,09,06,06松山區,松山區光復北路190巷39號,0,0,2,1,C03,8,7,5,30,14,9,1,5,4,5,13,4,4,9,4,5,2,13,2,58,2,9,5,1,7,9,1,10,1,11,108,1,22,121.5534107,25.054476
114,10,17,09,16,01大同區,大同區大龍街與重慶北路3段223巷口,0,0,1,1,B11,8,6,5,30,4,2,1,5,4,5,13,2,1,5,2,5,2,9,1,41,3,10,3,4,7,5,1,4,2,17,42,1,21,121.5158361,25.07051662
114,10,17,09,30,01大同區,大同區台北橋機慢車道,0,0,3,1,C03,8,7,5,40,14,11,1,5,4,5,13,4,4,1,5,5,2,12,1,44,2,9,6,1,7,7,1,10,1,14,101,1,21,121.5064045,25.0636048
114,10,17,09,50,02萬華區,萬華區武成街125巷6弄與武成街125巷口,0,0,2,1,C03,8,7,5,30,4,1,1,4,4,5,13,4,4,5,5,5,2,15,2,28,2,5,6,1,7,9,1,10,1,15,72,1,22,121.4938014,25.0195086
114,10,17,09,57,11南港區,南港區興中路與興中路12巷口,0,0,1,1,C04,8,7,5,50,3,1,1,5,4,5,13,4,4,4,3,5,2,12,2,69,2,9,6,1,7,7,1,10,1,14,17,1,21,121.6073606,25.0550839
114,10,17,10,09,04大安區,大安區信義路3段與仁愛路3段24巷口,0,0,1,1,B12,8,6,5,50,4,1,1,5,4,5,13,1,1,10,5,5,2,16,1,39,3,10,7,1,7,5,1,8,1,4,8,1,21,121.5358866,25.0336684
114,10,17,10,12,03中山區,中山區建國北路3段81巷與建國北路3段75巷口,0,0,1,1,C03,8,6,5,30,4,1,1,5,4,5,13,4,4,5,5,5,2,15,2,37,3,10,5,1,7,9,1,10,1,12,72,1,22,121.5375324,25.0652437
114,10,17,10,12,10文山區,文山區羅斯福路5段273號,0,0,1,1,B01,8,6,5,50,14,9,1,5,4,5,13,4,4,1,4,5,2,17,1,54,3,10,7,1,7,8,1,4,1,17,100,1,21,121.5395665,25.00061287
114,10,17,10,20,02萬華區,萬華區堤外便道往南（48號燈桿）,0,0,1,1,B12,8,7,7,40,14,9,1,5,4,5,13,4,4,9,5,5,2,16,1,69,3,10,3,4,7,6,1,8,1,5,44,1,22,121.5016458,25.0180258
114,10,17,10,51,07信義區,信義區永吉路30巷與永吉路30巷101弄口,0,0,1,1,C03,8,6,5,30,4,1,1,5,4,5,13,4,4,4,5,5,2,17,1,30,2,9,6,1,7,5,1,10,1,12,72,1,21,121.5687503,25.043466
114,10,17,11,00,04大安區,大安區大安路2段53巷與大安路2段口,0,0,2,1,B03,8,7,5,50,3,2,1,5,4,5,13,4,4,4,1,5,1,17,1,80,3,10,7,1,7,11,6,18,1,8,11,1,21,121.5460623,25.0313154
114,10,17,11,05,01大同區,大同區民生西路312號,0,0,1,1,C03,8,5,5,50,14,9,1,5,4,5,13,4,4,5,4,5,2,13,2,32,2,9,5,1,7,12,1,10,2,11,108,1,22,121.5118915,25.0569457
114,10,17,11,51,04大安區,大安區敦化南路1段與敦化南路1段190巷口,0,0,1,1,B03,8,6,5,50,4,2,1,5,4,5,13,2,1,1,4,5,1,12,2,76,3,10,3,4,7,1,1,8,11,17,44,1,21,121.548776,25.0421306
114,10,17,13,45,08士林區,士林區中山北路5段北向南,0,0,1,1,B03,8,5,5,50,14,9,1,5,4,5,13,4,4,1,5,4,1,12,1,46,3,10,7,1,7,7,1,8,1,5,100,1,21,121.5273177,25.0885473
114,10,17,14,15,07信義區,信義區福德街86號,0,0,1,1,C03,8,6,5,30,14,9,1,4,3,5,13,4,4,1,4,5,2,29,1,30,2,9,5,4,7,9,1,10,9,11,44,1,22,121.5830932,25.0378751
114,10,17,14,26,04大安區,大安區基隆路高架道往南第106號燈桿,0,0,1,1,B03,8,6,5,60,14,9,1,5,4,5,13,4,4,10,4,5,1,13,1,61,3,10,3,4,7,9,1,8,1,1,16,1,21,121.5240165,25.00414023
114,10,17,14,35,04大安區,大安區芳蘭路與基隆路3段155巷口,0,0,1,1,B03,8,6,5,50,4,1,1,5,4,5,13,2,1,5,4,5,2,17,1,68,3,10,7,1,7,6,1,8,1,8,9,1,21,121.5450581,25.012585
114,10,17,14,54,03中山區,中山區長春路與新生北路2段口,0,0,1,1,B01,8,6,6,50,4,1,1,5,4,5,13,1,1,1,4,5,2,16,1,53,3,10,3,4,7,6,1,8,1,5,80,1,21,121.526997,25.0547045
114,10,17,15,00,08士林區,士林區中山北路5段與至誠路2段口,0,0,1,1,B12,8,5,8,50,22,22,1,5,4,5,13,4,4,4,5,5,1,17,1,56,3,10,7,1,7,5,1,8,2,1,14,1,21,121.5266527,25.1010199
114,10,17,15,03,08士林區,士林區承德路4段6巷與通河街76巷口,0,0,1,1,C03,8,7,5,30,4,1,1,5,4,5,13,4,4,9,4,5,2,15,1,50,3,10,5,1,7,9,1,10,1,11,72,1,22,121.5198798,25.079714
114,10,17,15,16,04大安區,大安區基隆路3段155巷與芳蘭路口,0,0,2,1,B11,8,6,5,50,4,1,1,5,4,5,13,2,1,10,5,5,2,17,1,57,3,10,3,4,7,6,1,3,1,2,44,1,21,121.5450749,25.012591
114,10,17,15,22,10文山區,文山區恆光街與恆光街22巷口,0,0,1,1,C03,8,7,5,30,5,1,1,5,4,5,13,1,1,10,5,5,2,17,2,43,3,10,5,1,7,11,1,10,1,12,71,1,21,121.5670219,24.9824721
114,10,17,15,22,12內湖區,內湖區南京東路6段與新明路298巷口,0,0,1,1,B03,8,7,5,50,4,2,1,5,4,5,13,1,1,5,4,5,2,17,1,32,3,10,7,1,7,9,1,8,1,2,108,1,21,121.5816621,25.0568422
114,10,17,15,40,07信義區,信義區市民大道5段與東興路口,0,0,1,1,B01,8,6,5,40,4,1,1,5,4,5,13,1,1,3,4,5,2,17,1,61,3,10,3,4,7,5,1,4,2,1,98,1,21,121.5657794,25.0481926
114,10,17,15,55,08士林區,士林區凱旋路61巷4弄陽明教養院門口,0,0,1,1,B03,8,5,5,30,12,9,1,5,4,5,13,4,4,10,5,5,1,17,2,32,3,10,7,1,7,9,1,8,1,5,5,1,21,121.5408035,25.1351478
114,10,17,15,56,11南港區,南港區市民大道7段與東新街口,0,0,1,1,C03,8,7,5,50,4,1,1,5,4,4,13,2,1,1,3,5,2,12,1,30,2,9,6,1,7,9,1,10,1,12,17,1,21,121.583908,25.0496205
114,10,17,16,10,08士林區,士林區至誠路1段78號,0,0,1,1,C03,8,7,5,50,14,9,1,5,4,5,13,4,4,8,3,5,2,13,1,32,2,9,3,4,7,9,1,10,1,11,16,1,22,121.5355123,25.1015332
114,10,17,16,11,04大安區,大安區忠孝東路4段與復興南路1段口,0,0,1,1,C03,8,6,5,50,4,2,1,5,4,5,13,2,1,10,5,5,2,17,1,52,3,10,3,4,7,1,1,10,1,13,19,1,21,121.5438865,25.0412967
114,10,17,16,24,07信義區,信義區忠孝東路5段435-2號,0,0,2,1,C03,8,6,5,50,14,9,1,5,4,5,13,4,4,1,4,5,2,13,2,27,2,9,3,4,7,9,1,10,1,11,16,1,22,121.5758534,25.0409229
114,10,17,16,40,03中山區,中山區民生東路2段166號,0,0,1,1,B03,8,6,5,50,14,9,1,5,4,5,13,4,4,5,5,5,2,17,2,59,3,10,3,4,7,9,1,8,1,1,108,1,22,121.522214,25.05805648
114,10,17,16,40,08士林區,士林區至善路1段與福林路254巷口口,0,0,1,1,B03,8,7,5,50,14,8,1,5,4,5,13,1,1,8,3,4,2,12,2,37,3,10,3,4,7,8,1,8,9,15,100,1,22,121.5377582,25.0982672
114,10,17,16,42,05中正區,中正區仁愛路1段50號,0,0,2,1,B03,8,5,5,50,14,9,1,5,4,5,13,4,4,10,4,1,1,17,1,37,3,10,7,1,7,5,1,8,1,2,8,1,21,121.5242104,25.03832198
114,10,17,16,45,12內湖區,內湖區堤頂大道2段與瑞光路316巷口,0,0,1,1,B03,8,6,5,50,3,1,1,5,4,5,13,4,4,9,4,5,2,16,2,67,3,10,3,4,7,6,1,8,2,1,72,1,22,121.5721277,25.0751619
114,10,17,16,47,08士林區,士林區承德路4段與前港街口,0,0,1,1,B03,8,6,5,40,3,1,1,5,4,5,13,4,4,1,3,4,1,16,2,57,3,10,7,1,7,6,1,8,1,2,9,1,21,121.5233063,25.084914
114,10,17,17,16,10文山區,文山區木柵路2段與木柵路2段86巷口,0,0,1,1,C03,8,6,5,30,3,1,1,5,4,5,13,4,4,10,5,5,2,3,2,44,3,10,6,1,7,6,1,10,9,12,70,1,21,121.5598776,24.9886572