發生年度,發生月,發生日,發生時-Hours,發生分,區序,肇事地點,死亡人數,2-30日死亡人數,受傷人數,當事人序號,車種,天候,光線,道路類別,速限-速度限制,道路型態,事故位置,路面狀況1,路面狀況2,路面狀況3,道路障礙1,道路障礙2,號誌1,號誌2,車道劃分-分向,車道劃分-分道1,車道劃分-分道2,車道劃分-分道3,事故類型及型態,性別,年齡,受傷程度,主要傷處,保護裝置,行動電話,車輛用途,當事者行動狀態,駕駛資格情形,駕駛執照種類,飲酒情形,車輛撞擊部位1,肇因碼-個別,個人肇逃否,職業,座標-X,座標-Y
114,10,22,23,27,09北投區,北投區公館路與東華街2段口,0,0,1,1,B02,6,5,5,50,4,2,1,4,4,5,13,2,1,5,4,5,2,16,1,39,3,10,7,1,7,11,1,8,1,4,10,1,21,121.5027888,25.1218208
114,10,23,01,05,03中山區,中山區北安路往東，自強隧道口,0,0,1,1,C03,6,5,5,50,18,9,1,4,4,5,13,3,1,6,3,5,2,18,2,35,2,9,6,1,7,5,1,10,9,14,44,1,21,121.55054,25.0854169
114,10,23,01,12,09北投區,北投區大業路與承德路7段口,0,0,1,1,B03,6,5,5,50,5,1,1,4,4,5,13,2,1,1,4,5,2,17,1,24,3,10,7,1,7,9,3,18,2,1,44,1,21,121.4995602,25.1212727
114,10,23,02,16,12內湖區,內湖區內湖路1段與內湖路1段591巷口口,0,0,1,1,B12,6,5,5,30,4,1,1,4,4,5,13,1,1,1,4,5,2,3,1,26,3,10,7,1,7,5,1,8,2,8,70,1,21,121.5732463,25.0807099
114,10,23,06,27,12內湖區,內湖區金龍路與金龍隧道口,0,0,1,1,C03,6,7,8,50,4,1,1,4,4,5,13,1,1,9,4,5,2,16,1,30,2,9,6,2,7,8,1,10,9,13,100,1,21,121.588426,25.0867031
114,10,23,07,18,09北投區,北投區洲美快速道路往南078燈桿,0,0,3,1,B03,6,6,5,80,10,9,1,4,4,5,13,4,4,8,3,5,1,13,1,51,2,9,7,1,7,15,1,8,2,1,100,1,21,121.4996717,25.1152826
114,10,23,08,39,10文山區,文山區興隆路3段192巷8弄46號,0,0,2,1,C03,6,6,5,30,14,9,1,4,4,5,13,4,4,10,5,5,2,2,2,64,2,9,6,1,7,9,1,10,2,12,108,1,21,121.5579632,24.9994113
114,10,23,08,55,06松山區,松山區民權東路4段與三民路口,0,0,1,1,C03,6,7,5,50,3,4,1,4,4,5,13,1,1,1,4,4,2,18,2,50,2,9,5,1,7,14,1,11,1,17,44,1,26,121.5628532,25.0627486
114,10,23,09,05,02萬華區,萬華區洛陽街與昆明街口,0,0,1,1,B03,6,6,5,50,3,2,1,4,4,5,13,3,1,5,4,5,1,17,2,39,3,10,3,4,7,6,1,8,1,17,9,1,22,121.5062557,25.0478635
114,10,23,09,20,03中山區,中山區北安路301號對面,0,0,1,1,C03,6,7,5,50,14,9,1,4,4,5,13,4,4,1,4,5,2,17,1,30,3,10,6,1,7,15,1,10,1,17,42,1,26,121.5348684,25.07787778
114,10,23,09,51,04大安區,大安區信義路3段與建國南路1段口,0,0,1,1,C03,6,6,5,50,14,9,1,4,4,5,13,1,1,9,4,5,1,13,2,62,2,8,3,4,7,9,1,10,1,11,16,1,21,121.5372271,25.0336213
114,10,23,10,06,05中正區,中正區信義路1段與杭州南路1段口,0,0,1,1,F01,6,6,5,50,4,1,1,4,4,5,13,2,1,10,5,5,2,17,1,81,3,10,4,1,7,15,8,20,2,17,85,1,22,121.5245819,25.03593445
114,10,23,10,12,08士林區,士林區中山北路5段與中山北路5段282巷口,0,0,2,1,B03,6,6,5,50,3,1,1,4,4,5,13,4,4,1,4,5,2,17,1,55,3,10,3,4,7,6,1,8,9,17,44,1,21,121.5271834,25.08765534
114,10,23,10,21,03中山區,中山區民生東路2段153號,0,0,1,1,B01,6,7,5,50,14,9,1,4,4,5,13,4,4,1,4,5,2,17,1,59,3,10,7,1,7,8,1,3,1,17,80,1,21,121.5357841,25.0579855
114,10,23,10,24,04大安區,大安區辛亥路2段與辛亥路2段171巷口對面,0,0,1,1,B03,6,6,5,40,14,8,1,4,4,5,13,4,4,1,4,4,1,12,2,24,3,10,3,4,7,14,1,8,1,4,40,1,21,121.5408923,25.0210866
114,10,23,11,04,01大同區,大同區市民大道1段與承德路1段口,0,0,1,1,C03,6,6,5,40,5,2,1,4,4,5,13,4,4,1,5,5,2,13,1,36,2,9,6,1,7,9,1,10,2,11,44,1,21,121.517506,25.0487204
114,10,23,11,28,03中山區,中山區松江路367號,0,0,1,1,A05,8,5,5,50,14,9,1,5,4,5,13,1,1,9,4,5,2,17,1,53,3,10,3,4,7,3,1,2,9,2,18,1,21,121.5211318,25.05009932
114,10,23,12,05,09北投區,北投區大度路3段與無名巷口,0,0,1,1,C03,6,6,5,50,3,1,1,4,4,5,13,1,1,1,4,5,1,17,1,36,2,9,5,1,7,9,1,10,2,14,42,1,22,121.4731283,25.1226085
114,10,23,12,21,12內湖區,內湖區安康路414巷與安康路口口,0,0,1,1,B13,6,5,5,50,3,2,1,4,4,5,13,4,4,10,2,5,2,17,1,42,3,10,7,1,7,8,1,8,9,5,101,1,21,121.6144126,25.0661303
114,10,23,12,58,08士林區,士林區光華路與長春街口,0,0,1,1,C03,6,6,5,30,3,2,1,4,4,5,13,4,4,10,5,5,2,17,1,18,2,9,6,1,7,15,1,10,9,14,13,1,22,121.5431904,25.1374632
114,10,23,13,08,02萬華區,萬華區東園街與東園街140巷口,0,0,1,1,B01,6,5,5,40,4,1,1,4,4,5,13,1,1,10,5,5,2,17,1,56,3,10,3,4,7,5,1,4,1,1,71,1,21,121.4975708,25.0235911
114,10,23,14,24,03中山區,中山區林森北路85巷與南京東路1段132巷口,0,0,1,1,B03,6,6,5,30,4,1,1,4,4,5,13,4,4,10,5,5,2,15,1,29,3,10,7,1,7,9,1,8,1,8,72,1,21,121.5265858,25.04941707
114,10,23,14,25,10文山區,文山區木柵路3段與久康街口,0,0,1,1,B03,7,6,5,50,3,1,2,5,4,5,13,4,4,5,5,5,2,17,1,41,3,10,3,1,7,6,1,8,2,2,9,1,21,121.5644754,24.9885784
114,10,23,14,44,07信義區,信義區忠孝東路5段68號,0,0,1,1,B03,6,6,5,50,14,9,1,4,4,5,13,4,4,9,4,5,2,12,1,77,3,10,7,1,7,9,6,8,1,5,17,1,21,121.5677354,25.0410011
114,10,23,14,55,05中正區,中正區寧波西街87號,0,0,1,1,B03,6,6,5,50,14,9,1,4,4,5,13,4,4,10,4,5,2,12,1,27,3,10,3,4,7,9,1,8,1,5,44,1,21,121.5159832,25.0299774
114,10,23,15,03,03中山區,中山區敬業三路與樂群三路口,0,0,1,1,B03,6,7,5,30,14,9,1,4,4,5,13,2,1,1,4,5,2,17,1,54,3,10,7,1,7,7,1,8,1,17,100,1,21,121.556353,25.0825226
114,10,23,15,46,07信義區,信義區永吉路與松信路口口,0,0,1,1,C03,6,6,5,50,4,1,1,4,4,5,13,1,1,10,5,5,2,16,1,37,3,10,6,1,7,5,1,10,1,14,8,1,21,121.5721516,25.045674
114,10,23,15,56,03中山區,中山區北安路409號,0,0,1,1,B03,6,7,5,50,14,9,1,4,4,5,13,4,4,1,4,5,2,16,1,66,3,10,7,1,7,5,1,8,2,4,103,1,21,121.5428775,25.0796713
114,10,23,15,56,05中正區,中正區寧波西街與南昌路1段口,0,0,1,1,C03,6,6,5,50,4,1,1,4,4,5,13,1,1,5,2,5,2,17,1,21,2,8,5,1,7,8,1,9,1,12,101,1,21,121.5175422,25.0307341
114,10,23,15,59,09北投區,北投區承德路6段359號,0,0,2,1,B03,6,7,5,60,14,8,1,4,4,5,13,4,4,1,4,4,2,16,1,58,3,10,7,1,7,6,6,8,2,6,9,1,22,121.5115895,25.1067556
114,10,23,16,00,10文山區,文山區木柵路2段138巷與興隆路4段101巷口,0,0,2,1,B03,6,6,5,30,4,18,1,4,4,5,13,2,1,10,5,5,2,1,1,55,3,10,7,1,7,5,1,8,2,1,70,1,21,121.5620825,24.9883166
114,10,23,16,40,04大安區,大安區基隆路4段與基隆路4段73巷口對面,0,0,1,1,C03,6,6,5,50,4,1,1,4,4,5,13,2,1,10,5,5,1,17,1,21,3,10,5,1,7,5,1,10,1,15,17,1,21,121.5394895,25.0131162
114,10,23,16,41,08士林區,士林區承德路5段80號,0,0,1,1,,6,6,5,40,14,12,1,4,4,5,13,4,4,1,4,4,1,17,4,0,,,,,,,,,11,,119,2,,121.5147757,25.09432939
114,10,23,17,00,05中正區,中正區仁愛路1段與林森南路口,0,0,1,1,B03,6,7,5,50,4,1,1,4,4,5,13,2,1,1,4,1,2,16,1,34,3,10,7,1,7,6,1,8,2,5,80,1,21,121.5216941,25.0389416
114,10,23,17,01,04大安區,大安區師大路117巷3號,0,0,1,1,B03,6,5,5,30,14,9,1,4,4,5,13,4,4,10,5,5,1,3,2,29,3,10,3,4,7,9,1,8,1,5,42,1,21,121.5285109,25.0221273
114,10,23,17,03,07信義區,信義區基隆路1段與東興路口口,0,0,1,1,B03,6,5,5,50,5,1,1,4,4,5,13,1,1,10,5,5,2,17,1,33,3,10,7,1,7,8,6,4,1,17,100,1,21,121.5670597,25.0458253
114,10,23,17,09,10文山區,文山區興隆路4段與興隆路4段145巷口,0,0,2,1,H01,6,5,5,50,4,1,1,4,4,5,13,4,4,3,4,5,2,3,2,72,2,9,4,5,8,16,8,20,1,16,121,1,21,121.5615991,24.9849563
114,10,23,17,12,11南港區,南港區經貿二路與經貿二路157巷口,0,0,1,1,B03,6,6,5,50,3,18,1,4,4,5,13,2,1,3,4,5,2,3,2,57,3,10,7,1,7,5,1,8,2,5,70,1,21,121.6165697,25.0592337
114,10,23,17,20,07信義區,信義區信義路4段與基隆路2段口,0,0,1,1,C03,6,5,5,50,4,1,1,4,4,5,13,1,1,9,4,5,2,12,1,49,3,10,6,1,7,9,1,10,1,12,33,1,21,121.559416,25.0329714
114,10,23,17,40,08士林區,士林區延平北路6段與延平北路6段511巷口,0,0,1,1,B03,6,5,5,50,5,1,1,4,4,5,13,2,1,1,4,5,2,16,2,57,3,10,7,1,7,6,1,8,1,2,44,1,21,121.4977082,25.0937989
114,10,23,17,49,04大安區,大安區金山南路2段52號,0,0,1,1,C03,6,5,5,50,14,9,1,4,4,5,13,4,4,1,4,5,2,17,2,19,2,8,6,1,7,12,1,10,1,11,16,1,21,121.5269618,25.0327157
114,10,23,18,21,12內湖區,內湖區港墘路221巷與瑞光路258巷口,0,0,1,1,B01,6,5,5,50,3,1,1,4,4,5,13,4,4,8,3,5,1,17,1,68,3,10,7,1,7,5,1,8,1,4,8,1,21,121.5742206,25.0742511
114,10,23,18,30,06松山區,松山區敦化北路135號,0,0,1,1,C03,6,5,5,50,14,7,1,4,4,5,13,4,4,3,4,4,2,13,1,26,3,10,6,4,7,9,1,10,2,11,16,1,22,121.5492095,25.0525843
114,10,23,18,41,05中正區,中正區鎮江街4號,0,0,1,1,B02,6,5,5,50,14,9,1,4,4,5,13,4,4,5,5,5,2,17,1,34,2,9,7,1,7,9,1,8,2,1,116,1,21,121.5212814,25.0442823
114,10,23,18,45,03中山區,中山區市民大道1段台北轉運站,0,0,2,1,C03,6,5,5,40,14,9,1,4,4,5,13,4,4,1,4,5,2,16,1,32,2,9,5,1,7,5,1,10,1,13,8,1,22,121.5087151,25.05149649
114,10,23,18,45,03中山區,中山區長春路與長春路21巷口,0,0,1,1,B03,6,5,5,50,3,2,1,4,4,5,13,4,4,9,5,4,2,16,1,67,3,10,7,1,7,5,1,8,1,1,74,1,21,121.5242429,25.05510921
114,10,23,18,50,07信義區,信義區基隆路1段與忠孝東路5段口,0,0,1,1,C03,6,5,5,50,4,1,1,4,4,5,13,2,1,3,4,5,2,16,2,65,3,10,5,1,7,5,1,10,1,14,98,1,21,121.5643663,25.0411909
114,10,23,18,50,07信義區,信義區吳興街600巷與吳興街583巷8弄口,0,0,2,1,C03,6,5,5,30,3,1,1,4,4,5,13,4,4,10,5,5,2,17,1,36,3,10,3,4,7,9,1,10,9,17,5,1,21,121.5694231,25.0214055
114,10,23,19,15,10文山區,文山區辛亥路6段88號,0,0,1,1,C03,6,5,5,50,14,9,1,4,4,5,13,4,4,1,4,5,2,17,1,18,2,9,5,1,7,9,3,18,1,11,42,1,21,121.5522614,24.9886304
114,10,23,19,33,04大安區,大安區大安路1段251號,0,0,1,1,B01,6,6,5,50,14,9,1,4,4,5,13,4,4,5,3,5,2,16,1,34,3,10,7,1,7,1,1,4,1,8,19,1,21,121.5459999,25.0337086
114,10,23,19,35,01大同區,大同區鄭州路與西寧北路口,0,0,1,1,B03,6,5,5,40,4,2,1,4,4,5,13,1,1,1,4,5,2,17,1,24,3,10,3,4,7,5,1,8,1,5,42,1,21,121.5081958,25.05057748
114,10,23,19,54,04大安區,大安區信義路4段186巷與安和路2段32巷口,0,0,1,1,B01,6,5,5,30,4,2,1,4,4,5,13,4,4,9,4,5,2,15,1,57,3,10,3,4,7,9,1,4,1,1,72,1,21,121.5515464,25.0317402
114,10,23,20,07,04大安區,大安區忠孝東路4段147巷與敦化南路1段187巷口,0,0,2,1,C03,6,5,5,30,4,1,1,4,4,5,13,4,4,10,5,5,1,15,1,37,2,9,3,4,7,9,1,9,1,15,72,1,22,121.5497535,25.0426833
114,10,23,20,28,10文山區,文山區羅斯福路5段與羅斯福路5段269巷口,0,0,1,1,C03,6,5,5,50,3,2,1,4,4,5,13,4,4,1,4,5,2,12,1,53,2,7,6,1,7,8,1,10,1,14,72,1,21,121.5392208,25.0014836
114,10,23,20,30,08士林區,士林區中山北路5段與劍潭路口,0,0,1,1,B03,6,5,5,50,3,1,1,4,4,5,13,1,1,1,3,5,1,16,1,57,3,10,7,1,7,6,1,8,1,2,85,1,21,121.5253528,25.0841547
114,10,23,20,50,10文山區,文山區老泉街45巷第0701878燈桿,0,0,1,1,F01,6,5,5,30,14,9,1,4,4,5,13,4,4,10,5,5,2,13,1,19,3,10,4,1,7,9,8,20,1,11,16,1,21,121.5733546,24.9736739
114,10,23,21,16,12內湖區,內湖區康樂隧道（往康樂街方向）,0,0,1,1,C03,6,5,5,50,6,9,1,5,4,5,13,4,4,4,5,4,2,17,2,24,2,9,6,1,7,15,1,10,1,13,42,1,21,121.6212341,25.079013
114,10,23,21,18,08士林區,士林區天母北路與天母西路口,0,0,1,1,B03,6,5,5,50,4,2,1,4,4,5,13,2,1,5,2,5,2,3,1,45,3,10,7,1,7,5,1,8,2,4,70,1,21,121.5262231,25.1184706
114,10,23,22,00,10文山區,文山區景中街與景文街口,0,0,1,1,B03,6,5,5,50,4,19,1,4,4,5,13,2,1,5,4,5,2,3,1,24,3,10,7,1,7,6,1,8,1,2,108,1,21,121.5412864,24.9928208
114,10,23,22,21,03中山區,中山區濱江街濱江跨越橋,0,0,2,1,C03,6,5,5,50,8,9,1,4,4,4,13,4,4,10,5,5,2,17,1,22,2,9,5,1,7,9,1,10,1,11,16,1,22,121.5221787,25.05809044
114,10,24,03,45,03中山區,中山區南京東路1段與林森北路口,0,0,2,1,C03,6,5,5,50,14,10,1,4,4,5,13,1,1,1,4,4,2,18,1,25,2,9,5,1,7,9,1,10,2,14,116,1,22,121.522227,25.05803235
114,10,24,09,36,04大安區,大安區基隆路4段與羅斯福路4段113巷口,0,0,1,1,B03,6,6,5,50,3,1,1,4,4,5,13,4,4,5,4,4,1,16,2,67,3,10,3,4,7,6,1,8,1,1,72,1,21,121.5376062,25.0116222
114,10,24,09,40,09北投區,北投區致遠一路1段46巷與自強街180巷口,0,0,1,1,C03,6,7,5,30,4,1,1,4,4,5,13,4,4,10,4,5,2,15,1,75,2,9,5,1,7,9,1,10,1,12,75,1,21,121.5179191,25.1103574
114,10,24,09,47,12內湖區,內湖區瑞光路132巷與瑞光路口,0,0,2,1,C03,6,7,5,50,3,1,1,4,4,5,13,2,1,5,4,5,2,17,1,49,2,9,5,1,7,3,1,10,1,11,18,1,21,121.580077,25.0729614
114,10,24,10,10,05中正區,中正區忠孝東路1段39號,0,0,1,1,C03,6,7,5,50,14,9,1,4,4,5,13,4,4,1,4,5,2,17,1,25,2,9,5,1,7,12,1,9,1,14,116,1,21,121.5257682,25.0443321
114,10,24,10,43,09北投區,北投區承德路7段與承德路7段413巷口,0,0,1,1,B03,6,6,5,60,3,1,1,4,4,5,13,4,4,1,4,5,1,16,2,50,3,10,7,1,7,11,1,8,2,2,10,1,21,121.4999413,25.1207506
114,10,24,10,52,02萬華區,萬華區西園路1段與大理街口,0,0,1,1,B03,6,5,5,30,4,18,1,4,4,5,13,1,1,1,4,5,2,3,1,69,3,10,7,4,7,6,1,8,2,5,70,1,21,121.498608,25.0343164
114,10,24,11,17,03中山區,中山區錦州街336號,0,0,1,1,C03,6,6,5,50,14,9,1,4,4,5,13,4,4,9,5,5,2,13,1,44,2,8,6,1,7,9,1,10,1,11,108,1,21,121.5388186,25.0602257
114,10,24,13,00,08士林區,士林區承德路5段與士商路口,0,0,1,1,B03,6,6,5,60,4,1,1,4,4,5,13,2,1,1,4,4,2,17,1,44,3,10,3,4,7,6,1,3,1,2,9,1,21,121.5142228,25.0960505
114,10,24,14,46,01大同區,大同區敦煌路與哈密街59巷口,0,0,3,1,C03,6,6,5,30,4,1,1,4,4,5,13,4,4,5,5,5,1,15,1,56,2,9,6,1,7,9,1,10,2,12,72,1,21,121.5157722,25.0762686
114,10,24,15,09,04大安區,大安區信義路4段265巷與仁愛路4段300巷35弄口,0,0,1,1,B03,8,6,5,30,4,1,1,4,4,5,13,4,4,10,5,5,2,13,1,59,3,10,7,1,7,9,1,6,1,1,108,1,21,121.5551095,25.0346501
114,10,24,15,09,12內湖區,內湖區成功路4段30巷與成功路4段口,0,0,5,1,A02,6,7,5,40,3,2,1,4,4,5,13,4,4,1,4,4,2,12,1,31,3,10,7,1,7,8,1,2,2,8,100,1,21,121.5916949,25.0816154
114,10,24,16,43,02萬華區,萬華區萬大路423巷與萬大路423巷20弄口,0,0,3,1,C03,6,6,5,30,3,1,1,4,4,5,13,4,4,9,5,5,2,15,1,46,2,9,6,1,7,9,1,10,1,11,72,1,22,121.4994317,25.0212769
114,10,24,16,43,12內湖區,內湖區舊宗路1段與民權東路6段口,0,0,1,1,B03,6,6,5,50,4,1,1,4,4,5,13,2,1,1,4,5,2,12,1,54,3,10,3,4,7,9,1,8,1,2,86,1,22,121.5753239,25.0657097
114,10,24,17,03,12內湖區,內湖區康湖路與康寧路口側附近3段75巷20弄口,0,0,1,1,B03,8,5,5,50,3,1,1,4,4,5,13,2,1,4,4,5,2,16,1,76,3,10,7,1,7,5,1,8,1,6,71,1,21,121.6137521,25.0779754
114,10,24,17,40,12內湖區,內湖區舊宗路2段與民權東路6段口,0,0,1,1,B03,6,5,5,50,4,2,1,4,4,5,13,2,1,1,2,5,2,17,1,42,3,10,7,1,7,8,1,8,1,17,101,1,21,121.5750711,25.0656703
114,10,24,17,50,11南港區,南港區忠孝東路7段與忠孝東路7段265巷口口,0,0,1,1,B03,6,5,5,50,3,1,1,4,4,5,13,1,1,1,3,4,2,17,2,37,3,10,7,1,7,5,1,8,1,2,80,1,21,121.6035345,25.0517689
114,10,24,17,51,10文山區,文山區羅斯福路6段與育英街口口,0,0,1,1,B03,6,5,5,50,3,18,1,4,4,5,13,1,1,1,4,5,2,1,1,20,3,10,7,1,7,5,1,8,2,1,70,1,22,121.5396246,24.9904631
114,10,24,17,51,11南港區,南港區忠孝東路6段與昆陽街口口,0,0,1,1,B03,6,5,5,50,4,18,1,4,4,5,13,2,1,5,5,5,2,3,1,50,3,10,7,1,7,5,1,8,2,8,70,1,21,121.5939758,25.050572
114,10,24,18,23,03中山區,中山區北安路與自強隧道(外)口,0,0,1,1,B03,6,5,5,50,18,9,1,4,4,5,13,1,1,1,4,5,2,13,1,37,3,10,3,4,7,9,1,8,1,1,108,1,21,121.5499525,25.0852817
114,10,24,18,58,05中正區,中正區新生南路1段14號,0,0,1,1,C03,6,5,5,50,14,9,1,4,4,5,13,4,4,1,4,5,1,17,2,39,2,3,5,1,7,9,1,10,1,11,16,1,21,121.5327518,25.0437113
114,10,24,19,01,05中正區,中正區汀州路3段24巷與汀州路3段口,0,0,2,1,C03,6,5,5,50,3,1,1,4,4,5,13,4,4,5,2,5,2,17,1,52,2,9,5,1,7,9,1,10,2,14,14,1,21,121.5286274,25.01758812
114,10,24,19,09,10文山區,文山區木新路3段74巷與木新路3段74巷8弄口,0,0,2,1,B03,6,6,5,30,4,1,1,4,4,5,13,4,4,10,5,5,2,15,2,25,3,10,3,4,7,9,1,8,2,5,72,1,22,121.5633758,24.9829003
114,10,24,19,15,05中正區,中正區中華路1段與武昌街1段口,0,0,1,1,B03,6,5,5,50,3,2,1,4,4,5,13,2,1,1,4,5,2,17,1,31,3,10,7,1,7,7,1,8,2,17,100,1,21,121.5090742,25.0442921
114,10,24,19,43,11南港區,南港區忠孝東路7段576號,0,0,1,1,C03,6,5,5,50,14,18,1,4,4,5,13,2,1,3,4,4,2,3,1,66,3,10,5,4,7,9,1,10,9,11,81,2,22,121.6141428,25.052901
114,10,24,20,12,02萬華區,萬華區華中橋機慢車道往台北方向（編號7010522）燈桿前,1,0,0,1,C03,6,5,5,30,8,11,1,4,4,5,13,4,4,1,4,5,2,18,1,61,1,9,5,4,7,9,1,10,1,11,42,1,22,121.4956252,25.0161334
114,10,24,20,45,04大安區,大安區仁愛路4段與敦化南路1段口,0,0,1,1,B01,6,5,5,50,4,1,1,4,4,5,13,2,1,1,4,1,2,12,1,59,3,10,7,1,7,15,1,4,1,5,17,1,21,121.5492111,25.0381562
114,10,24,21,15,05中正區,中正區羅斯福路1段與南海路口,0,0,1,1,C03,6,5,5,30,5,2,1,4,4,5,13,1,1,10,4,5,2,17,2,30,2,8,5,1,7,9,1,10,1,12,99,1,21,121.5179488,25.0329414
114,10,24,22,28,03中山區,中山區建國北路3段與民權東路3段口,0,0,3,1,C03,6,5,5,50,4,2,1,4,4,5,13,1,1,1,4,5,2,12,1,20,2,9,6,1,7,7,1,10,1,14,100,1,22,121.5376527,25.0624483
114,10,24,22,50,04大安區,大安區信義路4段265巷10弄與信義路4段265巷口,0,0,1,1,C03,6,5,5,30,4,1,1,4,4,5,13,4,4,10,5,5,2,3,1,30,3,10,6,4,7,9,6,10,1,12,70,1,22,121.5542836,25.0338087
114,10,24,23,54,07信義區,信義區逸仙路與忠孝東路4段口,0,0,1,1,B03,6,5,5,50,3,1,1,4,4,5,13,2,1,9,4,5,2,17,2,48,3,10,7,1,7,6,1,8,2,2,80,1,21,121.5617405,25.0411889
114,10,25,00,05,01大同區,大同區忠孝橋機慢車道往三重分流後第1燈桿,0,0,1,1,C03,6,5,5,40,8,11,1,4,4,5,13,4,4,8,3,5,2,17,1,24,3,10,5,4,7,9,1,9,9,17,44,1,21,121.5062282,25.049087
114,10,25,03,43,01大同區,大同區延平北路4段與酒泉街口,0,0,2,1,C03,6,5,5,50,14,9,1,4,4,5,13,2,1,9,4,5,2,3,1,21,2,9,6,4,7,9,1,10,1,11,108,1,21,121.5109249,25.0719697
114,10,25,04,10,05中正區,中正區中山南路與凱達格蘭大道口,0,0,3,1,B03,6,5,5,50,18,9,1,4,4,5,13,1,1,9,4,5,2,17,1,29,3,10,7,1,7,9,1,8,2,5,81,1,21,121.5172627,25.03913271
114,10,25,04,45,02萬華區,萬華區環河南路1段與西園路1段34巷口,0,0,1,1,B01,6,5,5,40,3,1,1,4,4,5,13,4,4,4,1,5,2,13,1,55,3,10,7,1,7,9,1,4,1,8,108,1,22,121.4986488,25.0407844
114,10,25,05,23,11南港區,南港區東新街170巷61號,0,0,1,1,F02,6,5,5,50,11,9,1,4,4,5,13,4,4,5,4,5,2,29,1,75,2,9,3,4,7,9,8,20,1,14,116,1,21,121.5934862,25.0412875
114,10,25,07,38,02萬華區,萬華區華中橋機車道往新北市,0,0,2,1,C03,6,7,8,40,8,11,1,4,4,5,13,4,4,1,5,5,2,12,2,48,2,9,5,1,7,9,1,10,1,15,108,1,21,121.4967277,25.0186024
114,10,25,07,54,05中正區,中正區忠孝東路2段與臨沂街口,0,0,1,1,B01,8,6,5,50,4,2,1,4,4,5,13,1,1,1,4,5,2,13,1,64,3,10,7,1,7,9,1,4,2,1,108,1,21,121.5313506,25.04321288
114,10,25,08,39,04大安區,大安區杭州南路2段31號,0,0,1,1,B03,6,7,6,50,14,9,1,4,4,5,13,4,4,1,4,5,1,17,1,53,3,10,3,4,7,14,1,8,1,6,40,1,21,121.5233937,25.0336639
114,10,25,09,24,04大安區,大安區信義路4段與敦化南路1段口,0,0,1,1,B12,6,6,5,50,4,1,1,4,4,5,13,1,1,1,4,5,1,16,1,48,3,10,3,4,7,6,1,8,2,2,9,1,21,121.5490653,25.033009
114,10,25,09,48,04大安區,大安區四維路170巷與和平東路3段1巷口,0,0,1,1,C03,6,6,5,40,4,1,1,4,4,5,13,4,4,5,5,5,1,13,1,58,2,8,6,4,7,9,1,10,1,11,16,1,21,121.5469506,25.0282617
114,10,25,10,22,03中山區,中山區中山北路1段與長安西路口,0,0,2,1,C03,6,5,5,50,4,1,1,4,4,5,13,1,1,5,4,1,2,13,2,21,2,5,3,4,7,9,1,10,1,11,116,1,21,121.5211476,25.05006915
114,10,25,10,46,02萬華區,萬華區忠孝橋往台北,0,0,1,1,B01,6,7,5,50,8,9,1,4,4,5,13,4,4,1,4,5,2,12,2,43,3,10,7,1,7,8,1,4,1,2,99,1,21,121.5062621,25.0488547
114,10,25,11,00,08士林區,士林區福林路209號,0,0,1,1,B01,6,5,5,50,14,9,1,4,4,5,13,4,4,5,4,5,2,12,1,67,3,10,7,1,7,7,1,4,2,17,100,1,21,121.5340043,25.0977311
114,10,25,11,30,06松山區,松山區五常街與復興北路口,0,0,1,1,C03,6,5,5,30,4,1,1,4,4,5,13,1,1,1,5,5,2,10,1,69,2,8,5,1,7,9,3,18,1,11,108,1,21,121.544594,25.0643482
114,10,25,12,03,10文山區,文山區秀明路2段與秀明路2段118巷口,0,0,1,1,B03,6,6,5,50,3,1,1,4,4,5,13,4,4,10,5,5,2,16,1,44,3,10,7,1,7,6,1,8,2,2,9,1,21,121.5767927,24.9893467
114,10,25,13,28,12內湖區,內湖區堤頂大道1段0306114燈桿,0,0,1,1,B03,6,7,5,50,14,5,1,4,4,5,13,4,4,1,4,1,2,17,1,40,3,10,7,1,7,7,1,8,1,6,100,1,21,121.5747507,25.0550358
114,10,25,13,31,01大同區,大同區延平北路2段272巷與安西街口,0,0,2,1,C03,8,7,5,30,4,2,1,5,4,5,13,4,4,10,3,5,2,15,1,52,2,9,3,4,7,15,1,10,1,12,72,1,21,121.5097581,25.0620811
114,10,25,13,34,07信義區,信義區忠孝東路4段國父紀念館站4號出口前,0,0,2,1,C03,6,7,5,50,14,9,1,4,4,5,13,4,4,1,4,5,2,18,2,27,2,9,3,4,7,9,1,10,1,17,42,1,22,121.5584242,25.0412394
114,10,25,13,35,10文山區,(萬美街2段84號前),0,0,1,1,C03,6,5,5,40,3,1,1,4,4,5,13,3,1,5,5,5,2,17,2,26,3,10,6,1,7,5,1,10,2,17,71,1,21,121.5599563,25.0056834
114,10,25,13,59,01大同區,大同區南京西路163號,0,0,1,1,F01,7,6,5,50,14,9,1,5,4,5,13,4,4,5,4,5,2,17,1,47,3,10,4,1,7,15,8,20,2,17,44,1,21,121.513149,25.0540279
114,10,25,14,03,03中山區,中山區民權東路2段170號,0,0,1,1,C03,6,6,5,50,14,9,1,4,4,5,13,4,4,1,4,5,2,13,1,43,2,8,6,1,7,7,1,10,1,11,16,1,21,121.5353356,25.0623465
114,10,25,14,06,07信義區,信義區基隆路2段與基隆路2段39巷口,0,0,1,1,C03,6,6,5,50,3,2,1,4,4,5,13,4,4,1,3,4,2,13,2,45,3,10,6,1,7,9,1,10,1,11,16,1,21,121.5586533,25.031332