發生年度,發生月,發生日,發生時-Hours,發生分,區序,肇事地點,死亡人數,2-30日死亡人數,受傷人數,當事人序號,車種,天候,光線,道路類別,速限-速度限制,道路型態,事故位置,路面狀況1,路面狀況2,路面狀況3,道路障礙1,道路障礙2,號誌1,號誌2,車道劃分-分向,車道劃分-分道1,車道劃分-分道2,車道劃分-分道3,事故類型及型態,性別,年齡,受傷程度,主要傷處,保護裝置,行動電話,車輛用途,當事者行動狀態,駕駛資格情形,駕駛執照種類,飲酒情形,車輛撞擊部位1,肇因碼-個別,個人肇逃否,職業,座標-X,座標-Y
114,10,25,14,35,09北投區,北投區懷德街與建民路口,0,0,2,1,C03,7,6,5,30,3,1,1,5,4,5,13,4,4,9,4,5,2,17,1,57,2,8,5,1,7,9,1,10,1,11,72,1,21,121.5196677,25.1106816
114,10,25,15,07,06松山區,松山區民生東路3段115號,0,0,1,1,A02,8,7,5,50,14,9,1,5,4,5,13,1,1,1,4,5,2,12,1,46,3,10,7,1,7,9,1,2,9,5,44,1,21,121.5463932,25.0578714
114,10,25,15,12,04大安區,大安區忠孝東路4段216巷往南,0,0,2,1,C03,7,7,5,30,14,9,1,4,4,5,13,2,1,5,4,5,2,13,1,20,2,9,3,4,7,9,1,10,1,11,16,1,21,121.5529195,25.0412311
114,10,25,15,30,10文山區,文山區指南路3段0709026號路燈,0,0,1,1,C03,8,5,5,30,11,9,1,5,4,5,13,4,4,10,5,5,1,18,2,33,2,9,5,1,7,9,1,10,9,14,108,1,21,121.5828261,24.97776066
114,10,25,17,04,10文山區,文山區羅斯福路6段389號,0,0,1,1,B12,6,6,5,50,14,9,1,4,4,5,13,4,4,1,4,5,2,12,1,75,3,10,7,1,7,9,1,8,2,2,44,1,21,121.5408522,24.9928171
114,10,25,17,19,05中正區,中正區重慶南路1段與愛國西路口,0,0,2,1,C03,8,5,5,50,4,1,1,5,4,5,13,1,1,1,4,5,2,16,1,19,2,9,6,1,7,9,1,10,1,14,44,1,22,121.5125814,25.0354712
114,10,25,18,10,08士林區,士林區天母北路與天母北路101巷口,0,0,2,1,F03,6,5,5,50,4,1,1,4,4,5,13,4,4,9,5,5,1,9,2,76,2,9,3,4,7,9,8,20,2,11,70,1,21,121.5265104,25.1231938
114,10,25,18,15,12內湖區,內湖區行善路東往西,0,0,1,1,A02,6,5,5,50,14,9,1,4,4,5,13,4,4,5,5,5,2,9,4,0,,,,,,,,,,,119,2,,121.5791285,25.0668951
114,10,25,18,51,11南港區,南港區福德街310巷39號,0,0,1,1,C03,6,7,5,30,14,9,1,4,4,5,13,4,4,9,5,5,2,17,2,26,2,9,6,1,7,9,1,10,1,17,44,1,21,121.5875653,25.0407
114,10,25,19,04,06松山區,松山區民生東路5段與三民路口,0,0,1,1,B03,6,5,5,50,18,9,1,4,4,5,13,2,1,1,3,5,2,12,2,34,3,10,3,4,7,6,1,8,1,2,99,1,21,121.5638232,25.0587944
114,10,25,19,20,12內湖區,內湖區瑞光路583巷與瑞光路513巷22弄口,0,0,1,1,C03,6,5,5,50,4,1,1,4,4,5,13,3,1,5,5,5,2,17,2,69,2,8,6,1,7,6,1,10,1,14,42,1,21,121.5679942,25.0805366
114,10,25,19,25,08士林區,士林區環河北路3段與社中街口,0,0,1,1,C02,7,5,5,50,14,9,1,5,4,5,13,1,1,2,4,5,1,13,1,35,2,3,5,1,7,9,1,9,2,11,16,1,21,121.5007525,25.0905787
114,10,25,19,43,10文山區,文山區興隆路1段160號,0,0,1,1,B03,6,5,5,50,14,9,1,4,4,5,13,4,4,1,4,5,2,12,2,62,2,3,7,1,7,8,1,8,2,6,101,1,21,121.5421987,25.0016772
114,10,25,19,45,08士林區,士林區天母北路與天母北路87巷9弄口,0,0,2,1,B03,6,5,5,50,4,2,1,4,4,5,13,1,1,10,4,5,1,17,2,45,3,10,7,1,7,6,1,8,1,4,9,1,21,121.5268099,25.12178219
114,10,25,20,01,12內湖區,內湖區環山路1段與環山路1段136巷口,0,0,1,1,B03,6,5,5,30,4,18,1,4,4,5,13,2,1,10,5,5,2,3,1,48,3,10,7,1,7,6,1,8,2,15,70,1,22,121.5689595,25.0864425
114,10,25,21,10,07信義區,信義區松山路333號,0,0,1,1,C03,6,5,5,50,14,9,1,4,4,5,13,4,4,1,4,5,2,17,1,18,2,7,3,4,7,9,1,10,1,11,116,1,22,121.5778948,25.0418711
114,10,25,21,59,04大安區,大安區新生南路3段與新生南路3段98巷口,0,0,1,1,C03,7,5,5,50,3,1,1,5,4,5,13,1,1,1,4,5,1,12,2,21,2,9,5,1,7,5,1,10,1,14,8,1,22,121.5333072,25.0169773
114,10,25,22,18,10文山區,文山區辛亥路5段與辛亥路5段25巷口,0,0,1,1,B12,6,5,5,50,4,18,1,4,4,5,13,2,1,1,4,5,2,3,1,72,3,10,3,4,7,5,1,8,11,1,70,1,21,121.5541652,24.9998438
114,10,25,22,57,05中正區,中正區寧波西街與南昌路1段口,0,0,3,1,C03,8,5,5,50,4,1,1,5,4,5,13,1,1,7,4,5,2,17,1,42,2,9,5,1,7,5,1,10,1,13,8,1,21,121.517509,25.0307268
114,10,25,23,00,10文山區,文山區木新路2段156號,0,0,1,1,B03,6,5,5,50,14,9,1,4,4,5,13,1,1,5,4,5,2,16,2,35,3,10,7,1,7,11,1,8,2,4,10,1,21,121.5688345,24.9840152
114,10,25,23,17,02萬華區,萬華區西園路1段與桂林路口,0,0,1,1,C03,7,5,5,50,4,1,1,5,4,5,13,2,1,5,4,5,2,9,1,19,2,9,6,1,7,9,1,10,1,12,16,1,21,121.4997949,25.0385594
114,10,25,23,23,01大同區,大同區承德路3段與敦煌路口,0,0,1,1,B03,7,5,5,50,4,2,1,5,4,5,13,1,1,5,2,5,2,17,2,35,3,10,3,4,7,6,1,8,1,2,85,1,21,121.5200114,25.07528325
114,10,25,23,47,04大安區,大安區市民大道4段與復興南路1段口,0,0,1,1,B01,7,5,5,40,3,1,1,5,4,5,13,1,1,1,4,5,2,12,1,54,3,10,3,4,7,5,1,4,1,4,8,1,22,121.5439163,25.0447727
114,10,26,01,30,07信義區,信義區光復南路與基隆路2段口,0,0,2,1,C03,6,5,5,50,4,18,1,4,4,5,13,1,1,9,4,5,2,3,1,36,2,9,6,1,7,5,1,10,2,11,70,1,21,121.5577946,25.0299771
114,10,26,07,43,09北投區,北投區大度路3段301巷31號,0,0,1,1,B01,7,6,5,30,14,9,1,5,4,5,13,4,4,10,5,5,2,11,1,66,3,10,7,1,7,9,1,4,1,4,17,1,21,121.4662139,25.1224019
114,10,26,08,02,02萬華區,萬華區環河南路2段與西藏路口,0,0,2,1,C03,6,6,5,50,4,1,1,4,4,5,13,1,1,8,3,5,1,15,1,76,2,7,5,1,7,9,3,18,1,11,81,1,21,121.4901509,25.0305889
114,10,26,09,26,04大安區,大安區羅斯福路2段與和平東路1段口,0,0,1,1,A02,7,7,5,50,14,9,1,5,4,5,13,2,1,1,4,5,2,17,1,53,4,11,3,4,7,6,1,6,11,4,9,1,21,121.5227876,25.0268691
114,10,26,09,29,08士林區,士林區中山北路6段與士東路口,0,0,1,1,C03,7,6,5,50,3,2,1,5,4,5,13,1,1,1,4,5,2,18,1,51,2,9,6,1,7,9,1,10,9,14,116,1,22,121.5260805,25.1120203
114,10,26,09,55,08士林區,士林區中山北路5段570號,0,0,2,1,C03,8,7,5,50,14,8,1,5,4,5,13,4,4,1,3,1,2,16,2,46,2,9,5,1,7,6,1,10,1,13,9,1,22,121.5281817,25.0953055
114,10,26,10,49,12內湖區,內湖區安康路300號,0,0,2,1,F01,8,6,5,50,14,9,1,4,4,5,13,4,4,9,4,5,1,17,1,76,2,9,4,1,7,5,8,20,1,14,8,1,21,121.6073492,25.0645986
114,10,26,10,50,10文山區,文山區羅斯福路5段與萬盛街口,0,0,1,1,C03,7,6,5,50,4,1,1,5,4,5,13,2,1,1,4,4,2,12,2,27,2,7,5,1,7,7,1,10,2,14,100,1,21,121.5381764,25.0082411
114,10,26,11,16,05中正區,中正區博愛路與衡陽路口,0,0,1,1,B03,7,6,5,50,4,1,1,5,4,5,13,1,1,10,4,5,2,16,2,55,3,10,7,1,7,6,1,8,1,2,9,1,22,121.5114861,25.0423229
114,10,26,11,55,05中正區,中正區鄭州路與承德路1段口,0,0,1,1,C03,7,7,5,40,4,2,1,5,4,5,13,1,1,1,4,5,2,13,1,19,2,8,5,1,7,9,1,10,1,11,16,1,21,121.5162749,25.04870693
114,10,26,12,00,02萬華區,萬華區艋舺大道與康定路口,0,0,1,1,B03,7,5,5,50,4,1,1,5,4,5,13,1,1,1,4,5,2,13,1,50,3,10,7,1,7,1,6,18,3,1,108,1,21,121.5007034,25.0331356
114,10,26,12,46,05中正區,中正區八德路1段55號,0,0,1,1,B03,7,7,5,50,14,9,1,5,4,5,13,4,4,2,4,5,2,16,1,29,3,10,7,1,7,6,1,8,2,5,9,1,21,121.5327345,25.0449625
114,10,26,12,48,08士林區,士林區中正路617號,0,0,1,1,B01,7,5,5,50,14,9,1,5,4,5,13,1,1,1,4,5,2,17,1,65,3,10,7,1,7,15,1,4,1,1,16,1,21,121.5087004,25.0864045
114,10,26,12,57,05中正區,中正區羅斯福路3段100-7號,0,0,1,1,C03,7,7,5,50,14,9,1,5,4,5,13,1,1,1,4,5,2,13,1,19,2,9,5,1,7,9,1,10,1,12,108,1,22,121.527144,25.0214515
114,10,26,13,20,02萬華區,萬華區環河南路2段與長順街口,1,0,0,1,B13,7,7,5,50,4,1,1,5,4,5,13,1,1,1,5,5,2,16,1,48,3,10,7,1,7,11,1,8,2,2,71,1,21,121.490689,25.0313218
114,10,26,13,54,12內湖區,內湖區民權東路6段與民權東路6段56巷口,0,0,2,1,B01,7,6,5,40,4,2,1,5,4,5,13,2,1,1,4,4,2,17,1,67,3,10,7,1,7,8,1,4,2,6,100,1,21,121.5844151,25.06867315
114,10,26,13,57,01大同區,大同區承德路2段與民權西路102巷33弄口,0,0,1,1,C03,8,6,5,50,3,2,1,5,4,5,13,1,1,1,4,5,2,13,1,78,2,9,6,1,7,9,1,9,2,11,44,1,21,121.5181536,25.0616621
114,10,26,14,17,12內湖區,內湖區民權東路6段與成功路2段口,0,0,1,1,B03,7,6,5,50,4,1,1,5,4,5,13,2,1,1,4,5,2,16,1,62,3,10,3,4,7,6,1,8,2,2,5,1,22,121.5909932,25.0690572
114,10,26,14,30,04大安區,大安區羅斯福路3段與辛亥路1段口口旁,0,0,1,1,B03,8,6,5,50,14,9,1,5,4,5,13,4,4,8,3,5,1,9,2,69,3,10,3,4,7,15,1,8,9,2,44,1,21,121.5295623,25.0201969
114,10,26,15,05,04大安區,大安區建國南路1段與建國南路1段318巷口,0,0,1,1,B03,8,6,5,50,14,9,1,5,4,5,13,4,4,1,4,5,1,12,2,83,4,11,3,4,7,8,7,19,11,15,100,2,21,121.5376077,25.0353627
114,10,26,16,18,03中山區,中山區南京東路2段與松江路口,0,0,2,1,C03,7,6,5,50,5,2,1,5,4,5,13,2,1,9,3,4,1,17,1,43,2,9,5,1,7,9,1,10,1,11,16,1,21,121.5331308,25.05206033
114,10,26,16,21,03中山區,中山區大佳河濱公園迎風C球場,0,0,2,1,F01,8,6,5,0,14,23,1,5,4,5,13,4,4,10,5,5,2,17,1,52,2,9,5,1,7,9,8,20,1,11,108,1,21,121.5497972,25.07364314
114,10,26,16,30,05中正區,中正區中華路2段與愛國西路口口,0,0,2,1,C03,8,6,5,50,5,1,1,5,4,5,13,1,1,1,4,5,1,17,2,24,2,8,6,1,7,9,1,10,1,11,99,1,21,121.5069524,25.0373079
114,10,26,17,10,05中正區,中正區詔安街180巷與中華路2段443巷33弄口口,0,0,3,1,C03,8,5,5,30,4,1,1,5,4,5,8,4,4,10,5,5,2,15,1,59,2,8,6,1,7,9,1,10,2,11,75,1,21,121.5101142,25.02589885
114,10,26,17,11,12內湖區,內湖區康樂街76巷與康樂街口嘟嘟房停車場出入口,0,0,1,1,B03,7,5,5,50,14,9,1,5,4,5,13,4,4,7,5,5,2,17,1,39,3,10,7,1,7,6,1,8,2,5,9,1,21,121.6189597,25.0699949
114,10,26,17,36,09北投區,北投區明德路與榮華三路口,0,0,1,1,B03,8,5,5,50,3,1,1,5,4,5,13,3,1,7,4,5,1,3,1,41,3,10,7,4,7,6,1,8,9,2,70,2,26,121.522121,25.113849
114,10,26,17,41,02萬華區,萬華區忠孝西路2段與西寧南路口,0,0,1,1,C03,7,5,5,50,4,2,1,5,4,5,13,2,1,1,4,5,2,17,1,22,3,10,6,1,7,7,1,10,1,12,100,1,21,121.5078221,25.0484552
114,10,26,17,45,08士林區,士林區萬溪產業道路,0,0,2,1,C01,8,6,5,30,14,9,1,4,5,1,13,4,4,10,5,5,1,18,1,23,2,9,3,4,7,9,1,9,1,12,44,1,21,121.5839326,25.1190873
114,10,26,18,08,04大安區,大安區和平東路1段162號,0,0,2,1,B03,7,7,5,50,14,9,1,5,4,5,13,4,4,1,4,5,2,17,1,41,3,10,3,4,7,6,1,8,1,2,9,1,21,121.5253743,25.0267294
114,10,26,18,12,09北投區,北投區石牌路1段與石牌路1段166巷口,0,0,2,1,C03,7,5,5,50,14,9,1,4,4,5,13,4,4,5,2,5,2,13,1,40,2,8,3,4,7,9,1,10,1,11,108,1,21,121.5132801,25.1144725
114,10,26,18,31,10文山區,文山區辛亥路4段與辛亥路4段252巷口,0,0,1,1,C03,7,5,5,50,3,1,1,5,4,5,13,4,4,1,4,5,2,16,1,44,2,9,5,1,7,6,1,10,1,12,74,1,21,121.5548615,25.0014316
114,10,26,18,47,10文山區,文山區新光路2段0707677燈桿,0,0,1,1,B03,8,6,5,40,14,9,1,5,4,5,13,4,4,9,5,5,1,2,2,72,3,10,7,1,7,9,1,8,2,2,42,1,21,121.5960044,24.9990667
114,10,26,19,20,09北投區,北投區中央北路4段與大度路3段口引道,0,0,2,1,B01,8,5,5,50,5,19,1,5,4,5,13,1,1,9,4,5,1,3,1,56,3,10,7,1,7,5,1,4,2,1,70,1,21,121.4649255,25.1242655
114,10,26,19,45,02萬華區,萬華區環河南路2段與和平西路3段口,0,0,2,1,C03,8,5,5,50,4,2,1,5,4,5,13,2,1,1,2,5,2,17,2,18,2,8,6,4,7,9,1,10,1,13,42,1,21,121.4945611,25.0357643
114,10,26,20,39,03中山區,中山區新生北路1段108號,0,0,1,1,B03,8,5,6,50,14,9,1,4,4,5,13,1,1,9,4,5,2,17,2,71,3,10,3,4,7,14,1,8,1,1,36,1,21,121.5290313,25.04893062
114,10,26,20,42,05中正區,中正區公園路與貴陽街1段口,0,0,2,1,F01,7,5,5,50,4,2,1,5,4,5,13,1,1,5,4,5,2,16,1,17,2,9,4,1,7,5,8,20,2,14,8,1,21,121.5152753,25.0386688
114,10,26,20,44,01大同區,大同區環河堤外便道往北(剛過忠孝橋),0,0,1,1,C03,7,5,5,30,11,11,1,5,4,5,13,4,4,5,5,5,2,13,1,20,4,11,3,4,7,21,7,19,11,15,44,2,22,121.5057802,25.0497457
114,10,26,21,00,12內湖區,內湖區瑞光路與瑞光路478巷口,0,0,1,1,B03,6,5,5,50,4,1,1,4,4,5,13,2,1,5,4,5,2,16,1,49,3,10,7,1,7,5,1,8,1,8,71,1,21,121.5694867,25.0788137
114,10,26,21,21,09北投區,北投區中央北路2段與稻香路口,0,0,1,1,B03,8,5,5,50,5,1,1,5,4,5,13,1,1,4,4,5,2,16,1,50,3,10,7,1,7,5,1,8,2,1,71,1,22,121.4912938,25.1385448
114,10,26,21,56,03中山區,中山區中山北路3段花博館前,0,0,1,1,C03,7,7,5,50,14,9,1,5,4,5,13,4,4,10,5,5,1,16,1,25,3,10,6,1,7,9,1,10,1,14,17,1,22,121.522945,25.0691227
114,10,26,22,09,07信義區,信義區松壽路12號對面,0,0,1,1,C03,6,5,5,50,14,9,1,4,4,5,13,4,4,5,4,5,2,18,1,28,2,9,3,4,7,9,1,10,1,12,44,1,21,121.5660846,25.0359336
114,10,26,22,20,12內湖區,內湖區安康路與五分街口,0,0,1,1,C03,6,5,5,30,4,1,1,4,4,5,13,4,4,5,5,5,2,15,2,21,2,9,5,1,7,9,1,10,2,12,44,1,21,121.6152236,25.0672944
114,10,26,22,53,04大安區,大安區忠孝東路4段與敦化南路1段口,0,0,1,1,C03,6,5,5,50,4,2,1,4,4,5,13,2,1,8,3,5,1,17,1,24,3,10,3,4,7,6,1,10,1,12,9,1,21,121.5496282,25.0413342
114,10,27,00,22,08士林區,士林區基河路與劍潭路口,0,0,1,1,B03,8,5,5,50,4,2,1,5,4,5,13,2,1,3,4,5,2,17,1,30,3,10,7,1,7,5,1,8,2,5,17,1,21,121.524735,25.0844476
114,10,27,00,35,01大同區,大同區鄭州路與重慶北路1段口,0,0,1,1,B03,8,5,5,40,14,9,1,5,4,5,13,2,1,9,4,5,2,17,1,38,3,10,7,4,7,6,1,8,1,6,9,1,21,121.513494,25.0495119
114,10,27,03,14,03中山區,中山區南京東路1段138號,0,0,1,1,C03,8,5,5,50,14,9,1,5,4,1,13,1,1,9,5,5,2,28,1,51,2,9,6,4,7,9,1,10,1,15,108,1,21,121.5271625,25.05209296
114,10,27,05,55,11南港區,南港區研究院路3段35號,0,0,1,1,H01,6,5,5,50,14,9,1,4,4,5,13,4,4,5,5,5,2,6,2,65,2,9,4,5,8,18,8,20,10,16,121,1,22,121.6161532,25.0349035
114,10,27,06,58,03中山區,中山區民生東路2段與吉林路口,0,0,2,1,C02,7,6,5,50,4,1,1,5,4,5,13,1,1,9,4,5,2,16,1,24,2,9,6,1,7,7,1,10,1,13,100,1,22,121.5300453,25.058
114,10,27,07,39,03中山區,中山區新生北路2段62巷與新生北路2段68巷13弄口,0,0,1,1,C03,7,6,5,30,4,1,1,5,4,5,13,4,4,10,5,5,2,15,2,45,2,7,6,1,7,9,1,10,1,11,72,1,21,121.5264057,25.05619806
114,10,27,07,53,02萬華區,萬華區忠孝橋往臺北市下橋處,0,0,2,1,C03,7,6,5,50,8,9,1,5,4,5,13,4,4,1,5,5,2,13,2,83,2,9,5,1,7,9,1,10,1,11,16,1,26,121.5064896,25.0487807
114,10,27,07,55,03中山區,中山區民權東路1段新興國中,0,0,1,1,C03,7,7,5,50,14,9,1,5,4,5,13,4,4,1,4,5,2,13,2,35,2,9,5,1,7,9,1,10,1,11,108,1,22,121.5260947,25.0626057
114,10,27,07,57,02萬華區,萬華區廣州街206號,0,0,1,1,B03,7,7,5,50,14,9,1,5,4,5,13,4,4,9,5,5,2,9,1,26,3,10,7,1,7,9,1,8,1,2,108,1,21,121.4972641,25.0367606
114,10,27,08,00,03中山區,中山區建國北路2段與民生東路3段口,0,0,2,1,C03,7,7,5,50,4,2,1,5,4,5,13,1,1,9,4,5,2,13,2,43,2,9,6,1,7,9,1,10,1,11,16,1,21,121.5370586,25.05774078
114,10,27,08,05,02萬華區,萬華區光復橋往臺北市下橋處,0,0,1,1,C03,7,6,5,50,8,9,1,5,4,5,13,4,4,1,5,5,2,17,1,70,3,10,6,1,7,10,1,10,1,13,101,1,26,121.4916366,25.02508419
114,10,27,08,14,04大安區,大安區新生南路3段23號,0,0,1,1,C03,7,7,5,50,14,9,1,4,4,5,13,4,4,1,4,4,2,12,1,56,2,9,3,4,7,8,1,10,1,12,100,1,21,121.5347817,25.0246228
114,10,27,08,20,10文山區,文山區興隆路2段244巷26號與興隆路2段244巷口(26號旁),0,0,1,1,B03,6,6,5,30,3,1,1,4,4,5,13,4,4,5,5,5,2,17,1,47,3,10,7,1,7,13,1,8,1,4,40,1,21,121.553412,25.0001069
114,10,27,08,30,10文山區,文山區興隆路4段145巷7號,0,0,1,1,B03,7,6,5,50,14,9,1,4,4,5,13,4,4,9,5,5,2,17,1,33,3,10,7,1,7,14,1,8,2,4,40,1,21,121.5620517,24.9850777
114,10,27,08,32,03中山區,中山區樂群二路與堤頂大道2段口,0,0,1,1,B03,7,6,5,50,4,1,1,5,4,5,13,1,1,1,5,1,2,16,2,43,3,10,3,4,7,6,1,8,1,5,9,1,22,121.5626311,25.0803809
114,10,27,08,44,02萬華區,萬華區西園路2段140巷6弄與西園路2段140巷口,0,0,1,1,B01,8,6,5,30,4,1,1,5,4,5,13,4,4,10,5,5,1,17,1,31,3,10,7,1,7,9,1,4,1,2,108,1,21,121.4960606,25.0304131
114,10,27,08,57,01大同區,大同區塔城街與鄭州路口,0,0,1,1,C03,8,6,5,50,5,2,1,5,4,5,13,4,4,5,5,5,2,13,2,29,2,7,6,1,7,9,1,10,1,11,44,1,21,121.5105267,25.0498708
114,10,27,09,12,06松山區,松山區撫遠街453號與濱江街口,0,0,1,1,A05,8,5,5,50,4,1,1,5,4,5,13,4,4,9,4,4,2,17,1,65,3,10,7,1,7,11,1,2,9,3,71,1,21,121.5641156,25.0706733
114,10,27,09,19,07信義區,信義區吳興街284巷18弄與吳興街284巷22弄口,0,0,1,1,A02,6,6,5,30,5,2,1,4,4,5,13,4,4,10,5,5,2,17,1,43,3,10,3,4,7,9,1,2,1,5,44,1,21,121.5632911,25.02485445
114,10,27,09,25,12內湖區,內湖區文德路90巷與文德路66巷11弄口,0,0,3,1,C04,6,7,5,30,4,1,1,4,4,5,13,4,4,10,4,5,2,15,2,39,2,9,6,1,7,9,1,10,1,14,72,1,21,121.5824707,25.0779311
114,10,27,09,35,10文山區,文山區秀明路1段19巷與秀明路1段19巷5弄口口,0,0,1,1,B03,6,6,5,30,3,1,1,4,4,5,13,4,4,10,5,5,2,3,1,22,3,10,7,1,7,5,1,6,1,4,108,1,21,121.5637534,24.9899988
114,10,27,10,04,03中山區,中山區復興北路40號,0,0,1,1,A02,8,6,5,50,14,9,1,5,4,5,13,4,4,1,4,5,1,9,2,52,3,10,7,1,7,1,1,2,9,17,44,1,21,121.5438829,25.0491625
114,10,27,10,11,09北投區,北投區懷德街與裕民六路114巷口,0,0,1,1,B03,8,7,5,50,4,1,1,5,4,5,13,2,1,10,5,5,2,15,1,69,3,10,7,1,7,9,1,8,2,7,81,1,21,121.519787,25.1142048
114,10,27,10,20,08士林區,士林區士東路299巷,0,0,1,1,B01,7,7,5,30,14,9,1,5,4,5,13,4,4,5,5,5,1,16,1,49,3,10,7,1,7,1,1,4,1,8,19,1,21,121.5375066,25.11498071
114,10,27,10,51,09北投區,北投區明德路與懷德街口,0,0,1,1,C03,8,7,6,50,4,1,1,5,4,5,13,1,1,5,5,5,2,16,1,25,3,10,5,1,7,5,1,10,1,12,80,1,22,121.5203163,25.1100373
114,10,27,11,12,03中山區,中山區長安東路2段6號,0,0,2,1,C03,6,7,5,50,14,9,1,4,4,5,13,4,4,10,4,5,2,13,1,25,2,9,5,1,7,9,1,10,1,11,108,1,21,121.530198,25.04852886
114,10,27,11,45,05中正區,中正區汀州路2段38號,0,0,1,1,F02,6,5,5,50,14,9,1,4,4,5,13,4,4,4,3,5,2,12,1,45,3,10,5,1,7,9,8,20,1,12,118,1,21,121.5175509,25.0253807
114,10,27,12,02,01大同區,大同區延平北路3段68號,0,0,1,1,C03,7,6,5,50,14,9,1,5,4,5,13,4,4,5,4,4,1,13,1,69,2,9,5,1,7,9,1,10,2,11,108,1,22,121.5108888,25.0655482
114,10,27,12,12,01大同區,大同區民權西路與大龍街口,0,0,2,1,C03,7,6,5,50,4,2,1,5,4,5,13,4,4,9,4,5,2,13,1,24,2,9,5,1,7,9,1,10,1,11,16,1,21,121.5163326,25.063031
114,10,27,12,30,06松山區,松山區南京東路5段222號,0,0,1,1,C03,7,6,5,50,14,9,1,5,4,5,13,4,4,9,4,5,2,16,1,73,2,4,6,1,7,11,1,10,1,14,80,1,22,121.5654369,25.05110155
114,10,27,13,31,10文山區,文山區忠順街1段48巷與忠順街1段26巷3弄口口,0,0,1,1,B03,7,6,5,30,4,1,1,5,4,5,13,4,4,10,5,5,2,15,1,48,3,10,7,1,7,9,1,8,1,5,42,1,21,121.5601669,24.9836689
114,10,27,13,35,09北投區,北投區大業路262號,0,0,1,1,B02,8,7,5,50,14,9,1,5,4,5,13,2,1,3,4,5,2,16,2,23,3,10,7,1,7,8,1,8,1,6,100,1,22,121.4983911,25.1265269
114,10,27,13,50,05中正區,中正區市民大道3段2號旁迴轉道,0,0,1,1,B03,7,6,5,50,14,6,1,5,4,5,13,4,4,1,4,5,2,16,1,42,3,10,3,4,7,5,1,8,2,5,72,1,21,121.5307258,25.0454399
114,10,27,14,30,01大同區,大同區涼州街與民樂街口,0,0,1,1,B03,7,6,5,30,3,1,1,5,4,5,13,4,4,9,4,5,2,17,1,62,3,10,7,1,7,1,1,8,1,5,19,1,21,121.5104306,25.0605613
114,10,27,15,00,03中山區,中山區民生西路與民生西路3巷口,0,0,1,1,B03,7,7,5,50,3,2,1,5,4,5,13,4,4,10,5,5,1,9,2,50,3,10,7,1,7,6,1,8,2,5,9,1,21,121.5222999,25.05798705
114,10,27,15,20,08士林區,士林區中山北路6段與中山北路6段195巷口,0,0,1,1,B03,8,6,5,50,3,1,1,5,4,5,13,1,1,1,5,5,2,16,1,35,3,10,7,1,7,5,1,8,1,1,85,1,26,121.5250639,25.10789375
114,10,27,15,37,03中山區,中山區民生東路3段與復興北路口側附近口,0,0,1,1,A04,8,5,5,0,14,7,1,5,4,5,13,1,1,10,4,4,1,12,3,0,,,,,,,,,11,,,,,121.5343556,25.0580502
114,10,27,15,44,08士林區,士林區延平北路6段與延平北路6段199巷口,0,0,1,1,C03,8,6,5,50,3,2,1,5,4,5,13,4,4,8,3,5,1,16,1,42,2,9,5,1,7,4,1,10,2,12,108,1,21,121.5058233,25.0894478
114,10,27,16,08,10文山區,文山區羅斯福路6段與景福街口,0,0,2,1,B03,7,6,5,50,4,1,1,5,4,5,13,2,1,1,4,5,2,16,1,69,3,10,7,1,7,5,1,8,2,6,71,1,21,121.5408179,24.9932143
114,10,27,16,36,02萬華區,萬華區萬大路與華中橋口往新北市機車道,0,0,2,1,C03,8,7,5,40,14,11,1,5,4,5,13,4,4,1,3,5,2,13,1,23,2,7,5,1,7,9,1,10,1,11,16,1,22,121.4955002,25.0118283
114,10,27,16,38,04大安區,大安區忠孝東路4段248巷與忠孝東路4段216巷19弄口,0,0,1,1,C03,8,6,5,30,4,1,1,5,4,5,13,4,4,10,3,5,1,17,1,53,2,9,3,4,7,15,1,10,1,14,72,1,21,121.5544823,25.0404735
114,10,27,17,48,01大同區,大同區鄭州路與環河北路1段口,0,0,1,1,B03,6,5,5,40,4,2,1,4,4,5,13,2,1,1,4,5,2,12,1,28,3,10,7,1,7,8,1,8,1,5,100,1,21,121.5074699,25.0507078
114,10,27,18,00,07信義區,信義區信義路5段象山1號出口,0,0,1,1,C03,7,5,5,50,14,9,1,5,4,5,13,4,4,1,4,5,2,13,1,25,2,9,5,1,7,9,1,10,2,13,44,1,21,121.5689303,25.0329349
114,10,27,18,16,01大同區,大同區塔城街往南，北門站1號出口,0,0,1,1,C03,8,5,5,50,14,9,1,5,4,5,13,4,4,5,4,5,2,13,2,48,2,8,6,1,7,9,1,10,2,11,16,1,21,121.5101687,25.0490863
114,10,27,18,24,04大安區,大安區和平東路2段與建國南路2段口,0,0,1,1,F01,7,5,8,50,14,23,4,5,4,5,13,4,4,10,5,5,2,12,2,40,2,9,4,1,7,9,8,20,1,14,101,1,22,121.5375855,25.0258376
114,10,27,18,25,03中山區,中山區松江路223號,0,0,1,1,C04,7,5,5,50,14,9,1,5,4,5,13,4,4,3,4,5,2,13,2,43,2,8,6,1,7,7,1,10,1,11,42,1,21,121.533276,25.05864589
114,10,27,18,25,06松山區,松山區民權大橋西往東數來第一根燈桿(內湖往松山),0,0,2,1,C03,8,5,5,30,14,9,1,5,4,5,13,4,4,3,4,5,2,17,2,41,2,9,6,1,7,9,1,10,1,15,16,1,21,121.5667135,25.0634244