發生年度,發生月,發生日,發生時-Hours,發生分,區序,肇事地點,死亡人數,2-30日死亡人數,受傷人數,當事人序號,車種,天候,光線,道路類別,速限-速度限制,道路型態,事故位置,路面狀況1,路面狀況2,路面狀況3,道路障礙1,道路障礙2,號誌1,號誌2,車道劃分-分向,車道劃分-分道1,車道劃分-分道2,車道劃分-分道3,事故類型及型態,性別,年齡,受傷程度,主要傷處,保護裝置,行動電話,車輛用途,當事者行動狀態,駕駛資格情形,駕駛執照種類,飲酒情形,車輛撞擊部位1,肇因碼-個別,個人肇逃否,職業,座標-X,座標-Y
114,10,27,18,40,12內湖區,內湖區舊宗路1段與新湖二路口口,0,0,1,1,C03,7,5,5,50,14,9,1,5,4,5,13,4,4,1,4,5,2,17,2,54,2,9,6,1,7,9,1,10,2,15,44,1,21,121.5779493,25.0620602
114,10,27,18,46,10文山區,文山區羅斯福路6段與景華街口,0,0,2,1,C03,6,5,5,50,4,1,1,4,4,5,13,2,1,1,4,5,2,17,1,38,2,7,6,1,7,9,1,10,1,12,44,1,21,121.5412482,24.9948389
114,10,27,18,49,08士林區,士林區福港街276號,0,0,2,1,C03,7,5,5,50,14,9,1,5,4,5,13,4,4,9,5,5,1,9,1,20,2,8,5,1,7,9,1,10,1,11,13,1,21,121.517698,25.08320683
114,10,27,18,50,09北投區,北投區軟橋街與河美街口,0,0,1,1,B03,8,5,5,50,4,1,1,5,4,5,13,1,1,9,4,5,1,17,1,26,3,10,7,1,7,5,1,8,2,2,71,1,21,121.5128996,25.0990338
114,10,27,18,57,12內湖區,內湖區五分街與東湖路160巷口,0,0,1,1,B03,6,5,5,50,4,1,1,4,4,5,13,2,1,1,5,5,1,16,2,72,4,11,3,4,7,6,7,19,9,15,80,2,21,121.6172225,25.0671566
114,10,27,19,22,07信義區,信義區忠孝東路5段446號,0,0,1,1,C02,6,5,5,50,14,9,1,4,4,5,13,4,4,1,4,5,2,17,1,42,2,7,3,4,7,9,1,9,1,11,108,1,22,121.5763044,25.0407916
114,10,27,19,30,03中山區,中山區錦西街與天祥路口,0,0,2,1,C03,8,5,5,50,3,2,1,5,4,5,13,4,4,9,5,5,2,12,1,59,3,10,6,1,7,9,1,10,9,14,17,2,26,121.5210092,25.06031549
114,10,27,19,33,07信義區,信義區中坡北路35號,0,0,1,1,C03,6,5,5,50,14,9,1,4,4,5,13,2,1,1,4,5,2,17,1,48,2,8,3,4,7,7,1,10,1,14,80,1,21,121.580599,25.045692
114,10,27,20,10,04大安區,大安區和平東路1段與金山南路2段口,0,0,1,1,C03,6,5,5,50,3,2,1,4,4,5,13,2,1,1,4,4,2,13,2,62,2,9,3,4,7,9,3,18,1,11,108,1,22,121.5261382,25.026681
114,10,27,20,18,03中山區,中山區長春路與長春路258巷口,0,0,2,1,C03,6,5,6,50,4,1,1,4,4,5,13,1,1,9,4,5,2,16,2,23,2,9,6,4,7,6,1,10,1,12,9,1,21,121.5390042,25.05477974
114,10,27,20,30,08士林區,士林區通河東街1段105巷12號,0,0,2,1,C03,6,5,8,30,22,22,1,4,4,5,13,4,4,10,5,5,1,17,1,61,3,10,5,1,7,9,1,10,1,12,72,1,21,121.5167279,25.0851907
114,10,27,20,40,03中山區,中山區長安東路2段與吉林路口,0,0,1,1,B03,6,5,5,50,5,1,1,4,4,5,13,1,1,9,1,5,2,11,2,28,3,10,3,4,7,9,1,8,1,1,101,1,21,121.5298147,25.04855282
114,10,27,20,40,12內湖區,內湖區康寧路3段與康寧路3段16巷口口,0,0,1,1,C03,6,5,5,50,14,9,1,4,4,5,13,4,4,1,4,5,2,17,2,53,2,9,6,1,7,9,1,10,1,14,101,1,21,121.6070071,25.0727105
114,10,27,20,45,03中山區,中山區北安路587號,0,0,1,1,B03,6,5,5,50,14,9,1,4,4,5,13,4,4,1,5,5,2,12,2,54,3,10,7,1,7,8,1,8,1,2,100,1,21,121.5486294,25.0816398
114,10,27,20,50,05中正區,中正區博愛路與貴陽街1段口,0,0,1,1,C03,6,5,5,50,4,1,1,4,4,5,13,1,1,4,4,5,2,17,1,40,3,10,6,1,7,5,1,10,1,12,8,1,21,121.5111352,25.0389729
114,10,27,21,00,07信義區,信義區信義路5段與松智路口,0,0,1,1,C03,6,5,5,50,4,1,1,4,4,5,13,1,1,1,4,5,2,17,1,58,3,10,3,4,7,8,1,10,1,13,101,1,22,121.5655608,25.0329909
114,10,27,21,12,05中正區,中正區忠孝東路2段72號前,0,0,1,1,A02,6,5,5,50,14,9,1,4,4,5,13,1,1,1,4,5,2,13,1,58,3,10,3,1,7,9,1,2,2,1,108,1,21,121.5284062,25.0433774
114,10,27,21,17,08士林區,士林區中正路與福港街口,0,0,2,1,C02,7,5,5,50,3,1,1,5,4,5,13,2,1,5,5,5,1,17,1,48,2,8,5,1,7,5,1,9,1,11,8,1,21,121.5177585,25.09177023
114,10,27,21,38,08士林區,士林區通河西街2段與社中街458巷口,0,0,2,1,C03,8,5,5,50,3,2,1,5,4,5,13,4,4,10,4,5,1,17,2,56,2,9,6,1,7,9,1,10,1,11,108,1,21,121.5022265,25.09363827
114,10,27,21,59,02萬華區,萬華區永福街與康定路口,0,0,1,1,B01,6,6,5,50,4,2,1,4,4,5,13,2,1,5,4,5,1,17,1,42,3,10,3,4,7,5,1,4,1,17,42,1,22,121.501896,25.0389947
114,10,27,22,01,07信義區,信義區吳興街212號,0,0,1,1,C03,6,5,5,50,14,9,1,4,4,5,13,4,4,9,5,5,2,2,1,83,4,11,3,4,7,9,7,19,9,11,108,2,22,121.5629669,25.0278768
114,10,27,22,41,06松山區,松山區復興北路與長春路口,0,0,1,1,B01,6,5,5,50,4,1,1,4,4,5,13,2,1,2,4,5,2,17,1,48,3,10,7,1,7,5,1,4,2,2,71,1,21,121.5441901,25.0545209
114,10,27,22,51,07信義區,信義區虎林街120巷與永吉路180巷口,0,0,1,1,C03,6,5,5,30,4,1,1,4,4,5,13,4,4,10,5,5,2,16,1,61,2,8,5,4,7,5,1,10,2,12,72,1,21,121.5714444,25.0422543
114,10,27,23,12,02萬華區,萬華區中華路1段與南寧路口,0,0,1,1,C03,6,5,5,50,5,1,1,4,4,5,13,1,1,1,3,5,2,15,1,66,3,10,5,1,7,9,1,10,1,12,44,1,22,121.5101649,25.0474822
114,10,27,23,22,07信義區,信義區永吉路30巷與松隆路口,0,0,3,1,B03,6,5,5,50,4,1,1,4,4,5,13,2,1,3,4,5,2,16,1,26,2,9,3,4,7,5,1,8,2,2,71,1,21,121.5688222,25.0445115
114,10,27,23,50,04大安區,大安區通化街與通化街171巷口,0,0,2,1,C03,6,5,5,50,4,2,1,4,4,5,13,4,4,10,5,5,2,16,2,37,2,7,5,1,7,5,1,10,1,11,71,1,21,121.5536375,25.0280908
114,10,28,02,58,01大同區,大同區延平北路3段104號,1,0,0,1,B03,6,5,5,50,14,9,1,4,4,5,13,4,4,5,4,5,2,13,1,34,3,10,7,1,7,9,6,18,5,5,21,2,22,121.5109422,25.0664925
114,10,28,03,55,04大安區,大安區忠孝東路4段與延吉街口,0,0,1,1,B01,6,5,5,50,4,1,1,4,4,5,13,2,1,1,4,5,2,3,1,35,3,10,7,1,7,5,1,4,1,4,70,1,21,121.5543886,25.0414673
114,10,28,04,45,03中山區,中山區民族西路6號,0,0,2,1,C03,8,5,5,50,14,9,1,4,4,5,13,4,4,4,3,5,1,13,2,56,2,9,6,1,7,9,1,10,1,11,16,1,21,121.5218256,25.05791325
114,10,28,05,05,12內湖區,內湖區新明路193號,0,0,1,1,B12,6,5,5,40,14,8,1,4,4,5,13,4,4,5,5,4,2,16,1,56,3,10,7,1,7,11,1,8,2,5,10,1,21,121.5883001,25.058668
114,10,28,06,00,06松山區,松山區民權東路3段與敦化北路口,0,0,1,1,B03,6,6,5,50,4,1,1,4,4,5,13,1,1,1,4,5,2,16,1,68,3,10,7,1,7,6,1,8,1,2,9,1,22,121.5505094,25.06150088
114,10,28,06,40,06松山區,松山區市民大道4段與八德路3段8巷口,0,0,1,1,B03,6,7,5,40,3,1,1,4,4,5,13,4,4,1,4,5,2,16,1,59,3,10,7,1,7,6,1,8,1,5,72,1,21,121.5497745,25.044884
114,10,28,06,48,11南港區,南港區忠孝東路6段161號,0,0,1,1,B03,6,7,5,50,14,9,1,4,4,5,13,1,1,1,4,4,2,13,1,51,3,10,7,1,7,9,1,8,1,1,108,1,21,121.586764,25.0487583
114,10,28,06,55,08士林區,士林區中山北路5段與中正路口口,0,0,1,1,B03,6,6,5,40,14,9,1,4,4,5,13,2,1,1,5,1,2,16,2,53,3,10,7,1,7,6,1,8,1,5,9,1,21,121.5278989,25.09568788
114,10,28,07,42,12內湖區,內湖區成功路2段與石潭路口,0,0,1,1,B03,6,6,5,50,3,2,1,4,4,5,13,4,4,1,4,5,2,17,2,41,3,10,3,4,7,6,1,8,1,4,74,1,22,121.5909089,25.0631718
114,10,28,07,55,03中山區,中山區明水路417號對面,0,0,1,1,C03,6,6,5,50,14,9,1,4,4,5,13,4,4,1,4,5,2,12,1,38,2,8,6,1,7,9,1,10,1,11,107,1,22,121.5441329,25.07968076
114,10,28,07,55,12內湖區,內湖區舊宗路2段189號,0,0,1,1,C03,6,7,5,50,14,9,1,4,4,5,13,4,4,9,4,5,2,12,1,52,2,8,6,1,7,9,1,10,1,12,42,1,21,121.5743903,25.0718445
114,10,28,08,01,01大同區,大同區環河北路1段273號,0,0,1,1,B12,6,5,5,50,14,9,1,4,4,5,13,4,4,7,4,5,2,11,1,27,3,10,7,1,7,1,1,8,1,7,19,1,21,121.5085082,25.05834
114,10,28,08,06,08士林區,士林區基河路特力屋旁,0,0,1,1,B03,6,7,5,50,14,9,1,4,4,5,13,4,4,5,5,5,1,11,2,47,3,10,7,1,7,8,1,8,1,2,101,1,21,121.5208252,25.09234109
114,10,28,08,13,05中正區,中正區仁愛路1段1號,0,0,1,1,B03,6,6,5,50,14,9,1,4,4,5,13,4,4,1,4,5,2,17,2,45,3,10,7,1,7,9,1,8,2,5,108,1,22,121.5195752,25.0391763
114,10,28,08,21,03中山區,中山區北安路與北安路87巷口,0,0,1,1,C03,6,6,5,50,3,1,1,4,4,5,13,3,1,1,5,5,1,12,4,0,,,,,,,,,11,,119,2,,121.5303088,25.07801391
114,10,28,08,32,04大安區,大安區復興南路2段與復興南路2段78巷口,0,0,1,1,B02,6,6,5,50,4,1,1,4,4,5,13,2,1,1,4,5,1,16,1,52,4,11,3,4,7,5,7,19,11,15,42,2,21,121.543497,25.0311049
114,10,28,08,46,04大安區,大安區建國南路1段與濟南路3段口,0,0,1,1,B03,6,7,5,50,14,7,1,4,4,5,13,2,2,1,4,4,2,17,1,62,3,10,3,4,7,9,1,8,1,3,101,1,21,121.5380376,25.0400702
114,10,28,08,50,12內湖區,內湖區民權東路6段11巷與民權東路6段口,0,0,1,1,B03,6,7,5,50,4,2,1,4,4,5,13,2,1,1,4,5,2,12,1,35,3,10,7,1,7,8,1,8,1,5,101,1,21,121.5783189,25.0667901
114,10,28,08,58,10文山區,文山區景興路與景後街149巷口,0,0,1,1,C03,6,6,5,50,3,1,2,4,4,5,10,1,1,5,5,5,2,16,1,58,3,10,5,1,7,6,1,10,2,11,9,1,21,121.5428202,24.9900709
114,10,28,09,05,09北投區,北投區中央北路2段與稻香路口,0,0,1,1,B03,6,7,5,50,4,1,1,4,4,5,13,1,1,5,4,5,2,16,2,29,3,10,7,1,7,5,1,8,2,2,80,1,22,121.4912495,25.1385839
114,10,28,09,17,07信義區,信義區松智路7號,0,0,1,1,A02,6,5,5,50,14,9,1,4,4,5,13,4,4,5,4,5,2,17,1,59,3,10,7,1,7,8,1,2,1,17,42,1,22,121.5653424,25.0343943
114,10,28,09,27,09北投區,北投區承德路7段與吉利街口,0,0,1,1,B12,6,7,5,60,14,7,1,4,4,5,13,4,4,1,4,4,2,12,1,75,3,10,7,1,7,9,1,8,1,2,44,1,21,121.503576,25.117821
114,10,28,09,30,08士林區,士林區承德路4段南往北方向,0,0,1,1,C03,6,6,5,50,14,8,1,4,4,5,13,1,1,1,3,4,1,13,1,31,2,9,6,1,7,9,1,10,1,11,108,1,22,121.5169891,25.0907624
114,10,28,09,33,02萬華區,萬華區青年路與水源路口,0,0,1,1,B03,6,6,5,50,5,1,1,4,4,5,13,1,1,8,3,5,1,17,1,26,3,10,7,1,7,5,1,8,1,8,71,1,21,121.5043168,25.0198791
114,10,28,09,52,12內湖區,內湖區洲子街55號停車場出入口前,0,0,1,1,B03,6,7,5,30,14,9,1,4,4,5,13,4,4,9,5,5,2,16,1,28,3,10,7,1,7,6,1,8,2,2,9,1,21,121.5736994,25.0795604
114,10,28,10,24,08士林區,士林區仰德大道2段與仰德大道2段115巷口,0,0,2,1,B12,6,6,5,40,14,9,1,4,4,5,13,4,4,4,3,5,1,12,1,68,3,10,7,1,7,9,1,8,11,2,16,2,22,121.5459364,25.1080048
114,10,28,10,30,12內湖區,內湖區環東大道近麥帥一橋,0,0,1,1,A05,6,7,5,80,10,9,1,4,4,5,13,4,4,1,4,5,1,13,1,55,3,10,7,1,7,9,1,2,1,1,16,1,21,121.5756064,25.0541108
114,10,28,10,40,11南港區,南港區南港路2段與興華路口,0,0,1,1,A12,6,6,5,50,4,1,1,4,4,5,13,2,1,8,3,5,2,12,1,50,3,10,3,4,7,6,1,7,1,5,80,1,21,121.6061321,25.0543461
114,10,28,10,58,09北投區,北投區實踐街與實踐街82巷口,0,0,1,1,,6,5,5,30,4,2,1,4,4,5,13,4,4,9,4,5,1,17,4,0,,,,,7,21,8,20,11,15,119,2,,121.5107545,25.1152608
114,10,28,11,11,07信義區,信義區忠孝東路4段560號,0,0,1,1,B03,6,6,5,50,14,9,1,4,4,5,13,4,4,1,4,5,2,17,2,59,3,10,3,4,7,7,1,8,1,4,100,1,21,121.563884,25.0411165
114,10,28,11,20,03中山區,中山區一江街與松江路108巷口,0,0,1,1,B03,6,7,5,30,4,1,1,4,4,5,13,4,4,9,5,5,2,15,2,65,3,10,7,1,7,9,1,8,1,8,72,1,21,121.5315248,25.05147253
114,10,28,11,29,03中山區,中山區中山北路4段與新生高架道口,0,0,1,1,C03,6,6,5,50,4,1,1,4,4,5,13,1,1,1,4,5,2,15,1,27,2,9,6,1,7,9,1,10,1,11,81,1,21,121.5239144,25.07261805
114,10,28,11,35,08士林區,士林區天母西路與天母西路38巷口,0,0,2,1,C03,6,6,5,50,4,1,1,4,4,5,13,2,1,5,2,5,2,16,1,43,2,8,6,1,7,5,1,10,1,12,8,1,21,121.5260821,25.1184377
114,10,28,11,42,06松山區,松山區民權大橋東往西下橋第3燈桿,0,0,1,1,B02,8,6,5,50,14,9,1,4,4,5,13,4,4,8,3,5,2,12,1,41,3,10,7,1,7,8,1,8,1,5,100,1,21,121.5677662,25.0635731
114,10,28,11,47,09北投區,北投區公館路228巷與公館路334巷口,0,0,1,1,B03,6,7,5,30,4,1,1,4,4,5,13,4,4,10,5,5,2,15,2,27,3,10,7,1,7,9,1,8,2,4,72,1,22,121.5047511,25.1246406
114,10,28,11,56,02萬華區,萬華區堤外便道華中堤外(一)停車場（身障停車格前）,0,0,1,1,B12,6,6,5,40,14,9,1,4,4,5,13,4,4,10,5,5,1,16,1,59,3,10,3,4,7,5,1,8,1,4,8,1,21,121.4932522,25.0177905
114,10,28,12,08,03中山區,中山區中山北路2段183巷與雙城街2巷口,0,0,1,1,C03,6,6,5,30,4,1,1,4,4,5,13,4,4,10,5,5,2,15,2,57,2,8,6,1,7,9,1,10,1,12,72,1,21,121.5230934,25.06378268
114,10,28,12,25,04大安區,大安區延吉街70巷與延吉街口,0,0,2,1,H01,6,7,5,50,4,2,1,4,4,5,13,2,1,4,3,5,1,7,1,41,2,7,4,5,8,16,8,20,1,16,122,1,26,121.5541751,25.0425223
114,10,28,12,56,07信義區,信義區松德路23號,0,0,1,1,B01,8,6,5,30,22,12,1,4,4,5,13,4,4,5,5,5,2,12,1,54,3,10,7,1,7,7,1,4,1,8,100,1,21,121.5772942,25.0391077
114,10,28,13,30,10文山區,(景美街199號),0,0,1,1,C03,6,6,5,50,3,2,1,4,4,5,13,4,4,5,5,5,2,13,2,18,2,8,6,1,7,9,1,10,1,11,16,1,21,121.5417765,24.9882813
114,10,28,14,49,05中正區,中正區忠孝西路1段臺北車站忠孝站,0,0,1,1,A02,6,6,5,50,14,10,1,4,4,5,13,4,4,10,4,5,1,9,1,57,3,10,7,1,7,1,1,2,1,1,42,1,21,121.5138502,25.0473742
114,10,28,15,03,04大安區,大安區敦化南路2段19號,0,0,1,1,B01,6,7,5,50,14,9,1,4,4,5,13,4,4,10,5,5,2,9,1,26,3,10,7,1,7,14,1,4,1,6,40,1,21,121.548942,25.0325769
114,10,28,15,55,03中山區,中山區中山北路3段與民權西路口,0,0,1,1,C03,8,6,5,50,4,1,1,5,4,5,13,1,1,1,4,5,2,12,1,33,3,10,5,1,7,9,1,10,11,11,17,1,21,121.5224384,25.0630047
114,10,28,16,45,06松山區,松山區南京東路3段338巷與敦化北路60巷口,0,0,1,1,F01,6,6,5,30,4,2,1,4,4,5,13,4,4,10,5,5,2,17,1,74,2,9,4,4,7,5,8,20,1,12,72,1,22,121.5474967,25.0509297
114,10,28,16,49,02萬華區,萬華區西園路2段與西藏路口,0,0,1,1,B03,6,5,5,50,4,1,1,4,4,5,13,2,1,1,4,5,2,16,1,51,3,10,3,4,7,5,1,8,1,6,71,1,22,121.4956732,25.0286772
114,10,28,17,13,04大安區,大安區忠孝東路4段100號前,0,0,1,1,C03,6,5,5,50,14,9,1,4,4,5,13,4,4,8,3,5,1,17,1,21,2,9,5,1,7,12,1,10,1,11,42,1,26,121.546457,25.0414857
114,10,28,17,13,12內湖區,內湖區內湖路3段329巷與內湖路3段口,0,0,1,1,B03,6,7,5,30,4,2,1,4,4,5,13,4,4,9,4,5,2,2,2,42,3,10,7,1,7,9,1,8,2,1,108,1,21,121.5854411,25.0889106
114,10,28,17,20,03中山區,中山區民權東路2段23號,0,0,1,1,F01,7,5,5,0,14,23,1,4,4,5,13,4,4,1,5,5,1,12,1,13,2,9,3,4,7,9,8,20,1,12,42,1,21,121.5291926,25.06274611
114,10,28,17,23,10文山區,文山區木柵路1段與和興路口,0,0,1,1,B03,6,5,5,50,4,1,2,4,4,5,13,2,1,10,5,5,2,17,1,81,3,10,3,1,7,5,1,8,1,1,71,1,21,121.5459861,24.9866808
114,10,28,17,25,01大同區,大同區延平北路2段與保安街口,0,0,1,1,C03,8,5,5,50,3,1,1,5,4,5,13,1,1,5,4,5,2,16,2,35,2,9,6,1,7,4,1,10,9,12,101,1,21,121.5114299,25.0590621
114,10,28,17,34,04大安區,大安區辛亥路1段130號,0,0,1,1,B03,6,5,5,50,14,9,1,4,4,5,13,4,4,10,4,5,2,16,1,42,3,10,7,1,7,8,1,8,1,5,100,1,21,121.5335637,25.0221971
114,10,28,18,07,04大安區,大安區杭州南路2段25巷1號,0,0,1,1,C03,6,5,5,30,14,9,1,4,4,5,13,4,4,10,5,5,2,17,2,51,2,8,6,4,7,9,1,10,11,11,108,1,21,121.524046,25.0336457
114,10,28,18,07,12內湖區,內湖區民權東路6段與民權東路6段136巷口,0,0,1,1,C03,6,5,5,50,4,2,1,4,4,5,13,2,1,1,3,5,2,17,1,41,3,10,5,1,7,7,1,10,11,17,44,1,21,121.5875873,25.0690204
114,10,28,18,41,05中正區,中正區三元街與和平西路2段16巷口,0,0,2,1,C03,7,5,5,30,3,1,1,4,4,5,10,4,4,3,4,5,2,17,1,23,2,8,5,1,7,6,1,10,1,14,80,1,21,121.5134205,25.0276202
114,10,28,18,45,04大安區,大安區和平東路1段162號,0,0,1,1,B03,6,5,5,50,14,9,1,4,4,5,13,2,1,1,4,4,2,16,2,66,3,10,7,1,7,11,1,8,1,2,10,1,22,121.5279814,25.0266539
114,10,28,19,10,12內湖區,內湖區行善路與新湖二路口口,0,0,1,1,C03,6,5,5,40,14,8,1,4,4,5,13,4,4,1,4,4,2,17,1,29,2,9,5,1,7,9,1,10,1,14,116,1,21,121.5854697,25.0645762
114,10,28,19,19,04大安區,大安區敦化南路2段與安和路2段171巷口,0,0,2,1,B01,6,5,5,40,4,1,1,4,4,5,13,2,1,10,5,5,2,15,1,74,2,8,3,4,7,9,1,8,1,1,85,1,21,121.5488116,25.0281134
114,10,28,19,35,05中正區,中正區青島東路與鎮江街口,0,0,2,1,B03,7,5,5,50,4,1,1,5,4,5,13,1,1,4,4,5,2,13,1,53,3,10,7,1,7,5,1,8,1,1,108,1,21,121.5213118,25.0440146
114,10,28,19,40,06松山區,松山區民生東路5段與民生東路5段36巷口,0,0,1,1,C03,6,5,5,50,3,18,1,4,4,5,13,1,1,1,4,5,2,3,2,36,3,10,6,1,7,5,1,10,2,15,70,1,22,121.5569751,25.05842512
114,10,28,19,49,07信義區,信義區嘉興街151號,0,0,1,1,C03,6,5,5,20,14,9,1,4,4,5,13,4,4,10,5,5,2,18,1,25,2,8,6,1,7,9,1,10,1,17,42,1,21,121.5573015,25.0282735
114,10,28,20,42,09北投區,北投區東華街2段與立農街2段202巷口,0,0,1,1,C03,8,5,5,50,4,1,1,5,4,5,13,2,1,10,4,5,2,16,1,43,2,9,6,1,7,5,1,10,1,14,8,1,22,121.5135097,25.1177792
114,10,28,20,45,04大安區,大安區敦化南路1段306號,0,0,2,1,C03,6,6,5,50,14,9,1,4,4,5,13,4,4,1,4,5,2,12,1,40,2,8,6,1,7,8,1,10,1,12,100,1,21,121.5485588,25.0359075
114,10,28,21,37,08士林區,士林區延平北路5段與中正路口,0,0,1,1,C03,7,5,5,50,4,2,1,5,4,5,13,1,1,10,4,5,1,17,1,59,4,11,3,1,7,21,7,19,11,15,119,2,22,121.5096147,25.0865228
114,10,28,21,45,12內湖區,內湖區新明路與新明路321巷口,0,0,1,1,B03,6,5,5,50,3,1,1,4,4,5,13,2,1,5,4,5,1,16,2,26,3,10,7,1,7,6,1,8,1,2,9,1,21,121.584442,25.0568546
114,10,28,22,07,02萬華區,萬華區西寧南路46號,0,0,1,1,C03,7,5,5,50,14,9,1,4,4,5,13,4,4,10,4,5,2,12,2,20,2,9,6,1,7,9,1,10,1,11,108,1,21,121.5064136,25.0444764
114,10,28,22,10,04大安區,大安區安東街32號,0,0,1,1,C03,6,5,5,30,14,9,1,4,4,5,13,4,4,10,5,5,2,12,1,28,4,11,5,4,7,21,7,19,11,15,17,2,22,121.5426004,25.0440305
114,10,28,22,20,05中正區,中正區福和橋東向西機車專用道上橋處,0,0,4,1,C03,7,5,5,50,14,11,1,4,4,5,13,4,4,3,4,4,1,17,1,19,3,10,5,1,7,9,1,10,1,14,42,1,21,121.5296934,25.0105431
114,10,28,23,47,05中正區,中正區中山南路與仁愛路1段口,0,0,1,1,B01,6,5,5,50,4,2,1,4,4,5,13,2,1,1,4,5,2,12,1,74,3,10,3,4,7,9,6,18,11,2,101,2,21,121.5179407,25.0394953
114,10,28,23,58,06松山區,松山區南京東路5段212號,0,0,1,1,B03,6,5,5,50,14,9,1,4,4,5,13,2,1,3,4,5,2,13,1,22,3,10,3,4,7,9,1,8,2,1,108,1,22,121.5651329,25.0513234
114,10,29,00,05,03中山區,中山區林森北路與錦州街口,0,0,1,1,B01,8,5,5,50,4,1,1,5,4,5,13,4,4,9,4,5,2,17,2,43,3,10,7,1,7,1,1,4,1,4,108,1,21,121.5256099,25.0601387
114,10,29,06,16,07信義區,信義區和平東路3段311號,0,0,1,1,C03,7,6,5,50,14,9,1,4,4,5,13,2,1,1,4,5,2,17,1,48,2,9,5,1,7,9,1,10,4,12,16,1,21,121.5557586,25.0214031
114,10,29,07,24,01大同區,大同區錦西街51號,0,0,2,1,C03,8,6,5,50,14,9,1,5,4,5,13,4,4,5,5,5,2,16,2,39,2,9,6,1,7,1,1,10,2,11,19,1,21,121.5164804,25.0599639
114,10,29,07,24,06松山區,松山區南京東路3段與南京東路3段303巷口,0,0,1,1,B03,8,5,5,40,4,2,1,5,4,5,13,1,1,1,4,4,2,17,1,49,4,11,3,4,7,7,1,3,11,15,80,2,21,121.5468503,25.051843
114,10,29,07,40,08士林區,士林區雨聲街與雨聲街42巷口,0,0,1,1,B03,7,6,5,30,3,1,1,4,4,5,13,4,4,9,5,5,2,16,1,21,3,10,7,1,7,6,1,8,1,5,9,1,21,121.5289421,25.1022959
114,10,29,07,40,10文山區,文山區景華街22巷與景美街5巷口,0,0,1,1,H01,8,6,5,30,3,1,1,5,4,5,10,4,4,10,5,5,2,3,2,37,2,8,4,5,8,16,8,20,10,16,121,1,21,121.5423637,24.99304881
114,10,29,07,48,11南港區,南港區研究院路2段61巷與舊莊街1段3巷1弄口,0,0,1,1,B03,7,7,5,30,3,1,1,4,4,5,13,4,4,5,4,5,2,17,1,40,3,10,7,1,7,6,1,8,2,17,72,1,21,121.6174541,25.0445861
114,10,29,07,50,10文山區,文山區木柵路1段110號,0,0,1,1,B01,7,6,5,50,14,9,1,5,4,5,13,1,1,5,4,5,2,13,2,54,3,10,7,1,7,9,1,4,1,1,108,1,21,121.55102,24.9875818
114,10,29,08,20,10文山區,文山區辛亥路4段與興德路66巷口口,0,0,2,1,C03,7,6,5,50,3,2,1,5,4,5,13,2,1,1,4,5,2,13,1,26,2,7,6,1,7,9,1,10,1,11,16,1,21,121.5568421,25.0044224
114,10,29,08,23,10文山區,文山區老泉街45巷與老泉街45巷口1號自強宿舍出入,0,0,1,1,C03,7,5,5,0,5,1,1,5,4,5,13,4,4,10,5,5,2,15,1,24,2,9,6,1,7,1,1,10,2,11,19,1,25,121.5678517,24.9796427
114,10,29,08,47,01大同區,大同區南京西路30號,0,0,1,1,A02,7,6,5,40,14,9,1,5,4,5,13,4,4,1,5,4,2,12,1,64,3,10,7,1,7,7,1,2,2,4,100,1,21,121.5199621,25.0527187
114,10,29,08,51,11南港區,南港區市民大道8段與中南街口,0,0,1,1,C03,7,6,5,50,4,1,1,5,4,5,13,2,1,3,4,5,2,16,1,28,2,8,6,1,7,5,1,10,2,12,71,1,21,121.6152338,25.0543887
114,10,29,09,17,08士林區,士林區磺溪街88巷與克強路15巷口,0,0,1,1,C03,6,6,5,30,3,1,1,4,4,5,13,4,4,10,5,5,2,16,1,39,3,10,6,1,7,5,1,10,1,11,74,1,21,121.5241152,25.1085788
114,10,29,09,34,04大安區,大安區泰順街與泰順街16巷口,0,0,1,1,C03,7,6,5,30,4,1,1,5,4,5,10,4,4,9,5,5,2,15,1,60,2,8,6,1,7,9,1,10,1,14,72,1,21,121.5315123,25.0254083
114,10,29,09,45,08士林區,士林區中山北路5段(劍潭捷運站1號出口),0,0,2,1,C03,7,7,5,50,14,9,1,5,4,5,13,4,4,1,5,5,2,13,1,28,2,8,6,1,7,9,1,10,1,11,16,1,21,121.525461,25.08553737
114,10,29,10,44,05中正區,中正區貴陽街1段與博愛路口,0,0,1,1,B03,8,7,5,50,5,1,1,5,4,5,13,2,1,5,4,5,2,16,1,48,3,10,7,1,7,6,1,8,2,5,9,1,21,121.5112797,25.0389793
114,10,29,10,57,07信義區,信義區吳興街225巷與莊敬路口,0,0,2,1,C03,8,6,5,50,4,1,1,5,4,5,13,1,1,5,5,5,2,16,1,45,2,8,6,1,7,6,1,10,2,12,9,1,22,121.5638978,25.0281561
114,10,29,11,06,07信義區,信義區和平東路3段與和平東路3段627巷口,0,0,2,1,C03,8,6,5,40,4,1,1,5,4,5,13,3,1,5,5,5,2,16,2,70,2,9,3,4,7,5,1,10,2,11,71,1,22,121.5631592,25.0133163
114,10,29,11,30,05中正區,中正區濟南路1段與紹興南街口,0,0,1,1,B03,7,6,5,50,4,1,1,5,4,5,13,1,1,10,5,4,2,16,1,74,3,10,7,4,7,5,1,8,1,8,8,1,22,121.526535,25.04145813