發生年度,發生月,發生日,發生時-Hours,發生分,區序,肇事地點,死亡人數,2-30日死亡人數,受傷人數,當事人序號,車種,天候,光線,道路類別,速限-速度限制,道路型態,事故位置,路面狀況1,路面狀況2,路面狀況3,道路障礙1,道路障礙2,號誌1,號誌2,車道劃分-分向,車道劃分-分道1,車道劃分-分道2,車道劃分-分道3,事故類型及型態,性別,年齡,受傷程度,主要傷處,保護裝置,行動電話,車輛用途,當事者行動狀態,駕駛資格情形,駕駛執照種類,飲酒情形,車輛撞擊部位1,肇因碼-個別,個人肇逃否,職業,座標-X,座標-Y
114,10,29,11,43,05中正區,中正區連雲街與新生南路1段132巷口,0,0,1,1,F01,8,6,5,30,4,1,1,5,4,5,13,4,4,10,5,5,2,17,1,66,3,10,4,1,7,9,8,20,9,17,89,1,21,121.5319304,25.0370055
114,10,29,11,49,05中正區,中正區南海路與重慶南路2段口,0,0,1,1,C03,8,6,5,50,4,1,1,5,4,5,13,1,1,10,4,5,2,17,1,55,3,10,5,1,7,5,1,9,2,14,17,1,21,121.5143768,25.0318351
114,10,29,12,16,07信義區,信義區松智路與信義路5段口,0,0,1,1,B12,8,6,5,50,3,1,1,5,4,5,13,4,4,5,4,5,2,17,1,64,2,1,3,4,7,1,1,8,2,4,19,1,22,121.5652546,25.0326579
114,10,29,12,32,03中山區,中山區林森北路與新生北路3段56巷口,0,0,3,1,C03,7,7,5,50,5,1,1,5,4,5,13,4,4,5,5,5,2,3,2,46,2,9,5,1,7,9,1,8,1,11,70,1,22,121.5257146,25.0654486
114,10,29,12,35,04大安區,大安區忠孝東路4段與建國南路1段口,0,0,1,1,C03,7,6,5,50,4,2,1,5,4,5,13,2,1,1,4,5,2,12,1,64,2,9,5,1,7,9,1,10,2,13,118,1,21,121.5374596,25.0415247
114,10,29,12,44,12內湖區,內湖區康寧路3段16巷與康寧路3段口,0,0,1,1,B12,7,7,5,50,4,1,1,4,4,5,13,1,1,9,4,5,2,16,1,32,3,10,7,1,7,5,1,8,2,2,71,1,21,121.6100297,25.071225
114,10,29,12,48,05中正區,中正區中山北路1段與市民大道2段口,0,0,1,1,C03,7,6,5,50,4,1,1,5,4,5,13,1,1,10,4,5,2,16,1,63,3,10,6,4,7,15,1,10,2,13,42,1,22,121.5206142,25.0484898
114,10,29,12,48,06松山區,松山區民權東路4段東往西第0203195號燈桿前,0,0,3,1,C03,7,6,5,50,14,9,1,5,4,5,13,4,4,1,4,5,2,9,1,37,2,9,5,4,7,9,1,10,2,12,108,1,21,121.5540884,25.06196291
114,10,29,13,21,11南港區,南港區南港路1段209號市民大道側,0,0,1,1,C03,8,6,5,50,14,9,1,5,4,5,13,4,4,9,5,5,2,13,1,24,2,7,5,1,7,9,1,10,1,11,16,1,22,121.6108205,25.0538153
114,10,29,13,40,03中山區,中山區長安西路3號,0,0,1,1,B03,7,7,5,50,14,9,1,5,4,5,13,4,4,9,5,5,2,16,2,48,3,10,7,1,7,11,1,8,1,8,10,1,21,121.5211447,25.0499642
114,10,29,14,26,09北投區,北投區承德路7段與無名巷口,0,0,1,1,C03,7,6,5,40,3,2,1,5,4,5,13,4,4,1,4,4,2,16,2,48,2,9,5,1,7,1,1,10,1,11,19,1,21,121.5066392,25.1146333
114,10,29,14,55,01大同區,大同區鄭州路與延平北路1段口,0,0,1,1,B03,8,6,5,40,4,2,1,5,4,5,13,1,1,1,4,5,2,17,1,46,3,10,3,4,7,6,1,8,2,1,9,1,21,121.5119979,25.04999744
114,10,29,14,55,08士林區,士林區延平北路9段（海科大後門）,0,0,1,1,C03,8,6,5,40,14,9,1,5,4,5,13,4,4,10,5,5,1,12,1,20,2,9,3,4,7,1,1,10,1,12,19,1,22,121.4711596,25.1094439
114,10,29,15,42,02萬華區,萬華區萬大路504號,0,0,1,1,F01,7,7,5,50,14,9,1,5,4,5,13,4,4,1,4,5,2,12,2,86,2,7,3,4,7,15,8,20,1,11,116,1,22,121.4972023,25.0193365
114,10,29,16,05,07信義區,信義區莊敬路374號,0,0,3,1,C04,7,7,5,50,14,9,1,5,4,5,13,4,4,5,5,5,2,18,2,39,2,9,3,4,7,9,1,8,1,12,42,1,21,121.5648736,25.0276445
114,10,29,16,20,03中山區,中山區明水路526巷與樂群二路30巷口,0,0,1,1,B01,8,7,5,30,4,1,1,5,4,5,13,2,1,5,2,5,2,17,1,49,3,10,7,1,7,9,1,4,1,4,16,1,21,121.5443877,25.0795026
114,10,29,16,25,09北投區,北投區承德路6段與無名巷口口,0,0,1,1,B03,7,6,5,60,3,1,1,5,4,5,13,4,4,1,4,4,2,16,1,44,3,10,7,1,7,6,1,8,1,2,9,1,21,121.5122976,25.1033623
114,10,29,16,25,12內湖區,內湖區南京東路6段與南京東路6段368巷口,0,0,1,1,B03,8,5,5,50,3,1,1,5,4,5,13,2,1,1,4,5,2,15,1,67,3,10,3,4,7,9,1,8,1,1,14,1,22,121.5861794,25.059825
114,10,29,16,57,01大同區,大同區南京西路與承德路1段口,0,0,2,1,C03,7,5,5,50,4,2,1,5,4,5,13,2,1,1,3,5,1,16,1,48,2,9,6,4,7,5,1,10,1,11,8,1,21,121.5175592,25.0532534
114,10,29,17,02,08士林區,士林區中正路620號,0,0,1,1,B03,8,5,5,50,14,9,1,5,4,5,13,4,4,1,4,5,1,12,1,44,3,10,3,4,7,7,1,8,1,8,100,1,21,121.5089518,25.0867854
114,10,29,17,14,10文山區,文山區景美街與景文街口口,0,0,2,1,C03,8,5,5,50,5,1,1,5,4,5,13,2,1,5,5,5,2,15,2,18,2,8,6,1,7,9,1,10,2,11,81,1,21,121.5407922,24.9884199
114,10,29,17,24,05中正區,中正區愛國西路小南門捷運站2號出口前,0,0,1,1,C03,8,5,5,50,14,9,1,5,4,5,13,4,4,1,4,5,2,13,1,33,3,10,5,1,7,9,1,10,1,14,16,1,22,121.5098169,25.0358425
114,10,29,17,25,06松山區,松山區八德路4段與松山路口,0,0,1,1,F01,8,5,5,0,4,2,1,5,4,5,13,2,1,1,3,5,2,9,2,72,3,10,3,4,7,14,8,20,2,15,44,1,22,121.5776797,25.0498563
114,10,29,17,31,07信義區,信義區永吉路與永吉路30巷口,0,0,2,1,C03,8,5,5,50,3,2,1,5,4,5,13,1,1,1,4,5,2,16,1,26,2,7,6,1,7,6,1,10,1,12,9,1,21,121.5687792,25.0455881
114,10,29,17,35,09北投區,北投區中和街12號,0,0,1,1,B03,8,5,5,50,14,9,1,5,4,5,13,4,4,9,4,5,2,3,1,44,3,10,3,4,7,9,1,8,2,5,70,1,21,121.5032398,25.1375705
114,10,29,17,45,12內湖區,內湖區成美橋北往南(7010386路燈附近),0,0,1,1,C04,7,5,5,50,8,9,1,4,4,5,13,4,4,5,4,5,2,17,2,45,3,10,5,1,7,14,1,8,2,17,42,1,21,121.5825263,25.05468716
114,10,29,17,46,03中山區,中山區市民大道3段與安東街口迴轉道,0,0,1,1,C03,7,5,5,40,11,6,1,5,4,5,13,4,4,1,5,5,1,17,2,39,2,9,3,4,7,5,1,10,1,12,80,1,21,121.541149,25.0446321
114,10,29,18,12,04大安區,大安區仁愛路4段與敦化南路1段口,0,0,1,1,C03,8,5,5,50,4,1,1,5,4,5,13,1,1,9,4,5,1,16,2,57,2,2,3,4,7,6,1,10,1,14,80,1,21,121.5485848,25.0369737
114,10,29,18,40,03中山區,中山區南京東路3段65號,0,0,1,1,B03,8,5,5,50,14,7,1,5,4,5,13,4,4,1,4,4,2,13,1,37,3,10,7,1,7,9,1,8,1,1,108,1,21,121.5403499,25.0519879
114,10,29,18,40,07信義區,信義區基隆路汽機車混合地下道往北,0,0,2,1,C03,8,5,5,30,7,11,1,5,4,5,13,4,4,7,4,5,2,13,1,23,2,8,6,1,7,9,1,10,2,11,16,1,22,121.5624154,25.0372768
114,10,29,19,10,02萬華區,萬華區西園路1段40-1號,0,0,1,1,B01,7,5,5,50,14,9,1,5,4,5,13,4,4,9,5,5,2,12,1,71,3,10,7,1,7,9,3,18,1,2,17,1,21,121.4998867,25.0404288
114,10,29,19,44,02萬華區,萬華區忠孝西路2段與忠孝西路2段16巷口,0,0,1,1,B03,8,5,5,50,3,1,1,5,4,5,13,4,4,9,4,5,2,17,1,58,3,10,7,4,7,6,1,8,1,5,74,1,21,121.5085722,25.04829508
114,10,29,19,51,04大安區,大安區基隆路2段172號,0,0,2,1,C03,7,5,5,50,14,9,1,5,4,5,13,4,4,1,4,5,1,17,1,18,2,9,5,1,7,7,1,10,1,14,100,1,21,121.5546149,25.0262861
114,10,29,21,00,12內湖區,內湖區民權東路6段190巷與民權東路6段190巷61弄口,0,0,1,1,B03,8,5,5,30,4,1,1,5,4,5,13,4,4,9,5,5,2,15,1,38,3,10,3,4,7,9,1,8,2,1,72,1,21,121.5943018,25.0663744
114,10,29,21,17,02萬華區,萬華區中華路2段與中華路2段130巷口,0,0,2,1,C03,7,5,5,50,3,2,1,5,4,5,13,4,4,5,4,5,2,12,1,38,3,10,6,1,7,9,1,10,1,12,33,1,21,121.5041035,25.0308623
114,10,29,21,37,01大同區,大同區承德路2段與民權西路口,0,0,2,1,C03,8,5,5,50,5,1,1,5,4,5,13,2,1,1,4,5,2,13,1,36,2,9,6,1,7,9,1,10,2,11,16,1,21,121.518209,25.06283676
114,10,29,22,09,03中山區,中山區林森北路與中山北路2段59巷口,0,0,1,1,C03,8,5,5,50,4,2,1,5,4,5,13,4,4,9,5,5,2,1,2,32,3,10,6,1,7,9,1,10,2,11,42,1,26,121.5254543,25.05579751
114,10,29,22,43,03中山區,中山區中山北路2段137巷與民權東路1段12巷口,0,0,2,1,C03,8,5,5,30,4,1,1,5,4,5,13,4,4,10,5,5,2,15,1,17,2,8,5,1,7,9,2,18,1,14,72,1,21,121.5232401,25.0617885
114,10,29,22,43,06松山區,松山區八德路4段245巷與八德路4段181巷17弄口,0,0,2,1,C03,8,5,5,30,4,1,1,5,4,5,13,4,4,10,5,5,2,15,1,41,2,9,5,1,7,9,1,10,1,12,14,1,22,121.5646924,25.0494856
114,10,30,07,21,07信義區,信義區吳興街與吳興街350巷口,0,0,1,1,C03,8,7,5,30,4,1,1,5,4,5,13,4,4,10,5,5,2,17,2,55,2,9,5,1,7,9,1,10,9,14,80,1,21,121.5664508,25.0257659
114,10,30,07,40,01大同區,大同區鄭州路與塔城街附近側附近口,0,0,1,1,C03,8,6,5,40,4,2,1,5,4,5,13,4,4,1,4,5,2,13,1,24,2,9,6,1,7,8,1,10,2,14,108,1,21,121.5108882,25.0500039
114,10,30,07,57,01大同區,大同區民權西路與民權西路口往東（中油加油站入口）,0,0,2,1,C03,8,6,5,50,5,2,1,5,4,5,13,4,4,1,5,5,2,16,1,51,2,9,6,1,7,6,1,10,1,11,101,1,21,121.5140354,25.0628733
114,10,30,08,04,08士林區,士林區葫蘆街與葫蘆街29巷口,0,0,1,1,C03,8,6,5,30,4,1,1,5,4,5,10,4,4,10,5,5,2,15,2,74,2,9,5,1,7,9,1,10,1,11,72,1,21,121.5098568,25.0800461
114,10,30,08,10,01大同區,大同區民族西路與民族西路32巷口,0,0,2,1,B03,8,6,5,50,4,1,1,5,4,5,13,1,1,5,4,5,2,16,2,47,3,10,7,1,7,5,1,8,2,2,74,1,21,121.5195325,25.0684512
114,10,30,08,12,07信義區,信義區光復南路與基隆路1段380巷口,0,0,2,1,F01,8,6,5,50,3,1,1,5,4,5,13,3,1,6,4,5,2,15,1,59,2,8,4,1,7,9,8,20,1,11,99,1,21,121.557529,25.0342477
114,10,30,09,02,07信義區,信義區吳興街220巷與吳興街220巷37弄口,0,0,1,1,C03,8,6,5,50,3,1,1,5,4,5,13,1,1,9,4,4,2,12,2,24,2,9,6,1,7,15,1,10,1,14,101,1,21,121.5623037,25.027029
114,10,30,09,13,12內湖區,內湖區成功路4段324巷1弄7號,0,0,1,1,B12,7,6,5,30,14,9,1,4,4,5,13,4,4,10,5,5,2,9,1,35,3,10,7,1,7,2,1,8,2,3,12,1,21,121.5989854,25.0856265
114,10,30,09,23,12內湖區,內湖區潭美街與成功路附近側附近2段口,0,0,1,1,B12,8,6,5,50,3,1,1,5,4,5,13,2,1,4,5,5,2,16,1,45,3,10,7,1,7,6,1,8,1,5,71,1,21,121.5917254,25.0601161
114,10,30,09,34,05中正區,中正區青島東路(西往東鎮江至中山）,0,0,2,1,B03,8,6,5,50,14,7,1,5,4,5,13,4,4,7,5,4,2,16,1,54,3,10,7,1,7,11,1,8,1,4,44,1,21,121.520212,25.044293
114,10,30,09,49,01大同區,大同區承德路3段與承德路3段301巷口,0,0,3,1,B03,8,6,5,30,3,2,1,5,4,5,13,4,4,10,5,5,2,17,1,46,3,10,7,1,7,9,1,8,6,5,42,1,21,121.5205638,25.0759626
114,10,30,10,00,03中山區,中山區劍南路與劍南路口側附近336巷口,0,0,1,1,C02,8,7,8,30,11,9,1,5,4,5,13,4,4,10,5,5,1,10,1,29,2,9,6,1,7,9,1,9,1,11,44,1,22,121.5523171,25.0895693
114,10,30,10,18,05中正區,中正區市民大道2段與金山北路口,0,0,1,1,C04,8,6,5,40,14,9,1,5,4,5,13,4,4,9,4,5,2,17,2,36,2,9,5,1,7,8,1,10,2,14,42,1,21,121.5297983,25.04618725
114,10,30,10,25,09北投區,北投區承德路7段389號,0,0,1,1,B02,8,6,5,60,14,8,1,5,4,5,13,4,4,1,4,1,2,16,1,38,3,10,7,1,7,6,1,8,1,5,9,1,21,121.5015377,25.1192657
114,10,30,10,30,03中山區,中山區堤頂大道2段與基湖路口,0,0,1,1,C03,7,6,5,50,14,7,1,5,4,5,13,2,1,1,5,1,1,12,1,44,2,9,3,4,7,7,1,10,1,14,101,1,21,121.564603,25.07852847
114,10,30,10,35,08士林區,士林區中正路與士商路口口,0,0,1,1,B03,8,7,5,50,14,9,1,5,4,5,13,2,1,8,3,5,2,12,1,55,3,10,3,4,7,8,1,8,1,2,95,1,22,121.5184708,25.0921997
114,10,30,10,39,10文山區,文山區試院路82號,0,0,2,1,C03,8,6,5,30,11,9,1,5,4,5,13,4,4,9,5,5,2,17,1,29,2,8,3,4,7,11,1,10,1,11,10,1,22,121.548877,24.98974181
114,10,30,11,00,03中山區,中山區市民大道2段與新生北路1段62巷口,0,0,1,1,B12,7,7,5,50,4,1,1,5,4,5,13,1,1,1,4,5,2,16,1,59,3,10,7,1,7,6,1,8,1,5,9,1,22,121.530617,25.0460974
114,10,30,11,19,04大安區,大安區潮州街55巷與杭州南路2段61巷口,0,0,1,1,F01,8,5,5,30,4,2,1,5,4,5,13,4,4,10,5,5,2,17,2,67,2,9,3,4,7,6,8,20,1,11,44,1,22,121.5242161,25.0300802
114,10,30,11,36,03中山區,中山區大直橋與北安路口,0,0,1,1,C04,7,6,5,50,4,1,1,5,4,5,13,2,1,1,5,5,1,12,2,55,2,8,3,4,7,7,1,10,1,14,100,1,21,121.544491,25.07988731
114,10,30,12,00,05中正區,中正區汀州路1段254號,0,0,2,1,F01,8,5,5,50,22,9,1,5,4,5,13,4,4,8,3,5,2,12,1,72,2,9,4,1,7,5,8,20,9,14,8,2,21,121.5106133,25.0272117
114,10,30,12,16,05中正區,中正區汀州路3段196號,0,0,2,1,C03,8,6,5,50,14,9,1,5,4,5,13,4,4,5,2,5,2,12,1,21,2,9,5,1,7,9,1,10,2,12,108,1,25,121.5355125,25.0121589
114,10,30,12,18,07信義區,信義區福德街232巷16弄與中坡南路口,0,0,1,1,F01,8,6,5,30,5,1,1,5,4,5,13,1,1,5,4,4,2,15,2,69,2,8,4,4,7,9,8,20,2,11,80,1,22,121.5846054,25.0397058
114,10,30,12,20,09北投區,北投區中央南路1段與光明路口,0,0,1,1,B12,8,6,5,50,5,1,1,5,4,5,13,3,1,5,4,5,2,12,1,43,3,10,3,4,7,9,1,8,1,2,17,1,26,121.501523,25.1330748
114,10,30,12,45,06松山區,松山區民生東路4段131巷21號,0,0,1,1,B01,8,7,5,40,14,9,1,5,4,5,13,4,4,9,4,5,2,12,1,46,3,10,7,1,7,1,1,4,1,8,19,1,22,121.5536714,25.0591548
114,10,30,12,51,07信義區,信義區和平東路3段341巷與富陽街87巷口口,0,0,1,1,C03,8,6,5,30,4,1,1,5,4,5,13,4,4,10,5,5,2,15,2,28,2,9,3,4,7,9,1,10,2,11,72,1,22,121.556995,25.0210369
114,10,30,14,02,06松山區,松山區光復北路266號,0,0,2,1,B01,8,5,5,50,14,8,1,5,4,5,13,4,4,5,4,4,2,16,2,56,3,10,7,1,7,11,1,4,1,5,10,1,21,121.5550131,25.0592867
114,10,30,14,14,04大安區,大安區東豐街與復興南路1段279巷30弄口,0,0,1,1,C03,8,6,5,30,4,1,1,5,4,5,13,4,4,5,5,4,2,15,1,67,2,9,5,1,7,9,6,18,1,11,72,1,21,121.545159,25.0360672
114,10,30,14,20,05中正區,中正區博愛路與衡陽路口,0,0,2,1,C03,7,6,5,50,4,1,1,5,4,5,13,1,1,10,5,5,2,13,1,29,2,7,6,1,7,9,1,10,2,12,44,1,22,121.5116047,25.0422948
114,10,30,14,45,03中山區,中山區南京西路與中山北路1段口,0,0,1,1,C03,8,6,5,50,4,2,1,5,4,5,13,2,1,1,4,1,1,17,1,22,2,8,6,1,7,9,1,10,1,11,16,1,21,121.5225336,25.05203889
114,10,30,15,55,07信義區,信義區莊敬路204號,0,0,1,1,C03,8,6,5,50,14,7,1,5,4,5,13,4,4,9,5,4,2,13,2,24,2,9,6,1,7,9,1,10,1,11,16,1,22,121.5615489,25.0303619
114,10,30,16,05,03中山區,中山區新生北路2段與民權東路2段口南側迴轉道,0,0,1,1,B03,8,6,5,50,11,6,1,5,4,5,13,4,4,9,5,5,2,9,2,63,3,10,7,1,7,6,1,8,2,10,16,1,21,121.5280531,25.0624128
114,10,30,16,25,10文山區,文山區景美河濱公園（溪洲疏散門）旁,0,0,1,1,C03,8,6,8,50,22,22,1,5,4,5,13,4,4,5,5,5,1,16,1,49,3,10,5,1,7,5,1,10,2,14,8,1,27,121.5351464,24.99841003
114,10,30,16,47,06松山區,松山區民權東路3段與民權東路3段160巷口,0,0,2,1,A02,7,6,5,50,14,10,1,5,4,5,13,2,1,3,4,5,2,9,1,60,3,10,3,4,7,12,1,2,11,17,16,1,22,121.5476825,25.0620561
114,10,30,16,52,12內湖區,內湖區瑞光路與瑞光路7巷口,0,0,1,1,B03,7,5,5,50,3,1,1,5,4,5,13,4,4,10,5,5,2,16,2,47,3,10,7,1,7,11,1,8,2,1,80,1,21,121.5838337,25.0691773
114,10,30,17,02,10文山區,文山區保儀路59號前,0,0,1,1,B03,8,5,5,30,14,9,1,5,4,5,13,4,4,9,5,5,2,17,1,41,3,10,2,1,7,13,1,8,2,4,80,1,21,121.5685985,24.9872391
114,10,30,17,31,02萬華區,萬華區長泰街282巷與長泰街282巷13弄口,0,0,1,1,B03,8,5,5,30,4,1,1,5,4,5,13,4,4,10,5,5,2,2,1,60,3,10,3,4,7,9,1,8,1,5,16,1,22,121.4935773,25.0218444
114,10,30,17,49,04大安區,大安區基隆路4段與羅斯福路4段口,0,0,1,1,B03,8,5,5,50,5,1,1,5,4,5,13,2,1,9,4,5,1,13,1,26,3,10,3,4,7,5,1,8,1,1,16,1,21,121.5375247,25.01098563
114,10,30,18,13,12內湖區,內湖區瑞光路431號,0,0,1,1,B03,8,5,5,50,14,9,1,5,4,5,13,4,4,5,4,5,2,17,1,24,3,10,7,1,7,1,1,8,1,4,19,1,21,121.5704023,25.0784686
114,10,30,18,20,12內湖區,內湖區金莊路100號,0,0,1,1,B03,8,5,5,50,14,9,1,5,4,5,13,4,4,5,5,5,1,16,2,42,3,10,7,1,7,11,1,8,1,8,10,1,21,121.5941396,25.0706517
114,10,30,18,29,01大同區,大同區承德路3段與敦煌路口,0,0,1,1,B03,8,5,5,50,14,9,1,5,4,5,13,2,1,9,4,5,2,17,2,48,3,10,7,4,7,6,1,8,1,2,9,1,21,121.5202293,25.0750201
114,10,30,18,36,11南港區,南港區三重路與三重路41巷口,0,0,1,1,B03,8,5,5,50,3,1,1,5,4,5,13,4,4,9,4,5,2,16,2,39,3,10,3,4,7,6,1,8,1,2,9,1,22,121.6142293,25.0599375
114,10,30,19,00,06松山區,松山區光復北路與民權東路4段口,0,0,1,1,B03,7,5,5,50,4,1,1,5,4,5,13,1,1,1,4,4,2,3,2,68,3,10,7,1,7,5,1,8,2,8,70,1,21,121.5547325,25.0618747
114,10,30,19,08,09北投區,北投區中央北路3段與中央北路3段40巷口,0,0,1,1,C03,8,5,5,50,3,1,1,5,4,5,13,2,1,5,4,5,2,13,1,29,2,9,6,1,7,9,1,10,1,11,108,1,22,121.4856167,25.1382781
114,10,30,19,29,01大同區,大同區迪化街2段206號,0,0,1,1,B03,7,5,5,30,14,9,1,5,4,5,13,4,4,10,5,5,2,17,1,30,3,10,3,4,7,14,1,8,1,2,40,1,21,121.5105865,25.0681141
114,10,30,19,41,05中正區,中正區羅斯福路4段與基隆路4段口,0,0,1,1,C03,8,5,5,50,4,2,1,5,4,5,13,1,1,1,4,5,2,12,2,41,2,9,5,1,7,7,1,10,2,14,100,1,22,121.5368596,25.01151491
114,10,30,19,54,01大同區,大同區民權西路與民權西路118巷口,0,0,1,1,B03,8,5,5,50,3,2,1,5,4,5,13,4,4,1,4,5,2,17,1,74,3,10,7,1,7,8,1,8,1,5,44,1,21,121.5166674,25.06285731
114,10,30,20,15,02萬華區,萬華區西園路1段與桂林路口,0,0,3,1,C03,8,5,5,40,4,2,1,5,4,5,13,1,1,9,4,4,2,16,2,68,2,8,5,1,7,5,1,10,1,11,8,1,21,121.4999369,25.038503
114,10,30,20,20,01大同區,大同區延平北路3段67號,0,0,2,1,C03,7,5,5,50,14,9,1,5,4,5,13,4,4,5,4,5,2,17,2,36,2,9,3,4,7,15,1,10,1,13,108,1,21,121.5110426,25.0663523
114,10,30,20,37,03中山區,中山區民生東路1段與民生東路1段61巷口,0,0,2,1,B03,8,5,5,50,4,1,1,5,4,5,13,4,4,5,4,5,2,12,1,54,3,10,7,1,7,8,1,8,1,2,100,1,21,121.5263583,25.0580911
114,10,30,20,59,01大同區,大同區太原路與太原路175巷口,0,0,1,1,B03,8,5,5,50,3,1,1,5,4,5,13,2,1,5,2,5,2,17,1,26,3,10,7,1,7,11,1,8,1,7,80,1,21,121.5167028,25.05591703
114,10,30,21,09,10文山區,文山區景華街與興隆路2段口,0,0,1,1,B03,8,5,5,30,4,1,1,5,4,5,13,2,1,10,5,5,2,17,1,26,3,10,7,1,7,5,1,8,1,4,108,1,21,121.5472915,24.9993124
114,10,30,21,48,08士林區,士林區中山北路5段與中山北路5段699巷口,0,0,1,1,C03,7,5,5,50,5,2,1,5,4,5,13,2,1,1,4,3,2,16,2,18,2,9,5,1,7,8,1,10,1,12,101,1,21,121.5272433,25.09805427
114,10,30,22,16,05中正區,中正區汀州路3段與汀州路3段60巷口,0,0,2,1,B01,8,5,5,50,4,1,1,5,4,5,13,1,1,5,5,5,2,17,1,46,2,2,7,1,7,5,1,4,1,4,71,1,22,121.5313658,25.0157
114,10,30,22,35,12內湖區,內湖區民權東路6段與康寧路3段口,0,0,1,1,C03,8,5,5,40,3,1,1,5,4,5,13,2,1,1,4,4,2,17,2,27,2,9,6,1,7,6,1,10,1,14,74,1,21,121.6063586,25.0730001
114,10,30,22,52,12內湖區,內湖區成功路5段450巷21弄與成功路5段450巷23弄口,0,0,1,1,B01,8,5,5,30,3,18,1,5,4,5,13,4,4,5,5,5,2,3,1,54,3,10,7,1,7,5,1,4,2,5,70,1,21,121.6084546,25.0731399
114,10,30,22,53,02萬華區,萬華區環河南路1段與康定路口,0,0,2,1,C03,8,5,5,40,3,1,1,5,4,5,13,1,1,4,3,5,2,11,2,47,2,8,5,1,7,5,1,10,1,12,8,1,22,121.5033253,25.04627311
114,10,30,22,58,03中山區,中山區南京東路2段與一江街口,0,0,1,1,C03,8,5,5,50,4,2,1,5,4,5,13,2,1,1,4,4,2,13,1,74,2,7,6,1,7,9,1,10,1,11,16,1,21,121.5315802,25.0521734
114,10,30,23,05,03中山區,中山區中山北路4段與新生高架道口圓山入口,0,0,1,1,B03,8,5,5,50,4,1,1,5,4,5,13,1,1,10,5,5,2,15,1,30,3,10,7,1,7,9,1,8,2,2,81,1,21,121.5209739,25.050928
114,10,31,00,17,08士林區,士林區德行西路與德行西路93巷口,0,0,2,1,C03,8,6,5,50,3,1,1,5,4,5,13,4,4,4,1,5,1,16,1,21,2,8,5,1,7,5,1,10,1,14,74,1,21,121.5214925,25.1043762
114,10,31,00,30,03中山區,中山區民權東路3段與民權東路3段75巷口,0,0,2,1,C03,8,5,5,50,3,2,1,5,4,5,13,4,4,3,4,5,2,13,1,32,2,9,6,1,7,9,1,10,1,11,16,1,26,121.5211083,25.05011601
114,10,31,03,30,02萬華區,萬華區萬大路與東園街口,0,0,1,1,A11,8,5,6,30,4,1,4,5,4,5,13,2,1,5,5,5,2,16,1,23,3,10,7,1,7,11,1,3,1,4,10,1,26,121.4987435,25.02162106
114,10,31,04,56,02萬華區,萬華區西園路2段與東園街口,0,0,2,1,F01,8,5,5,50,3,1,1,5,4,5,13,2,1,5,5,5,2,17,2,80,2,9,4,1,7,6,8,20,1,12,9,1,21,121.4955272,25.02805144
114,10,31,04,59,07信義區,信義區永吉路與松隆路口側附近口,0,0,1,1,B03,8,5,5,50,5,1,1,5,4,5,13,2,1,3,4,5,2,23,1,63,2,1,7,1,7,9,1,8,2,1,104,1,22,121.5699852,25.0453421
114,10,31,06,52,04大安區,大安區忠孝東路4段與復興南路1段口,0,0,2,1,C03,7,7,5,50,4,1,1,5,4,5,13,1,1,3,4,5,2,17,1,22,2,9,6,1,7,6,1,10,1,12,9,1,21,121.5438806,25.0417441
114,10,31,07,02,08士林區,士林區自強隧道(內)往士林方向,0,0,2,1,C03,8,5,5,50,6,11,1,5,4,5,13,4,4,7,4,5,2,12,1,59,2,7,6,1,7,4,1,10,1,12,16,1,21,121.5313792,25.10505919
114,10,31,07,10,03中山區,中山區民生東路2段與吉林路口,0,0,2,1,C02,7,6,5,50,4,2,1,5,4,5,13,2,1,5,5,5,2,16,1,31,2,9,6,1,7,5,1,10,1,14,71,1,22,121.5300549,25.0580344
114,10,31,07,41,07信義區,信義區松智路(信義路5段100號旁),0,0,1,1,B03,8,7,5,50,14,9,1,5,4,5,13,1,1,9,4,5,2,17,2,51,3,10,7,1,7,14,1,8,1,2,40,1,21,121.5654366,25.0325833
114,10,31,07,43,03中山區,中山區農安街與松江路402巷7弄口,0,0,1,1,B02,8,6,5,30,3,1,1,5,4,5,13,4,4,9,5,5,2,16,2,49,3,10,3,4,7,5,1,8,2,2,72,1,21,121.5326181,25.06482602
114,10,31,08,00,02萬華區,萬華區青年路與國興路口,0,0,1,1,C03,8,5,5,50,4,1,1,5,4,5,13,2,1,5,5,5,2,17,2,50,2,9,5,4,7,5,1,10,2,11,8,1,21,121.5065651,25.02611543
114,10,31,08,04,01大同區,大同區承德路3段與民權西路口,0,0,2,1,C03,7,6,5,50,4,2,1,5,4,5,13,2,1,8,3,5,1,16,1,49,2,9,6,4,7,9,1,10,2,11,81,1,21,121.5181372,25.0629581
114,10,31,08,15,06松山區,松山區復興北路495號,0,0,1,1,C03,8,6,5,50,14,9,1,5,4,5,13,4,4,1,4,5,2,13,1,36,2,8,5,1,7,9,1,10,1,11,16,1,21,121.5443848,25.06517776
114,10,31,08,19,05中正區,中正區重慶南路3段與和平西路1段口,0,0,1,1,C03,8,6,5,50,5,2,1,5,4,5,13,1,1,1,4,5,2,13,2,27,4,11,3,4,7,21,7,19,11,15,44,2,21,121.5161491,25.0268326
114,10,31,08,20,01大同區,大同區延平北路4段與酒泉街口,0,0,1,1,C03,8,6,5,40,4,2,1,5,4,5,13,1,1,5,4,4,2,17,1,72,3,10,6,1,7,15,1,10,11,17,44,1,21,121.5109828,25.0720458