發生年度,發生月,發生日,發生時-Hours,發生分,區序,肇事地點,死亡人數,2-30日死亡人數,受傷人數,當事人序號,車種,天候,光線,道路類別,速限-速度限制,道路型態,事故位置,路面狀況1,路面狀況2,路面狀況3,道路障礙1,道路障礙2,號誌1,號誌2,車道劃分-分向,車道劃分-分道1,車道劃分-分道2,車道劃分-分道3,事故類型及型態,性別,年齡,受傷程度,主要傷處,保護裝置,行動電話,車輛用途,當事者行動狀態,駕駛資格情形,駕駛執照種類,飲酒情形,車輛撞擊部位1,肇因碼-個別,個人肇逃否,職業,座標-X,座標-Y
114,10,31,08,39,06松山區,松山區八德路2段與敦化北路口,0,0,1,1,C03,8,5,5,50,4,1,1,5,4,5,13,1,1,1,4,5,2,17,1,47,2,7,6,1,7,9,1,10,1,14,42,1,21,121.5483304,25.0481676
114,10,31,09,31,11南港區,南港區成功路1段36巷與南港路3段16巷口,0,0,1,1,C03,8,6,5,30,3,2,1,5,4,5,13,4,4,9,5,5,2,13,1,23,2,9,5,1,7,9,1,10,1,11,16,1,21,121.5918306,25.0565071
114,10,31,09,48,10文山區,文山區興順街與景豐街口,0,0,1,1,B03,8,6,5,50,5,1,1,5,4,5,13,2,1,5,5,5,1,16,1,71,3,10,7,1,7,6,1,8,11,5,71,1,21,121.5450803,25.0012103
114,10,31,10,08,06松山區,松山區市民大道6段與松山路口,0,0,1,1,C03,8,6,5,40,4,1,1,5,4,5,13,2,1,1,4,5,2,16,1,50,3,10,6,4,7,5,1,10,11,13,8,2,21,121.5778105,25.0495047
114,10,31,10,53,02萬華區,萬華區寶興街222巷與長泰街246巷口,0,0,1,1,C04,7,7,8,30,4,1,1,5,4,5,13,4,4,10,5,5,2,17,1,75,4,11,5,1,7,9,1,7,9,11,108,2,21,121.4947089,25.0221026
114,10,31,10,57,09北投區,北投區致遠一路1段124巷與自強街120巷口,0,0,1,1,C03,8,6,5,30,4,1,1,5,4,3,13,4,4,10,5,5,2,15,2,53,2,7,5,1,7,9,1,10,1,11,75,1,21,121.5158677,25.1103427
114,10,31,11,07,11南港區,南港區市民大道8段附近忠孝東路7段325巷,0,0,1,1,B03,8,5,5,50,14,9,1,5,4,5,13,4,4,1,3,5,2,17,2,41,3,10,7,1,7,8,1,8,2,5,100,1,21,121.6062458,25.0531608
114,10,31,11,20,12內湖區,內湖區瑞光路與江南街口,0,0,2,1,C03,8,5,5,50,3,1,1,5,4,5,13,2,1,5,4,5,2,17,1,33,2,7,6,1,7,5,1,9,1,12,71,1,22,121.5755228,25.0760865
114,10,31,12,01,10文山區,文山區溪洲街與溪洲街137巷口,0,0,1,1,B03,8,6,5,30,3,2,1,5,4,5,13,2,1,5,5,5,2,12,2,54,3,10,7,1,7,9,1,8,1,5,17,1,21,121.5354064,24.9999324
114,10,31,12,36,01大同區,大同區鄭州路與西寧北路口,0,0,1,1,C03,7,6,5,50,4,2,1,5,4,5,13,1,1,5,2,5,2,17,1,20,3,10,5,4,7,6,1,10,1,11,108,1,21,121.5082318,25.0503712
114,10,31,13,21,01大同區,大同區承德路3段與承德路3段24巷口,0,0,1,1,B01,7,6,5,50,3,2,1,5,4,5,13,4,4,1,4,1,2,16,2,33,3,10,3,4,7,6,1,4,9,6,9,1,21,121.5181857,25.0642287
114,10,31,13,34,06松山區,松山區健康路與健康路15巷口,0,0,1,1,B01,8,6,5,50,5,1,1,5,4,5,13,1,1,9,4,5,2,3,2,50,3,10,7,1,7,5,1,4,2,1,70,1,21,121.5525508,25.0533536
114,10,31,13,35,03中山區,中山區北安路554巷19號,0,0,1,1,B03,7,6,5,50,14,9,1,5,4,5,13,4,4,7,4,5,2,12,2,41,3,10,7,1,7,13,1,8,1,17,40,1,21,121.5488695,25.08008458
114,10,31,13,45,07信義區,信義區永吉路120巷與永吉路120巷22弄口,0,0,1,1,B03,7,5,5,50,4,1,1,5,4,5,13,4,4,9,5,5,2,17,2,60,3,10,7,1,7,2,1,8,1,3,12,1,21,121.5702333,25.0446825
114,10,31,13,50,12內湖區,內湖區成功路3段95號,0,0,1,1,B03,8,6,5,50,14,9,1,5,4,5,13,4,4,3,4,5,2,17,1,65,3,10,7,1,7,8,1,8,1,2,100,1,21,121.5896775,25.0787513
114,10,31,14,02,01大同區,大同區承德路3段與民權西路口,0,0,2,1,C03,7,6,5,50,4,1,1,5,4,5,13,1,1,1,4,5,2,17,1,39,2,9,5,4,7,15,1,10,2,12,101,1,21,121.5182197,25.06293506
114,10,31,15,05,02萬華區,萬華區西園路2段與寶興街口,0,0,2,1,F01,8,6,5,50,4,2,1,5,4,5,13,2,1,3,4,5,1,17,1,71,2,9,3,4,7,9,8,20,1,12,81,1,22,121.4937451,25.026857
114,10,31,15,20,05中正區,中正區八德路1段與金山南路1段口,0,0,1,1,C03,8,6,5,50,4,1,1,5,4,3,10,2,1,5,4,5,2,16,1,58,2,9,5,1,7,5,1,10,2,12,99,1,22,121.5298971,25.04369377
114,10,31,15,30,05中正區,中正區公園路與凱達格蘭大道口,0,0,1,1,F01,8,6,5,50,14,9,1,5,4,5,13,1,1,9,3,5,2,17,1,71,2,9,4,1,7,7,8,20,2,14,100,1,21,121.5156647,25.0399253
114,10,31,15,35,02萬華區,萬華區西藏路125巷與萬大路277巷口,0,0,1,1,C03,8,5,5,30,3,1,1,5,4,5,13,4,4,9,4,5,2,17,2,73,3,10,5,1,7,5,1,10,1,17,108,1,21,121.5035318,25.02571084
114,10,31,16,22,07信義區,信義區信義路5段150巷76號,0,0,1,1,C03,7,5,5,30,12,9,1,5,4,5,13,4,4,10,5,5,2,17,1,19,2,9,6,4,7,9,1,10,1,12,116,1,22,121.576673,25.0218952
114,10,31,16,35,11南港區,南港區東新街170巷路邊停車格（42）,0,0,1,1,B01,8,5,5,40,14,7,1,5,4,5,13,4,4,5,4,5,2,17,1,48,3,10,2,1,7,13,1,8,1,4,40,1,21,121.5929488,25.0425725
114,10,31,16,40,03中山區,中山區明水路與北安路口,0,0,1,1,A04,8,7,5,50,14,9,1,5,4,5,13,4,4,1,4,5,2,9,1,58,3,10,3,4,7,15,1,2,9,17,44,1,21,121.5397826,25.0793582
114,10,31,16,49,04大安區,大安區仁愛路3段30號,0,0,1,1,C03,8,6,5,50,14,9,1,5,4,5,13,4,4,1,4,5,1,13,2,42,2,9,5,4,7,9,1,10,1,11,16,1,21,121.5366726,25.0377359
114,10,31,17,05,02萬華區,萬華區艋舺大道,0,0,1,1,B01,7,5,5,50,14,9,1,5,4,5,13,4,4,1,4,4,1,17,2,49,3,10,3,4,7,6,1,4,1,17,9,1,22,121.499325,25.0328855
114,10,31,17,09,06松山區,松山區南京東路4段133巷5弄29號,0,0,1,1,B03,8,5,5,30,14,9,1,5,4,5,13,4,4,10,3,5,2,14,1,74,3,10,3,4,7,2,1,8,1,7,12,1,22,121.5561766,25.0521806
114,10,31,17,30,02萬華區,萬華區長沙街2段與漢中街口,0,0,1,1,C03,8,5,5,50,3,1,1,5,4,5,13,1,1,9,4,5,2,17,1,19,2,8,6,4,7,5,1,10,1,12,71,1,21,121.5064074,25.04074209
114,10,31,17,35,05中正區,中正區汀州路3段與羅斯福路3段284巷口口,0,0,1,1,C03,8,5,5,50,4,1,1,5,4,5,13,1,1,5,5,5,1,17,1,26,3,10,6,1,7,5,1,10,2,14,8,1,21,121.5317194,25.0153869
114,10,31,17,40,11南港區,南港區南港路1段南港展覽館捷運站3號出口前,0,0,1,1,,8,5,5,50,14,9,1,5,4,5,13,4,4,1,4,5,2,29,3,0,,,,,,,,,,,67,1,,121.6181254,25.0549943
114,10,31,18,00,05中正區,中正區中正河濱公園自行車道,0,0,1,1,F01,7,5,8,50,22,22,1,4,4,5,13,4,4,10,5,5,2,17,1,56,2,9,2,1,7,12,8,20,1,17,118,1,21,121.5306925,25.0103013
114,10,31,18,25,02萬華區,萬華區萬大路424巷與長泰街279巷口,0,0,1,1,C03,8,5,5,30,4,2,1,5,4,5,13,4,4,9,5,5,2,16,2,45,2,9,5,1,7,5,1,10,1,11,8,1,26,121.4938937,25.02067563
114,10,31,18,25,08士林區,士林區東山路25巷,0,0,1,1,B01,8,5,5,20,14,9,1,5,4,5,13,4,4,9,4,5,1,11,1,48,3,10,7,1,7,9,1,8,1,1,44,1,21,121.5396865,25.1170436
114,10,31,18,33,12內湖區,內湖區瑞湖街與民權東路6段15巷口,0,0,1,1,C03,8,5,5,50,4,2,1,5,4,5,13,2,1,10,4,5,2,17,2,26,3,10,6,1,7,5,1,10,1,14,8,1,21,121.5767533,25.06893213
114,10,31,19,10,04大安區,大安區復興南路1段204號,0,0,1,1,B03,8,6,5,50,14,9,1,5,4,5,13,4,4,1,3,5,2,17,1,62,3,10,7,1,7,7,1,8,11,17,100,1,21,121.5436905,25.0394124
114,10,31,19,40,12內湖區,內湖區大湖街（往五指山，五指幹18),0,0,1,1,B03,8,5,5,30,14,9,1,5,4,5,13,4,4,10,5,5,2,10,1,63,3,10,7,1,7,9,1,8,1,5,44,1,21,121.6019156,25.0912681
114,10,31,19,41,01大同區,大同區民權西路與民權西路225巷口,0,0,1,1,C03,7,5,5,50,3,2,1,5,4,5,13,2,1,1,4,4,2,17,2,25,2,9,3,1,7,15,1,8,1,14,42,1,21,121.5120843,25.0628707
114,10,31,20,00,08士林區,士林區華齡街與劍潭路口,0,0,2,1,C03,8,5,5,30,4,2,1,5,4,5,13,4,4,10,5,5,1,17,2,20,2,8,6,1,7,9,1,10,1,14,80,1,21,121.519521,25.08250522
114,10,31,20,10,03中山區,"中山區建國高架道往北,南京匝道旁",0,0,2,1,B03,7,5,5,70,10,7,1,4,4,5,13,4,4,1,3,5,1,13,1,47,3,10,7,1,7,9,1,8,2,1,16,1,21,121.5371203,25.06242744
114,10,31,20,24,07信義區,信義區忠孝東路5段與虎林街口,0,0,1,1,B02,8,5,5,50,4,2,1,5,4,5,13,1,1,1,4,5,2,17,1,69,3,10,7,1,7,11,1,8,1,5,10,1,22,121.5769622,25.0407701
114,10,31,20,29,04大安區,大安區延吉街與光復南路420巷口口,0,0,1,1,B03,7,5,5,30,3,2,1,5,4,5,13,4,4,10,3,5,1,15,2,56,3,10,7,1,7,9,1,8,1,1,72,1,21,121.5556306,25.0364641
114,10,31,20,35,01大同區,大同區承德路3段57號,0,0,1,1,B03,8,5,5,50,14,9,1,5,4,5,13,4,4,1,4,5,2,16,1,41,3,10,7,1,7,1,1,8,2,4,19,1,21,121.5184437,25.0653062
114,10,31,21,18,07信義區,信義區信安街95巷8號,0,0,1,1,F02,8,5,5,30,14,9,1,5,4,5,13,4,4,10,5,5,2,18,2,49,2,9,5,1,7,9,8,20,1,17,116,1,21,121.5570442,25.0255285
114,10,31,21,23,07信義區,信義區松仁路與松平路口,0,0,1,1,B03,8,5,5,50,4,1,1,5,4,5,13,1,1,4,3,5,2,17,1,49,3,10,7,1,7,11,3,18,2,5,71,1,21,121.5682625,25.0303644
114,10,31,21,42,01大同區,大同區寧夏路26-3號,0,0,1,1,C03,7,5,5,30,14,9,4,5,4,5,13,4,4,10,5,5,2,17,1,30,3,10,3,4,7,15,1,10,2,11,42,1,21,121.5151024,25.0556568
114,10,31,22,13,02萬華區,萬華區艋舺大道與大理街160巷26弄口,0,0,2,1,B03,8,5,5,50,4,1,1,5,4,5,13,1,1,1,4,1,2,17,1,30,2,9,7,4,7,5,1,8,2,5,85,1,21,121.4946914,25.03170756
114,10,31,22,20,10文山區,文山區木新路3段127巷12弄與木新路3段127巷口,0,0,1,1,B03,8,5,5,30,3,1,1,5,4,5,13,4,4,10,5,5,1,15,2,67,3,10,7,1,7,9,1,8,1,1,72,1,21,121.5621385,24.9812728
114,10,31,22,29,07信義區,信義區市民大道6段與松信路口,0,0,2,1,C03,6,5,5,50,4,2,1,4,4,5,13,2,1,9,4,5,2,17,1,42,2,9,6,1,7,9,1,10,2,11,44,1,22,121.5721826,25.0491482
114,10,31,23,22,03中山區,中山區民權東路2段與吉林路口,0,0,2,1,B01,7,5,5,50,4,2,1,4,4,5,13,1,1,5,4,5,1,17,1,44,3,10,7,1,7,5,1,4,1,4,8,1,21,121.5303064,25.0624607
114,11,01,00,45,07信義區,信義區仁愛路4段與市府路口,0,0,3,1,C03,8,5,5,50,3,2,1,5,4,5,13,1,1,5,4,4,2,13,1,20,2,7,6,1,7,9,1,10,1,11,16,1,21,121.5636295,25.0372437
114,11,01,03,05,03中山區,中山區長春路與林森北路口,0,0,1,1,B03,7,5,5,50,4,1,1,5,4,5,13,1,1,5,4,5,2,16,1,31,3,10,3,4,7,6,1,8,1,2,9,1,21,121.5250808,25.05506074
114,11,01,05,41,02萬華區,萬華區環河快速道路往北（0905270）燈桿,0,0,1,1,B12,8,5,7,50,14,7,1,5,4,5,13,4,4,3,4,5,2,5,1,39,3,10,3,4,7,9,1,8,11,4,107,2,22,121.493667,25.0178924
114,11,01,05,56,07信義區,信義區松仁路97號與松仁路95巷口,0,0,1,1,B01,8,5,5,30,14,9,1,5,4,5,13,4,4,9,4,5,2,9,2,49,3,10,7,1,7,1,1,4,2,6,19,1,22,121.5690049,25.0365775
114,11,01,06,45,05中正區,中正區汀州路1段92巷與汀州路1段口,0,0,1,1,C03,8,6,5,30,3,1,1,5,4,5,13,1,1,5,2,5,2,17,1,24,3,10,5,1,7,5,1,10,1,11,83,1,21,121.5074655,25.0303408
114,11,01,06,47,03中山區,中山區民權西路70巷與民權西路70巷43弄口,0,0,2,1,C03,7,6,5,30,3,1,1,5,4,5,13,4,4,10,5,5,2,16,1,38,2,7,5,1,7,5,1,10,2,14,8,1,21,121.5194612,25.06135984
114,11,01,07,38,08士林區,士林區中正路與延平北路5段口,0,0,2,1,C03,8,6,5,50,4,2,1,5,4,4,13,2,1,1,5,5,1,13,1,37,2,8,5,1,7,9,1,10,1,11,16,1,21,121.5092922,25.0865975
114,11,01,08,08,08士林區,士林區基河路188巷與基河路口,0,0,1,1,B03,8,6,5,50,3,2,1,5,4,5,13,4,4,9,4,5,1,17,1,44,3,10,7,1,7,5,1,8,2,1,72,1,21,121.5222507,25.0904289
114,11,01,08,27,07信義區,信義區忠孝東路4段515號,0,0,1,1,B01,7,6,5,50,14,9,1,5,4,5,13,4,4,9,4,5,2,12,1,40,3,10,7,1,7,8,1,4,2,2,17,1,21,121.5596736,25.041447
114,11,01,08,51,10文山區,文山區興隆路4段與興隆路4段1巷口,0,0,2,1,C03,7,7,5,50,3,1,1,4,4,5,13,1,1,10,5,5,2,16,2,70,2,9,5,1,7,5,1,10,1,12,71,1,21,121.5589655,24.9911254
114,11,01,09,34,08士林區,士林區芝玉路1段與芝玉路1段92巷口,0,0,1,1,C03,8,5,5,30,3,2,1,5,4,5,13,4,4,10,5,5,2,17,1,28,2,7,6,1,7,9,1,10,2,17,116,1,21,121.5354418,25.1050546
114,11,01,09,50,04大安區,大安區辛亥路1段與羅斯福路3段口,0,0,1,1,F03,7,7,5,50,4,1,1,5,4,5,13,1,1,5,4,5,2,17,1,16,2,9,6,1,7,5,8,20,2,14,98,1,21,121.5294236,25.0196529
114,11,01,09,50,09北投區,北投區中央北路4段601巷11號,0,0,1,1,B12,7,6,5,50,14,9,1,5,4,1,10,4,4,9,4,5,2,14,1,61,3,10,3,4,7,2,1,8,1,7,12,1,26,121.4620714,25.1225168
114,11,01,10,03,12內湖區,內湖區民權東路6段83號前,0,0,1,1,C04,7,5,5,50,14,9,1,5,4,5,13,1,1,1,4,5,2,17,1,29,2,9,6,1,7,12,1,10,1,12,42,1,21,121.5880413,25.0691169
114,11,01,11,06,02萬華區,萬華區中興橋機車道北往南往北市,0,0,2,1,C03,7,6,7,30,11,11,1,5,4,5,13,4,4,10,5,5,2,18,1,16,2,9,5,1,7,9,2,18,1,14,118,1,21,121.5087499,25.0516704
114,11,01,12,10,04大安區,大安區忠孝東路4段147巷與敦化南路1段187巷口,0,0,2,1,C03,6,7,5,30,4,1,1,4,4,5,13,4,4,10,5,5,2,17,1,63,2,9,3,4,7,9,1,10,1,14,72,1,21,121.5496535,25.0425933
114,11,01,12,20,05中正區,中正區中山南路與信義路1段口,0,0,1,1,C03,7,6,5,50,5,1,1,5,4,5,13,1,1,1,4,5,2,16,1,22,3,10,6,1,7,6,1,10,2,13,9,1,22,121.5178784,25.0386313
114,11,01,13,08,08士林區,士林區德行東路129巷與德行東路口,0,0,2,1,C03,7,7,5,30,4,1,1,5,4,5,13,4,4,10,5,5,1,17,1,31,2,9,5,1,7,9,1,9,2,11,72,1,21,121.5290878,25.10797693
114,11,01,13,35,05中正區,中正區和平西路1段與重慶南路3段口口,0,0,2,1,B03,6,6,5,50,5,1,1,4,4,5,13,1,1,1,4,5,1,17,1,65,3,10,7,1,7,9,1,8,2,1,81,1,21,121.5168851,25.0271746
114,11,01,13,38,11南港區,南港區市民大道8段569巷與市民大道8段口,0,0,2,1,C03,7,7,5,0,22,20,1,4,4,5,13,4,4,10,5,5,2,16,1,47,2,9,3,4,7,9,1,10,7,11,21,1,21,121.6146614,25.0544097
114,11,01,13,46,07信義區,信義區松仁路95巷20號,0,0,2,1,B03,8,6,4,30,14,9,1,5,4,5,13,4,4,8,5,5,2,29,2,33,2,9,3,4,7,9,1,8,9,1,89,1,21,121.5708882,25.0365506
114,11,01,14,32,01大同區,大同區長安西路181號,0,0,2,1,F02,8,6,5,50,14,9,1,5,4,5,13,4,4,5,2,5,2,17,2,63,2,9,2,4,7,15,8,20,2,14,99,1,21,121.5134743,25.0516874
114,11,01,14,38,03中山區,中山區松江路與松江路77巷口,0,0,1,1,B02,7,6,5,50,3,2,1,5,4,5,13,4,4,1,5,5,2,16,2,47,3,10,7,1,7,6,1,8,1,2,74,1,21,121.5330869,25.0497362
114,11,01,15,42,09北投區,北投區明德路157-4號,0,0,2,1,H01,8,6,5,50,14,9,1,5,4,5,13,4,4,9,5,5,2,3,2,62,2,9,4,5,8,16,8,20,10,16,121,1,21,121.5210399,25.1111306
114,11,01,15,52,07信義區,信義區永吉路30巷與永吉路30巷158弄口,0,0,1,1,B13,7,7,8,30,4,2,1,5,4,5,13,4,4,5,5,5,2,17,1,35,3,10,3,4,7,5,1,8,1,8,72,1,22,121.5686994,25.0423468
114,11,01,16,50,06松山區,松山區健康路11號,0,0,1,1,C03,8,6,5,50,14,9,1,5,4,5,13,4,4,5,4,5,2,12,1,59,2,8,6,1,7,5,1,10,1,15,8,1,22,121.5526143,25.0532355
114,11,01,16,55,07信義區,信義區市民大道5段與東寧路口,0,0,1,1,C03,7,6,5,50,4,1,1,5,4,5,13,2,1,1,4,5,2,17,1,45,3,10,3,4,7,8,6,10,1,17,101,1,21,121.5629407,25.0471902
114,11,01,17,04,05中正區,中正區仁愛路1段23號停車格,0,0,1,1,C03,8,6,5,50,14,9,1,5,4,5,13,4,4,5,4,5,2,13,1,22,2,9,5,1,7,9,1,10,1,11,16,1,22,121.5232924,25.03866227
114,11,01,17,22,04大安區,大安區建國南路1段與濟南路3段口(南側迴轉道),0,0,2,1,C03,8,5,5,50,3,2,1,5,4,5,13,2,1,8,3,5,1,17,1,66,2,8,5,1,7,11,1,10,1,13,72,1,26,121.5380541,25.0400301
114,11,01,17,25,12內湖區,內湖區內湖路1段629巷42號,0,0,1,1,C03,8,5,5,50,14,9,1,5,4,5,13,4,4,5,4,5,2,13,2,32,2,7,5,1,7,9,1,9,1,11,16,1,21,121.5758296,25.0814626
114,11,01,17,40,10文山區,文山區木柵路5段43巷,0,0,1,1,F01,7,5,5,30,12,9,1,4,4,5,13,4,4,5,5,5,2,18,2,58,2,9,2,1,7,9,8,20,1,14,116,1,21,121.5858961,25.0089182
114,11,01,18,15,02萬華區,萬華區環河南路2段與雙園街口,0,0,1,1,B01,8,5,5,30,5,1,1,5,4,5,13,1,1,9,4,5,2,17,1,28,4,11,3,4,7,15,7,19,9,17,73,1,22,121.4915663,25.03232981
114,11,01,18,15,04大安區,大安區基隆路4段156號,0,0,1,1,B01,8,5,5,50,4,2,1,5,4,5,13,2,1,1,4,5,2,12,1,69,3,10,7,1,7,9,1,4,1,5,17,1,21,121.5374497,25.0116616
114,11,01,18,17,12內湖區,內湖區金湖路347巷與金湖路363巷51弄口,0,0,1,1,B03,7,5,6,30,3,1,1,5,4,5,13,4,4,10,5,5,2,11,1,43,3,10,3,4,7,9,1,8,1,4,5,1,22,121.6007633,25.0741724
114,11,01,18,35,02萬華區,萬華區大理街160巷23弄與雙園街89巷口,0,0,2,1,B03,8,5,5,30,3,2,1,5,4,5,13,4,4,5,5,5,2,16,1,62,3,10,7,1,7,11,1,8,1,8,10,1,21,121.4929877,25.03235587
114,11,01,18,46,09北投區,北投區中和街與大業路口,0,0,1,1,C03,8,5,5,50,4,4,1,5,4,5,13,1,1,9,4,5,1,17,2,59,2,8,6,1,7,15,7,19,2,14,101,1,21,121.503379,25.1374095
114,11,01,18,47,01大同區,大同區市民高架道往西(重慶－延平),0,0,1,1,C03,7,5,5,60,10,9,1,5,4,5,13,4,4,1,4,5,2,17,1,27,2,1,5,4,7,12,1,10,1,11,108,1,21,121.5128191,25.0494995
114,11,01,18,57,12內湖區,內湖區陽光街與陽光街252巷口,0,0,1,1,B03,8,5,5,50,3,1,1,5,4,5,13,4,4,5,5,5,2,17,1,40,3,10,7,1,7,5,1,8,1,8,72,1,22,121.5774379,25.073185
114,11,01,19,00,02萬華區,萬華區康定路與康定路101巷口,0,0,2,1,C03,8,5,5,50,3,1,1,5,4,5,13,4,4,9,5,5,2,16,2,59,2,9,5,1,7,5,3,18,1,11,8,1,21,121.5019507,25.039608
114,11,01,19,11,05中正區,中正區汀州路3段與汀州路3段230巷口,0,0,1,1,C03,7,5,5,50,4,2,1,5,4,5,13,4,4,5,4,5,2,3,1,64,3,10,5,1,7,9,1,10,2,11,70,1,21,121.5359588,25.0114908
114,11,01,19,25,07信義區,信義區信義路6段75號,0,0,1,1,A02,7,5,5,50,14,9,1,5,4,5,13,4,4,9,4,5,1,9,2,59,3,10,7,1,7,9,1,2,2,15,44,1,22,121.5770822,25.0355417
114,11,01,19,46,03中山區,中山區中山北路2段與中山北路2段11巷口,0,0,2,1,C04,7,5,5,50,3,1,1,5,4,5,13,4,4,5,4,3,2,17,1,33,2,9,6,1,7,9,1,10,1,11,16,1,21,121.5226295,25.05276998
114,11,01,19,58,05中正區,中正區市民大道3段與新生北路1段口,0,0,1,1,B03,7,5,5,50,4,2,1,5,4,5,13,1,1,1,4,5,2,3,2,73,3,10,7,1,7,6,1,8,9,17,44,1,22,121.532805,25.0452197
114,11,01,20,12,02萬華區,萬華區西藏路與西藏路125巷口,0,0,1,1,B03,8,5,5,50,3,1,1,5,4,5,13,2,1,1,5,5,2,3,2,54,3,10,7,1,7,5,1,8,1,1,70,1,21,121.5022426,25.02974746
114,11,01,20,28,04大安區,大安區基隆路2段與敦化南路2段口,0,0,1,1,B01,6,5,5,50,5,2,1,4,4,5,13,2,1,8,3,5,1,17,1,55,3,10,3,4,7,15,1,4,1,1,92,1,21,121.5486438,25.0210178
114,11,01,20,39,03中山區,中山區新生北路2段100號,0,0,1,1,,7,5,5,50,14,9,1,4,4,5,13,4,4,1,4,5,2,17,4,0,,,,,,,,,,,119,2,,121.5222686,25.05803219
114,11,01,21,00,08士林區,士林區中山北路5段與劍潭路口,0,0,1,1,C03,6,5,8,50,5,1,1,4,4,5,13,2,1,1,5,1,1,9,1,37,2,9,5,1,7,9,1,10,1,17,44,1,21,121.5254475,25.08431281
114,11,01,21,08,05中正區,中正區思源街1號,0,0,1,1,B03,6,5,5,50,14,9,1,4,4,5,13,4,4,3,4,5,2,16,1,59,3,10,7,1,7,6,1,8,1,2,9,1,21,121.532148,25.01486437
114,11,01,22,08,07信義區,信義區信義路5段1號,0,0,1,1,F01,6,5,5,0,14,20,4,4,4,5,13,4,4,10,5,5,2,1,1,61,3,10,4,1,7,9,8,20,1,11,44,1,21,121.5603725,25.0327986
114,11,01,22,12,12內湖區,內湖區康樂街與康樂街201巷口,0,0,1,1,B03,6,5,5,50,3,1,1,4,4,5,13,1,1,5,4,5,1,17,1,49,3,10,7,1,7,5,1,8,1,6,71,1,21,121.6213044,25.0761781
114,11,01,23,30,02萬華區,萬華區萬大路277巷與萬青街口,0,0,2,1,C03,6,5,5,30,4,1,1,4,4,5,13,3,1,10,5,5,2,17,1,24,2,8,6,4,7,9,1,10,1,12,72,1,21,121.5017405,25.02541036
114,11,02,00,30,07信義區,信義區基隆路2段與嘉興街口,0,0,2,1,C03,6,6,5,50,3,1,1,4,4,5,13,4,4,1,4,5,2,17,2,38,2,9,3,4,7,9,6,18,1,14,44,1,22,121.5591777,25.0325627
114,11,02,01,04,08士林區,士林區中正路與志成街口,0,0,1,1,B01,6,5,5,30,3,1,1,4,4,5,13,3,1,1,4,5,2,17,1,52,3,10,3,4,7,5,1,8,2,2,71,1,21,121.5306812,25.0964261
114,11,02,02,23,04大安區,大安區復興南路1段126巷10弄與復興南路1段126巷口,0,0,1,1,C03,6,5,5,30,3,1,1,4,4,5,13,4,4,10,5,5,2,16,2,24,2,9,6,1,7,5,1,10,1,14,74,1,21,121.5430282,25.0430877
114,11,02,08,12,07信義區,信義區吳興街269巷與吳興街口,0,0,2,1,F01,6,7,5,30,4,2,1,4,4,5,13,4,4,10,5,5,2,17,1,30,2,8,4,1,7,9,8,20,9,11,17,1,21,121.5640833,25.0268825
114,11,02,09,26,03中山區,中山區明水路與北安路458巷口,0,0,2,1,C03,6,6,5,50,4,1,1,4,4,5,13,2,1,5,4,5,2,16,1,19,2,9,6,1,7,5,1,10,1,12,85,1,21,121.5445657,25.0774854
114,11,02,09,45,08士林區,士林區延平北路5段244巷與延平北路5段口,0,0,1,1,C03,7,7,5,50,3,2,1,4,4,5,13,2,1,1,4,5,1,17,1,42,2,9,6,1,7,7,1,10,2,14,42,1,21,121.5098084,25.0844457
114,11,02,09,52,05中正區,中正區廈門街60號,0,0,1,1,C04,6,6,5,30,14,9,1,4,4,5,13,4,4,5,5,5,2,16,1,34,3,10,6,1,7,5,1,10,1,14,8,1,21,121.5174398,25.0250649
114,11,02,10,07,06松山區,松山區八德路4段650之1號,0,0,2,1,C03,7,6,8,40,22,22,1,5,4,5,13,4,4,1,4,5,2,9,1,44,2,9,5,1,7,9,1,10,2,11,70,1,21,121.5752078,25.0494222
114,11,02,10,25,03中山區,中山區民生東路3段與合江街口,0,0,2,1,C03,8,6,5,50,4,1,1,5,4,5,13,1,1,5,5,5,2,12,1,49,2,7,5,1,7,9,1,10,9,17,44,1,22,121.5392057,25.0579504
114,11,02,10,44,12內湖區,內湖區民權大橋(西向東)下橋處,0,0,2,1,C03,7,6,5,50,4,1,1,5,4,5,13,1,1,1,3,5,1,12,2,27,2,9,6,1,7,9,1,10,2,11,42,1,21,121.5787554,25.0667153
114,11,02,11,50,09北投區,北投區中央北路2段90號,0,0,1,1,B03,8,6,5,50,14,9,1,5,4,5,13,4,4,5,4,5,2,16,2,65,3,10,7,1,7,11,1,8,1,1,103,1,21,121.4923544,25.1381045
114,11,02,12,03,12內湖區,內湖區五分街72巷與安康路414巷口口,0,0,2,1,C03,7,6,5,30,3,1,1,4,4,5,13,4,4,10,5,5,2,16,2,54,2,7,6,1,7,5,1,10,2,14,72,1,21,121.6163906,25.0662624
114,11,02,12,58,01大同區,大同區忠孝橋機慢車道,0,0,3,1,C03,6,6,5,40,8,11,1,4,4,5,13,4,4,9,2,4,2,12,1,15,2,8,6,4,7,9,2,18,1,11,118,1,21,121.5062196,25.0490832
114,11,02,13,50,01大同區,大同區迪化街1段143號,0,0,1,1,B03,7,6,5,30,14,9,4,5,4,5,13,2,1,10,5,5,2,2,1,78,3,10,3,4,7,9,1,8,2,5,108,1,22,121.5097325,25.0580043