發生年度,發生月,發生日,發生時-Hours,發生分,區序,肇事地點,死亡人數,2-30日死亡人數,受傷人數,當事人序號,車種,天候,光線,道路類別,速限-速度限制,道路型態,事故位置,路面狀況1,路面狀況2,路面狀況3,道路障礙1,道路障礙2,號誌1,號誌2,車道劃分-分向,車道劃分-分道1,車道劃分-分道2,車道劃分-分道3,事故類型及型態,性別,年齡,受傷程度,主要傷處,保護裝置,行動電話,車輛用途,當事者行動狀態,駕駛資格情形,駕駛執照種類,飲酒情形,車輛撞擊部位1,肇因碼-個別,個人肇逃否,職業,座標-X,座標-Y
114,11,02,13,57,02萬華區,萬華區西藏路與萬大路口,0,0,1,1,B03,8,7,5,50,4,1,1,5,4,5,13,2,1,3,4,5,2,12,2,69,3,10,3,4,7,9,1,8,1,5,108,1,22,121.5001943,25.0293422
114,11,02,13,58,05中正區,中正區汀州路1段137號,0,0,6,1,C03,8,7,5,50,14,9,1,5,4,5,13,4,4,5,4,5,2,17,1,36,2,9,5,1,7,9,1,10,1,11,108,1,21,121.5098055,25.027782
114,11,02,14,37,12內湖區,內湖區陽光街與江南街71巷口,0,0,1,1,C03,8,5,5,50,3,2,1,4,4,5,13,4,4,4,3,5,1,17,1,30,2,9,3,4,7,12,1,10,1,14,42,1,21,121.5794871,25.0739082
114,11,02,14,50,04大安區,大安區羅斯福路4段往北（近舟山路）,0,0,1,1,,7,6,5,50,14,9,1,5,4,5,13,2,1,1,4,5,2,12,4,0,,,,,,,,,9,,119,2,,121.5346912,25.013932
114,11,02,15,11,03中山區,中山區中山北路1段與長安東路1段口,0,0,1,1,B01,8,7,5,50,4,2,1,5,4,5,13,2,1,9,5,5,2,13,2,55,3,10,7,1,7,9,1,4,2,6,44,1,26,121.5222054,25.05801206
114,11,02,15,33,01大同區,大同區重慶北路2段與民生西路口,0,0,1,1,C03,8,7,5,50,14,9,1,5,4,5,13,4,4,1,4,5,2,16,1,71,2,8,2,1,7,8,1,10,2,12,100,1,21,121.5136969,25.0567529
114,11,02,16,44,12內湖區,內湖區南湖右岸河濱公園腳踏車道近基十二號疏散門,0,0,1,1,F01,6,6,5,0,14,12,1,4,4,5,13,4,4,9,5,5,2,2,1,13,3,10,4,1,7,9,8,20,1,11,107,1,21,121.5963718,25.0604327
114,11,02,17,30,06松山區,松山區三民路166巷與三民路口,0,0,1,1,B03,8,5,5,30,4,2,1,5,4,5,13,1,1,1,4,5,2,3,2,45,3,10,7,1,7,6,1,8,2,1,70,1,22,121.5631678,25.0619769
114,11,02,18,24,04大安區,大安區光復南路240巷55號,0,0,1,1,B01,8,5,5,30,14,9,1,4,4,5,13,4,4,10,3,5,2,11,1,57,3,10,7,1,7,1,1,4,1,15,19,1,21,121.5548136,25.0407932
114,11,02,18,35,04大安區,大安區基隆路4段與羅斯福路4段口,0,0,1,1,C03,8,5,5,50,14,9,1,5,4,5,13,2,1,1,3,4,2,12,1,65,3,10,5,4,7,9,1,10,11,12,17,2,21,121.5374198,25.01152914
114,11,02,19,37,11南港區,南港區忠孝東路7段551號,0,0,1,1,B12,6,5,5,50,14,9,1,4,4,5,13,4,4,1,4,4,2,13,1,77,3,10,3,4,7,1,1,1,1,3,19,1,21,121.613436,25.0529087
114,11,02,19,48,10文山區,文山區木新路3段與木新路3段183巷口口,0,0,1,1,B03,8,6,5,40,3,2,1,5,4,5,13,4,4,5,5,4,2,12,1,70,3,10,7,1,7,14,1,6,2,4,38,1,21,121.560388,24.9816038
114,11,02,20,01,02萬華區,萬華區桂林路67號前人行道,0,0,1,1,F01,8,5,8,0,22,20,4,5,4,5,13,4,4,10,5,5,2,9,1,7,3,10,3,4,7,9,8,20,1,11,42,1,14,121.5022384,25.0383989
114,11,02,20,11,01大同區,大同區民權西路與民權西路225巷口,0,0,1,1,C03,7,5,5,50,4,2,1,5,4,5,13,2,1,1,4,5,2,17,1,65,3,10,5,4,7,5,1,10,1,13,44,1,21,121.5128921,25.0632087
114,11,02,20,31,04大安區,大安區仁愛路3段53號,0,0,1,1,C03,7,5,5,50,14,9,1,5,4,5,13,4,4,1,4,5,2,17,1,50,3,10,5,4,7,8,1,10,1,17,101,1,21,121.5362877,25.0385435
114,11,02,20,40,10文山區,文山區光輝路71巷與光輝路49巷口口,0,0,1,1,C03,8,5,5,30,3,1,1,5,4,5,13,4,4,10,5,5,2,17,1,21,3,10,5,1,7,5,1,10,1,14,8,1,21,121.5565118,24.9851823
114,11,02,21,28,02萬華區,萬華區西園路1段與桂林路口,0,0,1,1,,8,5,5,50,4,2,1,5,4,5,13,1,1,9,4,4,2,17,4,0,,,,,,,,,11,,119,2,,121.4996755,25.0384398
114,11,02,21,40,04大安區,大安區基隆路2段206號,0,0,2,1,C03,8,5,5,50,14,9,1,5,5,1,13,4,4,8,3,5,1,13,2,46,2,8,5,1,7,9,1,10,1,11,118,1,21,121.5516022,25.0236297
114,11,02,22,20,05中正區,中正區中正橋往永和上橋處,0,0,2,1,F03,7,5,5,50,14,9,1,5,4,5,13,4,4,8,3,5,2,11,2,65,2,9,5,1,7,7,8,20,1,12,101,1,21,121.5166206,25.022572
114,11,02,22,30,04大安區,大安區基隆路2段與樂業街口,0,0,1,1,B03,7,5,5,50,4,1,1,5,4,5,13,2,1,3,5,5,2,16,1,36,3,10,7,1,7,6,1,8,1,5,9,1,21,121.5502349,25.0224521
114,11,03,00,46,11南港區,南港區南港路1段與中南街口,0,0,1,1,B01,8,5,5,50,3,2,1,5,4,5,13,2,1,5,4,5,2,13,1,54,3,10,3,4,7,9,1,4,1,5,108,1,21,121.6158213,25.0553441
114,11,03,01,03,03中山區,中山區建國北路2段93號,0,0,1,1,B13,7,5,5,30,14,9,1,5,4,5,13,4,4,10,5,5,2,2,1,58,3,10,7,1,7,9,1,8,1,2,108,1,21,121.5377852,25.05885334
114,11,03,04,34,01大同區,大同區西寧北路與鄭州路口,0,0,1,1,B03,6,5,5,50,5,18,1,4,4,5,13,1,1,5,5,5,2,3,1,34,3,10,7,1,7,9,1,4,2,5,70,1,21,121.5081923,25.0507152
114,11,03,04,36,03中山區,中山區林森北路與南京東路1段口,0,0,1,1,F01,6,5,5,50,4,1,1,4,4,5,13,1,1,5,5,5,2,15,1,63,2,9,4,1,7,9,8,20,9,12,81,1,22,121.5259275,25.0520843
114,11,03,05,30,05中正區,中正區重慶南路2段與愛國西路口,0,0,1,1,C03,6,5,5,50,4,2,1,4,4,5,13,1,1,1,4,5,2,16,1,46,3,10,5,1,7,6,1,10,2,11,9,1,21,121.5125058,25.0348757
114,11,03,05,53,05中正區,中正區重慶南路3段與福州街口,0,0,2,1,C03,6,5,5,50,5,1,1,4,4,5,13,1,1,1,3,5,2,17,1,33,2,7,5,1,7,6,1,10,9,12,71,1,22,121.5161281,25.0270664
114,11,03,07,04,07信義區,信義區忠孝東路5段與忠孝東路5段743巷口,0,0,1,1,B03,6,6,5,50,4,1,1,4,4,5,13,2,1,1,4,5,1,16,1,61,3,10,3,4,7,6,1,8,1,2,9,1,22,121.5810734,25.0432344
114,11,03,07,20,03中山區,中山區龍江路與五常街口,0,0,1,1,C03,6,5,5,50,4,2,1,4,4,5,13,1,1,5,4,5,1,17,1,37,2,9,6,1,7,9,1,10,1,12,44,1,21,121.5409457,25.064238
114,11,03,07,35,05中正區,中正區水源路81號,0,0,2,1,A12,6,7,5,50,14,9,1,4,4,3,10,4,4,10,4,5,2,17,1,43,3,10,7,1,7,7,1,7,9,17,42,1,21,121.5197502,25.0209304
114,11,03,07,45,06松山區,松山區民權東路3段106巷與復興北路361巷口,0,0,1,1,B03,6,6,5,30,4,2,1,4,4,5,13,4,4,9,5,5,2,15,1,30,3,10,7,1,7,9,1,8,1,1,72,1,21,121.5448914,25.0604808
114,11,03,08,00,11南港區,南港區惠民街67號,0,0,1,1,B03,6,7,5,30,14,9,1,4,4,5,13,4,4,5,4,5,2,17,2,37,3,10,7,1,7,14,1,8,2,2,44,1,21,121.6099437,25.0582863
114,11,03,08,10,04大安區,大安區基隆路3段155巷與無名巷口(台大癌醫中心前),0,0,1,1,B03,6,7,5,30,4,1,1,4,4,5,13,4,4,9,2,5,2,17,1,48,3,10,7,1,7,6,1,8,1,2,44,1,21,121.5440041,25.01392542
114,11,03,08,10,11南港區,南港區三重路與重陽路口,0,0,1,1,B03,8,5,5,50,3,1,1,4,4,5,13,4,4,4,4,5,2,15,1,58,3,10,3,4,7,15,1,8,1,2,74,1,21,121.6129613,25.0618575
114,11,03,08,13,04大安區,大安區新生南路2段與和平東路2段口,0,0,1,1,C03,8,6,5,50,4,1,1,4,4,5,13,2,1,10,5,5,2,12,1,60,3,10,6,4,7,9,1,10,1,14,99,1,22,121.5349899,25.0260087
114,11,03,08,35,02萬華區,萬華區康定路156號,0,0,1,1,B03,7,6,5,50,14,9,1,4,4,5,13,4,4,5,4,5,2,17,1,72,3,10,7,1,7,11,1,8,1,17,27,1,21,121.5019169,25.0396005
114,11,03,08,35,03中山區,中山區長春路與長春路114巷口,0,0,1,1,C03,7,5,5,50,3,1,1,4,4,5,13,4,4,5,4,4,2,17,1,46,2,9,5,1,7,9,1,10,1,11,42,1,21,121.5290414,25.0549013
114,11,03,08,40,07信義區,信義區富陽街與崇德街口,0,0,1,1,B03,6,6,5,50,4,1,1,4,4,5,13,4,4,5,5,5,1,16,1,49,3,10,3,4,7,5,1,8,1,8,72,1,22,121.5562103,25.0238293
114,11,03,08,45,02萬華區,萬華區西藏路與中華路2段300巷13弄口,0,0,1,1,C03,6,6,5,50,3,2,1,4,4,5,13,4,4,3,4,5,2,17,1,59,3,10,6,1,7,6,1,10,1,12,5,1,21,121.5038257,25.0298844
114,11,03,08,48,05中正區,中正區愛國西路與延平南路口,0,0,1,1,C03,6,6,5,50,5,1,1,4,4,5,13,2,1,1,4,5,2,16,2,41,3,10,5,1,7,5,1,10,1,14,8,1,22,121.5080729,25.03703734
114,11,03,08,49,05中正區,中正區永福橋往台北,0,0,2,1,C03,6,7,5,50,8,9,1,4,4,5,13,4,4,5,5,5,2,17,1,20,2,9,5,1,7,9,1,10,1,11,16,1,22,121.528145,25.0115982
114,11,03,09,10,01大同區,大同區延平北路2段與民權西路口,0,0,2,1,F03,8,6,5,50,4,1,1,5,4,5,13,2,1,8,3,5,2,15,2,83,2,9,5,1,7,9,8,20,1,14,81,1,21,121.5113025,25.0628244
114,11,03,09,13,05中正區,中正區貴陽街1段與博愛路口旁,0,0,1,1,B03,7,5,5,50,14,9,1,4,4,5,13,4,4,9,4,5,2,16,1,28,3,10,7,1,7,6,1,8,1,2,9,1,21,121.51167,25.0388226
114,11,03,09,15,02萬華區,萬華區康定路與內江街口,0,0,1,1,B03,7,6,5,50,4,1,1,4,4,5,13,2,1,9,4,5,2,17,1,48,3,10,3,4,7,5,1,8,1,6,44,1,22,121.5023044,25.0417567
114,11,03,09,22,02萬華區,萬華區德昌街與寶興街140巷17弄口,0,0,2,1,C03,7,6,5,30,4,1,1,4,4,5,13,4,4,5,5,5,2,15,1,67,2,9,6,1,7,9,1,10,1,14,72,1,21,121.4944133,25.02355
114,11,03,09,31,10文山區,文山區羅斯福路5段218巷14號,0,0,1,1,H01,6,6,5,50,14,9,1,4,4,5,13,4,4,5,5,5,2,3,2,62,3,10,4,5,8,16,8,20,10,16,53,1,21,121.5378399,25.0021156
114,11,03,09,40,09北投區,北投區承德路7段303號,0,0,1,1,B12,7,6,5,60,14,8,1,5,4,5,13,4,4,1,3,5,2,16,1,54,3,10,7,1,7,6,1,8,1,5,9,1,26,121.5040201,25.1170034
114,11,03,09,44,06松山區,松山區三民路與三民路3巷口,0,0,1,1,C03,6,6,5,30,4,2,1,4,4,5,13,1,2,9,4,5,2,17,1,45,2,9,5,1,7,9,1,10,1,14,42,1,21,121.5638901,25.0520006
114,11,03,10,11,12內湖區,內湖區民權東路6段與民權東路6段15巷口,0,0,2,1,B03,7,6,5,50,3,1,1,5,4,5,13,4,4,1,3,5,1,16,2,64,3,10,7,1,7,6,1,8,2,2,9,1,21,121.5804864,25.0675153
114,11,03,10,26,06松山區,松山區三民路與延壽街口口,0,0,1,1,B03,8,6,5,50,4,2,1,5,4,5,13,2,1,8,3,5,2,12,1,54,3,10,7,1,7,15,1,8,1,5,17,1,21,121.5636968,25.0569344
114,11,03,10,55,09北投區,北投區承德路7段與承德路7段393巷口,0,0,1,1,B03,6,6,5,60,4,2,1,4,4,5,13,2,1,1,4,4,2,16,1,45,3,10,7,1,7,6,1,8,1,2,44,1,21,121.5015468,25.1192529
114,11,03,11,04,01大同區,大同區延平北路2段與民權西路口,0,0,2,1,C03,7,6,5,50,4,1,1,4,4,5,13,2,1,1,4,5,2,15,1,75,2,7,6,4,7,9,1,10,2,12,81,1,22,121.5111258,25.0628519
114,11,03,11,30,03中山區,中山區新生北路2段28號與林森北路259巷口,0,0,1,1,B03,7,7,5,50,3,1,1,5,4,5,13,4,4,9,5,5,2,17,1,26,3,10,7,1,7,8,1,8,1,2,100,1,21,121.5274083,25.0543584
114,11,03,11,42,06松山區,松山區東興路與八德路4段295巷18弄口,0,0,1,1,B12,6,7,5,50,3,1,1,4,4,5,13,4,4,9,4,5,2,15,1,29,3,10,7,1,7,9,1,8,1,5,44,1,22,121.5654674,25.0495698
114,11,03,12,20,03中山區,中山區敬業二路與敬業一路128巷口,0,0,1,1,B01,6,5,5,50,3,1,1,4,4,5,13,4,4,9,4,5,2,3,1,49,3,10,7,1,7,5,1,4,2,8,70,1,21,121.554349,25.08339
114,11,03,12,58,09北投區,北投區中央北路3段與中央北路3段252巷口,0,0,1,1,C03,8,7,5,50,3,2,1,5,4,5,13,2,1,5,4,5,2,16,1,70,2,9,6,1,7,7,1,10,1,14,100,1,22,121.4795897,25.1357434
114,11,03,13,02,05中正區,中正區中華路1段與寶慶路口,0,0,1,1,C03,6,6,5,50,5,1,1,4,4,5,13,1,1,1,4,1,1,17,2,54,2,9,6,1,7,6,1,10,2,12,9,1,22,121.5084563,25.0420142
114,11,03,13,30,08士林區,士林區仰德大道2段11巷與仰德大道2段口,0,0,1,1,B03,8,7,5,40,3,2,1,5,4,5,13,4,4,9,4,5,1,16,1,22,3,10,3,4,7,7,1,8,1,8,4,1,21,121.5419712,25.1036356
114,11,03,13,38,03中山區,中山區堤頂大道2段與樂群一路口,0,0,1,1,C03,7,6,5,50,4,2,1,4,4,5,13,2,1,1,4,5,2,17,1,44,2,8,6,1,7,9,1,10,1,11,108,1,21,121.5685186,25.0771747
114,11,03,14,00,04大安區,大安區仁愛路4段與大安路1段口,0,0,1,1,B02,8,5,5,50,4,1,1,5,4,5,13,2,1,10,4,5,2,16,1,54,3,10,7,1,7,5,1,8,1,1,44,1,21,121.5459012,25.0377673
114,11,03,14,33,09北投區,北投區東華街2段與公館路口,0,0,1,1,C04,8,7,5,40,14,9,1,5,4,5,13,4,4,10,4,5,2,16,2,67,2,9,6,1,7,7,1,11,1,14,100,1,22,121.5035893,25.1215469
114,11,03,14,37,04大安區,大安區信義路3段157巷與信義路3段147巷15弄口,0,0,1,1,C03,6,6,5,30,4,1,1,4,4,5,13,4,4,10,5,5,2,15,1,62,2,1,6,4,7,9,1,10,1,11,72,1,22,121.5429989,25.0350844
114,11,03,14,42,04大安區,大安區樂利路與樂利路5巷口口,0,0,2,1,C03,6,7,5,40,3,1,1,4,4,5,12,4,4,5,4,5,1,17,2,47,2,9,6,1,7,5,1,10,1,12,74,1,21,121.551021,25.0286092
114,11,03,15,05,05中正區,中正區中華路2段與莒光路口,0,0,1,1,C03,7,7,5,50,4,1,1,4,4,5,13,1,1,5,4,5,2,17,2,24,2,9,6,1,7,5,1,10,1,12,71,1,22,121.5041744,25.0313015
114,11,03,15,15,10文山區,文山區木柵路2段與興隆路4段口,0,0,1,1,A11,6,5,5,50,4,2,1,4,4,5,13,2,1,5,4,5,2,16,1,29,3,10,7,1,7,6,1,3,2,8,9,1,21,121.5601016,24.9886776
114,11,03,15,20,06松山區,松山區東興路21號,0,0,2,1,F01,6,6,5,30,14,9,1,4,4,5,13,4,4,9,4,5,2,17,1,93,4,11,4,1,7,9,8,20,1,15,80,1,22,121.565488,25.0495917
114,11,03,15,29,10文山區,文山區興隆路2段244巷與興隆路2段244巷口,0,0,2,1,H01,6,6,5,30,3,2,1,4,4,5,13,4,4,5,5,5,2,3,1,53,2,9,4,5,8,18,8,20,10,16,121,1,21,121.553264,25.0001877
114,11,03,15,51,03中山區,中山區長春路137巷與松江路170巷口,0,0,2,1,B01,8,7,5,30,4,1,1,5,4,5,13,4,4,10,5,5,2,15,1,54,3,10,7,1,7,9,1,4,2,8,72,1,26,121.5315501,25.05602952
114,11,03,16,10,03中山區,中山區龍江路265號,0,0,1,1,B03,6,7,5,50,14,9,1,4,4,5,13,4,4,8,5,5,2,17,1,59,3,10,7,1,7,15,1,8,9,17,101,1,21,121.5407557,25.05943319
114,11,03,16,13,07信義區,信義區光復南路與忠孝東路4段口,0,0,2,1,C03,6,6,5,50,4,1,1,4,4,5,13,2,1,3,2,5,2,17,2,49,2,9,6,1,7,9,1,10,2,12,42,1,21,121.5577921,25.0414088
114,11,03,17,05,02萬華區,萬華區西藏路與雙園街口,0,0,1,1,B03,6,5,5,50,3,1,1,4,4,5,13,3,1,1,4,5,2,3,2,51,3,10,7,1,7,9,1,4,1,1,70,1,21,121.4950432,25.0288652
114,11,03,17,08,05中正區,中正區市民大道2段與金山北路口,0,0,1,1,C03,6,5,5,40,4,1,1,4,4,5,13,2,1,5,4,5,2,17,1,36,3,10,5,1,7,12,1,10,1,14,16,1,22,121.530568,25.04597691
114,11,03,17,10,06松山區,松山區健康路與塔悠路口,0,0,1,1,C03,6,5,5,50,3,2,1,4,4,5,13,2,1,1,2,5,2,13,2,19,2,8,5,1,7,9,1,10,1,11,108,1,21,121.5694967,25.0544418
114,11,03,17,17,10文山區,文山區木柵路1段3號,0,0,1,1,C03,6,5,5,50,14,9,1,4,4,5,13,4,4,5,5,5,1,17,2,18,3,10,6,1,7,5,1,10,9,17,80,2,25,121.5426946,24.98836436
114,11,03,17,24,04大安區,大安區仁愛路4段266巷6號,0,0,1,1,B01,6,6,5,50,14,9,1,4,4,5,13,4,4,4,3,5,2,16,1,47,3,10,2,1,7,7,1,8,1,4,100,1,21,121.5529284,25.0372668
114,11,03,17,32,10文山區,文山區光輝路與下崙路口,0,0,1,1,B02,6,5,5,30,4,2,2,4,4,5,13,4,4,10,5,5,2,17,1,60,3,10,3,1,7,11,1,8,1,5,10,1,21,121.5549944,24.9869047
114,11,03,17,40,04大安區,大安區仁愛路4段與忠孝東路4段216巷口,0,0,1,1,B03,6,5,5,50,4,1,1,4,4,5,13,2,1,10,5,5,2,16,1,30,3,10,3,4,7,5,1,8,1,8,71,1,22,121.5529035,25.0377953
114,11,03,17,42,12內湖區,內湖區民權東路6段與民權東路6段46巷口,0,0,1,1,B01,6,5,5,50,4,1,1,4,4,5,13,2,1,1,4,5,2,17,1,34,3,10,3,4,7,6,1,8,1,6,9,1,22,121.5815877,25.0678743
114,11,03,17,50,11南港區,南港區南港路3段與南港路3段47巷口,0,0,1,1,C03,6,5,5,50,4,1,1,4,4,5,13,4,4,5,4,5,2,17,1,22,2,7,5,1,7,9,1,10,1,11,44,1,21,121.590145,25.053495
114,11,03,18,10,09北投區,北投區公館路與西安街1段口,0,0,2,1,C03,8,5,5,50,5,1,1,5,4,5,13,2,1,5,4,5,2,16,1,25,2,9,6,1,7,5,1,10,1,12,8,1,22,121.5027566,25.1214896
114,11,03,18,28,09北投區,北投區建民路與致遠一路1段口,0,0,2,1,B03,6,5,5,30,4,1,1,4,4,5,13,4,4,10,5,5,2,15,1,37,2,2,7,1,7,9,1,8,1,4,14,1,21,121.5171405,25.1078946
114,11,03,18,32,05中正區,中正區福和橋機車道(往新北市方向),0,0,1,1,C03,6,6,5,40,14,11,1,4,4,5,13,4,4,3,4,5,1,13,1,21,2,9,5,1,7,9,1,10,1,11,16,1,21,121.5215903,25.0204772
114,11,03,18,34,02萬華區,萬華區萬大路與德昌街口,0,0,2,1,B02,6,5,5,30,4,2,1,4,4,5,13,1,1,1,4,5,2,12,1,31,2,1,7,1,7,8,1,8,1,2,44,1,21,121.5003861,25.0253647
114,11,03,18,35,11南港區,南港區南港路2段286號,0,0,1,1,B03,6,5,5,50,14,9,1,4,4,5,13,4,4,5,4,5,2,16,1,28,3,10,7,1,7,7,1,8,1,7,100,1,21,121.5960892,25.0543972
114,11,03,18,41,06松山區,松山區寶清街與南京東路5段250巷2弄口,0,0,2,1,B02,6,5,5,50,4,1,1,4,4,5,13,4,4,5,5,5,2,15,2,63,3,10,3,4,7,9,1,8,1,4,44,1,21,121.5686202,25.0507546
114,11,03,18,50,12內湖區,內湖區新明路305號,0,0,2,1,C03,6,5,5,40,14,7,1,4,4,5,13,4,4,5,5,4,2,16,2,59,2,8,5,1,7,10,1,10,1,14,100,1,21,121.5847569,25.0570291
114,11,03,19,27,03中山區,中山區中山北路2段與民生東路1段口,0,0,1,1,B03,6,6,5,50,4,1,1,4,4,5,13,1,1,1,4,5,2,2,1,44,4,11,3,4,7,6,1,8,11,2,70,2,22,121.522906,25.0580888
114,11,03,19,29,06松山區,松山區八德路3段與北寧路口,0,0,1,1,B03,6,5,5,50,4,1,1,4,4,5,13,2,1,9,4,5,2,17,1,75,3,10,7,1,7,9,1,8,1,8,17,1,22,121.5526561,25.0481514
114,11,03,20,24,01大同區,大同區南京西路33號,0,0,2,1,A04,7,5,5,50,14,7,1,5,4,5,12,4,4,1,4,4,2,16,1,31,3,10,7,1,7,7,1,2,1,5,44,1,21,121.5200151,25.0527628
114,11,03,20,50,08士林區,士林區延平北路5段與中正路口,0,0,1,1,B03,8,6,5,50,4,1,1,5,4,5,13,2,1,4,4,5,2,17,2,44,3,10,3,4,7,5,1,8,1,5,8,1,21,121.5091506,25.0868937
114,11,03,21,47,01大同區,大同區民權西路與民權西路225巷口,0,0,1,1,C03,7,5,5,50,5,1,1,5,4,5,13,4,4,1,5,5,2,13,1,38,3,10,6,1,7,9,1,10,2,11,108,1,21,121.5120769,25.0628627
114,11,03,21,55,02萬華區,萬華區西園路2段42號,0,0,2,1,C03,6,5,5,50,14,9,1,4,4,5,13,4,4,1,4,5,2,13,1,23,2,9,5,1,7,9,1,10,1,11,44,1,21,121.4977111,25.0328362
114,11,03,22,04,02萬華區,萬華區漢口街2段78號,0,0,1,1,C03,7,5,5,50,14,9,1,5,4,5,13,4,4,10,4,5,2,12,1,40,2,7,6,1,7,7,1,10,1,14,100,1,21,121.5049134,25.0460748
114,11,03,22,25,05中正區,中正區羅斯福路4段與基隆路4段口,0,0,2,1,C04,6,5,5,50,5,1,1,4,4,5,13,1,1,1,4,5,2,16,2,24,2,9,5,1,7,5,1,10,1,14,8,1,21,121.53689,25.01148504
114,11,03,22,30,12內湖區,內湖區潭美街與安美街口,0,1,0,1,C03,6,5,5,40,4,2,1,4,4,5,13,2,1,5,5,5,2,17,1,71,5,9,5,1,7,9,1,10,2,11,108,1,21,121.5972356,25.0602789
114,11,03,23,40,05中正區,中正區仁愛路2段與金山南路1段口,0,0,1,1,C03,7,5,5,50,4,1,1,5,4,5,13,1,1,1,4,5,2,16,2,38,3,10,6,1,7,5,1,8,1,14,8,1,22,121.5282867,25.0381446
114,11,04,07,02,02萬華區,萬華區長沙街2段182號,0,0,1,1,C03,7,6,5,50,14,9,1,4,4,5,13,4,4,9,4,5,1,29,1,25,2,9,3,4,7,9,1,10,1,14,42,1,22,121.4999578,25.0412467
114,11,04,07,13,02萬華區,萬華區西藏路與寶興街口,0,0,2,1,C03,8,6,5,50,4,1,1,5,4,5,13,2,1,1,4,5,2,17,1,61,2,9,6,1,7,9,1,10,1,12,101,1,21,121.4924176,25.0284214
114,11,04,07,18,08士林區,士林區社中街346巷4弄與社中街346巷口,0,0,2,1,C03,8,6,5,30,4,1,1,5,4,5,13,4,4,10,5,5,1,15,2,42,2,9,5,1,7,9,1,10,2,12,72,1,21,121.5046105,25.0929433
114,11,04,07,29,04大安區,大安區金華街199巷與金華街199巷3弄口,0,0,2,1,B03,6,6,5,30,4,1,1,4,4,5,13,4,4,10,5,5,2,15,1,31,3,10,3,4,7,9,1,8,1,1,72,1,22,121.528159,25.0306771
114,11,04,07,35,09北投區,北投區大業路與育仁路口,0,0,1,1,B03,8,5,5,50,4,1,1,5,4,5,13,1,1,5,4,5,2,17,2,40,3,10,3,4,7,5,1,6,1,5,71,1,21,121.5010158,25.1370412
114,11,04,07,36,03中山區,中山區民權東路3段與民權東路3段60巷口,0,0,1,1,C03,8,7,5,50,4,2,1,4,4,5,13,2,1,3,4,5,2,12,1,44,2,1,6,1,7,9,1,10,1,12,108,1,26,121.5424141,25.06248656
114,11,04,07,45,02萬華區,萬華區華中橋往新北方向機車道,0,0,2,1,C03,7,6,5,40,14,11,1,5,4,5,13,4,4,3,4,3,2,13,2,54,2,8,3,4,7,15,1,10,1,13,16,1,22,121.4960979,25.0176104
114,11,04,07,57,03中山區,中山區南京東路3段與南京東路3段216巷口,0,0,1,1,C03,6,6,5,50,3,1,1,4,4,5,13,4,4,3,4,5,2,13,1,48,2,8,6,1,7,9,1,10,1,11,16,1,21,121.5434484,25.05174664
114,11,04,08,22,03中山區,中山區市民大道2段與林森北路口,0,0,1,1,C03,6,7,5,40,4,2,1,4,4,5,13,2,1,1,4,5,2,13,1,19,2,9,5,1,7,9,1,10,1,11,16,1,21,121.5244074,25.0478603
114,11,04,08,28,07信義區,信義區基隆路汽機車混合地下道往北,0,0,1,1,C03,6,6,5,50,7,9,1,4,4,5,13,4,4,3,3,5,2,18,2,24,2,9,6,1,7,9,1,10,9,14,44,1,21,121.5671621,25.03308787
114,11,04,08,30,03中山區,中山區中山橋下橋處,0,0,1,1,C03,7,6,5,50,14,9,1,4,4,5,13,4,4,3,4,5,1,12,1,44,3,10,6,1,7,9,1,10,2,13,101,1,21,121.5235377,25.0713631
114,11,04,08,30,12內湖區,內湖區安康路196號,0,0,1,1,B03,6,6,5,50,14,9,1,4,4,5,13,4,4,9,5,5,2,17,2,37,3,10,7,1,7,11,1,8,1,8,42,1,21,121.6023464,25.0630835
114,11,04,08,38,10文山區,文山區羅斯福路6段469巷與羅斯福路6段口,0,0,1,1,C03,7,6,5,30,4,1,1,5,4,5,13,2,1,10,5,5,2,16,1,78,2,7,5,1,7,5,1,10,2,11,44,1,21,121.5396046,24.9899531
114,11,04,08,38,07信義區,信義區吳興街與吳興街220巷口,0,0,1,1,B12,6,6,5,50,4,1,1,4,4,5,13,2,1,5,5,5,1,17,1,57,3,10,3,4,7,6,1,7,1,17,9,1,22,121.5631052,25.0276388
114,11,04,08,45,08士林區,士林區文林路643巷與文林路250巷口,0,0,1,1,B12,8,6,5,30,3,1,1,5,4,5,13,4,4,10,5,5,1,17,1,27,3,10,7,1,7,5,1,8,1,4,74,1,21,121.51932,25.09629492
114,11,04,08,50,09北投區,北投區承德路6段與福國路口,0,0,1,1,C03,8,5,5,50,4,1,1,5,4,5,13,1,1,3,2,3,2,17,1,70,2,9,3,4,7,8,1,10,1,12,100,1,21,121.5125385,25.1012465
114,11,04,09,00,12內湖區,內湖區成功路4段與成功路4段61巷口,0,0,1,1,B03,6,7,5,50,3,1,1,4,4,5,13,1,1,1,5,5,2,12,1,45,2,2,7,1,7,15,1,8,1,7,80,1,21,121.5923227,25.0820787
114,11,04,09,07,04大安區,大安區青田街與青田街6巷口,0,0,1,1,C03,6,6,5,30,4,1,1,4,4,5,13,2,1,9,5,5,2,15,1,34,2,9,6,1,7,9,1,10,1,11,72,1,21,121.5319738,25.0281011
114,11,04,09,42,03中山區,中山區八德路2段與市民大道3段口,0,0,1,1,B03,7,7,5,50,4,1,1,5,4,5,13,1,1,10,4,5,2,17,1,32,3,10,7,1,7,11,1,8,1,1,10,1,21,121.5353757,25.04563418