發生年度,發生月,發生日,發生時-Hours,發生分,區序,肇事地點,死亡人數,2-30日死亡人數,受傷人數,當事人序號,車種,天候,光線,道路類別,速限-速度限制,道路型態,事故位置,路面狀況1,路面狀況2,路面狀況3,道路障礙1,道路障礙2,號誌1,號誌2,車道劃分-分向,車道劃分-分道1,車道劃分-分道2,車道劃分-分道3,事故類型及型態,性別,年齡,受傷程度,主要傷處,保護裝置,行動電話,車輛用途,當事者行動狀態,駕駛資格情形,駕駛執照種類,飲酒情形,車輛撞擊部位1,肇因碼-個別,個人肇逃否,職業,座標-X,座標-Y
114,11,04,09,51,02萬華區,萬華區康定路與桂林路口,0,0,2,1,C03,8,6,5,50,4,1,1,5,4,5,13,2,1,5,4,5,2,17,1,75,2,8,5,1,7,5,1,10,1,12,74,1,21,121.5017233,25.0383973
114,11,04,10,15,08士林區,士林區文林路594巷與後街口口,0,0,2,1,C03,7,6,5,30,4,1,1,5,4,5,13,4,4,10,5,5,1,15,1,19,2,9,6,1,7,9,1,10,1,11,44,1,21,121.5223529,25.092331
114,11,04,10,20,11南港區,南港區經貿二路88巷世貿公園停車場入口處,0,0,1,1,B02,8,6,5,50,14,9,1,5,4,5,13,4,4,1,4,5,2,16,1,50,3,10,3,4,7,5,1,8,1,4,8,1,22,121.6144329,25.0577547
114,11,04,10,30,11南港區,南港區市民大道8段與中南街口,0,0,1,1,B03,7,7,5,30,4,1,1,5,4,5,13,2,1,5,5,5,2,17,1,49,3,10,7,1,7,5,1,8,2,1,107,1,21,121.6152512,25.0542133
114,11,04,10,41,08士林區,士林區文林路與文林路681巷口,0,0,2,1,C03,6,6,5,50,4,1,1,4,4,5,13,2,1,4,4,5,2,17,1,18,2,7,6,1,7,5,1,10,1,14,8,1,21,121.5193613,25.09628985
114,11,04,11,20,06松山區,松山區八德路4段688號,0,0,1,1,B01,6,6,5,40,14,8,1,4,4,5,13,4,4,1,4,4,2,12,1,68,3,10,3,1,7,15,1,4,2,4,40,1,22,121.5772657,25.05001145
114,11,04,11,24,02萬華區,萬華區萬大路187巷30號,0,0,2,1,C03,8,6,5,30,14,9,5,5,4,5,13,4,4,10,5,5,2,17,2,50,2,9,6,1,7,5,1,10,1,14,27,1,21,121.5012188,25.0281187
114,11,04,11,30,07信義區,信義區基隆路1段143號,0,0,1,1,B01,7,6,5,50,14,9,1,5,4,5,13,4,4,1,4,5,2,17,1,67,4,11,3,4,7,8,1,4,9,17,100,2,21,121.565749,25.0429958
114,11,04,12,05,11南港區,南港區成功路1段67號,0,0,1,1,C03,6,7,5,50,14,9,1,4,4,5,13,4,4,5,4,5,2,13,2,25,3,10,5,1,7,9,1,10,2,11,108,1,21,121.5926852,25.0567226
114,11,04,12,43,10文山區,文山區木柵路4段35-2號旁,0,0,1,1,F01,7,7,5,0,14,9,1,5,4,5,13,4,4,10,5,5,2,17,2,50,2,7,4,1,7,9,8,20,1,15,99,1,21,121.5715551,24.9943141
114,11,04,13,45,02萬華區,萬華區德昌街185巷與德昌街185巷12弄口,0,0,1,1,B03,8,7,5,30,3,1,1,5,4,5,13,4,4,10,5,5,2,17,2,56,3,10,3,4,7,5,1,8,1,8,74,1,22,121.4944733,25.0230888
114,11,04,13,50,04大安區,大安區安和路2段與敦化南路2段63巷口,0,0,1,1,B03,8,5,5,50,4,2,1,5,4,5,13,2,1,1,4,5,2,17,1,58,3,10,3,4,7,11,1,8,1,17,44,1,21,121.5523923,25.0309793
114,11,04,13,50,09北投區,北投區西安街1段271號,0,0,1,1,A02,7,6,5,50,14,9,1,5,4,5,13,4,4,9,4,5,2,12,1,52,3,10,7,1,7,9,1,2,2,6,17,1,21,121.5169112,25.1119002
114,11,04,14,03,03中山區,中山區北安路與崇實路口,0,0,1,1,C04,8,7,5,50,4,1,1,5,4,5,13,2,1,1,4,1,2,17,2,34,2,9,6,1,7,5,1,10,2,13,44,1,21,121.5443808,25.07950983
114,11,04,14,34,02萬華區,萬華區中華路2段與和平西路2段口,0,0,1,1,B01,8,7,5,50,4,2,1,5,4,5,13,1,1,9,5,5,2,16,1,55,3,10,7,1,7,6,1,3,1,5,9,1,21,121.5051997,25.0334071
114,11,04,14,35,08士林區,士林區至善路2段1號,0,0,1,1,C03,7,6,5,40,14,8,1,5,4,5,13,4,4,1,4,4,2,13,1,35,2,9,6,1,7,9,1,10,2,14,108,1,22,121.5435566,25.0972921
114,11,04,15,16,03中山區,中山區民權東路1段與林森北路口,0,0,2,1,C03,7,6,5,50,4,1,1,5,4,5,13,1,1,1,4,5,1,17,1,33,2,8,6,1,7,6,1,10,1,12,44,1,21,121.5254884,25.0625777
114,11,04,16,13,04大安區,大安區市民大道4段與延吉街口,0,0,1,1,C03,6,6,5,40,14,9,1,4,4,5,13,4,4,1,4,5,2,12,1,57,3,10,5,1,7,9,1,9,9,14,17,2,21,121.5539488,25.0442824
114,11,04,16,16,05中正區,中正區汀州路3段與師大路口,0,0,1,1,B12,6,7,5,50,4,2,1,4,4,5,13,1,1,1,4,5,2,17,1,37,3,10,7,1,7,7,1,8,2,7,44,1,22,121.5255484,25.020664
114,11,04,16,30,09北投區,北投區東華街2段與立農街2段202巷口,0,0,2,1,C03,7,5,5,50,4,1,1,5,4,5,13,1,1,9,4,5,2,16,1,55,2,8,5,1,7,5,1,10,2,14,8,1,21,121.5135261,25.1177646
114,11,04,16,35,05中正區,中正區水源路105號附近側附近,0,0,1,1,B03,6,6,5,50,14,9,1,4,4,5,13,4,4,1,4,5,1,17,1,71,3,10,7,1,7,7,1,8,2,4,100,1,21,121.5197229,25.0210398
114,11,04,16,45,03中山區,中山區民生東路2段與中原街口,0,0,1,1,B01,8,7,5,50,4,1,1,5,4,5,13,1,1,5,4,5,2,16,2,63,3,10,7,1,7,5,1,4,1,8,74,1,22,121.5288988,25.058064
114,11,04,16,50,10文山區,文山區木柵路3段85巷與木柵路3段85巷23弄口,0,0,1,1,H01,6,6,5,30,4,2,1,4,4,5,13,4,4,5,5,5,2,3,2,53,2,9,4,5,8,16,8,20,10,16,121,1,22,121.5676388,24.98954073
114,11,04,16,54,05中正區,中正區汀州路3段與思源街口,0,0,1,1,B03,6,5,5,50,4,1,1,4,4,5,13,1,1,5,4,5,2,17,1,25,3,10,7,1,7,5,1,8,1,8,44,1,22,121.5324024,25.0149721
114,11,04,17,13,11南港區,南港區研究院路2段與研究院路2段132巷口,0,0,2,1,C03,6,5,5,40,3,18,1,4,4,5,13,4,4,5,5,5,2,3,1,45,2,1,5,1,7,9,1,10,1,11,70,1,22,121.6174875,25.0396397
114,11,04,17,30,04大安區,大安區辛亥路1段與羅斯福路3段口,0,0,2,1,C03,7,6,5,50,4,2,1,4,4,5,13,2,1,1,4,5,2,13,1,28,2,9,3,4,7,9,1,10,1,14,16,1,21,121.5292959,25.0200618
114,11,04,17,30,12內湖區,(文德路22巷9弄52號前),0,0,2,1,C03,6,5,5,50,4,2,1,4,4,5,13,4,4,5,5,5,2,3,1,42,2,9,6,1,7,5,1,10,1,11,70,1,21,121.5788476,25.0769387
114,11,04,18,00,08士林區,士林區雙溪街與雨農橋口,0,0,1,1,B03,7,6,5,30,3,1,1,5,4,5,13,4,4,3,5,5,2,17,2,37,3,10,7,1,7,15,1,8,1,1,72,1,22,121.5328391,25.1012216
114,11,04,18,02,12內湖區,內湖區內湖路1段91巷與內湖路1段91巷38弄口,0,0,1,1,B03,8,5,5,30,3,2,1,5,4,5,13,4,4,10,5,5,2,17,1,53,3,10,7,1,7,6,1,8,2,6,9,1,21,121.5624506,25.08581711
114,11,04,18,04,02萬華區,萬華區堤外便道與桂林路口底水門口,0,0,2,1,C03,8,5,5,50,5,1,1,5,4,5,13,1,1,8,3,5,1,17,1,28,2,7,5,1,7,15,1,10,1,14,85,1,21,121.495857,25.0389939
114,11,04,18,06,07信義區,信義區忠孝東路5段22巷與松高路口19號,0,0,1,1,C03,6,5,5,50,14,9,1,4,4,5,13,4,4,9,4,5,2,12,1,38,2,8,5,1,7,11,1,10,1,13,10,1,22,121.5661582,25.0398553
114,11,04,18,17,01大同區,大同區長安西路與西寧北路口,0,0,2,1,B01,7,5,5,50,4,2,1,5,4,5,13,1,1,5,2,5,2,17,1,40,3,10,3,4,7,5,1,4,1,8,8,1,21,121.5086036,25.05199908
114,11,04,18,20,04大安區,大安區仁愛路3段與仁愛路3段123巷口口,0,0,1,1,A05,6,5,5,50,3,2,1,4,4,5,13,4,4,1,4,5,1,17,1,62,3,10,7,1,7,6,1,2,2,2,74,1,21,121.5420217,25.0382012
114,11,04,18,30,09北投區,北投區大業路與大業路65巷口,0,0,1,1,F01,8,5,5,0,4,2,1,5,4,5,13,2,1,1,4,5,2,17,1,12,2,9,4,1,7,9,8,20,9,11,42,1,22,121.4990569,25.1232332
114,11,04,18,32,10文山區,文山區辛亥路7段與木柵路1段口,0,0,2,1,B03,8,5,5,50,4,2,1,4,4,5,13,1,1,5,4,5,2,17,1,53,3,10,7,1,7,5,1,8,1,5,8,1,21,121.5519616,24.9878335
114,11,04,18,49,08士林區,士林區至誠路1段與至誠路1段62巷口,0,0,1,1,B01,8,6,5,50,5,2,1,5,4,5,13,2,1,9,4,5,1,3,1,50,3,10,7,1,7,5,1,4,1,2,70,1,21,121.5376069,25.10099859
114,11,04,18,55,08士林區,士林區中正路610號,0,0,1,1,B03,8,5,5,50,14,9,1,5,4,5,13,4,4,1,4,5,2,12,2,23,3,10,7,1,7,7,1,8,2,8,100,1,21,121.5095342,25.0869055
114,11,04,19,00,06松山區,松山區民權東路5段1號,0,0,1,1,A02,7,6,5,50,14,9,1,5,4,5,13,4,4,1,3,5,2,13,1,62,3,10,3,4,7,12,1,2,1,1,16,2,21,121.5643052,25.0630862
114,11,04,19,10,10文山區,文山區保儀路與保儀路26巷口,0,0,2,1,C03,6,5,5,50,4,18,1,4,4,5,13,1,1,5,5,5,2,3,1,76,3,10,6,1,7,5,1,10,2,11,70,1,21,121.5685554,24.9883722
114,11,04,19,12,04大安區,大安區敦化南路2段與和平東路3段口,0,0,1,1,C03,6,5,5,50,4,1,1,4,4,5,13,2,1,1,4,5,2,17,1,29,2,9,6,1,7,9,1,10,1,11,44,1,21,121.5489455,25.02466195
114,11,04,19,25,11南港區,南港區南港路2段與興南街口,0,0,1,1,B03,6,5,5,50,4,2,1,4,4,5,13,1,1,5,4,4,2,16,1,37,3,10,3,4,7,5,1,8,1,1,8,1,21,121.5975393,25.0540814
114,11,04,20,39,07信義區,信義區松仁路188號,0,0,2,1,C03,6,5,5,40,14,8,1,4,4,5,13,4,4,8,5,4,2,13,1,31,2,9,3,4,7,9,1,10,1,11,108,1,21,121.5683245,25.0278179
114,11,04,20,59,09北投區,北投區承德路7段與尊賢街243巷口,0,0,1,1,B02,8,5,5,60,4,2,1,5,4,5,13,2,1,1,4,4,2,16,1,30,3,10,7,1,7,1,1,8,1,7,19,1,22,121.5056754,25.1158948
114,11,04,22,06,07信義區,信義區忠孝東路5段與忠孝東路5段621巷口,0,0,1,1,B03,6,5,5,50,4,1,1,4,4,5,13,2,1,1,3,4,2,16,2,40,3,10,3,4,7,5,1,8,1,1,71,1,22,121.5791729,25.0416103
114,11,04,22,40,01大同區,大同區民權西路與大龍街口,0,0,2,1,C03,7,5,5,50,4,1,1,5,4,5,13,2,1,8,3,5,1,13,2,36,2,9,6,4,7,9,1,10,1,11,108,1,21,121.5160858,25.0630766
114,11,04,23,40,11南港區,南港區同德路與同德路85巷口,0,0,1,1,B03,6,5,5,50,4,1,1,4,4,5,13,2,1,4,3,5,2,17,1,37,3,10,3,4,7,11,1,8,1,17,10,1,21,121.5858161,25.0460298
114,11,04,23,43,06松山區,松山區塔悠路45號,0,0,1,1,B03,8,5,5,50,14,9,1,4,4,5,13,4,4,1,4,5,2,13,1,42,3,10,7,1,7,1,1,8,1,1,19,1,21,121.5711534,25.0508771
114,11,05,02,03,01大同區,大同區環河北路1段與長安西路口,0,0,2,1,C03,8,5,5,50,5,2,1,5,4,5,13,4,4,1,5,5,2,13,1,21,2,9,5,1,7,9,1,10,2,11,108,1,21,121.5072129,25.0518212
114,11,05,03,28,03中山區,中山區林森北路282號,0,0,1,1,B03,8,5,5,50,14,9,1,5,4,5,13,4,4,9,4,5,2,12,1,42,3,10,3,4,7,1,1,7,1,5,80,1,21,121.5247185,25.0556359
114,11,05,05,45,03中山區,中山區林森北路與南京東路口側附近1段口,0,0,1,1,B03,8,5,5,50,14,18,1,5,4,5,13,2,1,9,4,4,1,3,1,38,3,10,7,1,7,5,1,8,2,8,70,1,22,121.5229623,25.0520617
114,11,05,06,56,12內湖區,內湖區南京東路6段與舊宗路1段口,0,0,1,1,B03,6,6,5,50,4,1,1,4,4,5,13,2,1,1,4,5,2,17,1,42,2,7,7,1,7,5,1,8,8,8,83,1,22,121.5806232,25.05850999
114,11,05,07,11,04大安區,大安區忠孝東路3段與復興南路1段口,0,0,1,1,B02,6,5,5,50,4,1,1,4,4,5,13,2,1,1,3,5,2,17,1,47,3,10,3,4,7,6,1,8,1,2,71,1,22,121.5436917,25.0415231
114,11,05,07,34,02萬華區,萬華區萬大路與德昌街口,0,0,1,1,C03,6,6,5,30,4,2,1,4,4,5,13,2,1,1,4,5,2,13,1,60,2,9,6,1,7,8,1,10,1,12,100,1,21,121.5003996,25.0254575
114,11,05,07,37,07信義區,信義區莊敬路與吳興街269巷口,0,0,1,1,B03,6,7,5,30,3,1,1,4,4,5,13,4,4,9,5,5,2,16,1,41,3,10,7,1,7,5,1,8,1,1,72,1,21,121.5650192,25.0276199
114,11,05,07,43,04大安區,大安區信義路2段198巷與永康街13巷口,0,0,2,1,B03,6,6,5,30,4,1,1,4,4,5,13,4,4,10,5,5,2,15,1,53,3,10,3,4,7,9,1,8,1,5,72,1,22,121.5305405,25.03276
114,11,05,07,43,10文山區,文山區和興路與木柵路1段58巷口,0,0,1,1,C03,6,6,5,30,3,1,1,4,4,5,13,4,4,10,5,5,2,17,2,42,2,8,6,1,7,14,1,10,2,11,44,1,21,121.5462727,24.986146
114,11,05,07,50,03中山區,中山區市民大道2段與林森北路口,0,0,1,1,B03,6,5,5,40,4,1,1,4,4,5,13,1,1,1,4,5,2,16,1,48,3,10,3,4,7,5,1,8,1,4,8,1,21,121.5239676,25.04695003
114,11,05,08,06,04大安區,大安區杭州南路2段與金華街口,0,0,1,1,B01,6,5,5,50,4,2,1,4,4,5,13,2,1,4,3,5,2,12,1,64,4,11,3,4,7,6,1,4,9,17,44,1,21,121.5223218,25.0307381
114,11,05,08,10,07信義區,信義區福德街251巷7弄20號,0,0,1,1,C03,6,6,5,30,14,9,1,4,4,5,13,4,4,10,5,5,2,18,1,69,2,9,5,1,7,9,1,10,9,12,44,1,21,121.5867664,25.0380878
114,11,05,08,25,03中山區,中山區民權東路1段與民權東路1段71巷口,0,0,2,1,,7,7,5,50,3,2,1,5,4,5,13,4,4,1,4,5,2,17,4,0,,,,,,,,,11,,119,2,21,121.5268346,25.06285629
114,11,05,08,30,09北投區,北投區立德路15號,0,0,1,1,B03,7,5,5,50,14,9,1,5,4,5,13,4,4,5,4,5,2,17,1,49,3,10,3,4,7,5,1,8,2,6,8,1,21,121.471502,25.1244397
114,11,05,08,43,03中山區,中山區大直橋與北安路口,0,0,1,1,A04,7,5,5,50,8,9,1,4,4,5,13,1,1,1,4,5,2,9,1,61,3,10,3,4,7,9,1,2,1,17,44,1,21,121.5457685,25.07982389
114,11,05,08,55,12內湖區,內湖區瑞湖街與舊宗路2段181巷口,0,0,1,1,C03,6,7,5,50,3,1,1,4,4,5,13,4,4,5,5,5,2,17,1,38,2,9,5,1,7,9,1,10,1,14,44,1,21,121.5762317,25.0718752
114,11,05,08,55,12內湖區,內湖區瑞光路76巷與瑞光路口側附近112巷口,0,0,1,1,C03,8,6,5,50,4,1,1,4,4,5,13,2,1,4,5,5,2,17,1,45,2,9,6,1,7,9,1,10,1,17,44,1,21,121.5804255,25.0704762
114,11,05,09,10,03中山區,中山區民權西路與天祥路口,0,0,1,1,C03,8,6,5,50,4,1,1,5,4,5,13,1,1,3,4,5,1,17,1,73,2,8,6,1,7,6,1,10,1,12,9,1,21,121.5207535,25.0627128
114,11,05,09,32,04大安區,大安區安和路2段與安和路2段32巷口,1,0,0,1,F01,8,7,5,30,4,1,1,5,4,5,13,2,1,1,4,5,2,15,1,81,1,9,4,1,7,11,8,20,9,12,11,1,21,121.5524109,25.0317327
114,11,05,09,46,03中山區,中山區明水路與北安路458巷口,0,0,1,1,C03,6,7,5,50,3,1,1,4,4,5,13,1,1,9,4,5,2,13,1,48,2,7,6,1,7,9,1,10,1,12,16,1,21,121.5447932,25.07743678
114,11,05,09,52,02萬華區,萬華區和平西路3段與桂林路246巷口,0,0,1,1,B03,7,6,5,50,3,1,1,5,4,5,13,1,1,1,5,5,2,17,1,52,3,10,7,1,7,6,1,8,2,8,42,1,21,121.4910611,25.0357778
114,11,05,10,39,07信義區,信義區基隆路2段與信義路5段口,0,0,1,1,C03,8,6,5,50,4,1,1,5,4,5,13,1,1,9,4,5,2,13,1,28,3,10,6,1,7,9,1,10,1,11,16,1,21,121.5595486,25.0328859
114,11,05,10,51,05中正區,中正區羅斯福路3段與羅斯福路3段316巷口口,0,0,2,1,C03,8,6,5,50,4,1,1,5,4,5,13,1,1,1,4,5,1,17,1,20,2,8,6,1,7,9,1,10,1,11,81,1,21,121.5320761,25.0164593
114,11,05,11,00,04大安區,大安區和平東路2段與建國南路2段口,0,0,1,1,C03,8,7,5,50,4,2,1,5,4,5,13,2,1,1,4,5,1,17,1,24,2,9,6,1,7,9,1,10,1,11,16,1,21,121.5376633,25.0257344
114,11,05,11,01,02萬華區,萬華區西園路2段與西藏路口,0,0,2,1,C03,8,6,5,50,4,1,1,5,4,5,13,2,1,1,4,5,2,13,2,72,2,9,6,1,7,1,1,10,2,11,42,1,22,121.4955763,25.0285132
114,11,05,11,12,12內湖區,內湖區成功路2段北上入口匝道,0,0,1,1,B03,8,7,8,50,4,2,1,5,4,5,13,1,1,1,4,5,2,16,1,23,3,10,7,1,7,6,1,8,2,2,9,1,21,121.5909725,25.0641816
114,11,05,11,22,07信義區,信義區松勇路,0,0,1,1,F01,8,7,5,30,22,23,4,5,4,5,13,4,4,10,5,5,2,29,2,50,2,9,4,1,7,9,8,20,1,17,44,1,21,121.5697194,25.0364971
114,11,05,11,23,05中正區,中正區信義路2段85號,0,0,1,1,C03,8,6,5,50,14,9,1,5,4,5,13,4,4,1,4,5,2,17,2,54,2,7,5,1,7,8,1,10,1,12,100,1,21,121.5267948,25.0343125
114,11,05,11,30,08士林區,士林區中山北路5段劍潭公車站,0,0,1,1,C03,8,6,5,50,14,9,1,5,4,5,13,4,4,1,3,5,1,24,2,29,2,9,5,1,7,8,1,10,1,12,108,1,21,121.5245686,25.0814947
114,11,05,11,31,12內湖區,內湖區麥帥一橋西向東下內湖匝道,0,0,1,1,B11,8,6,5,40,10,16,1,5,4,5,13,4,4,4,4,5,1,13,1,53,3,10,7,1,7,9,1,8,1,1,108,1,21,121.574765,25.0535355
114,11,05,11,55,05中正區,中正區汀州路2段182巷與金門街24巷口,0,0,1,1,C03,7,7,5,30,4,1,1,5,4,5,13,4,4,10,5,5,2,15,2,30,2,9,5,1,7,9,1,10,2,11,75,1,22,121.5222531,25.0222309
114,11,05,12,03,07信義區,信義區虎林街57-19號,0,0,2,1,C03,8,6,8,50,22,22,4,5,4,5,13,4,4,9,4,4,2,29,2,33,3,10,6,1,7,3,1,10,1,11,18,1,21,121.5770715,25.0466104
114,11,05,12,50,08士林區,士林區新安路與仰德大道3段106巷口,0,0,1,1,C03,8,6,5,30,4,2,1,5,4,5,13,4,4,10,5,5,1,17,1,19,3,10,6,1,7,5,1,10,1,13,8,1,21,121.554744,25.120828
114,11,05,13,07,12內湖區,內湖區舊宗路1段135號,0,0,1,1,B03,8,6,5,50,14,9,1,5,4,5,13,4,4,1,4,5,2,17,1,32,3,10,3,4,7,14,1,8,2,4,40,1,22,121.5790959,25.0605834
114,11,05,13,10,05中正區,中正區漢口街1段134號,0,0,1,1,C03,8,5,5,50,14,9,1,5,4,5,13,4,4,10,4,5,1,17,2,59,2,9,5,1,7,7,1,10,1,11,100,1,21,121.5100262,25.0451753
114,11,05,13,20,08士林區,士林區中正路404號與中正路口,0,0,1,1,B03,8,6,5,50,4,1,1,5,4,5,13,4,4,10,3,5,1,17,2,72,3,10,7,1,7,5,1,8,1,17,74,1,21,121.5211183,25.0941654
114,11,05,13,29,08士林區,士林區重陽橋機車匝道往三重,0,0,2,1,C03,8,6,6,50,8,11,1,5,4,5,13,4,4,7,2,5,1,13,1,21,2,7,6,1,7,9,1,10,1,11,16,1,21,121.5053682,25.08581588
114,11,05,13,31,11南港區,南港區市民大道8段與南港路2段41巷口,0,0,4,1,C03,8,6,5,50,4,1,1,5,4,5,13,2,1,3,4,5,2,16,2,23,2,8,5,1,7,5,1,10,1,12,8,1,22,121.6033356,25.0527239
114,11,05,13,40,08士林區,士林區至善路1段與福林路254巷口,0,0,1,1,B12,8,6,5,50,3,2,1,5,4,5,13,1,1,10,4,4,1,17,1,44,3,10,7,1,7,7,1,8,2,5,100,1,21,121.5377248,25.09821826
114,11,05,14,06,02萬華區,萬華區忠孝西路2段與西寧南路口,0,0,1,1,B02,7,6,5,50,4,1,1,5,4,5,13,2,1,5,5,5,2,16,1,45,3,10,3,4,7,6,1,4,1,2,17,1,22,121.5076405,25.0484816
114,11,05,14,08,04大安區,大安區仁愛路3段與新生南路1段口,0,0,1,1,B03,8,5,5,50,4,1,1,5,4,5,13,2,1,1,2,1,2,17,1,22,3,10,7,4,7,6,1,8,1,17,9,1,22,121.532884,25.0383405
114,11,05,14,30,03中山區,中山區中山北路3段與民權西路口,0,0,2,1,C03,8,6,5,50,4,1,1,5,4,5,13,1,1,8,4,1,1,17,1,85,2,9,6,1,7,6,1,10,1,12,9,1,21,121.5224379,25.0629889
114,11,05,15,10,08士林區,士林區德行東路140號,0,0,1,1,B03,8,7,5,50,14,9,1,5,4,5,13,2,1,9,4,5,2,17,1,54,3,10,7,1,7,9,1,8,1,1,108,1,21,121.5292141,25.1079859
114,11,05,15,30,06松山區,松山區民權東路5段44號,0,0,2,1,B03,7,6,5,50,14,7,1,5,4,5,13,1,1,1,4,4,2,13,2,35,2,8,7,1,7,9,1,8,2,1,16,1,21,121.5648183,25.063024
114,11,05,15,35,12內湖區,內湖區瑞光路407號,0,0,1,1,B03,8,6,5,50,14,9,1,5,4,5,13,4,4,5,4,5,2,17,1,53,3,10,7,1,7,1,1,8,2,1,19,1,22,121.5713176,25.0780322
114,11,05,15,41,02萬華區,萬華區昆明街與長沙街2段口,0,0,1,1,B03,8,5,8,50,22,22,1,5,4,5,13,4,4,10,5,5,2,17,2,25,3,10,3,4,7,1,1,8,2,8,19,1,21,121.5043721,25.0406396
114,11,05,16,24,12內湖區,內湖區陽光街與成功路口側附近3段口,0,0,2,1,,8,6,5,50,4,1,1,5,4,5,13,2,1,4,5,5,2,17,4,0,,,,,7,21,7,19,11,15,119,2,22,121.5898614,25.0774637
114,11,05,16,25,08士林區,士林區雨聲街105號(陽明醫院急診出入口),0,0,1,1,C03,8,6,5,50,3,2,1,5,4,5,13,1,1,10,4,5,1,17,2,45,3,10,6,1,7,11,1,10,1,11,80,1,21,121.5312825,25.10459742
114,11,05,17,37,04大安區,大安區基隆路4段與基隆路4段73巷口,0,0,2,1,B03,7,5,5,50,4,2,1,5,4,5,13,2,1,1,4,4,1,17,1,31,3,10,7,1,7,6,1,8,1,5,9,1,21,121.5395582,25.0129862
114,11,05,17,50,05中正區,中正區汀州路3段與辛亥路1段口,0,0,2,1,C03,7,5,5,50,5,1,1,4,4,5,13,1,1,8,3,5,2,12,1,63,2,9,5,1,7,9,1,10,2,12,44,1,21,121.5273892,25.0184164
114,11,05,17,55,01大同區,大同區民族西路203號,0,0,1,1,B03,7,5,5,50,14,9,1,5,4,5,13,4,4,5,4,5,2,17,1,29,3,10,3,4,7,9,1,8,1,5,42,1,21,121.5144691,25.0686836
114,11,05,18,06,05中正區,中正區師大路與汀州路3段口,0,0,1,1,B01,8,5,5,50,5,1,1,5,4,5,13,2,1,3,4,5,2,17,2,56,3,10,7,1,7,6,1,4,1,5,9,1,21,121.5254727,25.0207911
114,11,05,18,08,07信義區,信義區基隆路2段與嘉興街175巷口,0,0,2,1,C03,7,5,5,30,3,2,1,5,4,5,13,4,4,9,4,5,2,17,2,26,2,9,5,4,7,6,1,10,1,14,72,1,21,121.5567058,25.0281057
114,11,05,18,11,02萬華區,萬華區中興橋機慢車引道(上橋往新北市),0,0,2,1,C03,7,5,7,30,14,11,1,5,4,5,13,4,4,10,5,5,2,13,1,35,2,9,5,1,7,9,1,10,1,11,108,1,21,121.5022836,25.045604
114,11,05,18,18,04大安區,大安區和平東路3段與敦化南路2段口口,0,0,2,1,C03,6,5,5,50,4,1,1,4,4,5,13,2,1,1,4,5,2,17,1,53,2,8,5,1,7,12,1,10,1,15,44,1,22,121.5484225,25.0245585
114,11,05,18,40,08士林區,士林區通河東街1段124巷與通河東街1段口,0,0,1,1,C03,7,6,5,30,14,9,1,5,4,5,13,4,4,10,5,5,2,10,2,23,2,8,6,1,7,9,1,10,2,11,5,1,22,121.5158957,25.0865753
114,11,05,19,01,09北投區,北投區文林北路94巷與西安街1段口,0,0,1,1,C03,7,5,5,50,4,1,1,5,4,5,13,2,1,10,5,5,2,15,1,46,2,9,5,1,7,9,1,10,2,12,81,1,21,121.5198992,25.1077728
114,11,05,19,20,04大安區,大安區基隆路2段188號,0,0,1,1,C03,8,5,5,50,14,9,1,5,4,5,13,4,4,3,4,5,2,17,1,21,2,8,5,1,7,9,1,10,1,12,108,1,22,121.5530778,25.0248839
114,11,05,19,39,12內湖區,內湖區成功路2段與民權東路6段口東南角,0,0,1,1,B03,6,5,5,50,4,2,1,4,4,5,13,1,1,9,4,5,2,17,1,27,3,10,3,4,7,8,1,8,9,17,100,1,21,121.5909321,25.0686749
114,11,05,20,08,03中山區,中山區北安路518巷與北安路458巷47弄口,0,0,2,1,B03,8,5,5,50,4,1,1,5,4,5,13,4,4,10,4,5,1,10,1,47,3,10,7,1,7,9,1,8,2,1,14,1,22,121.5466291,25.0786796
114,11,05,20,11,01大同區,大同區昌吉街30號,0,0,1,1,C03,7,5,5,20,3,1,1,5,4,5,13,4,4,8,3,5,1,16,1,26,2,8,5,4,7,5,6,18,1,12,72,1,21,121.5171916,25.0658618
114,11,05,23,10,03中山區,中山區民權西路與天祥路口,0,0,2,1,C03,8,5,5,50,14,9,1,5,4,5,13,4,4,3,4,4,2,12,1,22,2,9,3,4,7,7,3,18,1,13,96,1,21,121.5211665,25.0625977
114,11,06,01,50,03中山區,中山區林森北路85巷9號,0,0,1,1,B01,8,5,5,50,14,9,1,5,4,5,13,4,4,10,5,5,1,1,1,41,3,10,7,1,7,9,1,8,2,4,44,1,21,121.5251574,25.0497678
114,11,06,03,36,01大同區,大同區市民大道1段與市民大道1段口Y1出口,0,0,1,1,B01,8,5,5,30,3,1,1,5,4,5,10,4,4,1,4,5,2,16,1,53,3,10,7,1,7,6,1,1,2,8,73,1,21,121.5187227,25.0485159
114,11,06,04,03,01大同區,大同區太原路169號對面,0,0,1,1,C03,8,5,5,50,14,9,1,5,4,5,13,4,4,5,5,5,2,13,1,46,2,9,5,1,7,9,1,10,1,11,44,1,21,121.5166914,25.0558221
114,11,06,06,27,07信義區,信義區基隆路2段149號,0,0,1,1,B03,8,6,5,50,14,9,1,5,4,5,13,4,4,1,5,5,2,12,2,60,3,10,3,4,7,8,1,8,1,2,100,1,22,121.5555662,25.0269153