發生年度,發生月,發生日,發生時-Hours,發生分,區序,肇事地點,死亡人數,2-30日死亡人數,受傷人數,當事人序號,車種,天候,光線,道路類別,速限-速度限制,道路型態,事故位置,路面狀況1,路面狀況2,路面狀況3,道路障礙1,道路障礙2,號誌1,號誌2,車道劃分-分向,車道劃分-分道1,車道劃分-分道2,車道劃分-分道3,事故類型及型態,性別,年齡,受傷程度,主要傷處,保護裝置,行動電話,車輛用途,當事者行動狀態,駕駛資格情形,駕駛執照種類,飲酒情形,車輛撞擊部位1,肇因碼-個別,個人肇逃否,職業,座標-X,座標-Y
114,11,06,07,00,12內湖區,內湖區成功路4段與成功路4段20巷口,0,0,1,1,B03,7,6,5,50,4,2,1,5,4,5,13,2,1,1,4,5,2,12,1,60,3,10,7,1,7,4,1,8,1,2,1,1,21,121.5914657,25.0813392
114,11,06,07,11,12內湖區,內湖區成功路2段與安康路口口,0,0,2,1,C03,8,6,5,50,14,9,1,5,4,5,13,4,4,1,4,5,2,12,2,29,2,9,5,1,7,9,1,10,9,14,118,2,21,121.5913121,25.060957
114,11,06,07,23,07信義區,信義區吳興街與吳興街432巷口,0,0,1,1,C03,8,6,5,30,14,9,1,5,4,5,12,4,4,5,2,5,2,13,1,56,3,10,6,1,7,9,1,11,1,11,42,1,21,121.5679961,25.0243754
114,11,06,07,41,06松山區,松山區撫遠街與撫遠街379巷口,0,0,1,1,B03,8,6,5,50,4,1,1,5,4,5,13,2,1,3,4,5,2,17,1,53,3,10,3,4,7,9,1,8,1,5,44,1,22,121.565854,25.0642067
114,11,06,07,46,10文山區,文山區興隆路3段115巷（興華國小側門 ）,0,0,1,1,B03,8,7,8,30,11,9,1,5,4,5,13,4,4,10,5,5,2,17,1,75,3,10,7,1,7,9,1,8,1,5,44,1,22,121.5588959,24.9996455
114,11,06,07,50,04大安區,大安區和平東路3段與敦化南路2段口,0,0,1,1,C04,8,6,5,50,4,1,1,5,4,5,13,2,1,10,5,5,2,17,1,28,3,10,6,4,7,9,1,9,1,11,108,1,22,121.5484218,25.024505
114,11,06,07,50,12內湖區,內湖區成功路4段202號,0,0,1,1,C03,8,7,5,50,14,9,1,5,4,5,13,4,4,1,5,5,2,9,2,58,3,10,5,1,7,9,1,10,2,11,108,1,21,121.5957989,25.08438404
114,11,06,07,56,01大同區,大同區通河西街1段（燈桿0802676）,0,0,3,1,C03,8,6,5,30,14,9,1,5,4,5,13,4,4,10,5,5,2,17,1,34,2,9,5,4,7,9,1,10,1,11,42,1,21,121.5178383,25.07770314
114,11,06,08,25,08士林區,士林區至善路2段221號,0,0,1,1,B03,8,6,5,30,14,9,1,5,4,5,13,3,1,1,4,5,1,17,2,47,3,10,7,1,7,5,1,8,2,2,8,1,21,121.5498312,25.10019892
114,11,06,08,33,07信義區,信義區吳興街與吳興街260巷口口,0,0,1,1,C03,8,6,5,30,4,2,1,5,4,5,13,4,4,5,5,5,2,17,1,77,2,8,6,1,7,6,1,10,2,14,108,1,22,121.5637617,25.0266782
114,11,06,08,44,01大同區,大同區重慶北路3段113巷與昌吉街61巷口,0,0,1,1,B03,8,5,5,50,4,1,1,5,4,5,13,4,4,5,5,5,2,17,1,58,3,10,7,1,7,1,1,8,1,8,19,1,21,121.5147371,25.0672285
114,11,06,08,45,08士林區,士林區中正路與重慶北路4段口口,0,0,2,1,C03,8,6,5,50,3,1,1,5,4,5,13,1,1,10,4,5,2,13,1,83,2,9,6,1,7,9,1,10,1,11,108,1,21,121.511264,25.0872773
114,11,06,09,00,11南港區,南港區成福路與成福路26巷口,0,0,3,1,F02,8,6,5,25,4,1,1,5,4,5,13,3,1,5,5,5,2,15,1,77,2,8,4,1,7,9,8,20,2,14,72,1,21,121.5862096,25.0454569
114,11,06,09,08,04大安區,大安區新生南路3段90號,0,0,4,1,C03,8,5,5,50,14,7,1,5,4,5,13,4,4,8,3,4,1,17,1,32,2,9,3,4,7,15,1,10,1,11,44,1,21,121.5340177,25.0177661
114,11,06,09,35,04大安區,大安區和平東路3段與基隆路2段口,0,0,1,1,C03,8,5,8,50,22,22,1,5,4,5,13,2,1,3,3,5,2,12,2,49,2,9,3,4,7,9,1,10,1,14,17,1,21,121.5528299,25.0247199
114,11,06,09,43,01大同區,大同區赤峰街與赤峰街41巷口,0,0,2,1,C03,8,5,5,30,4,1,1,5,4,5,13,4,4,10,5,5,2,15,1,48,2,9,5,1,7,9,1,10,1,14,72,1,21,121.5196128,25.05489
114,11,06,09,45,07信義區,信義區忠孝東路4段515號對面,0,0,1,1,C03,8,6,5,50,14,9,1,5,4,5,13,4,4,3,4,5,2,13,1,33,2,7,6,1,7,9,1,10,1,11,108,1,21,121.5597833,25.041216
114,11,06,10,01,03中山區,中山區中山北路3段8號,0,0,2,1,C03,8,7,5,50,14,9,1,5,4,5,13,4,4,1,4,5,2,13,1,22,2,9,5,1,7,9,1,10,1,11,108,1,22,121.5220687,25.06398508
114,11,06,10,30,03中山區,中山區錦州街312號,0,0,1,1,C03,7,7,5,50,14,9,1,5,4,5,13,4,4,9,5,5,2,17,2,24,2,8,6,1,7,9,1,10,1,11,107,1,21,121.5380329,25.06021913
114,11,06,10,39,08士林區,士林區承德路5段與士商路口,0,0,1,1,B03,8,6,5,60,4,1,1,5,4,5,13,1,1,1,4,5,2,16,1,52,3,10,7,1,7,6,6,8,1,2,9,1,26,121.5141285,25.0961056
114,11,06,10,55,02萬華區,萬華區西園路2段與西藏路口,0,0,2,1,C03,8,6,5,50,4,2,1,5,4,5,13,2,1,1,2,5,2,12,1,40,2,9,6,1,7,9,1,10,1,14,44,1,21,121.4954927,25.0283997
114,11,06,11,05,03中山區,中山區中山北路2段與中山北路2段36巷口,0,0,1,1,C03,8,5,5,50,3,1,1,5,4,5,13,4,4,1,4,5,2,3,2,49,3,10,3,4,7,6,1,10,1,11,117,1,21,121.5227286,25.05431269
114,11,06,11,16,06松山區,松山區虎林街3號,0,0,3,1,C03,8,6,5,40,14,9,1,5,4,5,13,2,1,1,4,5,2,13,2,53,2,9,6,1,7,9,1,10,1,11,108,1,21,121.5762988,25.0494433
114,11,06,11,45,02萬華區,萬華區萬板大橋(近燈桿7010587),0,0,2,1,C03,8,6,5,50,8,8,1,5,4,5,13,4,4,1,4,3,2,13,2,50,2,9,3,4,7,13,1,10,1,13,42,1,22,121.4890778,25.0305819
114,11,06,11,54,06松山區,松山區南京東路4段與南京東路4段133巷口,0,0,3,1,C03,8,5,5,50,5,1,1,5,4,5,13,2,1,1,3,5,2,16,1,50,2,9,5,1,7,5,1,10,1,11,71,1,22,121.5550645,25.051639
114,11,06,12,03,10文山區,文山區木新路3段與木新路3段310巷口口,0,0,1,1,B01,8,7,5,50,4,1,1,5,4,5,13,1,1,5,4,4,2,16,1,60,3,10,7,1,7,9,1,4,2,8,108,1,21,121.5572609,24.980832
114,11,06,12,05,01大同區,大同區延平北路3段與民權西路口,0,0,3,1,C03,8,6,5,50,5,1,1,5,4,5,13,2,1,1,4,5,2,13,1,21,2,9,6,1,7,9,1,10,1,11,108,1,21,121.5113141,25.0630116
114,11,06,12,07,04大安區,大安區四維路154巷與四維路口,0,0,1,1,F01,8,5,5,30,4,1,1,5,4,5,13,4,4,10,5,5,2,12,1,62,3,10,4,1,7,5,8,20,9,13,8,1,21,121.5480119,25.0309961
114,11,06,12,28,03中山區,中山區南京東路2段6號,0,0,1,1,F01,7,7,8,0,14,23,2,5,4,5,13,4,4,1,4,4,2,9,4,0,,,,,,,,,11,,119,2,,121.5283094,25.0519122
114,11,06,12,29,04大安區,大安區復興南路2段148巷與復興南路2段口,0,0,1,1,B01,8,7,5,50,4,1,1,5,4,5,13,2,1,1,4,5,2,17,1,50,3,10,7,1,7,9,1,4,1,1,44,1,21,121.543398,25.0283949
114,11,06,12,38,04大安區,大安區金山南路2段與金山南路2段156巷口,0,0,1,1,C03,8,6,5,30,3,1,1,5,4,5,13,4,4,1,4,5,2,16,1,59,3,10,3,4,7,6,1,10,1,14,80,1,21,121.5261249,25.0286183
114,11,06,12,38,07信義區,信義區大道路32號,0,0,1,1,C03,8,7,5,50,14,9,1,5,4,5,13,4,4,9,5,5,2,12,2,62,2,9,3,4,7,9,1,10,1,14,44,1,21,121.5820903,25.0415758
114,11,06,12,40,08士林區,士林區延平北路5段與延平北路5段302巷口,0,0,3,1,C03,8,6,5,50,4,1,1,5,4,5,13,1,1,1,4,5,2,16,2,58,2,8,6,1,7,5,1,11,1,12,71,1,26,121.5095876,25.08573096
114,11,06,13,02,08士林區,士林區延平北路7段106巷355號,0,0,1,1,B12,8,6,5,40,14,9,1,5,4,5,13,4,4,10,5,5,1,17,1,67,3,10,7,1,7,11,1,8,2,17,10,1,21,121.4955043,25.10860056
114,11,06,13,22,08士林區,士林區中山北路5段與中正路口,0,0,1,1,C03,8,6,5,50,4,2,1,5,4,5,13,2,1,1,4,5,1,17,1,31,2,7,5,1,7,9,1,9,2,12,16,1,21,121.5274739,25.09573961
114,11,06,13,24,02萬華區,萬華區西昌街178號,0,0,1,1,C02,8,6,5,50,14,9,1,5,4,5,13,4,4,9,5,5,2,2,1,43,3,10,6,1,7,9,1,9,2,11,108,1,22,121.5005501,25.0379843
114,11,06,13,26,08士林區,士林區新安路166-1號,0,0,1,1,B03,8,6,5,30,12,9,1,5,4,5,13,4,4,10,5,5,1,17,2,60,3,10,3,4,7,2,1,8,9,7,80,1,21,121.5502784,25.1372237
114,11,06,13,33,08士林區,士林區延平北路8段堤旁便道延平幹75電桿,0,0,2,1,C03,7,7,5,40,14,9,1,5,4,5,13,4,4,10,5,5,1,10,1,18,2,9,5,1,7,4,1,10,1,11,44,1,21,121.4915315,25.11256023
114,11,06,13,44,10文山區,文山區興隆路4段34號前,0,0,1,1,C03,8,6,5,50,14,9,1,5,4,5,13,4,4,1,4,5,2,12,1,18,2,9,5,1,7,7,1,10,1,14,100,1,21,121.5602622,24.9883986
114,11,06,13,50,05中正區,中正區汀州路2段與同安街口,0,0,1,1,B03,8,5,5,50,5,1,1,5,4,5,13,1,1,4,4,5,2,16,1,22,3,10,7,1,7,5,1,8,1,6,71,1,21,121.5217268,25.0240734
114,11,06,13,52,09北投區,北投區大同街294號,0,0,2,1,C03,8,7,5,50,14,9,2,5,4,5,13,4,4,9,4,5,2,10,1,72,2,9,5,1,7,1,1,10,2,11,19,1,21,121.4994189,25.140872
114,11,06,13,55,01大同區,大同區環河北路1段431號,0,0,1,1,B01,8,7,5,50,14,9,1,5,4,5,13,4,4,1,4,5,2,17,1,62,3,10,3,4,7,15,1,4,1,2,101,1,21,121.5086898,25.0622816
114,11,06,14,15,04大安區,大安區羅斯福路4段21號,0,0,3,1,C03,8,7,5,50,14,18,1,5,4,5,13,2,1,1,4,5,1,9,1,39,2,9,6,1,7,9,1,10,1,11,70,1,21,121.5351651,25.0141362
114,11,06,14,16,08士林區,士林區格致路與凱旋路口,0,0,1,1,B03,8,6,5,40,4,2,1,5,4,5,13,2,1,5,5,5,1,13,1,52,3,10,7,1,7,9,1,8,1,1,108,1,21,121.546436,25.13723053
114,11,06,14,20,02萬華區,萬華區康定路與內江街口,0,0,1,1,B03,8,6,5,50,4,1,1,5,4,5,13,1,1,8,3,5,1,13,1,56,3,10,7,1,7,5,1,4,1,1,16,1,21,121.5022932,25.0418261
114,11,06,14,28,05中正區,中正區汀州路3段與羅斯福路4段108巷口口,0,0,3,1,B03,8,6,5,50,3,1,1,5,4,5,13,4,4,5,5,5,2,10,1,33,2,8,3,4,7,4,1,8,2,1,94,1,21,121.5348256,25.0131554
114,11,06,14,47,10文山區,文山區木柵路1段292號,0,0,2,1,C03,8,6,5,50,14,9,1,5,4,5,13,2,1,5,4,5,1,13,1,19,2,9,6,1,7,9,1,10,1,11,16,1,21,121.5562115,24.988423
114,11,06,15,01,07信義區,信義區東興路與基隆路1段口,0,0,1,1,B03,8,6,5,50,4,4,1,5,4,5,13,1,1,3,1,5,2,13,1,44,3,10,7,1,7,9,1,8,1,1,108,1,21,121.5668799,25.0458341
114,11,06,15,04,04大安區,大安區和平東路3段與敦化南路2段口,0,0,2,1,B03,8,6,5,50,4,1,1,5,4,5,13,2,1,1,4,1,2,16,2,37,2,1,3,4,7,5,1,8,2,5,71,1,22,121.5489783,25.0245079
114,11,06,15,36,04大安區,大安區雲和街與泰順街口,0,0,2,1,C02,8,6,5,30,4,2,1,5,4,5,13,4,4,8,3,5,1,17,1,41,2,9,3,4,7,15,1,9,1,11,72,1,21,121.5314893,25.02352
114,11,06,15,38,02萬華區,萬華區西園路2段與西園路2段50巷4弄口,0,0,1,1,B12,8,7,5,50,5,1,1,5,4,5,13,2,1,1,4,5,2,12,1,42,3,10,3,4,7,13,1,8,2,4,118,1,22,121.4971818,25.0319606
114,11,06,15,50,01大同區,大同區環河堤外便道與環河堤外便道口(南京西路325之2號延平宮旁),0,0,1,1,C03,8,6,5,40,14,9,1,5,4,5,13,4,4,10,5,5,2,11,1,28,3,10,6,1,7,15,1,9,2,12,101,1,21,121.5071586,25.0532894
114,11,06,16,06,10文山區,文山區木柵路2段與木柵路2段161巷口口,0,0,1,1,C03,8,6,5,50,4,2,1,5,4,5,13,1,1,5,4,5,2,13,2,18,3,10,5,1,7,9,1,10,2,11,16,1,21,121.5629321,24.9890508
114,11,06,16,15,01大同區,大同區民族西路225巷13號,0,0,1,1,B12,8,5,5,30,14,9,1,5,4,5,13,4,4,10,5,5,2,17,1,43,3,10,7,1,7,5,1,7,1,4,8,1,21,121.5123492,25.06991333
114,11,06,16,21,08士林區,士林區社正路45巷與社正路口,0,0,1,1,C03,8,6,5,30,5,1,1,4,4,5,13,4,4,5,5,5,1,17,1,59,2,9,6,1,7,15,1,10,2,14,100,1,21,121.5095292,25.0888309
114,11,06,16,40,03中山區,中山區民生東路3段10號,0,0,1,1,A02,8,5,5,50,14,8,1,5,4,5,13,4,4,9,4,4,1,9,1,58,3,10,7,1,7,9,1,6,1,2,42,1,21,121.5396443,25.0576969
114,11,06,17,00,05中正區,中正區愛國西路與羅斯福路1段口口,0,0,2,1,B03,8,6,5,50,4,1,1,5,4,5,13,1,1,1,4,5,2,16,1,54,3,10,3,4,7,6,1,8,1,2,9,1,21,121.5168629,25.0345408
114,11,06,17,26,07信義區,信義區基隆路1段333號,0,0,1,1,A02,8,5,5,50,14,9,1,5,4,5,13,4,4,3,3,5,2,9,1,55,3,10,7,1,7,9,1,2,1,17,44,1,21,121.5605248,25.034352
114,11,06,17,39,04大安區,大安區忠孝東路3段248巷6號,0,0,1,1,B12,8,5,5,50,14,9,1,5,4,5,13,4,4,9,5,5,2,12,1,53,3,10,3,4,7,1,1,8,1,2,19,1,22,121.5413511,25.0412405
114,11,06,17,40,08士林區,士林區至善路2段與至善路2段266巷口,0,0,1,1,B12,8,5,8,50,3,1,1,5,4,5,13,2,1,1,5,5,1,17,1,52,3,10,7,1,7,11,1,8,1,3,80,1,21,121.5510332,25.10068556
114,11,06,17,45,11南港區,南港區舊莊街1段與舊莊街1段91巷口,0,0,1,1,B03,8,5,5,30,3,1,1,5,4,3,13,3,1,5,5,5,2,16,1,38,3,10,3,4,7,5,1,8,2,1,72,1,21,121.6191768,25.040726
114,11,06,17,45,11南港區,南港區三重路19-4號,0,0,1,1,C03,7,7,5,50,14,9,1,5,5,5,13,4,4,9,4,5,2,18,2,21,2,9,6,1,7,9,1,10,9,12,44,1,21,121.6139553,25.056585
114,11,06,17,57,05中正區,中正區愛國東路與杭州南路2段口,0,0,1,1,B02,7,5,5,50,5,1,1,4,4,5,13,1,1,8,4,5,1,16,2,40,3,10,7,1,7,5,1,8,2,6,71,1,21,121.5225341,25.0322717
114,11,06,18,10,01大同區,大同區通河西街1段(北往南向第003號燈桿),0,0,1,1,C03,8,5,5,25,14,9,1,5,4,5,13,4,4,9,5,5,2,12,1,22,3,10,5,1,7,9,1,10,1,14,17,1,21,121.5168019,25.0786198
114,11,06,18,32,12內湖區,內湖區洲子街52號,0,0,1,1,C03,8,5,5,50,14,9,1,5,4,5,13,4,4,9,5,5,2,12,1,47,2,3,5,1,7,9,1,10,1,14,108,1,22,121.5731182,25.0792033
114,11,06,18,45,08士林區,士林區文林路與文林路495巷口,0,0,2,1,C03,8,5,5,50,3,1,1,5,4,5,13,4,4,9,5,5,2,17,1,30,2,7,6,1,7,4,1,10,2,12,1,1,21,121.5243048,25.0962998
114,11,06,18,45,07信義區,信義區忠孝東路4段與忠孝東路4段553巷口口,0,0,1,1,B03,7,5,5,50,3,1,1,5,4,5,13,2,1,3,4,5,2,16,2,56,3,10,3,4,7,6,1,8,1,2,9,1,21,121.562788,25.0413178
114,11,06,18,49,12內湖區,內湖區金湖路與金湖路347巷口,0,0,1,1,C03,8,5,5,50,3,2,1,5,4,5,13,1,1,1,3,5,1,13,2,26,3,10,3,4,7,9,1,10,1,11,16,1,21,121.6016858,25.0742238
114,11,06,19,00,11南港區,南港區成美橋南往北,0,0,2,1,C04,7,5,5,50,8,9,1,5,4,5,13,4,4,5,4,5,2,17,1,30,3,10,5,1,7,9,1,10,1,17,44,1,21,121.5828376,25.0518035
114,11,06,19,27,04大安區,大安區基隆路4段與羅斯福路4段口口,0,0,2,1,C03,7,5,5,50,4,1,1,5,4,5,13,2,1,1,4,5,2,17,1,37,4,11,3,4,7,15,1,10,9,13,44,2,21,121.5374266,25.01156607
114,11,06,19,33,12內湖區,內湖區民權東路6段11巷與民權東路6段口,0,0,2,1,C03,8,5,5,50,5,1,1,5,4,5,13,2,1,1,4,5,2,13,1,49,2,8,6,1,7,9,1,10,2,11,16,1,22,121.5785915,25.0668056
114,11,06,19,44,05中正區,中正區信義路2段193號,0,0,1,1,F01,8,5,8,0,14,20,4,5,4,5,13,4,4,10,5,5,2,17,2,57,3,10,4,1,7,9,8,20,2,13,17,1,22,121.5296763,25.03387053
114,11,06,20,00,08士林區,士林區劍潭路與基河路口,0,0,2,1,C03,8,5,5,50,4,2,1,5,4,5,13,1,1,10,4,5,1,17,2,18,2,9,6,1,7,21,1,10,1,14,101,1,21,121.5248719,25.084246
114,11,06,20,09,02萬華區,萬華區環河南路1段與內江街口,0,0,1,1,,8,5,5,40,5,1,1,5,4,5,13,1,1,4,4,5,2,17,4,0,,,,,,,,,11,,119,2,,121.5002429,25.0420549
114,11,06,20,35,03中山區,中山區民權東路3段與復興北路口,0,0,1,1,C03,8,5,5,50,4,2,1,5,4,5,13,2,1,1,5,5,2,12,1,60,2,9,6,1,7,9,1,10,1,14,118,1,22,121.5436945,25.0624731
114,11,06,20,59,04大安區,大安區忠孝東路4段223巷與延吉街62巷口,0,0,1,1,B03,8,5,5,30,4,1,1,5,4,5,13,4,4,10,5,5,2,15,1,35,3,10,7,1,7,9,1,8,2,5,72,1,21,121.5529688,25.0434708
114,11,06,21,50,07信義區,信義區忠孝東路5段217號對面,0,0,1,1,C03,7,5,5,50,14,9,1,5,4,5,13,4,4,1,4,5,2,13,1,26,2,8,3,4,7,9,1,10,2,11,16,1,21,121.5704895,25.0409133
114,11,06,22,13,10文山區,文山區羅斯福路6段與景福街口,0,0,1,1,B03,8,5,5,50,4,1,1,5,4,5,13,2,1,5,5,5,2,16,1,40,3,10,7,1,7,5,1,8,1,8,8,1,21,121.5409938,24.9932051
114,11,06,23,15,04大安區,大安區仁愛路4段與忠孝東路4段26巷口,0,0,2,1,B03,7,5,5,50,3,1,1,5,4,5,13,4,4,8,3,5,1,16,2,28,3,10,7,1,7,6,1,8,1,5,9,1,21,121.5444069,25.0381688
114,11,06,23,16,03中山區,中山區錦州街30巷3號,0,0,1,1,B03,8,5,5,50,14,9,1,5,4,5,13,4,4,9,4,5,2,12,1,19,3,10,3,4,7,11,1,8,2,1,10,1,21,121.5247862,25.05970783
114,11,07,00,17,06松山區,松山區撫遠街與新東街20巷口,0,0,1,1,B03,8,5,5,30,3,1,1,5,4,5,13,4,4,1,4,5,2,17,1,36,3,10,7,1,7,6,1,8,2,8,72,1,21,121.5689374,25.0585475
114,11,07,04,38,01大同區,大同區市民大道1段209號,1,0,1,1,H01,8,5,5,40,14,6,1,5,4,5,13,4,4,1,4,5,2,3,1,88,1,1,4,5,8,18,8,20,9,16,121,1,21,121.5186643,25.0484999
114,11,07,06,58,08士林區,士林區菁山路與格致路口,0,0,1,1,B03,8,6,5,40,3,2,1,5,4,5,13,1,1,5,5,5,2,3,1,63,3,10,7,1,7,5,1,8,1,8,70,1,26,121.5465128,25.1378613
114,11,07,07,05,09北投區,北投區中央北路4段601巷11號,0,0,1,1,B01,8,5,5,50,11,9,1,5,4,5,13,4,4,9,4,5,1,17,1,51,3,10,7,1,7,6,1,4,2,5,42,1,21,121.4620002,25.1230793
114,11,07,07,19,12內湖區,內湖區民權東路6段與民權東路6段19巷口,0,0,1,1,B03,8,5,5,50,4,18,1,5,4,5,13,2,1,1,4,5,1,3,2,45,3,10,7,1,7,5,1,8,1,1,70,1,21,121.5817005,25.0679576
114,11,07,07,20,04大安區,大安區仁愛路3段24巷與信義路3段口,0,0,1,1,B03,8,7,5,50,3,1,1,5,4,5,13,2,1,10,5,1,2,15,1,56,3,10,7,1,7,9,1,8,1,7,81,1,21,121.5359201,25.0336667
114,11,07,07,39,02萬華區,萬華區雙園街與雙園街107巷口,0,0,1,1,C03,8,7,5,30,4,1,1,5,4,5,13,4,4,9,5,5,2,17,1,74,3,10,5,1,7,9,1,10,1,14,72,1,22,121.4918748,25.0317678
114,11,07,08,00,03中山區,中山區通北街65巷8號,0,0,1,1,B02,8,7,5,30,14,9,1,5,4,5,13,4,4,10,5,5,2,17,1,53,3,10,7,1,7,14,1,8,1,4,40,1,22,121.5395323,25.0836817
114,11,07,08,05,12內湖區,內湖區內湖路1段411巷與內湖路1段411巷19弄口口,0,0,2,1,C03,8,6,5,30,3,2,1,5,4,5,13,4,4,10,5,5,2,3,1,48,2,9,5,1,7,9,1,10,2,14,70,1,21,121.5712701,25.0825955
114,11,07,08,40,07信義區,信義區信義路4段409號,0,0,1,1,C03,8,6,5,50,14,9,1,5,4,5,13,4,4,1,4,5,2,17,1,43,4,11,3,4,7,21,7,19,9,15,101,2,22,121.5591338,25.0331348
114,11,07,08,53,06松山區,松山區南京東路5段77號,0,0,1,1,C03,8,6,5,40,14,8,1,5,4,5,13,4,4,3,4,4,2,29,1,19,2,9,6,4,7,9,1,10,2,11,108,1,22,121.559977,25.0515947
114,11,07,09,10,04大安區,大安區復興南路1段177巷與復興南路1段口,0,0,1,1,F01,8,6,5,50,4,2,1,5,4,5,13,4,4,9,3,5,1,17,1,33,2,9,3,4,7,15,8,20,9,11,44,1,21,121.5443846,25.0408935
114,11,07,09,20,09北投區,北投區承德路7段與石牌路1段口,0,0,3,1,C03,8,5,5,60,4,2,1,5,4,5,13,1,1,9,4,5,1,12,1,18,2,9,6,1,7,9,1,10,1,11,16,1,21,121.5089136,25.1125496
114,11,07,09,21,09北投區,北投區西安街2段與石牌路1段口,0,0,1,1,B01,8,6,5,50,4,1,1,5,4,5,13,1,1,10,4,5,2,16,1,67,3,10,7,1,7,5,1,4,1,4,8,1,26,121.5148515,25.1151121
114,11,07,09,30,03中山區,中山區長春路258巷與長春路258巷10弄口,0,0,1,1,B03,8,7,5,30,4,1,2,5,4,5,13,4,4,10,5,5,2,15,1,54,3,10,7,1,7,9,1,4,1,5,72,1,22,121.5390849,25.0538776
114,11,07,09,30,08士林區,士林區忠誠路2段160巷與忠誠路2段166巷29弄口,0,0,1,1,C03,8,6,5,30,4,1,1,5,4,5,13,4,4,10,5,5,1,16,1,37,2,7,5,1,7,5,1,10,2,12,75,1,21,121.5321443,25.115639
114,11,07,09,42,03中山區,中山區北安路與敬業四路口,0,0,1,1,C03,8,7,5,50,14,9,1,5,4,5,13,4,4,1,4,5,2,18,2,33,2,9,6,1,7,9,1,10,9,14,42,1,26,121.5586164,25.0847495
114,11,07,09,43,12內湖區,內湖區環山路1段與文湖街口,0,0,1,1,C03,8,6,5,50,14,9,1,5,4,5,13,4,4,5,4,5,2,13,1,35,2,8,6,1,7,9,1,10,1,11,108,1,22,121.5657573,25.0863651
114,11,07,10,04,08士林區,士林區仰德大道2段與仰德大道2段115巷口,0,0,1,1,B03,8,6,5,40,3,1,1,5,4,5,13,4,4,4,5,5,1,16,1,31,3,10,7,1,7,6,1,8,1,2,9,1,26,121.5459209,25.1080631
114,11,07,10,10,07信義區,信義區信義路5段與松德路口,0,0,1,1,B03,8,7,5,40,14,9,1,5,4,5,13,4,4,5,4,5,2,12,1,61,3,10,3,4,7,13,1,8,1,4,40,1,21,121.574656,25.033235
114,11,07,10,14,08士林區,士林區忠誠路2段與士東路口,0,0,1,1,B03,8,6,5,50,5,1,1,5,4,5,13,1,1,1,3,4,1,2,1,23,3,10,7,1,7,5,1,8,2,8,70,1,21,121.530882,25.1122398
114,11,07,10,18,09北投區,北投區石牌路2段130巷2弄,0,0,2,1,C03,8,5,5,30,14,9,1,5,4,5,13,4,4,10,4,5,1,17,2,62,2,7,6,1,7,7,1,10,2,13,100,1,21,121.5175325,25.1177347
114,11,07,10,25,05中正區,中正區鄭州路與重慶北路1段口,0,0,2,1,B03,8,6,5,40,4,4,1,5,4,5,13,2,1,1,4,5,2,13,1,41,3,10,3,4,7,9,1,7,1,1,14,1,21,121.5131627,25.049421
114,11,07,10,29,02萬華區,萬華區長泰街246巷與寶興街222巷口,0,0,1,1,B12,8,6,5,30,4,1,1,5,4,5,13,4,4,10,5,5,2,17,1,60,3,10,7,1,7,6,1,8,1,8,9,1,21,121.494736,25.0220827
114,11,07,10,32,06松山區,(南京東路4段169號前),0,0,2,1,H01,8,6,5,50,14,7,1,5,4,5,13,2,1,3,4,4,2,6,2,21,2,1,4,5,8,18,8,20,10,16,122,1,22,121.5562461,25.0516521
114,11,07,10,32,06松山區,松山區市民高架道往西6510956燈桿,0,0,1,1,B12,8,5,5,80,14,9,1,5,4,5,13,4,4,10,3,5,1,13,1,43,3,10,3,4,7,12,1,8,1,1,16,1,22,121.5536463,25.04455785
114,11,07,10,41,06松山區,松山區麥帥二橋與健康路口匝道前,0,0,1,1,B03,8,6,5,60,14,9,1,5,4,5,13,4,4,1,4,5,2,13,1,72,3,10,7,1,7,9,1,8,1,1,16,1,21,121.5707229,25.05548983
114,11,07,10,44,03中山區,中山區堤頂大道2段與樂群二路口,0,0,1,1,B03,8,5,5,50,4,1,1,5,4,5,13,1,1,1,4,5,2,16,2,56,3,10,3,4,7,6,1,8,1,5,9,1,21,121.5628376,25.08031729
114,11,07,10,46,05中正區,中正區中華路2段與中華路2段307巷口,0,0,1,1,B12,8,7,5,40,3,1,1,5,4,5,13,1,1,5,4,4,2,17,1,58,3,10,7,1,7,6,1,8,1,5,71,1,22,121.5052803,25.02870415
114,11,07,10,49,05中正區,中正區羅斯福路4段與羅斯福路4段90巷口口,0,0,1,1,C03,8,6,5,50,3,4,1,5,4,5,13,1,1,1,4,5,2,13,2,34,2,7,5,1,7,9,1,10,1,12,16,1,26,121.5347254,25.0142515
114,11,07,10,49,12內湖區,內湖區潭美街與安康路22巷口,0,0,1,1,C03,8,6,5,40,3,2,1,5,4,5,13,2,1,5,5,5,2,17,1,26,2,8,6,1,7,5,1,10,1,12,44,1,21,121.5937658,25.06128049
114,11,07,11,01,07信義區,信義區崇德街52號附近側附近,0,0,1,1,C03,8,7,5,50,14,9,1,5,4,5,13,4,4,9,4,5,2,16,2,71,2,9,5,4,7,5,1,10,2,11,101,1,21,121.5542912,25.0242733
114,11,07,11,10,11南港區,南港區東新街與南港路3段口成美橋下橋處,0,0,2,1,B03,8,6,5,50,5,2,1,5,4,5,13,1,1,4,3,5,2,11,1,46,3,10,3,4,7,12,1,8,1,1,1,1,21,121.5827548,25.0520137