發生年度,發生月,發生日,發生時-Hours,發生分,區序,肇事地點,死亡人數,2-30日死亡人數,受傷人數,當事人序號,車種,天候,光線,道路類別,速限-速度限制,道路型態,事故位置,路面狀況1,路面狀況2,路面狀況3,道路障礙1,道路障礙2,號誌1,號誌2,車道劃分-分向,車道劃分-分道1,車道劃分-分道2,車道劃分-分道3,事故類型及型態,性別,年齡,受傷程度,主要傷處,保護裝置,行動電話,車輛用途,當事者行動狀態,駕駛資格情形,駕駛執照種類,飲酒情形,車輛撞擊部位1,肇因碼-個別,個人肇逃否,職業,座標-X,座標-Y
114,11,09,09,42,04大安區,大安區辛亥路3段與基隆路3段口,0,0,1,1,C03,8,7,5,50,4,1,1,5,4,5,13,2,1,10,5,5,2,15,1,22,3,10,5,1,7,9,1,10,1,11,108,1,21,121.5470134,25.0192753
114,11,09,10,00,05中正區,中正區臨沂街13巷與忠孝東路2段134巷口,0,0,1,1,B03,8,7,5,30,3,1,1,5,4,5,13,4,4,10,5,5,2,17,1,42,3,10,7,1,7,1,1,8,1,5,19,1,21,121.5318851,25.0420623
114,11,09,10,47,03中山區,中山區中山北路3段與德惠街口,0,0,3,1,C03,8,7,5,50,14,9,1,5,4,5,13,4,4,1,4,5,2,13,1,31,2,9,5,1,7,9,1,10,1,11,16,1,22,121.5222841,25.0666032
114,11,09,11,02,09北投區,北投區承德路7段385號,0,0,2,1,G03,8,6,5,60,14,9,1,5,4,5,13,4,4,8,3,4,2,17,1,71,3,10,7,1,7,9,1,5,11,17,42,1,21,121.5017476,25.11913597
114,11,09,11,35,02萬華區,萬華區忠孝西路2段與西寧南路口,0,0,2,1,C03,8,6,5,50,4,1,1,5,4,5,13,2,1,1,5,5,2,13,1,24,2,7,6,1,7,5,1,10,1,11,83,1,21,121.5074206,25.0485732
114,11,09,11,41,08士林區,士林區中正路與士商路口口,0,0,1,1,B01,8,6,5,50,4,1,1,5,4,4,11,2,1,1,4,5,1,17,1,68,3,10,7,1,7,5,1,8,2,1,44,1,21,121.5188932,25.092373
114,11,09,11,50,09北投區,北投區石牌路2段與石牌路口側附近2段75巷口,0,0,1,1,B03,8,6,5,50,4,2,1,5,4,5,13,2,1,4,1,5,2,17,1,70,3,10,7,1,7,5,1,8,1,6,8,1,21,121.5161869,25.11668708
114,11,09,12,04,11南港區,南港區南港路1段南港高工東往西,0,0,2,1,A02,8,6,5,50,14,9,1,5,4,5,13,4,4,5,4,5,2,11,1,54,3,10,7,1,7,8,1,2,1,6,100,1,21,121.609773,25.054958
114,11,09,12,51,12內湖區,內湖區康寧路3段與康寧路3段189巷口,0,0,1,1,C03,8,6,5,50,3,2,1,5,4,5,13,4,4,1,4,4,2,17,1,27,2,8,6,1,7,9,1,10,1,11,16,1,21,121.6118213,25.06853176
114,11,09,12,59,12內湖區,內湖區內湖路2段103巷64號對面85號汽車格,0,0,1,1,B03,8,7,5,30,14,9,1,5,4,5,13,4,4,9,4,5,2,17,1,76,3,10,7,1,7,13,1,8,1,4,40,1,21,121.5811392,25.0825035
114,11,09,13,03,05中正區,中正區水源路29巷與水源路口,0,0,2,1,C03,8,6,5,30,3,1,1,5,4,5,13,4,4,5,2,5,2,17,2,32,2,8,5,1,7,5,1,10,1,14,72,1,21,121.5255573,25.0160125
114,11,09,13,33,09北投區,北投區行義路186巷49號對面,0,0,1,1,B03,8,7,5,30,14,9,1,5,4,5,13,4,4,10,5,5,2,17,1,68,3,10,7,1,7,13,1,8,1,4,40,1,21,121.5302222,25.1331564
114,11,09,13,37,03中山區,中山區長春路與遼寧街口,0,0,1,1,C03,7,6,5,50,4,1,1,5,4,5,13,1,1,7,4,5,2,13,1,66,2,9,5,1,7,9,1,10,2,11,108,1,21,121.5422123,25.0545881
114,11,09,13,50,12內湖區,內湖區內湖路3段273號,0,0,1,1,C03,8,6,5,30,14,9,1,5,4,5,13,4,4,10,5,5,2,12,2,24,2,9,5,1,7,8,1,10,2,12,108,1,21,121.5860632,25.0888163
114,11,09,13,54,07信義區,信義區永吉路220號,0,0,1,1,C03,8,6,5,40,14,8,1,5,4,5,13,4,4,1,4,4,1,17,1,43,2,9,3,4,7,9,1,10,1,11,22,1,22,121.5731197,25.04545912
114,11,09,14,04,03中山區,中山區農安街2巷20號,0,0,1,1,B03,8,7,5,30,14,9,1,5,4,5,13,4,4,10,5,5,2,2,2,28,3,10,7,1,7,9,1,8,1,5,108,1,22,121.5230463,25.0638977
114,11,09,15,05,04大安區,大安區和平東路2段與和平東路2段107巷口口,0,0,1,1,B03,8,7,5,50,3,1,1,5,4,5,13,1,1,1,4,4,1,17,1,49,3,10,7,1,7,6,1,4,1,1,9,1,21,121.5402984,25.0254696
114,11,09,15,50,10文山區,文山區指南路3段38巷2-1號,0,0,3,1,C03,7,7,5,30,14,9,1,5,4,5,13,4,4,10,5,5,1,18,1,41,2,9,6,1,7,6,1,9,1,12,42,1,21,121.5871504,24.9709598
114,11,09,17,00,01大同區,大同區重慶北路2段13號,0,0,1,1,B03,7,6,5,50,14,9,1,5,4,5,13,4,4,9,4,5,2,17,1,69,3,10,7,1,7,15,1,8,1,4,40,1,21,121.5142896,25.0550373
114,11,09,17,18,03中山區,中山區北安路與北安路670巷口,0,0,1,1,B03,6,6,5,50,4,1,1,4,4,5,13,2,1,1,5,5,2,16,2,61,3,10,7,1,7,11,1,8,1,1,85,1,21,121.5493825,25.0841586
114,11,09,17,20,02萬華區,萬華區西藏路125巷與西藏路115巷6弄口,0,0,1,1,C03,7,5,5,30,3,2,1,5,4,5,13,4,4,10,5,5,2,14,2,44,2,9,3,4,7,2,1,10,1,13,12,1,22,121.5025363,25.0286247
114,11,09,17,37,07信義區,信義區忠孝東路5段與松仁路口,0,0,1,1,B01,6,5,5,50,4,2,1,4,4,5,13,2,1,1,4,5,2,17,1,49,3,10,7,1,7,7,1,4,1,4,42,1,21,121.5682697,25.0410145
114,11,09,18,08,08士林區,士林區通河西街2段與社正路口,0,0,2,1,C03,7,5,5,30,4,1,1,5,4,5,13,2,1,5,5,5,2,16,1,22,2,9,6,1,7,5,1,10,1,12,8,1,21,121.5116446,25.0890426
114,11,09,18,44,01大同區,大同區承德路2段與民權西路口,0,0,1,1,C03,8,5,5,50,4,2,1,5,4,5,13,2,1,8,3,5,2,13,1,55,3,10,5,1,7,9,1,10,1,11,16,1,21,121.517913,25.0628298
114,11,09,18,50,12內湖區,內湖區陽光街與陽光街92巷口,0,0,2,1,C03,7,5,5,50,4,1,1,4,4,5,13,1,1,5,4,5,1,17,1,50,3,10,5,1,7,6,1,10,1,12,9,1,21,121.585265,25.0750498
114,11,09,19,06,10文山區,文山區萬安街與萬美街1段口,0,0,1,1,A02,8,5,5,40,3,1,1,5,4,5,13,2,1,10,5,5,2,9,1,46,3,10,3,1,7,5,1,2,2,15,118,2,26,121.5705069,25.0022523
114,11,09,19,30,03中山區,中山區中山北路3段與民族東路口,0,0,1,1,A02,8,5,5,50,14,9,1,5,4,5,13,2,1,9,5,5,2,9,1,54,4,11,7,1,7,9,1,2,11,17,44,2,22,121.5228964,25.0681866
114,11,09,19,30,05中正區,中正區重慶南路1段與愛國西路口,0,0,2,1,C03,7,5,5,50,5,2,1,5,4,5,13,1,1,10,5,5,2,17,2,22,2,9,5,1,7,9,1,10,1,14,42,1,21,121.5125546,25.0354415
114,11,09,20,05,07信義區,信義區市民高架永吉路匝道,0,0,1,1,B01,7,5,5,40,10,9,1,5,4,5,13,4,4,10,4,5,2,13,1,61,2,2,7,1,7,9,1,4,1,1,16,1,21,121.5626848,25.0450583
114,11,09,20,06,07信義區,信義區市民高架永吉路匝道,0,0,4,1,B03,7,5,8,80,14,16,1,5,4,5,13,4,4,1,3,5,1,13,1,45,2,7,7,1,7,9,1,8,1,1,108,1,21,121.5629888,25.045017
114,11,09,20,08,07信義區,信義區光復南路與光復南路473巷口,0,0,2,1,C03,8,5,5,50,14,9,1,5,4,5,13,4,4,5,5,5,2,13,1,22,2,8,5,1,7,9,1,10,1,11,16,1,21,121.5575418,25.0336224
114,11,09,21,14,04大安區,大安區基隆路3段與長興街口,0,0,1,1,C03,8,5,5,50,4,1,1,5,4,5,13,2,1,10,5,5,2,17,1,37,2,9,3,4,7,9,1,10,1,11,16,1,21,121.5442752,25.0173902
114,11,09,22,14,04大安區,大安區金山南路2段142號,0,0,1,1,B03,8,5,5,40,14,8,1,5,4,5,13,4,4,1,3,4,2,17,1,56,3,10,7,1,7,13,1,8,1,8,40,1,21,121.5263307,25.0292953
114,11,09,22,33,11南港區,南港區市民大道8段西往東,0,0,1,1,C03,6,5,5,50,14,9,1,4,4,5,13,4,4,1,4,5,2,13,1,57,3,10,3,4,7,12,3,18,1,13,44,1,22,121.6005321,25.0522536
114,11,09,23,01,05中正區,中正區長沙街1段與中華路1段口,0,0,1,1,B03,8,5,5,50,4,1,1,5,4,5,13,2,1,1,4,5,2,16,2,28,3,10,7,1,7,5,1,8,1,2,8,1,22,121.5077883,25.04055692
114,11,09,23,31,04大安區,大安區復興南路1段138號,0,0,2,1,C03,8,6,5,50,14,9,1,5,4,5,13,4,4,1,4,5,2,17,2,18,2,8,6,4,7,9,1,10,1,11,16,1,21,121.5436656,25.0425719
114,11,09,23,38,06松山區,松山區塔悠路與健康路口,0,0,1,1,C03,7,5,5,50,3,1,1,4,4,5,13,1,1,1,3,4,2,16,1,22,2,9,6,1,7,5,1,10,1,12,85,1,21,121.5697702,25.0545417
114,11,10,00,06,02萬華區,萬華區中華路1段與桂林路口,0,0,2,1,C03,6,5,5,50,14,9,1,4,4,5,13,1,1,10,4,5,2,13,1,30,2,9,5,1,7,9,1,10,1,11,108,1,21,121.5068329,25.0377294
114,11,10,01,13,10文山區,文山區興隆路4段28號旁,0,0,1,1,B03,7,6,5,50,14,9,1,5,4,5,13,4,4,1,4,5,2,17,1,21,3,10,7,1,7,1,1,8,2,8,80,1,21,121.5601865,24.9885291
114,11,10,02,12,03中山區,中山區南京東路1段與林森北路口,0,0,1,1,C03,6,5,5,50,4,1,1,4,4,5,13,1,1,1,4,4,1,15,1,21,2,9,6,1,7,9,1,10,2,11,81,1,21,121.5252934,25.0520886
114,11,10,05,20,01大同區,大同區延平北路2段與延平北路2段272巷口,0,0,1,1,A12,8,5,5,50,4,1,1,5,4,5,13,2,1,8,3,5,2,12,1,45,3,10,7,1,7,1,1,7,1,17,19,1,21,121.5112798,25.0620959
114,11,10,06,40,10文山區,文山區木柵路1段與辛亥路7段口口,0,0,1,1,C03,6,6,5,50,4,1,1,4,4,5,13,2,1,5,4,5,2,18,1,24,2,9,5,1,7,9,1,10,11,14,44,1,21,121.5522891,24.9877832
114,11,10,07,45,08士林區,士林區中正路與重慶北路4段口,0,0,1,1,C03,8,6,5,50,4,1,1,5,4,5,13,1,1,10,4,5,2,17,2,63,2,3,5,1,7,9,1,10,9,12,108,1,26,121.5117244,25.08775409
114,11,10,07,45,09北投區,北投區承德路7段229-2號,0,0,2,1,C03,6,7,5,60,4,2,1,4,4,5,13,2,1,1,4,4,2,16,1,44,2,9,6,1,7,8,1,9,1,14,42,1,22,121.5060979,25.1151956
114,11,10,07,50,05中正區,中正區愛國東路82號前,0,0,1,1,,6,7,5,50,14,7,1,4,4,5,13,4,4,1,4,4,2,12,4,0,,,,,7,9,7,19,11,15,119,2,21,121.520074,25.0335393
114,11,10,07,57,04大安區,大安區信義路4段265巷49號,0,0,1,1,B12,6,7,5,50,14,9,5,4,4,5,13,4,4,10,5,5,2,16,1,37,3,10,7,1,7,1,1,8,1,4,19,1,21,121.5557496,25.0349815
114,11,10,08,05,03中山區,中山區北安路458巷與明水路口,0,0,1,1,C03,6,7,5,50,4,1,1,4,4,5,13,2,1,5,2,5,2,17,2,33,2,9,5,1,7,9,1,10,1,12,44,1,21,121.5443589,25.0773923
114,11,10,08,09,01大同區,大同區重慶北路2段與民權西路口,0,0,1,1,C03,6,6,5,50,4,1,1,4,4,5,13,2,1,1,4,5,2,15,1,49,2,7,3,4,7,9,1,10,1,12,108,1,21,121.5136962,25.06294
114,11,10,09,10,06松山區,松山區南京東路4段與敦化北路口,0,0,1,1,C03,6,6,5,50,4,2,1,4,4,5,13,1,1,1,4,4,2,13,1,26,2,7,6,1,7,9,1,10,1,11,42,1,22,121.549178,25.05183694
114,11,10,09,15,12內湖區,內湖區舊宗路2段與舊宗路2段121巷口,0,0,1,1,C03,6,7,5,50,4,2,1,4,4,5,13,1,1,1,5,5,2,17,2,32,2,9,5,1,7,9,1,10,2,11,44,1,21,121.5753144,25.06920955
114,11,10,09,17,10文山區,文山區新光路1段與秀明路2段口口,0,0,1,1,B03,6,6,5,50,4,1,1,4,4,5,13,2,1,10,5,5,2,16,2,72,3,10,7,1,7,6,1,8,1,8,9,1,21,121.5737237,24.991764
114,11,10,09,18,11南港區,南港區忠孝東路7段與忠孝東路7段478巷口,0,0,1,1,B03,6,6,5,50,5,1,1,4,4,5,13,2,1,1,3,5,2,16,2,33,3,10,3,4,7,5,1,8,2,2,71,1,21,121.6091228,25.0523031
114,11,10,09,50,02萬華區,萬華區桂林路與柳州街口,0,0,1,1,C03,7,7,5,50,4,2,2,4,4,5,13,1,1,9,5,5,2,13,1,21,2,8,5,1,7,12,1,9,1,11,44,1,21,121.5050188,25.0377744
114,11,10,09,56,12內湖區,內湖區堤頂大道2段與內湖路1段口,0,0,1,1,C03,6,7,5,50,5,1,1,4,4,5,13,2,1,1,4,5,2,12,2,31,2,9,6,1,7,9,1,10,2,14,118,1,21,121.5606498,25.0845733
114,11,10,10,00,07信義區,信義區信安街與嘉興街181巷口,0,0,1,1,C03,6,6,5,50,4,1,1,4,4,5,13,2,1,9,4,5,2,17,1,39,2,7,3,4,7,9,1,10,1,14,116,1,21,121.5574608,25.0260266
114,11,10,10,07,11南港區,南港區東新街南往北,0,0,1,1,B03,6,6,5,50,14,9,1,4,4,5,13,4,4,5,4,5,2,12,2,49,3,10,2,1,7,8,1,8,1,2,100,1,21,121.5827919,25.0512752
114,11,10,10,12,08士林區,士林區中山北路5段與中正路口,0,0,1,1,C03,6,6,5,50,4,2,1,4,4,5,13,1,1,3,4,5,2,17,1,22,2,9,6,1,7,9,1,10,2,17,42,1,22,121.5279615,25.0957686
114,11,10,10,14,12內湖區,內湖區堤頂大道2段與瑞光路316巷口,0,0,1,1,B03,6,7,8,50,3,1,1,4,4,5,13,4,4,1,4,5,2,16,1,68,3,10,7,1,7,8,1,8,2,5,100,1,21,121.572219,25.074987
114,11,10,10,48,08士林區,士林區重陽橋西向東方向,0,0,1,1,C03,8,6,5,25,8,9,1,5,4,5,13,4,4,10,4,5,1,17,1,19,3,10,6,1,7,9,1,10,1,15,30,1,21,121.5085759,25.0866424
114,11,10,11,27,09北投區,北投區中央北路2段與豐年路2段口,0,0,1,1,C03,7,6,5,50,5,1,1,5,4,5,13,2,1,8,3,5,2,17,2,66,2,8,6,1,7,1,1,10,1,14,19,1,21,121.4930591,25.13780585
114,11,10,12,17,03中山區,中山區長安東路1段與長安東路1段56巷口,0,0,1,1,B01,6,6,5,50,5,2,1,4,4,5,13,4,4,8,3,5,1,17,1,62,3,10,7,1,7,11,1,4,1,17,74,1,21,121.529286,25.047969
114,11,10,12,37,11南港區,南港區昆陽街1號,0,0,1,1,B03,6,6,5,30,14,9,1,4,4,5,13,4,4,8,3,5,2,13,1,57,3,10,3,4,7,9,1,8,2,1,16,1,21,121.5924165,25.0538227
114,11,10,12,41,01大同區,大同區錦西街與寧夏路口,0,0,1,1,B03,6,6,5,50,5,2,1,4,4,5,13,4,4,5,5,5,2,12,2,44,3,10,7,1,7,9,1,8,2,2,44,1,21,121.5148096,25.0595599
114,11,10,12,50,12內湖區,內湖區潭美街與安康路324巷口,0,0,1,1,A12,6,7,5,50,3,1,1,4,4,5,13,4,4,1,4,5,2,16,1,45,3,10,7,1,7,6,1,6,2,6,9,1,21,121.6098793,25.0634899
114,11,10,12,56,07信義區,信義區基隆路1段與忠孝東路4段口,0,0,1,1,C03,6,6,5,50,4,2,1,4,4,5,13,2,1,1,4,5,2,18,1,18,2,9,5,1,7,9,1,10,1,12,44,1,21,121.5644071,25.0412999
114,11,10,13,04,08士林區,士林區東山路25巷50號,0,0,1,1,C03,6,6,5,30,11,9,1,4,4,5,13,4,4,10,5,5,1,17,1,18,2,9,6,1,7,9,1,10,2,12,5,1,21,121.5419711,25.11857365
114,11,10,13,10,05中正區,中正區忠孝西路1段與中山南路口,0,0,1,1,B02,6,6,5,50,4,1,1,4,4,5,13,1,1,1,4,5,2,15,1,28,3,10,7,1,7,9,1,8,2,2,81,1,22,121.5197055,25.045545
114,11,10,13,27,05中正區,中正區北平東路與天津街口,0,0,1,1,B01,6,7,5,50,4,18,1,4,4,5,13,1,1,10,5,5,2,3,2,56,3,10,7,1,7,6,1,4,2,5,70,1,21,121.5221499,25.04689
114,11,10,13,46,05中正區,中正區廈門街81巷與廈門街81巷28弄口口,0,0,1,1,B03,6,6,5,30,4,1,1,4,4,5,13,4,4,10,5,5,1,15,1,70,3,10,7,1,7,9,1,8,2,1,72,1,21,121.5205704,25.0242495
114,11,10,14,17,02萬華區,萬華區西昌街195號,0,0,1,1,C03,6,7,5,50,14,9,1,4,4,5,13,4,4,9,5,5,2,17,1,67,2,7,5,1,7,15,1,9,1,14,44,1,21,121.5006271,25.0382095
114,11,10,14,21,09北投區,北投區學園路1207043號燈桿,0,0,1,1,C03,7,7,5,30,11,9,1,5,4,5,13,4,4,9,5,5,2,18,1,21,2,9,6,1,7,9,1,10,1,12,42,1,22,121.4704067,25.135325
114,11,10,14,42,04大安區,大安區復興南路2段與復興南路2段78巷口,0,0,1,1,B03,6,5,5,50,4,2,1,4,4,5,13,1,1,10,5,5,2,16,2,42,3,10,7,1,7,5,1,8,1,2,83,1,21,121.543461,25.0311018
114,11,10,15,00,04大安區,大安區通安街44巷5號,0,0,1,1,B12,6,5,5,30,14,9,1,4,4,5,13,4,4,10,5,5,2,9,1,46,3,10,3,4,7,9,1,8,1,6,44,1,21,121.55318,25.0315217
114,11,10,15,00,05中正區,中正區杭州南路1段147號,0,0,1,1,B03,6,6,5,50,14,9,1,4,4,5,13,4,4,10,4,5,2,17,1,61,2,5,3,4,7,13,1,8,1,8,40,1,22,121.524687,25.0365702
114,11,10,15,55,05中正區,中正區羅斯福路2段與和平西路1段附近口,0,0,2,1,C03,6,6,5,50,4,2,1,4,4,5,13,1,1,1,4,4,1,13,1,31,2,8,6,1,7,9,1,10,1,11,16,1,21,121.5221687,25.0268846
114,11,10,15,55,08士林區,士林區中山北路5段與中山北路5段470巷口,0,0,2,1,C03,8,6,5,50,3,1,1,4,4,5,13,4,4,7,4,5,2,16,2,21,2,9,3,4,7,6,1,10,2,12,9,1,21,121.5276647,25.09283306
114,11,10,16,17,04大安區,大安區新生南路2段與信義路3段口,0,0,1,1,C03,6,5,5,50,4,2,1,4,4,5,13,2,1,10,5,5,2,21,1,30,2,9,3,4,7,9,1,10,1,11,108,1,21,121.5326587,25.0332126
114,11,10,16,50,04大安區,大安區永康街與潮州街口,0,0,3,1,C03,6,5,5,30,4,2,1,4,4,5,13,4,4,10,5,5,2,15,2,41,2,9,5,1,7,9,1,10,1,11,72,1,21,121.5296171,25.0283744
114,11,10,16,59,04大安區,大安區忠孝東路4段205巷與敦化南路1段161巷口,0,0,1,1,C03,6,6,5,30,4,1,1,4,4,5,13,4,4,10,5,5,2,15,1,39,2,9,6,1,7,9,1,10,1,11,72,1,21,121.5519439,25.0434943
114,11,10,17,34,03中山區,中山區龍江路34號,0,0,1,1,B03,6,5,5,50,14,9,1,4,4,5,13,4,4,5,2,5,2,17,1,66,3,10,7,1,7,9,1,8,1,1,108,1,21,121.5403635,25.0486008
114,11,10,17,38,02萬華區,萬華區艋舺大道167號,0,0,1,1,B01,6,5,5,50,14,9,1,4,4,5,13,4,4,1,4,5,2,17,1,60,3,10,7,1,7,1,1,1,1,8,19,1,21,121.4993007,25.0330716
114,11,10,17,42,05中正區,中正區南昌路1段108巷與寧波西街74巷口口,0,0,3,1,C03,6,6,5,30,3,1,1,4,4,5,13,4,4,10,5,5,1,17,1,45,2,2,6,1,7,6,1,10,1,11,74,1,21,121.517306,25.0298835
114,11,10,18,00,12內湖區,內湖區瑞光路76巷67號,0,0,1,1,B03,6,5,5,50,14,9,1,4,4,5,13,4,4,9,5,5,2,17,2,57,3,10,7,1,7,5,1,8,1,2,42,1,21,121.579689,25.0698825
114,11,10,18,05,12內湖區,內湖區民權東路6段50號,0,0,1,1,B03,6,5,5,40,14,8,1,4,4,5,13,4,4,1,4,4,2,16,1,30,3,10,7,1,7,6,1,8,1,5,9,1,22,121.5832835,25.0683759
114,11,10,18,11,04大安區,大安區基隆路4段138號,0,0,1,1,C03,6,5,5,40,14,8,1,4,4,4,13,4,4,10,5,5,2,12,1,44,2,9,5,1,7,9,1,10,1,13,108,1,21,121.539799,25.0135801
114,11,10,18,21,04大安區,大安區樂利路與樂利路86巷口,0,0,1,1,B03,6,6,5,30,3,1,1,4,4,5,13,4,4,4,3,5,2,17,1,46,3,10,7,1,7,5,1,8,1,17,72,1,21,121.5520755,25.025456
114,11,10,18,28,07信義區,信義區忠孝東路4段與逸仙路口,0,0,1,1,C02,6,6,5,50,3,1,1,4,4,5,13,1,1,3,4,5,2,16,1,58,2,8,6,1,7,6,1,9,1,12,9,1,21,121.5615345,25.0411206
114,11,10,19,11,11南港區,南港區南港路1段與經貿二路口,0,0,1,1,C03,6,5,5,50,4,1,1,4,4,5,13,2,1,1,4,5,2,17,1,30,2,9,5,1,7,9,1,10,1,11,16,1,21,121.6168273,25.0551844
114,11,10,19,14,11南港區,南港區經貿二路235巷與經貿二路157巷36弄口,0,0,1,1,B02,6,5,5,50,4,1,1,4,4,5,13,1,1,4,3,5,2,1,1,40,3,10,3,4,7,5,1,8,2,1,88,1,21,121.6153747,25.0612881
114,11,10,19,14,07信義區,信義區東興路與市民大道5段口,0,0,1,1,B12,6,5,5,50,4,1,1,4,4,5,13,2,1,1,4,5,2,16,1,39,3,10,3,4,7,5,1,8,2,2,71,1,21,121.5658614,25.0482515
114,11,10,19,30,01大同區,大同區民權西路102巷與民權西路102巷33弄口,0,0,1,1,B03,6,5,5,30,4,1,1,4,4,5,13,4,4,8,5,5,2,15,2,44,2,8,7,1,7,9,1,8,1,5,72,1,21,121.517709,25.06158
114,11,10,19,42,09北投區,北投區學園路1號,0,0,1,1,C03,7,5,5,40,14,9,1,5,4,5,13,4,4,5,5,5,2,17,2,42,2,9,5,1,7,9,1,11,1,11,108,1,21,121.4658293,25.1288798
114,11,10,19,53,04大安區,大安區敦化南路2段48號,0,0,2,1,B03,6,5,5,50,14,9,1,4,4,5,13,2,1,10,5,5,2,13,2,31,2,8,3,4,7,9,1,8,1,1,44,1,21,121.5487328,25.0311533
114,11,10,20,00,12內湖區,內湖區金龍路13巷與金龍路口,0,0,1,1,B03,6,5,5,50,3,1,1,4,4,5,13,4,4,9,4,5,2,3,1,73,3,10,7,1,7,5,1,8,2,1,42,1,21,121.5947881,25.0845357
114,11,10,20,09,07信義區,信義區松高路與松智路口,0,0,1,1,B03,6,5,5,50,4,2,1,4,4,5,13,1,1,5,1,5,2,17,4,0,,,,,7,,7,,9,,119,2,,121.5655052,25.0391651
114,11,10,21,26,07信義區,信義區松隆路與永吉路30巷口,0,0,1,1,B03,6,5,5,50,4,1,1,4,4,5,13,2,1,1,4,5,2,16,1,52,3,10,3,4,7,11,1,8,2,5,10,1,21,121.5685685,25.0443353
114,11,11,03,25,07信義區,信義區松壽路與市府路口,0,0,1,1,B03,6,5,5,50,14,9,1,4,4,5,13,1,1,5,5,5,2,13,2,37,3,10,7,1,7,9,1,8,2,8,16,1,21,121.5634203,25.0361349
114,11,11,06,26,08士林區,士林區前街與美德街口口,0,0,1,1,B12,8,7,5,30,3,1,1,5,4,5,13,4,4,9,5,5,2,17,1,49,3,10,3,4,7,5,1,8,1,1,72,1,22,121.5245484,25.0974655
114,11,11,06,55,05中正區,中正區中山南路與凱達格蘭大道口,0,0,4,1,B03,6,6,5,50,5,1,1,4,4,5,13,1,1,10,5,5,2,16,1,46,2,9,2,1,7,15,1,8,2,2,81,1,22,121.51773,25.039326
114,11,11,07,48,01大同區,大同區延平北路2段與歸綏街口,0,0,1,1,B01,6,6,5,50,4,1,1,4,4,5,13,2,1,4,4,5,2,17,1,57,3,10,3,4,7,11,1,4,1,17,42,1,21,121.5114842,25.0582901
114,11,11,07,50,05中正區,中正區重慶南路1段與漢口街1段口,0,0,2,1,C03,6,6,5,50,5,1,1,4,4,5,13,1,1,10,4,5,2,16,2,56,2,9,6,1,7,6,1,10,2,12,71,1,22,121.5131974,25.0451433
114,11,11,07,55,01大同區,大同區民權西路102巷4弄,0,0,2,1,C03,6,7,5,30,14,9,1,4,4,5,13,4,4,10,5,5,2,17,2,53,2,9,3,4,7,15,1,10,1,12,42,1,21,121.5166313,25.0616269
114,11,11,07,58,02萬華區,萬華區西園路1段(桂林路135號旁),0,0,3,1,C03,6,6,5,50,14,9,1,4,4,5,13,4,4,5,5,5,2,16,1,63,2,9,5,1,7,9,1,9,2,12,4,1,22,121.4998191,25.0387333
114,11,11,08,13,01大同區,大同區延平北路2段43巷與南京西路185巷口,0,0,2,1,C03,6,6,5,30,4,1,1,4,4,5,13,4,4,10,5,5,2,15,2,26,2,9,3,4,7,9,1,10,1,14,72,1,21,121.5118289,25.05579907
114,11,11,08,13,07信義區,信義區信義路5段99號,0,0,1,1,F01,6,6,5,0,14,20,4,4,4,5,13,4,4,10,5,5,2,18,1,29,2,5,3,4,7,9,8,20,11,12,42,1,22,121.5719393,25.0329543
114,11,11,08,16,05中正區,中正區重慶南路3段與重慶南路3段3巷口,0,0,1,1,B03,6,7,5,50,3,2,1,4,4,5,13,4,4,1,4,5,2,13,1,35,3,10,7,1,7,9,1,8,1,5,108,1,22,121.5155164,25.0291559
114,11,11,08,30,06松山區,松山區八德路4段777號,0,0,1,1,B03,6,6,5,40,14,9,1,4,4,5,13,4,4,9,5,5,2,17,2,24,3,10,7,1,7,5,1,8,2,8,42,1,22,121.5779731,25.0516745
114,11,11,08,30,07信義區,信義區市民大道5段82號,0,0,2,1,B03,6,5,5,40,14,9,1,4,4,5,13,4,4,1,4,5,2,13,1,51,3,10,7,1,7,9,1,8,1,3,44,1,22,121.5670208,25.0485286
114,11,11,08,32,11南港區,南港區環東大道東往西,0,0,1,1,C02,6,6,5,60,14,9,1,4,4,5,13,4,4,10,3,5,1,13,1,42,2,9,3,4,7,9,1,10,1,11,16,1,21,121.6016537,25.0584122
114,11,11,08,36,02萬華區,萬華區西園路2段189號,0,0,1,1,C03,6,6,5,50,14,9,1,4,4,5,13,4,4,1,4,4,1,17,1,21,2,9,3,4,7,8,1,10,1,11,108,1,22,121.494722,25.0276882
114,11,11,08,50,12內湖區,內湖區舊宗路2段與國道一號口南下匝道,0,0,1,1,C03,6,7,5,50,4,1,1,4,4,5,13,1,1,1,5,5,2,17,1,21,2,8,5,1,7,9,1,10,1,11,107,1,21,121.5751903,25.07118325
114,11,11,09,10,05中正區,中正區中華路1段與開封街1段口,0,0,1,1,C03,6,6,5,50,4,2,1,4,4,5,13,1,1,1,4,5,2,13,1,32,2,9,6,1,7,9,1,10,1,11,108,1,22,121.5095352,25.0457566
114,11,11,09,26,12內湖區,內湖區文湖街與文湖街21巷口,0,0,1,1,C03,6,6,5,50,3,1,1,4,4,5,13,2,1,5,5,5,2,18,2,19,2,8,6,1,7,9,1,10,1,14,116,1,22,121.5605164,25.08592999
114,11,11,09,41,09北投區,北投區東華街1段410號,0,0,1,1,B12,6,7,5,30,14,9,1,4,4,5,13,4,4,1,4,1,2,17,1,45,3,10,3,4,7,15,1,4,9,17,42,2,26,121.5182811,25.1110286