發生年度,發生月,發生日,發生時-Hours,發生分,區序,肇事地點,死亡人數,2-30日死亡人數,受傷人數,當事人序號,車種,天候,光線,道路類別,速限-速度限制,道路型態,事故位置,路面狀況1,路面狀況2,路面狀況3,道路障礙1,道路障礙2,號誌1,號誌2,車道劃分-分向,車道劃分-分道1,車道劃分-分道2,車道劃分-分道3,事故類型及型態,性別,年齡,受傷程度,主要傷處,保護裝置,行動電話,車輛用途,當事者行動狀態,駕駛資格情形,駕駛執照種類,飲酒情形,車輛撞擊部位1,肇因碼-個別,個人肇逃否,職業,座標-X,座標-Y
114,11,11,10,05,09北投區,北投區東華街2段與立農街2段202巷口,0,0,1,1,C03,6,7,5,50,4,2,1,4,4,5,13,2,1,5,5,5,2,16,2,28,2,9,6,1,7,5,1,10,1,13,8,1,22,121.5135217,25.1177629
114,11,11,10,11,02萬華區,萬華區萬大路277巷44弄(萬青街81號旁),0,0,2,1,C03,6,6,5,30,14,9,1,4,4,5,13,4,4,10,5,5,2,17,1,69,3,10,6,1,7,1,1,10,1,11,19,1,22,121.5018287,25.024621
114,11,11,11,13,10文山區,文山區興隆路4段與忠順街1段口路口,0,0,1,1,B03,6,6,5,50,4,1,1,4,4,5,13,2,1,10,5,5,2,16,1,61,3,10,7,1,7,5,1,8,1,6,71,1,21,121.5616478,24.9844899
114,11,11,12,40,03中山區,中山區民權東路2段22號前,0,0,2,1,C03,6,6,5,50,14,9,1,4,4,5,13,4,4,1,4,5,2,12,2,48,2,9,5,1,7,9,1,10,1,11,108,1,21,121.5285891,25.0624959
114,11,11,13,20,08士林區,士林區福華路166號,0,0,2,1,C03,8,6,5,50,14,18,1,4,4,5,13,4,4,1,4,5,1,3,1,24,3,10,5,1,7,9,1,10,2,11,70,1,21,121.5224493,25.104295
114,11,11,14,30,04大安區,大安區市民大道3段與復興南路1段口,0,0,1,1,B01,6,5,5,40,14,9,1,4,4,5,13,2,1,1,4,5,2,17,1,25,4,11,3,4,7,9,1,4,11,17,101,1,21,121.5439504,25.044747
114,11,11,15,10,05中正區,中正區重慶北路1段與鄭州路口,0,0,2,1,B12,7,6,5,40,4,1,1,5,4,5,13,1,1,10,5,5,2,13,1,50,3,10,2,1,7,9,1,8,1,1,44,1,22,121.5133004,25.0493395
114,11,11,15,10,12內湖區,內湖區民權東路6段56巷與民權東路6段56巷口,0,0,1,1,C03,6,7,5,50,4,1,1,4,4,5,13,4,4,1,5,5,2,17,2,32,2,8,5,1,7,9,1,10,2,17,44,1,21,121.5853995,25.06723868
114,11,11,15,40,03中山區,中山區中山北路2段與長春路口,0,0,1,1,B01,8,7,5,50,4,1,1,5,4,5,13,2,1,9,4,5,2,17,1,58,3,10,7,1,7,7,1,8,2,4,16,1,21,121.5227869,25.0547518
114,11,11,15,40,06松山區,松山區敦化北路222巷與敦化北路222巷18弄口,0,0,1,1,B12,6,6,5,30,3,2,1,4,4,5,13,4,4,10,5,5,2,3,1,51,3,10,3,4,7,5,1,8,1,1,70,1,21,121.5479142,25.0593791
114,11,11,15,52,05中正區,中正區廈門街5號,0,0,1,1,B03,6,6,5,50,14,9,1,4,4,5,10,4,4,9,4,5,2,17,2,44,3,10,7,1,7,9,1,8,1,1,80,1,21,121.5181155,25.027099
114,11,11,15,55,03中山區,中山區吉林路與吉林路379巷口,0,0,1,1,B01,6,6,5,50,3,1,1,4,4,5,13,4,4,5,4,4,1,17,1,41,3,10,7,1,7,5,1,4,1,6,8,1,21,121.5303872,25.0652996
114,11,11,15,57,01大同區,大同區通河西街1段與通河西街堤外便道口大龍抽水站旁,0,0,2,1,C03,7,6,5,25,11,9,1,4,4,5,13,4,4,9,5,5,2,11,1,28,2,8,6,1,7,15,1,10,2,11,13,1,21,121.5166919,25.0788326
114,11,11,16,00,03中山區,中山區吉林路197號,0,0,1,1,H01,6,6,5,0,14,8,1,4,4,5,13,4,4,9,4,4,2,3,2,67,2,9,4,5,8,16,8,20,1,16,121,1,22,121.5302878,25.0599121
114,11,11,16,20,04大安區,大安區大安路1段與復興南路1段279巷口,0,0,1,1,B03,6,7,5,30,4,1,1,4,4,5,13,4,4,9,4,4,2,17,1,50,3,10,7,1,7,5,1,8,1,8,44,1,21,121.5460002,25.0356292
114,11,11,16,23,03中山區,中山區松江路與長安東路2段口,0,0,1,1,C03,6,5,5,50,4,1,1,4,4,5,13,1,1,1,4,5,2,13,1,64,2,9,3,4,7,9,1,10,1,11,16,1,21,121.5327799,25.04850323
114,11,11,16,29,05中正區,中正區牯嶺街與南海路口,0,0,1,1,B11,6,6,5,50,4,1,1,4,4,5,13,1,1,5,2,5,2,17,2,44,3,10,7,1,7,9,1,4,1,5,44,1,21,121.514844,25.0322372
114,11,11,16,30,09北投區,北投區北投路1段與三合街2段口,0,0,2,1,C03,6,6,5,50,4,1,1,4,4,5,13,1,1,7,4,5,2,13,1,66,2,8,5,1,7,9,1,10,1,11,16,1,21,121.5007561,25.1261863
114,11,11,16,45,11南港區,南港區南港路1段263號,0,0,1,1,B01,6,5,5,50,14,9,1,4,4,5,13,4,4,4,4,5,2,17,1,63,3,10,7,1,7,11,1,8,1,5,80,1,21,121.6096391,25.0548281
114,11,11,17,00,10文山區,文山區忠順街2段22號,0,0,1,1,C03,6,5,5,50,14,9,1,4,4,5,13,4,4,5,5,5,1,3,1,57,3,10,6,1,7,9,1,10,1,11,70,1,21,121.5629803,24.9846923
114,11,11,17,05,09北投區,北投區大度路3段與立德路口,0,0,1,1,B03,7,5,5,50,3,2,1,5,4,5,13,4,4,3,4,3,2,17,1,47,3,10,3,4,7,6,1,8,2,5,74,1,21,121.4736215,25.1228906
114,11,11,17,10,10文山區,文山區興隆路4段105巷與木柵路2段204巷口,0,0,1,1,C03,6,5,5,30,3,18,1,4,4,5,13,4,4,10,5,5,1,3,1,70,3,10,6,1,7,9,1,10,1,11,70,1,21,121.5635125,24.9880762
114,11,11,17,10,10文山區,文山區秀明路1段停車格71號,0,0,3,1,C03,6,5,5,50,14,9,1,4,4,5,13,4,4,5,4,5,2,17,1,66,2,7,3,4,7,9,1,10,1,15,42,1,22,121.5704168,24.99172229
114,11,11,17,20,11南港區,南港區重陽路125巷與松河街口,0,0,1,1,B03,6,5,5,50,3,2,1,4,4,5,13,2,1,5,5,5,2,12,1,59,3,10,7,1,7,9,6,18,2,4,17,1,21,121.5976061,25.0583951
114,11,11,17,31,07信義區,信義區吳興街250號與吳興街220巷口,0,0,1,1,B01,6,5,5,50,3,1,1,4,4,5,13,4,4,5,5,5,2,16,1,65,3,10,3,4,7,11,1,4,1,8,10,1,22,121.5611604,25.0261788
114,11,11,17,43,01大同區,大同區敦煌路與敦煌路21巷口,0,0,2,1,C03,6,5,5,50,4,2,1,4,4,5,13,1,1,1,4,5,2,13,1,20,2,7,6,1,7,9,1,10,2,11,108,1,21,121.5173697,25.0759958
114,11,11,17,50,04大安區,大安區市民大道4段與忠孝東路4段101巷口,0,0,1,1,B01,6,5,5,40,3,1,1,4,4,5,13,4,4,1,4,5,2,12,1,68,3,10,7,1,7,9,1,4,1,5,17,1,21,121.5481344,25.044824
114,11,11,17,56,12內湖區,內湖區民權東路6段81巷與民權東路6段口,0,0,1,1,B03,6,5,5,30,4,18,1,4,4,5,13,2,1,1,5,5,2,6,2,49,3,10,7,1,7,6,1,8,2,5,70,1,21,121.5877669,25.06913
114,11,11,18,01,02萬華區,萬華區環河南路2段250巷與環河南路2段250巷17弄口,0,0,1,1,C03,7,5,5,30,3,1,1,5,4,5,13,3,1,10,5,5,2,13,1,47,2,7,5,4,7,9,1,10,1,11,16,1,21,121.4911325,25.0336102
114,11,11,18,05,04大安區,大安區羅斯福路4段與新生南路3段口,0,0,1,1,B03,6,5,5,50,4,1,1,4,4,5,13,2,1,1,4,5,1,17,1,29,3,10,7,1,7,9,1,8,1,5,17,1,21,121.5328658,25.0162732
114,11,11,18,08,08士林區,士林區中正路與中正路586巷口,0,0,1,1,B03,7,5,5,50,3,1,1,4,4,5,13,4,4,1,4,5,2,17,1,58,3,10,3,4,7,8,1,8,1,2,100,1,22,121.5222115,25.0579873
114,11,11,18,10,09北投區,北投區中央北路4段與學園路口,0,0,2,1,B02,6,5,5,50,3,2,1,4,4,5,13,2,1,5,4,5,2,13,1,27,3,10,7,1,7,9,1,8,2,1,16,1,21,121.4660937,25.1267796
114,11,11,18,11,11南港區,南港區松河街與南港路3段106巷口,0,0,2,1,C04,6,5,5,50,14,9,1,4,4,5,13,4,4,5,4,5,2,2,2,48,2,9,5,1,7,9,1,8,1,11,108,1,21,121.5887578,25.0550364
114,11,11,18,22,03中山區,中山區建國北路2段與長春路口,0,0,1,1,C03,6,5,5,50,4,1,1,4,4,5,13,1,1,5,4,4,2,13,2,64,2,9,3,4,7,9,1,10,2,11,42,1,21,121.5373595,25.05476595
114,11,11,18,43,04大安區,大安區忠孝東路4段30號,0,0,2,1,C03,6,5,5,50,14,9,1,4,4,5,13,4,4,1,3,5,2,17,2,34,2,9,6,1,7,9,1,10,1,11,16,1,21,121.5445373,25.0415215
114,11,11,18,51,01大同區,大同區承德路2段與錦西街口,0,0,1,1,B02,6,5,5,50,4,2,1,4,4,5,13,1,1,5,2,5,2,17,1,25,3,10,3,4,7,6,1,8,2,2,9,1,21,121.5182901,25.06019393
114,11,11,19,08,04大安區,大安區安和路2段182號,0,0,1,1,C03,6,5,5,50,14,9,1,4,4,5,13,4,4,8,3,5,1,12,1,52,2,7,5,1,7,9,1,10,1,11,16,1,21,121.5501171,25.0251214
114,11,11,19,20,11南港區,南港區玉成街149號,0,0,2,1,C03,6,5,5,50,3,18,1,4,4,5,13,4,4,5,5,5,2,3,1,44,2,8,5,4,7,9,1,10,1,11,70,1,22,121.5832678,25.0451393
114,11,11,19,29,03中山區,中山區五常街與民權東路3段39巷口口,0,0,1,1,B03,6,5,5,30,3,1,1,4,4,5,13,3,1,9,4,5,2,3,2,50,3,10,3,4,7,5,1,8,1,5,44,1,21,121.5424803,25.0643192
114,11,11,19,29,04大安區,大安區新生南路3段與辛亥路1段口,0,0,1,1,C03,6,5,5,50,4,2,1,4,4,5,13,2,1,1,4,5,1,17,2,35,4,11,3,4,7,9,1,10,11,15,80,2,21,121.5342472,25.0217887
114,11,11,20,00,05中正區,中正區中華路2段325號,0,0,1,1,B03,6,5,5,50,14,9,1,4,4,5,13,4,4,8,3,4,2,12,1,73,3,10,7,1,7,4,1,8,2,2,17,1,21,121.5064667,25.0274193
114,11,11,20,03,01大同區,大同區延平北路2段與民權西路口,0,0,2,1,B03,6,5,5,50,4,1,1,4,4,5,13,1,1,5,2,5,2,17,1,69,3,10,3,4,7,9,6,18,5,1,81,1,21,121.5112215,25.06278762
114,11,11,20,16,03中山區,中山區民權東路3段75巷與復興北路430巷口,0,0,1,1,B03,6,5,5,30,4,1,1,4,4,5,13,3,1,10,5,5,2,15,1,40,3,10,3,4,7,9,1,8,2,1,72,1,21,121.5436931,25.06334808
114,11,11,20,18,05中正區,中正區延平南路與延平南路195巷口,0,0,1,1,C03,6,5,5,50,4,2,1,4,4,5,13,4,4,9,4,5,2,3,1,26,3,10,5,1,7,9,1,10,2,11,70,1,21,121.507392,25.03326236
114,11,11,20,20,12內湖區,內湖區成美橋與新明路口,0,0,1,1,B03,6,5,5,50,4,1,1,4,4,5,13,1,1,10,5,5,2,17,1,41,3,10,7,1,7,5,1,8,2,17,71,1,21,121.5821952,25.0556307
114,11,11,21,20,03中山區,中山區農安街與農安街125巷口對面,0,0,1,1,B03,6,5,5,50,3,2,1,4,4,5,13,4,4,9,5,5,2,17,1,32,3,10,7,1,7,1,1,8,1,8,19,1,21,121.529931,25.0648024
114,11,11,22,01,01大同區,大同區延平北路2段與民權西路口,0,0,1,1,B03,6,5,5,50,14,9,1,4,4,5,13,2,1,9,4,5,2,13,1,30,3,10,7,4,7,9,1,8,1,1,16,1,21,121.5109313,25.0628035
114,11,11,23,15,05中正區,中正區重慶南路1段122號貴陽街側,0,0,1,1,C03,6,5,5,50,14,9,1,4,5,1,11,4,4,9,4,5,1,20,1,21,2,9,6,1,7,9,1,10,2,11,117,1,25,121.5119995,25.0389199
114,11,11,23,15,12內湖區,內湖區瑞光路與瑞光路393巷口,0,0,2,1,C03,6,5,5,50,4,1,1,4,4,5,13,1,1,10,5,5,2,16,1,43,2,9,6,1,7,5,1,10,2,11,71,1,21,121.5726922,25.0774321
114,11,11,23,15,07信義區,信義區市府路與仁愛路4段口,0,0,1,1,B03,6,5,5,50,3,2,1,4,4,5,13,2,1,8,3,5,2,16,1,36,3,10,3,4,7,6,1,8,1,6,44,1,21,121.5634512,25.037639
114,11,11,23,25,07信義區,信義區松隆路與永吉路30巷口,0,0,1,1,B03,6,6,5,50,3,1,1,4,4,5,13,2,1,10,5,5,2,3,2,60,3,10,3,4,7,5,1,8,1,1,70,1,21,121.5687633,25.0442368
114,11,11,23,33,01大同區,大同區西寧北路北往南(玉泉公園旁）,0,0,1,1,C03,6,5,5,50,14,9,1,4,4,5,13,4,4,5,2,5,2,29,3,0,,,,,,,,,,,67,1,,121.5079521,25.04975931
114,11,12,00,38,09北投區,北投區北投路2段與大興街23巷口,0,0,2,1,C03,6,5,5,50,3,2,1,4,4,5,13,1,1,9,4,5,2,9,1,29,2,9,5,1,7,9,1,10,2,11,108,1,21,121.4990097,25.1309912
114,11,12,00,43,08士林區,士林區中山北路5段與中正路口口,0,0,1,1,F01,8,5,5,40,4,1,1,5,4,5,13,1,1,8,3,1,2,16,1,23,2,9,4,1,7,5,8,20,2,14,85,1,22,121.5278848,25.0958017
114,11,12,01,45,03中山區,中山區民族東路與建國北路3段113巷口,0,0,1,1,C03,6,5,5,50,3,2,1,4,4,5,13,1,1,1,4,4,2,13,2,35,2,9,3,4,7,9,1,10,2,11,108,1,21,121.5367465,25.06816538
114,11,12,05,10,09北投區,北投區致遠一路2段6號,0,0,1,1,C03,6,6,5,50,14,9,1,4,4,5,13,4,4,5,5,5,2,16,1,67,3,10,5,1,7,5,1,10,2,17,8,1,21,121.5145176,25.1108713
114,11,12,06,33,10文山區,文山區基隆路4段與汀州路4段口,0,0,1,1,C03,6,6,5,40,5,2,1,4,4,5,13,2,1,1,4,1,1,17,1,41,2,9,6,1,7,9,1,10,1,12,116,1,21,121.5361954,25.0108016
114,11,12,06,56,03中山區,中山區民生東路1段與林森北路口,0,0,2,1,C03,7,7,5,50,4,1,1,4,4,5,13,1,1,5,4,5,2,13,1,32,2,9,6,1,7,9,1,10,1,11,13,1,21,121.5252896,25.0580429
114,11,12,07,05,07信義區,信義區仁愛路4段505號,0,0,1,1,C03,8,6,5,50,14,8,1,4,4,5,13,4,4,1,4,1,2,19,1,44,2,3,5,1,7,9,1,10,2,11,108,1,21,121.5594296,25.0377799
114,11,12,07,13,03中山區,中山區樂群二路與敬業三路口,0,0,1,1,B03,7,6,5,50,4,1,1,4,4,5,13,2,1,1,4,5,2,16,1,41,3,10,7,1,7,5,1,8,2,5,71,1,21,121.5562764,25.0799279
114,11,12,07,30,03中山區,中山區民生東路1段58號,0,0,1,1,C03,8,7,5,50,14,9,1,5,4,5,13,4,4,5,2,5,2,17,1,43,2,9,5,1,7,9,1,10,1,11,16,1,21,121.5249291,25.0580477
114,11,12,07,40,09北投區,北投區承德路6段與福國路口,0,0,1,1,,8,6,5,60,4,2,1,5,4,5,13,1,1,1,4,5,2,13,4,29,,,,,,,,,,,119,2,,121.5125121,25.101197
114,11,12,07,43,03中山區,中山區植福路與敬業四路口,0,0,1,1,B03,6,7,5,50,4,1,1,4,4,5,13,1,1,10,4,5,2,17,1,48,3,10,7,1,7,5,1,8,1,1,71,1,21,121.5569933,25.08396633
114,11,12,07,45,07信義區,信義區松勤街與信義路5段22巷口,0,0,2,1,C03,7,6,5,30,4,2,1,4,4,5,13,4,4,9,5,5,2,13,2,39,2,7,5,1,7,9,1,10,1,11,16,1,22,121.5639199,25.0320331
114,11,12,08,09,07信義區,信義區吳興街600巷109號,0,0,1,1,C03,7,6,5,30,11,9,1,4,4,5,13,4,4,10,5,5,1,17,1,37,2,9,6,1,7,9,1,10,1,13,17,1,22,121.5726571,25.0185605
114,11,12,08,11,07信義區,信義區忠孝東路4段550號,0,0,1,1,C03,8,6,5,50,14,9,1,4,4,5,13,4,4,3,4,5,2,18,2,52,2,1,5,1,7,9,1,10,1,14,42,1,21,121.5635166,25.0411116
114,11,12,08,19,10文山區,文山區木柵路1段與木柵路1段311巷口,0,0,1,1,C03,8,6,5,50,3,1,1,5,4,5,13,4,4,5,4,5,2,13,1,32,2,7,6,1,7,9,1,10,1,11,44,1,21,121.5556445,24.9883721
114,11,12,08,37,06松山區,松山區塔悠路195-3號旁無名巷與後方堤內便道,0,0,1,1,C03,8,5,5,30,3,1,1,5,4,5,13,4,4,10,3,5,2,17,2,49,2,9,5,4,7,9,1,10,2,17,13,1,22,121.5697107,25.0576505
114,11,12,08,41,09北投區,北投區東昇路108-2號,0,0,1,1,B03,6,7,5,50,14,9,1,4,4,5,13,4,4,9,4,5,2,17,2,63,3,10,7,1,7,9,1,8,1,17,1,1,21,121.5246317,25.1492738
114,11,12,08,48,01大同區,大同區延平北路4段282巷與延平北路4段282巷19弄口,0,0,1,1,B03,8,6,5,30,4,1,1,5,4,5,13,4,4,10,5,5,2,15,1,51,3,10,7,1,7,9,1,8,1,2,72,1,21,121.5110807,25.07701349
114,11,12,08,55,06松山區,松山區南京東路3段與南京東路3段338巷口,0,0,1,1,B03,8,6,5,50,3,1,1,5,4,5,13,2,1,3,4,4,2,17,1,26,3,10,3,4,7,6,1,8,1,2,71,1,22,121.547471,25.0516609
114,11,12,09,08,04大安區,大安區忠孝東路3段與復興南路1段口,0,0,1,1,B01,7,6,5,50,4,1,1,5,4,5,13,1,1,1,4,5,2,17,1,50,3,10,3,4,7,6,1,4,1,17,9,1,21,121.5436703,25.0415093
114,11,12,09,24,12內湖區,內湖區民權東路6段175巷與民權東路6段191巷20弄口,0,0,1,1,C03,7,6,6,30,4,1,1,4,4,5,13,4,4,10,5,5,2,15,1,20,2,9,6,4,7,9,1,10,1,11,72,1,22,121.5969825,25.0686081
114,11,12,09,27,07信義區,信義區信義路5段55號,0,0,1,1,A02,8,6,5,50,14,9,1,5,4,5,13,4,4,1,4,5,2,12,1,52,3,10,7,1,7,9,1,2,2,4,108,1,21,121.5691058,25.0329534
114,11,12,09,41,01大同區,大同區鄭州路與西寧北路口,0,0,1,1,F01,8,6,5,40,5,2,1,5,4,5,13,2,1,1,4,5,2,17,1,68,4,11,3,4,7,9,8,20,11,12,81,2,22,121.508343,25.0503909
114,11,12,09,47,09北投區,北投區吉利街與尊賢街口,0,0,1,1,C03,7,7,5,30,4,1,1,5,4,5,13,1,1,1,4,5,2,16,1,83,2,9,5,1,7,6,1,10,1,14,82,1,21,121.5065807,25.1185569
114,11,12,09,52,12內湖區,內湖區成功路2段與國道一號口北上入口,0,0,1,1,B03,8,6,5,50,4,1,1,5,4,5,13,2,1,1,4,5,2,17,1,39,3,10,7,1,7,6,1,8,2,2,80,1,22,121.5909777,25.0642206
114,11,12,10,00,05中正區,中正區市民大道2段(林森至金山西往東）,0,0,1,1,C03,8,6,5,40,14,9,1,5,4,5,13,3,1,1,4,5,2,13,2,39,2,9,6,4,7,9,1,10,1,11,16,1,21,121.5257227,25.0474061
114,11,12,10,22,10文山區,文山區興隆路4段179巷與木新路3段74巷口口,0,0,1,1,C03,8,6,5,30,4,1,1,5,4,5,13,4,4,10,5,5,2,15,1,28,2,9,5,1,7,9,1,10,1,12,75,1,21,121.5630539,24.9837418
114,11,12,10,35,06松山區,松山區塔悠路91號,0,0,1,1,C03,7,6,5,50,14,9,1,5,4,5,13,4,4,1,3,5,2,17,2,37,2,9,6,1,7,5,1,10,1,14,17,1,21,121.5703888,25.05198669
114,11,12,10,40,06松山區,(塔悠路97號前),0,0,1,1,C03,8,7,5,50,3,1,1,5,4,5,13,3,1,1,4,5,2,13,1,21,2,8,6,1,7,9,1,10,1,11,16,1,21,121.5703212,25.0525217
114,11,12,11,13,01大同區,大同區保安街與保安街49巷口,0,0,3,1,C03,8,7,5,50,4,1,1,5,4,5,13,4,4,9,5,5,2,13,2,59,2,8,5,1,7,9,1,10,1,11,44,1,22,121.5121324,25.0590925
114,11,12,11,15,03中山區,中山區北安路588巷30弄與明水路581巷口,0,0,1,1,B12,8,6,5,50,4,1,1,5,4,5,13,1,1,9,4,5,2,1,1,35,3,10,3,4,7,5,1,8,2,1,70,1,21,121.5501737,25.07998353
114,11,12,11,28,02萬華區,萬華區中華路2段與廣州街口,0,0,1,1,,8,5,5,50,4,2,1,5,4,5,13,1,1,1,4,4,2,18,3,46,,,,,,,,,,,67,1,,121.5064653,25.0362236
114,11,12,11,29,12內湖區,內湖區新明路305號,0,0,1,1,B01,8,6,5,50,14,8,1,4,4,5,13,4,4,5,4,4,2,16,2,51,3,10,3,4,7,5,1,4,1,8,8,1,26,121.5848317,25.0570376
114,11,12,12,14,01大同區,大同區環河北路1段105號,0,0,1,1,C03,7,6,5,50,14,9,1,5,4,5,13,2,1,6,3,2,1,12,1,31,2,9,3,4,7,12,1,10,1,14,108,1,21,121.5075073,25.0533916
114,11,12,12,25,02萬華區,萬華區西園路2段與東園街口,0,0,1,1,B03,8,5,5,50,3,2,1,5,4,5,13,1,1,9,5,5,2,17,2,50,3,10,7,1,7,9,1,8,1,5,44,1,21,121.4950703,25.027969
114,11,12,12,28,10文山區,文山區景興路91巷與景華街97巷口,0,0,2,1,C03,7,6,5,30,4,1,1,5,4,5,13,4,4,10,5,5,2,15,1,50,2,7,5,1,7,9,1,10,1,11,72,1,21,121.5461303,24.9959213
114,11,12,12,42,07信義區,信義區信安街161號,0,0,1,1,F01,8,6,5,0,14,20,5,5,4,5,13,4,4,10,5,5,2,9,2,24,3,10,4,1,7,9,8,20,11,11,87,1,25,121.5549608,25.0225753
114,11,12,13,35,07信義區,信義區光復南路133號,0,0,1,1,B01,7,6,5,30,14,18,1,5,4,5,13,2,1,1,4,5,2,3,1,68,3,10,7,1,7,9,1,4,1,1,70,1,21,121.5579278,25.0435374
114,11,12,13,40,07信義區,信義區信義路5段與松仁路口,0,0,1,1,A03,8,7,5,50,4,2,1,5,4,5,13,1,1,3,4,5,2,17,1,47,3,10,3,4,7,6,1,1,9,17,9,1,21,121.5684224,25.0330149
114,11,12,13,43,04大安區,大安區忠孝東路4段與大安路1段口,0,0,1,1,C03,8,5,5,50,4,2,1,5,4,5,13,2,1,8,3,5,1,13,2,36,3,10,5,1,7,9,1,10,1,11,16,1,21,121.5463768,25.0416938
114,11,12,13,46,10文山區,文山區汀州路4段與汀州路4段105巷口,0,0,1,1,B03,8,6,5,50,3,1,1,5,4,5,13,4,4,9,5,5,2,13,1,61,3,10,7,1,7,9,1,8,1,1,108,1,21,121.536405,25.0065579
114,11,12,14,24,04大安區,大安區信義路4段與大安路1段口,0,0,1,1,B01,8,5,5,50,4,1,1,5,4,5,13,2,1,1,5,5,2,16,1,48,3,10,7,1,7,5,1,4,1,7,8,1,21,121.5459208,25.0334461
114,11,12,14,30,04大安區,大安區忠孝東路4段與延吉街口,0,0,1,1,C03,8,7,5,50,4,1,1,5,4,5,13,2,1,5,4,5,2,17,1,26,3,10,6,1,7,5,1,10,1,12,8,1,21,121.5544713,25.0415891
114,11,12,14,50,12內湖區,內湖區金龍路與內湖路3段18巷口,0,0,1,1,B03,7,7,5,30,3,1,1,5,4,5,13,4,4,5,5,4,2,17,1,38,3,10,7,1,7,5,1,8,2,1,44,1,21,121.5929346,25.0848746
114,11,12,15,18,02萬華區,萬華區西寧南路與武昌街2段口,0,0,1,1,C03,7,6,5,50,4,1,1,4,4,5,13,4,4,10,4,5,2,16,1,40,3,10,3,4,7,9,1,10,1,14,44,1,22,121.5064655,25.0446818
114,11,12,15,47,07信義區,信義區吳興街269巷與莊敬路口,0,0,1,1,C03,8,7,5,30,4,2,1,5,4,5,13,4,4,9,4,4,2,17,1,29,2,8,5,4,7,5,1,10,1,12,44,1,21,121.5649021,25.0276918
114,11,12,15,50,03中山區,中山區中山北路2段59巷與中山北路2段口,0,0,2,1,C03,8,7,5,30,3,2,1,5,4,5,13,4,4,3,5,5,2,13,1,41,2,9,6,1,7,6,1,10,1,13,72,1,21,121.522951,25.05621606
114,11,12,16,28,05中正區,中正區忠孝東路2段87號,0,0,1,1,C03,7,7,5,50,14,9,1,5,4,5,13,4,4,1,4,5,2,17,1,40,3,10,5,1,7,12,1,10,9,17,44,2,21,121.5306032,25.0430457
114,11,12,16,35,12內湖區,內湖區民權東路6段11巷與瑞湖街口,0,0,1,1,C03,7,5,5,50,3,2,1,5,4,5,13,1,1,5,5,5,2,17,1,30,2,7,5,1,7,9,1,10,1,14,44,1,21,121.5765888,25.0675187
114,11,12,17,00,05中正區,中正區水源快速道路往北水源路25巷旁,0,0,1,1,B03,8,5,5,50,14,9,1,5,4,5,13,4,4,10,4,5,2,13,1,31,3,10,7,1,7,9,1,8,1,1,16,1,21,121.5244716,25.0174296
114,11,12,17,35,03中山區,中山區中山北路3段38號,0,0,2,1,C03,7,5,5,50,14,9,1,5,4,5,13,4,4,5,4,5,2,13,1,18,2,9,6,1,7,9,1,10,1,11,16,1,21,121.5222472,25.0663928
114,11,12,18,00,01大同區,大同區延平北路3段與昌吉街口,0,0,1,1,B01,7,5,5,50,4,1,1,4,4,5,13,2,1,9,4,5,2,16,1,52,3,10,7,1,7,5,1,4,1,6,80,1,21,121.511046,25.0659547
114,11,12,18,00,12內湖區,內湖區成功路5段168號,0,0,1,1,C03,7,5,5,40,11,7,1,5,4,5,13,4,4,1,4,4,2,12,1,58,2,9,5,1,7,9,1,10,2,14,17,1,21,121.6052239,25.0829846
114,11,12,18,10,12內湖區,內湖區星雲街208號前,0,0,1,1,C03,6,5,5,50,14,9,1,4,4,5,13,4,4,10,5,5,2,3,1,49,3,10,6,1,7,1,1,10,2,14,19,1,21,121.5968669,25.0809811
114,11,12,18,30,07信義區,信義區莊敬路325巷36號,0,0,1,1,C03,6,5,5,30,14,9,1,4,4,5,13,4,4,9,5,5,2,29,1,23,2,9,3,4,7,9,1,10,1,14,42,1,22,121.5642146,25.0285781
114,11,12,18,32,11南港區,南港區向陽路258巷與向陽路口,0,0,1,1,B02,6,5,5,50,3,1,1,4,4,5,13,2,1,5,5,5,2,16,1,64,3,10,3,4,7,5,1,8,2,2,71,1,21,121.5928133,25.0580661
114,11,12,18,44,03中山區,中山區八德路2段232號,0,0,1,1,B02,6,5,5,50,14,9,1,4,4,5,13,4,4,9,4,5,2,17,1,57,3,10,7,1,7,1,1,8,1,8,19,1,21,121.5399541,25.04653178
114,11,12,18,48,03中山區,中山區民族東路97-1號,0,0,2,1,C03,6,5,5,40,14,9,1,4,4,5,13,4,4,1,4,5,2,2,2,41,2,9,6,1,7,9,1,10,1,11,107,1,22,121.5367909,25.06816303
114,11,12,18,49,03中山區,中山區錦西街與民生西路3巷口,0,0,1,1,C03,6,5,5,30,4,1,1,4,4,5,13,4,4,10,5,5,2,16,1,62,2,9,5,1,7,6,1,10,1,14,72,1,22,121.5220641,25.060286
114,11,12,18,53,03中山區,中山區市民大道2段與林森北路口口,0,0,1,1,C03,7,5,5,40,4,1,1,5,4,5,13,1,1,1,4,5,2,17,2,31,2,9,3,4,7,5,1,10,1,14,44,1,21,121.5242154,25.0478724
114,11,12,19,02,05中正區,中正區鄭州路與承德路1段口,0,0,1,1,,6,5,5,30,5,2,1,4,4,5,13,1,1,1,4,5,1,17,4,0,,,,,,,,,11,,119,2,,121.5161924,25.0485386
114,11,12,19,46,10文山區,文山區木柵路3段與秀明路1段口,0,0,1,1,C03,6,5,5,50,14,9,1,4,4,5,13,2,1,5,4,5,2,12,2,57,3,10,6,1,7,8,1,10,1,12,101,1,21,121.5710904,24.9912321