發生年度,發生月,發生日,發生時-Hours,發生分,區序,肇事地點,死亡人數,2-30日死亡人數,受傷人數,當事人序號,車種,天候,光線,道路類別,速限-速度限制,道路型態,事故位置,路面狀況1,路面狀況2,路面狀況3,道路障礙1,道路障礙2,號誌1,號誌2,車道劃分-分向,車道劃分-分道1,車道劃分-分道2,車道劃分-分道3,事故類型及型態,性別,年齡,受傷程度,主要傷處,保護裝置,行動電話,車輛用途,當事者行動狀態,駕駛資格情形,駕駛執照種類,飲酒情形,車輛撞擊部位1,肇因碼-個別,個人肇逃否,職業,座標-X,座標-Y
114,11,12,20,19,03中山區,中山區錦州街與錦州街30巷口,0,0,1,1,B01,6,5,5,30,3,1,1,4,4,5,13,4,4,5,5,5,2,16,1,47,3,10,7,1,7,6,1,4,1,4,80,1,22,121.5248975,25.0603051
114,11,12,20,43,12內湖區,內湖區民權東路6段56巷與無名巷口口,0,0,1,1,B03,6,5,5,30,3,1,1,4,4,5,13,4,4,5,5,4,2,17,2,36,3,10,7,1,7,5,1,8,1,1,80,1,21,121.5847428,25.0683307
114,11,12,20,54,07信義區,信義區基隆路1段與信義路4段口,0,0,1,1,C03,6,5,5,50,4,1,1,4,4,5,13,1,1,1,4,5,2,16,1,27,2,8,6,1,7,5,3,18,9,14,8,1,22,121.5597331,25.0336999
114,11,12,21,22,07信義區,信義區基隆路1段與忠孝東路4段口,0,0,1,1,C03,7,5,5,50,4,2,1,4,4,5,13,2,1,1,4,4,2,13,2,22,3,10,3,4,7,9,1,10,1,11,16,1,21,121.5644457,25.0413735
114,11,12,21,50,08士林區,士林區文林路與大東路口,0,0,2,1,C03,7,5,5,50,3,1,1,5,4,5,13,4,4,5,4,5,2,16,2,30,2,7,6,1,7,11,1,10,1,11,10,1,21,121.5255354,25.086598
114,11,12,22,07,01大同區,大同區赤峰街與赤峰街41巷口,0,0,3,1,C03,6,5,5,30,4,1,1,4,4,5,13,4,4,10,5,5,2,15,1,26,2,9,5,1,7,9,1,10,1,14,72,1,21,121.5196014,25.0549062
114,11,12,22,22,10文山區,文山區木新路2段與木新路2段158巷口,0,0,1,1,B12,6,5,5,50,4,2,1,4,4,5,13,2,1,5,4,5,2,3,1,34,3,10,3,4,7,4,1,8,2,7,44,1,26,121.5689843,24.9840997
114,11,12,23,51,03中山區,中山區市民大道1段往西R1出口前,0,0,1,1,B01,8,5,5,50,14,9,1,5,4,5,13,4,4,1,4,5,2,13,1,61,3,10,7,1,7,14,1,4,1,7,38,1,21,121.519547,25.04850274
114,11,13,06,51,07信義區,信義區忠孝東路5段與忠孝東路5段295巷口口,0,0,1,1,B03,6,6,5,50,3,1,1,4,4,5,13,4,4,1,4,5,2,16,1,44,3,10,3,4,7,6,1,8,11,2,9,1,22,121.5725507,25.0410536
114,11,13,07,00,04大安區,大安區和平東路2段與復興南路2段口,0,0,1,1,C03,6,6,5,50,4,1,1,4,4,5,13,2,1,1,2,5,2,13,1,35,2,9,6,1,7,9,1,8,1,12,16,1,21,121.5430552,25.0248593
114,11,13,07,23,07信義區,信義區松信路57號,0,0,1,1,C03,6,6,5,40,14,7,1,4,4,5,13,4,4,9,4,4,2,17,1,70,3,10,5,1,7,11,1,10,1,13,80,1,22,121.5721973,25.0476463
114,11,13,07,40,04大安區,大安區仁愛路4段266巷與仁愛路4段222巷口,0,0,2,1,B03,6,7,5,50,4,2,1,4,4,5,13,4,4,9,4,5,2,17,1,43,3,10,7,1,7,14,1,8,1,2,44,1,21,121.5525863,25.0364377
114,11,13,07,44,04大安區,大安區辛亥路3段與臥龍街188巷口,0,0,1,1,B02,6,6,5,50,3,1,1,4,4,5,13,4,4,3,4,5,2,16,1,21,3,10,3,4,7,6,1,8,1,5,74,1,21,121.5505171,25.0161752
114,11,13,07,51,08士林區,士林區承德路5段與士商路口,0,0,1,1,B03,7,5,5,60,4,2,1,5,4,5,13,2,1,3,4,4,2,16,2,38,3,10,7,1,7,6,1,8,1,1,9,1,21,121.5116607,25.09646669
114,11,13,07,51,07信義區,信義區光復南路455號,0,0,1,1,C03,6,6,5,50,14,9,1,4,4,5,13,4,4,1,3,5,2,18,1,47,2,9,6,1,7,9,1,10,1,14,44,1,21,121.5575821,25.0345516
114,11,13,08,03,12內湖區,內湖區康寧路3段245巷與五分街14巷口,0,0,3,1,C03,6,6,6,50,3,1,1,4,4,5,13,4,4,5,5,5,2,16,2,47,2,8,6,1,7,5,1,10,1,12,74,1,22,121.61338,25.0663612
114,11,13,08,09,12內湖區,內湖區南京東路6段西向東，近路燈0302835,0,0,1,1,B03,6,6,5,30,14,9,1,4,4,5,13,4,4,10,5,5,2,17,1,55,3,10,7,1,7,3,1,8,2,4,18,1,22,121.5814425,25.05664788
114,11,13,08,10,07信義區,信義區信義快速道路往北6010593號燈桿,0,0,1,1,B03,6,6,5,70,14,9,1,4,4,5,13,4,4,10,4,5,1,13,1,20,3,10,7,2,7,9,1,8,2,1,16,1,22,121.5770834,25.0226447
114,11,13,08,18,01大同區,大同區承德路3段267號,0,0,2,1,C03,6,6,5,50,14,9,1,4,4,5,13,4,4,1,4,5,2,16,2,56,2,5,5,4,7,7,1,10,1,15,100,1,21,121.5188596,25.0723415
114,11,13,08,20,12內湖區,內湖區民權大橋西向東,0,0,1,1,C03,6,6,6,50,14,7,1,4,4,5,13,4,4,1,4,4,1,13,1,19,3,10,5,1,7,9,1,10,1,11,16,1,21,121.5753927,25.065791
114,11,13,08,30,03中山區,中山區內湖路1段31號對面,0,0,2,1,C03,8,6,5,40,14,9,1,5,4,5,13,4,4,1,4,1,2,17,1,29,2,8,5,1,7,9,1,10,1,11,108,1,21,121.5599227,25.08476649
114,11,13,08,30,10文山區,文山區開元街74號,0,0,1,1,B03,8,6,5,30,14,9,1,4,4,5,13,1,1,10,5,5,2,12,1,57,3,10,7,1,7,7,1,4,1,4,100,1,21,121.5708088,24.9886986
114,11,13,08,35,12內湖區,內湖區民權東路6段與民權東路6段289巷口,0,0,1,1,B03,6,6,5,50,3,1,1,4,4,5,13,4,4,1,4,5,2,17,2,42,3,10,7,1,7,6,1,8,2,17,9,1,21,121.6016097,25.06773802
114,11,13,08,44,04大安區,大安區和平東路3段228巷與安居街8巷口,0,0,2,1,C03,6,5,8,50,3,1,1,4,4,5,13,4,4,4,3,5,2,15,2,74,2,9,6,1,7,1,1,10,2,12,19,1,21,121.5542896,25.0218847
114,11,13,08,50,03中山區,中山區長安東路2段153巷與龍江路46巷口,0,0,1,1,B03,6,7,5,30,3,1,1,4,4,5,13,4,4,10,5,5,2,17,1,65,3,10,7,1,7,5,1,8,1,17,74,1,21,121.5390258,25.04920894
114,11,13,09,20,04大安區,大安區新生南路1段103巷33弄與新生南路1段97巷口,0,0,1,1,C03,6,6,5,30,4,1,1,4,4,5,13,4,4,10,5,5,2,15,1,35,4,11,3,4,7,21,7,19,11,15,14,1,22,121.5356706,25.0411767
114,11,13,09,22,05中正區,中正區信義路2段與新生南路1段口,0,0,1,1,C03,6,6,5,50,5,1,5,4,4,5,13,1,1,10,5,5,2,13,2,28,2,9,5,1,7,9,1,10,1,11,16,1,22,121.5325224,25.0336971
114,11,13,09,35,04大安區,大安區愛國東路216號,0,0,2,1,C03,6,5,5,50,14,9,1,4,4,5,13,4,4,3,5,5,2,16,2,42,2,9,6,1,7,8,1,10,1,12,100,1,21,121.5248399,25.0319009
114,11,13,09,35,05中正區,中正區公園路北往南（公車站牌區：台大醫院捷運站）,0,0,1,1,A04,6,7,5,50,14,9,1,4,4,5,13,4,4,5,4,5,2,9,1,44,3,10,7,1,7,1,1,2,2,17,42,1,26,121.5161766,25.0419392
114,11,13,09,53,01大同區,大同區重慶北路2段與民權西路口,0,0,1,1,C03,6,5,5,50,4,2,1,4,4,5,13,2,1,1,4,5,2,17,2,29,3,10,3,4,7,6,1,10,1,12,9,1,21,121.5134605,25.0628864
114,11,13,10,17,10文山區,文山區新光路2段與新光路2段口圓環,0,0,1,1,C03,6,6,5,50,18,9,1,4,4,5,13,3,1,10,4,5,2,17,2,22,2,9,6,1,7,8,3,18,2,12,78,1,21,121.5823626,25.0001857
114,11,13,10,20,09北投區,北投區中央北路4段584號,0,0,2,1,C03,6,6,5,50,14,9,1,4,4,5,13,4,4,9,4,5,2,16,2,66,2,9,6,1,7,5,1,10,2,14,8,1,21,121.46637,25.1270082
114,11,13,10,21,03中山區,中山區合江街與龍江路292巷口,0,0,1,1,B03,6,7,5,50,4,1,1,4,4,5,13,4,4,10,4,5,2,17,2,40,3,10,7,1,7,5,1,8,1,8,74,1,21,121.5212812,25.04995185
114,11,13,10,44,03中山區,中山區樂群二路與明水路口,0,0,1,1,B03,6,7,5,50,4,2,1,4,4,5,13,2,1,1,4,5,2,16,1,63,3,10,7,1,7,5,1,8,1,2,71,1,21,121.5521444,25.0799566
114,11,13,10,52,01大同區,大同區承德路2段178號,0,0,1,1,C03,6,6,5,50,14,9,1,4,4,5,13,4,4,8,3,5,1,16,2,34,2,9,6,4,7,7,1,10,2,14,100,1,21,121.518156,25.0614373
114,11,13,10,58,12內湖區,內湖區民權東路6段與民權東路6段135巷口,0,0,1,1,B03,6,6,5,50,3,1,1,4,4,5,13,4,4,1,4,5,2,17,1,67,3,10,7,1,7,6,1,5,1,17,9,1,22,121.5938523,25.06891249
114,11,13,11,06,01大同區,大同區環河北路1段365號,0,0,1,1,A12,6,6,5,50,14,9,1,4,4,5,13,4,4,1,4,5,2,12,1,44,3,10,3,4,7,9,1,7,9,2,44,1,21,121.5085429,25.0610849
114,11,13,11,13,10文山區,文山區木柵路3段85巷與木柵路3段85巷8弄口口,0,0,1,1,C03,6,6,5,30,4,1,1,4,4,5,13,4,4,10,5,5,2,15,1,39,2,9,5,1,7,9,1,10,2,11,72,1,21,121.5676412,24.9895156
114,11,13,11,40,11南港區,南港區經貿二路與研究院路1段口,0,0,2,1,B12,6,6,5,50,4,2,1,4,4,5,13,2,1,1,4,5,2,13,1,31,3,10,3,4,7,9,1,8,2,1,16,1,21,121.6165391,25.0554102
114,11,13,12,12,06松山區,松山區民權東路4段與光復北路口,0,0,1,1,B03,6,7,5,50,4,1,1,4,4,5,13,1,1,1,4,4,2,17,1,35,3,10,7,1,7,6,1,8,2,2,9,1,21,121.5546165,25.0620202
114,11,13,12,26,08士林區,士林區小西街與大南路口,0,0,1,1,B12,6,6,5,30,4,1,1,4,4,5,8,4,4,10,5,5,2,17,1,49,4,11,3,4,7,9,7,19,9,17,72,2,22,121.5233667,25.0897897
114,11,13,12,27,04大安區,大安區濟南路3段20號附近側附近,0,0,1,1,C03,6,6,5,50,14,9,1,4,4,5,13,4,4,4,3,5,1,17,1,51,3,10,3,4,7,15,1,10,9,17,44,1,21,121.5351321,25.0401952
114,11,13,12,28,03中山區,中山區松江路與農安街口,0,0,1,1,A04,6,7,5,50,4,2,1,4,4,5,13,2,1,1,4,5,2,13,1,56,3,10,7,1,7,9,1,3,1,1,16,1,21,121.5333003,25.0645737
114,11,13,12,28,09北投區,北投區致遠一路1段與致遠一路1段11巷口,0,0,1,1,B03,6,6,5,50,4,1,1,4,4,5,13,4,4,9,5,5,2,17,2,57,3,10,7,1,7,5,1,8,1,17,74,1,21,121.5173205,25.1077735
114,11,13,12,53,01大同區,大同區延平北路3段與延平北路3段61巷口,0,0,1,1,B02,6,6,5,50,3,1,1,4,4,5,13,4,4,5,4,5,2,12,1,35,3,10,7,1,7,7,1,8,2,8,101,1,21,121.511066,25.0656251
114,11,13,13,40,06松山區,松山區八德路4段559號,0,0,4,1,B03,6,6,6,40,14,8,1,4,4,5,13,4,4,8,3,4,1,13,1,48,2,9,3,1,7,9,1,8,2,1,108,1,21,121.5729482,25.0500471
114,11,13,15,14,08士林區,士林區仰德大道3段106巷(編號B6859GA76電桿前),0,0,1,1,B03,6,6,5,30,14,9,1,4,4,5,13,4,4,10,4,5,2,38,2,63,2,9,3,4,7,9,1,15,8,5,21,1,21,121.5544263,25.1212589
114,11,13,15,20,09北投區,北投區中央北路3段與中央北路3段92巷口,0,0,1,1,B03,7,5,5,50,14,9,1,5,4,5,13,4,4,5,4,5,2,17,1,38,3,10,7,1,7,11,1,8,1,4,10,1,21,121.4843597,25.1378323
114,11,13,15,42,04大安區,大安區忠孝東路4段與忠孝東路4段216巷口,0,0,1,1,B01,6,6,5,50,4,1,1,4,4,5,13,2,1,4,3,5,2,16,1,53,3,10,7,1,7,11,1,4,1,4,10,1,21,121.5529576,25.0412869
114,11,13,15,58,01大同區,大同區重慶北路1段與鄭州路83巷口,0,0,1,1,B03,6,6,5,50,3,1,1,4,4,5,13,4,4,1,4,5,2,17,1,51,3,10,7,4,7,6,1,8,1,17,9,1,21,121.5134718,25.05026103
114,11,13,16,12,03中山區,中山區建國北路2段238號,0,0,1,1,B03,6,7,5,50,14,9,1,4,4,5,13,4,4,10,5,5,2,17,1,23,3,10,7,1,7,6,1,8,1,5,80,1,21,121.5368461,25.06163154
114,11,13,16,42,07信義區,信義區永吉路與中坡北路口,0,0,2,1,B03,6,7,5,50,4,1,1,4,4,5,13,2,1,1,4,4,2,2,1,51,2,7,3,4,7,9,1,8,2,1,22,1,21,121.5804698,25.0455257
114,11,13,16,45,09北投區,北投區承德路7段與文林北路口,0,0,1,1,C03,6,5,5,60,3,1,1,4,4,5,13,2,1,1,4,4,2,18,2,42,2,9,3,4,7,12,1,10,1,14,108,1,26,121.5113322,25.1104831
114,11,13,16,53,11南港區,南港區南港路1段與三重路口,0,0,1,1,B01,6,6,5,50,4,1,1,4,4,5,13,2,1,1,4,5,2,1,1,69,3,10,3,4,7,5,1,4,2,4,70,1,21,121.6140216,25.0552358
114,11,13,17,00,02萬華區,萬華區中華路2段416巷124號,0,0,1,1,F01,6,5,5,30,12,9,1,4,4,5,13,4,4,10,5,5,2,16,2,83,2,9,3,4,7,5,8,20,1,14,44,1,22,121.5014235,25.0264419
114,11,13,17,20,06松山區,松山區三民路與新東街51巷口,0,0,2,1,C03,6,5,5,30,4,1,1,4,4,5,13,2,1,1,4,5,2,17,1,42,2,8,6,1,7,5,1,10,2,17,71,1,22,121.563211,25.0614893
114,11,13,17,25,12內湖區,內湖區康寧路3段與安康路口,0,0,1,1,B03,8,5,5,50,3,2,1,4,4,5,13,1,1,1,3,5,1,16,1,66,3,10,3,4,7,6,1,8,1,5,9,1,21,121.6108563,25.0659232
114,11,13,17,44,10文山區,文山區萬和街與萬安街16巷口,0,0,2,1,C03,6,5,5,30,3,1,2,4,4,5,13,3,1,5,4,5,2,17,2,49,2,9,5,4,7,5,1,10,1,11,72,1,21,121.5687623,25.0004175
114,11,13,18,06,06松山區,松山區市民大道5段與八德路4段36巷口,0,0,1,1,C03,6,5,5,40,3,2,1,4,4,5,13,1,1,1,4,5,2,11,2,30,2,9,5,1,7,9,1,10,1,11,17,1,26,121.559265,25.045794
114,11,13,18,07,07信義區,信義區松仁路123號與松仁路121巷口,0,0,1,1,B01,6,5,5,50,14,9,1,4,4,5,13,4,4,9,5,5,2,13,1,39,3,10,3,4,7,9,1,4,1,1,108,1,22,121.5687815,25.0348254
114,11,13,18,10,03中山區,中山區錦州街416號,0,0,1,1,B03,6,5,5,50,14,9,1,4,4,5,13,4,4,9,5,5,2,17,2,50,3,10,7,1,7,3,1,8,1,17,18,1,21,121.5419448,25.0601838
114,11,13,18,44,05中正區,中正區中正橋上橋處(往新北市方向),0,0,1,1,C03,6,5,5,50,14,9,1,4,4,5,13,4,4,3,4,5,2,17,2,50,3,10,5,1,7,9,1,10,11,13,101,2,21,121.5166707,25.0227052
114,11,13,18,45,12內湖區,內湖區民權東路6段(東向西)近民善街迴轉道,0,0,1,1,B03,6,5,5,50,14,9,5,4,4,5,13,4,4,10,5,5,1,12,1,52,3,10,7,1,7,9,1,8,1,1,16,1,21,121.5736307,25.0654996
114,11,13,18,55,04大安區,大安區忠孝東路4段與大安路1段口,0,0,1,1,A02,7,5,5,50,4,2,1,4,4,5,13,1,1,8,3,5,1,9,1,60,4,11,3,4,7,12,7,19,11,15,44,1,22,121.5464364,25.0417084
114,11,13,19,00,05中正區,中正區重慶南路2段與重慶南路2段7巷口,0,0,2,1,C03,6,5,5,50,14,9,1,4,4,5,13,4,4,1,4,5,2,17,1,20,2,9,5,1,7,9,1,10,1,11,116,1,21,121.5135981,25.0333539
114,11,13,19,02,03中山區,中山區中山北路4段與中山北路4段口新生高架閘道,0,0,1,1,C03,6,5,5,50,4,1,1,4,4,5,13,1,1,1,4,5,2,15,2,66,2,9,5,1,7,9,1,10,2,11,81,1,22,121.5252049,25.0768575
114,11,13,19,13,08士林區,士林區延平北路6段116巷49弄與延平北路6段150巷口,0,0,1,1,B03,6,5,5,30,3,1,1,4,4,5,13,4,4,10,5,5,1,8,1,58,3,10,3,4,7,6,1,6,9,2,44,1,21,121.5688177,25.07754113
114,11,13,19,48,07信義區,信義區光復南路421巷6弄與光復南路421巷口,0,0,1,1,C03,6,5,5,30,4,2,1,4,4,5,13,4,4,10,5,5,2,13,1,25,2,8,6,1,7,9,1,10,1,11,16,1,22,121.5586766,25.0362549
114,11,13,19,55,05中正區,中正區杭州南路1段與杭州南路1段131巷口,0,0,1,1,B03,8,5,5,30,3,1,1,4,4,5,13,4,4,10,5,5,2,16,2,46,3,10,7,4,7,6,1,8,2,8,72,1,22,121.5245252,25.03712203
114,11,13,20,00,05中正區,中正區汀州路1段與西藏路口,0,0,1,1,B03,6,5,5,50,4,1,1,4,4,5,13,1,1,5,4,5,2,16,1,44,3,10,7,1,7,5,1,8,1,1,71,1,21,121.507214,25.030637
114,11,13,20,02,03中山區,中山區建國北路2段與錦州街口,0,0,1,1,C03,6,5,5,50,4,1,1,4,4,5,13,1,1,5,5,5,2,17,1,59,3,10,3,4,7,5,1,9,1,14,44,1,22,121.5371524,25.0602957
114,11,13,20,16,05中正區,中正區福和橋機車道(往新北市方向),0,0,3,1,C03,6,5,5,40,8,11,1,4,4,5,13,4,4,2,5,5,1,13,1,33,2,9,5,1,7,9,1,10,1,11,16,1,21,121.5256218,25.0158972
114,11,13,20,31,04大安區,大安區信義路4段與大安路1段口,0,0,1,1,C03,6,5,5,50,4,1,1,4,4,5,13,2,1,9,4,5,1,16,2,19,3,10,5,1,7,5,1,10,1,11,71,1,21,121.545991,25.0334221
114,11,13,20,46,12內湖區,內湖區舊宗路2段與民權東路6段11巷口口,0,0,1,1,B03,6,5,5,50,3,1,1,4,4,5,13,1,1,1,4,5,2,17,1,69,3,10,3,4,7,11,1,8,1,6,10,1,21,121.5747422,25.067543
114,11,13,20,52,03中山區,中山區中山北路3段與中山北路3段36巷口,0,0,1,1,C03,6,5,5,50,14,8,1,4,4,5,13,2,1,1,5,1,1,13,1,53,2,3,3,4,7,9,1,10,1,11,118,1,21,121.5221294,25.06494452
114,11,13,21,30,03中山區,中山區建國北路2段與民生東路3段口,0,0,1,1,C03,6,5,5,50,4,1,1,4,4,5,13,2,1,1,5,5,1,17,1,31,2,3,3,4,7,9,1,10,1,14,108,1,21,121.5371746,25.05762216
114,11,13,21,56,05中正區,中正區羅斯福路3段與金門街口,0,0,1,1,B03,6,5,5,50,3,1,1,4,4,5,13,1,1,3,4,5,2,17,2,60,3,10,7,1,7,6,1,8,1,2,9,1,21,121.5250193,25.0234095
114,11,13,22,13,10文山區,文山區景興路與景興路53巷口,0,0,1,1,B02,6,5,5,50,4,1,1,4,4,5,13,2,1,1,4,5,2,17,1,46,3,10,7,1,7,5,1,8,1,17,71,1,21,121.544738,24.9968219
114,11,13,22,30,02萬華區,萬華區桂林路與中華路1段口,0,0,2,1,C03,6,6,5,50,3,1,1,4,4,5,13,2,1,2,4,5,2,17,1,18,2,9,6,1,7,6,1,10,1,12,42,1,21,121.5062855,25.0375259
114,11,13,22,32,01大同區,大同區延平北路4段與酒泉街口,0,0,2,1,F01,6,5,5,50,4,1,1,4,4,5,13,2,1,5,4,5,2,16,1,28,2,8,4,1,7,5,8,20,1,11,8,1,21,121.5111826,25.0721192
114,11,13,23,01,09北投區,北投區東華街1段與石牌路2段口,0,0,1,1,B03,6,5,5,50,4,1,1,4,4,5,13,1,1,10,4,5,2,17,1,46,3,10,7,1,7,15,1,8,2,17,71,1,22,121.5152843,25.11528292
114,11,13,23,27,07信義區,信義區永吉路30巷與永吉路30巷157弄口口,0,0,3,1,B01,6,5,5,30,4,1,1,4,4,5,13,4,4,10,5,5,2,15,1,28,2,8,3,4,7,9,1,1,2,1,72,1,22,121.5687509,25.0423271
114,11,14,00,40,09北投區,北投區承德路7段與承德路7段344巷口,0,0,1,1,B03,6,5,5,60,3,4,1,4,4,5,13,1,1,1,4,5,2,13,2,67,3,10,7,1,7,9,1,8,1,5,42,1,26,121.5037936,25.11730165
114,11,14,06,40,07信義區,信義區永吉路326巷與永吉路278巷37弄口,0,0,1,1,C04,8,6,5,30,3,2,1,5,4,5,13,4,4,8,5,5,2,17,1,40,3,10,6,1,7,5,1,10,1,11,74,1,21,121.5754024,25.044138
114,11,14,07,00,11南港區,南港區東新街與八德路4段口口,0,0,1,1,B03,8,6,5,50,5,2,1,5,4,5,13,2,1,5,4,5,2,13,1,49,3,10,3,4,7,1,1,4,1,5,44,1,21,121.5822618,25.0514103
114,11,14,07,20,08士林區,士林區中山北路7段81巷28弄與中山北路7段81巷32弄口,0,0,1,1,B03,8,6,5,50,4,1,1,5,4,5,13,4,4,9,5,5,2,17,2,44,3,10,3,4,7,9,1,8,1,4,108,1,21,121.5294242,25.12259548
114,11,14,07,25,07信義區,信義區松仁路與松仁路95巷口,0,0,2,1,C03,8,5,5,50,3,1,1,5,4,5,13,4,4,8,3,5,2,17,2,50,2,9,3,4,7,15,1,10,1,11,108,1,21,121.5685045,25.0365978
114,11,14,08,00,04大安區,大安區和平東路2段與新生南路3段口,0,0,1,1,C03,8,6,5,50,4,1,1,5,4,5,13,1,1,1,3,5,2,17,2,22,3,10,6,1,7,9,1,10,11,12,85,1,22,121.5349061,25.0257995
114,11,14,08,00,06松山區,松山區民權東路5段18號,0,0,1,1,C03,8,6,5,50,14,9,1,5,4,5,13,4,4,1,4,5,2,13,1,27,2,8,6,1,7,9,1,10,1,11,42,1,22,121.563255,25.06278762
114,11,14,08,03,09北投區,北投區中央北路3段與中央北路3段53巷口,0,0,2,1,C03,8,7,5,50,4,1,1,5,4,5,13,2,1,10,5,5,2,16,1,77,2,9,5,1,7,5,6,18,9,12,71,1,21,121.4852414,25.1381453
114,11,14,08,08,04大安區,大安區羅斯福路2段與和平東路1段口,0,0,1,1,C03,8,6,5,50,4,1,1,5,4,5,13,2,1,10,5,5,2,13,1,30,3,10,3,4,7,9,1,10,1,11,44,1,21,121.5225576,25.0270363
114,11,14,08,09,06松山區,松山區麥帥一橋機車道西往東7510302燈桿,0,0,2,1,C03,8,7,5,40,14,11,1,5,4,5,13,4,4,1,4,5,2,13,1,29,2,8,6,1,7,9,1,10,1,11,16,1,21,121.5680498,25.0512455
114,11,14,08,10,03中山區,中山區中山北路2段50號,0,0,2,1,C03,8,7,5,50,14,9,1,5,4,5,13,4,4,5,4,5,2,12,1,24,2,7,6,1,7,9,1,10,1,12,101,1,21,121.5226113,25.05590804
114,11,14,08,15,04大安區,大安區基隆路3段155巷與基隆路3段口,0,0,1,1,C03,8,7,5,50,4,1,1,5,4,5,13,2,1,1,4,4,2,17,1,19,2,8,6,1,7,5,1,10,1,14,8,1,21,121.5426123,25.0156637
114,11,14,08,21,07信義區,信義區松勤街與松平路99巷口,0,0,1,1,B02,8,6,5,30,3,1,1,5,4,5,13,4,4,8,4,5,2,17,1,58,3,10,7,1,7,6,1,8,2,8,72,1,21,121.5677007,25.0319092
114,11,14,08,27,02萬華區,萬華區桂林路與環河南路1段348巷口,0,0,1,1,B03,8,6,5,50,5,1,1,5,4,5,13,1,1,8,3,5,1,17,1,38,3,10,7,1,7,5,1,8,1,4,44,1,21,121.4960437,25.0388654
114,11,14,08,28,03中山區,中山區民權西路與中山北路2段口,0,0,1,1,C03,8,7,5,50,14,9,1,5,4,5,13,2,1,1,4,1,2,12,2,24,2,9,6,1,7,7,1,10,9,14,100,1,21,121.5223339,25.0627189
114,11,14,08,29,01大同區,大同區酒泉街與酒泉街50巷口,0,0,2,1,H01,8,6,5,50,5,2,1,5,4,5,13,4,4,5,5,5,2,7,2,37,2,9,4,5,8,16,8,20,10,16,67,1,21,121.5164774,25.0720391
114,11,14,08,41,12內湖區,內湖區永保街與安康路93巷口,0,0,1,1,C03,8,7,5,40,3,2,1,5,4,5,13,4,4,5,5,5,2,13,2,41,2,9,5,1,7,9,1,10,1,11,16,1,21,121.5973168,25.0632901
114,11,14,08,50,08士林區,士林區百齡橋西向東引道,0,0,1,1,C03,8,6,5,50,8,9,1,5,4,5,13,4,4,3,4,5,1,17,2,70,2,9,3,4,7,7,1,10,1,14,100,1,21,121.515739,25.0903934
114,11,14,08,54,02萬華區,萬華區華中橋下橋處往北市方向,0,0,1,1,B13,8,5,8,50,22,22,1,5,4,5,13,4,4,10,5,5,2,17,1,55,3,10,3,4,7,1,1,7,1,7,19,1,21,121.497208,25.0190779
114,11,14,08,55,04大安區,大安區新生南路1段103巷與新生南路1段103巷33弄口,0,0,1,1,C03,8,6,5,20,4,1,1,5,3,5,13,4,4,10,3,5,2,15,2,57,2,9,6,1,7,9,1,8,2,11,72,1,21,121.5356937,25.0406568
114,11,14,09,00,12內湖區,內湖區新湖三路196號,0,0,1,1,B03,7,5,5,50,14,9,1,5,4,5,13,4,4,5,5,5,1,16,2,59,3,10,7,1,7,6,1,8,1,2,80,1,21,121.5940472,25.07079828
114,11,14,09,06,06松山區,松山區民權大橋東往西下橋處（北側倒數第三燈桿旁）,0,0,2,1,C03,8,6,5,30,8,9,1,5,4,5,13,4,4,2,4,5,2,12,1,51,2,9,6,1,7,12,1,10,1,12,42,1,21,121.5677446,25.0636276
114,11,14,09,50,06松山區,松山區八德路3段與八德路3段12巷口,0,0,1,1,B01,8,6,5,50,4,2,1,5,4,5,13,1,1,5,4,5,2,12,1,43,3,10,7,1,7,9,1,4,1,5,42,1,22,121.5507352,25.04818299
114,11,14,10,15,07信義區,信義區吳興街600巷94號,0,0,2,1,C03,8,6,5,30,14,9,1,5,4,5,13,4,4,5,5,5,2,17,2,23,2,9,6,1,7,5,1,10,1,11,44,1,21,121.5712247,25.0186361
114,11,14,10,16,03中山區,中山區龍江路298巷,0,0,1,1,B01,8,6,5,50,14,9,1,5,4,5,13,4,4,5,4,5,2,17,1,56,3,10,7,1,7,11,1,4,1,8,10,1,21,121.5407727,25.0617966
114,11,14,10,31,01大同區,大同區民生西路與西寧北路口口,0,0,2,1,C03,8,6,5,50,4,2,1,5,4,5,13,2,1,5,5,5,2,16,1,26,2,8,6,1,7,1,3,18,1,14,19,1,21,121.5092129,25.0569344
114,11,14,10,48,02萬華區,萬華區環河南路1段與峨眉街口,0,0,1,1,B03,7,7,5,40,3,1,1,5,4,5,13,4,4,9,4,5,2,17,1,57,3,10,7,1,7,6,1,8,1,2,44,1,21,121.5015595,25.0447945
114,11,14,10,54,03中山區,中山區雙城街與中山北路2段183巷口,0,0,1,1,C03,7,7,6,30,4,1,1,5,4,5,13,4,4,10,5,5,2,17,2,20,2,9,5,1,7,5,1,10,1,12,99,1,21,121.5243944,25.06372635
114,11,14,11,34,01大同區,大同區承德路3段與承德路3段90巷口,0,0,1,1,B01,8,6,5,30,5,1,1,5,4,5,13,4,4,10,5,5,2,16,1,57,3,10,7,1,7,6,1,4,1,5,44,1,21,121.5181836,25.0663798
114,11,14,11,41,10文山區,文山區木柵路1段與木柵路1段311巷口,0,0,1,1,B03,8,6,5,50,3,1,1,5,4,5,13,4,4,5,4,5,2,16,1,49,3,10,7,1,7,11,1,8,2,8,10,1,21,121.5558694,24.9883624