發生年度,發生月,發生日,發生時-Hours,發生分,區序,肇事地點,死亡人數,2-30日死亡人數,受傷人數,當事人序號,車種,天候,光線,道路類別,速限-速度限制,道路型態,事故位置,路面狀況1,路面狀況2,路面狀況3,道路障礙1,道路障礙2,號誌1,號誌2,車道劃分-分向,車道劃分-分道1,車道劃分-分道2,車道劃分-分道3,事故類型及型態,性別,年齡,受傷程度,主要傷處,保護裝置,行動電話,車輛用途,當事者行動狀態,駕駛資格情形,駕駛執照種類,飲酒情形,車輛撞擊部位1,肇因碼-個別,個人肇逃否,職業,座標-X,座標-Y
114,11,14,12,00,10文山區,文山區木柵路1段與木柵路1段76巷口,0,0,1,1,C03,8,5,5,30,4,2,1,5,4,5,13,2,1,10,5,5,2,13,1,19,2,8,6,1,7,5,1,10,2,11,16,1,25,121.5499889,24.9874446
114,11,14,12,07,03中山區,中山區松江路123巷6-1號,0,0,1,1,B03,8,7,5,30,14,9,1,5,4,5,13,4,4,10,5,5,1,2,2,30,3,10,7,1,7,9,1,8,1,1,44,1,21,121.5338058,25.0529022
114,11,14,12,10,04大安區,大安區敦化南路1段246號,0,0,1,1,B03,7,6,5,50,14,9,1,5,4,5,13,4,4,4,4,5,2,5,1,54,3,10,7,1,7,1,1,8,2,15,118,1,22,121.5485727,25.0398947
114,11,14,12,15,08士林區,士林區延平北路7段106巷與堤外便道口,0,0,1,1,B03,7,6,5,30,3,1,1,5,4,5,13,4,4,10,5,5,1,14,1,70,3,10,7,1,7,2,1,8,2,3,12,1,22,121.4961305,25.1016309
114,11,14,12,20,07信義區,信義區和平東路3段391巷與無名巷口,0,0,1,1,C03,8,6,5,30,4,1,1,5,4,5,13,4,4,9,5,5,2,17,1,40,2,9,3,4,7,9,1,10,1,11,75,1,22,121.559531,25.0208385
114,11,14,12,26,03中山區,中山區民權東路2段與松江路口,0,0,2,1,C03,8,6,5,50,4,1,1,5,4,5,13,2,1,1,4,5,2,16,2,69,2,8,6,1,7,5,3,18,9,14,96,1,21,121.5332238,25.0624942
114,11,14,12,37,10文山區,文山區懷恩隧道北往南出口,0,0,1,1,C03,8,6,5,50,14,9,1,5,4,5,13,4,4,5,4,5,2,29,1,33,2,7,6,1,7,9,1,10,9,11,44,1,21,121.5514242,24.9915753
114,11,14,12,55,06松山區,松山區敦化北路與敦化北路201巷口,0,0,1,1,C03,7,7,5,50,3,1,1,5,4,5,13,4,4,9,4,4,2,17,1,33,2,9,6,1,7,6,1,10,1,12,9,1,22,121.5492769,25.057279
114,11,14,13,10,12內湖區,內湖區康寧路3段189巷73弄與康寧路3段165巷23弄口,0,0,1,1,B03,7,6,6,30,3,1,1,5,4,3,13,4,4,10,5,5,1,17,2,66,3,10,7,1,7,6,1,8,1,8,74,1,21,121.6114136,25.0720034
114,11,14,13,19,04大安區,大安區復興南路2段與復興南路2段210巷口,0,0,1,1,B03,8,6,5,50,4,2,1,5,4,5,13,2,1,1,4,1,2,12,1,35,3,10,3,4,7,11,1,8,1,5,71,1,22,121.543389,25.0263325
114,11,14,13,25,06松山區,松山區復興南路1段與市民大道4段口,0,0,2,1,C03,7,7,6,50,4,1,1,5,4,5,13,2,1,1,4,5,2,13,2,34,2,9,6,1,7,9,1,10,1,11,16,1,25,121.5439204,25.0447334
114,11,14,13,42,06松山區,松山區延壽街與延壽街18巷口,0,0,2,1,C03,8,6,5,30,3,1,1,5,4,5,13,4,4,9,4,5,2,17,1,58,2,9,5,1,7,5,1,10,1,13,72,1,21,121.5684904,25.0573041
114,11,14,15,25,01大同區,大同區重慶北路3段220號,0,0,1,1,B03,8,7,5,50,14,9,1,5,4,5,13,4,4,5,4,5,2,12,1,71,3,10,7,1,7,1,1,8,2,4,19,1,22,121.5136525,25.0700456
114,11,14,15,33,04大安區,大安區基隆路3段與基隆路3段22巷口,0,0,3,1,C03,8,5,5,50,3,1,1,5,4,5,13,4,4,2,3,5,2,17,1,54,2,9,6,1,7,9,1,8,1,14,102,1,21,121.5472352,25.0198534
114,11,14,15,44,03中山區,中山區八德路2段50號,0,0,1,1,B03,8,5,5,50,14,9,1,5,4,5,13,4,4,5,2,5,2,16,1,50,3,10,3,4,7,7,1,8,2,8,100,1,21,121.5352811,25.0453306
114,11,14,15,45,06松山區,松山區民權東路4段與富錦街107巷口,0,0,1,1,B03,8,7,5,40,3,1,1,5,4,5,13,4,4,9,4,4,1,17,2,67,3,10,7,4,7,6,1,8,1,6,80,1,22,121.5522056,25.0615046
114,11,14,15,51,01大同區,大同區台北橋機慢車道,0,0,1,1,C03,8,6,5,40,8,11,1,5,4,5,13,4,4,1,5,5,2,12,1,42,3,10,6,1,7,7,3,18,2,12,108,1,21,121.5073752,25.0633599
114,11,14,15,53,03中山區,中山區龍江路與龍江路223巷口,0,0,1,1,C03,8,6,5,30,4,1,1,5,4,5,13,4,4,10,5,5,2,15,1,22,2,9,6,1,7,9,1,10,1,12,72,1,21,121.5405828,25.05687415
114,11,14,16,00,10文山區,文山區指南路3段38巷5之2號,0,0,1,1,B03,8,6,5,30,11,9,1,5,4,5,13,3,1,10,5,5,2,2,1,72,3,10,3,4,7,9,1,8,9,5,42,1,22,121.5835616,24.97638781
114,11,14,16,40,03中山區,中山區錦州街與民權東路2段92巷口,0,0,1,1,C03,8,7,8,30,4,1,1,5,4,5,13,4,4,10,5,5,2,15,2,37,2,9,5,1,7,9,1,10,1,14,72,1,22,121.5317292,25.06055407
114,11,14,16,46,04大安區,大安區新生南路3段19巷與和平東路2段18巷口,0,0,1,1,B03,8,6,5,30,4,1,1,5,4,5,13,4,4,10,5,5,1,15,1,77,4,11,3,4,7,9,7,19,11,4,72,2,22,121.5359117,25.0249743
114,11,14,16,54,04大安區,大安區忠孝東路4段與忠孝東路4段26巷口,0,0,1,1,C03,8,6,5,30,3,3,1,5,4,5,13,4,4,5,3,5,1,17,1,25,2,9,3,4,7,15,1,10,2,14,44,1,23,121.5444793,25.0414475
114,11,14,17,10,12內湖區,內湖區民權東路6段與瑞光路口,0,0,1,1,B03,8,7,5,50,4,1,1,5,4,5,13,1,1,1,4,5,2,12,2,71,4,11,3,4,7,9,1,8,11,4,108,2,21,121.5839605,25.068839
114,11,14,17,12,09北投區,北投區中央北路1段36號,0,0,2,1,H01,8,5,5,50,14,9,1,5,4,5,13,4,4,9,4,5,2,3,2,81,2,9,4,5,8,16,8,20,10,16,121,1,21,121.5007787,25.1339327
114,11,14,17,33,12內湖區,內湖區港墘路221巷與舊宗路2段213巷口,0,0,2,1,C03,8,5,5,30,3,1,1,5,4,5,13,4,4,5,5,5,2,13,1,18,2,8,5,1,7,9,1,10,1,11,16,1,21,121.5745444,25.0736612
114,11,14,17,40,12內湖區,內湖區港墘路與瑞光路口,0,0,1,1,B03,7,5,5,50,4,1,1,5,4,5,13,1,1,10,5,5,2,3,1,53,4,11,3,4,7,6,7,19,11,15,70,2,22,121.5750263,25.0762887
114,11,14,17,51,04大安區,大安區辛亥路1段與羅斯福路3段口,0,0,1,1,B03,7,5,5,50,4,1,1,5,4,5,13,2,1,9,4,5,1,16,1,69,3,10,3,4,7,6,1,8,1,4,71,1,21,121.5291374,25.0199308
114,11,14,18,00,12內湖區,內湖區成功路3段與康寧路1段口,0,0,1,1,B01,7,5,5,50,4,1,1,5,4,5,13,2,1,1,4,5,2,17,1,67,3,10,7,1,7,5,1,4,1,8,42,1,21,121.5907833,25.0805941
114,11,14,18,03,07信義區,信義區基隆路2段與嘉興街216巷口,0,0,1,1,C03,8,5,5,50,4,2,1,5,4,5,13,1,1,1,4,5,2,18,1,32,2,9,3,4,7,9,1,10,9,12,44,1,21,121.5561744,25.0274866
114,11,14,18,10,12內湖區,內湖區潭美街與新明路321巷口,0,0,2,1,C03,7,5,5,40,3,1,1,5,4,5,13,2,1,5,5,5,2,17,1,49,2,7,6,1,7,5,1,10,1,12,42,1,21,121.5849341,25.0558756
114,11,14,18,11,09北投區,北投區尊賢街242巷與吉利街142巷口,0,0,2,1,C03,8,5,5,30,4,2,1,5,4,5,13,4,4,5,5,5,2,17,1,49,2,9,6,1,7,9,1,10,1,14,14,1,22,121.5081211,25.1169508
114,11,14,18,14,04大安區,大安區市民大道3段與八德路2段口,0,0,1,1,B01,8,5,5,40,5,1,1,5,4,5,13,1,1,1,4,5,2,16,2,28,3,10,7,4,7,6,1,4,1,5,9,1,21,121.5343453,25.0448958
114,11,14,18,29,09北投區,北投區石牌路1段與石牌路1段166巷口,0,0,1,1,B01,8,5,5,50,3,1,1,5,4,5,13,1,1,9,4,5,2,12,1,41,3,10,3,4,7,11,1,4,1,8,71,1,21,121.5134114,25.1144814
114,11,14,18,39,03中山區,中山區北安路與北安路87巷口,0,0,2,1,C03,7,5,5,50,3,1,1,5,4,5,13,2,1,1,5,5,1,16,1,57,2,9,3,4,7,5,1,10,1,11,71,1,21,121.5302977,25.07810352
114,11,14,18,50,08士林區,士林區仰德大道3段45巷公車停靠區旁,0,0,1,1,C03,8,5,5,40,14,9,1,5,4,5,13,4,4,5,5,5,1,12,2,52,2,9,6,1,7,9,5,10,1,12,17,1,21,121.5193081,25.09629417
114,11,14,19,00,03中山區,中山區建國高架道往北,0,0,2,1,B03,8,5,7,70,14,7,1,5,4,5,13,4,4,9,4,5,2,12,2,36,3,10,3,4,7,7,1,8,1,7,80,1,21,121.5368045,25.0500991
114,11,14,19,02,01大同區,大同區鄭州路與西寧北路口,0,0,1,1,B03,7,5,5,40,4,1,1,5,4,5,13,2,1,1,4,5,2,17,1,64,3,10,7,4,7,5,1,7,1,1,108,1,21,121.5090147,25.0506053
114,11,14,19,04,04大安區,大安區敦化南路2段與敦化南路2段172巷口,0,0,1,1,B01,8,5,5,50,3,2,1,5,4,5,13,4,4,1,4,5,2,17,2,63,3,10,7,4,7,14,1,4,1,6,40,1,21,121.5484451,25.0241142
114,11,14,19,05,01大同區,大同區鄭州路與西寧北路口,0,0,2,1,B03,8,5,5,40,4,1,1,5,4,5,13,1,1,1,4,5,2,13,1,38,2,3,7,1,7,9,1,8,2,1,16,1,21,121.5082671,25.0506001
114,11,14,19,17,10文山區,文山區羅斯福路6段與景福街口側附近口,0,0,1,1,C03,7,5,5,50,4,1,1,5,4,5,13,1,1,1,4,5,2,17,1,24,2,9,5,1,7,9,1,10,1,11,108,1,21,121.5408188,24.9932225
114,11,14,19,43,09北投區,北投區承德路7段與吉利街口,0,0,1,1,C03,8,5,5,50,3,2,1,5,4,5,13,4,4,3,4,3,2,13,2,62,2,7,3,4,7,9,1,10,2,11,16,1,21,121.5036267,25.1177899
114,11,14,19,44,10文山區,文山區木新路3段278巷與木新路3段310巷12弄口,0,0,1,1,B02,8,5,5,30,4,1,2,5,4,5,13,4,4,10,5,5,2,17,1,44,3,10,3,4,7,5,1,8,1,1,72,1,21,121.5577888,24.9822215
114,11,14,20,45,08士林區,士林區文林路與福德路口,0,0,2,1,C03,7,5,5,50,4,1,1,5,4,5,13,2,1,9,4,5,2,17,2,22,2,6,5,1,7,11,1,10,2,14,44,1,21,121.5260363,25.0922744
114,11,14,20,54,05中正區,中正區林森南路與青島東路口,0,0,2,1,C03,8,5,5,50,4,1,1,5,4,5,13,2,1,9,4,5,2,16,1,50,2,9,5,1,7,6,6,18,1,12,71,1,21,121.5229376,25.0437068
114,11,14,21,26,07信義區,信義區松勇路69巷2號旁(信義路5段側),0,0,1,1,B03,8,6,5,50,14,9,1,5,4,5,13,4,4,1,4,5,2,17,1,60,3,10,3,4,7,8,1,8,2,6,100,1,22,121.5711292,25.0327802
114,11,14,21,40,05中正區,中正區杭州南路1段與仁愛路1段口,0,0,1,1,B03,7,5,5,50,4,2,1,5,4,5,13,1,1,10,5,5,2,16,2,77,3,10,7,1,7,5,1,8,2,1,8,1,21,121.5250531,25.0382064
114,11,14,21,49,07信義區,信義區市府路與松壽路口,0,0,1,1,B01,8,5,5,50,4,1,1,4,4,5,12,2,1,4,3,4,2,15,1,60,3,10,7,1,7,1,1,8,1,5,19,1,21,121.5633758,25.0359519
114,11,14,22,11,06松山區,松山區八德路4段與寶清街口,0,0,1,1,B01,7,5,5,50,5,2,1,5,4,5,13,2,1,9,4,5,2,15,1,41,3,10,7,1,7,11,1,4,1,2,71,1,21,121.5689876,25.0493782
114,11,14,22,56,05中正區,中正區重慶南路2段與寧波西街口,0,0,1,1,B03,8,6,5,50,4,1,1,5,4,5,13,1,1,1,4,5,2,13,1,46,3,10,7,1,7,9,1,4,1,5,108,1,21,121.5152425,25.0295916
114,11,14,23,15,12內湖區,內湖區成功路2段與成功路2段320巷口,0,0,1,1,C03,7,5,5,50,3,1,1,5,4,5,13,1,1,10,5,5,2,11,1,19,3,10,6,1,7,8,1,10,2,12,101,1,21,121.5905974,25.0674444
114,11,14,23,22,02萬華區,萬華區環河南路2段與桂林路口,0,0,1,1,B12,8,6,5,40,4,1,1,5,4,5,13,2,1,1,4,4,2,9,1,46,3,10,7,1,7,6,1,10,1,1,70,1,21,121.4973469,25.0386456
114,11,15,05,32,05中正區,中正區中山南路與貴陽街1段口,0,0,2,1,F01,8,5,5,40,3,1,1,5,4,5,13,2,1,1,4,1,2,15,1,23,2,9,2,1,7,11,8,20,2,11,11,1,21,121.5172554,25.0380928
114,11,15,07,24,03中山區,中山區建國北路3段與民權東路3段口,0,0,1,1,A11,8,7,5,50,4,2,1,5,4,5,13,1,1,1,4,5,2,2,1,48,3,10,7,1,7,6,1,3,1,5,70,1,21,121.5373196,25.06282263
114,11,15,07,30,08士林區,士林區故宮路與自強隧道(外)口,0,0,2,1,C03,8,6,5,50,14,9,1,5,4,5,13,4,4,10,4,5,1,13,1,41,2,8,6,1,7,9,1,10,2,11,108,1,21,121.5484346,25.09567501
114,11,15,07,39,01大同區,大同區承德路2段與民權西路口,0,0,1,1,C03,8,5,5,50,4,1,1,5,4,5,13,2,1,1,4,5,2,16,2,21,2,9,5,1,7,9,1,10,1,11,81,1,21,121.5181425,25.0628282
114,11,15,07,50,09北投區,北投區磺港路與三合街2段口,0,0,1,1,C03,8,7,5,30,4,2,1,5,4,5,13,1,1,1,5,5,2,13,2,78,2,5,5,1,7,9,1,10,1,11,118,1,22,121.5036353,25.12676082
114,11,15,08,46,12內湖區,內湖區南湖大橋與堤外便道口引道,0,0,2,1,B03,8,7,8,50,4,1,1,5,4,5,13,2,1,1,2,5,1,16,2,40,3,10,7,1,7,6,1,8,1,2,80,1,21,121.6110498,25.0649172
114,11,15,09,13,07信義區,信義區信義路4段與基隆路2段口,0,0,2,1,C03,8,6,5,50,4,1,1,5,4,5,13,1,1,1,3,5,2,17,1,31,3,10,6,1,7,8,1,10,1,12,44,1,21,121.5594446,25.0329417
114,11,15,09,30,08士林區,士林區士商路與基河路300巷口,0,0,1,1,B03,8,6,5,50,3,2,1,5,4,5,13,4,4,5,5,5,1,9,2,42,3,10,7,1,7,5,1,8,1,8,70,1,21,121.5184984,25.09318745
114,11,15,09,55,10文山區,文山區指南路3段34巷電線桿指南幹106B7225EB24,0,0,1,1,F01,8,5,5,30,11,9,1,5,4,5,13,4,4,10,5,5,1,11,1,21,2,9,5,1,7,9,8,20,2,11,5,1,21,121.5829116,24.96879542
114,11,15,10,00,03中山區,中山區中山北路2段與民生東路1段口口,0,0,1,1,C03,8,7,5,50,5,2,1,5,4,5,13,1,1,5,4,5,2,17,2,57,3,10,3,4,7,7,1,10,1,15,44,1,21,121.5229463,25.0576598
114,11,15,10,00,12內湖區,內湖區內湖路3段256巷8號,0,0,1,1,B03,8,7,5,30,14,9,1,5,4,5,13,4,4,10,5,5,2,11,1,47,3,10,7,1,7,9,1,8,2,8,5,1,21,121.5867607,25.0912718
114,11,15,10,25,05中正區,中正區中正橋往北下橋處,0,0,4,1,C03,8,7,5,50,14,9,1,5,4,5,13,1,1,1,4,5,2,17,2,53,2,9,5,1,7,7,1,10,2,14,100,1,22,121.5169239,25.0229177
114,11,15,10,35,06松山區,松山區南京東路5段251巷32弄與南京東路5段251巷口,0,0,2,1,C03,8,7,5,30,4,1,1,5,4,5,13,4,4,10,5,5,2,15,1,65,2,7,5,1,7,9,1,10,1,14,72,1,26,121.5651072,25.0529314
114,11,15,10,40,09北投區,北投區中和街與中和街20巷口口,0,0,1,1,B03,8,5,5,50,14,18,1,5,4,5,13,4,4,5,5,5,2,3,2,74,3,10,2,1,7,9,1,8,9,1,70,1,21,121.5030574,25.1377486
114,11,15,10,50,08士林區,士林區至善路2段34號,0,0,1,1,B03,8,6,5,30,14,9,1,5,4,5,13,4,4,1,4,5,1,12,1,50,3,10,7,1,7,9,1,8,2,2,16,1,21,121.5445639,25.09717445
114,11,15,10,50,10文山區,文山區木新路2段265號,0,0,1,1,F01,8,6,5,50,14,7,1,5,4,5,13,4,4,5,4,4,2,17,1,42,2,9,5,4,7,7,8,20,1,14,100,1,22,121.5662999,24.9831069
114,11,15,11,07,09北投區,北投區中央北路2段350巷60號,0,0,1,1,C03,8,7,5,30,14,9,1,5,4,3,10,4,4,10,5,5,2,11,2,63,2,9,5,1,7,1,1,10,2,11,80,1,22,121.4884032,25.1394457
114,11,15,11,17,11南港區,南港區東新街170巷與南港公園停車場出入口,0,0,1,1,B03,8,6,5,50,14,9,1,5,4,5,13,4,4,8,5,5,2,12,1,35,3,10,3,4,7,1,1,8,1,8,80,1,21,121.5916098,25.0461385
114,11,15,11,22,04大安區,大安區敦化南路1段與敦化南路1段190巷口,0,0,2,1,C03,8,5,5,50,3,1,1,5,4,5,13,2,1,10,5,5,2,16,2,60,2,9,3,4,7,6,1,10,1,14,108,1,21,121.548581,25.0426414
114,11,15,11,29,01大同區,大同區鄭州路與西寧北路口,0,0,1,1,C03,8,6,5,40,5,1,1,5,4,5,13,4,4,1,5,5,2,17,1,28,3,10,6,1,7,5,1,10,2,17,44,1,21,121.5081754,25.0505924
114,11,15,11,37,05中正區,中正區重慶南路3段143號,0,0,4,1,C03,8,7,5,50,14,9,1,5,4,5,13,4,4,1,4,5,2,13,2,31,2,9,5,1,7,9,1,10,1,11,16,1,22,121.5169565,25.0233521
114,11,15,11,38,04大安區,大安區基隆路2段與和平東路3段口,0,0,1,1,B03,8,6,5,50,4,1,1,5,4,5,13,2,1,1,4,5,2,17,2,44,3,10,7,1,7,6,1,8,1,17,9,1,22,121.5523633,25.0243099
114,11,15,12,03,03中山區,中山區長春路176號對面,0,0,1,1,B01,8,7,6,40,14,7,1,5,4,5,13,4,4,10,4,4,2,17,1,49,3,10,7,1,7,1,1,6,1,8,19,1,21,121.5342969,25.054965
114,11,15,12,20,03中山區,中山區中山北路3段62號,0,0,2,1,E03,8,7,5,50,14,9,1,5,4,1,13,4,4,1,4,5,2,17,2,32,2,1,7,1,7,1,1,8,2,1,116,1,23,121.5238615,25.072769
114,11,15,12,33,10文山區,文山區辛亥路5段與辛亥路5段25巷口,0,0,2,1,C03,8,6,5,30,4,1,1,5,4,5,13,2,1,5,5,5,2,16,1,20,3,10,6,1,7,5,1,10,1,14,8,1,21,121.5540642,24.9998902
114,11,15,12,50,09北投區,北投區復興二路與開明街口,0,0,2,1,B01,8,6,5,30,4,1,1,5,4,5,13,4,4,10,5,5,2,15,1,63,3,10,7,1,7,9,1,4,2,1,14,1,21,121.5021456,25.1414046
114,11,15,12,58,07信義區,信義區基隆路1段156號與松隆路口,0,0,2,1,C03,8,6,5,50,3,2,1,5,4,5,13,2,1,5,4,5,2,13,2,20,2,8,6,1,7,8,1,10,2,11,16,1,21,121.5657626,25.0435226
114,11,15,13,13,10文山區,文山區久康街100之1號,0,0,1,1,H01,8,5,5,30,14,9,1,5,4,5,13,4,4,10,5,5,2,6,2,3,2,9,4,5,8,18,8,20,1,16,53,1,24,121.5679443,24.9906381
114,11,15,13,18,03中山區,中山區龍江路271巷與錦州街418巷口,0,0,1,1,C03,8,7,5,30,3,1,1,5,4,5,13,4,4,10,5,5,2,17,1,55,3,10,5,1,7,5,1,10,1,14,72,1,21,121.5420071,25.05950498
114,11,15,13,22,12內湖區,內湖區東湖路7巷27號對面,0,0,1,1,B03,8,6,5,0,14,20,1,5,4,5,13,4,4,10,5,5,2,3,1,30,3,10,7,1,7,6,1,8,2,5,70,1,21,121.6124332,25.06953429
114,11,15,13,39,06松山區,松山區南京東路5段與八德路4段245巷口,0,0,1,1,B03,8,6,5,40,4,1,1,4,4,5,13,2,1,1,4,4,2,16,2,78,3,10,3,4,7,6,1,8,1,2,71,1,21,121.5639304,25.0513023
114,11,15,13,50,03中山區,中山區北安路670巷與明水路口,0,0,1,1,B03,8,7,5,50,4,2,1,5,4,5,13,2,1,9,4,5,2,13,2,54,3,10,7,1,7,9,1,8,1,1,42,1,21,121.5507191,25.08378077
114,11,15,13,50,03中山區,中山區中山北路3段與民權西路口,0,0,2,1,B03,8,6,5,50,14,9,1,5,4,5,13,1,1,1,4,5,2,13,1,49,3,10,7,1,7,9,1,8,2,1,44,1,21,121.5221793,25.0627212
114,11,15,13,57,11南港區,南港區市民大道7段與南港路3段47巷口,0,0,2,1,C03,8,6,5,50,3,2,1,5,4,5,13,2,1,1,4,5,2,16,1,61,3,10,3,4,7,5,1,10,2,14,8,1,22,121.5908891,25.0507415
114,11,15,14,03,03中山區,中山區渭水路20號,0,0,1,1,B03,8,7,5,40,14,7,1,5,4,5,13,4,4,9,4,4,2,16,1,57,3,10,7,1,7,5,1,8,1,8,8,1,21,121.5339638,25.0457171
114,11,15,14,10,07信義區,信義區吳興街220巷67號,0,0,1,1,C03,8,6,5,50,14,9,1,5,4,5,13,4,4,9,5,5,2,17,1,48,3,10,3,4,7,9,1,10,1,17,30,1,22,121.5612875,25.0262862
114,11,15,14,12,06松山區,松山區南京東路4段105號,0,0,1,1,C03,8,7,5,50,14,7,1,5,4,5,13,4,4,1,4,4,2,18,2,70,2,9,5,1,7,9,1,10,1,17,42,1,26,121.5546618,25.0517086
114,11,15,14,15,05中正區,中正區南海路與重慶南路2段口,0,0,1,1,C03,8,7,5,50,4,2,1,5,4,5,13,1,1,1,4,5,2,17,2,36,2,9,5,1,7,5,1,10,2,14,8,1,22,121.5146009,25.0319504
114,11,15,14,21,08士林區,士林區中正路與中正路399巷口,0,0,1,1,C03,8,6,5,50,3,2,1,5,4,5,13,4,4,3,4,5,2,17,1,28,2,9,6,1,7,9,1,10,2,12,42,1,22,121.5211581,25.0940732
114,11,15,14,40,01大同區,大同區環河北路1段與涼州街口,0,0,1,1,B03,8,6,5,50,5,1,1,5,4,5,13,4,4,1,5,5,2,16,2,29,3,10,7,1,7,6,1,8,1,6,9,1,21,121.5085335,25.0604375
114,11,15,14,45,11南港區,南港區研究院路1段101巷與富康街1巷16弄口,0,0,1,1,B03,8,6,6,50,4,2,1,5,4,5,13,4,4,9,5,5,2,16,1,34,3,10,3,4,7,11,1,8,1,8,10,1,21,121.6178083,25.0523345
114,11,15,14,47,08士林區,士林區至善路3段39號,0,0,1,1,B03,8,5,5,40,14,9,1,5,4,5,13,4,4,5,4,5,2,14,1,55,3,10,7,1,7,2,1,8,2,3,12,1,21,121.5670834,25.1134021
114,11,15,15,13,04大安區,大安區基隆路3段與長興街口,0,0,1,1,B03,8,5,4,50,4,1,1,5,4,4,13,2,1,1,3,5,2,16,1,38,3,10,7,1,7,6,1,8,1,2,98,1,21,121.5443194,25.0171105
114,11,15,15,16,05中正區,中正區重慶南路3段178號,0,0,2,1,B03,8,5,5,40,14,9,1,5,4,5,13,1,1,4,3,5,2,12,1,64,3,10,7,1,7,9,1,8,2,6,17,1,21,121.5167383,25.0225775
114,11,15,15,19,04大安區,大安區市民大道4段與敦化南路1段161巷5弄口,0,0,3,1,C03,8,6,5,40,14,9,1,5,4,5,13,4,4,1,3,5,2,13,1,21,2,8,6,1,7,9,1,10,1,14,16,1,21,121.549491,25.0446577
114,11,15,15,30,03中山區,中山區大直街62巷與大直街口無名巷,0,0,1,1,B03,8,6,5,30,4,1,1,5,4,5,13,4,4,10,5,5,2,15,2,41,3,10,7,1,7,9,1,8,1,4,80,1,21,121.5452992,25.08296083
114,11,15,15,39,05中正區,中正區中華路1段與漢口街1段口,0,0,2,1,C03,8,6,5,50,4,1,1,5,4,5,13,2,1,1,4,5,2,13,2,20,2,8,5,1,7,9,1,10,1,11,16,1,22,121.50935,25.0451011
114,11,15,16,06,12內湖區,內湖區陽光街161巷8號,0,0,1,1,B03,8,6,6,30,11,24,1,5,4,5,13,4,4,10,5,5,2,1,1,42,3,10,3,4,7,14,1,8,9,17,38,1,22,121.5852661,25.0746265
114,11,15,16,08,04大安區,大安區光復南路與光復南路290巷口,0,0,1,1,F02,8,6,5,30,14,9,1,5,4,5,13,2,1,10,5,5,1,12,2,63,2,7,5,1,7,9,8,20,1,15,17,1,22,121.5575335,25.03938622
114,11,15,16,40,10文山區,文山區木柵路4段與和平東路4段口,0,0,1,1,B03,8,5,5,50,3,2,1,5,4,5,13,2,1,5,4,5,2,12,2,42,3,10,7,1,7,9,1,8,1,5,44,1,21,121.574483,24.9980294
114,11,15,16,48,07信義區,信義區光復南路348號對面,0,0,1,1,B01,8,6,5,50,14,7,1,5,4,5,13,4,4,1,3,4,2,12,1,63,3,10,7,1,7,9,1,8,1,7,101,1,21,121.5576195,25.0382856
114,11,15,16,50,06松山區,松山區八德路2段與八德路2段410巷口,0,0,1,1,B03,8,7,5,50,3,1,1,5,4,5,13,1,1,9,4,5,2,17,1,22,3,10,7,4,7,6,1,8,1,5,17,1,22,121.546834,25.0481155
114,11,15,17,00,12內湖區,內湖區堤外便道自行車道(基十二號水門),0,0,2,1,F01,7,6,8,30,14,23,1,5,4,5,13,4,4,10,5,5,2,2,1,11,2,8,4,1,7,9,8,20,1,11,16,1,21,121.5951165,25.0609207
114,11,15,17,06,12內湖區,內湖區民權東路6段190巷61弄與民權東路6段206巷口,0,0,1,1,B03,8,5,5,30,3,18,1,5,4,5,13,4,4,10,5,5,2,3,2,40,3,10,7,1,7,5,1,8,2,8,70,1,21,121.5956635,25.0659448
114,11,15,17,25,05中正區,中正區中山北路1段與北平東路口,0,0,1,1,B01,8,5,5,50,5,2,1,5,4,5,13,1,1,10,5,5,2,17,1,63,3,10,7,1,7,5,1,4,2,1,98,1,21,121.5204346,25.0472157
114,11,15,17,35,10文山區,文山區福和橋自行車道與自行車牽引道,0,0,1,1,F01,8,5,8,0,22,23,1,5,4,5,13,4,4,10,5,4,2,16,1,23,2,8,4,1,7,6,8,20,1,11,80,1,21,121.533214,25.0089112
114,11,15,17,45,10文山區,文山區木柵路4段與木柵路4段149巷口,0,0,1,1,B02,8,5,5,50,3,2,1,5,4,5,13,2,1,5,4,5,1,16,1,34,3,10,7,1,7,6,1,8,2,5,9,1,21,121.574993,24.9987552
114,11,15,17,50,01大同區,大同區台北橋機慢車道往北市下橋前第四燈桿,0,0,3,1,C03,8,5,7,40,8,11,1,5,4,5,13,4,4,8,3,5,2,12,2,57,2,9,6,1,7,9,1,10,1,14,44,1,21,121.5072296,25.0629149
114,11,15,18,06,03中山區,中山區民權東路2段63號,0,0,1,1,C03,8,6,5,50,14,9,1,5,4,5,13,2,1,1,5,5,1,12,1,33,3,10,3,4,7,8,1,10,1,11,16,1,21,121.5310772,25.06265103
114,11,15,18,07,02萬華區,萬華區和平西路3段與和平西路3段13巷口,0,0,1,1,B03,7,5,5,50,4,1,1,5,4,5,13,2,1,3,4,4,2,15,1,48,3,10,3,4,7,9,1,8,1,8,81,1,22,121.5041751,25.0344292
114,11,15,18,15,08士林區,士林區中山北路5段與福林路口,0,0,2,1,A02,8,6,5,50,4,2,1,5,4,5,13,2,1,8,4,5,1,17,1,32,3,10,7,1,7,9,1,2,1,2,17,1,21,121.5282589,25.09403539
114,11,15,18,25,11南港區,南港區研究院路1段101巷與力行橋口口,0,0,1,1,B03,8,5,5,50,5,1,1,5,4,5,13,2,1,5,5,5,2,12,1,77,3,10,3,4,7,12,1,8,2,2,17,1,22,121.6170999,25.052056