發生年度,發生月,發生日,發生時-Hours,發生分,區序,肇事地點,死亡人數,2-30日死亡人數,受傷人數,當事人序號,車種,天候,光線,道路類別,速限-速度限制,道路型態,事故位置,路面狀況1,路面狀況2,路面狀況3,道路障礙1,道路障礙2,號誌1,號誌2,車道劃分-分向,車道劃分-分道1,車道劃分-分道2,車道劃分-分道3,事故類型及型態,性別,年齡,受傷程度,主要傷處,保護裝置,行動電話,車輛用途,當事者行動狀態,駕駛資格情形,駕駛執照種類,飲酒情形,車輛撞擊部位1,肇因碼-個別,個人肇逃否,職業,座標-X,座標-Y
114,11,15,18,40,08士林區,士林區仰德大道1段101號,0,0,1,1,B03,8,5,6,40,11,9,1,5,4,5,13,4,4,4,5,5,1,17,2,52,3,10,7,1,7,9,1,8,2,2,44,1,22,121.5382236,25.10431527
114,11,15,18,44,05中正區,中正區忠孝東路2段104號附近側附近旁(臨沂街上),0,0,1,1,B01,8,5,5,30,14,9,1,5,4,5,13,2,1,5,5,5,1,17,1,56,3,10,3,4,7,14,1,4,2,2,40,1,21,121.5306003,25.042297
114,11,15,19,00,12內湖區,內湖區內湖路1段與內湖路1段47巷口,0,0,1,1,B03,8,5,5,40,3,1,1,5,4,5,13,4,4,1,4,4,2,12,2,41,3,10,7,1,7,6,1,8,1,5,9,1,21,121.5593327,25.0850818
114,11,15,19,12,03中山區,中山區吉林路83號,0,0,1,1,B03,8,5,5,40,14,8,1,5,4,5,13,4,4,5,4,4,1,12,1,49,3,10,7,1,7,14,1,8,2,4,40,1,21,121.5302222,25.0553538
114,11,15,19,17,03中山區,中山區復興北路與長春路口,0,0,1,1,B03,8,5,5,50,4,2,1,5,4,5,13,2,1,1,5,5,2,12,1,37,3,10,7,1,7,7,1,8,2,8,100,1,21,121.5440278,25.0547384
114,11,15,19,40,06松山區,松山區八德路3段12巷與八德路3段12巷16弄口,0,0,1,1,C03,8,5,5,30,4,1,1,5,4,5,13,4,4,10,5,5,2,17,1,22,2,9,5,1,7,9,1,10,1,11,72,1,21,121.5507165,25.0471595
114,11,15,20,29,10文山區,文山區木柵路1段與試院路口（雙號）口,0,0,1,1,C03,8,5,5,50,4,1,1,5,4,5,13,2,1,5,4,5,2,18,1,59,2,9,3,4,7,9,3,18,2,17,42,1,21,121.5500076,24.987488
114,11,15,20,42,06松山區,松山區八德路3段10號,0,0,2,1,C03,8,5,5,50,14,9,1,5,4,5,13,4,4,5,4,5,2,10,2,39,2,7,6,1,7,9,1,8,2,11,44,1,22,121.5501688,25.0481967
114,11,15,20,50,11南港區,南港區忠孝東路6段195號,0,0,1,1,B01,8,5,5,50,14,8,1,5,4,5,13,4,4,1,4,4,2,12,1,66,3,10,3,4,7,8,6,18,1,6,100,1,21,121.5878239,25.0490595
114,11,15,21,30,08士林區,士林區天母東路69巷與中山北路7段82巷口,0,0,1,1,B03,8,5,5,30,3,1,1,5,4,5,13,3,1,8,3,5,2,16,2,63,3,10,3,4,7,5,1,8,2,1,72,1,22,121.532952,25.1211379
114,11,15,21,45,09北投區,北投區中和街59號,0,0,2,1,F01,8,5,5,50,14,9,1,5,4,5,13,4,4,4,1,5,1,17,2,74,2,9,4,1,7,11,8,20,1,12,1,1,21,121.5020887,25.138713
114,11,15,21,45,11南港區,南港區成福路272號,0,0,1,1,B03,8,5,5,40,12,9,1,4,4,5,13,4,4,10,5,5,1,1,1,29,3,10,3,4,7,5,1,8,2,1,16,1,22,121.5907306,25.0375151
114,11,15,21,53,08士林區,士林區仰德大道2段與仰德大道2段70巷口,0,0,1,1,,8,6,5,40,3,2,1,5,4,5,13,2,1,8,5,5,1,12,4,0,,,,,,,,,11,,119,2,,121.5451202,25.1062823
114,11,15,22,53,06松山區,松山區復興南路1段39號(市民大道側),0,0,1,1,B01,8,5,5,30,14,9,1,5,4,5,13,4,4,1,4,5,2,16,1,51,3,10,7,1,7,6,1,4,1,4,72,1,21,121.545436,25.0451407
114,11,15,22,54,02萬華區,萬華區萬大路336號,0,0,1,1,C03,8,5,5,30,14,9,1,5,5,5,13,4,4,2,4,5,2,29,2,23,2,9,5,1,7,9,1,10,1,12,13,1,21,121.5001473,25.0241558
114,11,15,23,10,01大同區,大同區酒泉街與大龍街口,0,0,2,1,C03,7,5,5,50,4,1,1,5,4,5,13,2,1,5,4,5,2,17,1,64,2,9,6,4,7,5,1,10,2,13,80,1,22,121.5158338,25.0719945
114,11,15,23,12,07信義區,信義區莊敬路與吳興街口側附近156巷口,0,0,1,1,B03,8,5,5,50,4,1,1,5,4,5,13,1,1,5,4,5,2,15,1,37,3,10,3,4,7,15,1,8,2,1,83,1,21,121.5622447,25.0295313
114,11,16,00,30,02萬華區,萬華區西藏路111號,0,0,2,1,H01,7,5,5,50,14,9,1,5,4,5,13,4,4,3,4,5,1,9,1,65,2,9,4,5,8,16,8,20,1,16,121,1,22,121.5031623,25.029782
114,11,16,01,01,03中山區,中山區民權東路1段65號,0,0,1,1,C03,8,6,5,50,14,9,1,5,4,5,13,4,4,3,4,5,2,18,1,47,2,9,6,1,7,9,1,10,9,12,116,1,26,121.5211506,25.0500313
114,11,16,01,59,02萬華區,萬華區萬大路與東園街口,0,0,2,1,B03,8,5,5,30,4,2,4,5,4,5,13,1,1,2,4,5,2,13,2,47,3,10,7,1,7,9,1,8,1,1,108,1,21,121.4986653,25.0217305
114,11,16,04,39,03中山區,中山區民生東路2段與建國北路2段口,0,0,2,1,C03,8,7,5,50,4,1,1,5,4,5,13,1,1,9,4,5,2,13,2,40,2,8,3,4,7,9,1,10,1,11,16,1,21,121.5362936,25.05786482
114,11,16,07,17,02萬華區,萬華區桂林路1號前燈桿,0,0,1,1,C03,8,5,8,50,22,22,1,5,4,5,13,1,1,10,5,5,2,38,1,69,2,1,3,4,7,15,1,10,1,11,42,1,21,121.5063122,25.0376441
114,11,16,07,22,12內湖區,內湖區民權東路6段與成功路2段口,0,0,1,1,C03,8,6,5,50,4,1,1,5,4,5,13,2,1,3,4,5,2,16,1,34,2,9,6,1,7,5,1,10,1,11,85,1,21,121.5908015,25.0689373
114,11,16,07,26,09北投區,北投區育仁路與豐年路1段口,0,0,2,1,C03,8,7,5,30,5,1,1,5,4,5,13,3,1,5,5,5,2,16,1,82,2,9,5,1,7,9,1,10,1,11,72,1,21,121.4984239,25.1338478
114,11,16,07,58,03中山區,中山區龍江路356巷與五常街53巷口,0,0,1,1,C03,8,6,5,50,4,1,1,5,4,5,13,4,4,5,5,5,2,15,2,39,2,9,5,1,7,9,1,10,1,11,72,1,22,121.5396696,25.0659581
114,11,16,08,38,09北投區,北投區承德路7段303號,0,0,3,1,C04,8,7,5,40,14,8,1,5,4,5,13,4,4,1,4,4,2,16,1,28,2,9,5,1,7,6,1,10,1,14,80,1,22,121.5041317,25.1169099
114,11,16,09,02,03中山區,中山區中山北路1段124號前,0,0,1,1,C03,8,7,5,50,14,9,1,5,4,5,13,4,4,5,4,5,2,13,2,70,2,3,3,4,7,9,1,10,1,11,44,1,21,121.5220021,25.0508772
114,11,16,09,22,08士林區,士林區環河北路3段225號旁,0,0,1,1,A41,8,7,5,50,14,9,1,5,4,5,13,4,4,8,3,5,2,17,4,0,4,11,3,4,7,9,7,19,11,17,44,2,22,121.5036019,25.0883895
114,11,16,09,47,09北投區,北投區東昇路1209709號燈桿,0,0,1,1,F01,8,7,5,30,14,9,1,5,4,5,13,4,4,5,5,5,1,17,1,20,2,9,3,1,7,9,8,20,1,11,16,1,21,121.5225075,25.1442479
114,11,16,10,18,12內湖區,內湖區環山路1段與文湖街口,0,0,2,1,B03,8,6,5,50,3,1,1,5,4,5,13,2,1,5,4,5,2,16,1,55,3,10,7,1,7,5,1,7,2,6,71,1,21,121.5656269,25.0864028
114,11,16,10,42,08士林區,士林區中正路601號,0,0,1,1,B12,8,5,8,50,22,22,1,5,4,5,13,4,4,1,5,5,1,17,1,56,3,10,7,1,7,6,1,8,1,2,17,1,21,121.5098584,25.0866617
114,11,16,10,50,03中山區,中山區復興北路488巷與民權東路3段39巷口,0,0,1,1,F01,8,6,6,30,4,1,1,5,4,5,13,4,4,9,4,5,2,15,2,81,2,9,4,1,7,9,8,20,1,12,72,1,21,121.5425783,25.06514424
114,11,16,11,12,03中山區,中山區北安路與大直街口,0,0,1,1,C03,8,5,5,50,4,1,1,5,4,5,13,1,1,1,4,5,2,16,1,71,2,9,3,4,7,5,1,10,1,14,96,1,21,121.5468449,25.07999301
114,11,16,12,01,08士林區,士林區中山北路4段與通河街口北往南066號燈桿,0,0,1,1,C04,8,7,5,50,14,12,1,5,4,5,13,4,4,5,3,4,1,17,2,29,3,10,3,4,7,8,1,10,1,17,17,1,21,121.5244601,25.0792294
114,11,16,12,05,08士林區,士林區華齡街212號,0,0,2,1,C03,8,6,5,30,14,9,1,5,4,5,10,4,4,9,5,5,2,17,1,71,2,9,6,1,7,1,1,10,2,11,19,1,22,121.5198476,25.0883706
114,11,16,12,12,03中山區,中山區南京東路2段20號,0,0,2,1,C03,8,6,5,50,14,9,1,5,4,3,13,1,1,1,4,4,1,13,1,62,2,7,6,1,7,9,1,10,1,11,13,1,21,121.5290999,25.0520845
114,11,16,12,24,02萬華區,萬華區環河南路1段348巷,0,0,1,1,C03,8,7,5,30,14,9,1,5,4,5,13,4,4,10,5,5,2,13,1,25,2,9,5,1,7,9,1,10,1,11,16,1,21,121.4965976,25.03931025
114,11,16,12,41,08士林區,士林區仰德大道2段48號,0,0,1,1,C03,8,7,5,0,14,9,1,5,4,5,13,4,4,5,5,5,1,10,1,60,2,9,5,1,7,15,1,10,1,11,4,1,21,121.5436598,25.10551274
114,11,16,13,03,06松山區,松山區南京東路5段與南京東路5段250巷口,0,0,2,1,C03,8,6,5,30,4,1,1,5,4,5,13,1,1,1,3,5,2,16,1,29,2,9,6,1,7,5,1,10,1,14,8,1,27,121.5661451,25.0513279
114,11,16,13,10,08士林區,士林區中山北路4段圓山閘道,0,0,1,1,B03,8,6,5,50,14,7,1,5,4,5,13,1,1,1,4,3,2,13,1,50,3,10,7,1,7,9,1,8,1,1,16,1,22,121.5251041,25.0771159
114,11,16,13,29,04大安區,大安區基隆路高架道往北051燈桿,0,0,1,1,B03,8,5,5,60,14,9,1,5,4,5,13,4,4,10,5,5,2,13,1,48,3,10,3,4,7,9,1,8,1,1,42,1,21,121.5420012,25.0151029
114,11,16,13,42,07信義區,信義區基隆路1段與松高路口,0,0,1,1,B03,8,6,5,50,4,1,1,5,4,5,13,2,1,1,4,5,2,17,1,42,3,10,3,4,7,9,1,8,1,5,86,1,21,121.5635572,25.0391947
114,11,16,14,00,11南港區,南港區忠孝東路6段156號,0,0,3,1,C03,8,6,5,50,14,9,1,5,4,5,13,4,4,1,3,5,2,17,1,63,2,7,3,4,7,1,1,10,1,13,19,1,21,121.586069,25.0483966
114,11,16,14,32,02萬華區,萬華區西園路2段281巷與西園路2段口,0,0,1,1,B03,8,7,5,30,4,1,1,5,4,5,13,1,1,10,3,5,2,15,2,29,3,10,7,1,7,9,1,8,1,1,44,1,22,121.4914156,25.0251018
114,11,16,14,52,06松山區,松山區八德路4段245巷與八德路4段245巷32弄口,0,0,2,1,C03,8,5,5,30,4,1,1,5,4,5,13,1,1,10,5,5,2,17,2,30,2,8,6,1,7,5,1,10,1,14,8,1,21,121.5645285,25.0499836
114,11,16,15,54,06松山區,松山區市民大道4段77號,0,0,1,1,C04,8,6,5,40,14,9,1,5,4,5,13,4,4,1,4,5,2,16,1,41,2,9,6,1,7,7,1,10,7,14,100,1,21,121.5473477,25.0451067
114,11,16,16,12,04大安區,大安區忠孝東路4段223巷與延吉街62巷口,0,0,2,1,C03,8,5,5,30,4,2,1,5,4,5,13,4,4,9,4,5,2,15,2,20,2,5,3,4,7,9,1,10,1,11,72,1,21,121.5530272,25.0434672
114,11,16,16,30,02萬華區,萬華區馬場町河濱公園自行車道編號3010225號燈桿,0,0,1,1,F01,8,7,8,0,18,23,1,5,4,5,13,4,4,5,3,5,2,12,4,0,,,,,,,,,9,,67,1,,121.5041545,25.0190025
114,11,16,16,40,05中正區,中正區忠孝東路1段70巷與林森南路3巷口,0,0,2,1,B03,8,5,5,50,3,2,1,5,4,5,13,4,4,8,4,5,2,17,1,30,3,10,7,1,7,1,1,8,1,7,19,1,21,121.5237502,25.04418521
114,11,16,16,58,05中正區,中正區古亭河濱公園與古亭河濱公園口自行車道,0,0,2,1,F01,8,6,5,50,3,1,1,5,4,5,13,4,4,5,4,5,2,10,2,7,2,8,4,1,7,9,8,20,1,11,44,1,21,121.5305917,25.0103466
114,11,16,17,27,04大安區,大安區愛國東路79巷13號,0,0,2,1,C03,8,5,5,30,14,9,1,5,4,5,13,4,4,5,5,5,2,17,2,35,2,9,5,1,7,9,1,10,1,11,16,1,21,121.5276365,25.0327416
114,11,16,17,40,12內湖區,內湖區行愛路與新湖三路口,0,0,1,1,C03,8,5,5,50,4,1,1,5,4,5,13,2,1,5,4,5,2,16,1,67,3,10,5,1,7,5,1,10,1,11,8,1,21,121.5794812,25.0648938
114,11,16,17,49,10文山區,文山區興隆路2段與興隆路2段244巷口,0,0,2,1,B03,8,5,5,50,3,1,1,5,4,5,13,4,4,5,5,5,2,13,1,64,3,10,7,1,7,5,1,8,1,4,16,1,21,121.5538279,25.001063
114,11,16,18,12,01大同區,大同區承德路3段與敦煌路口,0,0,1,1,B03,7,5,5,30,4,2,1,5,4,5,13,1,1,10,5,5,2,17,2,35,3,10,3,4,7,9,1,8,1,2,108,1,21,121.5201059,25.07554606
114,11,16,19,00,07信義區,信義區福德街84巷50號,0,0,1,1,B01,6,6,5,30,14,9,1,4,4,5,13,4,4,10,5,5,2,9,1,61,3,10,7,1,7,1,1,8,9,2,19,1,21,121.5809538,25.0384881
114,11,16,19,39,04大安區,大安區和平東路1段與青田街口,0,0,1,1,C03,8,5,5,50,3,4,1,5,4,5,13,1,1,10,5,5,1,13,2,22,2,9,5,1,7,9,1,10,1,11,16,1,21,121.5321901,25.0264123
114,11,16,19,40,08士林區,士林區仰德大道3段61號,0,0,1,1,B12,8,5,5,40,14,9,1,5,4,5,13,1,1,5,5,5,1,13,1,71,3,10,7,1,7,9,1,8,2,1,108,1,21,121.5529898,25.1194011
114,11,16,20,21,03中山區,中山區長安西路與長安西路50巷口,0,0,2,1,C04,8,5,5,50,4,1,1,5,4,5,13,2,1,9,4,4,2,16,1,38,2,9,6,1,7,5,1,10,1,11,71,1,21,121.5202375,25.0501541
114,11,16,20,39,12內湖區,內湖區金龍路與內湖路3段59巷口,0,0,2,1,B03,8,5,5,50,3,1,1,5,4,5,13,1,1,5,5,4,2,16,1,66,3,10,7,1,7,5,1,8,1,6,71,1,22,121.5915702,25.0853219
114,11,16,21,29,04大安區,大安區建國南路2段與建國南路2段151巷口,0,0,1,1,B03,8,5,5,50,3,2,1,5,4,5,13,4,4,10,3,5,1,16,1,79,4,11,3,4,7,9,7,19,11,15,44,2,21,121.5376957,25.0288961
114,11,16,21,45,08士林區,士林區美崙街118號,0,0,1,1,C03,7,5,5,50,3,2,1,5,4,5,13,4,4,5,5,5,1,17,1,22,2,9,5,1,7,9,1,10,1,14,44,1,21,121.5196521,25.09694685
114,11,16,21,53,06松山區,松山區市民大道6段與虎林街口,0,0,1,1,F01,8,5,5,40,4,2,1,4,4,5,13,1,1,1,4,5,2,17,2,20,3,10,4,1,7,9,8,20,11,17,101,1,21,121.5759354,25.0494221
114,11,16,22,00,01大同區,大同區重慶北路2段與蘭州街口,0,0,1,1,B03,7,5,5,50,3,2,1,5,4,5,13,4,4,1,4,5,2,9,1,43,3,10,3,4,7,6,1,8,2,4,9,1,21,121.5137121,25.06180792
114,11,16,23,21,04大安區,大安區基隆路4段與羅斯福路4段口,0,0,1,1,C03,6,5,5,50,4,2,1,4,4,5,13,2,1,1,4,5,2,13,2,30,2,9,6,1,7,15,1,10,1,11,44,1,21,121.5374004,25.01149423
114,11,17,02,57,10文山區,文山區秀明路2段與秀明路2段7巷口口旁,0,0,1,1,C03,8,5,5,50,3,2,1,5,4,5,13,2,1,5,5,5,2,17,2,56,2,9,5,1,7,9,1,10,1,11,22,1,21,121.5749622,24.9918213
114,11,17,03,20,04大安區,大安區忠孝東路4段147巷與敦化南路1段187巷口,0,0,1,1,C03,8,5,5,30,4,1,1,5,4,5,13,4,4,10,5,5,1,15,1,27,2,9,3,4,7,9,1,10,2,14,72,1,21,121.549658,25.0426001
114,11,17,06,38,10文山區,文山區景興路與景興路153巷口,0,0,1,1,B03,8,6,5,30,3,18,1,5,4,5,13,2,1,10,5,5,2,2,2,49,3,10,7,1,7,5,1,8,2,4,70,1,21,121.5445375,24.9937283
114,11,17,07,00,09北投區,北投區中湖戰備道路冷水坑4+100標號,0,0,2,1,C03,8,7,5,40,14,9,1,5,4,5,13,4,4,5,5,5,2,18,1,18,2,9,5,1,7,9,1,10,1,14,42,1,21,121.5604491,25.1826388
114,11,17,07,21,04大安區,大安區金山南路2段30巷與信義路2段44巷口,0,0,2,1,F01,8,5,5,30,3,1,1,5,4,5,13,4,4,8,3,5,1,16,2,12,2,9,4,1,7,1,8,20,1,14,19,1,21,121.5254342,25.0332723
114,11,17,07,21,12內湖區,內湖區成功路2段與成功路2段口與國道1號北上入口匝道口,0,0,1,1,B03,8,6,5,5,4,2,1,5,4,5,13,1,1,1,4,4,2,13,1,51,3,10,7,1,7,9,1,8,1,8,108,1,21,121.5908077,25.0641315
114,11,17,07,30,03中山區,中山區中山北路2段與錦西街口,0,0,2,1,C03,8,7,5,50,4,1,1,5,4,5,13,1,1,9,4,5,2,13,2,18,2,8,6,1,7,9,1,10,1,11,16,1,21,121.5228738,25.06050965
114,11,17,08,14,08士林區,士林區延平北路7段106巷與延平北路7段106巷327弄口,0,0,1,1,B03,8,6,5,30,3,2,1,5,4,5,13,1,1,10,5,5,1,13,2,38,3,10,3,4,7,9,1,8,11,3,44,2,22,121.5182025,25.0871514
114,11,17,08,20,02萬華區,萬華區萬大路與萬大路187巷口,0,0,2,1,C03,8,6,5,30,3,1,1,5,4,5,13,4,4,10,5,5,2,17,1,65,2,7,5,1,7,9,1,10,9,12,101,1,21,121.5005935,25.028
114,11,17,08,25,03中山區,中山區北安路與敬業四路口,0,0,1,1,B03,8,6,5,50,14,9,1,5,4,5,13,4,4,1,4,5,2,12,1,46,3,10,3,4,7,8,1,8,1,2,80,1,22,121.5588844,25.0849057
114,11,17,08,25,11南港區,南港區南港路1段與中南街口,0,0,2,1,B03,8,7,5,50,3,1,1,5,4,5,13,2,1,5,4,5,2,17,1,44,3,10,7,1,7,6,1,8,1,2,101,1,21,121.6152349,25.0553312
114,11,17,08,41,10文山區,文山區光輝路與光輝路87巷口,0,0,2,1,C02,8,7,5,30,4,1,1,5,4,5,13,4,4,10,5,5,2,15,1,60,2,9,5,1,7,9,1,9,1,11,72,1,21,121.5574051,24.985195
114,11,17,08,44,01大同區,大同區民生西路300-3號,0,0,2,1,C03,7,6,5,50,14,9,1,5,4,5,13,4,4,5,5,5,2,12,2,49,2,8,6,1,7,15,1,10,1,14,108,1,21,121.5122863,25.0569327
114,11,17,08,55,03中山區,中山區新生北路3段與農安街口南側迴轉道,0,0,1,1,B03,7,7,5,50,4,1,1,5,4,5,13,4,4,9,5,5,2,15,1,23,3,10,7,1,7,9,1,8,1,6,99,1,21,121.5277406,25.06432382
114,11,17,08,58,07信義區,信義區吳興街220巷與吳興街220巷37弄口,0,0,2,1,B03,8,6,8,50,4,1,1,5,4,5,13,1,1,8,5,5,2,17,1,59,3,10,3,4,7,5,1,8,1,2,71,1,22,121.5623261,25.0270344
114,11,17,09,05,03中山區,中山區松江路219號,0,0,1,1,F01,6,5,5,0,22,20,4,4,4,5,13,4,4,10,5,5,2,9,4,0,,,,,,,,,11,,119,2,,121.5336343,25.05797879
114,11,17,09,05,04大安區,大安區復興南路2段151巷與復興南路2段151巷30弄口,0,0,1,1,C03,8,5,5,40,3,19,1,5,4,5,13,4,4,9,4,5,2,3,2,55,3,10,3,4,7,9,1,10,1,11,70,1,21,121.5454141,25.0283108
114,11,17,09,05,10文山區,文山區下崙路11巷與興隆路4段58巷16弄口,0,0,2,1,C03,8,5,5,50,3,1,1,5,4,5,13,4,4,10,5,5,1,17,2,45,2,9,5,1,7,6,1,10,1,12,118,1,21,121.5601703,24.9859979
114,11,17,09,21,03中山區,中山區中山北路1段9號,0,0,1,1,C03,6,6,5,50,14,9,1,4,4,5,13,4,4,1,4,5,2,13,1,26,2,9,5,4,7,9,1,10,1,11,107,1,22,121.5211029,25.0484918
114,11,17,09,58,07信義區,信義區虎林街242巷與信義路6段33巷口,0,0,2,1,C03,7,6,5,30,3,1,1,5,4,5,13,4,4,10,5,5,2,16,2,46,2,9,5,1,7,5,1,10,1,14,74,1,21,121.5757296,25.0350843
114,11,17,10,06,05中正區,中正區羅斯福路3段62號,0,0,1,1,C03,7,7,5,50,14,9,1,5,4,5,13,4,4,1,4,5,2,17,2,27,3,10,6,1,7,9,1,10,2,12,108,1,22,121.5259114,25.0225158
114,11,17,10,22,12內湖區,內湖區內湖路1段與內湖路1段口與往港墘路引道口,0,0,1,1,B03,6,6,5,50,3,1,1,4,4,5,13,4,4,1,4,4,2,11,2,52,3,10,7,1,7,8,1,8,1,6,100,1,21,121.5773815,25.0793239
114,11,17,10,26,06松山區,松山區三民路102巷與三民路口,0,0,1,1,F01,6,6,5,50,4,2,1,4,4,5,13,2,1,1,4,5,2,15,2,71,2,9,2,1,7,9,8,20,1,11,81,1,21,121.563644,25.05743
114,11,17,10,30,03中山區,中山區中山北路3段23號,0,0,1,1,B12,6,7,5,50,14,9,1,4,4,5,13,1,1,9,4,5,2,17,1,43,3,10,7,1,7,15,1,8,1,3,101,1,21,121.5223077,25.06464409
114,11,17,10,40,08士林區,士林區承德路5段60號,0,0,2,1,B02,6,7,5,40,14,9,1,4,4,5,13,4,4,10,5,5,1,17,1,55,3,10,7,1,7,1,1,8,1,4,19,1,21,121.5150331,25.0929867
114,11,17,10,50,01大同區,大同區鄭州路與延平北路1段口,0,0,2,1,B03,8,6,5,40,4,2,1,5,4,5,13,2,1,8,3,5,2,12,1,42,3,10,7,1,7,8,1,7,1,5,100,1,21,121.5115369,25.0498697
114,11,17,10,50,08士林區,士林區百齡橋012號電燈桿,0,0,1,1,B03,6,6,5,50,8,9,1,4,4,5,13,4,4,3,2,5,1,13,1,45,3,10,7,1,7,9,1,8,1,1,16,1,26,121.5128409,25.08869094
114,11,17,10,53,10文山區,文山區下崙路9之2號,0,0,1,1,C03,8,6,5,30,14,9,1,5,4,5,13,4,4,9,5,5,2,17,1,36,2,9,3,4,7,1,1,10,2,14,19,1,22,121.5602521,24.9865729
114,11,17,11,02,12內湖區,內湖區行善路333巷與行善路281巷19弄口,0,0,2,1,B03,8,6,6,30,3,1,1,4,4,5,13,4,4,5,5,5,2,16,1,25,3,10,3,4,7,11,1,8,1,4,80,1,22,121.5857896,25.0618459
114,11,17,11,43,05中正區,中正區中山南路與濟南路1段口,0,0,2,1,C03,8,6,5,50,3,1,1,5,4,5,13,2,1,5,4,5,2,13,1,20,2,9,5,1,7,9,1,10,1,11,108,1,22,121.5190257,25.04330258
114,11,17,12,01,05中正區,中正區中華路2段與愛國西路口,0,0,2,1,C03,8,6,5,50,5,1,1,5,4,5,13,1,1,1,4,5,2,16,2,48,2,9,5,1,7,9,3,18,1,14,99,1,21,121.5069029,25.0369509
114,11,17,13,14,04大安區,大安區信義路3段與建國南路2段口,0,0,3,1,C03,6,6,5,50,4,2,1,4,4,5,10,2,1,1,4,5,2,17,1,34,2,7,6,4,7,9,1,10,1,14,44,1,22,121.5375619,25.0327832
114,11,17,13,37,07信義區,信義區松智路與松平路口,0,0,1,1,B03,6,5,5,50,4,2,1,4,4,5,13,1,1,5,5,5,2,17,1,50,3,10,7,1,7,6,1,8,1,2,80,1,21,121.5653953,25.0304744
114,11,17,13,43,03中山區,中山區南京東路3段223巷8號,0,0,1,1,,6,5,5,30,14,9,1,4,4,5,13,4,4,10,5,5,2,29,3,51,,,,,,,,,,,67,1,,121.5433869,25.05287462
114,11,17,13,55,03中山區,中山區南京東路1段（林森公園停車場出口）,0,0,1,1,B03,6,7,5,30,14,9,1,4,4,5,13,4,4,1,4,4,2,17,1,59,3,10,7,1,7,6,1,8,1,8,42,1,21,121.5268659,25.05218794
114,11,17,14,00,11南港區,南港區成福路與成福路149巷口,0,0,2,1,C03,8,6,5,50,4,2,1,5,4,5,13,4,4,5,4,5,2,17,1,20,2,9,5,1,7,5,1,10,1,14,8,1,21,121.5879204,25.0413874
114,11,17,14,34,05中正區,中正區市民大道2段與金山北路口,0,0,1,1,C03,7,7,5,40,4,4,1,5,4,5,13,2,1,9,2,5,2,12,2,35,2,8,6,1,7,7,1,10,1,14,100,1,21,121.5303915,25.0460259
114,11,17,14,46,04大安區,大安區仁愛路4段151巷與忠孝東路4段216巷32弄口口,0,0,1,1,B03,6,6,5,30,4,1,1,4,4,5,13,4,4,10,5,5,2,15,1,63,3,10,7,1,7,9,1,8,1,5,75,1,22,121.551799,25.0399038
114,11,17,15,10,03中山區,中山區崇實路與大直街62巷口,0,0,1,1,C03,6,5,5,50,4,1,1,4,4,5,13,1,1,9,4,5,2,17,1,19,2,9,5,1,7,6,1,10,1,14,17,1,21,121.5450161,25.0829023
114,11,17,15,11,10文山區,文山區新光路1段160號,0,0,1,1,A02,6,6,5,50,14,9,1,4,4,5,13,1,1,5,4,5,2,13,1,53,3,10,7,1,7,9,1,6,2,5,108,1,21,121.5737386,24.9928288
114,11,17,16,03,07信義區,信義區信義路5段與莊敬路口,0,0,1,1,B03,6,6,5,50,4,2,1,4,4,5,13,2,1,5,4,5,2,13,1,42,3,10,3,4,7,9,1,8,2,5,16,1,22,121.5611597,25.0331025
114,11,17,16,15,04大安區,大安區基隆路3段155巷176弄與基隆路3段155巷182弄口,0,0,1,1,B12,6,5,5,30,3,2,1,4,4,5,13,4,4,8,3,5,1,15,1,43,3,10,7,1,7,9,1,8,1,5,72,1,21,121.5476027,25.0138573
114,11,17,16,41,04大安區,大安區忠孝東路4段與光復南路口,0,0,1,1,C03,6,6,5,50,4,1,1,4,4,5,13,1,1,10,5,5,2,12,2,20,3,10,6,1,7,15,1,10,1,12,44,1,21,121.5575724,25.0415386
114,11,17,16,42,03中山區,中山區建國北路2段6巷與伊通街口,0,0,1,1,B03,6,5,5,30,4,1,1,4,4,5,13,4,4,10,5,5,2,17,1,28,3,10,3,4,7,5,1,8,1,1,72,1,22,121.5348397,25.0525303
114,11,17,16,47,04大安區,大安區仁愛路3段與仁愛路3段118巷口,0,0,1,1,B03,6,5,5,50,4,2,1,4,4,5,13,2,1,1,4,5,2,17,1,57,3,10,3,4,7,6,1,8,1,5,71,1,21,121.539832,25.0377093
114,11,17,16,56,11南港區,南港區南港路2段與南港路2段86巷口,0,0,2,1,C03,6,5,5,50,4,18,1,4,4,5,13,2,1,5,5,4,2,3,1,41,2,3,5,4,7,9,1,10,2,11,70,1,22,121.6031386,25.0537305
114,11,17,17,15,10文山區,文山區木新路1段與無名巷口口,0,0,1,1,C03,6,5,5,50,3,1,1,4,4,5,13,2,1,10,5,5,1,16,1,47,3,10,6,1,7,5,1,10,1,11,71,1,21,121.570663,24.9888115
114,11,17,17,17,04大安區,大安區臥龍街與安居街口口,0,0,1,1,C03,6,5,5,40,3,1,1,4,4,5,13,4,4,5,5,4,2,17,2,46,2,6,5,1,7,5,1,10,9,14,8,1,22,121.5515804,25.0179788
114,11,17,17,29,01大同區,大同區塔城街與忠孝西路2段口口,0,0,1,1,B03,6,5,5,50,5,1,1,4,4,5,13,2,1,5,4,4,2,12,1,20,3,10,7,1,7,1,1,8,2,8,118,1,22,121.5100081,25.0485617