發生年度,發生月,發生日,發生時-Hours,發生分,區序,肇事地點,死亡人數,2-30日死亡人數,受傷人數,當事人序號,車種,天候,光線,道路類別,速限-速度限制,道路型態,事故位置,路面狀況1,路面狀況2,路面狀況3,道路障礙1,道路障礙2,號誌1,號誌2,車道劃分-分向,車道劃分-分道1,車道劃分-分道2,車道劃分-分道3,事故類型及型態,性別,年齡,受傷程度,主要傷處,保護裝置,行動電話,車輛用途,當事者行動狀態,駕駛資格情形,駕駛執照種類,飲酒情形,車輛撞擊部位1,肇因碼-個別,個人肇逃否,職業,座標-X,座標-Y
114,11,17,17,42,06松山區,松山區東興路與南京東路5段口,0,0,2,1,A02,6,5,5,50,4,1,1,4,4,5,13,1,1,5,4,4,2,13,1,47,3,10,7,1,7,9,1,2,1,1,16,1,21,121.5654537,25.051276
114,11,17,17,55,11南港區,南港區興南街64巷與興南街64巷6弄口,0,0,2,1,C03,6,5,5,30,14,9,1,4,4,5,13,4,4,5,4,5,2,2,1,44,2,9,5,1,7,9,1,10,2,11,16,1,21,121.6020747,25.0554946
114,11,17,18,36,04大安區,大安區復興南路1段237-1號,0,0,1,1,B03,6,5,5,50,14,9,1,4,4,5,13,2,1,1,4,5,2,12,1,30,3,10,3,4,7,8,1,8,1,5,100,1,21,121.5437914,25.0375995
114,11,17,18,40,03中山區,中山區新生北路2段與南京東路2段口,0,0,1,1,C03,7,5,5,50,4,2,1,4,4,5,13,2,1,1,4,4,2,9,1,40,2,8,5,1,7,9,1,10,1,14,44,1,21,121.5278014,25.05177452
114,11,17,18,42,07信義區,信義區松智路與松平路口口,0,0,1,1,B03,6,5,5,50,14,9,1,4,4,5,13,1,1,5,3,5,2,17,1,43,3,10,7,1,7,9,1,8,1,17,101,1,21,121.5653296,25.0303909
114,11,17,19,05,09北投區,北投區中央北路1段與光明路口,0,0,1,1,B01,6,5,5,50,4,2,1,4,4,5,13,3,1,9,4,5,1,17,2,62,3,10,7,1,7,5,1,4,2,8,72,1,21,121.5015544,25.1332662
114,11,17,19,14,04大安區,大安區辛亥路3段與辛亥路3段21巷口,0,0,1,1,B03,6,5,5,50,3,2,1,4,4,5,13,4,4,1,4,5,2,17,2,38,3,10,3,4,7,8,1,8,1,17,100,1,22,121.5449806,25.0212714
114,11,17,19,36,02萬華區,萬華區中華路1段192號,0,0,2,1,C03,6,5,5,50,14,9,1,4,4,5,13,4,4,9,4,5,2,17,1,43,2,8,5,4,7,9,1,10,1,11,44,1,21,121.5070448,25.0386726
114,11,17,19,40,11南港區,南港區市民大道8段512號,0,0,1,1,B03,6,6,5,50,14,9,1,4,4,5,13,4,4,9,5,5,2,13,1,33,3,10,3,4,7,9,1,8,1,1,16,1,21,121.6096754,25.0536762
114,11,17,19,41,03中山區,中山區錦州街3號,0,0,3,1,C03,6,5,5,50,14,9,1,4,4,5,13,1,1,9,4,5,2,13,2,38,2,1,5,4,7,9,1,10,1,11,16,1,21,121.5238411,25.0603798
114,11,17,19,50,07信義區,信義區信義路5段與松智路口,0,0,1,1,C03,6,5,5,50,4,19,1,4,4,5,13,1,1,3,3,5,2,3,2,45,3,10,6,1,7,6,3,18,9,11,70,1,21,121.5653734,25.0327288
114,11,17,20,10,02萬華區,萬華區環河南路2段與長順街口,0,0,2,1,C03,6,5,5,50,4,2,1,4,4,5,13,2,1,1,4,5,2,17,1,27,2,9,6,1,7,9,1,10,1,14,108,1,21,121.4950411,25.02845708
114,11,17,20,21,07信義區,信義區崇德街121巷與崇德街口口,0,0,1,1,B03,6,5,5,50,14,19,1,4,4,5,13,4,4,5,3,5,2,9,1,47,3,10,7,1,7,5,1,8,1,8,70,1,21,121.5562232,25.0238987
114,11,17,21,05,05中正區,中正區八德路1段與新生北路1段口,0,0,1,1,C03,6,5,5,50,4,2,1,4,4,5,13,1,1,10,5,5,2,17,2,19,3,10,5,1,7,9,1,10,2,17,30,1,22,121.5327816,25.0445782
114,11,17,21,42,05中正區,中正區信義路1段與中山南路口,0,0,1,1,C03,7,5,5,50,5,1,1,5,4,5,13,2,1,1,4,1,2,16,2,19,2,9,6,1,7,5,1,10,2,14,8,1,21,121.517932,25.0387344
114,11,17,21,53,04大安區,大安區新生南路2段與信義路2段口,0,0,1,1,B03,6,5,5,40,14,9,1,4,4,5,13,4,4,10,5,5,2,12,1,47,3,10,7,1,7,1,1,8,1,7,44,1,21,121.5326146,25.0332705
114,11,17,21,53,04大安區,大安區復興南路1段與信義路3段147巷15弄口,0,0,3,1,C03,6,5,5,50,4,2,1,4,4,5,13,2,1,1,4,5,2,17,2,43,2,9,6,4,7,9,1,10,1,11,16,1,22,121.5435214,25.0349043
114,11,17,22,24,12內湖區,內湖區成功路2段115巷49弄與成功路2段115巷47弄口,0,0,1,1,B12,6,5,5,30,4,1,1,4,4,5,13,4,4,5,5,5,2,17,1,58,3,10,7,1,7,2,1,8,2,6,44,1,21,121.5926042,25.0649821
114,11,17,23,50,05中正區,中正區延平南路與延平南路171巷口,0,0,1,1,B03,7,5,5,30,4,1,1,4,4,5,13,4,4,9,5,5,2,15,1,30,3,10,7,1,7,9,1,8,1,2,72,1,22,121.5075615,25.0348878
114,11,17,23,55,04大安區,大安區和平東路3段與安居街口,0,0,1,1,B02,6,5,5,50,4,2,1,4,4,5,13,1,1,10,4,5,2,17,1,24,4,11,3,4,7,9,1,8,11,2,44,2,21,121.5556265,25.0213579
114,11,18,05,33,10文山區,文山區秀明路2段與秀明路2段24巷口口,0,0,1,1,C03,6,5,5,50,3,2,1,4,4,5,13,4,4,5,5,5,2,16,2,52,3,10,5,1,7,5,1,10,2,11,4,1,21,121.5744109,24.9917017
114,11,18,06,59,10文山區,文山區興隆路1段與興隆路1段70巷口,0,0,2,1,F01,6,6,5,30,4,1,1,4,4,5,13,2,1,5,5,5,2,16,1,14,2,9,4,1,7,5,8,20,2,11,71,1,15,121.5407747,25.0039083
114,11,18,07,04,03中山區,中山區市民大道2段與長安東路1段52巷口,0,0,1,1,B03,8,6,5,40,3,1,1,5,4,5,13,1,1,1,4,5,2,16,1,71,3,10,3,4,7,6,1,8,2,2,9,1,22,121.5278075,25.0470303
114,11,18,07,18,05中正區,中正區福和橋往新北,0,0,2,1,C03,6,7,5,40,14,11,1,4,4,5,13,4,4,1,4,5,2,17,1,30,2,9,5,1,7,9,1,10,2,12,118,1,22,121.5335321,25.0096236
114,11,18,07,45,12內湖區,內湖區內湖路1段與內湖路1段667巷口,0,0,1,1,C03,6,6,5,50,3,1,1,4,4,5,13,4,4,1,4,4,2,13,2,49,3,10,5,1,7,6,1,10,1,13,9,1,21,121.5758587,25.0798891
114,11,18,07,50,12內湖區,內湖區星雲街與成功路3段187巷口,0,0,2,1,C03,6,6,5,30,3,1,1,4,4,5,13,4,4,9,5,5,2,15,1,36,2,9,6,1,7,9,1,10,1,14,42,1,21,121.592326,25.07898884
114,11,18,07,56,08士林區,士林區德行東路190巷與德行東路口,0,0,1,1,F01,6,6,5,30,3,1,1,4,4,5,13,4,4,10,5,5,2,17,2,17,3,10,3,4,7,5,8,20,2,17,72,1,21,121.5311046,25.10869961
114,11,18,07,58,05中正區,中正區貴陽街1段與懷寧街口,0,0,3,1,C03,6,5,5,50,3,2,1,4,4,5,13,4,4,9,5,5,2,16,1,72,2,8,5,1,7,6,1,10,1,12,74,1,21,121.5138146,25.0386572
114,11,18,08,09,07信義區,信義區松山路465巷與忠孝東路5段524巷口,0,0,2,1,C03,6,6,5,30,4,2,1,4,4,5,13,4,4,10,5,5,2,16,2,37,2,9,5,1,7,5,1,10,2,12,72,1,21,121.579779,25.0406501
114,11,18,08,28,04大安區,大安區基隆路2段與通化街171巷口,0,0,2,1,C03,6,6,5,30,4,1,1,4,4,5,13,2,1,5,5,5,2,16,1,26,2,7,5,1,7,5,1,10,1,11,71,1,22,121.5561522,25.0270473
114,11,18,08,30,02萬華區,萬華區忠孝橋往台北市機車道（7010677桿）,0,0,1,1,C03,7,7,5,50,8,11,1,5,4,5,13,4,4,1,4,5,2,17,1,73,3,10,5,1,7,9,1,10,1,15,44,1,21,121.5065861,25.0487665
114,11,18,08,37,10文山區,文山區辛亥路4段與興德路66巷口,0,0,3,1,C03,6,6,5,50,3,1,1,4,4,5,13,2,1,1,4,5,2,12,1,51,2,9,6,1,7,8,1,10,1,12,100,1,21,121.5567548,25.0042482
114,11,18,08,39,02萬華區,萬華區艋舺大道與雙園街口,0,0,1,1,C03,6,5,5,50,4,2,1,4,4,5,13,1,1,1,4,5,2,11,2,59,2,1,5,4,7,9,1,10,1,14,17,1,21,121.4934752,25.03070407
114,11,18,08,44,06松山區,松山區民權東路5段與撫遠街口,0,0,1,1,C03,6,6,5,50,4,2,1,4,4,5,13,1,1,1,3,5,2,13,2,29,2,9,6,2,7,9,1,10,11,12,16,2,21,121.5657174,25.0631053
114,11,18,08,52,03中山區,中山區復興北路與長春路口側附近口,0,0,1,1,C03,6,6,5,50,14,8,1,4,4,5,13,1,1,5,4,4,1,17,2,21,3,10,6,1,7,6,1,10,9,17,44,1,21,121.5439756,25.0546564
114,11,18,08,59,03中山區,中山區民族東路與松江路口,0,0,1,1,C03,8,6,5,50,4,1,1,5,4,5,13,1,1,1,4,5,2,12,2,47,2,9,5,1,7,9,1,10,1,14,107,1,22,121.5328162,25.0682423
114,11,18,09,15,03中山區,中山區北安路518巷與北安路458巷47弄口,0,0,1,1,B02,6,7,5,30,5,1,1,4,4,5,13,4,4,5,5,5,2,17,1,24,3,10,7,1,7,5,1,8,11,17,80,2,22,121.5467608,25.0787718
114,11,18,09,15,08士林區,士林區中正路469號,0,0,2,1,C03,8,7,5,50,14,9,1,5,4,5,13,4,4,8,3,5,1,13,1,20,2,9,3,4,7,9,1,10,1,11,16,1,21,121.5188928,25.0924562
114,11,18,09,22,02萬華區,萬華區西園路1段282巷與西園路1段306巷口,0,0,1,1,C03,6,7,5,50,4,1,1,4,4,5,13,4,4,9,5,5,2,17,1,64,2,9,5,1,7,9,1,10,1,17,75,1,21,121.499428,25.0337132
114,11,18,09,30,01大同區,大同區承德路3段與庫倫街口,0,0,1,1,B11,6,6,5,50,4,2,1,4,4,5,13,4,4,9,4,5,2,13,1,32,3,10,7,1,7,9,1,8,1,3,44,1,21,121.5186505,25.0716274
114,11,18,09,40,11南港區,南港區市民大道7段與東新街口,0,0,1,1,B02,6,6,5,50,4,1,1,4,4,5,13,2,1,5,4,5,2,16,1,50,3,10,3,4,7,6,1,8,1,2,9,1,22,121.5837975,25.0495886
114,11,18,09,50,03中山區,中山區中山北路3段與中山橋口,0,0,1,1,C03,8,6,5,40,8,9,1,5,4,5,13,4,4,1,4,5,2,12,2,30,2,9,6,1,7,9,1,10,1,14,42,1,22,121.5245679,25.0735135
114,11,18,10,01,07信義區,信義區松仁路253巷與松仁路口口,0,0,1,1,B02,6,6,5,30,3,1,1,4,4,5,13,3,1,10,5,5,2,17,1,66,3,10,7,1,7,9,1,8,9,17,72,1,21,121.5690807,25.025457
114,11,18,10,14,06松山區,松山區民權東路4段與光復北路口,0,0,2,1,B01,6,7,5,50,4,1,1,4,4,5,13,1,1,1,4,4,2,17,1,77,3,10,7,1,7,6,1,8,9,2,9,2,22,121.5545379,25.062105
114,11,18,10,14,08士林區,士林區中山北路5段與中山北路5段282巷口旁,0,0,1,1,C03,6,6,5,50,3,2,1,4,4,5,13,4,4,4,3,5,1,17,2,20,3,10,3,4,7,9,1,10,9,17,44,2,21,121.5278951,25.0924086
114,11,18,10,16,11南港區,南港區忠孝東路6段與玉成街口,0,0,1,1,B12,6,6,5,50,5,2,1,4,4,5,13,1,1,5,4,5,2,17,1,46,3,10,7,1,7,6,1,8,2,5,9,1,21,121.5826727,25.045081
114,11,18,10,27,01大同區,大同區民族西路141號,0,0,2,1,C03,7,6,5,50,14,9,1,5,4,5,13,4,4,8,3,5,1,16,1,45,2,9,6,4,7,5,1,10,2,14,8,1,21,121.5163384,25.0686208
114,11,18,10,37,03中山區,中山區新生北路2段與民生東路1段口,0,0,1,1,B03,7,6,5,50,4,1,1,4,4,5,13,1,1,1,4,4,2,16,1,67,3,10,7,1,7,6,1,8,2,5,9,1,21,121.5274054,25.0579734
114,11,18,11,10,05中正區,中正區許昌街30號,0,0,1,1,B03,6,7,5,30,14,9,1,4,4,5,13,4,4,10,5,5,1,17,1,76,3,10,7,1,7,1,1,8,2,8,80,1,21,121.5158222,25.0455126
114,11,18,11,14,03中山區,中山區龍江路與民權東路3段口,0,0,1,1,C03,7,7,5,50,4,2,1,5,4,5,13,1,1,1,4,5,2,13,1,62,2,8,6,1,7,9,1,10,1,11,108,1,21,121.5402013,25.06250506
114,11,18,11,35,03中山區,民權西路捷運站前,0,0,1,1,B01,7,6,5,50,14,9,1,5,4,5,13,4,4,1,4,5,2,9,1,66,3,10,2,1,7,9,1,8,2,17,36,1,21,121.5194034,25.062743
114,11,18,11,37,06松山區,松山區塔悠路188巷與延壽街18巷口,0,0,2,1,C03,6,6,5,30,4,1,1,4,4,5,13,4,4,10,5,5,2,15,1,31,2,7,6,1,7,9,1,10,1,14,72,1,21,121.5687318,25.0566042
114,11,18,11,50,03中山區,中山區伊通街87巷12號,0,0,1,1,B03,7,7,5,30,14,9,1,5,4,5,13,4,4,10,5,5,2,9,2,29,3,10,7,1,7,2,1,8,2,3,116,1,21,121.5360613,25.05304565
114,11,18,11,53,12內湖區,內湖區行忠路171巷與行忠路口,0,0,1,1,B03,6,5,5,50,4,1,1,4,4,5,13,1,1,10,5,5,2,16,1,53,3,10,7,1,7,5,1,8,2,1,80,1,21,121.5813628,25.0670202
114,11,18,12,49,12內湖區,內湖區成功路4段與成功路口側附近4段61巷口,0,0,1,1,B01,6,6,5,50,3,1,1,4,4,5,13,1,1,1,5,5,2,3,1,68,3,10,7,1,7,5,1,4,11,1,70,2,21,121.5922009,25.0820864
114,11,18,13,02,04大安區,大安區復興南路2段與瑞安街23巷口,0,0,1,1,B03,7,6,5,50,4,1,1,4,4,5,13,2,1,1,4,4,2,16,2,70,3,10,3,4,7,5,1,8,1,1,71,1,22,121.5442328,25.0312123
114,11,18,13,13,08士林區,士林區延平北路5段與延平北路5段163巷口,0,0,1,1,C03,7,5,5,50,3,1,1,5,4,5,13,2,1,3,4,5,2,16,1,69,2,9,5,1,7,5,1,10,1,13,42,1,21,121.5102328,25.08316786
114,11,18,13,43,12內湖區,內湖區舊宗路1段與南京東路6段口,0,0,1,1,B01,6,7,5,50,4,1,1,4,4,5,13,2,1,1,4,5,2,15,1,43,3,10,7,1,7,9,1,4,2,2,81,1,21,121.5815193,25.0569644
114,11,18,13,50,08士林區,士林區中山北路5段300號對面,0,0,2,1,B03,6,6,5,50,14,9,1,4,4,5,13,4,4,1,3,1,1,12,1,22,3,10,7,1,7,8,1,8,1,2,101,1,21,121.5273485,25.0887651
114,11,18,14,07,04大安區,大安區信義路4段265巷與信義路4段265巷21弄口,0,0,1,1,C03,6,6,5,30,4,1,1,4,4,5,13,4,4,9,5,5,2,12,1,22,2,8,3,4,7,9,1,10,1,12,108,1,22,121.5547364,25.0344505
114,11,18,14,32,01大同區,大同區忠孝西路2段與塔城街口,0,0,2,1,C03,7,6,5,50,4,2,1,5,4,5,13,1,1,5,2,5,2,17,1,24,2,9,5,4,7,9,1,10,1,11,108,1,21,121.5100409,25.04853257
114,11,18,15,00,05中正區,中正區長沙街1段與中華路1段口,0,0,1,1,B02,8,5,5,50,4,2,1,5,4,5,13,2,1,9,4,5,2,16,1,58,3,10,7,1,7,11,1,8,1,5,71,1,21,121.5081739,25.0404434
114,11,18,15,37,08士林區,士林區中山北路5段與中山北路5段698巷口,0,0,1,1,B03,7,6,5,30,5,2,1,5,4,5,13,1,1,10,5,5,2,13,2,56,3,10,7,1,7,9,1,8,1,1,105,1,28,121.52772,25.09767087
114,11,18,15,38,03中山區,中山區民權東路2段與新生北路3段口,0,0,1,1,C03,7,6,5,50,4,1,1,5,4,5,13,2,1,1,5,5,1,12,2,44,2,8,3,4,7,7,3,18,1,14,80,1,21,121.5280627,25.06272097
114,11,18,15,47,11南港區,南港區重陽路120號,0,0,1,1,B03,6,7,5,50,3,1,1,4,4,5,13,3,1,4,3,4,2,17,1,72,3,10,7,1,7,1,1,6,2,4,19,1,21,121.5997873,25.0568963
114,11,18,15,58,02萬華區,萬華區西園路2段與艋舺大道口,0,0,1,1,C03,7,7,5,50,4,1,1,5,4,5,13,1,1,1,3,5,2,12,2,64,3,10,6,1,7,1,1,10,1,17,44,1,22,121.4979611,25.0330298
114,11,18,16,02,12內湖區,內湖區康寧路3段165巷8號,0,0,1,1,C03,6,6,5,30,14,9,1,4,4,5,13,4,4,10,5,5,2,3,1,59,4,11,6,4,7,9,1,10,11,12,70,2,21,121.6117081,25.070792
114,11,18,16,20,03中山區,中山區建國北路3段與農安街口,0,0,1,1,B03,8,7,5,50,5,1,1,5,4,5,13,2,1,7,2,5,2,17,1,76,3,10,7,1,7,6,6,8,1,2,16,1,21,121.5364558,25.0648626
114,11,18,16,29,01大同區,大同區延平北路3段與伊寧街口,0,0,1,1,B01,8,5,5,50,4,1,1,5,4,5,13,2,1,5,4,5,2,16,1,64,3,10,7,1,7,1,1,4,2,8,19,1,21,121.5110901,25.064661
114,11,18,16,38,04大安區,大安區信義路3段65號,0,0,1,1,B03,6,6,5,50,14,9,1,4,4,5,13,4,4,4,4,5,2,13,1,54,3,10,7,1,7,9,1,8,7,1,108,1,22,121.5367351,25.03361
114,11,18,16,44,05中正區,中正區南海路與和平西路2段口,0,0,1,1,B03,6,6,5,50,4,1,2,4,4,5,13,1,1,5,2,5,2,17,1,54,3,10,7,1,7,9,1,8,2,8,108,1,21,121.5087867,25.0302293
114,11,18,16,53,11南港區,南港區忠孝東路7段與興中路口,0,0,1,1,B03,6,5,5,5,3,1,1,4,4,5,13,2,1,3,4,4,2,16,2,49,3,10,3,4,7,5,1,8,1,1,8,1,22,121.6079382,25.0523059
114,11,18,17,07,10文山區,文山區木新路2段11號,0,0,1,1,A01,6,5,5,50,14,9,1,4,4,5,13,4,4,5,4,5,2,17,1,64,3,10,2,1,7,1,1,2,1,15,118,1,21,121.5707212,24.9874518
114,11,18,17,19,10文山區,(景仁街78巷1號旁),0,0,2,1,H01,6,5,5,30,3,1,1,4,4,5,13,4,4,10,5,5,2,3,1,72,2,9,4,5,8,16,8,20,10,16,53,1,21,121.5384176,24.9983305
114,11,18,17,20,04大安區,大安區金山南路2段與愛國東路口,0,0,1,1,B03,6,5,5,0,22,20,2,4,4,5,13,4,4,10,5,5,2,9,1,73,3,10,7,1,7,9,1,8,1,5,108,1,22,121.5274257,25.0314815
114,11,18,17,20,07信義區,信義區基隆路2段94號,0,0,2,1,C03,6,6,5,50,14,9,1,4,4,5,13,4,4,1,4,5,2,17,1,41,2,9,3,4,7,15,1,10,1,14,42,1,22,121.5579193,25.0303604
114,11,18,17,22,06松山區,松山區環東大道與市民高架道口往北6511053號燈桿,0,0,2,1,B11,6,5,5,80,5,1,1,4,4,5,13,4,4,7,2,5,2,13,1,41,2,3,7,1,7,9,1,7,2,1,16,1,21,121.569962,25.05058648
114,11,18,17,30,11南港區,南港區南湖大橋北往南下橋處,0,0,1,1,B03,6,5,5,50,14,9,1,4,4,5,13,1,1,5,4,5,2,13,1,38,3,10,7,1,7,9,1,3,11,1,16,2,21,121.6139203,25.0609616
114,11,18,17,35,06松山區,松山區北寧路30號,0,0,1,1,B03,7,5,5,50,14,8,1,4,4,5,13,4,4,5,5,4,2,12,1,52,3,10,7,1,7,8,1,8,1,5,100,1,21,121.552645,25.04921831
114,11,18,17,38,12內湖區,內湖區民權東路6段190巷與民權東路6段180巷77弄口,0,0,2,1,B03,6,5,6,30,4,1,1,4,4,5,13,4,4,5,5,5,2,15,1,65,3,10,3,4,7,9,1,8,1,8,72,1,22,121.5942897,25.0657458
114,11,18,17,40,10文山區,文山區木柵路1段與辛亥路7段口,0,0,1,1,B03,6,5,5,50,4,1,1,4,4,5,13,2,1,5,4,5,2,17,2,40,3,10,3,4,7,1,1,8,1,1,108,1,21,121.5521768,24.9877753
114,11,18,18,16,11南港區,南港區東新街與昆陽街171巷3弄口,0,0,1,1,B01,6,5,5,30,3,1,1,4,4,5,13,4,4,5,5,5,2,16,1,39,3,10,3,4,7,6,1,4,1,6,9,1,22,121.5941594,25.0474265
114,11,18,18,20,03中山區,中山區建國北路3段113巷與民族東路410巷2弄口,0,0,2,1,C03,8,5,5,50,5,2,1,5,4,5,13,3,1,9,4,5,2,3,1,55,2,7,6,1,7,9,1,10,1,11,70,1,21,121.5361423,25.0666928
114,11,18,18,30,10文山區,文山區木柵路5段北往南,0,0,1,1,C03,6,5,5,50,14,9,1,4,4,5,13,1,1,1,4,5,2,29,2,25,2,9,5,1,7,9,1,10,9,14,44,1,21,121.5943735,24.9992687
114,11,18,18,35,10文山區,文山區木新路3段與興隆路4段口路口,0,0,1,1,C03,6,5,5,50,3,1,1,4,4,5,13,2,1,10,5,5,2,16,2,19,2,9,5,1,7,9,1,10,1,11,108,1,21,121.5625613,24.9821732
114,11,18,18,45,03中山區,中山區復興北路與復興北路320巷口,0,0,1,1,C03,6,5,5,50,3,1,1,4,4,5,13,4,4,1,4,5,2,17,1,63,4,11,3,4,7,6,7,19,11,15,9,2,22,121.5211389,25.05005733
114,11,18,18,50,04大安區,大安區和平東路3段15號,0,0,1,1,C03,6,5,5,50,14,9,1,4,4,5,13,4,4,8,3,5,1,12,2,61,2,8,5,1,7,7,1,10,1,14,100,1,21,121.547485,25.0246981
114,11,18,19,10,04大安區,大安區信義路4段235號,0,0,1,1,B01,6,5,5,50,14,9,1,4,4,5,13,4,4,10,5,5,2,12,1,56,3,10,7,1,7,8,1,4,1,2,44,1,21,121.5530285,25.0332592
114,11,18,19,14,03中山區,中山區復興北路320巷與民生東路3段73巷口,0,0,1,1,C02,6,5,5,30,4,1,1,4,4,5,13,4,4,10,5,5,2,16,1,20,2,9,6,1,7,9,1,9,2,14,72,1,21,121.5436164,25.0594376
114,11,18,19,17,10文山區,文山區萬美街1段17號,0,0,1,1,B03,6,5,5,40,14,9,1,4,4,5,13,4,4,9,5,5,2,16,1,44,3,10,7,1,7,11,1,8,11,8,42,1,21,121.5698922,25.0023054
114,11,18,19,27,08士林區,士林區雨農路與忠勇街口,0,0,1,1,B11,8,5,5,50,4,1,1,5,4,5,13,1,1,4,4,5,2,13,1,31,3,10,3,4,7,9,1,3,2,1,107,1,21,121.5323991,25.0985261
114,11,18,19,49,10文山區,文山區景興路與景興路137巷口,0,0,1,1,H01,6,5,5,50,3,1,1,4,4,5,13,4,4,1,4,5,2,3,2,65,2,1,4,5,8,16,8,20,10,16,121,1,21,121.5447213,24.9942297
114,11,18,20,02,03中山區,中山區吉林路148號,0,0,2,1,C03,7,5,5,40,14,9,1,5,4,5,13,4,4,5,4,4,2,13,1,28,2,9,6,1,7,9,1,10,1,11,16,1,21,121.5301191,25.0563041
114,11,18,21,05,08士林區,士林區中正路與文林路附近口,0,0,2,1,C03,8,5,5,50,14,9,1,5,4,5,13,4,4,9,5,5,2,16,2,41,2,8,6,1,7,11,1,10,1,14,10,1,21,121.524716,25.0945836
114,11,18,21,20,06松山區,松山區松河街2號,0,0,2,1,C03,6,5,5,40,14,9,1,4,4,5,13,4,4,9,5,5,2,12,1,56,2,9,5,1,7,9,1,10,1,11,118,1,21,121.5712402,25.0512085
114,11,18,21,22,03中山區,中山區長春路334號,0,0,1,1,B03,7,5,5,50,14,9,1,5,4,5,13,4,4,9,4,5,2,17,1,71,3,10,7,1,7,11,1,8,1,4,103,1,21,121.5410418,25.0546375
114,11,18,22,17,01大同區,大同區承德路3段與承德路3段247巷口口,0,0,1,1,C03,8,5,5,50,14,9,1,5,4,5,13,4,4,1,4,5,2,13,2,20,2,9,6,1,7,9,1,10,2,11,16,1,21,121.5185317,25.0708827
114,11,18,22,49,08士林區,士林區仰德大道1段NO.116007燈桿,1,0,1,1,C03,8,6,5,40,14,9,1,5,4,5,13,4,4,9,5,5,1,29,1,20,2,9,5,1,7,9,1,10,2,12,116,1,25,121.5209618,25.12053557
114,11,19,01,14,05中正區,中正區重慶南路2段與南海路口,0,0,3,1,C03,6,5,5,50,4,1,1,4,4,5,13,2,1,10,4,5,2,17,1,20,2,9,5,1,7,5,1,10,1,13,42,1,21,121.5144437,25.0318917
114,11,19,01,19,04大安區,大安區瑞安街208巷與建國南路2段151巷口口,0,0,1,1,B12,6,5,5,30,4,1,1,4,4,5,13,2,1,5,5,5,2,3,1,47,3,10,7,1,7,5,1,8,1,1,70,1,22,121.540477,25.0287554
114,11,19,02,09,04大安區,大安區基隆路2段與敦化南路2段口,0,0,1,1,B01,6,5,5,50,5,1,1,4,4,5,13,2,1,1,4,5,2,17,1,39,3,10,7,1,7,9,1,8,1,1,81,1,21,121.5487619,25.0211327
114,11,19,02,20,03中山區,中山區林森北路與南京東路1段口,0,0,1,1,B03,8,5,5,50,4,1,1,5,4,5,13,2,1,1,4,5,2,9,1,35,3,10,7,1,7,11,1,8,2,4,70,1,21,121.5255607,25.0520884
114,11,19,04,10,10文山區,文山區萬美街2段第8號停車格,0,0,1,1,C03,6,6,5,40,11,9,1,4,4,5,13,4,4,5,5,5,2,17,2,50,2,8,6,1,7,9,1,10,9,11,116,1,21,121.5634416,25.004023
114,11,19,05,55,12內湖區,內湖區成美橋南向北,0,0,1,1,C03,6,6,5,30,8,9,1,4,4,5,13,4,4,5,4,5,2,2,1,48,3,10,5,1,7,9,1,10,2,11,117,1,21,121.5827293,25.0541049
114,11,19,07,10,10文山區,文山區木柵路5段與木柵路5段口(新舊路路口),0,0,1,1,C03,6,6,5,50,3,1,1,4,4,5,13,2,1,10,5,5,2,18,2,37,2,9,6,1,7,9,1,10,1,14,44,1,21,121.5874585,25.0028072
114,11,19,07,26,11南港區,南港區福德街373巷23號與福德街373巷口,0,0,1,1,C03,6,6,5,30,3,2,1,4,4,5,13,4,4,5,4,5,2,16,1,82,2,9,5,1,7,1,1,10,2,14,4,1,21,121.591332,25.0394641
114,11,19,07,32,02萬華區,萬華區萬大路618巷12號,0,0,1,1,G06,8,7,5,30,14,9,1,5,4,5,13,4,4,10,5,5,2,29,1,53,2,8,4,1,7,1,8,20,8,17,116,1,21,121.4952679,25.0174348
114,11,19,07,32,07信義區,信義區吳興街494巷與吳興街450巷口,0,0,2,1,C03,7,5,5,30,4,1,1,4,4,5,13,4,4,10,5,5,2,15,1,28,2,7,6,1,7,9,1,10,1,11,72,1,22,121.5684531,25.0237421
114,11,19,07,34,09北投區,北投區湖山路1段與陽明路2段口,0,0,1,1,B03,6,5,5,40,4,1,1,4,4,5,13,3,1,9,4,5,1,16,1,41,3,10,3,4,7,9,1,8,1,8,72,1,22,121.5500407,25.1512194
114,11,19,07,45,11南港區,南港區向陽路與重陽路口,0,0,2,1,B03,8,5,5,50,4,1,1,4,4,5,13,1,1,1,2,5,2,16,1,32,2,3,7,1,7,9,1,8,1,1,99,1,22,121.5946112,25.0547395
114,11,19,07,48,07信義區,信義區基隆路2段131之21號,0,0,1,1,C03,8,6,5,50,14,9,1,5,4,5,13,4,4,5,4,5,2,18,2,24,2,9,6,1,7,9,1,10,9,14,116,1,22,121.5565334,25.0276581
114,11,19,08,00,08士林區,士林區百齡橋與承德路5段口,0,0,1,1,C02,7,6,5,50,4,1,1,5,4,5,13,1,1,1,2,5,2,16,1,46,2,9,3,4,7,5,1,9,2,14,8,1,21,121.5167289,25.09095012
114,11,19,08,18,06松山區,松山區三民路12號,0,0,1,1,B03,7,6,5,50,14,9,1,5,4,5,13,4,4,4,3,5,2,17,1,46,3,10,3,4,7,14,1,8,1,4,40,1,21,121.5638859,25.0525192