發生年度,發生月,發生日,發生時-Hours,發生分,區序,肇事地點,死亡人數,2-30日死亡人數,受傷人數,當事人序號,車種,天候,光線,道路類別,速限-速度限制,道路型態,事故位置,路面狀況1,路面狀況2,路面狀況3,道路障礙1,道路障礙2,號誌1,號誌2,車道劃分-分向,車道劃分-分道1,車道劃分-分道2,車道劃分-分道3,事故類型及型態,性別,年齡,受傷程度,主要傷處,保護裝置,行動電話,車輛用途,當事者行動狀態,駕駛資格情形,駕駛執照種類,飲酒情形,車輛撞擊部位1,肇因碼-個別,個人肇逃否,職業,座標-X,座標-Y
114,11,19,08,26,07信義區,信義區忠孝東路5段368號,0,0,1,1,B01,8,7,5,50,14,9,1,5,4,5,13,4,4,3,4,5,2,13,1,63,3,10,3,4,7,8,1,8,1,6,44,1,22,121.5740992,25.0407721
114,11,19,08,30,04大安區,大安區信義路4段與大安路2段口,0,0,1,1,C03,7,6,5,50,14,9,1,5,4,5,13,2,1,5,5,5,2,17,2,33,2,7,5,1,7,1,1,10,1,12,19,1,22,121.5460067,25.0325782
114,11,19,08,40,06松山區,松山區民權東路4段與光復北路口,0,0,2,1,C03,8,6,5,50,4,2,1,5,4,5,13,2,1,1,4,5,2,12,2,60,2,9,6,1,7,9,1,10,1,11,42,1,21,121.5546245,25.0620143
114,11,19,09,20,07信義區,信義區市民大道5段與東興路口,0,0,1,1,C03,7,7,5,50,4,1,1,5,4,5,13,2,1,1,2,5,2,12,2,32,2,9,3,4,7,10,1,10,1,14,16,1,21,121.5658023,25.0480987
114,11,19,09,32,04大安區,大安區新生北路1段7-2號,0,0,1,1,A01,8,7,5,50,14,10,1,5,4,5,13,4,4,1,4,5,2,9,1,47,3,10,3,4,7,14,1,1,1,15,44,1,21,121.5329149,25.0449844
114,11,19,09,44,03中山區,中山區長安東路2段與八德路2段167巷口,0,0,1,1,C03,7,6,5,50,3,1,1,5,4,5,13,4,4,9,5,5,2,13,2,38,2,9,6,1,7,9,1,10,1,11,14,1,21,121.5378905,25.0483873
114,11,19,09,59,06松山區,松山區南京東路5段66巷與南京東路5段66巷3弄口,0,0,1,1,B01,7,6,5,30,4,2,1,5,4,5,13,4,4,10,5,5,2,17,1,58,3,10,3,4,7,14,1,4,1,2,38,1,21,121.560788,25.05107501
114,11,19,10,04,01大同區,大同區環河北路2段143號,0,0,1,1,C03,7,6,5,50,14,9,1,5,4,1,13,4,4,1,4,5,2,12,2,40,2,9,6,4,7,7,1,10,1,14,80,1,21,121.5089966,25.0671531
114,11,19,10,06,10文山區,文山區木柵路3段行政中心公車站,0,0,1,1,A02,8,5,5,30,14,9,1,5,4,5,13,4,4,9,5,5,2,9,1,25,3,10,7,1,7,9,1,2,11,17,42,1,21,121.5700048,24.9900377
114,11,19,10,20,10文山區,文山區羅斯福路5段與汀州路4段23巷口,0,0,1,1,C03,7,6,5,50,4,1,1,5,4,5,13,2,1,1,4,5,2,15,1,58,4,11,5,1,7,9,6,18,11,11,81,2,21,121.537291,25.0097752
114,11,19,10,54,11南港區,南港區重陽路與重陽路57巷口,0,0,1,1,C03,7,7,5,50,3,1,1,5,4,5,13,4,4,4,3,4,2,13,2,51,2,9,5,1,7,9,1,10,1,11,16,1,21,121.5969002,25.0555702
114,11,19,10,54,07信義區,信義區基隆路2段189號,0,0,2,1,C03,6,6,5,50,14,9,1,4,4,5,13,4,4,1,5,5,2,13,2,52,2,9,3,4,7,9,1,10,9,11,16,1,22,121.5539538,25.025521
114,11,19,11,36,07信義區,信義區虎林街120巷與永吉路180巷口,0,0,2,1,B03,7,6,5,30,4,1,1,5,4,5,13,4,4,10,5,5,2,15,2,57,3,10,7,1,7,9,1,8,2,1,14,1,21,121.5713915,25.0422602
114,11,19,11,38,04大安區,大安區基隆路4段與羅斯福路4段113巷口,0,0,1,1,C03,6,5,5,50,3,1,1,4,4,5,13,4,4,1,5,5,2,16,1,21,3,10,6,1,7,6,1,10,1,12,44,1,21,121.5375554,25.0114835
114,11,19,11,41,06松山區,松山區民生東路5段260巷與新東街26巷口,0,0,1,1,B03,8,5,5,30,4,1,1,5,4,5,13,4,4,10,5,5,2,13,1,61,3,10,7,1,7,9,1,8,2,1,108,1,21,121.5671991,25.0588246
114,11,19,11,50,12內湖區,內湖區成功路5段420巷與成功路5段口,0,0,1,1,B03,7,6,5,50,3,1,1,5,4,5,13,2,1,1,4,5,2,2,2,46,3,10,7,1,7,5,1,8,2,8,42,1,21,121.6071645,25.0755808
114,11,19,12,47,04大安區,大安區和平東路1段與龍泉街口,0,0,1,1,C03,8,5,4,50,14,9,1,5,4,5,13,4,4,3,5,5,2,13,1,41,3,10,6,1,7,9,1,10,1,13,80,1,21,121.5294107,25.0264404
114,11,19,12,55,07信義區,信義區松智路(信義路五段11-1號旁),0,0,1,1,B03,8,6,5,50,14,9,1,5,4,5,13,4,4,5,4,5,2,17,1,42,3,10,7,1,7,6,1,8,1,2,9,1,21,121.5653463,25.0323995
114,11,19,14,00,10文山區,文山區景美街與景中街口,0,0,1,1,C03,8,6,5,30,4,2,1,5,4,5,13,4,4,10,5,5,2,17,1,64,2,9,6,1,7,5,1,10,1,12,72,1,21,121.5418859,24.9928655
114,11,19,14,09,08士林區,士林區中山北路6段405巷41號,0,0,1,1,C03,8,6,5,30,11,9,1,5,4,3,12,4,4,10,5,5,2,17,1,20,2,9,3,4,7,15,1,10,1,11,116,1,21,121.5222676,25.1130538
114,11,19,14,58,08士林區,士林區天母東路8巷90號,0,0,1,1,B02,7,7,5,30,14,9,1,5,4,5,13,4,4,10,4,5,2,17,2,61,3,10,3,1,7,13,1,8,2,4,44,1,21,121.5303065,25.1145011
114,11,19,15,03,06松山區,松山區南京東路4段16號,0,0,1,1,B12,8,6,5,40,14,8,1,5,4,5,13,4,4,8,3,4,2,17,1,51,3,10,7,1,7,7,1,8,1,15,80,1,21,121.5531223,25.0515701
114,11,19,15,10,04大安區,大安區師大路與雲和街口,0,0,1,1,C03,7,6,5,50,4,1,1,5,4,5,13,4,4,9,4,5,2,13,1,20,2,9,5,1,7,9,1,10,1,11,108,1,21,121.528512,25.0235925
114,11,19,15,16,09北投區,北投區崗山路與崗山路5巷口,0,0,2,1,B01,8,5,5,30,4,1,1,5,4,5,13,4,4,10,5,5,2,17,1,57,2,2,3,4,7,9,1,4,1,8,72,1,21,121.4867971,25.1402916
114,11,19,15,22,10文山區,文山區保儀路與保儀路138巷口,0,0,1,1,C03,8,6,5,30,4,1,2,5,4,5,13,4,4,10,5,5,2,17,1,19,2,9,5,4,7,9,1,10,1,14,44,1,21,121.5655811,24.9834717
114,11,19,15,52,05中正區,中正區重慶南路1段與忠孝西路1段口,0,0,1,1,C03,8,6,5,50,5,1,1,5,4,5,13,2,1,3,4,5,2,17,1,24,3,10,6,1,7,5,1,10,9,17,8,1,22,121.5132892,25.04716939
114,11,19,16,04,01大同區,大同區鄭州路與塔城街口,0,0,1,1,B03,8,5,5,40,14,9,1,5,4,5,13,4,4,1,4,5,2,12,2,54,3,10,7,1,7,8,1,8,1,2,100,1,21,121.5107771,25.0502378
114,11,19,16,04,10文山區,文山區辛亥路7段29號,0,0,1,1,B03,8,7,5,50,14,9,1,5,4,5,13,4,4,5,4,4,2,17,2,25,2,9,3,4,7,9,1,8,2,1,22,1,22,121.5533708,24.98609858
114,11,19,16,09,10文山區,文山區新光路1段與新光路1段24巷口,0,0,2,1,C03,7,5,5,50,3,1,1,5,4,5,13,4,4,9,5,5,2,16,1,20,2,8,6,1,7,11,1,10,1,14,10,1,25,121.5737493,24.9888904
114,11,19,16,47,01大同區,大同區民權西路與民權西路225巷口,0,0,2,1,C03,8,5,5,50,4,2,1,5,4,5,13,2,1,10,4,5,2,12,1,58,2,8,5,4,7,9,1,10,1,15,101,1,21,121.5124111,25.0630416
114,11,19,17,08,05中正區,中正區廣州街與廣州街4巷口口,0,0,1,1,B03,8,5,5,30,3,1,1,5,4,5,10,4,4,5,5,5,1,17,2,65,3,10,7,1,7,5,1,8,2,4,72,1,21,121.5101615,25.0351365
114,11,19,17,10,03中山區,中山區民權東路3段與建國北路3段口,0,0,1,1,C03,8,5,5,50,14,8,1,5,4,5,13,1,1,9,3,4,1,17,2,60,2,6,6,1,7,9,1,10,1,11,44,1,21,121.5372656,25.0625118
114,11,19,17,19,10文山區,文山區興隆路3段112巷與興隆路3段192巷8弄口口,0,0,1,1,B03,7,5,5,30,3,18,1,5,4,5,13,4,4,5,5,5,2,9,1,52,3,10,7,1,7,5,1,8,2,8,16,1,22,121.556908,24.998081
114,11,19,17,20,10文山區,文山區老泉街（堤外便道24號燈桿）,0,0,1,1,B03,7,5,5,40,14,9,1,5,4,5,13,4,4,9,5,5,1,17,2,73,3,10,3,4,7,4,1,8,1,5,16,1,21,121.5356517,24.98675657
114,11,19,17,25,03中山區,中山區明水路北安國中門口,0,0,2,1,C03,7,5,5,50,14,9,1,5,4,5,13,4,4,9,3,5,1,17,1,63,2,9,5,1,7,9,1,10,2,11,16,1,21,121.5420236,25.07763924
114,11,19,17,36,11南港區,南港區南港路1段與惠民街口,0,0,1,1,B01,7,5,5,50,3,1,1,5,4,5,13,1,1,4,4,4,2,17,1,61,3,10,7,1,7,5,1,4,2,1,71,1,26,121.6106177,25.0551653
114,11,19,17,40,12內湖區,內湖區行善路與舊宗路1段口,0,0,1,1,C03,8,5,5,50,4,2,1,5,4,5,13,2,1,3,4,5,2,17,1,26,2,8,6,1,7,7,1,10,1,13,100,1,21,121.5802833,25.05901966
114,11,19,17,44,06松山區,松山區八德路4段181巷16弄11號,0,0,1,1,H03,8,6,5,30,14,9,4,5,5,5,13,4,4,10,5,5,2,9,1,63,3,10,4,5,8,20,8,20,10,16,67,1,22,121.5628357,25.04922954
114,11,19,17,51,03中山區,中山區建國北路3段50號,0,0,1,1,B03,8,5,5,50,14,8,1,5,4,5,13,1,1,9,4,4,1,16,2,42,3,10,7,1,7,6,1,8,1,2,98,1,21,121.536394,25.0648459
114,11,19,18,10,06松山區,松山區八德路4段與八德路4段829巷口,0,0,2,1,C03,8,5,5,30,3,2,1,5,4,5,13,4,4,10,5,5,2,10,2,35,2,8,5,1,7,9,1,10,1,11,99,1,21,121.5793415,25.05143217
114,11,19,18,13,04大安區,大安區和平東路2段與建國南路2段口,0,0,1,1,C03,7,5,5,50,5,1,1,5,4,5,13,2,1,1,4,5,2,13,2,28,2,9,5,1,7,9,1,10,1,12,16,1,21,121.5373488,25.0255428
114,11,19,18,21,07信義區,信義區基隆路汽機車混合地下道往南,0,0,3,1,C04,8,5,5,30,6,9,1,5,4,5,13,4,4,1,5,5,2,13,2,53,2,9,5,1,7,9,1,8,1,11,16,1,21,121.5617846,25.0367967
114,11,19,18,24,04大安區,大安區青田街7巷與和平東路1段183巷口,0,0,1,1,B02,7,5,5,30,4,1,1,5,4,5,13,4,4,10,5,5,2,15,1,55,3,10,7,1,7,9,1,8,1,2,72,1,22,121.533493,25.0281085
114,11,19,18,27,05中正區,中正區中正橋與廈門街114巷口,0,0,1,1,B02,7,5,5,50,4,1,1,5,4,5,13,1,1,1,5,5,2,17,1,32,3,10,7,1,7,9,1,4,1,2,17,1,22,121.5168951,25.023236
114,11,19,18,48,07信義區,信義區忠孝東路4段550號,0,0,1,1,C03,8,5,5,50,14,9,1,5,4,5,13,4,4,9,4,5,2,12,1,37,2,7,6,1,7,9,1,10,1,14,101,1,21,121.5635144,25.0410786
114,11,19,18,50,10文山區,文山區木新路3段與木新路3段310巷口,0,0,1,1,B03,8,5,5,50,4,2,2,5,4,5,13,2,1,10,5,5,2,17,2,66,3,10,3,1,7,5,1,8,1,1,71,1,21,121.5572499,24.9808867
114,11,19,18,50,07信義區,信義區基隆路汽機車混合地下道,0,0,1,1,C03,8,5,6,30,7,9,1,5,3,5,13,4,4,9,4,5,2,29,2,35,2,9,5,1,7,9,1,10,1,12,44,1,21,121.5633978,25.0395925
114,11,19,18,55,03中山區,中山區南京東路3段91號,0,0,1,1,C03,7,5,5,50,14,7,1,5,4,5,13,4,4,1,4,4,1,13,2,45,2,8,6,1,7,9,1,10,1,11,16,1,21,121.5399824,25.0520288
114,11,19,19,10,12內湖區,內湖區成功路2段474號,0,0,1,1,C03,7,5,5,50,14,9,1,5,4,5,13,1,1,1,5,5,2,13,2,22,2,8,6,1,7,9,1,10,2,11,16,1,21,121.5897734,25.072832
114,11,19,19,34,10文山區,文山區興隆路4段105巷與木柵路2段138巷口,0,0,1,1,C03,8,5,5,30,4,1,1,5,4,5,13,1,1,10,5,5,2,16,1,82,2,7,6,1,7,5,1,10,1,12,8,1,21,121.5622427,24.9877612
114,11,19,19,38,03中山區,中山區北安路835號,0,0,1,1,C03,8,5,5,40,14,8,1,5,4,5,13,4,4,1,4,4,2,17,1,63,2,9,6,1,7,9,1,10,2,12,108,1,21,121.5570247,25.08451433
114,11,19,19,38,04大安區,大安區敦化南路1段與安和路2段171巷口,0,0,1,1,B03,8,5,5,50,4,1,1,5,4,5,13,2,1,1,4,1,1,17,2,22,3,10,7,1,7,5,1,8,1,2,71,1,21,121.5489816,25.0280786
114,11,19,20,17,10文山區,文山區秀明路1段221號對面,0,0,2,1,C03,8,6,5,50,14,9,1,5,4,5,13,4,4,4,4,5,2,12,1,22,2,9,5,1,7,8,1,10,2,12,100,1,21,121.5707262,24.9916293
114,11,19,20,34,07信義區,信義區松壽路與基隆路1段口,0,0,1,1,C03,8,5,5,50,4,1,1,5,4,5,13,1,1,9,4,5,2,12,1,30,3,10,6,1,7,9,1,10,1,12,16,1,21,121.5610039,25.0360451
114,11,19,20,56,04大安區,大安區敦化南路2段與安和路2段171巷口,0,0,1,1,B01,8,5,5,50,14,9,1,5,4,5,13,2,1,1,3,5,2,16,1,54,3,10,2,1,7,5,1,4,1,17,8,1,21,121.5489673,25.028102
114,11,19,20,59,03中山區,中山區松江路與南京東路2段口,0,0,1,1,B01,8,5,5,50,4,1,1,5,4,5,13,2,1,1,4,4,2,17,4,38,,,,,,,,,11,,119,2,,121.5327958,25.052115
114,11,19,21,10,04大安區,大安區長興街75號,0,0,2,1,F01,8,5,5,0,14,9,1,5,4,5,13,4,4,9,4,5,2,17,1,20,2,9,4,1,7,5,8,20,1,14,44,1,21,121.5462144,25.0158951
114,11,19,21,16,04大安區,大安區基隆路2段與基隆路2段291巷口(迴轉道),0,0,2,1,B01,7,5,5,50,4,2,1,5,4,5,13,4,4,10,5,5,2,17,1,56,3,10,7,1,7,5,1,4,1,2,72,1,21,121.5494102,25.0215195
114,11,19,21,25,08士林區,士林區承德路5段監理站對面,0,0,2,1,C04,8,5,5,60,14,7,1,5,4,5,13,4,4,1,3,1,1,13,2,20,2,9,6,1,7,9,1,21,2,11,16,1,21,121.5153586,25.0934237
114,11,19,21,35,10文山區,文山區中崙路與木新路3段口,0,0,2,1,C03,8,5,5,30,3,1,1,5,4,5,13,4,4,10,5,5,2,16,1,50,2,7,6,1,7,5,1,10,1,14,72,1,21,121.5648784,24.9826871
114,11,19,21,51,03中山區,中山區中山北路3段181號,0,0,2,1,C03,8,5,5,50,14,9,1,5,4,5,13,4,4,3,4,5,2,13,2,19,2,8,6,1,7,9,1,10,2,11,16,1,29,121.5239736,25.07221462
114,11,19,22,32,06松山區,松山區敦化北路與富錦街77巷6弄口,0,0,1,1,A02,8,5,5,50,14,8,1,5,4,5,13,2,1,8,3,4,2,9,1,56,3,10,7,1,7,15,1,2,1,15,44,1,21,121.5508482,25.0610896
114,11,19,22,50,12內湖區,內湖區瑞光路與陽光街口口,0,0,2,1,C03,8,5,5,50,4,2,1,5,4,5,13,2,1,5,4,5,2,15,1,18,2,9,6,1,7,1,1,10,2,14,19,1,21,121.5792884,25.0735763
114,11,19,23,06,01大同區,大同區延平北路3段與昌吉街口,0,0,2,1,B01,7,5,5,50,4,2,1,5,4,5,13,2,1,5,4,5,2,17,1,56,3,10,3,4,7,11,1,4,1,7,42,1,21,121.5110108,25.0659271
114,11,19,23,46,01大同區,大同區長安西路與南京西路64巷口,0,0,1,1,B12,7,5,5,30,4,2,1,5,4,5,13,2,1,10,4,5,2,9,1,48,3,10,3,4,7,5,1,8,1,5,70,1,21,121.5182965,25.0505896
114,11,20,00,04,12內湖區,內湖區東湖路與東湖路33巷口,0,0,1,1,B02,8,5,5,50,3,2,1,5,4,5,13,4,4,5,5,5,2,17,1,63,3,10,7,1,7,11,1,8,1,8,44,1,21,121.6136757,25.06887286
114,11,20,03,25,09北投區,北投區大度路與大度路150巷口口,0,0,1,1,C03,7,5,5,50,14,12,1,5,4,4,13,1,1,1,3,4,1,17,1,23,2,9,6,1,7,9,1,10,1,17,42,1,22,121.4934241,25.1217043
114,11,20,06,34,04大安區,大安區和平東路3段與和平東路3段228巷口,0,0,2,1,C03,8,5,6,30,4,1,1,5,4,5,13,2,1,10,5,5,2,3,2,58,2,7,3,4,7,5,1,10,1,15,70,1,21,121.5546773,25.0222782
114,11,20,07,16,04大安區,大安區辛亥路1段與溫州街口,0,0,1,1,C03,7,6,5,50,14,8,1,5,4,5,13,4,4,1,4,4,2,17,4,0,,,,,,,,,,,119,2,,121.5338696,25.0225317
114,11,20,07,27,12內湖區,內湖區南京東路6段與南京東路6段368巷口,0,0,1,1,A02,8,5,5,50,3,1,1,5,4,5,13,2,1,1,4,5,2,9,1,58,3,10,3,4,7,9,1,2,1,5,70,1,21,121.586129,25.0598047
114,11,20,07,38,10文山區,文山區新光路1段與新光路1段159巷口,0,0,2,1,C03,7,6,5,50,3,1,1,5,4,5,13,2,1,10,5,5,2,16,1,37,2,7,6,1,7,5,1,10,1,12,71,1,21,121.5738115,24.9926179
114,11,20,07,41,02萬華區,萬華區萬大路與艋舺大道120巷38弄口,0,0,2,1,C03,7,7,8,50,4,1,1,5,4,5,13,4,4,9,4,5,2,15,2,63,2,9,5,1,7,9,1,10,1,11,72,1,21,121.5006155,25.0316565
114,11,20,07,42,06松山區,松山區敦化北路與富錦街口,0,0,1,1,B02,8,7,5,30,3,1,1,5,4,5,13,4,4,1,4,5,2,15,1,49,3,10,7,1,7,15,1,8,1,7,72,1,25,121.5505339,25.0605258
114,11,20,07,46,12內湖區,內湖區民權東路6段296巷31弄與民權東路6段280巷口,0,0,2,1,B03,8,7,5,30,4,1,1,5,4,5,13,4,4,10,4,5,2,15,1,50,3,10,3,1,7,9,1,8,2,2,75,1,21,121.6059231,25.0714789
114,11,20,07,50,08士林區,士林區雨農路與忠勇街口,0,0,2,1,C03,7,6,5,50,3,1,1,5,4,5,13,1,1,5,4,5,2,16,2,20,3,10,3,4,7,5,1,10,1,12,8,1,21,121.5322843,25.09848076
114,11,20,07,50,07信義區,信義區中坡南路與忠孝東路5段790巷25弄口,0,0,1,1,B03,7,7,5,50,4,1,1,5,4,5,13,2,1,5,4,4,2,11,1,45,3,10,3,4,7,15,1,8,2,5,71,1,21,121.5836427,25.0427116
114,11,20,08,05,05中正區,中正區水源路147號,0,0,3,1,C03,8,6,5,50,11,9,1,5,4,3,10,4,4,1,4,5,1,17,2,46,2,7,6,1,7,9,1,10,2,12,107,1,21,121.5161172,25.02345759
114,11,20,08,06,07信義區,信義區基隆路車行地下道,0,0,1,1,B01,8,5,5,50,6,9,1,5,4,5,13,4,4,1,1,5,1,13,1,66,3,10,7,1,7,9,1,4,1,1,108,1,22,121.5669966,25.03297756
114,11,20,08,29,05中正區,中正區鎮江街2號,0,0,2,1,C03,8,6,5,30,3,1,1,5,4,5,13,4,4,9,5,5,2,16,1,36,2,8,6,1,7,5,1,10,2,11,80,1,21,121.5214368,25.0445936
114,11,20,08,30,05中正區,中正區延平南路123號,0,0,1,1,B03,8,5,5,50,14,9,1,5,4,5,13,2,1,9,4,5,2,12,2,62,3,10,7,1,7,9,1,8,1,2,108,1,21,121.5086496,25.0388674
114,11,20,08,31,10文山區,文山區新光路1段18號,0,0,1,1,B01,7,6,5,50,14,9,1,5,4,5,13,4,4,9,5,5,2,17,2,52,3,10,7,1,7,15,1,4,1,4,44,1,21,121.5737248,24.9887267
114,11,20,08,40,08士林區,士林區美崙街與基河路口,0,0,1,1,B01,7,6,5,50,3,2,1,5,4,5,13,1,1,5,5,5,2,16,1,62,3,10,7,1,7,6,1,2,1,2,9,1,21,121.5184677,25.09516264
114,11,20,08,43,07信義區,信義區吳興街392號,0,0,1,1,C03,8,7,5,50,14,9,1,5,4,5,13,4,4,5,5,5,2,12,2,71,2,8,3,4,7,9,1,10,1,12,108,1,22,121.567276,25.0248878
114,11,20,08,45,04大安區,大安區四維路154巷1之3號,0,0,1,1,C04,8,5,5,30,14,9,1,5,4,5,13,4,4,10,5,5,2,9,2,30,2,9,3,4,7,9,1,10,1,14,44,1,21,121.5466564,25.0310243
114,11,20,08,47,02萬華區,萬華區南寧路70號,0,0,2,1,C03,7,5,5,50,14,9,1,5,4,5,13,4,4,1,4,5,2,17,1,42,2,9,5,4,7,9,1,9,1,14,44,1,21,121.503675,25.03533287
114,11,20,08,47,05中正區,中正區重慶南路2段與寧波西街口,0,0,2,1,C04,7,6,5,50,3,1,1,5,4,5,13,1,1,10,4,5,2,16,2,29,2,8,5,1,7,5,1,10,1,14,8,1,21,121.5152912,25.0298228
114,11,20,08,49,12內湖區,內湖區南京東路6段與新明路426巷口,0,0,2,1,C03,7,6,5,50,3,1,1,5,4,5,13,1,1,10,5,5,2,16,1,36,2,9,6,1,7,9,1,10,11,11,44,1,21,121.579172,25.0555168
114,11,20,09,36,08士林區,士林區仰德大道3段100號,0,0,1,1,C03,7,6,5,40,14,9,1,5,4,5,13,4,4,4,5,5,1,12,1,19,2,9,5,1,7,4,1,10,1,14,17,1,21,121.5528819,25.12089811
114,11,20,09,39,03中山區,中山區長春路100號,0,0,1,1,B03,7,6,5,50,14,9,1,5,4,5,13,4,4,9,5,4,2,14,1,57,3,10,7,1,7,2,1,8,1,7,12,1,21,121.5279854,25.0548922
114,11,20,10,08,01大同區,大同區長安西路與南京西路64巷口,0,0,1,1,B01,7,6,5,50,4,1,1,5,4,5,13,2,1,9,4,5,2,16,1,56,3,10,7,1,7,5,1,4,1,8,80,1,21,121.5182218,25.0506028
114,11,20,10,14,10文山區,文山區興隆路3段與萬芳路口口,0,0,1,1,B12,8,6,5,50,4,2,1,5,4,5,13,1,1,1,4,5,2,12,1,57,3,10,7,1,7,9,3,18,11,2,17,2,21,121.559817,24.9969188
114,11,20,10,29,09北投區,北投區尊賢街218巷與吉利街142巷口,0,0,1,1,B12,7,7,5,30,4,1,1,5,4,5,13,4,4,5,5,5,2,15,1,50,3,10,7,1,7,9,1,8,2,2,72,1,21,121.5084454,25.1157481
114,11,20,10,39,01大同區,大同區大龍街與民族西路口,0,0,1,1,B01,8,7,5,50,4,18,1,5,4,5,13,1,1,5,5,5,2,3,1,67,3,10,7,1,7,9,1,4,1,5,70,1,21,121.5159184,25.0686852
114,11,20,10,52,03中山區,中山區民族東路與吉林路口,0,0,1,1,C03,7,6,5,50,14,9,1,5,4,5,13,4,4,8,3,5,1,17,1,18,3,10,5,1,7,9,1,10,2,11,16,1,21,121.530813,25.0682327
114,11,20,11,10,12內湖區,內湖區民權東路6段與舊宗路1段口,0,0,1,1,B01,7,6,5,50,4,2,1,5,4,5,13,1,1,1,5,5,2,13,1,63,3,10,7,1,7,1,1,8,2,5,19,1,21,121.5754124,25.065552
114,11,20,11,12,01大同區,大同區鄭州路與西寧北路口,0,0,1,1,C03,7,6,5,40,4,2,1,5,4,5,13,1,1,1,4,5,2,17,1,42,3,10,6,4,7,6,3,18,11,12,16,1,21,121.5081346,25.05061407
114,11,20,11,22,07信義區,信義區忠孝東路5段236巷12號,0,0,1,1,B01,8,6,5,50,14,9,1,5,4,5,13,2,1,10,5,5,2,16,1,61,3,10,7,1,7,1,1,4,1,8,19,1,21,121.5718809,25.0399473
114,11,20,11,29,01大同區,大同區重慶北路3段25巷與昌吉街110巷口,0,0,2,1,C03,7,7,5,30,3,1,1,5,4,3,13,4,4,10,5,5,2,16,2,50,2,8,5,4,7,5,1,10,1,15,72,1,21,121.5145613,25.0646691
114,11,20,11,50,04大安區,大安區忠孝東路4段77巷與敦化南路1段190巷口,0,0,1,1,B03,8,6,5,30,4,1,1,5,4,5,13,4,4,4,3,5,2,15,1,67,3,10,7,1,7,9,1,8,1,8,72,1,21,121.5472236,25.0426505
114,11,20,11,52,04大安區,大安區敦化南路1段與忠孝東路4段口,0,0,1,1,A02,8,6,5,50,4,1,1,5,4,5,13,2,1,2,3,1,2,9,1,45,3,10,7,1,7,12,1,2,1,17,118,1,21,121.5490842,25.0414253
114,11,20,12,28,12內湖區,內湖區成功路4段12號,0,0,1,1,C03,7,6,5,50,14,9,1,5,4,5,13,4,4,1,3,5,1,16,2,46,2,9,6,1,7,7,1,10,2,14,101,1,21,121.591153,25.0810369
114,11,20,12,37,04大安區,大安區復興南路2段與復興南路2段128巷口,0,0,1,1,F01,8,5,5,0,14,23,1,5,4,5,13,2,1,10,5,5,2,16,2,79,2,1,4,1,7,6,8,20,1,12,101,1,22,121.5433795,25.0292091
114,11,20,12,45,02萬華區,萬華區西園路1段215號,0,0,1,1,A02,7,6,5,50,14,9,1,5,4,5,13,2,1,3,4,5,2,9,1,62,3,10,3,4,7,14,1,2,9,2,44,1,21,121.4988274,25.0343375
114,11,20,13,25,12內湖區,內湖區舊宗路1段與民權東路6段口,0,0,1,1,B03,8,6,5,50,4,2,1,5,4,5,13,2,1,1,5,5,2,17,1,82,3,10,7,1,7,5,1,8,1,6,71,1,21,121.5757657,25.06584787
114,11,20,13,40,05中正區,中正區博愛路與武昌街1段口口,0,0,1,1,C03,8,6,5,50,4,1,1,5,4,5,13,2,1,10,5,5,2,16,2,18,2,9,6,1,7,5,1,10,2,14,8,1,21,121.5115199,25.0439773
114,11,20,13,50,03中山區,中山區民權東路1段36號,0,0,1,1,C03,8,6,5,50,14,9,1,5,4,5,13,4,4,3,4,5,2,13,2,27,2,8,5,4,7,9,1,10,1,11,16,1,21,121.5238371,25.063029
114,11,20,14,21,04大安區,大安區基隆路3段與敦南街口,0,0,1,1,C03,8,6,5,50,3,1,1,5,4,5,13,4,4,10,5,5,2,17,1,50,3,10,3,4,7,9,1,10,1,13,44,1,21,121.5481136,25.0205563
114,11,20,14,28,12內湖區,內湖區民權東路6段25號,0,0,1,1,C04,7,6,5,50,14,9,1,5,4,5,13,4,4,1,4,5,2,12,2,48,2,9,5,1,7,7,1,10,1,14,100,1,21,121.5831422,25.0685086
114,11,20,14,36,07信義區,信義區福德街217號,0,0,1,1,B03,7,5,5,50,14,9,1,5,4,5,13,4,4,5,5,5,2,17,1,76,3,10,7,1,7,9,1,8,2,2,99,1,21,121.5846111,25.0384327
114,11,20,14,49,03中山區,中山區南京東路3段188號,0,0,2,1,B01,8,7,5,50,14,8,1,5,4,5,13,4,4,1,3,4,1,17,1,62,3,10,7,1,7,8,1,4,1,2,100,1,21,121.5209852,25.05001127
114,11,20,14,49,08士林區,士林區文林路與文昌路口,0,0,1,1,B02,8,6,5,50,5,1,1,5,4,5,13,2,1,1,4,5,2,12,1,63,3,10,7,1,7,9,1,8,1,6,17,1,21,121.5217557,25.1014029
114,11,20,15,16,02萬華區,萬華區廣州街與西昌街口,0,0,1,1,C03,7,6,5,50,4,1,1,5,4,5,13,4,4,5,5,5,2,13,2,53,2,3,6,4,7,9,1,10,1,11,16,1,22,121.5005379,25.0366432
114,11,20,15,18,09北投區,北投區大業路700號旁,0,0,1,1,B02,8,6,5,50,14,9,1,5,4,5,13,4,4,1,5,4,2,12,1,36,3,10,7,1,7,14,1,8,1,4,40,1,21,121.502984,25.1370932