發生年度,發生月,發生日,發生時-Hours,發生分,區序,肇事地點,死亡人數,2-30日死亡人數,受傷人數,當事人序號,車種,天候,光線,道路類別,速限-速度限制,道路型態,事故位置,路面狀況1,路面狀況2,路面狀況3,道路障礙1,道路障礙2,號誌1,號誌2,車道劃分-分向,車道劃分-分道1,車道劃分-分道2,車道劃分-分道3,事故類型及型態,性別,年齡,受傷程度,主要傷處,保護裝置,行動電話,車輛用途,當事者行動狀態,駕駛資格情形,駕駛執照種類,飲酒情形,車輛撞擊部位1,肇因碼-個別,個人肇逃否,職業,座標-X,座標-Y
114,11,20,15,26,09北投區,北投區自強街19號,0,0,1,1,B03,7,6,5,50,14,9,1,5,4,5,13,4,4,9,4,5,2,13,1,43,3,10,3,4,7,9,1,8,2,5,108,1,21,121.5126913,25.1101944
114,11,20,15,44,05中正區,中正區羅斯福路1段8號旁無名巷口,0,0,1,1,B01,7,7,5,30,3,1,1,4,4,5,13,4,4,2,4,4,2,17,1,56,3,10,7,1,7,6,1,4,1,5,42,1,22,121.518762,25.03208399
114,11,20,15,56,01大同區,大同區延平北路3段與延平北路3段17巷口,0,0,1,1,C03,7,6,5,50,5,2,1,5,4,5,13,4,4,5,4,5,2,13,2,32,3,10,6,4,7,9,1,10,1,11,16,1,22,121.5111916,25.0637983
114,11,20,16,04,10文山區,文山區辛亥路4段與辛亥路4段77巷口,0,0,1,1,B03,7,6,5,50,3,1,1,5,4,5,13,2,1,1,4,5,2,16,2,34,3,10,7,1,7,5,1,8,1,5,71,1,21,121.5586849,25.0073902
114,11,20,16,07,06松山區,松山區健康路與南京東路5段23巷口,0,0,1,1,C03,7,6,5,40,3,2,1,5,4,5,13,4,4,1,4,4,2,18,1,61,2,3,5,1,7,15,1,10,2,14,42,1,21,121.558049,25.0537758
114,11,20,16,37,03中山區,中山區渭水路54號,0,0,1,1,C03,7,6,5,50,14,9,1,5,4,5,13,4,4,9,4,4,2,16,1,56,2,9,5,1,7,9,1,10,1,12,108,1,21,121.5349951,25.0456635
114,11,20,17,01,03中山區,中山區長春路52號,0,0,1,1,B02,8,5,5,40,14,8,1,5,4,5,13,4,4,4,3,4,1,6,1,42,3,10,7,1,7,9,1,8,1,2,44,1,21,121.5261283,25.05505409
114,11,20,17,07,10文山區,文山區興隆路2段與景興路口,0,0,1,1,C03,7,6,5,50,5,1,1,5,4,5,13,2,1,1,2,5,2,16,1,50,2,8,5,1,7,5,1,10,1,12,8,1,21,121.5446498,24.9985727
114,11,20,17,11,05中正區,中正區中山北路1段與忠孝西路1段口口,0,0,1,1,C03,8,5,5,50,4,1,1,5,4,5,13,2,1,10,5,5,2,17,2,23,2,9,6,1,7,9,1,10,2,15,44,1,21,121.5201848,25.0453523
114,11,20,17,12,02萬華區,萬華區康定路與桂林路口,0,0,1,1,B02,7,5,5,50,4,1,1,5,4,5,13,2,1,5,4,4,2,16,4,0,,,,,,,,,11,,119,2,,121.5017287,25.0383493
114,11,20,17,20,05中正區,中正區林森南路與羅斯福路1段口口,0,0,1,1,C03,8,5,5,30,5,1,1,5,4,5,13,1,1,10,5,5,1,17,2,18,3,10,6,1,7,6,1,10,1,17,9,1,21,121.518581,25.0334608
114,11,20,17,25,06松山區,松山區敦化北路244巷與敦化北路244巷6弄口,0,0,2,1,B01,8,5,5,30,4,1,1,5,4,5,13,4,4,10,5,5,2,15,1,57,3,10,7,1,7,9,1,4,1,2,72,1,21,121.5494203,25.0606495
114,11,20,17,30,10文山區,文山區指南路2段141號,0,0,1,1,C03,7,5,5,40,14,9,1,5,4,5,13,4,4,5,5,5,2,17,1,54,3,10,3,4,7,1,1,10,1,11,44,1,22,121.5771717,24.98738349
114,11,20,17,50,04大安區,大安區仁愛路3段125號,0,0,1,1,C03,7,5,5,50,14,9,1,5,4,5,13,4,4,1,4,5,2,13,1,59,2,8,5,1,7,12,1,10,1,14,108,1,21,121.5423265,25.0381852
114,11,20,17,54,08士林區,士林區中山北路5段250號對面,0,0,2,1,C03,8,5,5,50,14,9,1,5,4,5,13,4,4,5,4,5,2,13,2,60,2,7,6,1,7,9,1,10,1,13,44,1,21,121.5267871,25.087614
114,11,20,18,00,12內湖區,內湖區東湖路119巷30號,0,0,1,1,C03,7,6,5,30,14,9,4,5,4,5,13,4,4,10,5,5,2,13,1,22,3,10,6,1,7,12,1,10,2,13,14,1,21,121.6166242,25.0689209
114,11,20,18,03,08士林區,士林區承德路4段89號,0,0,1,1,B03,7,5,5,50,14,9,1,5,4,5,13,4,4,1,4,5,2,17,1,65,3,10,7,1,7,11,1,8,2,8,80,1,21,121.5235519,25.0834019
114,11,20,18,08,08士林區,士林區社中街346巷4弄與社中街346巷口,0,0,2,1,C03,8,6,5,30,4,1,1,5,4,5,13,4,4,10,5,5,1,15,1,34,2,8,5,1,7,9,3,18,2,11,72,1,21,121.5046167,25.0929633
114,11,20,18,10,02萬華區,萬華區長順街與長順街107巷口,0,0,1,1,C03,7,6,5,30,4,1,1,5,4,5,13,4,4,10,5,5,1,17,1,48,3,10,3,4,7,9,7,19,11,17,72,1,22,121.4893412,25.032145
114,11,20,18,20,02萬華區,萬華區堤外便道北往南方向(DSR314牌面前）,0,0,1,1,C03,8,5,7,40,14,11,1,5,4,5,13,4,4,9,4,5,1,13,1,34,2,8,5,1,7,12,1,10,1,11,16,1,21,121.4991037,25.0415159
114,11,20,18,36,06松山區,松山區東興路與南京東路5段口,0,0,1,1,,7,5,5,50,3,2,1,5,4,5,13,2,1,1,2,5,2,17,4,0,4,11,3,4,7,15,7,19,11,15,119,2,22,121.5653492,25.051196
114,11,20,18,38,03中山區,中山區中山北路3段181號,0,0,2,1,C03,7,5,5,50,14,11,1,5,4,5,13,4,4,10,4,5,2,13,2,25,2,9,5,1,7,9,1,10,1,11,16,1,21,121.5243959,25.0729384
114,11,20,18,51,09北投區,北投區大度路3段1205126號燈桿,0,0,1,1,C03,7,5,5,50,14,9,1,5,4,5,13,4,4,1,4,5,1,13,1,36,3,10,6,1,7,9,1,10,1,11,16,1,21,121.4727855,25.1228995
114,11,20,19,10,06松山區,松山區民生東路5段與民生東路5段137巷口,0,0,1,1,C03,7,6,5,50,4,2,1,5,4,5,13,2,1,1,4,5,2,13,2,68,2,9,5,4,7,11,1,10,2,14,71,1,21,121.5616665,25.0587879
114,11,20,21,27,01大同區,大同區台北橋機慢車道與台北橋機慢車道口上橋處,0,0,1,1,B03,8,5,5,50,8,11,1,5,4,5,13,4,4,1,5,5,2,17,1,30,4,11,3,4,7,9,5,8,9,17,99,2,21,121.510745,25.0630796
114,11,20,21,45,11南港區,南港區忠孝東路6段70巷21弄與忠孝東路6段70巷5弄口,0,0,1,1,C03,8,5,5,30,3,1,1,5,4,5,13,4,4,5,5,5,2,16,1,18,3,10,6,1,7,5,1,10,1,14,8,1,21,121.5848241,25.046138
114,11,20,22,38,08士林區,士林區中正路與士商路口,0,0,1,1,B03,8,5,5,50,4,1,1,5,4,5,13,2,1,5,2,5,1,16,1,44,3,10,7,1,7,11,1,8,2,6,85,1,21,121.5187033,25.0924863
114,11,20,22,40,11南港區,南港區東新街與忠孝東路6段81巷口,0,0,1,1,B03,7,5,5,50,3,1,1,5,4,5,13,4,4,1,3,4,2,16,2,62,3,10,7,1,7,6,1,8,1,2,9,1,21,121.5846253,25.0484773
114,11,20,23,16,02萬華區,萬華區中華路2段與艋舺大道口,0,0,2,1,C03,7,5,5,50,3,1,1,5,4,5,13,2,1,1,4,4,2,16,2,35,2,9,3,4,7,9,1,10,1,11,81,1,22,121.5055667,25.0345962
114,11,20,23,20,04大安區,大安區大安路1段與復興南路1段107巷口,0,0,2,1,C03,8,5,5,30,4,1,1,5,4,5,13,4,4,10,5,5,2,17,1,19,2,7,3,4,7,15,1,10,1,13,72,1,21,121.5461823,25.0437303
114,11,20,23,33,10文山區,文山區興隆路1段與興隆路1段83巷口,0,0,1,1,B03,8,5,5,50,3,1,1,5,4,5,13,2,1,1,4,5,2,16,2,29,3,10,7,1,7,5,1,8,2,6,71,1,21,121.5412498,25.0031996
114,11,21,04,14,03中山區,中山區中山北路3段與民族西路口,0,0,2,1,C03,7,5,5,50,4,1,1,5,4,5,13,1,1,5,4,3,2,12,1,48,2,9,6,1,7,15,1,10,1,12,100,1,21,121.5227433,25.06846395
114,11,21,04,23,03中山區,中山區南京東路3段與復興北路口,0,0,1,1,B03,7,5,5,50,4,1,1,5,4,5,13,1,1,1,4,5,2,16,1,28,3,10,3,4,7,6,1,8,1,2,9,1,21,121.5436428,25.05188338
114,11,21,07,31,05中正區,中正區羅斯福路1段與寧波西街口,0,0,1,1,C03,8,7,5,50,3,2,1,5,4,5,13,2,1,10,4,5,2,13,2,46,2,8,5,1,7,9,1,10,1,11,16,1,21,121.5187949,25.0314867
114,11,21,07,41,02萬華區,萬華區光復橋往台北,0,0,1,1,C03,7,7,5,50,8,9,1,5,4,5,13,4,4,1,4,5,2,13,1,21,2,8,5,1,7,9,3,18,1,11,108,1,21,121.4905317,25.0241769
114,11,21,07,41,08士林區,士林區中正路519號,0,0,1,1,C03,8,5,5,30,14,9,1,5,4,5,13,4,4,1,4,5,2,12,1,64,3,10,6,1,7,8,1,10,1,17,101,1,21,121.5169063,25.0911027
114,11,21,07,43,04大安區,大安區安和路1段117巷與安和路1段口,0,0,1,1,B03,8,6,5,50,3,1,1,5,4,5,13,4,4,3,5,5,2,17,2,71,3,10,7,4,7,14,1,8,1,6,38,1,21,121.5526303,25.034993
114,11,21,07,49,12內湖區,內湖區民權東路6段161號附近側附近,0,0,1,1,B03,8,6,5,50,14,9,1,5,4,5,13,2,1,1,3,5,2,16,1,43,3,10,7,1,7,6,1,8,1,2,9,1,21,121.5954582,25.0685868
114,11,21,07,57,01大同區,大同區重慶北路2段156號旁,0,0,1,1,B03,7,7,5,0,14,20,4,5,4,5,13,4,4,10,5,5,2,9,1,44,3,10,3,4,7,9,1,8,1,1,70,1,21,121.5134984,25.0589375
114,11,21,08,00,12內湖區,內湖區南京東路6段與麥帥一橋口機車引道,0,0,2,1,C03,8,7,5,40,14,11,1,5,4,5,13,3,1,1,5,5,2,13,2,20,2,9,5,1,7,9,1,10,1,11,16,1,21,121.5744925,25.0537996
114,11,21,08,15,08士林區,士林區福林橋7010062燈桿,0,0,1,1,C04,7,6,5,50,14,9,1,5,4,5,13,4,4,1,4,5,2,12,2,69,2,1,5,1,7,9,1,8,1,12,17,1,21,121.5267478,25.10020199
114,11,21,08,19,01大同區,大同區民權西路104號,0,0,1,1,C03,8,7,5,50,14,9,1,5,4,5,13,4,4,1,4,5,2,13,2,62,3,10,6,1,7,9,1,10,1,11,108,1,21,121.5175882,25.0628106
114,11,21,08,26,11南港區,南港區松河街第0404968燈桿前,0,0,1,1,B03,7,6,5,40,14,9,1,5,4,5,13,4,4,9,5,5,2,12,1,57,3,10,3,4,7,1,1,8,1,3,19,1,21,121.5930425,25.0586334
114,11,21,08,40,03中山區,中山區中山北路2段72巷與中山北路2段口,0,0,1,1,B03,8,7,5,50,3,1,2,5,4,5,13,4,4,9,4,5,2,17,2,52,3,10,7,1,7,6,1,8,1,2,16,1,21,121.5225955,25.0570549
114,11,21,08,42,04大安區,大安區金山南路2段31巷與信義路2段114巷口,0,0,2,1,C03,7,6,5,30,4,1,1,5,4,5,13,4,4,10,5,5,2,15,1,42,2,9,5,1,7,9,1,10,2,11,75,1,22,121.5280329,25.0327382
114,11,21,08,55,11南港區,南港區南港路2段45號,0,0,1,1,B01,7,7,5,50,14,9,1,5,4,5,13,4,4,4,4,5,2,16,1,61,3,10,3,4,7,6,1,4,1,2,17,1,21,121.6022863,25.0534741
114,11,21,09,12,08士林區,士林區天母西路與天母西路38巷口,0,0,1,1,B03,8,5,8,50,4,1,1,5,4,5,13,2,1,5,4,5,2,16,2,31,3,10,7,1,7,6,1,8,1,5,9,1,21,121.5261637,25.1184567
114,11,21,09,36,02萬華區,萬華區梧州街與華西街30巷口,0,0,1,1,C03,7,7,5,30,4,1,1,5,4,5,10,4,4,10,5,5,2,17,4,0,,,,,,,,,11,,,,,121.4976482,25.0376652
114,11,21,09,39,06松山區,松山區八德路3段12巷51弄46號,0,0,1,1,F01,8,7,5,50,14,9,1,5,4,5,13,4,4,10,5,5,2,16,2,76,2,9,4,1,7,5,8,20,1,11,8,1,26,121.5510098,25.0461652
114,11,21,09,55,04大安區,大安區信義路3段與復興南路1段口,0,0,1,1,C03,8,5,5,50,3,1,1,5,4,5,13,2,1,1,3,4,1,13,2,29,2,8,5,1,7,9,1,10,1,11,16,1,21,121.5431794,25.0334871
114,11,21,10,40,05中正區,中正區重慶北路1段與北平西路口,0,0,1,1,A31,8,6,5,30,4,1,2,5,4,5,13,2,1,10,5,5,2,15,1,29,3,10,3,4,7,1,1,1,2,8,19,1,26,121.5131888,25.048259
114,11,21,10,50,06松山區,松山區市民大道4段與八德路3段74巷口,0,0,3,1,C03,7,6,5,30,3,2,1,5,4,5,13,4,4,9,4,5,2,15,1,53,2,7,6,1,7,9,1,10,1,15,72,1,22,121.5524609,25.04459318
114,11,21,10,50,09北投區,北投區承德路7段與大度路口,0,0,2,1,C03,8,6,5,50,3,2,1,5,4,5,13,4,4,1,5,4,2,16,1,38,2,8,5,1,7,6,1,9,1,13,9,1,21,121.4991606,25.1213149
114,11,21,11,39,02萬華區,萬華區漢口街2段90巷8弄與漢口街2段90巷口,0,0,3,1,C03,7,6,5,30,4,1,1,5,4,5,13,4,4,10,5,5,2,17,1,43,2,9,5,1,7,9,1,10,1,11,75,1,21,121.5042255,25.0458077
114,11,21,13,06,05中正區,中正區中山南路與信義路1段口,0,0,1,1,B03,8,5,5,50,5,2,1,5,4,5,13,1,1,1,5,5,2,17,2,53,3,10,7,1,7,9,1,8,1,1,44,1,21,121.5178469,25.038601
114,11,21,13,11,03中山區,中山區樂群三路與明水路口側附近口,0,0,2,1,B03,8,7,5,50,14,9,1,5,4,5,13,1,1,10,4,4,1,10,1,31,2,7,7,1,7,9,1,8,2,4,81,1,21,121.551237,25.0827456
114,11,21,13,52,02萬華區,萬華區西園路2段與西藏路口,0,0,1,1,B03,7,6,5,50,4,1,1,5,4,5,13,2,1,1,4,5,2,17,1,52,3,10,7,1,7,6,1,8,1,17,9,1,21,121.4945969,25.02768465
114,11,21,14,28,06松山區,松山區民權東路5段與撫遠街口,0,0,1,1,B03,7,6,5,50,4,1,1,5,4,5,13,2,1,1,4,5,2,15,1,22,3,10,7,1,7,15,1,14,2,5,71,1,21,121.5658828,25.0632382
114,11,21,15,20,01大同區,大同區承德路3段與敦煌路口口,0,0,1,1,C03,8,7,5,50,4,1,1,5,4,5,13,2,1,8,3,5,2,16,1,60,2,9,6,1,7,8,1,10,1,11,100,1,21,121.5202259,25.075142
114,11,21,15,20,08士林區,士林區德行西路與德行西路94巷口口,0,0,1,1,C03,8,6,6,50,4,1,1,5,4,5,13,4,4,5,5,5,2,16,1,52,3,10,6,1,7,5,1,10,1,14,8,1,21,121.5213363,25.1042418
114,11,21,16,35,05中正區,中正區貴陽街1段與懷寧街口口,0,0,1,1,B03,8,6,5,50,3,1,1,5,4,5,13,4,4,5,5,5,2,16,1,70,3,10,3,4,7,5,1,8,2,5,99,1,21,121.5137321,25.0387451
114,11,21,16,40,10文山區,文山區木柵路1段與光輝路口,0,0,1,1,B02,8,6,5,50,3,1,1,5,4,5,13,1,1,10,5,5,1,17,1,44,3,10,7,1,7,5,1,8,1,2,71,1,21,121.5551069,24.9881691
114,11,21,17,10,12內湖區,內湖區新明路188號附近側附近,0,0,1,1,B03,8,5,5,50,14,8,1,5,4,5,13,4,4,4,4,4,2,12,1,56,3,10,7,1,7,9,1,8,1,6,80,1,21,121.5852238,25.0572802
114,11,21,17,16,11南港區,南港區東新街與南港路3段口,0,0,1,1,C03,8,5,5,50,5,1,1,5,4,5,13,2,1,4,3,5,2,12,1,18,3,10,3,4,7,10,1,10,1,13,80,1,21,121.5827797,25.0515794
114,11,21,17,23,12內湖區,內湖區民權東路6段174巷與成功路2段245巷口,0,0,2,1,C03,7,6,5,30,3,1,1,5,4,5,13,4,4,9,5,5,2,15,2,43,2,9,5,1,7,9,1,10,1,11,75,1,21,121.5917972,25.0677551
114,11,21,17,29,12內湖區,內湖區南京東路6段與新明路298巷口,0,0,1,1,B01,8,5,5,50,4,1,1,5,4,5,13,2,1,5,3,5,2,13,1,60,3,10,7,1,7,9,1,2,1,1,99,1,21,121.5816038,25.0569632
114,11,21,17,35,04大安區,大安區信義路3段與信義路3段166巷口,0,0,1,1,B03,7,5,5,50,3,2,1,5,4,5,13,2,1,8,3,5,1,16,1,76,3,10,7,1,7,6,1,8,1,2,9,1,21,121.5418487,25.0333094
114,11,21,17,40,07信義區,信義區市民大道5段與市民大道5段14巷口,0,0,2,1,C03,8,6,5,30,3,1,1,5,4,5,13,1,1,1,4,5,2,12,1,58,2,9,5,1,7,9,1,10,2,11,17,1,21,121.5596629,25.045773
114,11,21,17,50,07信義區,信義區基隆路2段123號,0,0,1,1,A02,8,5,5,50,14,9,1,5,4,5,13,4,4,1,4,5,2,9,1,54,3,10,3,4,7,1,1,2,1,17,44,1,21,121.5570945,25.0287778
114,11,21,18,05,08士林區,士林區至善路2段與至善路2段25巷口,0,0,1,1,C03,7,5,5,40,3,2,1,5,4,5,13,1,1,3,2,4,2,17,1,33,2,8,6,1,7,6,1,10,1,14,9,1,26,121.5440495,25.09718008
114,11,21,18,05,12內湖區,內湖區麥帥一橋機車道內湖往松山,0,0,2,1,C03,8,5,5,40,14,11,1,5,4,5,13,4,4,10,4,5,2,17,2,43,3,10,6,1,7,8,1,10,1,17,30,1,22,121.5668302,25.05145006
114,11,21,18,30,06松山區,松山區健康路325巷8號,0,0,1,1,F01,8,5,5,30,14,9,1,5,4,5,13,4,4,10,5,5,2,10,1,12,2,8,4,1,7,9,8,20,1,14,80,1,21,121.5677237,25.0565278
114,11,21,18,45,12內湖區,內湖區五分街72巷與安康路414巷口,0,0,2,1,C03,6,5,5,30,3,1,1,4,4,5,13,4,4,9,5,5,1,16,2,42,2,9,6,1,7,5,1,10,2,13,72,1,21,121.6163968,25.0662293
114,11,21,18,55,05中正區,中正區市民大道2段與林森北路口,0,0,1,1,C03,8,5,5,40,4,1,1,5,4,5,13,1,1,1,4,5,2,16,2,33,2,9,6,1,7,5,1,10,2,14,8,1,22,121.524292,25.0478537
114,11,21,19,00,02萬華區,萬華區堤外便道往南(中興橋下),0,0,1,1,C03,8,5,5,40,14,11,1,5,4,5,13,4,4,3,5,5,2,17,1,22,2,9,6,1,7,15,1,10,1,17,42,1,26,121.5004497,25.04377621
114,11,21,19,10,03中山區,中山區南京東路2段111號前,0,0,2,1,C03,7,5,5,40,14,8,1,5,4,5,13,4,4,1,4,4,2,13,2,46,2,9,3,4,7,9,1,10,1,11,44,1,21,121.5335182,25.0521463
114,11,21,19,15,04大安區,大安區新生南路2段與新生南路2段70巷口,0,0,1,1,B03,8,5,5,40,3,2,1,5,4,5,13,4,4,5,4,5,1,17,1,27,3,10,7,1,7,6,1,8,1,2,44,1,21,121.534521,25.0277688
114,11,21,19,24,05中正區,中正區金山南路1段與濟南路2段口,0,0,1,1,B03,8,5,5,50,4,1,1,5,4,5,13,2,1,3,4,5,2,16,1,71,3,10,7,1,7,6,1,8,2,5,9,1,22,121.5292634,25.04082048
114,11,21,19,50,06松山區,松山區民生東路5段52號,0,0,1,1,C04,7,5,5,50,14,9,1,5,5,5,13,4,4,1,4,5,2,18,2,38,2,9,6,4,7,9,1,10,2,17,44,1,21,121.5576869,25.0583825
114,11,21,21,06,07信義區,信義區松山路與松隆路口,0,0,1,1,C03,8,5,5,50,4,1,1,5,4,5,13,1,1,9,4,5,2,12,1,66,2,9,6,1,7,7,1,10,1,14,101,1,21,121.5778503,25.0478987
114,11,21,21,19,04大安區,大安區辛亥路3段與芳蘭路口,0,0,2,1,B03,8,5,5,50,4,1,1,5,4,5,13,2,1,1,4,5,2,17,1,25,3,10,7,1,7,6,1,8,1,8,44,1,21,121.5490448,25.0168405
114,11,21,21,46,03中山區,中山區市民大道3段與松江路口,0,0,1,1,C03,7,5,5,40,4,2,1,5,4,5,13,1,1,5,4,3,2,13,1,16,2,9,6,1,7,9,2,18,1,11,108,1,21,121.5331154,25.04545378
114,11,21,22,49,04大安區,大安區復興南路2段268號,0,0,1,1,B01,8,5,5,40,14,9,1,5,4,5,13,4,4,10,5,5,2,17,1,42,3,10,3,4,7,7,1,4,2,4,44,1,21,121.5433518,25.0244577
114,11,21,23,00,09北投區,北投區明德路與明德路150巷口,0,0,1,1,B01,8,5,5,50,3,1,1,5,4,5,13,1,1,9,4,5,2,12,1,55,3,10,7,1,7,11,1,4,1,4,10,1,21,121.5207667,25.1106725
114,11,21,23,13,07信義區,信義區忠孝東路5段與中坡南路口,0,0,1,1,B01,8,6,5,50,4,1,1,5,4,5,13,1,1,3,4,5,2,16,1,54,3,10,3,4,7,5,1,4,1,8,71,1,21,121.5818839,25.0441602
114,11,22,03,51,06松山區,松山區南京東路4段53巷與南京東路4段53巷11弄口,0,0,2,1,B01,8,5,5,30,4,1,1,5,4,5,13,4,4,10,5,5,2,15,1,58,2,6,3,4,7,9,1,4,2,8,72,1,22,121.5511404,25.0533171
114,11,22,05,55,01大同區,大同區重慶北路2段與涼州街口,0,0,1,1,H01,8,5,5,50,4,18,1,5,4,5,13,2,1,1,4,5,2,3,2,86,2,9,4,5,8,16,8,20,10,16,122,1,21,121.5134819,25.0606924
114,11,22,07,38,10文山區,文山區景豐街37巷7弄與景豐街31巷口,0,0,1,1,B03,8,6,5,30,4,1,1,5,4,5,13,4,4,10,5,5,2,15,2,60,3,10,7,1,7,9,1,8,2,8,72,1,21,121.545487,25.0000198
114,11,22,08,18,07信義區,信義區信義路6段與信義路6段76巷口,0,0,1,1,C03,8,7,5,50,4,2,1,5,4,5,13,1,1,5,5,5,2,13,4,0,,,,,7,12,7,,9,17,119,2,,121.5767494,25.035149
114,11,22,08,42,08士林區,士林區承德路4段與大南路口,0,0,1,1,B12,8,6,5,50,5,1,1,5,4,5,13,3,2,1,4,5,1,17,1,41,4,11,3,4,7,9,1,8,9,2,99,2,21,121.5214499,25.0890961
114,11,22,08,59,06松山區,松山區松河街76號,0,0,2,1,C03,8,6,5,40,14,9,1,5,4,5,13,2,1,9,5,5,2,16,1,23,2,7,6,1,7,1,1,10,1,11,19,1,21,121.5741759,25.05084631
114,11,22,09,20,03中山區,中山區錦州街370號,0,0,1,1,B03,8,7,5,50,14,9,1,5,4,5,13,4,4,9,4,5,2,17,2,38,2,2,7,1,7,2,1,8,1,8,12,1,21,121.5401184,25.06022335
114,11,22,09,40,06松山區,松山區八德路4段692號,0,0,3,1,C03,8,7,5,50,14,8,1,5,4,5,13,4,4,1,4,4,2,12,1,79,2,9,5,1,7,1,1,10,1,14,19,1,22,121.5774071,25.0499576
114,11,22,09,41,04大安區,大安區忠孝東路4段與復興南路1段口,0,0,2,1,A02,8,5,5,50,4,2,1,5,4,5,13,2,1,10,5,5,2,13,1,36,3,10,3,4,7,9,1,6,2,1,108,1,21,121.5441709,25.0416836
114,11,22,09,42,02萬華區,萬華區環河南路1段與忠孝西路2段口,0,0,2,1,B03,8,6,5,50,3,1,1,5,4,5,13,2,1,1,4,5,2,16,1,33,3,10,7,1,7,5,1,8,1,8,71,1,21,121.5061438,25.0488612
114,11,22,09,46,01大同區,大同區承德路3段與撫順街口,0,0,2,1,F01,8,7,5,50,3,1,1,5,4,5,13,4,4,5,5,5,2,16,1,58,2,7,4,1,7,5,8,20,1,11,98,1,21,121.5184277,25.0631905
114,11,22,10,02,09北投區,北投區紗帽路110號旁,0,0,1,1,F01,8,7,5,50,14,9,1,5,5,5,13,4,4,8,5,5,1,29,1,35,2,9,6,1,7,9,8,20,9,11,44,1,21,121.5486142,25.1480529
114,11,22,10,21,07信義區,信義區基隆路1段與市民大道6段口,0,0,1,1,A02,8,6,5,50,5,1,1,5,4,5,13,2,1,1,3,5,2,17,1,25,3,10,7,1,7,11,1,2,1,4,98,1,21,121.5692688,25.048964
114,11,22,10,37,06松山區,松山區健康路237號,0,0,3,1,C04,7,6,5,40,14,8,1,5,4,5,13,4,4,1,3,4,2,17,2,51,2,9,6,1,7,9,1,10,1,11,16,1,21,121.5632562,25.0542024
114,11,22,10,55,08士林區,士林區故宮路36號對面,0,0,1,1,B03,8,5,5,50,14,9,1,5,4,5,13,4,4,1,4,5,2,17,1,83,4,11,3,4,7,15,7,19,11,15,100,2,22,121.5178782,25.08689974
114,11,22,11,13,08士林區,士林區大南路與小西街口,0,0,1,1,C03,8,6,5,30,4,1,1,5,4,5,13,4,4,10,5,5,2,15,1,26,2,9,6,1,7,9,1,10,2,12,72,1,21,121.5233691,25.089778
114,11,22,11,42,10文山區,文山區興隆路3段265號號對面,0,0,1,1,C03,8,6,5,50,14,9,1,5,4,5,13,4,4,1,4,5,2,12,2,69,2,9,6,1,7,7,1,10,1,14,100,1,21,121.5586491,24.9922951
114,11,22,12,51,06松山區,松山區民生東路3段100號,0,0,1,1,F01,8,6,5,50,14,9,1,5,4,5,13,1,1,1,4,5,2,16,2,36,3,10,4,1,7,6,8,20,1,12,9,1,21,121.5444513,25.0576332
114,11,22,14,35,11南港區,南港區南港路2段與興南街口,0,0,1,1,B03,8,7,5,50,3,1,1,5,4,5,13,2,1,5,4,4,2,17,2,38,3,10,7,1,7,6,1,8,1,2,9,1,21,121.5976498,25.0540742
114,11,22,14,40,03中山區,中山區中山北路4段與北安路口,0,0,1,1,B03,8,7,5,50,3,1,1,5,4,5,13,1,1,9,4,5,2,17,2,58,3,10,7,1,7,9,1,8,1,1,16,1,21,121.5269364,25.0765652
114,11,22,14,50,09北投區,北投區竹子湖路,0,0,2,1,B03,8,5,5,40,11,9,1,5,4,5,13,4,4,4,5,5,1,13,1,67,2,9,7,1,7,9,1,8,1,1,42,1,22,121.5583662,25.1813033
114,11,22,15,16,03中山區,中山區中山北路3段181號(中山橋上),0,0,2,1,C03,8,5,5,50,14,11,1,5,4,5,13,4,4,1,2,4,2,13,2,56,2,9,3,4,7,9,1,10,1,11,14,1,21,121.5241275,25.07271765
114,11,22,15,45,10文山區,文山區木柵路1段與辛亥路7段口口,0,0,1,1,C03,8,6,5,40,4,2,1,5,4,5,13,2,1,5,5,4,2,12,1,65,2,8,5,1,7,9,1,10,2,12,45,1,21,121.5523265,24.9875243
114,11,22,16,09,12內湖區,內湖區內湖路2段177號,0,0,2,1,C03,8,6,5,50,14,9,1,5,4,5,13,4,4,9,4,5,2,13,1,36,2,7,5,1,7,9,1,10,1,11,16,1,21,121.5860311,25.0810181
114,11,22,16,11,02萬華區,萬華區成都路96號,0,0,1,1,B03,8,5,5,50,22,9,1,5,4,5,13,4,4,9,4,5,2,17,1,48,3,10,7,4,7,7,1,8,2,7,100,1,21,121.5042218,25.0431275
114,11,22,16,22,03中山區,中山區新生北路1段64號,0,0,1,1,B12,8,7,5,50,14,9,1,5,4,5,13,2,1,1,4,5,2,13,1,56,3,10,7,1,7,1,1,4,1,5,108,1,21,121.53065,25.0470592
114,11,22,16,35,03中山區,中山區民族東路137號,0,0,2,1,B01,8,5,5,50,14,8,1,5,4,5,13,4,4,1,4,4,2,16,1,50,3,10,3,4,7,8,1,4,1,2,100,1,21,121.5392091,25.06818817
114,11,22,17,15,10文山區,文山區興隆路2段220巷與興隆路2段220巷55弄口,0,0,1,1,B03,8,5,5,30,3,1,1,5,4,5,13,4,4,10,5,5,2,14,1,39,3,10,7,1,7,2,1,8,2,3,12,1,21,121.551529,24.9996132
114,11,22,17,27,03中山區,中山區民權東路2段119號,0,0,1,1,B03,8,5,5,50,14,9,1,5,4,5,13,4,4,1,4,5,2,12,1,58,3,10,7,1,7,1,1,4,1,8,19,1,21,121.5345404,25.0626557