發生年度,發生月,發生日,發生時-Hours,發生分,區序,肇事地點,死亡人數,2-30日死亡人數,受傷人數,當事人序號,車種,天候,光線,道路類別,速限-速度限制,道路型態,事故位置,路面狀況1,路面狀況2,路面狀況3,道路障礙1,道路障礙2,號誌1,號誌2,車道劃分-分向,車道劃分-分道1,車道劃分-分道2,車道劃分-分道3,事故類型及型態,性別,年齡,受傷程度,主要傷處,保護裝置,行動電話,車輛用途,當事者行動狀態,駕駛資格情形,駕駛執照種類,飲酒情形,車輛撞擊部位1,肇因碼-個別,個人肇逃否,職業,座標-X,座標-Y
114,11,22,17,31,03中山區,中山區民權東路2段206號,0,0,1,1,C03,8,5,5,50,14,9,1,5,4,5,13,2,1,7,2,5,2,17,1,34,2,9,5,1,7,7,1,10,1,14,80,1,21,121.5365125,25.0622991
114,11,22,17,32,08士林區,士林區雙溪街與雙溪河濱公園口自行車道,0,0,1,1,F01,8,6,5,30,14,23,1,5,4,5,13,4,4,10,2,5,1,9,1,74,2,9,4,1,7,9,8,20,1,11,44,1,21,121.5294909,25.09962307
114,11,22,17,35,03中山區,中山區中山北路4段與北安路口,0,0,1,1,B03,7,5,5,50,11,9,1,5,4,5,13,1,1,1,4,5,2,13,2,33,3,10,7,1,7,9,1,8,1,5,16,1,21,121.5269815,25.0770796
114,11,22,17,52,01大同區,大同區南京西路103號,0,0,1,1,C03,7,5,5,40,14,12,1,5,4,5,13,4,4,1,4,4,2,17,2,42,2,9,5,4,7,9,1,10,1,11,16,1,21,121.5157236,25.05377328
114,11,22,19,04,07信義區,信義區松廉路與松智路口,0,0,2,1,C03,8,5,5,50,3,1,1,5,4,5,13,2,1,9,3,5,1,16,1,18,3,10,3,4,7,5,1,10,1,12,71,1,22,121.5654498,25.0339888
114,11,22,19,12,02萬華區,萬華區昆明街與廣州街口,0,0,1,1,B03,8,5,5,50,4,1,1,5,4,5,13,2,1,5,5,5,2,3,1,63,3,10,7,1,7,5,1,8,1,1,70,1,21,121.5034755,25.03655777
114,11,22,19,35,03中山區,中山區中山北路2段與民權西路口,0,0,1,1,C03,8,5,5,50,4,1,1,5,4,5,13,1,1,1,5,5,2,15,1,81,2,3,6,1,7,9,1,10,1,11,81,1,21,121.5226292,25.06231436
114,11,22,19,49,06松山區,松山區八德路4段268號,0,0,2,1,H01,8,6,5,50,14,9,1,5,4,5,13,2,1,5,4,5,2,3,2,49,2,9,4,5,8,18,8,20,10,16,121,1,22,121.5661849,25.0490213
114,11,22,20,13,12內湖區,內湖區成功路3段174巷與成功路3段口,0,0,1,1,C03,7,5,5,50,4,1,1,5,4,5,13,2,1,5,5,5,2,12,1,34,2,8,6,1,7,7,1,10,2,17,101,1,22,121.5907389,25.0807125
114,11,22,20,36,03中山區,中山區自強隧道(外)東往西機車道,0,0,1,1,C03,8,5,5,30,11,9,1,5,4,5,13,4,4,1,5,5,2,12,1,49,2,8,6,4,7,9,1,10,1,12,101,1,21,121.5515198,25.0860505
114,11,22,20,37,11南港區,南港區南港路2段與向陽路口49號,0,0,1,1,A02,8,5,5,50,5,2,1,5,4,5,13,4,4,3,4,5,2,16,1,57,3,10,3,4,7,8,1,2,2,6,100,1,21,121.594324,25.0544326
114,11,22,20,56,01大同區,大同區民族西路160號,0,0,1,1,B03,7,6,5,50,4,1,1,5,4,5,13,4,4,8,3,5,1,16,1,37,3,10,3,4,7,5,3,18,1,5,74,1,21,121.515433,25.0686478
114,11,22,21,00,03中山區,中山區北安路往自強隧道機車專用道,0,0,2,1,C03,7,5,5,40,14,11,1,5,4,5,13,4,4,1,5,3,2,13,1,24,2,9,3,4,7,9,1,10,2,11,44,1,21,121.5528692,25.08502811
114,11,22,21,02,02萬華區,萬華區康定路與內江街口,0,0,3,1,C03,8,5,5,50,4,1,1,5,4,5,13,1,1,10,5,5,2,15,2,20,2,9,3,4,7,9,1,10,2,11,81,1,21,121.5022589,25.0416726
114,11,22,21,29,06松山區,松山區市民大道6段與松信路口,0,0,3,1,B01,8,6,5,40,4,1,1,5,4,5,13,2,1,3,4,5,2,17,1,55,3,10,3,4,7,6,1,4,2,5,9,1,22,121.572349,25.0494877
114,11,22,21,31,03中山區,中山區北安路與大直橋口,0,0,3,1,C03,8,5,5,30,4,1,1,5,4,5,13,1,1,1,4,5,2,15,1,23,2,9,5,1,7,9,1,10,2,11,44,1,22,121.5444996,25.0798045
114,11,22,21,50,02萬華區,萬華區中華路2段376號,0,0,3,1,C03,8,5,5,40,14,7,1,5,4,5,13,4,4,5,3,5,2,3,1,49,2,1,6,1,7,9,1,10,1,12,108,1,22,121.5050664,25.0288937
114,11,22,22,20,12內湖區,內湖區成功路2段與民權東路6段口,0,0,1,1,B03,8,5,5,50,14,9,1,5,4,5,13,2,1,1,4,5,1,17,1,25,3,10,7,1,7,8,1,4,1,17,100,1,21,121.5909456,25.0686955
114,11,23,01,18,02萬華區,萬華區忠孝西路2段與西寧南路口,0,0,1,1,C03,8,5,5,50,4,1,1,5,4,5,13,2,1,1,4,5,2,17,1,36,2,8,6,1,7,9,1,10,1,12,85,1,21,121.5077905,25.0484253
114,11,23,02,05,04大安區,大安區信義路3段147巷與信義路3段147巷36弄口,0,0,1,1,B01,8,5,6,30,5,2,1,5,4,5,13,4,4,8,3,5,1,15,1,61,3,10,7,1,7,9,1,8,1,2,72,1,21,121.5420211,25.0371842
114,11,23,02,18,01大同區,大同區民生西路280號,0,0,2,1,B01,8,5,5,50,14,9,1,5,4,5,13,4,4,9,5,5,2,17,1,40,3,10,7,1,7,13,1,4,2,4,40,1,21,121.5130185,25.0569344
114,11,23,02,55,03中山區,中山區林森北路與中山北路1段53巷口,0,0,1,1,B03,8,5,5,50,4,1,1,5,4,5,13,4,4,5,4,5,2,13,1,23,3,10,7,1,7,9,1,8,7,1,21,1,22,121.5244195,25.0485546
114,11,23,03,04,06松山區,松山區南京東路3段303巷6弄與南京東路3段303巷口,0,0,1,1,C03,8,5,5,30,4,1,1,5,4,5,13,4,4,10,3,5,2,15,2,60,2,9,5,1,7,9,1,10,2,11,72,1,26,121.5467216,25.0524183
114,11,23,04,28,05中正區,中正區南海路與牯嶺街口,0,0,2,1,B12,8,5,5,30,4,1,1,5,4,5,13,1,1,10,4,5,2,16,2,54,3,10,7,1,7,5,1,10,1,4,8,1,21,121.5149891,25.0320051
114,11,23,05,29,03中山區,中山區市民大道2段與新生北路1段62巷口,0,0,1,1,B01,8,6,5,40,4,1,1,5,4,5,13,1,1,1,4,5,2,17,1,61,3,10,3,4,7,9,1,4,1,17,44,1,22,121.5309127,25.04609
114,11,23,07,54,04大安區,大安區信義路3段與建國南路1段口,0,0,2,1,C03,8,6,5,50,4,1,1,5,4,5,13,2,1,1,4,5,2,15,1,24,2,9,6,4,7,9,1,10,1,11,81,1,22,121.5377585,25.033319
114,11,23,07,57,10文山區,文山區萬壽路（公車站牌政大一）,0,0,1,1,A02,8,7,5,50,14,9,1,5,4,5,13,4,4,5,4,5,2,9,1,43,3,10,7,1,7,1,1,2,9,17,44,1,21,121.5760504,24.9877692
114,11,23,08,39,11南港區,南港區忠孝東路6段與東新街口,0,0,2,1,C03,8,6,5,50,4,2,1,5,4,5,13,2,1,1,4,5,2,13,1,20,2,9,6,1,7,5,1,10,1,14,8,1,21,121.585057,25.0478926
114,11,23,08,50,03中山區,中山區長安東路2段與建國北路1段口,0,0,1,1,B03,8,6,5,50,4,1,1,5,4,5,13,2,1,5,4,5,2,16,1,37,3,10,7,1,7,6,1,8,1,2,86,1,21,121.5364892,25.0483391
114,11,23,09,09,05中正區,中正區汀州路3段與羅斯福路4段136巷口,0,0,1,1,B13,8,7,5,50,3,1,1,5,4,5,13,1,1,5,5,5,2,17,1,50,3,10,7,1,7,11,1,8,2,17,10,1,22,121.5352942,25.0126024
114,11,23,09,13,10文山區,文山區木柵路4段77號前,0,0,1,1,C03,8,6,5,50,14,9,1,5,4,5,13,4,4,5,4,5,2,17,1,55,3,10,3,4,7,11,1,10,1,13,10,1,21,121.5722971,24.9961972
114,11,23,09,45,07信義區,信義區忠孝東路5段與虎林街口,0,0,2,1,C03,8,7,5,50,4,2,1,5,4,5,13,1,1,5,5,5,2,16,1,26,2,9,5,1,7,6,1,10,1,12,71,1,21,121.5769138,25.0407415
114,11,23,09,49,08士林區,士林區基河路16之2號,0,0,1,1,B03,8,6,5,50,14,9,1,5,4,5,13,4,4,10,4,5,2,13,1,34,3,10,3,4,7,9,1,8,1,1,16,1,21,121.5243406,25.082524
114,11,23,09,54,03中山區,中山區圓山河濱公園自行車道11.5公里處,0,0,1,1,F01,8,6,5,50,12,23,1,5,4,5,13,4,4,10,4,5,1,18,1,69,2,1,4,1,7,9,8,20,1,12,42,1,21,121.5223108,25.0580577
114,11,23,10,06,12內湖區,內湖區民權東路6段131號,0,0,2,1,C03,8,6,5,50,14,9,1,5,4,5,13,4,4,1,4,5,2,12,2,71,2,9,5,1,7,7,1,10,1,14,80,1,21,121.5935716,25.0689335
114,11,23,10,11,05中正區,中正區金山南路1段82號,0,0,1,1,C03,8,7,5,50,14,7,1,5,4,5,13,4,4,3,3,5,2,12,1,41,2,9,5,1,7,7,1,10,2,11,100,1,26,121.5279574,25.0372436
114,11,23,10,20,03中山區,中山區中山北路3段往北(水晶情人橋前),0,0,2,1,C03,8,6,5,50,14,9,1,5,4,5,13,1,1,1,4,1,1,13,1,58,2,9,6,1,7,9,1,10,1,11,16,1,21,121.5235272,25.0704942
114,11,23,10,31,04大安區,大安區市民大道3段與復興南路1段口,0,0,1,1,C03,8,6,5,40,4,1,1,5,4,5,13,2,1,1,4,5,2,13,1,28,2,8,6,4,7,9,1,9,1,11,108,1,22,121.5438742,25.0447755
114,11,23,10,41,07信義區,信義區大道路與大道路口側附近94巷口,0,0,2,1,C03,8,6,5,30,4,1,1,5,4,5,13,4,4,8,5,5,2,15,1,63,2,9,3,4,7,9,1,10,2,14,72,1,22,121.5826393,25.0404026
114,11,23,10,46,03中山區,中山區龍江路與民權東路3段口,0,0,1,1,C03,8,7,5,50,4,1,1,5,4,5,13,2,1,10,5,5,2,16,2,48,3,10,6,1,7,5,1,10,1,11,71,1,21,121.5377705,25.0624323
114,11,23,11,01,12內湖區,內湖區民權東路6段296巷與民權東路6段296巷口,0,0,1,1,B03,8,7,5,30,4,1,1,5,4,5,13,4,4,9,4,5,2,15,1,44,3,10,3,4,7,9,1,8,2,4,14,1,21,121.6087133,25.0702343
114,11,23,11,09,06松山區,松山區塔悠路78號與塔悠路口,0,0,2,1,F01,8,5,5,50,3,1,1,5,4,5,13,3,1,1,4,5,2,17,1,64,2,7,4,1,7,5,8,20,1,14,8,1,21,121.5700278,25.05266283
114,11,23,11,21,04大安區,大安區建國高架道069燈桿,0,0,4,1,E01,8,6,5,70,14,9,1,5,4,5,13,4,4,9,4,5,2,17,1,26,2,9,7,1,7,7,1,4,2,5,16,1,21,121.5372406,25.0496687
114,11,23,11,27,03中山區,中山區林森北路與雙城街7巷口,0,0,1,1,B03,8,6,5,50,3,1,1,5,4,5,13,4,4,5,5,5,2,16,1,35,3,10,7,1,7,6,1,8,1,2,74,1,21,121.5255911,25.0637005
114,11,23,11,27,06松山區,松山區延壽街72巷與三民路80巷口,0,0,1,1,B03,8,6,5,30,4,1,1,5,4,5,13,4,4,10,5,5,2,16,1,57,3,10,7,1,7,5,1,8,1,4,8,1,21,121.5654343,25.05634316
114,11,23,11,30,09北投區,北投區東華街2段與致遠三路口,0,0,2,1,B03,8,5,8,50,4,18,1,5,4,5,13,1,1,5,4,5,2,3,1,55,3,10,3,4,7,6,1,4,2,1,70,1,21,121.5115498,25.1198669
114,11,23,12,09,04大安區,大安區樂利路與安和路2段171巷口,0,0,1,1,B02,8,5,5,50,4,1,1,5,4,5,13,2,1,4,3,5,1,16,1,50,3,10,7,1,7,6,1,8,1,5,9,1,21,121.5510658,25.0281328
114,11,23,12,20,08士林區,士林區前港街與前港街68巷口,0,0,1,1,B02,8,5,5,30,3,1,1,5,4,5,13,4,4,10,5,5,2,17,2,51,3,10,3,4,7,1,1,8,1,8,19,1,22,121.5203342,25.08492192
114,11,23,14,02,05中正區,中正區凱達格蘭大道與中山南路口,0,0,3,1,B03,8,6,5,50,5,2,1,5,4,5,13,2,1,5,4,5,2,16,1,54,3,10,3,4,7,9,1,8,2,5,17,1,21,121.5166893,25.0393452
114,11,23,14,16,02萬華區,萬華區西園路2段與西藏路口,0,0,1,1,C03,8,6,5,50,4,2,1,5,4,5,13,1,1,10,5,5,2,17,2,38,2,9,5,1,7,9,1,10,1,11,16,1,21,121.4955754,25.0284654
114,11,23,15,21,11南港區,南港區南港路3段256巷與松河街口,0,0,1,1,C03,8,6,5,30,4,1,1,5,4,5,13,4,4,10,5,5,2,16,1,64,2,8,5,1,7,5,1,10,1,12,72,1,22,121.5831831,25.0528892
114,11,23,15,27,07信義區,信義區基隆路2段131-11號,0,0,2,1,F01,8,6,5,50,14,9,1,5,4,5,13,4,4,3,4,5,2,10,1,60,2,9,4,1,7,9,8,20,1,11,4,1,21,121.5565678,25.0279436
114,11,23,15,30,10文山區,文山區指南路1段96巷24號,0,0,1,1,B03,8,6,5,30,11,9,1,5,4,5,13,4,4,10,5,5,1,3,1,36,3,10,7,1,7,9,1,10,1,5,108,1,21,121.5713959,24.9871863
114,11,23,15,37,05中正區,中正區重慶南路1段108巷與懷寧街口108巷,0,0,5,1,C03,8,6,5,50,3,1,1,5,4,5,13,4,4,5,4,5,2,17,2,23,3,10,6,1,7,5,1,10,2,17,44,1,23,121.5130942,25.0413581
114,11,23,15,55,08士林區,士林區承德路4段140號,0,0,1,1,B03,8,5,5,50,14,9,1,5,4,5,13,4,4,9,4,5,1,17,1,37,3,10,7,1,7,8,1,8,1,6,100,1,21,121.5234041,25.084589
114,11,23,15,56,05中正區,中正區古亭河濱公園自行車道141燈桿旁,0,0,2,1,F02,8,7,5,50,11,23,1,5,4,5,13,4,4,10,5,5,2,17,1,46,2,9,4,1,7,5,8,20,2,14,44,1,22,121.5260007,25.013426
114,11,23,16,30,07信義區,信義區菸廠路88號,0,0,2,1,B03,8,6,5,50,14,9,1,5,4,5,13,4,4,4,3,5,2,16,1,51,3,10,3,4,7,11,1,4,1,4,10,1,21,121.5614165,25.0449672
114,11,23,16,35,03中山區,中山區大佳河濱公園(大直橋下),0,0,2,1,F01,8,7,8,30,22,22,4,5,4,5,13,4,4,10,5,5,2,17,2,8,2,8,4,1,7,5,8,20,1,14,8,1,21,121.5445898,25.07541042
114,11,23,16,44,03中山區,中山區市民大道2段與長安東路1段52巷口口,0,0,3,1,C03,7,7,5,40,3,2,1,5,4,5,13,1,1,1,4,5,2,13,1,34,2,8,3,4,7,9,1,10,1,11,16,1,21,121.5279202,25.0470008
114,11,23,17,05,09北投區,北投區稻香路186號,0,0,1,1,B03,8,6,5,50,12,9,1,5,4,5,13,4,4,8,5,5,1,13,1,68,3,10,7,1,7,9,1,8,1,1,108,1,21,121.4879941,25.1439414
114,11,23,17,14,04大安區,大安區新生南路2段往北(新生國小對面）,0,0,1,1,B03,8,5,5,40,14,9,1,5,4,5,13,4,4,1,4,5,2,12,1,40,3,10,7,1,7,1,1,8,1,4,19,1,21,121.5342807,25.0293987
114,11,23,18,16,03中山區,中山區北安路與北安路770巷口,0,0,2,1,C03,7,5,5,50,5,2,1,5,4,5,13,2,2,8,3,5,1,17,1,38,2,9,5,1,7,9,1,10,1,11,13,1,21,121.5530245,25.08548646
114,11,23,18,23,03中山區,中山區農安街與中原街口,0,0,1,1,C03,7,5,5,50,3,2,1,5,4,5,13,3,1,5,4,5,1,13,2,42,3,10,6,1,7,9,1,10,1,11,16,1,21,121.5288365,25.0648362
114,11,23,20,08,02萬華區,萬華區萬大路486巷與萬大路486巷37弄口,0,0,2,1,C03,8,5,5,30,4,1,1,5,4,5,13,4,4,10,5,5,2,15,2,36,2,9,5,1,7,9,1,10,1,14,72,1,21,121.4964207,25.0201971
114,11,23,21,12,03中山區,中山區市民大道3段林森抽水站,0,0,1,1,C03,8,5,5,40,14,9,1,5,4,5,13,4,4,5,4,5,2,13,2,18,2,9,5,1,7,9,1,10,2,11,108,1,22,121.5321021,25.04563743
114,11,23,21,58,07信義區,信義區福德街292號,0,0,2,1,C03,7,5,5,50,14,9,1,5,4,5,13,4,4,9,5,5,2,17,1,62,2,9,6,1,7,9,1,10,1,12,101,1,21,121.5867974,25.0390996
114,11,23,22,00,05中正區,中正區中山南路與愛國西路口,0,0,3,1,C03,8,5,5,50,4,1,1,5,4,5,13,1,1,1,3,1,2,17,2,50,2,8,6,1,7,9,1,10,2,12,17,1,21,121.5165917,25.0347503
114,11,23,22,40,05中正區,中正區潮州街2號,0,0,1,1,B02,8,5,5,50,14,9,1,5,4,5,13,4,4,9,4,5,2,16,1,24,3,10,7,1,7,11,1,10,2,8,10,1,21,121.5209948,25.0297203
114,11,24,00,39,03中山區,中山區南京東路2段與新生北路2段口,0,0,2,1,C03,8,5,5,50,4,1,1,5,4,5,13,1,1,1,4,5,2,16,2,34,2,9,5,1,7,5,1,10,1,14,8,1,22,121.5278364,25.0521718
114,11,24,04,51,03中山區,中山區松江路與南京東路2段口,0,0,1,1,C03,7,5,5,50,5,2,1,4,4,5,13,2,1,8,3,5,1,17,1,104,4,11,3,4,7,9,7,19,11,15,44,2,21,121.5330921,25.0519457
114,11,24,04,52,03中山區,中山區民權東路2段92巷與錦州街口,0,0,1,1,B12,8,5,5,30,4,1,1,5,4,5,13,4,4,10,5,5,1,15,1,40,3,10,3,4,7,9,1,8,1,7,72,1,21,121.531696,25.060275
114,11,24,05,39,05中正區,中正區貴陽街1段與博愛路口,0,0,2,1,C03,8,5,5,50,14,9,1,5,4,5,13,1,1,9,4,5,2,13,1,65,2,9,5,1,7,9,1,10,2,11,108,1,21,121.5109617,25.0389065
114,11,24,05,40,05中正區,中正區南昌路2段222號,0,0,1,1,B03,8,5,5,0,14,25,4,5,4,5,13,4,4,10,5,5,2,15,1,66,3,10,7,1,7,9,1,8,2,5,80,1,21,121.5246199,25.023789
114,11,24,06,39,10文山區,文山區木柵路1段與辛亥路7段口,0,0,1,1,B02,8,6,5,50,14,9,2,5,4,5,13,2,1,10,5,5,2,17,1,41,3,10,3,4,7,5,1,4,1,5,71,1,21,121.5522698,24.987757
114,11,24,07,10,08士林區,士林區中正路與中山北路5段口口,0,0,1,1,C03,8,7,5,50,4,1,1,5,4,5,13,1,1,3,3,5,2,12,2,44,2,9,5,1,7,7,1,10,1,14,101,1,22,121.5276146,25.0956592
114,11,24,07,13,09北投區,北投區大度路3段與中央北路4段口,0,0,2,1,B03,8,5,5,50,4,1,1,5,4,5,13,1,1,3,2,3,2,17,2,19,3,10,3,4,7,6,1,8,2,6,9,1,21,121.4645868,25.1238831
114,11,24,07,43,12內湖區,內湖區民權東路6段276號前,0,0,1,1,C03,8,5,5,40,14,8,1,5,4,5,13,4,4,1,4,4,2,17,2,56,2,9,6,1,7,9,1,10,2,11,108,1,21,121.6049302,25.0719815
114,11,24,07,48,10文山區,文山區和平東路4段（軍功幹13燈桿）前,0,0,3,1,C03,8,6,5,50,14,9,1,5,4,5,13,4,4,4,5,5,1,18,2,34,2,9,3,4,7,9,1,10,2,17,32,1,22,121.5723478,25.0020088
114,11,24,07,50,07信義區,信義區基隆路1段400號,0,0,2,1,C03,8,6,5,50,14,9,1,5,4,5,13,4,4,1,4,5,2,18,2,59,2,9,3,4,7,9,1,10,1,17,50,1,21,121.5600897,25.034128
114,11,24,07,51,10文山區,文山區興隆路3段與興隆路3段115巷口,0,0,1,1,C03,8,6,5,50,3,2,1,5,4,5,13,2,1,1,4,5,2,16,1,22,3,10,6,1,7,11,1,10,2,12,92,1,21,121.5579964,24.9989137
114,11,24,07,58,09北投區,北投區立功街與中央北路4段515巷口,0,0,2,1,B03,8,7,5,50,3,1,1,5,4,5,13,1,1,9,4,5,2,16,2,59,3,10,7,1,7,5,1,8,1,1,8,1,21,121.470107,25.126093
114,11,24,08,22,10文山區,文山區羅斯福路5段與羅斯福路5段97巷口口,0,0,1,1,C03,8,6,5,50,3,1,1,5,4,5,13,4,4,1,4,5,2,17,1,19,2,8,6,1,7,6,1,10,1,14,17,1,21,121.5391125,25.0053399
114,11,24,08,24,03中山區,中山區建國北路1段33巷與八德路2段199巷口,0,0,1,1,C03,8,6,5,30,4,1,1,5,4,5,13,4,4,10,5,5,1,15,1,39,2,8,6,1,7,9,1,10,1,11,72,1,21,121.5390676,25.0477803
114,11,24,08,40,12內湖區,內湖區成功路2段與成功路2段498巷口,0,0,1,1,B03,8,5,5,50,3,1,1,5,4,5,13,3,1,1,1,5,1,16,1,78,4,11,3,4,7,11,7,19,11,5,10,2,22,121.5899903,25.0736342
114,11,24,08,47,01大同區,大同區台北橋機慢車道(燈桿7010753）,0,0,2,1,C03,8,6,7,50,14,11,1,5,4,5,13,4,4,1,4,5,2,17,1,66,2,9,6,4,7,7,1,10,1,13,101,1,21,121.5086991,25.06349017
114,11,24,08,59,08士林區,士林區延平北路5段與延平北路5段224巷口口,0,0,3,1,C03,8,7,5,50,4,1,1,5,4,5,13,1,1,3,3,5,2,12,2,62,2,9,5,1,7,7,1,10,2,13,80,1,22,121.5099744,25.0840654
114,11,24,09,04,07信義區,信義區莊敬路325巷與莊敬路289巷6弄口,0,0,2,1,C04,8,6,5,30,4,1,1,5,4,5,13,4,4,9,5,5,2,13,2,52,2,8,3,4,7,9,1,10,1,11,16,1,22,121.5641717,25.0285145
114,11,24,09,05,08士林區,士林區文昌路155巷與文昌路169巷口,0,0,1,1,B01,8,6,5,30,4,1,1,5,4,5,13,4,4,10,5,5,2,15,1,68,3,10,3,4,7,9,1,4,2,1,72,1,22,121.5197821,25.0975325
114,11,24,09,15,05中正區,中正區林森北路與北平東路口,0,0,1,1,B03,8,6,5,50,4,1,1,5,4,5,13,1,1,10,2,5,2,16,1,45,3,10,7,4,7,5,6,8,2,6,8,1,22,121.5238805,25.04643131
114,11,24,09,23,06松山區,松山區民權東路4段0203185號號燈桿前,0,0,1,1,,8,6,5,50,14,7,1,5,4,5,13,4,4,1,4,4,2,17,4,0,,,,,,,,,11,,119,2,,121.5557039,25.0619741
114,11,24,09,30,07信義區,信義區永吉路168號,0,0,1,1,A02,8,5,5,50,14,9,1,5,4,5,13,4,4,1,4,5,2,9,1,27,3,10,7,1,7,12,1,2,9,17,42,1,21,121.5714274,25.0455144
114,11,24,09,40,12內湖區,內湖區康樂街61巷與康樂街口,0,0,1,1,B03,8,6,5,50,3,1,1,5,4,5,13,2,1,5,5,5,2,3,2,64,3,10,7,1,7,5,1,8,1,1,70,1,21,121.6183467,25.0684255
114,11,24,09,44,02萬華區,萬華區環河南路2段與長順街14巷口,0,0,2,1,F01,8,7,5,50,4,2,1,5,4,5,13,2,1,1,4,5,2,17,1,82,2,9,4,1,7,9,8,20,1,14,81,1,21,121.4899858,25.0306554
114,11,24,09,56,12內湖區,內湖區成功路3段174巷12號,0,0,1,1,F03,8,6,5,50,14,9,1,5,4,5,13,4,4,9,5,5,2,16,2,71,2,9,6,1,7,11,8,20,9,12,11,1,22,121.5905257,25.0812763
114,11,24,10,31,04大安區,大安區辛亥路3段水安停車場出入口,0,0,2,1,B03,8,6,5,50,14,9,1,5,4,5,13,4,4,1,4,5,2,16,2,46,3,10,7,1,7,8,1,8,1,2,17,1,21,121.549314,25.0165279
114,11,24,10,51,04大安區,大安區敦化南路2段205號,0,0,2,1,C03,8,6,5,50,14,9,1,5,4,5,13,4,4,1,4,5,2,13,1,22,2,9,5,1,7,7,1,10,1,12,108,1,21,121.5489747,25.0258124
114,11,24,11,00,08士林區,士林區仰德大道2段50號,0,0,1,1,C01,8,7,5,40,14,9,1,5,4,5,13,4,4,5,5,5,1,12,1,20,3,10,6,1,7,4,3,18,1,12,101,1,21,121.5444636,25.1054923
114,11,24,11,17,04大安區,大安區敦化南路1段與仁愛路4段口,0,0,1,1,F01,8,6,5,50,4,1,1,5,4,5,13,1,1,1,5,5,2,15,2,52,2,9,4,1,7,9,8,20,1,12,44,1,21,121.5485831,25.0369898
114,11,24,11,22,12內湖區,內湖區民權東路6段119號對面,0,0,1,1,C03,8,5,5,50,14,9,1,5,4,5,13,4,4,1,4,5,2,17,1,33,2,8,6,1,7,7,1,10,1,14,80,1,21,121.5923749,25.0688847
114,11,24,11,30,04大安區,大安區安和路2段與安和路2段59巷口,0,0,1,1,B03,8,6,5,50,4,1,1,5,4,5,13,1,1,10,5,5,2,16,1,68,3,10,7,1,7,5,1,8,1,5,71,1,21,121.5523907,25.0309546
114,11,24,11,31,02萬華區,萬華區環河南路1段與漢口街2段口,0,0,1,1,B03,8,7,5,40,3,1,1,5,4,5,13,3,1,9,4,5,2,16,2,36,3,10,3,4,7,6,1,8,1,2,9,1,22,121.5035708,25.0463955
114,11,24,11,32,04大安區,大安區大安路1段與大安路1段51巷口,0,0,2,1,C03,8,6,5,30,4,1,1,5,4,5,13,4,4,10,4,5,2,15,1,60,2,9,5,1,7,9,1,10,1,11,72,1,22,121.5461952,25.0431182
114,11,24,11,54,09北投區,北投區文化三路83號,0,0,1,1,H01,8,6,5,30,14,9,1,5,4,5,13,4,4,10,5,5,2,6,2,7,2,9,4,5,8,18,8,20,10,16,53,1,22,121.4985127,25.1401289
114,11,24,12,01,04大安區,大安區樂利路16巷3號,0,0,1,1,B03,8,6,5,30,14,9,1,5,4,5,13,4,4,10,5,5,2,17,1,56,3,10,3,1,7,15,1,8,1,2,44,1,21,121.5510264,25.0277014
114,11,24,12,18,05中正區,中正區青島東路7號,0,0,1,1,B03,8,6,5,50,14,9,1,5,4,5,13,4,4,5,4,4,2,16,1,29,3,10,7,1,7,11,1,8,2,5,10,1,22,121.522595,25.0437417
114,11,24,12,22,05中正區,中正區金山南路1段與仁愛路2段口,0,0,2,1,C03,8,6,5,50,4,4,1,5,4,5,13,2,1,1,4,5,2,13,1,67,2,9,6,1,7,9,1,10,2,11,16,1,21,121.5282931,25.0378958
114,11,24,12,46,12內湖區,內湖區康寧路1段與金湖路口,0,0,1,1,B03,8,6,5,50,3,1,1,5,4,5,13,2,1,3,4,5,2,16,2,42,3,10,7,1,7,5,1,8,2,1,80,1,21,121.5995395,25.0790223
114,11,24,13,07,09北投區,北投區中央北路3段11號,0,0,2,1,C03,8,7,5,50,14,9,1,5,4,5,13,4,4,9,4,5,2,16,2,51,2,9,5,1,7,5,1,10,1,11,8,1,21,121.4868579,25.1382684
114,11,24,13,08,06松山區,松山區復興北路與民生東路3段口,0,0,1,1,C03,8,6,5,50,4,2,1,5,4,1,13,1,1,1,4,4,2,13,2,55,2,9,6,1,7,9,1,10,1,11,16,1,21,121.5442238,25.05744705
114,11,24,13,22,09北投區,北投區陽明路1段43巷與陽明路1段口,0,0,1,1,B03,8,6,5,30,3,1,1,5,4,5,13,3,1,8,5,5,2,16,1,49,3,10,7,1,7,5,1,8,1,8,72,1,22,121.5493809,25.1491081
114,11,24,13,33,03中山區,中山區建國北路1段與南京東路2段口,0,0,1,1,B03,8,6,5,50,4,2,1,5,4,5,13,2,1,5,5,4,2,16,1,63,3,10,7,1,7,5,1,8,2,5,83,1,21,121.5366784,25.0520851
114,11,24,15,14,10文山區,文山區景華街與仙岩路口口,0,0,2,1,C03,8,6,5,30,3,1,1,5,4,5,13,2,1,10,5,5,2,17,2,29,3,10,6,1,7,6,1,10,1,12,80,1,21,121.5477705,24.9983009
114,11,24,15,15,08士林區,士林區無名巷與菁山路口（115之1號旁）,0,0,1,1,C03,8,6,5,30,3,1,1,5,4,5,13,4,4,10,5,5,2,17,1,24,2,9,3,4,7,6,1,10,1,14,74,1,21,121.5587921,25.14250183