發生年度,發生月,發生日,發生時-Hours,發生分,區序,肇事地點,死亡人數,2-30日死亡人數,受傷人數,當事人序號,車種,天候,光線,道路類別,速限-速度限制,道路型態,事故位置,路面狀況1,路面狀況2,路面狀況3,道路障礙1,道路障礙2,號誌1,號誌2,車道劃分-分向,車道劃分-分道1,車道劃分-分道2,車道劃分-分道3,事故類型及型態,性別,年齡,受傷程度,主要傷處,保護裝置,行動電話,車輛用途,當事者行動狀態,駕駛資格情形,駕駛執照種類,飲酒情形,車輛撞擊部位1,肇因碼-個別,個人肇逃否,職業,座標-X,座標-Y
114,11,24,16,04,10文山區,文山區指南路3段與指南路3段2巷口,0,0,1,1,C03,8,7,5,30,3,1,1,5,4,5,13,3,1,9,5,5,2,16,2,21,3,10,6,1,7,1,1,10,2,11,72,1,21,121.5799341,24.9853327
114,11,24,16,18,12內湖區,內湖區堤外便道往汐止,0,0,1,1,B13,8,7,5,50,14,9,1,5,4,5,13,4,4,5,5,5,2,12,1,29,3,10,7,1,7,15,1,8,2,5,17,1,21,121.6175675,25.0657558
114,11,24,16,20,10文山區,文山區萬芳路與萬和街口,0,0,1,1,B03,8,5,5,50,3,1,1,5,4,5,13,2,1,5,4,5,2,16,1,53,3,10,3,4,7,11,1,8,1,2,44,1,21,121.568964,24.9988434
114,11,24,16,26,04大安區,大安區羅斯福路4段與舟山路口,0,0,1,1,C03,8,6,5,50,3,2,1,5,4,5,13,4,4,1,4,5,2,12,1,48,3,10,6,4,7,8,1,10,1,12,101,1,22,121.5349665,25.01433587
114,11,24,17,10,03中山區,中山區民權東路2段71巷與吉林路299巷口,0,0,2,1,B01,7,7,5,30,4,1,1,5,4,5,13,4,4,10,5,5,2,15,1,52,3,10,7,1,7,9,1,4,1,1,72,1,21,121.5320082,25.0630288
114,11,24,17,20,05中正區,中正區仁愛路2段47號,0,0,1,1,C03,8,5,5,50,14,9,1,5,4,5,13,1,1,1,4,5,2,17,2,72,2,1,5,1,7,7,3,18,1,14,101,1,21,121.5293434,25.0383282
114,11,24,17,34,12內湖區,內湖區新明路與南京東路6段368巷口,0,0,1,1,C03,8,5,5,50,3,1,1,5,4,5,13,2,1,5,4,4,2,13,1,30,2,7,5,2,7,9,1,10,1,11,111,1,21,121.5871807,25.0580676
114,11,24,17,42,09北投區,北投區文林北路與文林北路75巷口,0,0,4,1,C03,8,5,5,50,4,1,1,5,4,5,13,1,1,1,4,1,2,17,2,39,2,9,5,1,7,5,3,18,1,11,8,1,21,121.5155431,25.1070633
114,11,24,17,50,12內湖區,內湖區堤頂大道2段417號,0,0,1,1,C04,7,5,5,50,4,1,1,5,4,5,13,2,1,1,4,5,2,17,1,41,2,9,6,1,7,9,1,8,1,11,108,1,21,121.5627741,25.0806071
114,11,24,17,55,05中正區,中正區中山南路與凱達格蘭大道口,0,0,2,1,C03,8,5,5,50,5,1,1,5,4,5,13,1,1,1,4,5,2,12,2,40,2,9,6,1,7,9,1,10,1,12,108,1,22,121.5172532,25.0391006
114,11,24,18,00,07信義區,信義區忠孝東路4段與基隆路1段口,0,0,1,1,C03,8,5,5,50,4,1,1,5,4,5,13,1,1,1,4,1,2,13,1,26,3,10,5,1,7,9,1,10,1,11,42,1,22,121.5645782,25.0415444
114,11,24,18,11,02萬華區,萬華區西藏路與西園路2段口,0,0,1,1,C03,7,5,5,50,4,2,1,5,4,5,13,1,1,1,4,5,2,12,1,41,2,9,5,1,7,4,1,10,1,12,108,1,21,121.4958554,25.028665
114,11,24,18,12,01大同區,大同區承德橋北往南機慢車專用道(005號燈桿),0,0,1,1,C03,8,5,5,40,14,11,1,5,4,5,13,4,4,3,2,4,1,13,1,18,3,10,6,1,7,9,1,10,2,11,16,1,21,121.5207928,25.077389
114,11,24,18,14,03中山區,中山區建國北路3段113巷27號對面,0,0,1,1,B03,7,5,5,50,14,9,1,5,4,5,13,4,4,8,5,5,1,17,1,53,3,10,3,4,7,14,1,8,11,2,40,1,21,121.5363022,25.06749543
114,11,24,18,20,12內湖區,內湖區康寧路3段與康寧路3段16巷口,0,0,1,1,C03,8,5,5,50,14,9,1,5,4,5,13,4,4,1,5,5,2,17,1,41,2,1,5,1,7,9,1,10,1,11,16,1,21,121.6070463,25.0727376
114,11,24,18,42,11南港區,南港區三重路與三重路41巷口,0,0,1,1,A02,8,5,5,50,3,1,1,5,4,5,13,4,4,5,3,5,1,17,1,36,4,11,3,4,7,9,1,2,9,17,44,1,22,121.6143329,25.0599797
114,11,24,18,50,04大安區,大安區辛亥路2段與復興南路2段口口,0,0,1,1,F01,8,5,5,50,4,2,1,5,4,5,13,2,1,1,4,5,2,15,2,51,2,9,4,1,7,9,8,20,1,11,42,1,21,121.5432067,25.0210103
114,11,24,18,58,05中正區,中正區中華路1段與貴陽街1段口,0,0,1,1,B03,8,5,5,50,4,2,1,5,4,5,13,1,1,1,4,1,1,17,1,60,3,10,7,1,7,6,1,8,1,5,16,1,21,121.5076559,25.0393016
114,11,24,19,00,12內湖區,內湖區民權東路6段與舊宗路1段口,0,0,1,1,B12,8,5,5,50,4,2,1,5,4,5,13,2,1,1,4,5,2,17,1,48,3,10,7,1,7,5,1,8,1,5,101,1,21,121.5750823,25.06589067
114,11,24,19,18,11南港區,南港區福山街與民權街二段口,0,0,1,1,C03,8,5,5,30,4,1,1,5,4,5,13,4,4,5,5,5,2,15,2,40,3,10,6,1,7,14,1,10,2,17,72,1,21,121.6180276,25.0455717
114,11,24,19,50,08士林區,士林區中正路499號,0,0,1,1,C03,7,5,5,50,14,9,1,5,4,5,13,4,4,5,4,5,2,13,1,20,2,7,6,1,7,9,1,10,2,11,108,1,22,121.5180561,25.0918578
114,11,24,20,10,12內湖區,內湖區港墘路與環山路2段109巷6弄口,0,0,1,1,B03,8,5,5,40,4,2,1,5,4,5,13,4,4,1,5,5,2,17,1,41,3,10,7,1,7,9,1,8,1,1,108,1,21,121.5781636,25.0834114
114,11,24,20,18,09北投區,北投區中央北路2段與稻香路口,0,0,1,1,B03,7,5,5,50,5,2,1,5,4,5,13,2,1,10,5,5,2,17,2,64,3,10,7,1,7,6,1,8,2,4,9,1,21,121.4911802,25.1387871
114,11,24,20,39,01大同區,大同區民生西路與西寧北路口,0,0,1,1,C03,8,5,5,50,4,1,1,5,4,5,13,1,1,5,4,5,2,16,1,33,2,9,6,1,7,5,1,10,2,11,44,1,21,121.5090019,25.05688296
114,11,24,21,30,10文山區,文山區木柵路1段與辛亥路7段口,0,0,1,1,F01,7,6,5,50,4,2,1,5,4,5,13,2,1,5,4,5,2,17,1,12,3,10,4,1,7,5,8,20,9,14,8,1,21,121.5521943,24.9877496
114,11,24,21,40,01大同區,大同區延平北路1段與甘谷街口口,0,0,3,1,C03,8,5,5,50,4,1,1,5,4,5,13,4,4,5,5,5,2,13,1,40,2,7,6,1,7,9,1,10,1,11,16,1,21,121.5118617,25.0526517
114,11,24,21,52,08士林區,士林區重陽橋,0,0,1,1,B12,7,5,5,60,8,9,1,5,4,5,13,4,4,2,4,5,1,17,1,57,3,10,3,4,7,9,1,8,9,17,37,2,22,121.5050535,25.0855876
114,11,25,03,33,02萬華區,萬華區西寧南路與開封街2段口,0,0,2,1,B03,8,5,5,50,4,1,1,5,4,5,13,1,1,8,3,5,2,16,1,34,3,10,7,1,7,5,1,8,2,8,8,1,21,121.5070508,25.0466018
114,11,25,06,46,08士林區,士林區德行東路與德行東路129巷口,0,0,1,1,B02,7,7,5,30,4,1,1,5,4,5,13,4,4,5,1,5,1,16,1,49,3,10,7,1,7,5,1,8,1,2,44,1,21,121.5290163,25.10796038
114,11,25,07,05,08士林區,士林區承德路5段與承德路5段口往北第1101938號路燈桿,0,0,2,1,A31,7,7,5,40,14,8,1,5,4,5,13,4,4,1,4,4,2,17,1,71,3,10,3,4,7,13,1,1,2,17,34,1,21,121.515296,25.0934307
114,11,25,07,56,10文山區,文山區景華街150巷與景華街128巷3弄口,0,0,2,1,C03,8,6,5,30,4,1,1,5,4,5,13,4,4,10,5,5,2,15,2,42,2,8,6,1,7,9,1,10,1,12,72,1,21,121.5549293,25.00074216
114,11,25,07,58,06松山區,松山區市民大道4段(敦化南路1段108號旁),0,0,1,1,B03,8,7,6,40,14,9,1,5,4,5,13,4,4,1,4,5,2,17,1,63,3,10,2,1,7,7,1,8,1,17,100,1,25,121.5482063,25.0450204
114,11,25,08,03,07信義區,信義區市民大道5段82號,0,0,1,1,C03,8,6,5,40,14,9,1,5,4,5,13,4,4,1,4,5,2,13,1,58,2,9,6,1,7,1,1,10,2,13,19,1,22,121.5671164,25.0484407
114,11,25,08,22,02萬華區,萬華區艋舺大道104號,0,0,1,1,C03,7,6,5,50,14,8,1,5,4,5,13,4,4,1,4,5,2,17,1,18,2,9,6,1,7,15,1,10,1,12,42,1,21,121.5026509,25.033266
114,11,25,08,22,12內湖區,內湖區民權東路6段180巷與民權東路6段180巷21弄口,0,0,1,1,B03,7,6,5,50,3,1,1,5,4,5,13,4,4,8,3,5,1,16,1,45,3,10,7,1,7,5,1,8,1,8,8,1,21,121.5927816,25.0681255
114,11,25,08,33,05中正區,中正區杭州南路1段143巷對面,0,0,1,1,F01,8,7,5,50,14,9,1,5,4,5,13,4,4,10,4,5,2,17,2,69,2,8,4,1,7,12,8,20,1,14,116,1,21,121.5246766,25.0367364
114,11,25,08,39,04大安區,大安區羅斯福路2段與和平東路1段口,0,0,1,1,C03,8,6,5,50,4,1,1,5,4,5,13,1,1,9,4,5,1,17,2,53,4,11,3,4,7,9,1,10,11,14,99,2,22,121.5226406,25.0270039
114,11,25,08,59,05中正區,中正區杭州南路1段與杭州南路1段105巷口,0,0,2,1,C03,7,7,5,50,3,1,1,5,4,5,13,4,4,9,4,5,2,15,1,34,2,9,6,1,7,10,1,10,2,13,72,1,21,121.5249869,25.03766793
114,11,25,09,00,03中山區,中山區中山北路1段與中山北路1段112巷口,0,0,1,1,B01,7,7,5,50,3,1,1,5,4,5,13,4,4,1,4,5,2,17,1,59,3,10,7,1,7,8,1,4,2,6,100,1,21,121.5218528,25.05041987
114,11,25,09,36,02萬華區,萬華區堤外便道近光復橋,0,0,2,1,C03,8,6,5,40,14,9,1,5,4,5,13,3,1,5,5,5,2,17,2,26,2,9,6,1,7,9,3,18,1,11,14,1,21,121.4908293,25.0232234
114,11,25,11,21,02萬華區,萬華區大理街160巷與大理街160巷21弄口,0,0,1,1,C03,7,6,5,30,4,1,1,5,4,5,13,4,4,10,5,5,2,17,2,73,2,9,6,1,7,9,1,10,1,11,108,1,21,121.4938921,25.0325148
114,11,25,11,29,08士林區,士林區延平北路5段與延平北路5段83巷口,0,0,1,1,A11,8,6,5,50,4,1,1,5,4,5,13,2,1,1,4,5,1,13,1,59,3,10,7,1,7,1,1,3,1,17,19,1,21,121.5106588,25.0807523
114,11,25,11,30,08士林區,士林區文林路與福國路口口,0,0,1,1,B12,8,7,5,50,5,1,1,5,4,5,13,1,1,1,3,5,2,16,1,35,3,10,3,4,7,6,1,8,2,7,44,1,22,121.5207076,25.1021057
114,11,25,11,49,01大同區,大同區鄭州路與西寧北路口,0,0,3,1,C03,8,7,5,40,4,2,1,5,4,5,13,2,1,1,4,5,2,17,1,27,2,9,3,4,7,6,1,10,1,11,42,1,21,121.5082378,25.0503819
114,11,25,12,20,06松山區,松山區市民大道4段與八德路3段74巷口,0,0,1,1,B03,8,6,5,40,3,1,1,5,4,5,13,4,4,1,4,5,2,16,1,29,3,10,7,1,7,6,1,8,9,6,9,1,22,121.5524597,25.04459096
114,11,25,12,31,10文山區,文山區忠順街1段4號對面公車停靠站,0,0,1,1,A02,8,6,5,30,14,9,2,5,4,5,13,3,1,9,5,5,2,9,1,58,3,10,7,1,7,1,1,2,11,17,42,1,21,121.5570005,24.9835977
114,11,25,12,55,06松山區,松山區南京東路5段291巷23號,0,0,1,1,B03,8,6,5,30,14,9,1,5,4,5,13,4,4,10,5,5,2,2,1,30,3,10,7,1,7,9,1,8,2,2,44,1,22,121.566163,25.05246544
114,11,25,13,07,08士林區,士林區中山北路5段劍潭捷運站公車站,0,0,1,1,A02,8,6,5,50,14,9,1,5,4,5,13,4,4,1,4,5,1,9,1,49,3,10,7,1,7,12,1,2,1,17,36,1,21,121.520956,25.12036237
114,11,25,13,18,04大安區,大安區仁愛路3段與復興南路1段口,0,0,2,1,F01,7,6,5,0,4,1,1,5,4,5,13,2,1,1,4,5,2,10,1,15,2,9,4,1,7,9,8,20,1,11,108,1,22,121.543955,25.0376567
114,11,25,13,24,02萬華區,萬華區萬大路237巷與萬大路口,0,0,1,1,C03,7,6,5,30,4,1,1,5,4,5,13,2,1,9,5,5,2,17,1,63,3,10,6,1,7,9,1,10,1,11,44,1,21,121.5004636,25.02620811
114,11,25,14,27,08士林區,士林區小西街與大南路口,0,0,2,1,C03,8,6,5,30,4,1,1,5,4,5,13,4,4,10,5,5,2,15,1,41,2,9,3,4,7,9,1,10,1,12,72,1,21,121.5236247,25.0899198
114,11,25,14,44,01大同區,大同區民生西路與寧夏路口,0,0,1,1,C03,8,6,5,50,4,1,1,5,4,5,13,2,1,5,4,5,2,17,1,65,4,11,3,4,7,6,1,10,11,17,9,2,21,121.5161553,25.0569844
114,11,25,14,55,02萬華區,萬華區中華路2段與汀州路1段口,0,0,1,1,C03,8,6,5,50,4,1,1,5,4,5,13,2,1,5,5,5,2,12,2,63,2,9,5,1,7,9,1,10,1,14,108,1,21,121.5050748,25.03309303
114,11,25,16,21,09北投區,北投區公館路與公館路423巷口口,0,0,1,1,C03,8,6,5,50,3,2,1,5,4,5,13,4,4,8,3,5,2,13,1,18,2,7,6,1,7,9,1,10,2,14,108,1,22,121.5024715,25.1209295
114,11,25,16,24,06松山區,松山區八德路3段與光復北路口,0,0,1,1,C03,8,5,8,50,22,22,1,5,4,5,13,2,1,9,4,5,2,17,1,31,2,9,6,1,7,11,1,10,1,14,99,1,21,121.5574104,25.0481845
114,11,25,16,28,04大安區,大安區基隆路3段與基隆路口側附近3段155巷口,0,0,2,1,C03,8,5,5,40,4,1,1,5,4,5,13,2,1,1,4,5,2,13,1,26,2,9,6,1,7,5,1,10,1,14,8,1,22,121.5426345,25.0156917
114,11,25,16,36,05中正區,中正區泉州街20巷與三元街212巷口口,0,0,2,1,C03,8,6,5,30,4,1,1,5,4,5,13,4,4,10,5,5,1,15,1,62,2,7,6,1,7,9,1,10,1,11,75,1,21,121.5122553,25.02678922
114,11,25,17,06,08士林區,士林區百齡右岸河濱公園百齡橋下,0,0,1,1,B03,8,6,5,50,14,9,1,5,4,5,13,4,4,10,4,5,1,13,1,59,3,10,7,1,7,14,1,8,2,7,108,1,21,121.515179,25.0909182
114,11,25,17,08,05中正區,中正區仁愛路2段與金山南路1段口,0,0,1,1,C03,7,5,5,50,4,1,1,5,4,5,13,2,1,1,4,1,2,13,2,63,2,8,5,1,7,9,1,10,1,11,16,1,21,121.5285105,25.0383878
114,11,25,17,09,06松山區,松山區光復北路11巷67號,0,0,1,1,B03,7,6,5,30,14,9,1,5,4,5,13,4,4,5,4,5,2,16,1,50,3,10,7,4,7,11,1,8,1,4,10,1,21,121.560432,25.0500723
114,11,25,17,15,01大同區,大同區南京西路202號,0,0,2,1,B03,7,5,5,50,14,9,1,5,4,5,13,4,4,1,4,5,2,17,1,47,3,10,7,4,7,8,1,8,11,6,100,2,21,121.517443,25.0531473
114,11,25,17,15,04大安區,大安區市民大道3段142號,0,0,1,1,C03,7,5,5,40,14,8,1,5,4,5,13,4,4,1,4,4,1,17,2,21,2,9,6,1,7,9,1,10,1,11,16,1,21,121.5351158,25.0447457
114,11,25,17,20,12內湖區,內湖區內湖路1段285巷與環山路1段9巷口,0,0,1,1,F01,8,5,5,30,4,2,1,5,4,5,13,4,4,10,5,5,2,17,2,73,2,8,4,1,7,15,8,20,1,11,101,1,21,121.5668195,25.08291881
114,11,25,17,28,04大安區,大安區和平東路1段與羅斯福路2段口,0,0,1,1,B03,7,5,5,50,4,2,1,5,4,5,13,2,1,9,4,5,1,13,1,62,3,10,3,4,2,9,1,4,1,5,16,1,21,121.5229726,25.0271407
114,11,25,17,30,05中正區,中正區襄陽路7號,0,0,1,1,C03,8,5,5,50,14,9,1,5,4,5,13,4,4,5,4,5,2,13,2,48,2,9,6,1,7,5,1,10,2,13,8,1,22,121.5159676,25.0433689
114,11,25,17,33,12內湖區,(東湖路119巷49弄20號對面),0,0,2,1,C03,8,5,5,50,14,18,1,5,4,5,13,4,4,4,3,5,2,3,2,45,2,8,6,1,7,9,1,10,2,11,70,1,21,121.6166779,25.0698923
114,11,25,17,40,05中正區,中正區忠孝西路1段(M5出口),0,0,1,1,A02,7,5,5,50,22,9,1,5,4,5,13,4,4,2,4,5,2,9,1,58,3,10,7,1,7,14,1,2,9,2,40,1,26,121.5163012,25.046625
114,11,25,17,53,04大安區,大安區光復南路430號,0,0,1,1,F01,8,5,5,0,14,20,1,5,4,5,13,4,4,10,5,5,2,9,1,38,3,10,4,4,7,9,8,20,1,12,42,1,22,121.5574021,25.0362091
114,11,25,17,55,03中山區,中山區樂群一路與敬業三路口口,0,0,1,1,C03,8,5,5,50,3,2,1,5,4,5,13,1,1,1,4,5,2,13,2,43,2,9,3,4,7,9,1,10,1,11,44,1,21,121.556635,25.0772085
114,11,25,17,55,09北投區,北投區大度路3段與立德路口,0,0,1,1,C03,8,5,5,50,14,8,1,5,4,5,13,1,1,10,3,4,2,13,1,30,3,10,6,1,7,9,1,10,1,11,16,1,22,121.472434,25.1229298
114,11,25,17,55,12內湖區,內湖區民善街277號,0,0,1,1,B03,8,5,5,50,14,9,1,5,4,5,13,4,4,9,5,5,2,17,1,47,3,10,7,1,7,5,1,8,1,1,80,1,22,121.5743342,25.06466217
114,11,25,18,12,07信義區,信義區松壽路與一號道路口,0,0,1,1,B03,8,5,5,50,14,9,1,5,4,5,13,1,1,9,4,5,2,12,1,56,3,10,7,1,7,6,1,8,1,4,9,1,21,121.5619497,25.0363713
114,11,25,18,15,04大安區,大安區建國南路2段與建國南路2段69巷口,0,0,4,1,C03,8,6,5,50,3,2,1,5,4,5,13,4,4,1,5,5,2,13,2,24,2,9,6,1,7,9,1,10,1,11,16,1,21,121.5380319,25.0310971
114,11,25,18,40,03中山區,中山區民族東路與中山北路3段口,0,0,1,1,B03,8,5,5,50,5,1,1,5,4,5,13,2,1,9,5,5,2,13,1,28,3,10,7,1,7,9,1,8,1,1,108,1,21,121.5232451,25.0685017
114,11,25,19,01,09北投區,北投區七星街與育仁路口,0,0,1,1,C03,8,5,5,30,3,2,1,5,4,5,13,4,4,5,5,5,2,16,1,78,2,9,5,1,7,5,1,10,2,12,74,1,22,121.5009609,25.1366114
114,11,25,19,17,04大安區,大安區羅斯福路2段與杭州南路2段口,0,0,3,1,C03,7,5,5,30,5,1,1,5,4,5,13,2,1,10,5,5,2,17,2,41,2,9,6,4,7,6,1,10,1,14,80,1,22,121.5217584,25.0281629
114,11,25,19,51,01大同區,大同區承德路2段與民權西路口,0,0,1,1,C03,7,5,5,50,4,1,1,5,4,5,13,2,1,1,4,5,2,13,1,35,2,9,6,4,7,9,1,10,1,11,16,1,22,121.5179505,25.062812
114,11,25,21,08,12內湖區,內湖區金龍路與金龍隧道口,0,0,1,1,B03,8,5,5,50,3,2,1,5,4,5,13,2,1,5,4,5,2,17,2,31,3,10,7,1,7,5,1,8,2,5,8,1,21,121.5890045,25.08639408
114,11,25,21,14,04大安區,大安區基隆路2段200號,0,0,1,1,B01,8,5,5,50,14,9,1,5,4,5,13,4,4,1,4,5,2,13,4,0,4,11,3,4,7,21,7,19,11,15,119,2,22,121.5518587,25.023853
114,11,25,21,22,05中正區,中正區杭州南路1段59號,0,0,1,1,C03,7,5,5,50,14,9,1,5,4,5,13,1,1,10,4,5,2,17,2,28,3,10,5,1,7,1,3,18,2,14,19,1,21,121.5258577,25.040434
114,11,25,22,03,07信義區,信義區吳興街與吳興街220巷口,0,0,2,1,C03,7,5,5,50,4,1,1,5,4,5,13,2,1,9,4,5,2,16,1,50,2,5,5,1,7,5,6,10,2,11,8,1,21,121.5631041,25.0277201
114,11,25,22,17,10文山區,文山區和平東路4段與和平東路4段381巷口,0,0,1,1,C03,8,5,5,40,3,1,1,5,4,5,13,4,4,5,5,5,2,16,1,23,3,10,3,4,7,5,1,10,1,14,74,1,22,121.5739881,24.9993871
114,11,25,22,41,01大同區,大同區承德橋南向北,0,0,2,1,C03,8,5,5,50,12,9,1,5,4,5,13,4,4,4,4,5,2,17,1,37,2,9,5,1,7,9,1,10,2,11,44,1,21,121.5203272,25.0754349
114,11,25,23,37,04大安區,大安區敦化南路2段113號,0,0,1,1,A02,8,5,5,50,14,9,1,5,4,5,13,4,4,1,4,5,1,9,1,53,3,10,3,4,7,14,7,19,11,2,40,1,21,121.549039,25.0278564
114,11,26,00,03,06松山區,松山區八德路4段與八德路4段91巷口,0,0,1,1,B01,8,5,5,50,4,2,1,5,4,5,13,2,1,9,4,5,2,17,1,67,3,10,7,1,7,8,1,4,1,17,44,1,21,121.5603779,25.0486027
114,11,26,00,31,02萬華區,萬華區華江橋機車道往台北市方向下橋處-EP7牌面前,0,0,1,1,C03,8,5,5,40,8,11,1,5,4,5,13,4,4,3,5,3,1,18,1,63,2,9,5,1,7,15,1,10,1,14,44,1,21,121.4898082,25.0342052
114,11,26,01,44,03中山區,中山區大直街87號,0,0,2,1,C03,8,5,5,50,14,9,1,5,4,5,13,4,4,9,4,5,2,17,1,20,2,9,3,4,7,9,1,10,1,12,108,1,21,121.5471714,25.0842523
114,11,26,06,02,02萬華區,萬華區西藏路117號,0,0,1,1,B12,7,5,5,50,14,9,1,5,4,5,13,4,4,1,4,5,2,17,1,31,3,10,7,1,7,9,1,8,1,17,44,1,21,121.5027387,25.0297343
114,11,26,06,40,10文山區,文山區新光路1段與新光路1段31巷口口旁,0,0,1,1,C03,8,6,5,50,3,1,1,5,4,5,13,2,1,5,5,5,2,16,2,68,2,9,5,1,7,9,1,10,1,12,1,1,21,121.5737615,24.9894349
114,11,26,06,41,03中山區,中山區樂群一路往東上塔悠公園,0,0,1,1,C03,8,7,5,50,14,9,1,5,4,5,13,4,4,1,4,5,2,18,1,27,2,9,5,1,7,9,1,10,1,12,42,1,22,121.5941985,25.07075503
114,11,26,07,07,01大同區,大同區環河北路1段與鄭州路口,0,0,1,1,C03,8,5,5,40,14,9,1,5,4,5,13,4,4,1,4,5,2,12,1,29,2,9,5,1,7,7,1,10,2,12,100,1,22,121.5064101,25.0497737
114,11,26,07,40,08士林區,士林區中正路與福港街口,0,0,1,1,A02,8,6,5,50,3,2,1,5,4,5,13,2,1,1,4,5,1,9,1,48,3,10,7,1,7,1,1,2,9,17,116,1,21,121.5179192,25.08673675
114,11,26,07,49,08士林區,士林區芝玉路1段197巷與芝玉路1段197巷25弄口,0,0,2,1,C03,8,7,5,30,4,1,1,5,4,5,13,4,4,9,5,5,2,15,1,38,2,9,5,1,7,9,1,10,1,11,72,1,22,121.5331656,25.1069391
114,11,26,08,01,07信義區,信義區市民大道6段與松信路口,0,0,2,1,C03,8,6,5,40,4,1,1,5,4,5,13,1,1,1,4,5,2,16,1,23,2,8,6,1,7,5,3,18,2,14,103,1,22,121.572279,25.0492178
114,11,26,08,07,12內湖區,內湖區麥帥一橋機車道(東往西)7010402燈桿附近,0,0,3,1,C03,8,6,5,50,8,11,1,5,4,5,13,4,4,10,3,5,1,12,1,49,2,9,6,1,7,9,1,10,1,11,16,1,21,121.5737391,25.0529523
114,11,26,08,10,02萬華區,萬華區水源路與青年路口,0,0,2,1,F01,8,6,5,40,4,2,1,5,4,5,13,4,4,9,5,5,2,16,1,80,2,9,4,1,7,5,8,20,1,14,8,1,21,121.5038881,25.01975336
114,11,26,08,16,06松山區,松山區民生東路5段21號,0,0,1,1,A04,8,6,5,50,14,9,1,5,4,5,13,4,4,9,4,5,2,9,1,54,3,10,7,4,7,12,1,2,9,15,42,1,22,121.556064,25.05837812
114,11,26,08,24,03中山區,中山區林森北路與民族東路口,0,0,2,1,C03,8,7,5,50,4,2,1,5,4,5,13,1,1,1,4,5,2,12,1,30,2,7,6,1,7,9,1,10,1,12,17,1,21,121.5257701,25.06820198
114,11,26,08,33,01大同區,大同區環河北路2段與民族西路口口,0,0,1,1,C03,8,5,5,50,3,2,1,5,4,5,13,2,1,9,4,4,2,13,2,67,2,9,5,1,7,12,1,10,2,13,44,1,21,121.5091625,25.0682049
114,11,26,08,40,05中正區,中正區林森北路與北平東路口,0,0,1,1,C03,8,6,5,50,4,1,1,5,4,5,13,1,1,5,4,5,2,16,2,30,2,9,6,1,7,9,1,10,2,11,17,1,22,121.5237126,25.0463988
114,11,26,09,01,01大同區,大同區酒泉街50巷與承德路3段214巷口,0,0,1,1,C03,8,5,5,30,4,1,1,5,4,5,13,4,4,10,5,5,2,15,1,32,3,10,5,1,7,9,1,10,1,12,72,1,21,121.5166709,25.07163216
114,11,26,09,01,07信義區,信義區東興路67號,0,0,1,1,B01,8,7,5,50,14,9,1,5,4,5,13,4,4,3,4,5,2,17,1,63,3,10,3,4,7,14,1,4,2,5,38,1,21,121.5662028,25.0476033
114,11,26,09,10,02萬華區,萬華區萬大路424巷與武成街125巷6弄口,0,0,1,1,F01,8,7,5,30,4,1,1,5,4,5,13,4,4,9,5,5,2,10,2,80,2,9,4,4,7,9,8,20,1,11,72,1,22,121.4932492,25.0205429
114,11,26,09,25,01大同區,大同區台北橋機慢車道三重往台北282523燈桿,0,0,1,1,C03,8,5,7,40,10,11,1,5,4,5,13,4,4,9,4,5,2,13,1,33,3,10,5,1,7,12,1,10,1,11,108,1,21,121.5080818,25.0632811
114,11,26,09,36,12內湖區,內湖區民權東路6段280巷與民權東路6段296巷口,0,0,1,1,B03,8,6,5,30,3,1,1,5,4,5,13,4,4,10,5,5,2,11,1,34,3,10,7,1,7,5,1,8,1,8,44,1,21,121.6082085,25.0699019
114,11,26,09,42,10文山區,文山區福和橋西往東(P10橋墩附近),0,0,2,1,C03,8,6,5,40,8,11,1,5,4,5,13,4,4,1,4,1,1,13,2,27,2,9,6,1,7,9,1,10,1,11,108,1,21,121.5358219,25.0106476
114,11,26,10,00,08士林區,士林區中山北路5段與文林路口,0,0,1,1,B01,8,6,5,50,3,1,1,5,4,5,13,1,1,1,4,5,2,16,1,60,3,10,3,4,7,6,1,4,2,2,9,1,21,121.5254513,25.08591019
114,11,26,10,25,05中正區,中正區市民高架道往東(中山北路上方),0,0,2,1,B12,8,6,9,80,14,9,1,5,4,5,13,4,4,1,3,5,1,13,1,48,2,7,7,1,7,9,1,8,1,1,44,1,22,121.5200965,25.0481314
114,11,26,10,26,07信義區,信義區逸仙路50巷與無名巷口,0,0,2,1,B12,8,6,5,30,4,1,1,5,4,5,13,4,4,10,5,5,2,15,1,57,2,1,3,4,7,9,1,8,1,1,72,1,22,121.5625659,25.0406246
114,11,26,10,54,09北投區,北投區東陽街與懷德街口,0,0,1,1,B03,8,5,5,30,4,2,1,5,4,5,13,1,1,7,4,5,1,12,2,28,3,10,7,1,7,9,1,8,1,2,1,1,21,121.5193207,25.1123336
114,11,26,11,10,08士林區,士林區基河路251巷與福德路口,0,0,1,1,B02,8,7,5,30,4,1,1,5,4,5,13,4,4,10,5,5,2,17,1,28,3,10,7,1,7,9,1,15,1,2,75,1,21,121.5226054,25.09225248
114,11,26,11,14,08士林區,士林區中山北路5段110號前,0,0,1,1,C03,8,6,5,50,14,9,1,5,4,5,13,1,1,1,4,1,1,13,2,21,2,9,6,1,7,9,1,10,2,11,108,1,21,121.5252871,25.08548769