發生年度,發生月,發生日,發生時-Hours,發生分,區序,肇事地點,死亡人數,2-30日死亡人數,受傷人數,當事人序號,車種,天候,光線,道路類別,速限-速度限制,道路型態,事故位置,路面狀況1,路面狀況2,路面狀況3,道路障礙1,道路障礙2,號誌1,號誌2,車道劃分-分向,車道劃分-分道1,車道劃分-分道2,車道劃分-分道3,事故類型及型態,性別,年齡,受傷程度,主要傷處,保護裝置,行動電話,車輛用途,當事者行動狀態,駕駛資格情形,駕駛執照種類,飲酒情形,車輛撞擊部位1,肇因碼-個別,個人肇逃否,職業,座標-X,座標-Y
114,11,26,11,18,04大安區,大安區樂利路與樂利路101巷口口,0,0,2,1,F01,8,6,5,40,3,2,1,5,4,5,13,4,4,9,4,5,2,17,2,37,2,9,4,1,7,9,8,20,2,15,99,1,21,121.5522625,25.0252549
114,11,26,11,29,08士林區,士林區忠誠路1段與德行東路口,0,0,2,1,C03,8,7,5,50,4,1,1,5,4,5,13,2,1,1,4,5,1,17,2,19,2,9,5,1,7,5,1,10,2,12,44,1,21,121.5302339,25.1083356
114,11,26,12,20,05中正區,中正區濟南路2段2-5號,0,0,3,1,B03,8,7,5,50,14,9,1,5,4,5,13,4,4,9,5,5,2,13,1,28,3,10,7,1,7,9,1,8,2,5,108,1,21,121.5264168,25.0414742
114,11,26,12,29,01大同區,大同區環河北路1段與鄭州路口口,0,0,1,1,B03,8,6,5,50,4,2,1,5,4,5,13,2,1,10,5,5,2,16,1,79,3,10,7,1,7,9,1,8,1,8,81,1,21,121.5068928,25.0509004
114,11,26,12,30,01大同區,大同區西寧北路與迪化街1段32巷口,0,0,1,1,B03,8,6,5,50,3,1,1,5,4,5,13,4,4,5,5,5,2,12,1,54,3,10,7,1,7,9,1,8,1,2,17,1,21,121.5088031,25.0544988
114,11,26,12,49,04大安區,大安區仁愛路4段與敦化南路1段口,0,0,2,1,C03,8,6,5,50,4,2,1,5,4,5,13,2,1,4,4,5,2,17,1,60,2,9,5,1,7,15,1,10,1,15,116,1,22,121.5496005,25.0374806
114,11,26,13,04,03中山區,中山區民權東路2段與松江路口口,0,0,1,1,B01,8,7,5,50,4,1,1,5,4,5,13,1,1,1,4,5,2,3,1,63,4,11,3,4,7,6,1,4,11,15,44,2,21,121.5330054,25.0625939
114,11,26,13,06,05中正區,中正區市民大道2段與金山北路口,0,0,1,1,C03,8,6,5,40,14,9,1,5,4,5,13,2,1,1,2,5,2,13,2,27,2,9,6,4,7,9,1,10,2,14,42,1,21,121.530436,25.0459953
114,11,26,13,10,08士林區,士林區重慶北路4段與葫東街口,0,0,1,1,B01,8,5,5,50,4,18,1,5,4,5,13,2,1,1,4,4,2,2,1,67,3,10,7,1,7,5,1,4,1,8,70,1,21,121.5120061,25.0840447
114,11,26,13,10,08士林區,士林區中山北路5段與至誠路2段口,0,0,1,1,B03,8,7,5,40,4,1,1,5,4,5,13,3,1,9,4,5,2,17,2,65,3,10,7,1,7,5,1,8,2,2,44,1,21,121.52648,25.1009904
114,11,26,13,13,01大同區,大同區民權西路226號,0,0,2,1,C03,8,6,5,50,14,9,1,5,4,5,13,4,4,1,2,5,2,17,1,24,2,9,5,4,7,9,1,10,1,11,44,1,21,121.5135749,25.0628828
114,11,26,14,33,01大同區,大同區涼州街與延平北路2段口口,0,0,1,1,B12,8,6,5,50,4,1,1,5,4,5,13,2,1,5,5,5,2,3,1,70,3,10,7,1,7,5,1,8,2,1,8,1,21,121.5113225,25.060585
114,11,26,14,49,01大同區,大同區重慶北路2段180號,0,0,1,1,C03,8,5,5,50,14,9,1,5,4,5,13,4,4,9,4,5,2,13,2,26,2,9,5,1,7,12,1,10,2,11,16,1,22,121.5134526,25.0603988
114,11,26,14,56,09北投區,北投區西安街1段185號,0,0,1,1,C03,8,7,5,50,14,9,1,5,4,5,13,4,4,10,4,5,1,12,2,47,2,9,6,1,7,9,1,10,1,14,44,1,21,121.518294,25.1101259
114,11,26,15,10,03中山區,中山區復興南路1段38號,0,0,1,1,B03,8,6,5,50,14,9,1,5,4,5,13,4,4,1,4,5,2,13,1,33,3,10,3,4,7,9,1,8,1,1,104,1,22,121.5438041,25.0454694
114,11,26,15,10,05中正區,中正區南海路與牯嶺街口口,0,0,1,1,C03,8,6,5,30,4,1,4,5,4,5,13,1,1,10,4,5,2,16,1,29,3,10,5,1,7,5,1,10,1,14,71,1,21,121.5150353,25.032016
114,11,26,15,23,01大同區,大同區台北橋機慢車道,0,0,1,1,C03,8,6,5,50,8,11,1,5,4,4,13,4,4,1,4,5,2,17,1,53,2,9,5,4,7,9,1,10,1,11,44,1,21,121.5094462,25.0632238
114,11,26,15,35,11南港區,南港區舊莊街1段86號,0,0,2,1,B03,8,6,5,50,14,9,1,5,4,5,13,2,1,5,5,5,2,13,1,71,3,10,3,4,7,9,1,8,2,1,108,1,21,121.6190146,25.0408072
114,11,26,15,40,01大同區,大同區承德路2段與民權西路口,0,0,2,1,C03,8,6,5,50,5,1,1,5,4,5,13,4,4,1,5,5,2,16,1,38,2,9,6,1,7,6,1,10,2,11,9,1,21,121.5185255,25.0627882
114,11,26,16,05,03中山區,中山區錦州街與錦州街241巷口,0,0,1,1,C03,8,7,5,30,4,1,1,5,4,5,13,4,4,9,5,5,2,15,2,48,2,9,6,1,7,9,1,10,1,11,72,1,21,121.5336086,25.06032512
114,11,26,16,20,08士林區,士林區中正路與延平北路6段口,1,0,0,1,A02,8,6,5,50,4,2,1,5,4,5,13,2,1,5,4,5,1,3,1,55,3,10,7,1,7,6,1,1,2,5,70,1,21,121.5092557,25.0869665
114,11,26,16,25,01大同區,大同區重慶北路3段116號,0,0,1,1,B03,8,5,5,50,14,9,1,5,4,5,13,4,4,9,4,5,2,12,1,41,3,10,7,1,7,7,1,8,1,7,100,1,22,121.51362,25.0669902
114,11,26,16,29,04大安區,大安區敦化南路1段262號,0,0,2,1,B03,8,5,5,50,14,9,1,5,4,5,13,1,1,9,4,5,1,13,1,64,3,10,3,4,7,9,1,8,1,1,16,1,21,121.5486274,25.0392235
114,11,26,16,45,03中山區,中山區中原街與新生北路3段3巷口,0,0,2,1,C03,8,7,5,50,4,1,1,5,4,5,13,4,4,9,5,5,2,16,1,58,2,9,5,1,7,9,1,10,1,11,16,1,22,121.5289808,25.0632272
114,11,26,17,00,10文山區,文山區老泉街43-1號,0,0,1,1,C03,8,5,5,30,14,9,1,4,4,5,13,4,4,10,5,5,1,2,2,63,3,10,6,1,7,9,3,18,2,12,16,1,21,121.5658613,24.9793644
114,11,26,17,11,01大同區,大同區西寧北路與忠孝西路2段口,0,0,1,1,B12,8,5,5,50,5,1,1,5,4,5,13,1,1,5,5,5,2,13,1,49,3,10,7,1,7,6,1,8,1,1,108,1,21,121.5076529,25.0489039
114,11,26,17,15,05中正區,中正區金山南路1段與仁愛路2段口,0,0,1,1,C03,7,5,5,50,5,2,1,5,4,5,13,1,1,1,4,5,2,13,2,26,2,8,5,1,7,6,1,10,1,11,16,1,21,121.5281745,25.038368
114,11,26,17,26,02萬華區,萬華區康定路與桂林路口,0,0,1,1,C03,8,5,5,50,4,1,1,5,4,5,13,1,1,9,4,5,2,17,1,43,3,10,5,1,7,15,1,10,1,17,44,1,21,121.5017154,25.0383469
114,11,26,18,09,01大同區,大同區承德路3段與承德路3段283巷口,0,0,2,1,C03,7,5,5,50,4,2,1,5,4,5,13,1,1,1,4,5,2,17,1,60,2,8,5,4,7,9,1,10,1,11,108,1,21,121.5196581,25.0734358
114,11,26,18,10,12內湖區,內湖區潭美街與新明路95巷口口,0,0,2,1,C04,8,5,5,40,3,1,1,5,4,5,13,4,4,9,5,5,2,16,2,20,2,9,5,1,7,6,1,10,1,13,44,1,21,121.5905444,25.0592256
114,11,26,18,17,05中正區,中正區和平西路1段與牯嶺街口,0,0,1,1,C03,8,5,5,40,4,2,1,5,4,5,13,1,1,1,4,4,2,17,1,51,2,8,6,1,7,9,1,10,1,11,42,1,21,121.5192912,25.0263895
114,11,26,18,24,03中山區,中山區復興南路1段32號,0,0,1,1,C03,8,5,5,50,14,9,1,5,4,5,13,1,1,9,5,5,2,13,2,28,2,7,5,4,7,9,1,10,1,11,16,1,21,121.5438894,25.04655883
114,11,26,18,37,06松山區,松山區南京東路5段66巷2弄與南京東路5段口34號旁無名巷,0,0,2,1,C04,8,6,5,30,4,1,1,5,4,5,13,4,4,10,5,5,2,10,1,25,2,8,6,4,7,9,1,10,1,11,72,1,21,121.5591412,25.0509174
114,11,26,18,38,07信義區,信義區虎林街120巷270號,0,0,1,1,B03,8,5,5,30,14,9,1,5,4,5,13,2,1,10,5,5,2,13,1,40,3,10,3,4,7,9,1,8,1,5,16,1,22,121.5709329,25.0422628
114,11,26,18,42,04大安區,大安區信義路3段與復興南路1段口,0,0,2,1,C03,7,5,5,50,4,1,1,5,4,5,13,2,1,10,5,5,2,13,1,22,2,9,3,4,7,9,1,10,1,11,16,1,22,121.5435016,25.0335113
114,11,26,18,45,02萬華區,萬華區桂林路53號,0,0,3,1,C03,7,5,5,50,14,9,1,5,4,3,12,4,4,9,4,5,2,17,2,57,2,9,5,1,7,7,1,10,1,14,100,1,21,121.5034419,25.0381152
114,11,26,19,40,06松山區,松山區市民大道5段與八德路4段106巷口,0,0,1,1,B01,8,5,5,30,3,1,1,5,4,5,13,3,1,10,4,5,2,16,1,68,3,10,7,1,7,6,1,4,1,8,80,1,22,121.5612212,25.04664222
114,11,26,20,13,11南港區,南港區研究院路1段與研究院路1段101巷口,0,0,1,1,F03,8,5,5,50,4,2,1,5,4,5,13,1,1,5,4,5,2,17,1,18,3,10,5,1,7,6,8,20,1,12,101,1,21,121.6161519,25.0519205
114,11,26,20,26,04大安區,大安區復興南路2段65號,0,0,2,1,C03,8,5,5,50,14,9,1,5,4,5,13,4,4,1,4,5,2,29,2,32,2,9,5,1,7,9,1,10,1,14,116,1,21,121.5436211,25.0308067
114,11,26,20,40,04大安區,大安區信義路2段198巷與永康街31巷口,0,0,1,1,C03,7,5,6,30,4,1,1,5,4,5,13,4,4,10,5,5,2,15,1,50,2,7,6,4,7,9,1,10,1,11,72,1,22,121.5309269,25.0316605
114,11,26,22,00,07信義區,信義區基隆路1段380巷24號,0,0,1,1,B03,8,5,5,30,14,9,1,5,4,5,13,4,4,10,5,5,1,9,1,59,3,10,3,4,7,9,1,8,9,6,36,1,22,121.5675341,25.03288367
114,11,26,22,07,02萬華區,萬華區永福街與貴陽街2段96巷口,0,0,2,1,C03,7,5,5,30,4,1,1,5,4,5,13,4,4,10,5,5,2,17,2,32,2,9,6,1,7,9,1,10,1,14,80,1,21,121.5030722,25.0387453
114,11,26,22,20,03中山區,中山區中山北路4段與中山橋口往南中山橋北端,0,0,1,1,C03,8,5,5,50,5,2,1,5,4,5,13,4,4,1,5,5,2,12,1,27,3,10,6,1,7,7,1,10,1,14,80,1,21,121.5258225,25.0748308
114,11,26,22,23,03中山區,中山區建國北路2段與錦州街口,0,0,1,1,C03,8,5,5,50,4,1,1,5,4,5,13,2,1,9,4,5,2,17,1,23,2,9,5,1,7,5,1,10,2,14,16,1,23,121.5367999,25.06046515
114,11,27,02,43,08士林區,士林區環河北路3段(燈桿1104502),0,0,2,1,C03,8,5,5,50,14,11,1,5,4,5,13,4,4,10,4,5,1,17,1,19,2,9,6,1,7,9,1,10,1,11,16,1,21,121.5084356,25.0792433
114,11,27,06,23,04大安區,大安區羅斯福路3段與和平東路1段口,0,0,1,1,C03,8,6,5,50,4,1,1,5,4,5,13,2,1,10,5,5,2,13,1,76,4,11,3,4,7,9,1,10,11,11,108,2,22,121.5222742,25.0269877
114,11,27,07,30,08士林區,士林區延平北路7段165臨號對面,0,0,1,1,B03,8,7,5,50,14,9,1,5,4,5,13,4,4,8,3,5,2,12,1,27,3,10,3,4,7,11,1,8,2,4,80,1,22,121.4929531,25.0985359
114,11,27,07,43,12內湖區,內湖區南湖大橋與安康路口,0,0,1,1,B03,8,6,8,50,22,22,1,5,4,5,13,2,1,1,4,5,2,16,2,35,3,10,3,4,7,11,1,8,1,2,10,1,22,121.6110379,25.0649033
114,11,27,07,47,09北投區,北投區承德路7段與公館路口,0,0,3,1,C03,8,5,5,60,4,2,1,5,4,5,13,1,1,9,4,5,1,12,1,24,2,8,6,1,7,9,1,10,2,13,16,1,21,121.5014238,25.1197541
114,11,27,07,54,05中正區,中正區三元街212巷與泉州街20巷口,0,0,1,1,C03,8,6,5,30,4,1,1,5,4,5,13,4,4,10,5,5,1,17,2,28,2,9,5,1,7,9,1,10,1,14,75,1,21,121.5122478,25.02679056
114,11,27,07,57,02萬華區,萬華區西藏路247號,0,0,2,1,C03,8,7,5,50,14,7,1,5,4,5,13,1,1,1,3,5,2,12,2,36,2,8,6,1,7,9,1,10,1,14,108,1,22,121.4945755,25.02757921
114,11,27,08,01,08士林區,士林區中山北路6段與忠誠路1段口,0,0,1,1,C03,8,6,5,50,4,2,1,5,4,5,13,2,1,1,4,5,2,12,1,46,2,9,6,1,7,7,1,10,1,14,100,1,21,121.5247804,25.1042585
114,11,27,08,05,09北投區,北投區承德路7段280巷與無名巷口,0,0,2,1,C03,8,7,5,30,4,1,1,5,4,5,13,4,4,10,5,5,1,15,1,33,2,9,6,1,7,9,1,10,1,14,72,1,22,121.5064792,25.1165156
114,11,27,08,15,10文山區,文山區木新路3段32號,0,0,1,1,C03,8,6,5,40,14,7,1,5,4,5,13,4,4,5,4,4,2,17,1,61,3,10,3,4,7,7,1,10,1,14,100,1,22,121.5646703,24.98259684
114,11,27,08,25,06松山區,松山區八德路4段與塔悠路口,0,0,1,1,B03,8,7,5,50,5,1,1,5,4,5,13,2,1,1,4,5,2,16,1,59,3,10,7,1,7,6,1,8,1,2,71,1,21,121.5723025,25.0499886
114,11,27,08,30,10文山區,文山區木新路3段與興隆路4段口,0,0,1,1,B03,8,5,5,50,3,2,1,5,4,5,13,2,1,5,4,5,2,13,1,41,3,10,7,1,7,9,1,8,1,5,108,1,21,121.5624962,24.98208816
114,11,27,08,34,07信義區,信義區信義路4段415-3號,0,0,1,1,C03,7,5,5,50,14,9,1,5,4,5,13,4,4,10,4,5,2,17,2,68,2,9,6,1,7,9,1,10,1,12,101,1,21,121.559752,25.0332144
114,11,27,08,39,03中山區,中山區林森北路與民權東路1段口,0,0,1,1,B01,8,6,5,50,4,1,1,5,4,5,13,1,1,5,4,5,2,12,1,68,3,10,3,4,7,15,1,4,1,4,107,1,22,121.5255932,25.0628853
114,11,27,08,44,08士林區,士林區社子街146巷與社子街146巷7弄口,0,0,1,1,C03,8,6,5,30,3,2,1,5,4,5,13,4,4,10,5,5,1,15,1,25,2,5,6,1,7,1,1,10,1,12,80,1,21,121.5046537,25.0884281
114,11,27,08,47,04大安區,大安區瑞安街與瑞安街口側附近23巷口,0,0,1,1,C03,8,6,5,50,4,1,1,5,4,5,13,4,4,4,5,5,2,9,2,54,3,10,6,1,7,9,1,10,11,11,70,1,21,121.5439815,25.0310459
114,11,27,09,08,12內湖區,內湖區新湖三路268號0304616燈桿附近,0,0,1,1,C03,8,6,5,50,14,9,1,5,4,5,13,4,4,8,3,5,1,16,2,60,2,9,6,1,7,1,1,10,2,11,19,1,21,121.5761533,25.0632726
114,11,27,09,09,09北投區,北投區承德路6段333-3號,0,0,1,1,C04,8,5,6,60,14,9,1,5,4,5,13,4,4,9,4,4,1,29,1,40,2,3,6,1,7,9,1,10,2,14,42,1,21,121.5117573,25.10522
114,11,27,09,20,05中正區,中正區林森北路與市民大道2段口,0,0,2,1,C03,8,6,5,50,4,1,1,5,4,5,13,1,1,1,4,5,2,16,1,30,2,9,6,1,7,15,1,10,1,11,17,1,22,121.5241,25.047695
114,11,27,09,25,06松山區,松山區敦化南路1段與八德路3段12巷52弄口,0,0,1,1,C03,8,6,5,50,3,2,1,5,4,5,13,2,1,9,4,4,2,12,1,34,2,9,6,1,7,7,1,10,2,14,101,1,22,121.5491164,25.0460787
114,11,27,09,50,10文山區,文山區興隆路3段36巷與興隆路3段36巷17弄口,0,0,1,1,C03,8,6,5,30,5,1,1,5,4,5,13,3,1,9,5,5,2,15,1,18,3,10,5,1,7,9,1,10,1,14,72,1,25,121.5549916,24.9995627
114,11,27,10,15,08士林區,士林區故宮路往自強隧道,0,0,2,1,B03,8,7,5,50,11,9,1,5,4,5,13,4,4,5,5,5,1,12,2,55,3,10,7,1,7,9,1,8,1,2,17,1,21,121.5485819,25.09502577
114,11,27,10,25,05中正區,中正區汀州路2段6巷與汀州路2段口,0,0,2,1,C03,8,6,5,50,3,1,1,5,4,5,13,4,4,9,4,5,2,17,1,71,2,8,5,1,7,5,1,8,1,12,74,1,21,121.5157762,25.02581018
114,11,27,10,32,06松山區,松山區慶城街與長春路口,0,0,1,1,C03,8,7,5,30,4,1,1,5,4,5,13,1,1,9,4,5,2,17,1,68,3,10,6,1,7,5,1,10,1,12,80,1,22,121.546243,25.0545016
114,11,27,10,34,01大同區,大同區環河北路2段與昌吉街口口,0,0,1,1,B03,8,6,5,50,3,1,1,5,4,1,13,4,4,1,4,5,2,16,1,26,3,10,7,1,7,6,1,8,2,2,9,1,21,121.5088889,25.0656891
114,11,27,11,13,05中正區,中正區重慶南路1段138號,0,0,1,1,B01,8,6,5,50,14,9,1,5,4,5,13,4,4,5,4,5,2,16,1,59,3,10,2,1,7,8,1,4,2,2,44,1,22,121.5126166,25.0362316
114,11,27,11,55,01大同區,大同區鄭州路145號,0,0,1,1,B01,8,6,5,40,14,9,1,5,4,5,13,4,4,1,5,5,2,16,1,65,3,10,7,1,7,7,1,4,1,4,100,1,21,121.5091572,25.0504599
114,11,27,12,01,02萬華區,萬華區康定路與長沙街2段口,0,0,2,1,C03,8,6,6,50,4,1,1,5,4,5,13,2,1,5,4,5,2,11,2,68,2,8,6,1,7,9,1,10,1,11,108,1,21,121.5023202,25.04056227
114,11,27,12,16,01大同區,大同區承德橋機車道南往北，0800607燈桿,0,0,1,1,C03,8,5,5,40,10,11,1,5,4,5,13,4,4,7,4,5,2,13,1,77,3,10,5,1,7,15,1,10,1,13,44,1,22,121.5208244,25.0768131
114,11,27,12,35,01大同區,大同區承德路2段與南京西路口,0,0,1,1,B02,8,6,5,50,5,1,1,5,4,5,13,4,4,1,5,5,2,16,4,0,,,,,,,,,9,,,,,121.5176099,25.0533306
114,11,27,12,35,07信義區,信義區吳興街220巷71號,0,0,1,1,B03,8,6,5,50,14,9,1,5,4,5,13,4,4,8,5,5,2,11,1,53,3,10,7,1,7,11,1,8,1,2,10,1,21,121.5612091,25.0262068
114,11,27,13,00,05中正區,中正區館前路8號,0,0,1,1,C03,8,6,5,50,14,9,1,5,4,5,13,4,4,10,4,5,2,12,1,31,2,9,6,1,7,7,1,9,2,13,17,1,21,121.514982,25.0457835
114,11,27,13,13,10文山區,文山區木柵路4段與木柵路4段33巷口口,0,0,1,1,B01,8,6,5,50,3,1,1,5,4,5,13,2,1,10,5,5,2,16,1,64,3,10,7,1,7,5,1,4,2,6,71,1,21,121.5715412,24.9940714
114,11,27,13,27,07信義區,信義區虎林街50巷3號,0,0,1,1,C03,8,5,5,30,14,9,1,5,4,5,13,4,4,10,5,5,2,17,1,50,3,10,6,1,7,15,1,10,1,17,42,1,22,121.5766997,25.04693467
114,11,27,13,31,10文山區,文山區木柵路2段與木柵路2段67巷口口,0,0,1,1,C03,8,6,5,30,11,9,1,5,4,1,13,4,4,5,4,5,2,20,1,23,2,9,5,1,7,9,1,10,1,12,44,1,21,121.5606653,24.98873561
114,11,27,13,53,09北投區,北投區新市街與中央南路1段25巷口,0,0,1,1,C03,8,6,5,30,4,1,1,5,4,5,13,4,4,10,5,5,2,9,1,52,3,10,3,4,7,15,6,10,1,12,118,1,21,121.5021104,25.1322374
114,11,27,13,54,04大安區,大安區愛國東路216號,0,0,1,1,B01,7,6,5,40,14,8,1,5,4,5,13,4,4,1,3,4,2,17,1,66,3,10,7,1,7,15,1,4,2,5,108,1,21,121.5247446,25.0319154
114,11,27,14,15,08士林區,士林區通河街76巷與承德路4段10巷口口,0,0,2,1,C03,7,6,5,30,4,1,1,5,4,5,13,4,4,8,4,5,1,15,1,69,2,9,6,1,7,9,1,10,1,11,72,1,21,121.5202198,25.080079
114,11,27,14,27,08士林區,士林區中正路與延平北路6段口,0,0,1,1,F03,8,7,5,50,4,1,1,5,4,5,13,1,1,9,5,5,2,17,1,24,3,10,6,1,7,9,8,20,1,14,101,1,21,121.5092464,25.0868622
114,11,27,14,35,03中山區,中山區民生東路1段與林森北路口,0,0,3,1,C03,7,6,5,50,4,1,1,5,4,5,13,2,1,8,5,5,1,16,2,41,2,9,3,4,7,8,1,10,1,12,101,1,21,121.5254209,25.05801518
114,11,27,14,51,05中正區,中正區汀州路3段60巷與汀州路3段口,0,0,1,1,C03,8,6,5,30,4,1,1,5,4,5,13,1,1,10,5,5,2,17,1,24,3,10,5,1,7,9,1,10,1,14,14,1,21,121.5313313,25.0157142
114,11,27,15,06,12內湖區,內湖區內湖路2段253巷與內湖路2段253巷2弄口,0,0,1,1,B03,8,6,5,30,4,1,1,5,4,5,13,4,4,10,5,5,2,15,1,64,3,10,3,4,7,9,1,8,1,1,16,1,22,121.5896884,25.0823455
114,11,27,15,13,03中山區,中山區南京東路2段與建國北路1段口,0,0,1,1,B01,8,6,5,50,4,1,1,5,4,5,13,1,1,1,5,5,2,13,1,64,3,10,3,4,7,9,1,4,1,1,107,1,22,121.5363608,25.0519259
114,11,27,15,17,02萬華區,萬華區中興橋機車道往新北市上橋處,0,0,1,1,C03,8,5,7,30,12,11,1,5,4,5,13,4,4,10,5,5,2,17,1,66,3,10,3,4,7,4,6,18,1,12,17,1,21,121.5020747,25.0454508
114,11,27,15,28,06松山區,松山區南京東路5段23巷4號,0,0,1,1,F02,8,6,5,30,14,9,1,5,4,5,13,4,4,10,5,5,2,17,2,74,2,9,4,1,7,15,8,20,2,14,101,1,21,121.5580185,25.051954
114,11,27,15,39,12內湖區,內湖區潭美街與新明路口側附近321巷口,0,0,2,1,C03,8,6,5,50,3,1,1,5,4,5,13,2,1,4,5,5,1,16,2,48,2,9,6,1,7,5,1,10,1,12,71,1,21,121.5848813,25.0558481
114,11,27,15,50,02萬華區,萬華區康定路與廣州街口,0,0,1,1,B01,8,7,5,50,4,1,1,5,4,5,13,1,1,9,5,5,2,16,1,69,3,10,7,1,7,5,1,4,1,2,99,1,21,121.5015271,25.0366469
114,11,27,15,50,04大安區,大安區基隆路3段與敦南街口,0,0,2,1,B03,8,6,5,30,3,1,1,5,4,5,13,4,4,10,5,5,2,17,2,25,3,10,7,1,7,6,1,8,1,1,72,1,21,121.5481105,25.0205483
114,11,27,16,20,10文山區,文山區木新路3段160號,0,0,1,1,A02,8,6,5,50,14,9,1,5,4,5,13,2,1,5,4,4,1,12,1,26,3,10,7,1,7,8,1,2,1,2,100,1,21,121.561177,24.9818553
114,11,27,16,20,07信義區,信義區基隆路2段177號,0,0,1,1,B01,8,6,5,50,14,9,1,5,4,5,13,4,4,9,4,5,2,13,1,68,3,10,7,1,7,8,1,4,1,6,42,1,21,121.5537425,25.0253206
114,11,27,16,24,04大安區,大安區忠孝東路3段226號,0,0,3,1,A04,8,6,5,50,14,9,1,5,4,5,13,4,4,1,4,5,2,17,1,61,4,11,3,4,7,21,7,19,11,15,101,2,22,121.5405254,25.0414786
114,11,27,16,42,05中正區,中正區水源路87號,0,0,1,1,B01,8,6,5,50,14,9,1,5,4,5,13,4,4,10,4,5,2,17,1,59,3,10,7,1,7,1,1,4,1,8,19,1,21,121.5194578,25.0210873
114,11,27,16,45,12內湖區,內湖區民權東路6段210巷與民權東路6段210巷21弄口,0,0,1,1,B03,8,5,5,30,3,1,1,5,4,5,13,4,4,5,5,5,1,16,2,53,3,10,7,1,7,11,1,8,1,4,10,1,21,121.5976826,25.0667316
114,11,27,16,58,11南港區,南港區向陽路258巷27號,0,0,2,1,C03,8,5,5,40,11,9,1,5,4,5,13,1,1,7,4,5,2,16,1,60,2,7,3,4,7,5,1,10,1,14,8,1,21,121.5941123,25.05832
114,11,27,17,00,12內湖區,內湖區行善路與舊宗路1段口,0,0,1,1,B03,7,6,5,50,4,2,1,5,4,5,13,1,1,1,4,5,2,13,1,68,3,10,7,1,7,9,5,8,1,1,108,1,21,121.5806117,25.0587091
114,11,27,17,15,12內湖區,內湖區堤頂大道1段351號,0,0,1,1,B03,8,5,5,50,14,9,1,5,4,5,13,4,4,1,4,5,2,17,2,34,3,10,7,1,7,1,1,8,1,2,19,1,21,121.5726599,25.0642975
114,11,27,17,17,06松山區,松山區長安東路2段270號,0,0,2,1,C03,8,5,5,50,14,9,1,5,4,5,13,4,4,8,4,5,2,16,1,21,2,8,5,1,7,11,1,10,2,14,10,1,21,121.5446086,25.0482153
114,11,27,17,25,09北投區,北投區光明路與公館路口,0,0,3,1,C03,7,5,5,50,3,1,1,5,4,5,13,3,1,10,5,5,2,16,1,65,3,10,5,1,7,5,1,10,2,14,72,1,21,121.5020211,25.1335919
114,11,27,17,26,04大安區,大安區羅斯福路3段201號,0,0,1,1,A02,8,5,5,50,14,9,1,5,4,5,13,4,4,10,4,5,2,12,1,55,3,10,7,1,7,1,1,2,1,2,19,1,21,121.5283516,25.0207336
114,11,27,18,00,06松山區,松山區民權大橋西往東數來第三根燈桿（內湖往松山）,0,0,1,1,C03,8,5,5,30,14,11,1,5,4,5,13,4,4,3,4,5,2,13,1,24,2,9,6,1,7,9,1,10,1,11,108,1,21,121.5683793,25.0636879
114,11,27,18,04,05中正區,中正區新生南路1段170巷與信義路2段243巷口,0,0,1,1,B12,8,6,5,30,4,1,1,5,4,5,13,4,4,9,5,5,2,15,1,76,3,10,7,1,7,9,1,10,1,1,72,1,22,121.5311582,25.03422608
114,11,27,18,05,05中正區,中正區汀州路3段150號,0,0,1,1,F01,8,5,5,50,14,9,1,5,4,5,13,4,4,9,4,5,2,17,1,18,3,10,4,1,7,11,8,20,1,12,101,1,21,121.5341528,25.0137137
114,11,27,18,10,03中山區,中山區民族東路88號,0,0,1,1,A11,8,5,5,50,14,9,1,5,4,5,13,4,4,9,4,5,2,11,1,53,3,10,3,4,7,9,1,1,1,2,17,1,21,121.526617,25.06839234
114,11,27,18,20,07信義區,信義區信義路5段109號附近側附近,0,0,1,1,C03,8,5,5,50,14,9,1,5,3,5,13,4,4,9,4,5,2,18,2,63,2,9,5,4,7,9,1,10,2,14,108,1,21,121.573436,25.0331245
114,11,27,18,30,05中正區,中正區汀州路2段與汀州路2段12巷口,0,0,2,1,F01,8,5,5,50,3,1,1,5,4,5,8,4,4,10,4,5,2,17,2,32,2,8,4,1,7,9,8,20,1,14,99,1,21,121.5160873,25.0256909
114,11,27,18,35,01大同區,大同區環河北路1段175號,0,0,2,1,C03,8,5,5,50,14,9,1,5,4,5,13,4,4,8,3,5,2,17,1,80,2,8,5,1,7,21,3,18,1,15,118,1,21,121.5081205,25.0560564
114,11,27,18,50,05中正區,中正區汀州路3段104巷11弄17號前,0,0,1,1,C03,8,5,5,30,14,9,1,5,4,5,13,4,4,10,5,5,2,17,1,54,2,9,6,1,7,9,1,10,1,17,42,1,22,121.5333187,25.01377232
114,11,27,19,00,12內湖區,內湖區瑞光路451號,0,0,2,1,C03,8,5,5,50,14,9,1,5,4,5,13,4,4,5,4,5,1,16,1,34,2,9,6,1,7,5,1,10,1,14,80,1,21,121.5700604,25.0786255
114,11,27,19,06,04大安區,大安區金山南路2段29號,0,0,1,1,C03,8,5,5,30,14,9,1,5,4,5,13,2,1,10,5,5,2,23,1,60,2,9,3,4,7,9,1,10,1,11,44,1,21,121.5270647,25.033045