發生年度,發生月,發生日,發生時-Hours,發生分,區序,肇事地點,死亡人數,2-30日死亡人數,受傷人數,當事人序號,車種,天候,光線,道路類別,速限-速度限制,道路型態,事故位置,路面狀況1,路面狀況2,路面狀況3,道路障礙1,道路障礙2,號誌1,號誌2,車道劃分-分向,車道劃分-分道1,車道劃分-分道2,車道劃分-分道3,事故類型及型態,性別,年齡,受傷程度,主要傷處,保護裝置,行動電話,車輛用途,當事者行動狀態,駕駛資格情形,駕駛執照種類,飲酒情形,車輛撞擊部位1,肇因碼-個別,個人肇逃否,職業,座標-X,座標-Y
114,11,27,19,24,02萬華區,萬華區西寧南路與成都路口,0,0,2,1,C03,8,5,5,50,4,1,1,5,4,5,13,1,1,8,3,5,1,15,1,42,2,9,5,1,7,9,1,10,1,14,81,1,21,121.5059111,25.0427287
114,11,27,19,30,01大同區,大同區民權西路與承德路3段口,0,0,2,1,C03,8,5,5,50,4,1,1,5,4,5,13,1,1,1,4,5,2,13,2,22,3,10,6,1,7,6,1,10,1,13,9,1,21,121.5185119,25.0629973
114,11,27,19,30,05中正區,中正區中山南路與信義路1段口,0,0,1,1,C03,8,5,5,50,5,1,1,5,4,5,13,1,1,1,3,5,2,17,1,18,3,10,6,1,7,15,1,10,1,14,99,1,21,121.5175627,25.0386097
114,11,27,19,37,03中山區,中山區市民大道2段與林森北路口,0,0,1,1,C03,8,5,5,40,4,1,1,5,4,5,13,2,1,1,4,5,2,16,2,24,2,8,6,1,7,5,1,10,2,13,44,1,21,121.5243855,25.0478465
114,11,27,19,46,08士林區,士林區延平北路5段與延平北路5段83巷口,0,0,1,1,B01,8,5,5,50,4,2,1,5,4,5,13,2,1,1,4,5,1,17,1,61,3,10,7,1,7,14,1,4,1,17,44,1,21,121.510612,25.0809245
114,11,27,20,20,03中山區,中山區中山橋北往南,0,0,1,1,C03,8,5,5,50,14,9,1,5,4,5,13,4,4,1,4,5,2,17,1,18,2,9,5,1,7,9,1,10,2,14,44,1,21,121.5240811,25.072661
114,11,27,20,21,12內湖區,內湖區成功交流道與成功路2段口,0,0,1,1,C03,8,5,5,50,4,1,1,5,4,5,13,2,1,1,3,5,2,12,2,27,2,9,5,1,7,8,1,10,1,12,100,1,21,121.5909446,25.0651229
114,11,27,20,53,02萬華區,萬華區莒光路與西園路2段口,0,0,1,1,B03,8,5,5,50,3,2,1,5,4,5,13,1,1,1,2,5,2,17,1,55,3,10,7,1,7,11,1,8,1,8,10,1,21,121.4969971,25.031081
114,11,27,21,15,05中正區,中正區水源路與牯嶺街口,0,0,1,1,C03,8,5,5,50,3,2,1,5,4,5,13,4,4,10,4,5,2,17,1,24,2,9,6,1,7,9,1,10,1,11,108,1,22,121.5189721,25.02115638
114,11,27,21,18,04大安區,大安區和平東路2段134號,0,0,2,1,C03,8,5,5,50,14,9,5,5,4,5,13,2,1,10,5,5,2,17,2,19,2,9,3,4,7,9,1,10,1,14,108,1,21,121.5445922,25.0247779
114,11,27,21,46,03中山區,中山區朱崙街與龍江路口,0,0,2,1,C03,8,5,5,50,4,2,1,5,4,5,13,2,1,5,5,5,2,17,2,46,2,8,6,1,7,11,1,10,1,13,10,1,21,121.5403111,25.0500221
114,11,27,22,00,10文山區,文山區木柵路2段138巷與興隆路4段105巷口,0,0,1,1,B03,8,5,5,30,4,1,1,5,4,5,13,2,1,5,5,5,2,16,1,69,3,10,7,1,7,5,1,8,1,2,71,1,21,121.5621361,24.987768
114,11,27,22,50,10文山區,文山區興隆路1段82號,0,0,1,1,B03,7,5,5,50,14,9,1,5,4,5,13,4,4,1,4,5,2,17,1,46,3,10,7,1,7,1,1,8,2,7,19,1,22,121.5409287,25.00350176
114,11,27,23,00,04大安區,大安區市民大道4段與延吉街口,0,0,2,1,B03,8,5,5,40,4,1,1,5,4,5,13,2,1,1,4,5,1,16,1,23,3,10,3,4,7,5,1,8,2,2,74,1,21,121.5537565,25.0443094
114,11,27,23,26,12內湖區,內湖區潭美街與安美街口,0,0,2,1,C03,8,5,5,40,3,2,1,5,4,5,13,2,1,5,5,5,2,17,1,34,2,9,6,1,7,5,1,10,1,14,8,1,21,121.5972577,25.06035789
114,11,28,02,22,08士林區,士林區芝玉路1段193號,0,0,1,1,C03,7,5,5,30,11,9,1,5,4,5,13,4,4,10,5,5,1,17,1,24,2,9,6,1,7,6,1,10,1,12,42,1,22,121.5337216,25.1074968
114,11,28,03,04,08士林區,士林區仰德大道3段與仰德大道3段250巷口,0,0,2,1,C03,8,5,8,40,22,22,1,5,4,5,13,4,4,4,5,5,1,13,1,21,2,9,5,1,7,9,6,18,1,11,16,1,21,121.5193839,25.09626827
114,11,28,05,00,12內湖區,內湖區南京東路6段與舊宗路1段口,0,0,1,1,B03,8,5,5,50,14,9,1,5,4,5,13,4,4,7,4,5,1,10,2,46,3,10,7,1,7,9,1,8,2,1,44,1,21,121.5808793,25.0569318
114,11,28,05,25,08士林區,士林區承德路4段與大南路口,0,0,2,1,C03,8,5,5,40,4,2,1,5,4,5,13,1,1,10,4,4,1,17,1,40,2,9,6,1,7,9,1,10,2,11,44,1,21,121.5214929,25.08877798
114,11,28,05,43,05中正區,中正區紹興北街與忠孝東路1段口,0,0,2,1,B01,8,5,5,40,4,1,1,5,4,5,13,2,1,3,4,5,2,15,1,64,3,10,7,1,7,9,1,4,2,1,81,1,21,121.525156,25.0444325
114,11,28,05,59,07信義區,信義區仁愛路4段與光復南路口口,0,0,2,1,H01,8,5,5,0,4,1,1,5,4,5,13,2,1,1,4,5,2,3,2,82,5,9,4,5,8,16,8,20,10,16,122,1,22,121.5576298,25.0374358
114,11,28,06,44,10文山區,文山區木新路2段與木新路2段158巷口,0,0,2,1,B03,8,6,5,50,4,1,1,5,4,5,13,1,1,10,5,4,2,16,1,61,2,3,7,1,7,5,1,8,2,6,83,1,21,121.5687507,24.9839955
114,11,28,06,48,07信義區,信義區松山路315-5號,0,0,1,1,A02,8,6,5,50,14,9,1,5,4,5,13,4,4,1,4,5,2,9,2,47,3,10,7,1,7,1,1,2,9,17,118,1,22,121.5779051,25.0424021
114,11,28,07,03,04大安區,大安區仁愛路3段與建國南路1段口口,0,0,2,1,C03,8,6,5,50,4,1,1,5,4,5,13,2,1,1,4,5,2,15,2,61,2,8,5,1,7,9,1,10,1,14,81,1,22,121.5380925,25.0379311
114,11,28,07,10,11南港區,南港區玉成街247號,0,0,1,1,F01,8,6,5,50,14,9,1,5,4,5,13,4,4,9,5,5,2,16,1,14,2,9,4,1,7,1,8,20,2,11,19,1,21,121.5862275,25.0429215
114,11,28,07,40,11南港區,南港區南港路1段360號,0,0,1,1,C03,7,6,5,40,14,9,1,5,4,5,12,4,4,5,4,4,2,17,1,43,3,10,6,1,7,9,1,10,9,15,44,1,21,121.6066079,25.0543907
114,11,28,07,42,02萬華區,萬華區桂林路151巷與桂林路口,0,0,1,1,C03,8,7,5,30,4,1,1,5,4,5,13,4,4,5,5,4,2,10,1,95,2,7,5,1,7,9,6,18,1,12,72,1,22,121.4976973,25.0385023
114,11,28,07,51,12內湖區,內湖區成功路2段與成功路口側附近2段323巷口,0,0,1,1,B01,8,6,5,50,4,1,1,5,4,5,13,2,1,1,3,5,2,16,2,44,3,10,7,1,7,9,1,8,1,1,80,1,21,121.5901776,25.0703736
114,11,28,08,10,08士林區,士林區華齡街35巷與福港街259巷18弄口口,0,0,2,1,C03,8,6,5,30,4,1,1,5,4,5,13,4,4,10,5,5,1,15,2,30,2,9,6,1,7,9,1,10,1,11,72,1,21,121.5185229,25.0836227
114,11,28,08,20,06松山區,松山區市民大道4段57號,0,0,1,1,C03,8,6,5,40,14,9,1,5,4,5,13,4,4,8,3,5,2,12,1,54,2,9,5,1,7,9,1,10,1,14,17,1,21,121.5463835,25.0452072
114,11,28,08,27,05中正區,中正區信義路2段243巷與新生南路1段160巷口,0,0,1,1,C03,8,7,5,30,4,2,1,5,4,5,13,4,4,9,4,5,2,2,1,69,,,,,7,21,7,19,9,15,119,2,,121.5311607,25.0345639
114,11,28,08,28,04大安區,大安區新生南路1段103巷27號,0,0,1,1,B03,8,6,5,30,14,9,1,5,4,5,13,4,4,10,5,5,2,14,2,38,3,10,7,1,7,2,1,8,1,3,12,1,22,121.5354073,25.0406514
114,11,28,08,30,01大同區,大同區延平北路4段與敦煌路口口,0,0,1,1,B01,8,5,5,50,5,1,1,5,4,5,13,2,1,9,4,5,2,15,1,52,3,10,7,1,7,12,1,2,1,6,71,1,21,121.5119936,25.0765537
114,11,28,08,35,07信義區,信義區松山路與福德街口,0,0,1,1,B03,8,7,8,50,5,1,1,5,4,5,13,1,1,5,4,5,2,13,1,55,3,10,3,4,7,9,1,8,1,5,44,1,21,121.5784501,25.0362236
114,11,28,08,35,07信義區,信義區和平東路3段與和平東路3段416巷口,0,0,1,1,B01,8,6,5,50,5,1,1,5,4,5,13,1,1,1,5,5,2,17,1,59,3,10,7,1,7,11,1,4,2,5,72,1,21,121.559161,25.0182725
114,11,28,08,42,12內湖區,內湖區環山路1段9巷,0,0,1,1,F01,8,7,5,50,3,1,1,5,4,5,13,4,4,5,4,4,2,17,1,72,3,10,4,1,7,9,8,20,9,17,42,1,21,121.5655726,25.0830412
114,11,28,08,50,12內湖區,內湖區潭美街與成功路2段口,0,0,1,1,C03,7,6,5,40,3,1,1,5,4,5,13,2,1,5,5,5,2,17,1,19,3,10,6,1,7,6,1,10,1,13,42,1,21,121.5917345,25.0601052
114,11,28,08,52,03中山區,中山區民權東路2段與建國北路口側附近2段口,0,0,1,1,B03,8,6,5,50,14,7,1,5,4,5,13,1,1,5,4,4,1,12,1,64,3,10,7,1,7,8,1,8,1,2,100,1,21,121.536808,25.0622963
114,11,28,09,03,06松山區,松山區饒河街與八德路4段709巷口,0,0,1,1,B03,8,6,5,30,4,2,1,5,4,5,13,4,4,10,5,5,2,15,1,46,3,10,7,1,7,9,1,8,1,4,72,1,21,121.576729,25.050783
114,11,28,09,03,07信義區,信義區信義路5段與莊敬路口,0,0,2,1,C03,8,5,5,50,4,1,1,5,4,5,13,2,1,1,4,5,2,17,1,30,2,9,6,1,7,9,1,10,2,12,13,1,21,121.5613589,25.0329072
114,11,28,09,07,06松山區,松山區民權東路5段12號,0,0,2,1,C03,8,6,5,50,14,9,1,5,4,5,13,4,4,1,4,5,2,16,1,32,2,9,6,1,7,5,1,10,1,14,8,1,21,121.5636114,25.06282421
114,11,28,09,08,09北投區,北投區大業路259號,0,0,1,1,B13,8,5,5,50,14,9,1,5,4,5,13,4,4,9,4,5,1,12,1,43,3,10,7,1,7,9,1,8,1,2,44,1,21,121.4980887,25.1266596
114,11,28,09,40,04大安區,大安區基隆路3段與基隆路3段155巷口,0,0,2,1,C03,8,6,5,50,4,1,1,5,4,5,13,2,1,1,4,4,2,17,1,27,2,8,5,1,7,5,1,10,1,14,71,1,22,121.5426396,25.0157055
114,11,28,09,45,09北投區,北投區石牌路2段與裕民一路口,0,0,2,1,B03,8,7,5,50,4,2,1,5,4,5,13,2,1,5,4,5,2,16,1,71,3,10,7,1,7,9,1,8,1,2,42,1,22,121.5161578,25.1165701
114,11,28,09,57,10文山區,文山區集英街22號,0,0,1,1,F03,8,6,5,30,14,9,1,5,4,5,13,4,4,10,5,5,2,1,1,62,3,10,6,1,7,9,8,20,1,14,17,1,21,121.5694323,24.9882418
114,11,28,10,32,07信義區,信義區松山路515巷2弄6號,0,0,1,1,,8,7,6,30,14,9,1,5,4,5,13,4,4,10,5,5,2,9,4,0,,,,,7,9,7,,11,11,119,2,21,121.5863761,25.04641422
114,11,28,10,44,08士林區,士林區中山北路5段與福林路口,0,0,2,1,B03,8,6,5,50,4,1,1,5,4,5,13,1,1,1,4,5,1,16,1,67,3,10,3,4,7,5,1,8,1,5,71,1,22,121.5281481,25.0938082
114,11,28,10,58,06松山區,松山區民生東路4段與民生東路4段80巷口,0,0,1,1,B03,8,7,5,50,3,1,1,5,4,5,13,2,1,1,4,5,2,17,1,40,3,10,7,1,7,14,1,8,1,2,42,1,21,121.5529905,25.0581417
114,11,28,11,20,03中山區,中山區南京東路1段132巷與南京東路1段口,0,0,1,1,B01,8,6,5,40,3,1,1,5,4,5,13,4,4,1,4,4,2,16,1,66,3,10,3,4,7,6,1,4,1,5,9,1,22,121.5272074,25.0519741
114,11,28,11,30,03中山區,中山區市民大道2段與長安東路1段52巷口,0,0,1,1,B01,8,6,5,40,3,1,1,5,4,5,13,2,1,1,5,5,1,16,1,53,3,10,3,4,7,6,1,3,1,2,71,1,21,121.5278195,25.04712528
114,11,28,12,02,09北投區,北投區中央北路3段與中央北路3段40巷口,0,0,1,1,C03,8,7,5,50,3,2,1,5,4,5,13,2,1,5,4,5,2,13,1,18,2,9,6,1,7,9,1,10,1,11,42,1,22,121.485358,25.1381456
114,11,28,12,06,04大安區,大安區文昌街250巷與通化街19巷口,0,0,1,1,F01,8,5,5,30,4,1,1,5,4,5,13,4,4,10,5,5,2,15,2,22,2,9,4,1,7,9,8,20,9,11,72,1,21,121.555714,25.0316497
114,11,28,12,09,07信義區,信義區忠孝東路5段423巷與忠孝東路5段423巷6弄口,0,0,1,1,C03,8,7,5,30,4,2,1,5,4,5,13,4,4,5,5,5,2,15,1,57,2,9,5,1,7,9,6,10,2,11,72,1,21,121.5753521,25.0417466
114,11,28,12,40,05中正區,中正區中華路1段與開封街1段口,0,0,1,1,C03,8,5,5,50,4,2,1,5,4,5,13,1,1,10,5,5,2,17,2,37,2,9,6,1,7,9,1,10,6,11,44,1,22,121.5096211,25.0459437
114,11,28,12,49,04大安區,大安區延吉街70巷與延吉街70巷6弄口口,0,0,1,1,B03,8,5,5,30,4,2,1,5,4,5,13,4,4,10,5,5,2,15,2,24,3,10,7,1,7,9,1,8,1,1,72,1,21,121.5536568,25.0425326
114,11,28,12,50,03中山區,中山區八德路2段與安東街口,0,0,1,1,B01,8,7,5,50,4,2,1,5,4,5,13,1,1,5,4,5,2,17,1,60,3,10,7,1,7,14,1,4,1,4,40,1,22,121.5418068,25.0469908
114,11,28,12,57,10文山區,文山區景豐街37巷7弄與景豐街31巷口,0,0,1,1,B03,8,6,5,30,4,1,1,5,4,5,13,4,4,10,5,5,2,15,2,42,3,10,7,1,7,9,1,8,1,4,72,1,21,121.5454776,25.0000001
114,11,28,13,22,07信義區,信義區忠孝東路5段451號,0,0,1,1,C03,8,7,5,50,14,9,1,5,4,5,13,4,4,1,4,5,2,12,2,27,2,9,5,1,7,7,1,10,2,14,100,1,21,121.5761604,25.0408923
114,11,28,13,40,03中山區,中山區中山橋與中山北路4段口,0,0,1,1,B03,8,5,5,50,5,1,1,5,4,5,13,1,1,1,5,5,1,15,1,60,3,10,3,4,7,9,1,7,1,1,81,1,21,121.526598,25.07490457
114,11,28,14,15,08士林區,士林區通河東街2段5號,0,0,1,1,C03,8,6,5,30,14,9,1,5,4,5,13,4,4,10,5,5,2,16,1,23,3,10,6,1,7,11,1,10,1,14,10,1,26,121.5150625,25.09115998
114,11,28,14,32,09北投區,北投區大度路3段燈桿1205136,0,0,1,1,B03,8,7,5,50,14,9,1,5,4,5,13,4,4,1,4,5,2,21,1,74,2,9,7,1,7,9,1,8,2,1,22,1,21,121.470472,25.1229769
114,11,28,14,59,12內湖區,內湖區永保街與安康路口側附近228巷口,0,0,1,1,B01,8,6,5,50,3,1,1,5,4,5,13,4,4,4,5,5,2,16,1,53,3,10,7,1,7,6,1,8,1,8,72,1,21,121.603258,25.0640298
114,11,28,15,34,07信義區,信義區嘉興街175巷與基隆路口側附近2段口,0,0,1,1,C03,8,6,5,30,3,2,1,5,4,5,13,4,4,3,4,5,2,17,1,21,2,9,6,4,7,6,1,10,2,14,72,1,21,121.5567215,25.0281287
114,11,28,15,37,01大同區,大同區市民大道1段與市民大道1段口Y1迴轉道,0,0,1,1,C03,8,6,5,40,5,1,1,5,4,5,13,4,4,1,4,5,2,17,2,19,2,9,6,1,7,14,1,10,1,12,44,1,21,121.5186152,25.0485095
114,11,28,15,37,04大安區,大安區仁愛路4段與敦化南路1段口,0,0,1,1,B12,8,6,5,50,4,1,1,5,4,5,13,1,1,10,5,5,2,17,1,39,3,10,7,1,7,5,1,8,1,4,8,1,21,121.5496944,25.037801
114,11,28,16,00,03中山區,中山區中山北路2段183巷28號,0,0,1,1,C03,8,7,5,30,14,9,1,5,4,5,13,4,4,10,5,5,2,17,1,45,2,9,5,1,7,1,1,10,1,11,80,1,22,121.5242499,25.06396962
114,11,28,16,02,07信義區,信義區基隆路1段與基隆路1段190巷口,0,0,2,1,C03,8,6,5,50,3,2,1,5,4,5,13,4,4,1,4,5,1,12,2,21,2,9,3,4,7,7,1,10,1,14,100,1,22,121.5647039,25.0418219
114,11,28,16,09,10文山區,文山區忠順街2段與無名巷口,0,0,1,1,C03,8,5,5,50,3,2,2,5,4,5,13,4,4,5,5,5,2,18,2,69,2,9,3,4,7,1,1,10,2,17,118,1,22,121.5635278,24.9847771
114,11,28,16,20,03中山區,中山區北安路與崇實路口,0,0,1,1,B03,8,7,5,50,14,9,1,5,4,5,13,2,1,7,2,5,2,17,2,24,3,10,7,1,7,9,1,8,1,1,108,1,21,121.5449906,25.0797929
114,11,28,16,20,03中山區,中山區南京東路2段163號,0,0,2,1,C03,7,7,5,40,14,8,1,5,4,5,13,4,4,8,3,4,1,17,1,57,2,8,5,1,7,8,1,10,9,12,100,2,21,121.5362433,25.0521315
114,11,28,16,24,07信義區,信義區市民大道6段與中坡北路口側附近口,0,0,1,1,C03,7,5,5,40,4,2,1,5,4,5,13,2,1,9,4,5,2,16,1,18,3,10,6,4,7,5,1,10,2,17,8,1,21,121.5800892,25.0489189
114,11,28,17,08,09北投區,北投區永興路2段與永興路2段33巷口,0,0,1,1,B03,8,6,5,50,3,1,1,5,4,5,13,4,4,9,5,5,2,17,2,31,3,10,7,1,7,2,1,8,9,3,12,1,22,121.5017782,25.1400073
114,11,28,17,13,05中正區,中正區重慶北路1段與鄭州路口,0,0,1,1,B12,8,5,5,40,4,1,1,5,4,5,13,1,1,1,4,5,1,17,1,31,4,11,3,4,7,9,1,8,11,2,44,2,21,121.5132579,25.04932
114,11,28,17,16,05中正區,中正區羅斯福路4段134號,0,0,1,1,C03,8,5,5,50,14,9,1,5,4,5,13,4,4,3,4,5,2,13,1,24,3,10,5,1,7,9,1,9,1,11,16,1,21,121.5358778,25.0131139
114,11,28,17,20,03中山區,中山區建國高架道往北南京上方,0,0,1,1,B03,8,5,5,70,14,9,1,5,4,5,13,4,4,1,4,5,2,13,2,57,3,10,7,1,7,9,1,8,1,1,108,1,22,121.5370977,25.06341959
114,11,28,17,45,06松山區,松山區民權大橋往西下橋處(燈桿7510489),0,0,1,1,B03,8,5,5,50,14,9,1,5,4,5,13,4,4,3,4,5,2,17,1,36,3,10,3,4,7,8,1,8,1,2,100,1,22,121.5671727,25.0634393
114,11,28,17,48,05中正區,中正區和平西路1段與福州街口,0,0,2,1,C03,8,7,5,50,4,2,1,5,4,5,13,1,1,1,4,5,2,17,1,50,2,9,5,1,7,9,1,10,1,11,16,1,22,121.5155476,25.0273461
114,11,28,18,00,01大同區,大同區延平北路4段與酒泉街口,0,0,2,1,B03,7,5,5,50,4,1,1,5,4,5,13,2,1,8,3,4,1,16,2,40,3,10,3,4,7,6,1,8,1,5,9,1,21,121.5110086,25.0721285
114,11,28,18,03,03中山區,中山區民族東路與濱江街180巷口,0,0,1,1,B01,8,5,5,50,4,1,1,5,4,5,13,1,1,10,5,5,2,16,1,52,3,10,7,1,7,5,1,4,2,5,8,1,26,121.5222901,25.05799169
114,11,28,18,18,01大同區,大同區延平北路4段與迪化街2段口,0,0,1,1,C03,8,5,5,50,5,4,1,5,4,5,13,1,1,5,4,5,2,13,1,76,3,10,6,1,7,9,1,10,1,11,16,1,21,121.511489,25.073869
114,11,28,18,21,04大安區,大安區仁愛路3段與新生南路1段口,0,0,2,1,H01,8,5,5,50,4,2,1,5,4,5,13,2,1,1,3,4,1,9,1,55,2,9,4,5,8,20,8,20,10,16,122,1,21,121.5333962,25.0378518
114,11,28,18,38,10文山區,文山區萬美街1段51號,0,0,1,1,A02,8,5,5,50,14,9,1,5,4,5,13,4,4,5,5,5,2,9,1,54,3,10,7,1,7,12,1,2,1,17,44,1,21,121.568392,25.0024331
114,11,28,18,45,12內湖區,內湖區內湖路2段與成功路3段174巷口,0,0,1,1,B03,8,5,5,50,4,2,1,5,4,5,13,2,1,5,5,5,2,17,2,64,3,10,7,1,7,5,1,8,1,5,8,1,21,121.5900005,25.08196188
114,11,28,18,52,02萬華區,萬華區華江橋機慢車道往新北,0,0,1,1,,8,5,5,40,14,11,1,5,4,5,13,4,4,10,5,5,2,17,4,0,,,,,,,,,11,,119,2,,121.4948244,25.0383505
114,11,28,18,52,04大安區,大安區忠孝東路3段1號旁,0,0,1,1,B01,8,5,8,50,14,9,1,5,4,5,13,4,4,10,3,5,1,17,1,67,3,10,3,4,7,15,1,4,1,2,100,1,21,121.535145,25.0422511
114,11,28,18,56,06松山區,松山區塔悠路與八德路4段口,0,0,2,1,B03,7,5,5,50,5,1,1,5,4,5,13,2,1,1,4,5,2,12,1,32,3,10,3,4,7,11,1,8,1,4,10,1,21,121.5721421,25.0501029
114,11,28,19,00,10文山區,文山區羅斯福路5段136-1號,0,0,1,1,C03,7,5,5,50,14,9,1,5,4,5,13,4,4,1,4,5,2,17,2,34,2,9,5,1,7,9,1,10,2,15,16,1,22,121.5388656,25.0058299
114,11,28,19,07,03中山區,中山區北安路87巷與北安路口,0,0,1,1,B03,8,5,5,50,3,1,1,5,4,5,13,3,1,9,4,5,2,17,2,38,3,10,7,1,7,5,1,8,1,2,71,1,21,121.5289748,25.077853
114,11,28,19,12,03中山區,中山區復興北路202號,0,0,2,1,C03,8,5,5,50,14,9,1,5,4,5,13,4,4,1,4,5,2,18,1,35,2,9,6,1,7,9,1,10,2,12,42,1,26,121.5440234,25.05559343
114,11,28,19,20,08士林區,士林區至善路2段3號,0,0,1,1,C03,8,5,5,40,14,7,1,5,4,5,13,4,4,1,4,4,2,17,2,41,2,9,3,4,7,7,1,10,1,14,100,1,22,121.5436671,25.0972148
114,11,28,19,40,02萬華區,萬華區西園路1段與桂林路口,0,0,1,1,B03,7,5,5,50,5,2,1,5,4,5,13,2,1,5,5,4,2,17,2,78,3,10,7,1,7,9,1,8,2,1,108,1,21,121.5001477,25.0384774
114,11,28,20,22,11南港區,南港區松河街與南港路3段220巷口口,0,0,2,1,C03,7,5,5,50,3,1,1,5,4,5,13,4,4,9,5,5,2,16,1,24,2,7,3,4,7,5,1,10,1,11,74,1,22,121.5850163,25.0533928
114,11,28,20,36,04大安區,大安區基隆路4段與基隆路4段73巷口,0,0,1,1,B12,8,5,8,50,4,2,1,5,4,5,13,2,1,8,3,4,1,17,2,62,3,10,3,4,7,15,1,8,1,2,44,1,21,121.5398893,25.0130114
114,11,28,20,40,08士林區,士林區中山北路5段與劍潭路口,0,0,1,1,B03,8,5,5,50,4,1,1,5,4,5,13,2,1,4,3,5,1,17,1,38,3,10,3,4,7,8,1,8,1,2,101,1,21,121.5253575,25.0841761
114,11,28,21,04,05中正區,中正區林森北路與北平東路口,0,0,1,1,C03,8,5,5,50,4,1,1,5,4,5,13,2,1,9,4,5,2,16,1,21,3,10,5,1,7,9,1,10,2,12,17,1,21,121.5237152,25.0464226
114,11,28,21,22,05中正區,中正區三元街與南海路口,0,0,3,1,C03,8,5,5,50,4,1,1,5,4,5,13,2,1,3,4,5,2,17,1,27,2,9,5,1,7,9,1,10,1,11,108,1,21,121.5090311,25.0294958
114,11,28,21,25,03中山區,中山區南京東路2段與松江路口,0,0,1,1,B03,8,5,5,50,4,2,1,5,4,5,13,2,1,1,4,5,2,17,1,74,3,10,7,1,7,7,1,8,2,7,100,1,21,121.5331505,25.05182887
114,11,28,21,35,07信義區,信義區忠孝東路5段236巷45弄與松德路168巷12弄口口,0,0,2,1,C03,8,5,5,50,3,2,1,5,4,5,13,4,4,5,5,5,2,13,1,52,2,8,6,1,7,9,1,10,1,11,108,1,22,121.5734858,25.0375653
114,11,28,21,50,09北投區,北投區吉利街與承德路7段342巷26弄口,0,0,2,1,C03,8,5,5,30,4,2,1,5,4,3,10,4,4,10,4,5,2,16,1,25,2,7,3,4,7,5,1,10,2,11,72,1,26,121.5050606,25.1181392
114,11,28,22,17,03中山區,中山區林森北路與南京東路1段口,0,0,1,1,C03,8,5,5,50,14,9,1,5,4,5,13,2,1,1,4,5,2,13,1,31,2,9,6,1,7,9,1,9,1,11,107,1,21,121.5253245,25.0527031
114,11,28,22,34,03中山區,中山區中山北路2段與民權西路口,0,0,1,1,A04,8,6,5,50,4,1,1,5,4,5,13,2,1,1,4,5,2,11,1,47,3,10,7,1,7,9,1,2,2,2,44,1,21,121.5224817,25.0628802
114,11,28,22,40,01大同區,大同區塔城街往北第2燈桿,0,0,1,1,B03,8,5,5,50,14,9,1,5,4,5,13,4,4,8,3,5,2,17,1,33,3,10,7,1,7,8,1,8,1,6,100,1,21,121.5102811,25.0489009
114,11,28,23,28,03中山區,中山區中原街與新生北路3段3巷口,0,0,1,1,B01,8,5,5,30,4,1,1,5,4,5,13,4,4,9,5,5,2,17,1,36,3,10,7,1,7,9,1,4,1,8,72,1,21,121.5289886,25.06308499
114,11,28,23,41,02萬華區,萬華區光復橋往新北,0,0,1,1,C03,8,5,5,50,8,9,1,5,4,5,13,4,4,1,1,5,2,18,1,43,2,9,5,1,7,6,1,10,6,14,108,1,21,121.490411,25.0242168
114,11,28,23,55,07信義區,信義區松山路與松山路292巷口,0,0,2,1,C04,8,5,5,50,3,2,1,5,4,5,13,1,1,1,4,5,2,17,2,28,2,9,3,4,7,5,1,4,1,13,44,1,21,121.5777796,25.0432416
114,11,29,00,06,03中山區,中山區長安東路1段與吉林路口,0,0,1,1,B03,8,5,5,50,4,1,1,5,4,5,13,2,1,5,4,5,2,17,1,17,3,10,7,1,7,5,2,18,2,1,8,1,21,121.5305459,25.0483807
114,11,29,00,40,07信義區,信義區光復南路491號,0,0,1,1,B01,8,5,5,50,14,9,1,5,4,5,13,1,1,1,4,5,2,14,1,61,3,10,3,4,7,2,1,4,1,3,12,1,21,121.5575151,25.0327227
114,11,29,00,51,11南港區,南港區興中路與興中路28巷口,0,0,2,1,B03,8,5,5,30,3,1,1,5,4,5,13,4,4,4,3,5,2,15,1,44,3,10,3,1,7,11,1,8,2,2,74,1,21,121.6072333,25.0556137
114,11,29,01,31,03中山區,中山區北安路139號,0,0,1,1,C03,8,5,5,50,18,9,1,5,4,5,13,4,4,5,4,4,1,16,1,47,3,10,6,1,7,9,1,10,1,12,17,1,21,121.5326565,25.0781794
114,11,29,01,42,11南港區,南港區忠孝東路6段382號,0,0,2,1,C03,8,5,5,50,14,9,1,5,4,5,13,4,4,3,4,5,2,12,2,18,2,7,5,1,7,1,1,10,1,14,80,1,22,121.5919078,25.0498602
114,11,29,05,23,08士林區,士林區福國路與文林路口,0,0,3,1,C03,8,5,8,50,22,22,1,5,4,5,13,2,1,1,5,5,1,17,1,18,2,9,5,1,7,9,1,10,1,11,16,1,21,121.521717,25.10150271
114,11,29,07,09,06松山區,松山區光復北路11巷與南京東路5段66巷口,0,0,3,1,H01,8,6,5,30,4,2,1,5,4,5,13,2,1,8,3,5,1,3,2,61,2,9,4,5,8,18,8,20,10,16,121,1,21,121.5606059,25.0501381
114,11,29,08,30,03中山區,中山區中山北路3段85號臺北藝術園區工地前,0,0,2,1,C03,8,6,5,50,14,9,1,5,4,5,13,4,4,9,4,5,2,13,1,22,2,7,6,4,7,9,1,10,2,11,108,1,25,121.5229163,25.06879007
114,11,29,08,58,06松山區,松山區民生東路4段與敦化北路199巷口,0,0,1,1,B03,8,6,5,50,3,2,1,5,4,5,13,1,1,1,4,5,2,16,2,40,3,10,7,1,7,6,1,8,1,2,9,1,21,121.5504558,25.0577676