發生年度,發生月,發生日,發生時-Hours,發生分,區序,肇事地點,死亡人數,2-30日死亡人數,受傷人數,當事人序號,車種,天候,光線,道路類別,速限-速度限制,道路型態,事故位置,路面狀況1,路面狀況2,路面狀況3,道路障礙1,道路障礙2,號誌1,號誌2,車道劃分-分向,車道劃分-分道1,車道劃分-分道2,車道劃分-分道3,事故類型及型態,性別,年齡,受傷程度,主要傷處,保護裝置,行動電話,車輛用途,當事者行動狀態,駕駛資格情形,駕駛執照種類,飲酒情形,車輛撞擊部位1,肇因碼-個別,個人肇逃否,職業,座標-X,座標-Y
114,11,29,09,15,10文山區,文山區辛亥路4段與興德路66巷口,0,0,1,1,B03,8,6,5,50,3,1,1,5,4,5,13,3,1,1,4,5,2,12,2,28,3,10,7,1,7,7,1,8,2,8,100,1,21,121.5566782,25.0042569
114,11,29,09,36,08士林區,士林區至善路2段白千層SL0560251164,0,0,1,1,B01,8,6,5,50,14,9,1,5,4,5,13,4,4,1,4,5,2,12,1,56,2,9,7,1,7,8,1,4,1,2,100,1,21,121.5572108,25.1103303
114,11,29,09,38,06松山區,松山區民權東路5段與民權東路5段口1號旁無名巷,0,0,1,1,B03,8,7,5,50,3,1,1,5,4,5,13,2,1,1,4,5,2,15,1,83,3,10,7,1,7,15,1,8,1,2,71,1,25,121.5648514,25.0631313
114,11,29,09,45,08士林區,士林區百齡橋往重慶北,0,0,2,1,B01,8,5,5,50,14,9,1,5,4,5,13,4,4,1,4,5,2,13,1,66,3,10,7,1,7,9,1,8,1,1,16,1,21,121.5122354,25.08798495
114,11,29,09,47,03中山區,中山區中山北路2段與南京西路口,0,0,1,1,B02,8,6,5,50,4,1,1,5,4,5,13,2,1,1,5,1,1,13,1,32,3,10,3,4,7,9,1,8,1,5,108,1,21,121.5224696,25.0525301
114,11,29,09,50,01大同區,大同區民生西路與太原路口,0,0,1,1,B03,8,6,5,50,4,1,1,5,4,5,13,2,1,4,4,5,2,17,1,72,3,10,3,4,7,8,1,8,2,1,100,1,21,121.5170754,25.0572586
114,11,29,09,53,01大同區,大同區涼州街與保安街49巷口,0,0,2,1,C03,8,7,5,50,3,2,1,5,4,5,13,4,4,5,4,5,2,13,1,48,2,9,3,4,7,9,1,10,1,11,42,1,21,121.5119634,25.0607085
114,11,29,09,53,04大安區,大安區金山南路2段52號,0,0,3,1,B01,8,6,5,50,14,9,1,5,4,5,13,4,4,10,4,5,2,13,1,61,2,9,7,1,7,9,1,4,1,1,44,1,21,121.5269464,25.0325371
114,11,29,10,10,02萬華區,萬華區堤外便道自行車專用道近中興橋（燈桿3014303號）,0,0,2,1,F01,8,6,7,30,14,23,1,5,4,5,13,4,4,10,5,5,2,17,1,32,2,9,5,1,7,9,8,20,1,12,44,1,21,121.5086922,25.0514742
114,11,29,10,16,09北投區,北投區明德路與明德路150巷口,0,0,2,1,C03,8,7,5,50,3,1,1,5,4,5,13,2,1,5,5,5,2,16,1,47,2,9,6,1,7,11,1,10,1,12,10,1,22,121.5209469,25.1108689
114,11,29,10,40,09北投區,北投區新民路66號與新民路口康樂巷口,0,0,1,1,C03,8,7,5,40,14,9,1,5,4,5,13,4,4,9,5,5,1,17,1,32,2,9,6,1,7,5,1,10,1,14,8,1,22,121.5109992,25.1401696
114,11,29,10,43,06松山區,松山區民生東路3段127巷與民生東路3段口,0,0,2,1,B03,8,6,5,30,3,1,1,5,4,5,13,4,4,9,4,5,2,17,1,56,3,10,3,4,7,6,1,8,2,5,99,1,22,121.5474329,25.0578795
114,11,29,11,34,06松山區,松山區延吉街16號,0,0,2,1,F01,8,6,5,50,14,9,1,5,4,5,13,4,4,5,5,5,2,17,1,55,2,9,4,1,7,11,8,20,2,14,99,1,21,121.553467,25.0469636
114,11,29,11,39,04大安區,大安區忠孝東路3段251巷與忠孝東路3段251巷1弄口,0,0,1,1,F01,8,6,5,30,4,1,1,5,4,5,13,4,4,10,5,5,1,15,2,69,2,1,3,4,7,9,8,20,1,13,72,1,21,121.5416397,25.042042
114,11,29,11,39,08士林區,士林區臨溪路與至善路1段138巷口,0,0,3,1,F01,8,5,5,50,3,2,1,5,4,5,13,4,4,5,5,5,2,17,1,20,2,7,4,1,7,5,8,20,2,14,80,1,25,121.5434467,25.096057
114,11,29,11,46,12內湖區,內湖區康樂街136巷3弄2號,0,0,1,1,C03,8,7,5,30,3,2,1,5,4,5,13,4,4,10,5,5,2,16,2,75,2,9,5,1,7,1,1,10,1,14,19,1,21,121.6188148,25.0719134
114,11,29,12,08,08士林區,士林區德行東路21號前,0,0,1,1,H01,8,6,5,50,14,9,1,5,4,5,13,4,4,9,5,5,2,29,3,0,,,,,,,,,,,67,1,,121.5258702,25.1068485
114,11,29,12,12,02萬華區,萬華區桂林路與貴陽街2段164巷口,0,0,1,1,B03,8,7,5,50,3,1,1,5,4,5,13,4,4,9,5,4,2,13,1,36,3,10,7,1,7,9,1,8,1,8,44,1,21,121.5010751,25.0384179
114,11,29,12,19,05中正區,中正區金門街與晉江街口口,0,0,2,1,C03,8,6,5,30,4,1,1,5,4,5,13,4,4,10,5,5,1,15,1,63,2,1,6,1,7,9,1,10,2,11,72,1,21,121.5248875,25.02313
114,11,29,12,41,03中山區,中山區市民大道3段167號,0,0,1,1,C03,8,7,6,40,14,9,1,5,4,5,13,4,4,1,4,5,2,12,2,71,3,10,5,1,7,9,1,10,1,12,116,1,22,121.5405629,25.0446146
114,11,29,12,47,05中正區,中正區水源快速道路95號燈桿處,0,0,3,1,B03,8,6,5,50,14,9,1,5,4,5,13,4,4,2,4,5,1,13,1,29,2,1,7,1,7,9,1,8,2,1,108,1,21,121.5264654,25.01452352
114,11,29,12,55,09北投區,北投區大度路3段6510010號燈桿,0,0,1,1,B03,8,7,5,50,14,9,1,5,4,5,13,4,4,1,4,5,2,13,1,70,3,10,7,1,7,9,1,8,1,1,42,1,22,121.4652702,25.1235163
114,11,29,13,13,03中山區,中山區中山北路2段與民權東路1段口,0,0,2,1,B01,8,6,5,50,4,1,1,5,4,5,13,1,1,1,4,5,2,12,1,58,3,10,3,4,7,8,1,4,1,2,100,1,22,121.5231058,25.0628463
114,11,29,13,24,09北投區,北投區中和街與中和街390巷口,0,0,1,1,B03,8,7,5,50,4,1,1,5,4,5,13,4,4,5,5,5,2,13,1,35,4,11,3,4,7,15,1,8,9,6,42,2,21,121.498317,25.1431282
114,11,29,13,38,07信義區,信義區松壽路2號,0,0,1,1,C03,8,6,5,50,14,9,1,5,4,5,13,4,4,5,4,5,2,16,1,19,2,9,6,4,7,5,1,10,1,13,8,1,21,121.5629532,25.0359908
114,11,29,13,49,03中山區,中山區民生東路3段與建國北路2段口,0,0,1,1,A02,8,7,5,50,4,2,1,5,4,5,13,1,1,1,4,5,2,9,1,27,3,10,7,1,7,9,1,2,1,17,118,1,22,121.5373834,25.0579575
114,11,29,13,53,04大安區,大安區忠孝東路3段與復興南路1段口,0,0,2,1,C03,8,6,5,50,4,2,1,5,4,5,13,1,1,9,4,5,1,13,2,56,2,1,3,4,7,9,1,10,1,11,16,1,21,121.5436999,25.0420281
114,11,29,13,55,09北投區,北投區承德路7段401巷200號,0,0,1,1,B12,8,7,5,30,14,9,1,5,4,5,13,4,4,10,5,5,2,16,1,63,3,10,7,1,7,5,1,8,1,8,8,1,21,121.4997599,25.11501357
114,11,29,14,00,02萬華區,萬華區堤外便道與桂林路口水門口,0,0,1,1,B03,8,7,5,40,4,1,1,5,4,5,13,1,1,10,5,5,2,17,2,49,3,10,7,1,7,6,1,8,11,17,44,1,21,121.4959088,25.0390456
114,11,29,14,07,07信義區,信義區市民大道6段與虎林街口,0,0,1,1,C03,8,7,5,40,14,9,1,5,4,5,13,4,4,10,3,5,2,12,2,21,2,9,5,1,7,7,1,10,1,14,100,1,21,121.5756632,25.0491958
114,11,29,14,08,07信義區,信義區信安街200號,0,0,2,1,C03,8,6,5,50,14,9,1,5,4,5,13,4,4,8,5,5,2,12,1,36,3,10,6,1,7,1,1,10,1,11,19,1,21,121.5548943,25.0226295
114,11,29,15,10,04大安區,大安區信義路3段41號對面(往東),0,0,1,1,C03,8,6,5,50,14,9,1,5,4,5,13,4,4,4,4,5,2,13,2,68,2,9,5,1,7,9,1,10,1,11,42,1,22,121.5353838,25.0334354
114,11,29,15,42,04大安區,大安區和平東路1段與金山南路2段口,0,0,3,1,C03,8,6,5,50,3,1,1,5,4,5,13,1,1,10,5,5,2,17,1,40,2,7,6,1,7,9,1,10,1,14,44,1,21,121.5259594,25.0269337
114,11,29,15,50,07信義區,信義區光復南路271號,0,0,2,1,C03,8,7,5,50,14,9,1,5,4,5,13,4,4,1,4,5,2,18,1,27,2,9,5,1,7,9,1,10,1,14,16,1,21,121.5577016,25.0406782
114,11,29,16,03,03中山區,中山區中山北路4段新生高架匝道,0,0,2,1,C03,8,6,5,50,14,9,1,5,4,5,13,1,1,9,4,5,2,13,1,45,2,8,5,4,7,9,1,10,1,11,16,1,21,121.5249697,25.07696993
114,11,29,16,10,08士林區,士林區中正路與重慶北路4段口,0,0,3,1,C03,8,6,5,50,3,2,1,5,4,5,13,1,1,10,4,5,2,17,1,33,2,9,6,1,6,9,6,10,1,12,17,1,26,121.5116442,25.08769666
114,11,29,16,10,07信義區,信義區基隆路1段與忠孝東路4段口,0,0,1,1,B03,8,6,5,50,4,1,1,5,4,5,13,2,1,1,4,5,1,16,1,33,3,10,3,4,7,6,1,8,1,8,44,1,22,121.5644277,25.0413895
114,11,29,17,02,05中正區,中正區北平東路30-1號對面,0,0,1,1,B03,8,6,5,50,14,9,1,5,4,5,13,4,4,9,4,5,2,11,1,23,3,10,7,1,7,1,1,8,2,5,19,1,21,121.5263036,25.0457997
114,11,29,17,21,02萬華區,萬華區堤外便道北向南接近華江橋,0,0,4,1,C03,8,5,5,40,14,7,1,5,4,5,13,4,4,5,4,5,2,12,1,19,2,9,5,1,7,1,1,10,1,14,44,1,22,121.4881965,25.030935
114,11,29,17,25,12內湖區,內湖區潭美街331號,0,0,1,1,C03,8,5,5,40,14,9,1,2,4,5,13,4,4,5,5,5,2,29,2,41,2,9,6,1,7,9,1,10,1,17,44,1,21,121.5899543,25.0587367
114,11,29,17,44,04大安區,大安區建國南路1段57-1號,0,0,1,1,C03,8,5,5,50,14,9,1,5,4,5,13,4,4,10,4,5,2,17,2,27,2,8,5,1,7,8,1,10,1,12,100,1,22,121.536897,25.0443249
114,11,29,18,06,08士林區,士林區仰德大道1段101號附近側附近下山方向,0,0,1,1,A02,8,5,5,40,14,9,1,5,4,5,13,4,4,4,5,5,1,12,1,59,3,10,7,1,7,8,1,2,1,17,101,1,22,121.5384001,25.1040042
114,11,29,18,25,08士林區,士林區通河西街2段254號,0,0,1,1,C03,8,5,5,40,12,9,1,5,4,5,13,4,4,9,4,5,1,11,2,57,4,11,3,4,7,9,1,10,11,14,4,2,21,121.4981837,25.094117
114,11,29,18,51,02萬華區,萬華區內江街與昆明街口,0,0,1,1,C03,7,5,5,50,4,2,1,5,4,5,13,2,1,9,4,5,2,17,2,17,3,10,6,2,7,9,2,18,1,11,110,1,21,121.5045954,25.041542
114,11,29,19,06,02萬華區,萬華區西昌街與貴陽街2段口,0,0,1,1,B03,8,6,5,50,4,1,1,5,4,5,13,2,1,5,5,5,2,13,1,43,3,10,7,1,7,9,1,8,7,1,21,1,21,121.5006543,25.0402241
114,11,29,19,19,08士林區,士林區中正路與承德路5段口,0,0,1,1,B03,7,5,5,30,4,1,1,5,4,5,13,1,1,4,4,5,1,17,1,41,3,10,7,1,7,6,1,8,2,5,98,1,21,121.5162957,25.0911596
114,11,29,20,33,01大同區,大同區鄭州路137號,0,0,1,1,C03,7,5,5,40,14,9,1,5,4,5,13,4,4,1,4,5,2,17,1,27,2,7,5,4,7,9,1,10,1,11,16,1,21,121.5102562,25.0503244
114,11,29,20,33,11南港區,南港區忠孝東路7段與忠孝東路7段325巷口口,0,0,1,1,B03,8,5,5,50,3,1,1,5,4,5,13,2,1,1,4,5,2,11,2,56,3,10,3,4,7,12,1,8,1,1,71,1,21,121.6054201,25.0519694
114,11,29,22,18,01大同區,大同區承德路3段與敦煌路口,0,0,1,1,B03,8,6,5,50,14,9,1,5,4,5,13,2,1,9,4,4,2,17,2,49,3,10,7,4,7,6,1,8,1,2,85,1,21,121.5200623,25.0753093
114,11,29,22,31,07信義區,信義區市民高架道與環東大道北口燈桿編號:6510876,0,0,1,1,C01,7,5,5,60,11,9,1,5,4,5,13,4,4,9,4,5,1,18,1,30,2,9,6,4,7,9,1,9,1,12,44,1,21,121.5672096,25.045822
114,11,29,23,15,08士林區,士林區延平北路5段與葫蘆街口,0,0,1,1,B03,7,5,5,50,3,2,1,5,4,5,13,2,1,1,4,5,1,17,2,24,3,10,7,1,7,5,1,8,1,2,71,1,21,121.5098854,25.08412096
114,11,30,00,10,02萬華區,萬華區萬大路與華中橋口機車道,0,0,1,1,B03,8,5,8,50,22,22,1,5,4,5,13,4,4,1,4,5,2,17,1,64,3,10,7,4,7,7,1,6,4,5,101,1,21,121.4971741,25.01899057
114,11,30,00,31,12內湖區,內湖區內湖路2段與成功路3段174巷口,0,0,1,1,C03,8,5,5,50,4,1,1,5,4,5,13,3,1,9,4,5,2,16,1,28,3,10,6,1,7,9,1,10,2,11,84,1,21,121.5902831,25.0822645
114,11,30,07,17,02萬華區,萬華區桂林路與貴陽街2段164巷口,0,0,2,1,H01,8,6,5,40,14,8,1,5,4,5,13,4,4,5,4,4,1,9,2,85,2,9,4,5,8,16,8,20,10,16,121,1,22,121.5011206,25.0383893
114,11,30,07,58,04大安區,大安區和平東路1段與和平東路1段41巷口口,0,0,3,1,C03,8,6,5,50,3,1,1,5,4,5,13,2,1,1,4,5,2,13,2,37,2,9,5,1,7,9,1,10,1,11,16,1,21,121.5236895,25.0269166
114,11,30,08,52,08士林區,士林區中正路與福港街18巷口口,0,0,1,1,C03,8,6,5,40,3,1,1,5,4,5,13,4,4,10,4,5,2,17,2,28,3,10,6,1,7,6,1,10,1,17,9,1,21,121.517259,25.09065458
114,11,30,09,19,01大同區,大同區環河北路2段與酒泉街口,0,0,1,1,A11,8,6,5,60,14,7,1,5,4,5,13,4,4,1,4,5,2,17,1,25,3,10,7,1,7,8,1,1,2,5,100,1,21,121.5090191,25.0726526
114,11,30,10,10,05中正區,中正區惠安街與中華路2段309巷口,0,0,2,1,F01,8,7,5,30,3,1,1,5,4,5,13,4,4,10,5,5,2,16,1,18,2,9,4,1,7,5,8,20,1,11,80,1,22,121.5067444,25.0294393
114,11,30,10,20,07信義區,信義區基隆路2段與信義路5段口,0,0,1,1,C03,8,6,5,50,4,1,1,5,4,5,13,1,1,3,3,5,2,17,1,29,2,9,6,1,7,9,1,9,1,11,81,1,21,121.5596271,25.0329524
114,11,30,10,40,05中正區,中正區汀州路3段與汀州路3段200巷口口,0,0,1,1,F01,8,6,5,50,3,1,1,5,4,5,13,4,4,5,5,5,1,17,2,42,2,8,4,1,7,9,8,20,1,11,42,1,21,121.535519,25.0119777
114,11,30,10,45,11南港區,南港區東新街170巷與東新街170巷口37號停車場出入口,0,0,1,1,B03,8,6,5,40,3,1,1,5,4,5,13,4,4,8,3,5,2,16,1,29,3,10,3,4,7,5,1,8,1,4,8,1,21,121.5928364,25.0430588
114,11,30,10,47,06松山區,松山區八德路2段352號對面,0,0,2,1,C03,8,5,5,50,14,9,1,5,4,5,13,4,4,8,3,5,2,13,2,36,2,8,5,1,7,9,1,10,1,11,44,1,22,121.5452485,25.0479464
114,11,30,11,03,04大安區,大安區市民大道3段與安東街口,0,0,1,1,B03,8,6,5,40,3,2,1,5,4,5,13,2,1,9,4,5,1,16,2,49,3,10,3,4,7,6,1,8,1,2,71,1,21,121.5424055,25.0445487
114,11,30,11,13,06松山區,松山區八德路4段245巷56弄8號,0,0,1,1,C04,8,6,5,30,14,9,1,5,4,5,13,4,4,10,5,5,2,17,1,29,3,10,6,1,7,2,1,10,1,13,42,1,21,121.5637349,25.0507712
114,11,30,12,04,09北投區,北投區光明路2巷21號,0,0,1,1,C03,8,6,5,50,14,9,1,5,4,5,13,4,4,8,3,5,2,16,2,25,2,7,6,1,7,5,1,10,9,14,8,1,22,121.4993283,25.1315766
114,11,30,12,43,09北投區,北投區杏林二路與杏林二路60巷口,0,0,2,1,C03,8,7,5,30,4,1,1,5,4,3,13,4,4,10,5,5,2,15,1,32,2,9,5,1,7,9,1,10,1,14,72,1,22,121.4970046,25.1423663
114,11,30,12,45,08士林區,士林區士東路與士東路200巷口,0,0,1,1,B03,8,6,5,50,4,1,1,5,4,5,13,1,1,1,4,4,1,16,1,68,3,10,3,4,7,11,1,8,2,1,71,1,22,121.5334701,25.1127638
114,11,30,13,37,07信義區,信義區松德路與松德路133巷口,0,0,1,1,B02,8,6,5,50,4,2,1,5,4,5,13,2,1,1,4,4,2,12,1,38,3,10,3,4,7,9,1,8,1,2,17,1,21,121.5750894,25.0375067
114,11,30,13,49,03中山區,中山區樂群三路303號與樂群三路口停車場出入口,0,0,1,1,B03,7,6,5,50,5,2,1,5,4,5,13,4,4,9,3,5,1,17,1,40,3,10,7,1,7,6,1,8,1,2,9,1,21,121.5598955,25.0825613
114,11,30,14,05,05中正區,中正區重慶南路2段與重慶南路2段6巷口口,0,0,1,1,C03,8,6,5,50,4,1,1,5,4,5,13,3,1,1,4,4,1,17,2,22,2,7,6,1,7,5,1,10,2,12,72,1,21,121.5130585,25.0339464
114,11,30,14,06,03中山區,中山區市民大道2段65號,0,0,1,1,C03,8,6,5,40,14,9,1,5,4,5,13,4,4,9,5,4,2,12,2,18,2,8,5,4,7,7,1,10,1,14,100,1,21,121.529796,25.0463761
114,11,30,14,40,05中正區,中正區中華路1段與漢口街1段口,0,0,1,1,A02,8,6,5,50,14,9,1,5,4,5,13,4,4,1,4,5,2,17,1,52,3,10,7,1,7,14,1,2,9,17,38,1,21,121.509257,25.0447711
114,11,30,15,00,03中山區,中山區中山北路3段往大直方向機車專用道,0,0,1,1,C03,8,7,5,50,14,11,1,5,4,5,13,4,4,10,4,5,2,18,1,42,2,8,6,1,7,9,1,10,2,12,42,1,21,121.5271459,25.0756471
114,11,30,15,00,12內湖區,內湖區成功路5段466號前,0,0,1,1,C03,7,6,5,50,14,9,1,5,4,5,13,1,1,1,4,5,2,13,1,19,3,10,6,1,7,9,1,10,2,11,16,1,21,121.6064159,25.0730783
114,11,30,15,24,01大同區,大同區萬全街103巷與歸綏街口口,0,0,2,1,C03,6,6,5,30,4,1,1,4,4,5,10,4,4,10,5,5,2,15,2,56,2,9,6,1,7,9,1,10,1,11,72,1,21,121.5162175,25.0587084
114,11,30,15,43,06松山區,松山區民權東路4段121號,0,0,2,1,C03,6,6,5,40,22,8,1,4,4,5,13,1,1,1,4,4,2,13,1,54,2,9,6,1,7,9,1,9,2,11,16,1,22,121.5591524,25.06239687
114,11,30,16,17,01大同區,大同區民生西路與重慶北路2段口,0,0,1,1,B03,6,6,5,50,4,1,1,4,4,5,13,1,1,5,2,5,1,17,1,36,3,10,7,1,7,6,1,8,2,8,108,1,21,121.5139094,25.0570727
114,11,30,16,48,05中正區,中正區中華路1段與漢口街1段口,0,0,2,1,C03,7,5,5,50,5,2,1,4,4,5,13,1,1,1,3,5,2,15,2,60,2,9,5,1,7,9,1,10,2,12,42,1,21,121.5093416,25.04521122
114,11,30,16,49,06松山區,松山區民生東路3段130巷與民生東路3段130巷5弄口,0,0,1,1,B02,6,6,5,30,4,1,1,4,4,5,13,4,4,10,5,5,2,17,1,38,3,10,7,1,7,9,1,8,1,17,72,1,21,121.5462081,25.0570302
114,11,30,16,59,05中正區,中正區忠孝東路2段與忠孝東路2段121巷口,0,0,1,1,B03,6,5,5,50,3,1,1,4,4,5,13,4,4,1,4,5,2,16,1,40,3,10,7,1,7,6,1,8,1,2,9,1,22,121.5321455,25.04260928
114,11,30,17,30,12內湖區,內湖區康寧路3段75巷137號前,0,0,1,1,B03,6,5,5,30,12,9,1,4,4,5,13,3,1,5,5,5,2,17,1,20,3,10,7,1,7,14,1,8,2,4,40,1,21,121.6099744,25.0749456
114,11,30,17,44,09北投區,北投區石牌路1段與石牌路2段口,0,0,1,1,C03,6,5,5,50,4,1,1,4,4,5,13,1,1,1,4,5,2,16,2,22,2,8,5,1,7,9,1,10,1,14,42,1,22,121.5151799,25.1154185
114,11,30,18,14,12內湖區,內湖區內湖路2段300號,0,0,2,1,C03,6,5,5,50,14,9,1,4,4,5,13,4,4,4,5,5,2,16,1,32,2,9,6,4,7,5,1,10,2,12,94,1,21,121.5864439,25.0810877
114,11,30,18,20,01大同區,大同區延平北路4段與敦煌路口,0,0,2,1,C03,6,5,5,50,4,1,1,4,4,5,13,2,1,9,4,5,2,16,2,38,2,9,5,1,7,5,1,10,1,11,80,1,21,121.5120484,25.0764281
114,11,30,19,24,06松山區,松山區三民路與三民路113巷口,0,0,2,1,C03,8,5,5,50,4,1,1,5,4,5,13,2,1,1,4,5,2,17,1,24,2,9,6,1,7,9,1,10,1,11,99,1,21,121.5634285,25.0580362
114,11,30,20,10,08士林區,士林區仰德大道1段與至誠路1段口,0,0,1,1,B03,7,5,5,50,5,1,1,4,4,5,13,2,1,5,4,5,2,17,1,51,3,10,3,4,7,9,1,8,1,1,81,1,22,121.5375575,25.10078536
114,11,30,20,41,04大安區,大安區忠孝東路3段與復興南路1段口,0,0,2,1,C03,8,5,5,50,4,4,1,5,4,5,13,2,1,9,5,5,2,13,1,40,2,7,5,1,7,9,1,10,1,11,16,1,21,121.5434009,25.0415565
114,11,30,22,00,03中山區,中山區民權東路2段57號,0,0,1,1,C03,8,5,5,50,14,9,1,5,4,5,13,4,4,9,4,5,1,17,1,36,2,8,6,1,7,15,1,10,1,12,108,1,21,121.5307493,25.0626459
114,11,30,22,35,03中山區,中山區大直橋與美堤河濱公園口上方,0,0,1,1,B02,7,5,5,50,14,9,1,5,4,5,13,4,4,2,4,5,2,12,2,18,3,10,7,1,7,7,1,8,1,4,100,1,21,121.5442968,25.07706519
114,11,30,22,36,03中山區,中山區北安路與通北街口,0,0,1,1,B03,7,5,5,50,4,1,1,5,4,5,13,1,1,10,4,5,2,17,1,24,3,10,7,1,7,5,1,8,2,6,71,1,21,121.5420928,25.0796029
114,11,30,23,50,03中山區,中山區明水路387號,0,0,1,1,A41,7,5,5,50,14,9,1,5,4,5,13,4,4,10,4,5,2,17,1,33,3,10,7,1,7,9,1,1,1,17,116,1,21,121.5462311,25.0773983
114,12,01,01,05,02萬華區,萬華區康定路25巷與成都路133巷口,0,0,2,1,C03,7,5,5,30,4,1,1,5,4,5,13,4,4,10,5,5,2,17,4,0,,,,,,,,,11,,,,,121.5036952,25.0438173
114,12,01,01,19,03中山區,中山區中山橋機慢車專用道,0,0,1,1,C04,7,5,5,50,11,11,1,5,4,5,13,4,4,9,4,5,1,29,2,22,2,8,5,1,7,5,1,8,1,12,42,1,21,121.526277,25.0744102
114,12,01,05,40,09北投區,北投區大業路與中央北路1段口,0,0,1,1,B03,6,5,5,50,4,1,1,4,4,5,13,2,1,1,4,5,2,16,1,80,3,10,7,1,7,5,1,7,2,1,83,1,21,121.4972297,25.1360993
114,12,01,06,55,04大安區,大安區信義路3段與信義路3段31巷口,0,0,1,1,B03,7,6,5,30,3,1,1,4,4,5,12,4,4,10,5,5,2,17,4,0,,,,,,,,,11,,119,2,,121.5345646,25.0336765
114,12,01,07,00,05中正區,中正區市民高架道往東重慶北上方,0,0,1,1,B03,6,5,5,80,10,7,1,4,4,5,13,4,4,10,3,5,1,17,1,39,2,7,7,1,7,8,1,8,1,5,100,1,21,121.5111105,25.0499726
114,12,01,07,00,12內湖區,內湖區堤外便道(3012365號燈桿）,0,0,1,1,B03,6,5,5,50,14,9,1,4,4,5,13,4,4,5,5,5,1,12,2,46,3,10,7,1,7,9,1,8,2,2,1,1,21,121.6135264,25.0653693
114,12,01,07,01,05中正區,中正區中華路2段與愛國西路口口,0,0,1,1,B03,6,6,5,50,5,1,1,4,4,5,13,1,1,1,4,5,1,17,1,66,3,10,7,1,7,6,1,8,1,2,9,1,21,121.5069143,25.0373982
114,12,01,07,12,01大同區,大同區環河北路1段與民生西路口水門內,0,0,1,1,C03,7,6,5,50,4,2,1,4,4,5,13,2,1,5,5,5,2,18,1,46,2,9,5,1,7,5,1,10,1,14,116,1,22,121.5079986,25.0568096
114,12,01,07,34,07信義區,信義區基隆路1段149號,0,0,1,1,C03,6,6,5,50,14,9,1,4,4,5,13,4,4,1,3,5,2,18,2,29,2,8,6,1,7,9,1,10,1,14,44,1,21,121.5654707,25.0425433
114,12,01,07,45,07信義區,信義區松山路541巷與松山路541巷14弄口,0,0,1,1,F01,6,7,5,30,4,1,1,4,4,5,13,4,4,10,5,5,2,17,2,67,2,9,4,1,7,5,8,20,1,14,8,1,21,121.5786196,25.0377841
114,12,01,07,48,12內湖區,內湖區潭美街與安康路106巷口口,0,0,1,1,B12,7,5,5,40,4,1,1,4,4,5,13,1,1,5,5,5,2,17,1,48,3,10,7,1,7,6,1,8,2,17,80,1,21,121.5992883,25.0606953
114,12,01,08,00,05中正區,中正區中山北路1段與北平東路口,0,0,1,1,C03,6,5,5,50,4,1,1,4,4,5,13,1,1,5,4,5,1,17,2,52,2,9,5,1,7,15,1,10,2,12,101,1,21,121.520425,25.0472121
114,12,01,08,15,03中山區,中山區建國北路1段80號前迴轉道,0,0,1,1,B03,6,5,5,50,22,6,1,4,4,5,13,2,1,5,4,5,2,17,1,52,3,10,7,1,7,5,1,8,1,8,44,1,21,121.5365985,25.04915327
114,12,01,08,19,08士林區,士林區百齡橋燈桿017,0,0,1,1,C03,6,6,5,50,8,11,1,4,4,5,13,4,4,3,2,5,1,18,2,23,2,9,6,1,7,9,1,10,9,12,42,1,22,121.5124212,25.0881228
114,12,01,08,25,03中山區,中山區吉林路與松江路108巷口,0,0,1,1,B01,6,5,5,50,4,1,1,4,4,5,13,4,4,5,4,5,2,16,1,64,3,10,7,1,7,11,1,4,1,4,74,1,21,121.5301614,25.0514559
114,12,01,08,30,08士林區,士林區通河東街1段167巷24號,0,0,1,1,B02,6,6,5,30,14,9,1,4,4,5,13,4,4,10,5,5,1,17,2,58,3,10,7,1,7,6,1,8,2,2,9,1,21,121.516576,25.08788208
114,12,01,08,30,11南港區,南港區忠孝東路7段265巷南港車站停車場出入口,0,0,1,1,B03,6,6,5,50,14,9,1,4,4,5,13,4,4,5,4,5,2,16,1,34,3,10,7,1,7,6,1,8,1,2,9,1,21,121.6035349,25.0519766
114,12,01,08,45,04大安區,大安區建國南路1段177號,0,0,2,1,C03,6,6,5,50,14,9,1,4,4,5,13,4,4,1,4,4,2,18,1,60,2,9,5,1,7,9,1,10,9,11,42,1,21,121.5378132,25.0405847
114,12,01,08,45,06松山區,松山區敦化北路與長春路口,0,0,1,1,B03,6,7,8,50,4,1,1,4,4,5,13,2,1,1,4,1,2,16,1,41,3,10,7,1,7,5,1,8,1,6,71,1,21,121.5487366,25.0544615
114,12,01,08,50,12內湖區,內湖區江南街65巷19號,0,0,1,1,C03,6,6,5,50,14,9,1,4,4,5,13,4,4,9,5,5,2,3,1,54,3,10,6,1,7,9,1,10,11,11,14,1,21,121.578136,25.0772091
114,12,01,08,55,09北投區,北投區自強街31巷與自強街61巷口,0,0,2,1,C03,8,6,5,30,4,1,1,4,4,5,13,4,4,10,5,5,2,15,1,36,2,9,6,1,7,9,1,10,2,12,72,1,21,121.5126562,25.1110775
114,12,01,09,03,05中正區,中正區羅斯福路3段與羅斯福路3段284巷口,0,0,1,1,C03,6,6,5,50,4,1,1,4,4,5,13,1,1,10,5,5,2,17,1,21,2,8,5,1,7,1,1,10,1,11,19,1,21,121.5321824,25.0164563