發生年度,發生月,發生日,發生時-Hours,發生分,區序,肇事地點,死亡人數,2-30日死亡人數,受傷人數,當事人序號,車種,天候,光線,道路類別,速限-速度限制,道路型態,事故位置,路面狀況1,路面狀況2,路面狀況3,道路障礙1,道路障礙2,號誌1,號誌2,車道劃分-分向,車道劃分-分道1,車道劃分-分道2,車道劃分-分道3,事故類型及型態,性別,年齡,受傷程度,主要傷處,保護裝置,行動電話,車輛用途,當事者行動狀態,駕駛資格情形,駕駛執照種類,飲酒情形,車輛撞擊部位1,肇因碼-個別,個人肇逃否,職業,座標-X,座標-Y
114,12,01,09,10,12內湖區,內湖區內湖路1段606號,0,0,1,1,B01,6,5,5,50,14,9,1,4,4,5,13,4,4,1,4,5,1,17,1,60,3,10,7,1,7,8,1,3,2,17,100,1,21,121.5784737,25.0786739
114,12,01,09,18,03中山區,中山區建國高架道往北，市民上方,0,0,1,1,B03,6,6,5,70,14,9,1,4,4,5,13,4,4,6,3,5,2,13,2,31,3,10,7,1,7,7,1,8,1,8,108,1,21,121.5367735,25.0484761
114,12,01,09,45,12內湖區,內湖區康寧路3段與康寧路3段99巷口口,0,0,1,1,C03,6,6,5,50,4,1,1,4,4,5,13,2,1,1,4,5,2,18,2,54,2,9,5,1,7,5,1,10,1,12,116,1,21,121.610128,25.0711834
114,12,01,09,50,03中山區,中山區長安東路2段42號,0,0,1,1,C03,8,7,6,50,14,9,1,5,4,5,13,4,4,5,2,5,2,17,2,51,2,9,5,1,7,9,1,10,1,13,44,1,21,121.5317075,25.0484439
114,12,01,09,53,12內湖區,內湖區港墘路127巷與港墘路127巷6弄口,0,0,1,1,C03,8,6,5,50,4,2,1,4,4,5,13,4,4,5,5,5,2,17,2,26,2,9,6,1,7,9,1,10,1,14,44,1,21,121.5767966,25.07776077
114,12,01,10,02,08士林區,士林區中正路與福港街口,0,0,1,1,B01,6,6,5,30,3,2,1,4,4,5,13,2,1,8,4,5,1,17,1,49,3,10,7,1,7,8,1,4,1,6,80,1,21,121.5195153,25.09627494
114,12,01,10,28,01大同區,大同區承德路2段與民權西路口,0,0,2,1,C03,7,6,5,50,4,2,1,4,4,5,13,2,1,1,5,5,2,13,2,25,2,9,6,1,7,9,1,10,2,11,16,1,22,121.5179187,25.0627854
114,12,01,10,40,08士林區,士林區故宮路18號,0,0,1,1,C03,8,6,5,50,14,9,1,5,4,5,13,2,1,1,2,5,1,13,1,75,2,9,5,1,7,9,1,10,1,11,16,1,21,121.5469104,25.0971388
114,12,01,10,45,11南港區,南港區玉成街48號,0,0,1,1,B03,8,6,5,30,14,9,1,5,4,5,13,4,4,5,5,5,2,13,1,54,3,10,3,4,7,11,1,8,1,5,101,1,21,121.5815653,25.0482037
114,12,01,10,55,04大安區,大安區市民大道3段與安東街40巷口,0,0,1,1,C03,8,6,5,40,3,2,1,5,4,5,13,4,4,1,4,5,1,13,1,18,2,9,6,4,7,9,1,10,2,11,16,1,21,121.5405901,25.0444436
114,12,01,11,13,10文山區,文山區木柵路1段95號,0,0,1,1,C03,8,6,5,50,14,9,1,5,4,5,13,1,1,5,4,5,2,13,1,18,2,9,3,4,7,9,1,10,1,11,16,1,25,121.5475834,24.9870756
114,12,01,12,00,03中山區,中山區新生北路2段55巷與新生北路2段口,0,0,1,1,C03,8,7,5,50,4,1,1,5,4,5,13,4,4,9,5,5,2,17,1,49,2,9,5,1,7,9,1,10,1,11,16,1,21,121.5275242,25.0563475
114,12,01,12,00,11南港區,南港區市民大道7段與中坡北路口口,0,0,1,1,F01,8,7,5,40,4,2,1,5,4,5,13,2,1,1,3,4,2,3,1,37,3,10,4,1,7,9,8,20,9,11,80,1,21,121.5802237,25.0495778
114,12,01,12,14,10文山區,文山區木柵路1段與木柵路1段59巷口,0,0,2,1,C03,8,6,5,50,4,1,1,5,4,5,13,1,1,10,5,5,2,17,1,67,2,8,3,4,7,5,1,10,1,11,71,1,21,121.5459606,24.9868042
114,12,01,12,53,08士林區,士林區承德路4段10巷與通河街76巷口,0,0,2,1,B03,8,6,5,30,4,2,1,5,4,5,13,4,4,9,5,5,1,15,1,42,3,10,7,1,7,9,1,8,2,2,72,1,21,121.5201304,25.0802004
114,12,01,13,01,04大安區,大安區新生南路1段與新生南路1段103巷口,0,0,1,1,B12,8,6,5,50,3,2,1,5,4,1,13,4,4,9,4,4,1,16,1,43,3,10,3,4,7,6,1,8,1,2,74,1,21,121.5329721,25.0406423
114,12,01,13,13,09北投區,北投區東華街2段與立農街2段202巷口,0,0,1,1,C03,8,7,5,50,3,1,1,5,4,5,13,1,1,10,4,5,2,13,2,24,2,9,5,1,7,9,1,10,1,11,16,1,21,121.5135591,25.1177458
114,12,01,13,20,11南港區,南港區永吉路與永吉路553巷口,0,0,1,1,B01,8,6,5,40,3,2,1,5,4,5,13,4,4,10,5,5,2,13,1,54,3,10,3,4,7,9,1,4,2,1,16,1,21,121.5819751,25.0455267
114,12,01,13,24,12內湖區,內湖區環山路2段26巷口旁,0,0,3,1,B03,8,6,5,50,14,9,1,5,4,5,13,4,4,5,4,5,2,13,1,34,3,10,7,1,7,7,1,8,2,6,100,1,21,121.5724057,25.0858828
114,12,01,13,28,06松山區,松山區松河街與松河街口3號旁無名巷,0,0,1,1,C03,8,7,5,40,3,1,1,5,4,5,13,2,1,5,4,5,2,17,2,45,2,9,6,4,7,5,1,10,1,12,71,1,21,121.5721336,25.0508371
114,12,01,13,30,12內湖區,內湖區舊宗路1段185號,0,0,1,1,C03,7,6,5,50,14,9,1,5,4,5,13,4,4,1,4,5,2,13,2,32,2,8,6,1,7,9,1,10,2,11,16,1,22,121.5778948,25.0620906
114,12,01,14,22,10文山區,文山區木柵路5段與文和橋口口,0,0,1,1,B03,8,6,5,50,3,1,1,5,4,5,13,2,1,10,5,5,2,16,2,42,3,10,7,1,7,5,1,8,2,5,71,1,21,121.5949923,25.0016537
114,12,01,14,25,01大同區,大同區民權西路與民權西路160巷口,0,0,2,1,C03,8,6,5,50,3,2,1,5,4,5,13,4,4,1,4,5,2,13,2,34,2,8,6,1,7,9,1,10,2,12,44,1,21,121.5156527,25.0628875
114,12,01,14,27,10文山區,文山區忠順街1段26巷與木新路3段232巷6弄口,0,0,2,1,C03,8,6,5,30,4,1,1,5,4,5,13,4,4,10,5,5,2,15,1,32,2,7,3,4,7,9,1,10,2,11,75,1,22,121.5597713,24.9820547
114,12,01,14,35,12內湖區,內湖區金湖路與成功路5段口,0,0,2,1,C03,8,5,5,50,4,18,1,5,4,5,13,4,4,1,4,4,1,3,1,25,2,8,6,1,7,9,1,10,2,14,70,1,21,121.6051532,25.0735185
114,12,01,14,40,08士林區,士林區延平北路5段83巷與葫蘆街30巷口,0,0,1,1,C03,8,6,5,30,4,2,1,5,4,5,12,4,4,10,5,5,1,15,1,52,2,8,6,1,7,9,1,10,1,12,72,1,22,121.5099052,25.0809942
114,12,01,14,51,03中山區,中山區吉林路與吉林路393巷口,0,0,3,1,C03,8,6,5,50,4,2,1,5,4,5,13,4,4,4,4,5,2,9,1,70,2,9,5,1,7,9,1,10,2,11,44,1,21,121.530791,25.0657123
114,12,01,14,56,12內湖區,內湖區港墘路127巷19號與港墘路127巷6弄口,0,0,2,1,C03,8,6,5,50,4,2,1,5,4,5,13,4,4,9,5,5,2,13,2,39,2,9,6,1,7,9,1,10,2,11,16,1,21,121.5766897,25.0778082
114,12,01,15,00,05中正區,中正區羅斯福路3段272號,0,0,1,1,B01,8,6,5,50,14,9,1,5,4,5,13,4,4,3,4,5,2,9,1,63,3,10,7,1,7,14,1,4,11,17,113,1,21,121.5319625,25.01686571
114,12,01,15,11,09北投區,北投區立德路117號與立德路口,0,0,1,1,C03,8,6,5,50,4,1,1,5,4,5,13,2,1,9,4,5,2,17,1,23,3,10,3,4,7,5,1,10,1,12,80,1,21,121.4717583,25.1268044
114,12,01,15,35,08士林區,士林區天母東路與天母西路口,0,0,2,1,C03,8,6,5,50,4,1,1,5,4,5,13,2,1,3,4,5,2,17,1,19,2,9,6,1,7,5,1,10,1,11,71,1,21,121.5300539,25.1182775
114,12,01,16,10,04大安區,大安區新生南路2段30巷1-1號,0,0,1,1,F01,8,6,5,30,14,9,1,5,4,3,10,4,4,10,5,5,2,17,1,12,2,7,4,1,7,9,8,20,1,12,4,1,14,121.5325038,25.031713
114,12,01,16,39,04大安區,大安區建國南路2段與信義路3段口口,0,0,1,1,C03,8,6,5,50,5,1,1,5,4,5,13,2,1,1,4,5,2,17,1,24,2,9,5,1,7,4,1,10,1,14,81,1,21,121.538091,25.0335013
114,12,01,16,51,01大同區,大同區重慶北路2段與民生西路口,0,0,1,1,B03,7,6,5,50,4,1,1,5,4,5,13,1,1,5,2,5,2,17,1,48,3,10,3,4,7,9,1,8,2,5,108,1,21,121.5136389,25.05699264
114,12,01,16,52,01大同區,大同區承德路2段164號,0,0,1,1,B03,8,6,5,50,14,9,1,5,4,5,13,4,4,1,4,5,2,17,1,61,3,10,7,1,7,8,1,8,2,17,44,1,21,121.5181523,25.0606591
114,12,01,17,25,10文山區,文山區木柵路2段109巷燈桿02號旁,0,0,1,1,F01,8,5,5,30,11,9,1,5,4,5,13,4,4,10,5,5,2,17,1,12,3,10,4,1,7,5,8,20,1,17,42,1,21,121.5618449,24.9893724
114,12,01,17,30,08士林區,士林區中正路612號,0,0,2,1,C03,7,6,5,50,14,9,1,5,4,5,13,4,4,10,4,5,2,17,1,48,3,10,6,1,7,9,1,10,2,12,17,1,22,121.5095775,25.0869203
114,12,01,17,31,01大同區,大同區忠孝橋機慢車道,0,0,2,1,C03,7,5,5,40,8,11,1,5,4,5,13,4,4,1,2,5,2,17,1,21,2,9,5,4,7,9,1,9,1,11,16,1,21,121.5078976,25.0487687
114,12,01,17,36,04大安區,大安區復興南路1段與復興南路1段253巷口,0,0,1,1,B03,8,5,5,30,3,1,1,5,4,5,13,4,4,10,5,5,2,17,2,64,3,10,3,4,7,9,1,8,1,1,44,1,21,121.5438271,25.0368196
114,12,01,17,52,09北投區,北投區大業路與中央北路2段口,0,0,2,1,B03,8,5,5,50,4,1,1,5,4,5,13,1,1,5,4,5,2,16,1,67,3,10,7,1,7,6,1,8,1,5,9,1,21,121.497088,25.1360705
114,12,01,17,52,12內湖區,內湖區民權大橋（往松山）,0,0,1,1,C03,7,5,5,50,8,11,1,5,4,5,13,4,4,1,4,5,2,13,1,50,2,9,6,1,7,12,1,10,2,11,16,1,21,121.5697853,25.0640905
114,12,01,17,55,03中山區,中山區崇實路與大直街62巷口,0,0,1,1,C03,8,5,5,40,14,9,1,5,4,5,13,1,1,1,4,5,2,17,4,0,,,,,,,,,11,,119,2,,121.5445442,25.08256684
114,12,01,18,19,03中山區,中山區樂群二路與敬業一路口口,0,0,1,1,C03,7,5,5,50,4,2,1,5,4,5,13,1,1,1,4,5,2,17,2,23,3,10,3,4,7,6,1,10,1,11,44,1,21,121.5528888,25.0800346
114,12,01,18,39,01大同區,大同區忠孝橋機慢車道（上橋處）,0,0,2,1,C03,7,5,7,50,14,11,1,5,4,5,13,4,4,1,2,5,2,17,1,18,2,7,5,4,7,9,1,10,1,11,16,1,21,121.5072795,25.04879222
114,12,01,18,41,03中山區,中山區新生高架道與民權東路2段口上方,0,0,2,1,B03,7,5,5,70,14,9,1,5,4,5,13,4,4,2,4,5,2,13,1,33,2,3,7,1,7,12,1,8,1,6,44,1,21,121.5277634,25.06269544
114,12,01,19,09,02萬華區,萬華區萬大路與萬大路486巷口,0,0,1,1,H01,7,5,5,50,3,1,1,5,4,5,13,4,4,2,4,5,2,3,1,50,2,9,4,5,8,18,8,20,10,16,121,1,22,121.4974135,25.019617
114,12,01,19,12,06松山區,松山區光復南路與市民大道4段口,0,0,1,1,A04,8,5,5,50,4,2,1,5,4,5,13,2,1,1,4,5,2,12,1,49,3,10,7,1,7,9,1,2,1,2,42,1,21,121.5576708,25.0454321
114,12,01,19,15,05中正區,中正區汀州路2段與同安街口,0,0,1,1,B03,8,5,5,50,5,1,1,5,4,5,13,2,1,4,3,4,2,17,1,56,3,10,7,1,7,5,1,8,2,5,71,1,21,121.5217038,25.0241629
114,12,01,19,19,11南港區,南港區松河街與南港路3段256巷口,0,0,1,1,B03,8,5,5,40,3,1,1,5,4,5,13,4,4,5,4,5,2,16,1,53,3,10,7,1,7,6,1,8,1,2,9,1,22,121.584517,25.0532388
114,12,01,19,58,06松山區,松山區塔悠路與撫遠街403巷口,0,0,1,1,B03,8,5,5,50,3,1,1,5,4,5,13,1,1,1,4,5,2,16,2,55,3,10,7,1,7,5,1,8,2,1,71,1,21,121.5678695,25.066354
114,12,01,20,01,02萬華區,萬華區萬大路與東園街口,0,0,1,1,C03,8,5,5,30,4,1,1,5,4,5,13,1,1,8,3,5,1,12,1,48,3,10,5,1,7,8,1,10,1,12,101,1,21,121.498628,25.0215233
114,12,01,20,18,02萬華區,萬華區康定路59號,0,0,2,1,F01,7,5,5,50,14,9,1,5,4,5,13,4,4,9,4,5,2,17,1,63,2,5,3,4,7,21,8,20,1,15,118,1,22,121.5021849,25.0410388
114,12,01,20,51,04大安區,大安區辛亥路3段30號,0,0,1,1,C02,8,5,5,50,14,9,1,5,4,5,13,4,4,10,5,5,2,13,1,22,2,7,5,1,7,6,1,9,1,12,44,1,21,121.5464133,25.0197728
114,12,01,21,10,03中山區,中山區長安西路19巷2弄與長安西路口口,0,0,1,1,B03,7,5,5,50,3,2,1,5,4,5,13,1,1,5,4,5,2,17,1,50,3,10,3,4,7,15,1,8,1,2,101,1,21,121.5200938,25.0502301
114,12,01,21,26,11南港區,南港區舊莊街1段3巷與大坑街口,0,0,1,1,B03,8,5,5,50,4,18,1,5,4,5,13,2,1,5,5,5,2,3,1,24,3,10,3,4,7,5,1,8,1,8,70,1,22,121.6191821,25.043098
114,12,01,21,27,03中山區,中山區市民大道3段與安東街口,0,0,2,1,C03,7,5,5,40,4,1,1,5,4,5,13,1,1,1,4,5,2,12,1,37,2,9,6,1,7,9,1,9,1,14,17,1,21,121.5423611,25.04480182
114,12,01,21,27,10文山區,文山區興隆路2段與興隆路2段220巷口,0,0,3,1,C03,8,5,5,50,4,1,1,4,4,5,13,1,1,1,4,5,2,16,2,43,2,8,6,1,7,11,1,10,2,13,10,1,21,121.5527101,25.0014844
114,12,01,21,49,04大安區,大安區信義路4段265巷24號,0,0,1,1,C04,8,5,5,50,14,9,1,5,4,5,13,4,4,5,5,5,1,17,2,30,2,9,6,1,7,2,1,10,1,13,42,1,21,121.5547238,25.0344855
114,12,01,23,00,12內湖區,內湖區內湖路1段737巷與內湖路1段737巷50弄口,0,0,1,1,B03,6,5,5,30,4,1,1,4,4,5,13,4,4,5,4,4,2,17,1,25,3,10,7,1,7,11,1,8,1,17,80,1,21,121.5789872,25.0804811
114,12,02,07,14,01大同區,大同區台北橋機慢車道往台北,0,0,1,1,C03,8,6,5,40,8,11,1,5,4,5,13,4,4,1,5,5,2,12,1,26,4,11,3,4,7,21,7,19,11,15,118,2,22,121.5066808,25.0634679
114,12,02,07,22,12內湖區,內湖區五分街72巷與東湖路160巷口口,0,0,2,1,C03,7,5,5,30,3,1,1,5,4,5,13,4,4,9,5,5,2,17,2,49,2,9,6,1,7,5,1,10,1,14,72,1,21,121.616372,25.0662623
114,12,02,07,40,08士林區,士林區重慶北路4段187號,0,0,2,1,B03,8,6,5,50,14,9,1,5,4,5,13,2,1,1,1,5,2,13,1,52,2,7,7,1,7,9,1,8,2,1,108,1,21,121.5117745,25.0841338
114,12,02,08,00,04大安區,大安區市民大道3段224號,0,0,1,1,C03,8,6,5,40,14,9,1,5,4,5,13,4,4,1,3,5,2,17,2,47,3,10,6,1,7,5,1,10,1,14,103,1,21,121.5411333,25.0444924
114,12,02,08,05,12內湖區,內湖區陽光街與陽光街265巷口,0,0,1,1,C03,8,5,5,50,4,2,1,5,4,5,13,2,1,5,5,5,1,13,2,65,2,8,6,1,7,9,1,10,1,14,108,1,21,121.5812792,25.0746412
114,12,02,08,06,06松山區,松山區東興路與八德路4段295巷18弄口,0,0,2,1,C03,8,6,5,30,4,1,1,5,4,5,13,4,4,4,3,5,2,15,1,40,2,9,6,1,7,9,1,10,1,14,72,1,22,121.5654736,25.0495597
114,12,02,08,10,08士林區,士林區中山北路7段81巷47號,0,0,2,1,C03,8,6,5,30,14,9,1,5,4,5,13,4,4,10,5,5,1,10,2,52,2,9,6,1,7,9,1,10,1,11,5,1,21,121.5279748,25.1228315
114,12,02,08,10,07信義區,信義區和平東路3段697-12號,0,0,1,1,C03,7,6,5,40,14,9,1,4,4,5,13,4,4,5,4,4,2,17,2,18,2,9,6,1,7,9,1,10,1,14,17,1,21,121.5637156,25.0112625
114,12,02,08,21,04大安區,大安區和平東路1段與羅斯福路2段口,0,0,1,1,C03,8,6,5,50,4,1,1,5,4,5,13,1,1,10,5,5,2,13,2,42,2,8,5,1,7,12,1,10,11,11,108,1,21,121.5225154,25.0270448
114,12,02,08,32,09北投區,北投區大度路3段與關渡路口,0,0,1,1,B03,8,6,5,60,5,2,1,5,4,5,13,1,1,1,4,5,2,16,2,54,3,10,2,1,7,6,1,8,2,6,80,1,21,121.4694868,25.1228679
114,12,02,08,40,08士林區,士林區福國路47巷與中山北路5段829巷口,0,0,2,1,C03,8,6,5,30,4,2,1,5,4,5,13,4,4,10,5,5,1,15,1,20,2,9,5,1,7,9,1,10,1,11,72,1,21,121.5238649,25.1013217
114,12,02,08,44,05中正區,中正區師大路與水源路口,0,0,1,1,B03,8,6,6,50,4,1,1,5,4,5,13,1,1,3,4,5,2,17,1,81,3,10,7,1,7,6,1,8,1,2,9,1,21,121.5228326,25.020289
114,12,02,08,48,04大安區,大安區建國南路2段龍門國中停車場入口前,0,0,1,1,B03,8,6,5,50,14,8,1,5,4,5,13,4,4,1,4,4,2,12,1,26,3,10,7,1,7,8,1,8,1,2,17,1,21,121.5379298,25.0240402
114,12,02,09,07,10文山區,文山區木新路3段與一壽街口,0,0,1,1,F01,8,5,5,40,3,1,1,5,4,5,13,2,1,5,5,4,1,17,1,70,2,9,4,1,7,5,8,20,1,14,71,1,21,121.5564014,24.9806379
114,12,02,09,20,03中山區,中山區中山橋北往南,0,0,1,1,C03,8,7,5,50,14,9,1,5,4,5,13,4,4,9,5,5,2,17,1,20,2,9,5,1,7,9,1,10,1,11,16,1,21,121.5239501,25.07253413
114,12,02,09,29,07信義區,信義區忠孝東路5段69號,0,0,1,1,B01,8,7,5,50,14,9,1,5,4,5,13,4,4,9,4,5,2,17,1,50,3,10,7,1,7,1,1,4,1,7,19,1,21,121.5667663,25.0411806
114,12,02,09,47,03中山區,中山區民族東路與建國北路3段113巷口,0,0,2,1,C03,8,7,5,50,3,2,1,5,4,5,13,2,1,1,4,4,2,13,1,57,2,9,6,1,7,9,1,10,2,14,108,1,21,121.5367591,25.0682499
114,12,02,09,57,05中正區,中正區重慶南路3段與和平西路1段口口,0,0,2,1,C03,8,6,5,50,5,1,1,5,4,5,13,1,1,1,4,5,2,16,2,59,2,7,5,1,7,6,1,10,1,12,9,1,21,121.5161415,25.0270311
114,12,02,09,59,05中正區,中正區重慶南路3段153號,0,0,1,1,C03,8,7,5,50,14,9,1,5,4,5,13,1,1,1,4,5,2,13,2,36,2,8,5,1,7,9,1,10,1,11,16,1,21,121.5168949,25.0229054
114,12,02,10,05,04大安區,大安區基隆路4段與羅斯福路4段113巷口,0,0,2,1,C03,8,6,5,50,3,2,1,5,4,5,13,4,4,10,5,4,1,16,1,50,2,8,5,4,7,6,1,10,2,12,9,1,22,121.5375505,25.0114797
114,12,02,10,15,12內湖區,內湖區陽光街242號,0,0,1,1,B03,8,5,5,50,14,9,1,5,4,5,13,4,4,5,4,5,1,16,1,32,3,10,7,1,7,6,1,8,2,5,9,1,21,121.5784019,25.0734948
114,12,02,10,30,11南港區,南港區市民大道7段東往西004燈桿,0,0,1,1,B01,8,7,5,50,14,9,1,5,4,5,13,4,4,1,4,5,2,12,2,47,3,10,7,1,7,8,1,3,1,6,100,1,21,121.5847256,25.0498341
114,12,02,11,17,08士林區,士林區環河北路3段與中正路口,0,0,1,1,C03,8,7,5,30,4,1,1,5,4,1,8,1,1,1,5,5,2,17,1,65,2,7,6,1,7,5,1,10,1,11,98,1,21,121.5056855,25.0854377
114,12,02,11,43,08士林區,士林區中山北路6段290巷與中山北路6段口,0,0,1,1,C03,8,7,5,50,3,1,1,5,4,5,13,2,1,1,4,5,1,17,2,52,2,9,5,1,7,9,1,10,1,11,118,1,21,121.5254595,25.11041978
114,12,02,11,46,09北投區,北投區知行路306號,0,0,1,1,C03,7,7,5,50,14,16,1,5,4,5,13,4,4,9,5,5,2,16,2,44,3,10,6,1,7,5,1,10,9,11,101,1,21,121.4672409,25.1222856
114,12,02,12,00,06松山區,機車停車格(復興北路337號旁),0,0,1,1,C03,8,6,5,50,14,9,1,5,4,5,13,4,4,9,4,5,2,13,2,40,3,10,6,1,7,9,1,10,1,11,108,1,21,121.5445214,25.0604481
114,12,02,12,08,01大同區,大同區延平北路4段與迪化街2段268巷口,0,0,1,1,C03,8,6,5,40,3,2,1,5,4,5,13,4,4,5,5,4,2,17,1,65,3,10,6,1,7,15,1,10,1,12,100,1,22,121.5108356,25.0704177
114,12,02,12,10,07信義區,信義區忠孝東路5段31巷18弄4號,0,0,1,1,B03,8,6,5,30,14,9,1,5,4,5,13,4,4,10,5,5,2,14,1,61,3,10,3,4,7,2,1,8,1,3,12,1,22,121.5658618,25.0416455
114,12,02,12,14,12內湖區,內湖區江南街與港墘路127巷口口,0,0,2,1,C03,8,5,5,50,4,1,1,5,4,5,13,1,1,5,5,5,2,17,2,43,2,7,6,1,7,5,1,10,1,11,80,1,21,121.5774951,25.0774077
114,12,02,12,22,08士林區,士林區中山北路6段與忠誠路1段口,0,0,1,1,B03,8,6,5,50,5,2,1,5,4,5,13,1,1,10,4,5,1,17,1,53,3,10,7,1,7,6,1,8,2,2,80,1,21,121.5249082,25.10394818
114,12,02,12,24,04大安區,大安區永康街4巷2號,0,0,1,1,F01,8,6,5,30,14,9,1,5,4,5,13,4,4,10,5,5,1,3,2,21,3,10,4,4,7,9,8,20,2,11,108,1,21,121.5297546,25.0327234
114,12,02,12,39,03中山區,中山區新生北路1段158號與新生北路1段口迴轉道,0,0,1,1,C03,8,7,5,50,3,2,1,5,4,5,13,4,4,1,4,5,2,13,2,43,2,9,6,4,7,9,1,10,1,11,13,1,22,121.5276628,25.0515732
114,12,02,14,14,07信義區,信義區忠孝東路4段與逸仙路口,0,0,2,1,C03,8,6,5,50,4,1,1,5,4,5,13,1,1,1,4,5,2,17,1,27,2,9,6,1,7,9,1,10,2,11,44,1,22,121.5617428,25.0413614
114,12,02,14,16,04大安區,大安區和平東路3段308巷與和平東路3段308巷39弄口,0,0,1,1,B03,8,6,5,50,3,2,1,5,4,5,13,4,4,9,4,5,2,17,1,64,3,10,7,1,7,9,1,8,11,17,44,2,21,121.5552102,25.0192957
114,12,02,14,17,07信義區,信義區松隆路與松信路口,0,0,1,1,B03,8,6,5,50,4,1,1,5,4,5,13,1,1,1,4,5,2,16,1,23,3,10,3,4,7,5,1,8,1,17,8,1,22,121.5720578,25.0467393
114,12,02,14,26,07信義區,信義區福德街與福德街251巷口,0,0,1,1,B03,8,6,5,30,4,1,1,5,4,5,13,1,1,9,5,5,2,9,2,59,3,10,3,4,7,6,1,8,2,2,70,1,21,121.5861379,25.0388722
114,12,02,14,29,04大安區,大安區市民大道3段與八德路2段口,0,0,1,1,C03,8,6,8,40,4,1,1,5,4,5,13,2,1,1,4,5,2,17,1,23,3,10,6,1,7,15,1,10,1,13,101,1,21,121.5343172,25.0449074
114,12,02,14,33,07信義區,信義區永吉路與中坡北路口口,0,0,1,1,B01,8,6,5,50,4,1,1,5,4,5,13,2,1,1,4,5,2,17,1,44,3,10,3,4,7,6,1,4,1,8,80,1,22,121.5804405,25.0454442
114,12,02,14,40,12內湖區,內湖區南京東路6段東往西,0,0,1,1,B03,8,6,5,50,14,9,1,5,4,5,13,1,1,1,4,5,2,17,1,66,2,1,7,4,7,11,6,8,9,5,44,1,21,121.5825797,25.057872
114,12,02,14,50,12內湖區,內湖區康寧路1段29號,0,0,1,1,C03,8,6,5,50,14,9,1,5,4,5,13,4,4,10,3,5,1,16,2,28,2,7,6,1,7,5,1,10,2,11,8,1,21,121.5914359,25.0805377
114,12,02,15,09,04大安區,大安區信義路4段96號,0,0,1,1,B02,8,6,5,50,14,9,1,5,4,5,13,4,4,10,3,5,2,17,1,47,2,7,7,1,7,9,1,8,1,5,42,1,21,121.5477758,25.0331899
114,12,02,15,23,09北投區,北投區尊賢街243巷與承德路7段280巷口,0,0,2,1,C03,8,5,5,30,3,1,1,5,4,5,13,4,4,9,4,5,2,16,2,56,2,9,3,4,7,5,1,10,1,14,72,1,26,121.5062395,25.1167878
114,12,02,15,30,07信義區,信義區忠孝東路5段236巷2弄與松仁路口,0,0,1,1,B03,8,6,5,50,3,1,1,5,4,5,13,4,4,1,4,5,2,16,2,48,3,10,7,1,7,5,1,8,1,5,8,1,21,121.5685673,25.0405192
114,12,02,16,22,04大安區,大安區仁愛路3段與建國南路1段口,0,0,1,1,C03,8,6,5,50,4,1,1,5,4,5,13,2,1,10,5,5,2,17,2,39,4,11,3,4,7,6,7,19,11,15,9,2,21,121.537548,25.0380126
114,12,02,16,36,04大安區,大安區敦化南路1段與敦化南路1段161巷口,0,0,1,1,C03,8,6,5,50,3,1,1,5,4,5,13,3,1,1,4,5,2,13,1,44,2,7,6,1,7,9,1,8,1,11,16,1,21,121.5490998,25.0434895
114,12,02,16,38,09北投區,北投區珠海路與泉源路41巷口,0,0,1,1,C03,8,6,5,30,3,1,1,5,4,5,13,4,4,10,5,5,2,3,1,79,3,10,5,1,7,9,1,10,1,11,70,1,21,121.5051976,25.1409601
114,12,02,17,00,12內湖區,內湖區民權東路6段25號與民權東路6段口,0,0,1,1,B03,8,6,5,50,3,1,1,5,4,5,13,4,4,1,4,5,2,16,1,82,3,10,7,1,7,6,1,8,2,2,9,1,21,121.5829811,25.068505
114,12,02,17,11,11南港區,南港區舊莊街1段3巷與舊莊街1段3巷1弄口,0,0,2,1,C03,7,7,5,30,3,2,1,5,4,5,13,4,4,9,5,5,2,16,1,19,2,9,6,1,7,5,1,10,1,17,74,1,21,121.6187153,25.0427934
114,12,02,17,23,03中山區,中山區中山北路3段與農安街口,0,0,1,1,C03,8,5,5,50,4,2,1,5,4,5,13,2,1,10,5,5,2,13,2,21,2,8,6,1,7,9,1,10,1,11,16,1,25,121.5221264,25.06490936
114,12,02,17,45,10文山區,文山區興隆路1段70巷與羅斯福路5段269巷口口,0,0,1,1,C03,7,5,5,30,4,1,1,5,4,5,13,4,4,10,5,5,2,15,1,54,2,9,6,1,7,9,1,10,1,11,72,1,22,121.5398044,25.0011319
114,12,02,17,46,01大同區,大同區南京西路25巷與南京西路口,0,0,2,1,B01,8,5,5,30,5,2,1,5,4,5,13,4,4,10,5,5,2,17,1,50,3,10,7,1,7,14,1,4,2,2,40,1,21,121.5202814,25.0530395
114,12,02,17,57,07信義區,信義區忠孝東路4段515號,0,0,1,1,C03,8,5,5,50,14,9,1,5,4,5,13,4,4,1,4,5,2,18,1,54,2,9,3,4,7,9,1,10,9,12,118,1,21,121.5596211,25.0414336
114,12,02,18,03,04大安區,大安區樂利路與樂利路86巷口,0,0,1,1,B03,8,6,5,40,3,1,1,5,4,5,13,4,4,4,3,5,2,17,1,29,3,10,7,1,7,6,1,8,1,2,80,1,21,121.5520756,25.025459
114,12,02,18,08,03中山區,中山區大佳河濱公園與大佳河濱公園口8號水門前,0,0,1,1,C03,6,5,5,50,3,1,1,4,4,5,13,4,4,5,5,5,2,17,1,22,3,10,6,1,7,9,1,10,1,11,13,1,21,121.5399353,25.07363257