發生年度,發生月,發生日,發生時-Hours,發生分,區序,肇事地點,死亡人數,2-30日死亡人數,受傷人數,當事人序號,車種,天候,光線,道路類別,速限-速度限制,道路型態,事故位置,路面狀況1,路面狀況2,路面狀況3,道路障礙1,道路障礙2,號誌1,號誌2,車道劃分-分向,車道劃分-分道1,車道劃分-分道2,車道劃分-分道3,事故類型及型態,性別,年齡,受傷程度,主要傷處,保護裝置,行動電話,車輛用途,當事者行動狀態,駕駛資格情形,駕駛執照種類,飲酒情形,車輛撞擊部位1,肇因碼-個別,個人肇逃否,職業,座標-X,座標-Y
114,12,02,18,12,01大同區,大同區環河北路1段243號,0,0,1,1,B03,7,5,5,50,14,9,1,5,4,5,13,4,4,1,4,5,2,17,1,39,3,10,7,4,7,8,1,8,1,2,100,1,21,121.508612,25.0579046
114,12,02,18,15,05中正區,中正區思源街與汀州路3段口,0,0,1,1,C03,8,5,5,50,3,1,1,5,4,5,13,2,1,5,4,5,2,17,1,72,2,9,5,1,7,7,1,10,1,14,100,1,21,121.5325445,25.0149547
114,12,02,18,31,11南港區,南港區忠孝東路7段99號往東,0,0,1,1,C03,8,5,5,50,14,8,1,5,4,5,13,4,4,1,4,5,2,13,2,60,2,9,3,4,7,9,1,10,1,11,16,1,21,121.5983666,25.0510429
114,12,02,18,35,01大同區,大同區長安西路332號,0,0,2,1,H01,8,5,5,50,14,9,1,5,4,5,13,4,4,5,5,5,2,2,1,61,2,1,4,5,8,16,8,20,10,16,67,1,22,121.511057,25.0520045
114,12,02,18,40,12內湖區,內湖區內湖路1段與內湖路1段217巷口,0,0,1,1,B03,8,5,5,40,3,2,1,5,4,5,13,4,4,1,4,4,2,17,1,42,3,10,7,1,7,6,1,8,2,17,9,1,21,121.563703,25.08314271
114,12,02,18,50,11南港區,南港區成福路與東新街108巷口,0,0,1,1,C03,8,5,5,50,5,1,1,5,4,5,13,2,1,4,3,5,1,16,1,55,3,10,3,4,7,5,1,10,1,12,71,1,22,121.5868024,25.0444204
114,12,02,18,55,04大安區,大安區基隆路4段與羅斯福路4段113巷口,0,0,2,1,C03,7,5,5,50,4,2,1,5,4,5,13,1,1,1,4,5,2,13,1,46,2,9,3,4,7,6,1,10,1,13,44,1,21,121.5375144,25.011442
114,12,02,19,08,12內湖區,內湖區瑞光路與港墘路口,0,0,1,1,B03,7,5,5,50,4,1,1,5,4,5,13,1,1,5,4,5,2,16,2,30,3,10,7,1,7,6,1,8,1,5,44,1,21,121.5748337,25.0763689
114,12,02,19,12,05中正區,中正區貴陽街1段與博愛路口口,0,0,2,1,C03,8,5,5,50,4,1,1,5,4,5,13,2,1,10,5,5,2,16,2,27,2,8,5,1,7,5,1,10,2,11,71,1,21,121.5111746,25.0389128
114,12,02,19,17,05中正區,中正區中正橋往新北市上橋處,0,0,2,1,C03,8,5,5,40,14,11,1,5,4,5,13,4,4,1,4,5,2,12,2,19,2,9,5,1,7,9,1,10,1,14,13,1,21,121.5167087,25.0228278
114,12,02,19,40,12內湖區,內湖區瑞光路與瑞光路76巷口,0,0,2,1,C03,8,5,8,50,22,22,1,5,4,5,13,2,1,5,4,4,2,13,1,41,2,8,6,1,7,9,1,10,1,11,16,1,22,121.5818059,25.0712611
114,12,02,19,46,11南港區,南港區重陽路166巷與興南街口,0,0,2,1,C03,8,5,5,30,4,1,1,5,4,5,13,2,1,5,5,5,2,16,1,38,2,6,5,4,7,5,1,10,1,13,8,1,22,121.6016411,25.056171
114,12,02,19,50,09北投區,北投區東華街1段與明德路口,0,0,3,1,C03,8,5,5,30,4,1,1,5,4,5,13,2,1,9,4,5,2,16,1,21,2,9,3,4,7,5,1,10,1,13,8,1,21,121.5193803,25.1093093
114,12,02,19,59,02萬華區,萬華區中華路1段與桂林路口,0,0,1,1,A02,7,5,5,50,5,2,1,5,4,5,13,2,1,1,4,5,2,9,1,41,3,10,3,4,7,9,1,2,1,17,44,1,22,121.5067885,25.0377134
114,12,02,20,40,08士林區,士林區重慶北路4段與重慶北路4段1巷口,0,0,1,1,B03,8,5,5,40,5,1,1,5,4,5,13,4,4,1,4,4,1,16,1,56,3,10,7,1,7,6,1,8,1,2,9,1,22,121.5132984,25.0800213
114,12,02,22,10,08士林區,士林區中山北路6段752號,0,0,2,1,C03,8,5,5,50,14,9,1,5,4,5,13,4,4,1,4,5,1,16,1,20,2,9,6,1,7,1,1,10,2,11,19,1,22,121.5281755,25.1157552
114,12,02,22,27,03中山區,中山區明水路與北安路口側附近458巷口(大直橋下),0,0,1,1,C03,7,7,5,50,3,2,1,5,4,5,13,1,1,1,4,5,2,13,1,46,2,9,3,4,7,9,1,10,1,11,44,1,21,121.5439289,25.0775339
114,12,02,22,45,12內湖區,內湖區內湖路1段155號,0,0,1,1,B03,7,5,6,40,14,8,1,5,4,3,13,4,4,1,4,4,1,17,1,56,3,10,7,1,7,1,1,8,9,4,19,1,26,121.5607285,25.0846569
114,12,02,22,49,08士林區,士林區中山北路4段與通河街口,0,0,1,1,,8,5,5,50,3,2,1,5,4,5,13,2,1,1,4,5,2,17,4,0,4,11,3,4,7,21,7,19,11,15,119,2,22,121.5183921,25.08745747
114,12,02,23,18,07信義區,信義區中坡南路24號與中坡南路口,0,0,1,1,B03,8,5,5,30,3,1,1,5,4,5,13,4,4,5,4,4,2,17,1,42,3,10,7,1,7,6,1,8,3,1,72,1,21,121.5829385,25.0432873
114,12,03,06,46,08士林區,士林區中山北路5段與劍潭路口,0,0,1,1,B02,6,7,5,50,3,2,1,4,4,5,13,2,1,1,4,5,1,17,1,42,3,10,7,1,7,6,1,8,2,5,101,1,21,121.5253238,25.08418801
114,12,03,06,56,02萬華區,萬華區桂林路與梧州街口,0,0,1,1,B02,6,6,5,50,4,1,1,4,4,5,13,4,4,5,4,4,2,3,1,29,3,10,3,4,7,5,6,18,1,1,70,1,22,121.4976567,25.0384215
114,12,03,07,09,07信義區,信義區信安街與崇德街口,0,0,1,1,,8,5,8,50,4,2,1,5,4,5,13,2,1,8,3,5,2,17,4,0,,,,,,,,,11,,119,2,,121.5558331,25.0240845
114,12,03,07,13,08士林區,士林區雙溪街與福國路15巷口,0,0,1,1,C03,6,6,5,40,3,2,1,4,4,5,13,4,4,9,5,5,1,12,1,33,2,8,5,1,7,9,1,10,1,14,17,1,21,121.5247694,25.1005029
114,12,03,07,34,02萬華區,萬華區艋舺大道與艋舺大道275巷口,0,0,1,1,C03,6,6,5,30,3,1,1,4,4,5,13,4,4,10,5,5,1,17,1,49,3,10,3,4,7,6,1,10,1,17,44,1,22,121.4976554,25.0332704
114,12,03,07,38,10文山區,文山區木柵路4段與萬芳路口,0,0,1,1,B03,6,7,5,50,4,1,1,4,4,5,13,1,1,5,4,5,2,16,1,63,3,10,7,1,7,6,1,8,1,5,9,1,21,121.571713,24.9950538
114,12,03,07,46,07信義區,信義區嘉興街245號,0,0,1,1,H01,6,6,5,50,14,9,1,4,4,5,13,4,4,9,4,5,2,3,1,74,2,9,4,5,8,16,8,20,1,17,53,1,21,121.5670154,25.03306043
114,12,03,07,51,01大同區,大同區長安西路與西寧北路口,0,0,1,1,B12,6,5,5,50,4,1,1,4,4,5,13,1,1,5,4,5,2,17,1,29,3,10,7,1,7,4,1,8,9,2,1,2,21,121.5084385,25.0519939
114,12,03,07,51,03中山區,中山區林森北路與長春路口,0,0,1,1,C03,6,6,5,50,4,2,1,4,4,5,13,2,1,5,4,4,2,17,2,50,2,9,5,1,7,9,1,10,1,12,44,1,21,121.5256872,25.05495555
114,12,03,07,55,06松山區,松山區民權大橋東往西下橋處第三支燈桿,0,0,3,1,C03,6,6,5,40,14,9,1,4,4,5,13,4,4,1,4,5,2,13,1,67,2,8,6,4,7,9,1,10,1,13,42,1,21,121.5676929,25.0635601
114,12,03,09,21,05中正區,中正區重慶南路2段與南海路口口,0,0,1,1,B03,6,6,5,50,4,1,1,4,4,5,13,1,1,1,4,5,1,16,2,40,3,10,7,1,7,5,1,8,2,2,8,1,21,121.513975,25.0323176
114,12,03,09,45,09北投區,北投區聖景路92號,0,0,2,1,B03,6,7,5,40,14,9,1,4,4,5,13,4,4,10,5,5,2,16,1,54,3,10,7,1,7,5,1,8,2,4,8,1,21,121.4646341,25.1219377
114,12,03,10,07,05中正區,中正區市民大道1段與中山北路1段口,0,0,2,1,C03,7,6,5,40,4,1,1,5,4,5,13,2,1,1,4,5,2,13,2,30,2,9,5,1,7,9,1,10,2,11,16,1,22,121.5205585,25.04798352
114,12,03,10,09,01大同區,大同區延平北路4段與延平北路4段口.高速公路橋下,0,0,1,1,C03,7,6,5,50,14,9,1,5,4,5,13,4,4,1,4,5,2,17,2,34,2,9,5,4,7,9,1,10,9,11,16,1,21,121.5116633,25.0779572
114,12,03,10,16,04大安區,大安區基隆路3段75號,0,0,1,1,B03,7,6,5,50,14,9,1,5,4,5,13,4,4,10,5,5,2,17,1,24,3,10,3,4,7,6,1,8,1,2,44,1,21,121.5451647,25.0176951
114,12,03,10,21,04大安區,大安區新生南路1段與新生南路1段137巷口,0,0,1,1,B12,6,6,5,30,3,1,1,4,4,5,9,4,4,1,3,4,2,17,1,37,3,10,7,1,7,6,1,8,1,17,72,1,21,121.5334421,25.0369191
114,12,03,10,23,03中山區,中山區中山北路3段往南、水晶橋前,0,0,1,1,A02,8,7,5,50,14,9,1,5,4,5,13,4,4,1,4,5,2,9,2,51,3,10,3,1,7,9,1,2,2,17,44,1,21,121.5239379,25.07223231
114,12,03,10,52,12內湖區,內湖區康寧路3段與康寧路3段16巷口,0,0,1,1,C03,8,7,5,50,4,1,1,5,4,5,13,1,1,9,4,4,2,13,1,18,2,8,6,4,7,9,1,10,1,11,16,1,21,121.6072694,25.0726917
114,12,03,11,27,07信義區,信義區莊敬路168號,0,0,1,1,C03,6,6,5,50,14,8,1,4,4,5,13,4,4,8,3,4,2,13,1,46,3,10,6,1,7,8,1,10,1,12,100,1,21,121.5612494,25.0316444
114,12,03,11,37,12內湖區,內湖區成功路2段325號,0,0,1,1,B03,8,7,5,50,4,1,1,5,4,5,13,1,1,3,4,5,2,12,1,54,3,10,7,1,7,9,1,8,11,4,44,2,21,121.589851,25.0715343
114,12,03,11,44,06松山區,松山區南京東路5段與八德路4段245巷口,0,0,2,1,C03,7,6,5,50,4,1,1,5,4,5,13,2,1,5,4,5,2,9,1,22,2,9,6,4,7,9,1,10,2,11,70,1,22,121.5640011,25.0512306
114,12,03,11,45,06松山區,松山區光復南路23號,0,0,2,1,C03,8,6,5,50,14,9,1,5,4,5,13,4,4,1,4,5,2,13,1,56,2,8,6,1,7,9,1,10,1,11,108,1,22,121.5578682,25.04699332
114,12,03,12,47,12內湖區,內湖區民權東路6段與舊宗路1段口,0,0,1,1,C02,7,6,5,50,5,1,1,5,4,5,13,1,1,1,3,5,1,12,1,45,2,9,6,1,7,9,1,10,2,12,108,1,21,121.5753415,25.0657252
114,12,03,12,50,10文山區,文山區木柵路1段與木柵路1段191巷口,0,0,1,1,B01,8,5,5,50,3,1,1,4,4,1,13,2,1,5,4,5,1,14,1,31,3,10,7,1,7,2,1,4,1,3,12,1,21,121.5513135,24.9877174
114,12,03,12,50,07信義區,信義區市民大道5段與市民大道5段14巷口,0,0,1,1,B03,8,6,5,30,3,1,1,5,4,5,13,1,1,1,4,5,2,16,1,69,3,10,3,4,7,6,1,8,2,2,80,1,22,121.5601408,25.0459042
114,12,03,13,01,07信義區,信義區崇德街與富陽街口,0,0,1,1,B03,7,6,5,30,4,1,1,5,4,5,13,4,4,10,5,5,2,17,1,33,3,10,7,1,7,9,1,8,1,8,14,1,21,121.5561244,25.0239144
114,12,03,13,46,07信義區,信義區信義路5段與基隆路1段口,0,0,2,1,A02,7,7,5,50,4,1,1,5,4,5,13,1,1,3,4,5,2,16,1,48,3,10,3,4,7,9,1,2,2,4,44,1,21,121.5592106,25.0329941
114,12,03,14,01,05中正區,中正區羅斯福路4段與羅斯福路4段90巷口,0,0,1,1,C03,8,6,5,50,3,2,1,5,4,5,13,4,4,1,4,5,2,17,2,58,2,8,5,1,7,15,1,10,1,13,42,1,21,121.5348729,25.0140791
114,12,03,14,39,11南港區,南港區興中路與興中路44巷口,0,0,1,1,C03,7,7,5,30,3,2,1,5,4,5,13,3,1,5,5,5,2,13,1,22,3,10,6,1,7,9,1,10,1,11,16,1,21,121.6071626,25.0560139
114,12,03,15,20,03中山區,中山區民權東路1段45號,0,0,1,1,A02,8,6,5,50,14,9,1,5,4,5,13,4,4,1,4,5,2,17,1,24,3,10,7,1,7,9,1,2,9,2,44,1,21,121.5211274,25.05005719
114,12,03,15,51,04大安區,大安區信義路4段與敦化南路1段口,0,0,1,1,B03,8,6,5,50,4,1,1,5,4,5,13,1,1,10,3,5,2,2,2,46,3,10,7,1,7,5,1,8,1,8,8,1,21,121.5488417,25.0334318
114,12,03,15,55,12內湖區,內湖區成功路3段北往南（方濟中學公車站牌）,0,0,1,1,A02,8,6,5,50,14,9,1,5,4,5,13,4,4,1,4,5,2,9,4,0,,,,,,,,,1,,,,,121.5899814,25.0770021
114,12,03,16,08,06松山區,松山區三民路97號,0,0,1,1,B01,8,5,5,50,14,9,1,5,4,5,13,1,1,1,4,5,1,12,1,56,3,10,3,4,7,21,7,19,2,8,42,1,22,121.5634838,25.0571902
114,12,03,17,09,09北投區,北投區承德路7段與大業路口,0,0,1,1,B01,7,5,5,50,5,1,1,5,4,5,13,2,1,1,4,5,1,16,1,50,3,10,3,4,7,5,1,4,1,6,8,1,21,121.5000514,25.1210548
114,12,03,17,15,12內湖區,內湖區瑞湖街與民權東路6段15巷口,0,0,1,1,B03,6,5,5,50,4,1,1,4,4,5,13,2,1,5,4,5,1,16,2,29,3,10,7,1,7,5,1,8,1,8,8,1,21,121.5764948,25.0690063
114,12,03,17,17,10文山區,文山區木柵路1段與和興路口,0,0,1,1,B01,8,5,5,50,4,1,1,5,4,5,13,1,1,10,5,5,2,16,1,62,3,10,7,1,7,5,1,8,2,6,8,1,21,121.5460111,24.986789
114,12,03,17,32,04大安區,大安區和平東路3段與基隆路2段口,0,0,1,1,C04,8,5,5,50,14,9,1,5,4,5,13,2,1,10,5,5,2,17,1,19,3,10,3,4,7,6,1,10,1,12,9,1,21,121.5522496,25.0240241
114,12,03,17,38,06松山區,松山區塔悠路157號,0,0,2,1,C03,7,5,5,40,14,8,1,5,4,5,13,4,4,1,4,4,2,13,1,22,2,9,6,4,7,9,1,10,2,11,108,1,21,121.5697986,25.05516563
114,12,03,17,40,07信義區,信義區信安街與嘉興街181巷口,0,0,2,1,C03,8,5,5,50,4,2,1,5,4,5,13,2,1,9,5,5,2,16,2,45,2,7,5,1,7,5,1,10,1,12,8,1,21,121.5573885,25.0260811
114,12,03,17,50,12內湖區,內湖區新明路與新明路333巷口,0,0,1,1,C03,7,5,6,50,4,2,1,5,4,5,13,1,1,5,4,4,1,13,1,25,3,10,5,1,7,9,1,10,1,11,16,1,22,121.5835844,25.056516
114,12,03,17,53,11南港區,南港區松河街與南港路3段80巷口口,0,0,2,1,C03,8,5,5,50,3,1,1,5,4,5,13,4,4,9,5,5,2,3,1,31,2,7,3,4,7,12,1,10,1,11,70,1,21,121.5899976,25.0560398
114,12,03,17,57,05中正區,中正區永福橋往台北（燈桿7510127處）,0,0,2,1,C03,8,5,5,50,8,9,1,5,4,5,13,4,4,5,5,5,2,13,1,47,2,8,5,4,7,9,1,10,2,11,16,1,21,121.5295387,25.0129452
114,12,03,18,02,08士林區,士林區中山北路5段第221號電燈桿前,0,0,3,1,C03,8,5,5,40,14,9,1,5,4,5,13,4,4,5,4,5,1,17,1,21,3,10,6,1,7,9,1,10,1,11,16,1,25,121.5268322,25.08764866
114,12,03,18,10,03中山區,中山區民權東路1段與林森北路口,0,0,1,1,C03,8,5,5,50,4,2,1,5,4,5,13,2,1,1,4,5,2,17,1,35,2,9,6,1,7,9,1,10,1,11,44,1,21,121.5254535,25.0627117
114,12,03,18,14,05中正區,中正區南海路與重慶南路2段口口,0,0,1,1,B03,8,5,5,50,4,1,1,5,4,5,13,1,1,10,4,5,1,17,2,39,3,10,7,1,7,9,1,8,2,2,99,1,21,121.5149305,25.031841
114,12,03,18,20,12內湖區,內湖區內湖路1段629巷與內湖路1段629巷40弄口,0,0,1,1,B03,6,5,5,50,3,2,1,4,4,5,13,4,4,5,5,5,2,3,2,69,3,10,7,1,7,9,1,8,2,1,70,1,21,121.5749249,25.08152529
114,12,03,18,26,04大安區,大安區建國南路2段33號對面,0,0,1,1,,7,5,5,0,22,6,1,5,4,5,13,1,1,1,4,5,2,29,3,15,,,,,,,,,,,66,1,,121.5375345,25.0323388
114,12,03,18,29,01大同區,大同區昌吉街與昌吉街99巷口,0,0,1,1,B01,7,5,5,50,3,2,1,5,4,5,13,4,4,5,5,5,2,17,1,60,3,10,7,1,7,11,1,4,2,7,10,1,21,121.5118898,25.0659181
114,12,03,18,30,07信義區,信義區忠孝東路5段423巷與虎林街120巷口,0,0,2,1,H01,6,5,5,30,4,1,1,4,4,5,13,4,4,8,5,5,2,3,1,22,2,9,4,5,8,16,8,20,10,16,123,1,21,121.5753987,25.0421791
114,12,03,19,09,06松山區,松山區光復南路32巷16弄與光復南路46巷口,0,0,1,1,C03,7,5,5,30,4,1,1,5,4,5,13,4,4,10,5,5,2,15,2,57,2,9,6,1,7,9,1,10,1,11,72,1,21,121.5565279,25.0460196
114,12,03,19,22,03中山區,中山區民權東路1段28號,0,0,1,1,C03,8,6,5,50,14,9,1,5,4,5,13,1,1,1,4,5,2,12,1,38,2,9,6,4,7,9,1,10,1,11,108,1,22,121.5238807,25.0626615
114,12,03,19,30,07信義區,信義區基隆路2段111號,0,0,1,1,B01,8,6,5,50,14,9,1,5,4,5,13,4,4,1,3,5,2,12,1,55,3,10,7,1,7,8,1,8,1,2,100,1,21,121.5567951,25.0283388
114,12,03,20,01,10文山區,文山區萬芳路與萬利街口,0,0,1,1,C03,7,5,5,50,3,2,1,4,4,5,13,3,1,5,4,5,2,18,1,30,2,9,3,4,7,5,1,10,11,12,44,1,21,121.5668395,24.9990869
114,12,03,20,02,04大安區,大安區復興南路2段78巷與復興南路2段口,0,0,2,1,B02,8,6,5,50,4,1,1,5,4,5,13,2,1,1,4,5,2,17,1,46,2,3,7,1,7,5,1,4,1,1,44,1,21,121.5434717,25.0311059
114,12,03,20,42,08士林區,士林區中正路與士商路口,0,0,1,1,B03,6,5,5,50,4,1,1,4,4,5,13,1,1,5,2,4,2,16,1,55,3,10,3,4,7,5,1,8,2,2,85,1,21,121.5191351,25.0930106
114,12,03,21,21,03中山區,中山區錦州街與中原街口,0,0,2,1,C03,8,6,5,50,4,1,1,5,4,5,13,1,1,1,5,5,2,13,2,49,2,8,5,1,7,9,1,10,1,11,107,1,22,121.5287365,25.0603304
114,12,04,00,30,03中山區,中山區長安東路1段與林森北路口,0,0,1,1,B01,8,5,5,50,4,1,1,5,4,5,13,1,1,1,4,5,2,1,1,67,3,10,7,1,7,6,1,4,1,1,70,1,22,121.5252057,25.0496877
114,12,04,02,24,04大安區,大安區忠孝東路3段與復興南路1段口,0,0,1,1,B03,8,5,5,50,4,2,1,5,4,5,13,4,4,1,4,5,2,17,1,26,3,10,3,4,7,1,1,8,1,17,19,1,21,121.543381,25.0416559
114,12,04,02,45,05中正區,中正區中山南路與青島東路口,0,0,2,1,F01,7,5,5,50,4,1,1,5,4,5,13,1,1,1,4,4,2,15,2,39,2,9,4,1,7,9,8,20,3,11,81,1,22,121.5194602,25.0444883
114,12,04,06,10,07信義區,信義區基隆路2段149-28號,0,0,1,1,C03,7,5,5,50,14,9,1,5,4,5,13,4,4,1,4,5,2,12,2,28,2,8,3,4,7,9,1,10,1,11,44,1,21,121.5552546,25.0266425
114,12,04,06,29,08士林區,士林區中正路與福港街口,0,0,1,1,B01,8,5,5,30,3,1,1,5,4,5,13,1,1,9,4,5,1,16,1,55,3,10,7,1,7,5,1,8,2,6,71,1,21,121.5178017,25.0917196
114,12,04,07,10,05中正區,中正區汀州路3段46號與汀州路3段口無名巷,0,0,2,1,C03,8,6,5,50,3,1,1,5,4,5,13,4,4,5,5,5,1,3,1,38,2,8,6,1,7,9,1,10,2,11,70,1,21,121.5307229,25.0161178
114,12,04,07,25,05中正區,中正區重慶南路3段104號,0,0,1,1,B01,8,6,5,50,14,9,1,5,4,5,13,4,4,1,4,5,2,17,1,61,3,10,3,4,7,15,1,4,1,4,40,1,26,121.5164732,25.0249639
114,12,04,07,27,12內湖區,內湖區文德路101巷與文德路口,0,0,1,1,A02,7,6,5,50,4,1,1,5,4,5,13,2,1,1,4,5,2,17,1,64,3,10,3,4,7,12,1,1,2,17,44,1,26,121.5838188,25.0786174
114,12,04,07,45,10文山區,文山區懷恩隧道北往南出口,0,0,1,1,C03,8,5,5,50,6,9,1,5,4,5,13,4,4,1,2,5,1,20,1,40,2,9,5,1,7,9,1,10,1,12,108,1,21,121.5513442,24.9918183
114,12,04,07,47,09北投區,北投區大業路與大業路527巷口,0,0,2,1,C03,7,7,5,40,4,1,1,5,4,5,13,1,1,1,2,5,2,16,1,65,2,5,5,1,7,5,1,10,2,14,8,1,22,121.4963272,25.1344285
114,12,04,07,48,11南港區,南港區昆陽街與忠孝東路6段口,0,0,1,1,C03,8,6,5,30,4,2,1,5,4,5,13,4,4,5,5,5,2,13,2,29,2,9,6,1,7,9,1,10,1,11,16,1,21,121.5938036,25.0509239
114,12,04,07,50,04大安區,大安區永康街75巷與金華街164巷口,0,0,2,1,C03,7,5,5,30,4,2,1,5,4,5,13,4,4,10,4,5,2,16,1,46,3,10,6,1,7,5,1,10,1,14,8,1,21,121.5309429,25.0288258
114,12,04,07,51,03中山區,中山區長安東路2段與建國北路1段口,0,0,1,1,B03,7,7,5,50,4,2,1,5,4,5,13,2,1,9,4,5,2,12,1,48,3,10,7,1,7,9,1,8,1,2,17,1,21,121.5363651,25.0483833
114,12,04,07,52,02萬華區,萬華區康定路與廣州街口,0,0,1,1,B03,8,6,5,50,4,1,1,5,4,5,13,2,1,8,4,5,1,17,2,63,3,10,7,1,7,9,1,8,1,8,16,1,21,121.5014533,25.0366154
114,12,04,07,52,04大安區,大安區八德路2段15號對面,0,0,1,1,C03,8,5,5,50,14,9,1,5,4,5,13,4,4,8,3,5,1,16,2,31,2,9,6,1,7,8,1,10,1,12,100,1,21,121.5336613,25.0445057
114,12,04,07,53,02萬華區,萬華區萬大路與艋舺大道120巷38弄口,0,0,1,1,C04,8,6,5,50,4,1,1,5,4,5,13,4,4,5,5,5,2,16,2,46,2,9,5,1,7,6,1,10,1,12,9,1,26,121.5006374,25.03163625
114,12,04,07,53,08士林區,士林區自強隧道(內)往內湖,0,0,2,1,C03,7,7,5,50,14,9,1,5,4,5,13,4,4,10,1,5,1,13,1,32,2,9,5,1,7,9,1,10,1,13,44,1,21,121.5497786,25.08486596
114,12,04,08,18,09北投區,北投區大度路3段,0,0,1,1,B01,8,7,5,60,14,9,1,5,4,5,13,4,4,9,4,5,2,12,1,58,3,10,7,1,7,7,1,8,1,4,100,1,21,121.4738613,25.1228431
114,12,04,08,25,10文山區,文山區木柵路1段57-8號,0,0,1,1,B03,8,7,5,50,14,9,1,5,4,5,13,4,4,5,4,5,2,12,1,28,3,10,3,4,7,9,1,8,1,2,17,1,22,121.5457003,24.98668
114,12,04,08,30,03中山區,中山區民族東路與新生北路3段口,0,0,2,1,C03,8,7,5,50,4,2,1,5,4,5,13,1,1,9,4,5,2,17,1,25,3,10,6,1,7,6,1,10,1,12,17,1,26,121.528002,25.06832564
114,12,04,08,48,02萬華區,萬華區貴陽街2段與貴陽街2段52巷口,0,0,1,1,C03,8,6,5,50,3,1,1,5,4,5,13,4,4,10,5,5,2,16,1,23,3,10,6,1,7,15,1,10,1,12,101,1,26,121.5046813,25.03971697
114,12,04,09,03,01大同區,大同區長安西路與南京西路64巷口,0,0,1,1,B03,8,6,5,50,5,1,1,5,4,5,13,4,4,5,5,5,2,12,2,62,3,10,7,1,7,9,1,8,2,8,16,1,21,121.5182042,25.0506054
114,12,04,09,22,04大安區,大安區延吉街與光復南路280巷口,0,0,1,1,A12,7,5,5,30,5,1,1,5,4,5,13,4,4,8,3,5,1,15,1,42,3,10,7,1,7,9,1,7,1,5,72,1,21,121.5548742,25.0398418
114,12,04,09,27,03中山區,中山區民生東路3段與合江街口,0,0,1,1,B01,8,7,5,50,4,2,1,4,4,5,13,2,1,1,4,5,2,12,1,67,3,10,7,1,7,8,1,4,1,5,101,1,21,121.5389911,25.0577531
114,12,04,10,02,03中山區,中山區民權東路2段3號,0,0,1,1,B01,8,6,5,50,14,9,1,5,4,5,13,4,4,1,4,5,2,16,1,69,3,10,7,1,7,8,1,4,1,2,100,1,21,121.5281325,25.0627226
114,12,04,10,05,03中山區,中山區龍江路296號,0,0,2,1,C03,7,6,5,50,3,2,1,5,4,5,13,4,4,9,4,5,2,17,1,50,2,8,6,1,7,5,1,10,1,13,8,1,21,121.5407486,25.06169461
114,12,04,10,10,06松山區,松山區民權東路5段與民權東路5段口1號旁無名巷,0,0,1,1,B03,7,6,5,50,3,1,1,5,4,5,13,2,1,1,4,5,2,16,1,62,3,10,7,4,7,5,1,8,2,2,71,1,21,121.5648461,25.0631684
114,12,04,10,17,04大安區,大安區辛亥路2段與建國南路2段口,0,0,1,1,B03,8,6,5,40,3,1,1,5,4,5,13,1,1,1,3,5,2,17,1,69,3,10,7,1,7,8,1,8,1,5,80,1,21,121.5377762,25.0222624
114,12,04,10,18,03中山區,中山區民權東路2段92巷與松江路362巷口,0,0,1,1,B03,8,6,5,30,4,1,1,5,4,3,13,4,4,10,4,5,1,15,2,42,3,10,7,1,7,9,1,8,1,1,72,1,21,121.5317363,25.061968
114,12,04,10,18,05中正區,中正區和平西路1段與廈門街口口,0,0,1,1,C03,8,6,5,50,4,1,1,5,4,5,13,1,1,1,4,5,1,17,2,29,2,7,6,1,7,7,1,10,1,14,103,1,21,121.5185326,25.0267747
114,12,04,10,20,07信義區,信義區永吉路與松信路口側附近口,0,0,2,1,B02,8,7,5,50,4,1,1,5,4,5,13,2,1,5,4,4,2,16,1,73,3,10,3,4,7,5,1,8,2,8,8,1,21,121.572066,25.0456712
114,12,04,10,25,11南港區,南港區成福路與成福路178巷口,0,0,1,1,B03,7,6,5,50,3,2,1,5,4,5,13,1,1,5,5,5,2,17,2,46,3,10,3,4,7,6,1,8,1,2,17,1,21,121.5874486,25.0418784
114,12,04,10,35,04大安區,大安區新生南路3段82號對面,0,0,2,1,B03,8,6,5,50,14,9,1,5,4,5,13,4,4,10,5,5,2,17,1,18,2,9,7,1,7,6,1,8,1,2,9,1,21,121.5338963,25.0191254
114,12,04,10,42,02萬華區,萬華區水源路(青年水源往東50公尺處),0,0,2,1,C03,8,7,8,50,14,9,1,5,4,5,13,4,4,1,4,1,2,17,1,58,2,9,6,1,7,9,1,10,1,11,108,1,21,121.5046868,25.0202383
114,12,04,11,31,07信義區,信義區莊敬路與莊敬路423巷口,0,0,1,1,B03,8,6,5,50,3,1,1,5,4,5,13,2,1,5,5,5,2,16,1,65,3,10,7,1,7,11,1,8,1,1,10,1,21,121.566557,25.027201
114,12,04,11,32,04大安區,大安區復興南路1段與安東街35巷口,0,0,1,1,B03,8,6,5,50,3,1,1,5,4,5,13,4,4,10,4,5,1,16,2,56,3,10,3,4,7,6,1,8,1,2,9,1,21,121.5437122,25.0442967
114,12,04,12,06,01大同區,大同區酒泉街92號,0,0,2,1,C03,8,5,5,40,14,9,1,5,4,5,13,4,4,5,4,5,2,12,1,21,2,9,5,1,7,7,1,10,1,14,101,1,21,121.5149487,25.0720177
114,12,04,12,31,04大安區,大安區安和路2段與安和路2段91巷口,0,0,1,1,C03,8,7,5,50,12,9,1,5,4,5,13,4,4,1,4,5,2,13,2,33,2,9,3,4,7,9,1,10,1,11,16,1,21,121.5520102,25.0300444