發生年度,發生月,發生日,發生時-Hours,發生分,區序,肇事地點,死亡人數,2-30日死亡人數,受傷人數,當事人序號,車種,天候,光線,道路類別,速限-速度限制,道路型態,事故位置,路面狀況1,路面狀況2,路面狀況3,道路障礙1,道路障礙2,號誌1,號誌2,車道劃分-分向,車道劃分-分道1,車道劃分-分道2,車道劃分-分道3,事故類型及型態,性別,年齡,受傷程度,主要傷處,保護裝置,行動電話,車輛用途,當事者行動狀態,駕駛資格情形,駕駛執照種類,飲酒情形,車輛撞擊部位1,肇因碼-個別,個人肇逃否,職業,座標-X,座標-Y
114,12,04,12,38,03中山區,中山區錦州街與錦州街241巷口,0,0,2,1,C03,8,7,6,30,4,1,1,5,4,5,13,4,4,10,4,5,2,17,1,26,2,9,5,1,7,9,1,10,2,11,72,1,21,121.5331436,25.06054366
114,12,04,12,40,01大同區,大同區承德路3段59號,0,0,1,1,A11,8,5,5,50,14,9,1,5,4,5,13,4,4,1,4,5,2,11,1,22,3,10,7,1,7,7,1,3,1,4,80,1,21,121.5184317,25.0654909
114,12,04,12,40,04大安區,大安區基隆路2段207號,0,0,1,1,F01,8,6,5,0,14,20,1,5,4,5,13,4,4,10,5,5,2,1,2,17,3,10,4,4,7,9,8,20,1,11,42,1,16,121.5520726,25.0237573
114,12,04,12,50,10文山區,文山區羅斯福路6段159巷與羅斯福路6段159巷1弄口口,0,0,1,1,F03,8,5,5,30,4,1,1,5,4,5,13,3,1,10,5,5,2,15,2,60,2,9,5,1,7,9,8,20,1,11,72,1,22,121.5412091,24.9972755
114,12,04,12,52,02萬華區,萬華區西園路2段與西園路2段11巷口,0,0,2,1,C03,8,6,5,50,4,1,1,5,4,5,13,1,1,1,4,5,2,17,1,19,3,10,6,1,7,6,1,10,1,12,80,1,21,121.4974078,25.0319651
114,12,04,13,06,09北投區,北投區西安街1段271號與自強街141巷口,0,0,1,1,B03,8,7,5,50,3,2,1,5,4,5,13,4,4,9,4,5,2,16,1,22,3,10,7,1,7,6,1,8,2,2,9,1,21,121.5170383,25.1116617
114,12,04,13,15,01大同區,大同區南京西路306號,0,0,1,1,C03,8,7,8,50,14,9,1,5,4,5,13,4,4,5,4,5,2,13,1,35,3,10,6,1,7,9,1,10,1,11,108,1,21,121.5133843,25.053967
114,12,04,13,20,06松山區,松山區民生東路3段127巷6號,0,0,1,1,B13,8,6,5,30,14,9,1,5,4,5,13,4,4,10,4,5,2,9,1,20,3,10,3,4,7,9,1,8,11,3,37,2,22,121.5474664,25.05853877
114,12,04,14,20,09北投區,北投區光明路176號,0,0,2,1,C03,8,7,5,50,14,9,1,5,4,5,13,4,4,9,4,5,2,16,1,69,2,9,5,1,7,11,1,10,1,12,10,1,21,121.5030884,25.1356094
114,12,04,14,42,08士林區,士林區格致路與建業路口,0,0,1,1,B03,7,6,5,40,3,2,1,5,4,5,13,1,1,4,5,5,2,17,1,53,3,10,7,1,7,5,1,8,1,2,71,1,21,121.5461348,25.1356779
114,12,04,14,55,08士林區,士林區德行西路與福華路口,0,0,2,1,B03,8,5,5,50,4,2,1,5,4,5,13,2,1,5,5,5,2,16,2,39,3,10,2,1,7,9,1,8,1,7,42,1,21,121.5221144,25.10449484
114,12,04,14,59,06松山區,松山區南京東路4段53巷7弄5號,0,0,1,1,B12,8,6,5,30,14,9,1,5,4,5,13,4,4,10,5,5,2,14,1,35,3,10,3,4,7,2,1,8,1,7,42,1,21,121.5508548,25.0528419
114,12,04,15,04,07信義區,信義區松信路與松隆路口,0,0,1,1,F02,7,6,5,50,4,1,1,5,4,5,13,2,1,1,4,5,2,17,2,79,2,7,3,4,7,15,8,20,1,14,101,1,21,121.5721345,25.0470229
114,12,04,15,05,11南港區,南港區南港路2段178巷(北流停車場出入口),0,0,1,1,B12,8,6,5,50,14,9,1,5,4,5,13,4,4,5,5,5,2,16,1,24,3,10,3,4,7,5,1,8,1,17,8,1,21,121.5996411,25.05261264
114,12,04,15,18,01大同區,大同區重慶北路1段與長安西路口,0,0,1,1,B01,7,6,5,50,4,18,1,5,4,5,13,2,1,8,3,5,1,3,1,60,3,10,3,4,7,5,1,4,2,1,80,1,21,121.5137553,25.0516576
114,12,04,15,28,08士林區,士林區福林路60號,0,0,1,1,B03,8,6,5,50,14,9,1,5,4,5,13,4,4,5,5,5,2,17,4,0,4,11,3,4,7,21,7,19,11,15,119,2,22,121.5301407,25.0951502
114,12,04,15,30,03中山區,中山區通北街0105937號燈桿,0,0,1,1,C03,8,6,5,50,14,9,1,5,4,5,13,4,4,5,5,5,2,17,2,26,2,9,5,1,7,9,1,10,1,17,44,1,22,121.5414942,25.07964269
114,12,04,15,48,12內湖區,內湖區民權大橋東向西7510479桿,0,0,1,1,C03,8,7,5,40,14,11,1,5,4,5,13,4,4,1,4,4,2,13,1,24,3,10,6,1,7,9,1,10,2,11,108,1,21,121.5609588,25.05528939
114,12,04,15,57,05中正區,中正區南海路與泉州街口口,0,0,2,1,C03,8,6,5,50,3,1,1,5,4,5,13,3,1,10,4,4,1,3,2,64,2,1,6,1,7,9,1,10,2,11,42,1,21,121.5133473,25.0315405
114,12,04,16,11,09北投區,北投區大度路與關渡路口,0,0,1,1,B03,8,5,5,50,3,1,1,5,4,5,13,4,4,3,4,5,2,16,1,29,3,10,7,1,7,6,1,8,1,5,9,1,21,121.4695242,25.1228855
114,12,04,16,17,03中山區,中山區市民大道3段169號,0,0,2,1,C03,8,6,5,40,14,9,1,5,4,5,13,4,4,9,4,5,1,13,2,25,2,8,6,1,7,9,1,10,1,11,16,1,21,121.5407763,25.04475754
114,12,04,16,27,01大同區,大同區民族西路186號,0,0,1,1,C03,8,6,5,50,14,9,1,5,4,5,13,1,1,5,2,5,2,29,1,40,2,8,5,4,7,15,1,10,1,14,42,1,21,121.5148292,25.06860757
114,12,04,16,27,09北投區,北投區光明路與新生巷口,0,0,2,1,C03,8,5,5,30,5,1,1,5,4,5,13,3,1,9,5,5,2,17,2,69,2,9,3,4,7,10,1,10,2,11,86,1,21,121.5015665,25.133264
114,12,04,16,30,11南港區,南港區市民大道7段與向陽路口,0,0,1,1,C03,7,5,5,50,4,2,1,5,4,5,13,1,1,1,4,5,2,13,1,28,2,8,6,1,7,9,1,10,1,11,107,1,21,121.5953172,25.0513995
114,12,04,16,40,04大安區,大安區基隆路2段233號,0,0,1,1,C03,7,6,5,50,14,9,1,5,4,5,13,4,4,1,3,5,2,24,1,24,2,9,6,1,7,9,1,10,1,11,42,1,21,121.5505319,25.0224991
114,12,04,16,40,09北投區,北投區奇岩路與公館路209巷38弄口,0,0,1,1,B03,7,5,5,30,3,2,1,5,4,5,13,4,4,10,5,5,2,16,2,20,3,10,7,1,7,5,1,8,2,1,72,1,21,121.509134,25.1282837
114,12,04,17,16,01大同區,大同區敦煌路35號,0,0,1,1,B03,7,5,5,50,14,9,1,5,4,5,13,1,1,1,4,5,2,17,1,58,3,10,3,4,7,9,1,8,2,5,44,1,21,121.5170725,25.07601592
114,12,04,17,20,03中山區,中山區錦州街42號,0,0,1,1,C03,8,5,5,50,14,9,1,5,4,5,13,4,4,5,5,5,2,12,2,39,3,10,5,1,7,8,1,10,9,12,95,1,21,121.5254232,25.0602875
114,12,04,17,23,03中山區,中山區建國北路2段與南京東路2段口,0,0,2,1,C02,8,6,5,50,4,1,1,5,4,5,13,1,1,9,5,5,1,13,1,55,2,8,6,1,7,9,1,9,1,11,16,1,21,121.5365442,25.0522747
114,12,04,17,33,09北投區,北投區中央北路4段477號,0,0,1,1,B03,7,5,5,50,14,9,1,5,4,5,13,4,4,5,2,5,2,17,2,59,3,10,7,1,7,11,1,8,1,4,10,1,21,121.4693887,25.12859518
114,12,04,17,50,03中山區,中山區長安東路2段與長安東路口側附近2段153巷口,0,0,1,1,C03,8,5,5,50,14,8,1,5,4,5,13,1,1,5,4,4,1,13,1,35,3,10,6,1,7,8,1,10,1,13,100,1,21,121.5389451,25.0484215
114,12,04,17,56,06松山區,松山區敦化北路207號,0,0,1,1,B03,7,5,5,0,22,20,4,5,4,5,13,4,4,10,5,5,2,17,1,65,3,10,3,4,7,9,1,8,2,5,42,1,21,121.5494798,25.0581738
114,12,04,17,58,06松山區,松山區延壽街與健康路325巷口,0,0,2,1,C03,7,5,5,50,3,1,1,5,4,5,13,1,1,9,4,5,2,17,2,25,2,8,6,1,7,9,1,10,2,11,16,1,21,121.5669805,25.0571439
114,12,04,18,16,10文山區,文山區萬美街1段67號前,0,0,2,1,C03,8,5,5,50,14,9,1,5,4,5,13,4,4,9,5,5,2,12,1,35,2,9,5,1,7,11,1,10,1,14,80,1,21,121.5675109,25.0023305
114,12,04,18,33,05中正區,中正區汀州路3段與思源街口,0,0,1,1,C03,8,5,5,50,4,1,1,5,4,5,13,1,1,5,2,5,2,12,1,58,2,7,5,1,7,9,1,10,1,14,17,1,21,121.531921,25.0152787
114,12,04,18,42,03中山區,中山區北安路與劍南路口,0,0,2,1,C03,8,5,5,50,3,1,1,5,4,5,13,1,1,1,4,5,2,16,1,20,2,9,5,4,7,6,1,10,1,12,80,1,21,121.5531987,25.0853474
114,12,04,18,55,03中山區,中山區復興北路與興安街口,0,0,1,1,C03,7,5,5,50,4,2,1,5,4,5,13,2,1,1,5,5,1,13,1,58,2,9,3,4,7,9,1,10,1,11,16,1,21,121.544032,25.05634318
114,12,04,19,11,10文山區,文山區興隆路2段與景豐街口,0,0,2,1,C03,8,5,5,50,3,1,1,5,4,5,13,3,1,1,4,5,2,13,1,36,2,8,6,1,7,9,1,10,1,11,16,1,21,121.5466459,24.9991497
114,12,04,19,33,03中山區,中山區錦州街426巷與錦州街口側附近口,0,0,2,1,C03,8,5,5,30,4,1,1,5,4,5,13,4,4,10,4,5,2,10,1,22,2,9,6,1,7,9,1,10,1,11,72,1,21,121.5424042,25.0601898
114,12,04,19,40,11南港區,南港區忠孝東路7段捷運南港車站一號出口,0,0,1,1,C03,8,5,5,40,14,8,1,5,4,5,13,4,4,1,3,4,2,13,1,26,2,9,3,4,7,9,1,10,1,11,16,1,22,121.6065169,25.0519812
114,12,04,19,59,02萬華區,萬華區中華路2段與中華路2段305巷口,0,0,2,1,F02,7,5,5,50,4,2,1,5,4,5,13,4,4,10,5,5,2,17,4,0,,,,,7,5,8,20,11,15,119,2,22,121.5049785,25.0289979
114,12,04,20,21,09北投區,北投區大度路與中央北路2段257巷口,0,0,1,1,C03,8,5,5,50,4,2,1,5,4,5,13,1,1,9,4,5,1,17,2,49,2,8,5,1,7,9,1,10,1,11,16,1,21,121.4863731,25.1221112
114,12,04,21,10,05中正區,中正區新生南路1段與仁愛路2段口,0,0,1,1,C03,8,5,5,50,4,2,1,5,4,5,13,1,1,1,4,5,2,12,2,39,2,9,6,1,7,9,1,10,2,12,101,1,22,121.532413,25.0380647
114,12,04,22,05,04大安區,大安區和平東路1段162號,0,0,5,1,A01,7,5,5,40,14,7,1,5,4,5,13,4,4,1,4,4,2,13,1,54,3,10,3,4,7,9,1,2,2,1,16,1,21,121.5263547,25.0266948
114,12,04,22,05,05中正區,中正區襄陽路與南陽街口,0,0,1,1,B03,8,5,5,50,3,18,1,5,4,5,13,4,4,5,4,5,2,3,1,61,3,10,7,1,7,9,1,8,2,5,70,1,21,121.5159898,25.0433134
114,12,04,22,10,05中正區,中正區汀州路1段與西藏路口,0,0,1,1,B03,8,5,5,50,4,1,1,5,4,5,13,1,1,5,2,5,2,15,1,32,3,10,7,1,7,9,1,8,2,2,42,1,21,121.5072454,25.0306886
114,12,04,22,11,12內湖區,內湖區東湖路119巷49弄與東湖路口側附近113巷口,0,0,2,1,C03,8,5,5,50,4,1,1,5,4,5,13,2,1,4,5,5,2,9,2,22,2,9,6,1,7,5,1,10,1,14,8,1,21,121.6159848,25.0701627
114,12,04,22,54,10文山區,文山區木新路1段與指南路1段口口,0,0,2,1,C03,8,5,5,50,4,1,1,5,4,5,13,2,1,10,5,5,2,13,1,20,2,9,5,1,7,9,1,10,1,11,108,1,21,121.5706379,24.9879926
114,12,04,23,45,07信義區,信義區永吉路443巷11弄5號,0,0,1,1,C03,8,7,5,30,14,9,1,5,4,2,13,4,4,10,5,5,2,24,2,31,2,9,6,1,7,9,1,10,1,11,44,1,22,121.5784685,25.0466301
114,12,05,02,04,01大同區,大同區長安西路99號,0,0,1,1,C03,8,5,5,50,14,9,1,5,4,5,13,4,4,7,4,5,2,13,2,32,3,10,6,1,7,5,1,10,2,13,42,1,21,121.5161189,25.0511229
114,12,05,05,11,02萬華區,萬華區富民路115號,0,0,1,1,F01,7,5,5,30,14,9,1,5,4,5,13,4,4,10,4,5,2,16,2,77,2,9,3,4,7,7,8,20,1,14,101,1,22,121.4995216,25.0182433
114,12,05,06,05,07信義區,信義區松智路與松廉路口,0,0,2,1,B01,8,5,5,50,3,2,1,5,4,5,13,1,1,4,3,5,2,3,1,60,3,10,7,1,7,6,1,4,2,1,70,1,21,121.5655926,25.0340048
114,12,05,06,43,02萬華區,萬華區艋舺大道與萬大路口,0,0,1,1,B03,8,6,5,50,4,1,1,5,4,5,13,2,1,1,5,5,2,16,1,46,3,10,7,1,7,7,1,4,1,4,80,1,26,121.5004299,25.0328923
114,12,05,07,27,08士林區,士林區百齡左岸河濱公園與百齡左岸河濱公園口通河西街堤外聯絡道,0,0,2,1,B03,8,7,5,50,4,1,1,5,4,5,13,4,4,5,4,5,1,16,1,73,3,10,7,1,7,5,1,8,2,6,72,1,21,121.5126782,25.0859042
114,12,05,07,43,05中正區,中正區汀州路3段與師大路口,0,0,1,1,C03,8,7,5,50,4,2,1,5,4,5,13,1,1,1,4,5,1,17,1,65,2,9,5,1,7,7,1,10,2,14,17,1,22,121.5256891,25.0207961
114,12,05,08,05,01大同區,大同區哈密街23巷與哈密街23巷19弄口,0,0,2,1,F01,8,6,5,30,3,1,1,5,4,5,13,4,4,10,5,5,2,16,1,75,2,9,4,1,7,5,8,20,2,14,80,1,21,121.5178831,25.0745194
114,12,05,08,07,03中山區,中山區民生東路2段172號,0,0,2,1,C03,7,6,5,50,14,9,1,5,4,5,13,4,4,3,4,5,2,17,2,23,2,9,6,1,7,6,1,10,1,12,9,1,21,121.5342534,25.05778702
114,12,05,08,10,03中山區,中山區松江路與民生東路2段口,0,0,1,1,C03,8,7,5,50,4,1,1,5,4,5,13,1,1,9,4,5,2,13,1,54,2,8,6,1,7,9,1,10,1,11,108,1,21,121.5335182,25.05778247
114,12,05,08,18,04大安區,大安區復興南路2段與瑞安街23巷口,0,0,1,1,B03,7,5,5,50,4,2,1,5,4,5,13,2,1,1,4,5,1,16,1,62,3,10,7,1,7,6,1,8,1,5,9,1,21,121.5436784,25.0309787
114,12,05,08,45,03中山區,中山區中山北路3段與中山橋口,0,0,1,1,B03,8,7,5,50,4,2,1,5,4,5,13,1,1,10,4,5,2,13,1,75,3,10,7,1,7,9,1,8,2,5,118,1,21,121.5257596,25.07535891
114,12,05,08,52,06松山區,松山區新東街12巷37號,0,0,1,1,B03,8,6,5,30,14,9,1,5,4,5,13,4,4,10,5,5,2,17,2,51,3,10,7,1,7,5,1,8,1,5,80,1,21,121.5685551,25.05790057
114,12,05,09,01,04大安區,大安區青田街7巷與和平東路1段183巷口,0,0,2,1,C03,8,6,5,30,4,1,1,5,4,5,13,4,4,10,5,5,2,15,2,52,2,9,6,1,7,9,1,10,1,11,72,1,21,121.5330261,25.0281141
114,12,05,09,11,06松山區,松山區民生東路5段139號,0,0,1,1,C04,7,6,5,50,14,9,1,5,4,5,13,2,1,3,4,5,2,17,2,28,2,8,6,4,7,5,1,10,1,14,8,1,22,121.5617055,25.0588166
114,12,05,09,18,08士林區,士林區文林路740巷9弄與德行西路口,0,0,1,1,C03,8,6,5,50,3,2,1,5,4,5,13,4,4,9,4,5,1,16,1,66,4,11,3,4,7,1,7,19,9,14,19,2,22,121.5204514,25.103788
114,12,05,09,38,06松山區,松山區撫遠街393號,0,0,2,1,C03,8,6,5,50,14,9,1,5,4,5,13,4,4,3,4,5,2,17,1,20,2,9,6,1,7,7,1,10,1,11,16,1,21,121.5656821,25.0651867
114,12,05,09,49,03中山區,中山區中山北路4段與新生高架道口匝道口,0,0,1,1,B01,7,6,5,50,4,1,1,5,4,5,13,1,1,1,4,5,2,17,1,69,3,10,7,1,7,9,1,4,11,6,81,2,22,121.5251395,25.07682172
114,12,05,09,56,12內湖區,內湖區成功路5段37號,0,0,1,1,C03,8,6,5,50,14,9,1,5,4,5,13,2,1,1,4,4,2,18,2,52,2,9,6,1,7,9,1,10,2,12,116,1,22,121.6070312,25.0783028
114,12,05,10,01,05中正區,中正區重慶南路2段15號,0,0,2,1,C03,7,7,5,50,14,9,1,5,4,5,13,4,4,1,4,5,2,13,2,54,2,9,5,1,7,9,1,10,2,11,16,1,22,121.5141123,25.0325484
114,12,05,10,09,04大安區,大安區愛國東路35號與愛國東路口,0,0,1,1,F02,8,5,8,0,3,2,1,5,4,5,13,2,1,1,4,5,2,15,2,28,2,8,4,1,7,9,8,20,1,11,80,1,21,121.5247939,25.0321347
114,12,05,10,18,02萬華區,萬華區長沙街2段與貴陽街2段29巷口,0,0,1,1,B03,8,6,5,30,3,1,1,5,4,5,13,4,4,5,5,5,2,3,2,60,3,10,7,1,7,5,1,8,1,4,70,1,21,121.5052894,25.04039096
114,12,05,10,18,04大安區,大安區安和路2段與安和路2段209巷口,0,0,1,1,B03,8,6,5,50,4,1,1,5,4,5,13,1,1,9,4,5,1,17,2,49,3,10,3,4,7,11,1,8,1,6,10,1,21,121.5500094,25.0262552
114,12,05,10,34,06松山區,松山區光復北路11巷74號,0,0,1,1,B03,8,6,5,50,14,9,1,5,4,5,13,4,4,7,4,5,2,13,2,47,3,10,3,4,7,9,1,8,1,5,16,1,22,121.5605487,25.0500745
114,12,05,11,36,09北投區,北投區中央南路1段180號,0,0,2,1,C03,8,7,5,50,14,9,1,5,4,5,13,4,4,5,5,5,2,16,1,67,2,9,5,1,7,11,1,10,1,11,10,1,21,121.5010907,25.1289535
114,12,05,12,10,07信義區,信義區永吉路200巷50號與永吉路200巷61弄口,0,0,1,1,B12,8,7,5,30,3,1,1,5,4,5,13,4,4,10,5,5,2,14,1,35,3,10,7,1,7,2,1,8,1,7,12,1,21,121.572638,25.0441755
114,12,05,12,11,08士林區,士林區後港街與前港街口,0,0,1,1,F02,8,6,5,30,4,1,1,5,4,5,13,4,4,10,5,5,2,15,1,78,2,9,4,1,7,9,8,20,1,12,80,1,21,121.5213831,25.0847492
114,12,05,12,23,10文山區,文山區木柵路1段與木柵路1段59巷口,0,0,1,1,C03,7,6,5,50,4,2,1,5,4,5,13,2,1,10,5,5,2,17,2,20,2,9,6,1,7,11,1,10,1,12,10,1,21,121.5457273,24.9867927
114,12,05,12,45,03中山區,中山區民權東路1段與新生北路2段口,0,0,1,1,C03,8,7,5,50,4,2,1,5,4,5,13,1,1,9,4,5,2,17,2,28,2,9,6,1,7,9,1,9,1,12,42,1,21,121.5278603,25.06257308
114,12,05,13,05,03中山區,中山區長安西路3號,0,0,2,1,C04,7,7,5,50,14,9,1,5,4,5,13,4,4,9,5,5,2,16,2,58,2,8,6,1,7,5,1,11,1,11,8,1,21,121.520924,25.05003334
114,12,05,13,08,07信義區,信義區忠孝東路5段與忠孝東路5段743巷口,0,0,1,1,B01,7,6,5,50,4,2,1,5,4,5,13,1,1,3,1,5,2,16,1,66,3,10,3,4,7,6,1,4,1,2,71,1,21,121.5813868,25.0436453
114,12,05,13,14,04大安區,大安區和平東路2段與新生南路3段口,0,0,1,1,C03,8,5,5,50,4,1,1,5,4,5,13,2,1,1,4,5,1,17,1,25,3,10,3,4,7,8,1,9,1,15,101,1,21,121.5349604,25.0258873
114,12,05,13,15,04大安區,大安區復興南路2段8號,0,0,2,1,C03,8,6,5,50,14,9,1,5,4,5,13,4,4,1,4,5,2,17,2,46,2,8,5,1,7,7,1,10,1,14,100,1,22,121.5435308,25.032946
114,12,05,13,28,01大同區,大同區承德路3段與民權西路口,0,0,1,1,C03,7,6,5,50,4,1,1,5,4,5,13,2,1,8,3,5,1,16,1,45,3,10,6,4,7,8,1,10,1,13,101,1,21,121.5181503,25.0628726
114,12,05,13,37,07信義區,信義區忠孝東路5段236巷2弄21號,0,0,1,1,C03,7,5,5,50,14,9,1,5,4,5,13,4,4,5,5,5,2,17,2,57,2,9,6,1,7,9,1,10,1,12,101,1,21,121.5718315,25.0386717
114,12,05,13,45,05中正區,中正區汀州路1段與西藏路口口,0,0,2,1,C03,8,6,5,50,4,1,1,5,4,5,13,1,1,5,5,5,1,16,1,51,2,7,6,1,7,5,1,10,2,11,71,1,21,121.5074677,25.0301932
114,12,05,14,05,04大安區,大安區臥龍街188巷17號,0,0,1,1,B03,8,6,5,50,14,9,1,5,4,5,13,4,4,10,5,5,2,2,2,23,3,10,7,1,7,9,1,8,1,1,44,1,21,121.5507284,25.0172685
114,12,05,14,52,12內湖區,內湖區內湖路1段596號,0,0,1,1,C03,8,7,5,50,14,9,1,5,4,5,13,1,1,9,4,5,2,13,1,38,2,8,6,3,7,9,1,10,2,11,107,1,21,121.5775959,25.0790652
114,12,05,15,04,04大安區,大安區師大路71號前,0,0,1,1,C03,7,7,5,50,14,9,1,5,4,5,13,4,4,5,2,5,2,13,2,18,2,9,6,1,7,9,1,10,1,11,108,1,21,121.5284704,25.0237398
114,12,05,16,00,03中山區,中山區錦西街與錦西街5巷口,0,0,1,1,C03,7,7,5,50,4,1,1,5,4,5,13,4,4,9,5,5,2,13,1,65,3,10,6,1,7,9,1,10,1,11,16,1,21,121.5219466,25.06045919
114,12,05,16,05,09北投區,北投區北科路與文林北路75巷口,0,0,1,1,F01,7,6,5,30,3,2,1,5,4,5,13,2,1,5,4,5,2,16,1,16,2,1,4,1,7,6,8,20,1,11,42,1,16,121.5150236,25.1061152
114,12,05,16,07,03中山區,中山區北安路47號,0,0,1,1,B03,8,5,5,50,14,9,1,5,4,5,13,4,4,1,4,5,2,16,1,31,3,10,3,4,7,11,1,8,1,5,10,1,21,121.5286589,25.07792343
114,12,05,16,14,01大同區,大同區台北橋機慢車道（下橋處）,0,0,2,1,C03,7,6,7,40,14,11,1,5,4,5,13,1,1,1,4,5,2,17,2,58,2,8,5,4,7,15,1,10,1,12,42,1,21,121.5110013,25.06282361
114,12,05,16,24,10文山區,文山區木新路2段211巷6弄與木新路2段211巷口,0,0,3,1,B03,7,5,5,30,4,1,1,5,4,5,13,4,4,10,5,5,2,15,1,60,3,10,7,1,7,9,1,8,1,5,72,1,21,121.5679929,24.9831708
114,12,05,16,27,04大安區,大安區市民大道4段與延吉街口,0,0,2,1,C03,8,5,5,40,5,2,1,5,4,5,13,2,2,8,3,4,1,13,2,25,2,9,6,1,7,9,1,10,1,11,102,1,21,121.5539428,25.0442847
114,12,05,16,41,11南港區,南港區重陽路與重陽路258巷口,0,0,2,1,B03,6,5,5,50,4,2,1,4,4,5,13,4,4,5,4,4,2,16,1,53,3,10,3,4,7,5,1,2,1,7,72,1,21,121.603406,25.0576431
114,12,05,16,48,02萬華區,萬華區水源路與中華路2段606巷口,0,0,2,1,F01,8,6,5,50,3,1,1,5,4,5,13,4,4,5,4,5,2,17,1,14,2,9,4,1,7,9,8,20,9,11,44,1,21,121.5095464,25.02293982
114,12,05,17,08,06松山區,松山區市民大道4段與敦化南路1段口,0,0,1,1,C03,7,5,5,40,4,1,1,5,4,5,13,2,1,1,4,5,2,13,2,61,2,9,6,1,7,9,1,10,1,11,16,1,21,121.5486631,25.0450025
114,12,05,17,28,08士林區,士林區忠誠路2段天母棒球場（忠誠）公車站牌,0,0,1,1,A02,8,5,5,50,14,9,1,5,4,5,13,4,4,1,4,5,1,9,1,47,3,10,7,1,7,9,1,2,9,17,42,1,21,121.5319666,25.1138859
114,12,05,17,30,11南港區,南港區東新街與東新街64巷口口,0,0,1,1,B03,6,5,5,50,4,1,1,4,4,5,13,2,1,4,3,5,2,1,2,45,3,10,7,1,7,6,1,8,1,1,80,1,21,121.5858462,25.047253
114,12,05,17,34,07信義區,信義區東興路69號對面,0,0,1,1,B03,7,5,5,50,14,9,1,5,4,5,13,4,4,10,3,5,2,12,2,45,3,10,3,4,7,7,1,8,1,8,44,1,21,121.5665328,25.0465643
114,12,05,17,45,10文山區,文山區木柵路1段154號,0,0,1,1,A02,8,5,5,50,14,9,2,5,4,5,13,2,1,5,4,5,2,9,1,62,3,10,7,1,7,3,1,2,1,17,42,1,21,121.5520187,24.9877114
114,12,05,17,46,11南港區,南港區南港路2段與南港路2段178巷口,0,0,1,1,B03,6,5,5,50,4,1,1,4,4,5,13,2,1,4,3,5,2,16,1,45,3,10,3,4,7,5,1,8,1,1,8,1,21,121.5996867,25.0534743
114,12,05,17,50,05中正區,中正區中華路2段307巷與中華路2段口,0,0,3,1,C03,7,5,5,50,3,1,1,4,4,5,13,1,1,4,3,4,2,17,1,35,2,9,6,1,7,5,1,10,2,11,8,1,21,121.5052669,25.0287695
114,12,05,17,50,10文山區,文山區政大一街與政大二街口口,0,0,1,1,B03,6,5,5,30,3,2,1,4,4,5,13,4,4,10,5,5,2,3,2,72,3,10,7,1,7,5,1,8,9,1,70,1,21,121.5845068,24.9859624
114,12,05,18,18,04大安區,大安區金山南路2段188號與無名巷口,0,0,2,1,C03,8,5,5,50,3,2,1,5,4,5,13,4,4,1,4,5,2,16,1,50,2,9,6,1,7,6,1,10,1,12,9,1,21,121.5260704,25.0281162
114,12,05,18,21,10文山區,文山區木新路2段與保儀路口,0,0,2,1,B03,6,5,5,50,3,1,1,4,4,5,13,2,1,10,5,4,2,16,1,66,3,10,7,1,7,5,1,8,2,5,71,1,21,121.5656959,24.9829806
114,12,05,18,42,08士林區,士林區基河路188巷與基河路口,0,0,1,1,B03,7,5,5,30,3,2,1,5,4,5,13,4,4,5,4,5,2,17,1,72,3,10,7,1,7,5,1,8,2,8,72,1,21,121.5222121,25.0904408
114,12,05,18,50,05中正區,中正區中華路1段65號,0,0,1,1,C03,7,5,5,50,14,9,1,5,4,5,13,4,4,1,4,5,2,13,1,47,2,9,6,1,7,9,1,10,1,11,16,1,22,121.5081249,25.04099
114,12,05,18,50,05中正區,大安區建國南路2段與瑞安街244巷口,0,0,1,1,B03,8,5,5,50,4,1,1,5,4,5,8,4,4,5,4,5,2,15,2,55,3,10,7,1,7,9,1,8,2,2,80,1,21,121.5379358,25.0281398
114,12,05,19,25,01大同區,大同區涼州街80號,0,0,1,1,C03,8,5,5,50,14,9,1,5,4,5,13,4,4,5,4,5,2,9,1,76,3,10,6,1,7,9,6,18,1,11,16,1,21,121.5106515,25.0606017
114,12,05,19,30,03中山區,中山區民權東路2段41號,0,0,4,1,C03,7,5,5,50,14,9,1,5,4,5,13,4,4,1,5,5,2,12,1,29,2,9,6,1,7,9,1,10,1,12,108,1,22,121.5300452,25.0626492
114,12,05,19,30,12內湖區,內湖區彩虹河濱公園腳踏車道北向南,0,0,1,1,F01,7,5,8,0,22,22,1,5,4,5,13,4,4,10,5,5,1,17,1,32,2,7,4,1,7,4,8,20,1,12,17,1,21,121.5719953,25.0659198
114,12,05,20,05,08士林區,士林區中正路與志成街口,0,0,1,1,A12,8,5,5,50,14,9,1,5,4,3,13,4,4,10,4,5,1,17,1,37,3,10,7,1,7,9,1,7,9,2,44,2,21,121.5308916,25.0964843
114,12,05,20,49,06松山區,松山區塔悠路188巷與塔悠路口,0,0,2,1,B03,8,5,5,30,14,7,1,5,1,5,12,4,4,8,3,4,1,16,1,32,2,9,3,1,7,6,1,8,2,4,9,1,21,121.5694124,25.0566055