發生年度,發生月,發生日,發生時-Hours,發生分,區序,肇事地點,死亡人數,2-30日死亡人數,受傷人數,當事人序號,車種,天候,光線,道路類別,速限-速度限制,道路型態,事故位置,路面狀況1,路面狀況2,路面狀況3,道路障礙1,道路障礙2,號誌1,號誌2,車道劃分-分向,車道劃分-分道1,車道劃分-分道2,車道劃分-分道3,事故類型及型態,性別,年齡,受傷程度,主要傷處,保護裝置,行動電話,車輛用途,當事者行動狀態,駕駛資格情形,駕駛執照種類,飲酒情形,車輛撞擊部位1,肇因碼-個別,個人肇逃否,職業,座標-X,座標-Y
114,12,05,20,53,04大安區,大安區信義路4段265巷31弄與信義路4段265巷口,0,0,2,1,C03,8,5,5,30,4,2,1,5,4,5,13,4,4,5,4,5,2,3,1,59,2,9,6,1,7,9,1,10,1,17,44,1,21,121.5550832,25.0346784
114,12,05,21,16,06松山區,松山區民權東路4段與富錦街107巷口,0,0,1,1,B03,8,5,5,50,3,1,1,5,4,5,13,1,1,1,3,4,2,16,1,71,3,10,3,4,7,6,1,8,1,2,9,1,21,121.5521942,25.0615086
114,12,05,21,35,12內湖區,內湖區環山路1段56號,0,0,3,1,C03,8,5,5,50,14,9,1,5,4,5,13,4,4,5,4,5,2,16,2,37,2,9,5,1,7,1,1,10,1,11,19,1,21,121.566053,25.0864093
114,12,05,21,57,10文山區,文山區恆光街30巷與無名巷口,0,0,1,1,C03,7,5,5,30,3,2,1,4,4,5,13,4,4,10,5,5,2,17,1,67,2,9,6,1,7,9,1,10,1,14,116,1,21,121.566303,24.9816714
114,12,05,22,00,08士林區,士林區士東路與芝玉路2段口,0,0,2,1,B03,8,5,5,50,3,1,1,5,4,5,13,2,1,1,4,5,2,13,1,21,3,10,7,1,7,1,1,8,1,1,108,1,21,121.5353022,25.1129245
114,12,05,22,15,08士林區,士林區天玉街與天玉街75巷口,0,0,1,1,C03,8,5,5,50,3,2,1,5,4,5,13,4,4,10,4,5,1,9,1,49,3,10,6,1,7,9,1,10,1,13,105,1,21,121.5310784,25.12252383
114,12,05,23,17,11南港區,南港區忠孝東路6段與東新街口,0,0,1,1,B03,6,5,5,50,4,2,1,4,4,5,13,2,1,1,4,5,2,3,1,26,3,10,7,1,7,5,1,8,2,1,70,1,21,121.5852034,25.0480162
114,12,05,23,30,04大安區,大安區忠孝東路4段101巷與敦化南路1段190巷口,0,0,1,1,B03,8,5,5,30,4,1,1,5,4,5,13,4,4,5,5,5,2,15,1,54,3,10,7,1,7,9,1,8,2,1,72,1,21,121.5480886,25.0426066
114,12,05,23,50,04大安區,大安區忠孝東路4段與光復南路口,0,0,2,1,B01,6,5,5,50,4,2,1,4,4,5,13,2,1,8,3,5,1,17,1,33,3,10,7,1,7,5,1,4,2,2,71,1,26,121.5576294,25.0412293
114,12,05,23,53,06松山區,松山區敦化北路與長春路口,0,0,1,1,A11,8,5,5,50,4,1,1,5,4,5,13,2,1,1,4,4,2,17,1,27,3,10,7,1,7,5,1,3,2,1,85,1,21,121.548729,25.0544427
114,12,06,00,18,02萬華區,萬華區桂林路與西昌街口,0,0,2,1,B02,7,5,5,50,4,1,1,4,4,5,13,1,1,5,5,4,2,17,1,58,3,10,2,1,7,5,1,8,1,6,71,1,21,121.5005108,25.038479
114,12,06,02,21,03中山區,中山區中山北路2段與民權東路1段口,0,0,1,1,B02,8,6,5,50,4,1,1,5,4,5,12,1,1,9,5,5,2,16,2,39,3,10,3,4,7,5,1,8,2,3,98,1,21,121.5228159,25.06252
114,12,06,05,54,12內湖區,內湖區新明路333巷與新明路口,0,0,2,1,C01,7,5,5,50,4,1,1,5,4,5,13,1,1,10,5,5,2,16,1,73,2,8,6,1,7,11,1,9,2,14,103,1,21,121.5837379,25.056605
114,12,06,06,24,11南港區,南港區忠孝東路5段與中坡南路口口,0,0,1,1,B03,7,6,5,50,4,1,1,5,4,5,13,2,1,3,4,5,2,17,2,41,3,10,7,1,7,5,1,8,2,8,8,1,21,121.5819761,25.0441095
114,12,06,06,30,07信義區,信義區松平路78號,0,0,1,1,F01,8,6,8,0,14,23,4,5,4,4,13,2,1,10,5,5,2,29,1,52,2,1,4,1,7,9,8,20,1,11,44,1,21,121.5663994,25.0305425
114,12,06,08,10,03中山區,中山區興安街4號對面,0,0,1,1,C03,8,7,5,50,14,9,1,5,4,5,13,4,4,9,4,5,2,18,1,55,2,9,5,1,7,9,1,10,1,12,42,1,21,121.5376947,25.05622031
114,12,06,08,25,06松山區,松山區塔悠路與松河街口,0,0,1,1,B03,8,5,5,50,3,1,1,5,4,5,13,2,1,1,3,5,2,13,2,47,3,10,3,4,7,6,1,8,2,5,108,1,22,121.570748,25.0511521
114,12,06,08,54,04大安區,大安區金山南路2段86號,0,0,1,1,A02,8,6,5,50,14,9,1,5,4,5,13,4,4,1,4,5,1,17,1,58,4,11,3,4,7,15,1,3,1,17,101,1,21,121.5266397,25.0309783
114,12,06,09,10,03中山區,中山區吉林路125-3號,0,0,2,1,C04,8,6,5,40,14,9,1,5,4,5,13,4,4,4,4,4,2,16,2,32,2,9,5,1,7,6,1,10,1,12,9,1,22,121.5302504,25.0576177
114,12,06,09,40,04大安區,大安區基隆路2段與臥龍街口,0,0,1,1,B01,8,5,5,20,5,2,1,5,4,5,13,4,4,8,3,5,1,16,1,57,3,10,7,1,7,6,1,8,1,4,72,1,21,121.5483942,25.0205299
114,12,06,09,42,10文山區,文山區木柵路3段220號,0,0,1,1,B03,8,7,5,50,14,9,1,5,4,5,13,4,4,5,5,5,2,16,2,81,3,10,7,1,7,1,1,8,1,1,19,1,21,121.5694005,24.9895138
114,12,06,10,48,03中山區,中山區林森北路133巷,0,0,1,1,F03,8,6,5,50,14,9,1,5,4,5,13,4,4,1,4,5,2,13,1,49,2,9,5,1,7,9,8,20,9,11,16,1,22,121.5251413,25.050944
114,12,06,11,00,07信義區,信義區信義路5段與基隆路2段口,0,0,1,1,B01,8,6,5,50,14,9,1,5,4,5,13,1,1,7,4,5,2,13,2,37,3,10,7,1,7,9,1,4,1,5,108,1,21,121.5594512,25.0327269
114,12,06,11,01,05中正區,中正區中華路1段95巷口側附近,0,0,1,1,B02,8,6,5,30,3,1,1,5,4,5,13,4,4,10,5,5,1,16,1,19,3,10,3,4,7,6,1,8,2,5,72,1,21,121.5072436,25.03770246
114,12,06,11,02,10文山區,文山區羅斯福路5段與萬盛街口口,0,0,1,1,B12,8,6,5,50,4,1,1,5,4,5,13,2,1,1,4,5,2,16,1,29,3,10,7,1,7,5,1,8,1,6,98,1,21,121.5381374,25.0079721
114,12,06,11,10,03中山區,中山區長春路與吉林路口,0,0,1,1,B01,8,5,5,50,4,1,1,5,4,5,13,1,1,5,4,5,2,16,1,59,3,10,3,4,7,5,1,4,1,1,80,1,21,121.5301783,25.05526058
114,12,06,11,10,08士林區,士林區文林路與文林路740巷口,0,0,2,1,B03,8,6,5,50,3,1,1,5,4,5,13,4,4,1,4,4,2,16,1,46,3,10,7,1,7,6,1,8,1,2,9,1,26,121.5201934,25.10282153
114,12,06,11,22,10文山區,文山區忠順街2段與忠順街2段90巷口,0,0,2,1,C03,8,6,5,50,3,2,1,5,4,5,13,4,4,5,5,5,2,13,1,25,2,9,6,1,7,9,1,10,1,11,108,1,21,121.5657361,24.9850331
114,12,06,11,31,12內湖區,內湖區環山路3段與內湖路1段737巷口,0,0,1,1,C03,8,7,5,50,3,1,1,5,4,5,13,4,4,5,4,5,2,16,1,64,2,9,5,1,7,5,1,10,2,12,74,1,21,121.5789991,25.0844474
114,12,06,11,38,03中山區,中山區中山北路2段與民權西路口,0,0,2,1,B03,8,6,5,50,4,2,1,5,4,5,13,1,1,9,4,5,1,17,1,57,3,10,3,4,7,9,1,8,11,7,44,2,21,121.5225216,25.0627114
114,12,06,11,47,11南港區,南港區八德路4段與中坡北路口,0,0,2,1,B03,8,6,5,50,4,2,1,5,4,5,13,2,1,3,4,5,2,12,1,53,3,10,7,1,7,9,1,8,1,2,80,1,21,121.5799495,25.0504406
114,12,06,11,50,05中正區,中正區延平南路與中華路2段39巷口口,0,0,1,1,C03,8,6,5,50,4,1,1,5,4,5,13,4,4,9,5,5,1,16,2,45,2,8,6,1,7,5,1,11,1,11,74,1,21,121.5075592,25.0348433
114,12,06,12,54,09北投區,北投區致遠一路2段與致遠一路2段12巷口,0,0,2,1,C03,8,7,5,30,4,1,1,5,4,5,13,4,4,5,5,5,2,15,2,61,2,9,5,1,7,9,1,10,2,11,4,1,22,121.5143929,25.1110184
114,12,06,12,56,09北投區,北投區大度路1段11-11號,0,0,2,1,C03,8,6,5,50,14,9,1,5,4,5,13,4,4,8,3,4,1,13,2,23,3,10,5,1,7,9,1,10,2,13,101,1,21,121.5233302,25.11620133
114,12,06,13,23,12內湖區,內湖區環山路1段與內湖路1段217巷口,0,0,2,1,F01,8,6,5,40,14,8,1,5,4,5,13,4,4,5,4,4,2,17,1,74,2,9,4,1,7,6,8,20,9,12,9,1,21,121.565514,25.08352916
114,12,06,13,32,08士林區,士林區延平北路6段與延平北路6段450巷口,0,0,1,1,B03,8,7,5,50,14,7,1,5,4,5,13,4,4,1,3,4,2,12,1,26,3,10,3,4,7,9,1,8,1,1,16,1,22,121.4991749,25.0926106
114,12,06,13,40,01大同區,大同區民權西路與延平北路3段口,0,0,3,1,C03,8,6,5,50,4,1,1,5,4,5,13,1,1,1,4,5,2,13,1,28,2,9,6,1,7,15,1,10,2,11,16,1,21,121.5114433,25.0630241
114,12,06,13,43,06松山區,松山區民權東路4段與光復北路口,0,0,2,1,C03,8,7,5,50,14,9,1,5,4,5,13,1,1,1,4,5,2,13,1,24,2,9,6,4,7,9,1,10,2,11,16,1,21,121.554721,25.0618413
114,12,06,14,38,07信義區,信義區市民大道5段14巷與市民大道5段口,0,0,1,1,B01,8,6,5,50,3,2,1,5,4,5,13,2,1,1,4,5,2,13,1,56,3,10,7,1,7,9,1,4,2,1,108,1,21,121.5598853,25.0457713
114,12,06,15,09,02萬華區,萬華區華中橋往台北市機慢車道,0,0,2,1,C03,8,7,5,40,8,9,1,5,4,5,13,4,4,9,4,5,2,17,1,43,3,10,3,4,7,8,1,10,1,12,101,1,22,121.4955909,25.0136567
114,12,06,15,19,11南港區,南港區玉成街與市民大道7段口,0,0,2,1,C03,8,6,5,50,4,1,1,5,4,5,13,2,1,5,4,5,2,16,1,53,2,8,5,1,7,5,1,9,1,14,8,1,22,121.5814785,25.0491688
114,12,06,15,39,08士林區,士林區德行東路190巷與德行東路口,0,0,1,1,C03,8,6,5,30,3,1,1,5,4,5,13,4,4,5,5,5,1,17,2,56,2,9,5,1,7,1,1,10,1,14,72,1,21,121.5311048,25.1086958
114,12,06,15,46,03中山區,中山區中山北路1段112巷與中山北路1段口口,0,0,1,1,C03,8,7,5,30,14,9,1,5,4,5,13,4,4,10,5,5,2,3,1,21,3,10,6,1,7,9,1,10,1,11,42,1,21,121.5212669,25.0512351
114,12,06,16,08,07信義區,信義區市民大道5段與東興路口,0,0,2,1,C03,8,6,5,50,4,1,1,5,4,5,13,2,1,1,4,5,2,15,2,27,2,8,6,1,7,9,1,10,2,14,81,1,21,121.565902,25.048222
114,12,06,16,13,09北投區,北投區三合街1段與三合街1段117巷口,0,0,1,1,B12,8,6,5,30,4,2,1,5,4,5,13,3,1,5,5,5,2,1,1,58,3,10,7,1,7,5,6,18,2,1,70,1,21,121.5040942,25.1267834
114,12,06,16,16,03中山區,中山區長春路與吉林路口,0,0,1,1,B01,8,6,5,50,4,1,1,5,4,5,13,1,1,5,4,4,2,11,1,66,3,10,3,4,7,3,1,4,2,1,80,1,21,121.5300984,25.0549066
114,12,06,16,58,11南港區,南港區忠孝東路7段2-1號對面,0,0,1,1,B03,8,7,5,50,14,9,1,5,4,5,13,4,4,1,4,5,2,13,1,31,3,10,7,1,7,9,1,8,1,1,108,1,21,121.5960538,25.0508602
114,12,06,17,28,10文山區,文山區木新路2段69巷11弄1號,0,0,1,1,B03,8,5,5,30,14,9,1,5,4,5,13,4,4,10,5,5,2,17,2,53,3,10,3,4,7,13,1,8,1,4,40,1,21,121.571375,24.9857891
114,12,06,17,52,02萬華區,萬華區環河南路1段與內江街口,0,0,1,1,C03,8,5,5,40,3,2,1,5,4,5,13,1,1,9,5,5,2,17,1,26,2,7,5,1,7,9,1,10,1,11,44,1,21,121.5002304,25.0422094
114,12,06,17,55,03中山區,中山區北安路與大直街口,0,0,3,1,C03,8,5,5,50,4,1,1,5,4,5,13,1,1,1,3,5,1,17,2,18,2,8,6,1,7,5,1,10,1,11,8,1,22,121.5212453,25.0499718
114,12,06,18,04,04大安區,大安區復興南路2段與信義路4段口,0,0,1,1,C03,8,6,5,50,14,9,1,5,4,5,13,2,1,1,4,5,2,12,1,50,2,8,6,1,7,9,1,10,1,14,16,1,21,121.5437118,25.0333553
114,12,06,18,25,08士林區,士林區通河街76巷與承德路4段10巷口,0,0,1,1,C03,7,5,5,30,4,1,1,5,4,5,13,4,4,5,5,5,2,15,1,55,2,9,6,1,7,9,1,10,2,11,72,1,22,121.5201545,25.0801192
114,12,06,18,28,05中正區,中正區羅斯福路4段與基隆路4段口,0,0,1,1,B03,8,6,5,50,4,2,1,5,4,5,13,1,1,2,2,5,2,16,1,42,3,10,7,1,7,7,1,8,1,4,42,1,22,121.5368976,25.0115028
114,12,06,18,30,09北投區,北投區承德路7段與尊賢街243巷口,0,0,2,1,C03,8,6,5,60,4,1,1,5,4,5,13,2,1,1,4,5,2,16,1,31,2,7,5,1,7,6,1,10,2,12,71,1,21,121.5052522,25.1163232
114,12,06,18,38,04大安區,大安區仁愛路3段108號,0,0,1,1,B03,8,5,6,50,14,7,1,5,4,5,13,2,1,1,3,1,2,16,2,30,3,10,7,1,7,7,1,8,1,4,100,1,21,121.5397483,25.0379974
114,12,06,18,39,12內湖區,內湖區文湖街23號附近側附近,0,0,1,1,H01,8,5,5,50,14,9,1,5,4,5,13,4,4,8,5,5,2,3,2,61,2,1,4,5,8,16,8,20,1,16,123,1,21,121.5611668,25.0863914
114,12,06,18,43,07信義區,信義區松仁路130號,0,0,1,1,B12,7,5,5,50,14,9,1,5,4,5,13,4,4,3,3,5,2,12,2,41,3,10,3,4,7,9,1,8,9,2,44,1,21,121.5682462,25.0340986
114,12,06,18,52,07信義區,信義區忠孝東路5段790巷47弄與忠孝東路5段790巷口,0,0,2,1,C03,8,5,5,30,4,1,1,5,4,5,13,4,4,10,5,5,2,16,1,36,2,9,5,1,7,9,1,10,1,11,72,1,21,121.5833241,25.0411328
114,12,06,18,57,08士林區,士林區文林路與文林路594巷口,0,0,3,1,C03,8,5,5,40,4,1,1,5,4,5,13,3,1,5,5,5,2,3,2,64,2,1,6,1,7,9,1,10,1,11,44,1,21,121.5236988,25.09845273
114,12,06,19,05,09北投區,北投區大業路與大興街口,0,0,1,1,B03,8,5,5,60,3,2,1,5,4,5,13,1,1,9,4,4,1,17,1,26,3,10,7,1,7,6,1,8,1,17,71,1,21,121.4972102,25.1295852
114,12,06,19,10,08士林區,士林區延平北路5段145號,0,0,1,1,B01,7,5,5,50,14,9,1,5,4,5,13,4,4,1,4,5,2,17,1,45,3,10,7,1,7,9,1,4,2,1,42,1,22,121.5102577,25.0820302
114,12,06,19,29,11南港區,南港區舊莊街1段與研究院路2段口,0,0,1,1,C03,7,5,5,50,3,2,1,5,4,5,13,2,1,1,4,5,2,37,1,21,2,9,6,1,7,9,1,10,5,11,16,1,21,121.6170667,25.0422564
114,12,06,19,39,11南港區,南港區向陽路北往南方向，南港分局向陽公車停靠站,0,0,1,1,A02,7,5,8,50,22,22,1,5,4,5,13,4,4,10,4,5,2,9,1,60,3,10,7,1,7,15,1,2,9,2,118,1,21,121.593934,25.0557586
114,12,06,19,59,12內湖區,內湖區環東大道（往內湖匝道）,0,0,2,1,B02,8,5,8,80,10,9,1,5,4,5,13,4,4,1,4,5,2,13,1,29,3,10,7,1,7,9,1,8,1,1,16,1,21,121.5749515,25.0535565
114,12,06,20,10,02萬華區,萬華區艋舺大道112號,0,0,1,1,B01,8,5,5,50,14,9,1,5,4,5,13,4,4,1,4,5,2,17,1,54,3,10,7,1,7,8,1,2,1,17,101,1,21,121.5024556,25.0332313
114,12,06,21,30,04大安區,大安區忠孝東路4段147巷與敦化南路1段187巷口,0,0,1,1,C03,8,5,8,30,4,1,1,5,4,5,13,4,4,10,4,5,2,15,1,24,2,8,6,1,7,9,1,10,1,11,72,1,21,121.5496578,25.042602
114,12,06,22,23,10文山區,文山區萬美街2段147號,0,0,1,1,B01,8,5,5,40,14,9,1,5,4,5,13,4,4,5,5,4,2,14,1,67,3,10,7,1,7,2,1,4,1,7,12,1,21,121.5584483,25.0059305
114,12,06,22,41,04大安區,大安區和平東路1段與新生南路2段口,0,0,1,1,B03,8,5,5,50,4,2,1,5,4,5,13,2,1,8,3,5,1,17,1,24,3,10,7,1,7,6,1,8,1,5,9,1,25,121.5347298,25.0261858
114,12,06,22,53,11南港區,南港區南港路2段與向陽路120巷口口,0,0,2,1,C03,8,5,5,30,3,2,1,5,4,5,13,3,1,3,4,5,2,17,1,24,2,8,6,1,7,9,1,10,1,14,73,1,21,121.5952584,25.0545934
114,12,06,23,00,03中山區,中山區華陰街15號,0,0,1,1,B02,7,5,5,30,14,9,1,5,4,5,13,4,4,10,5,5,2,17,2,24,3,10,7,1,7,9,1,8,1,1,108,1,21,121.5200978,25.0491631
114,12,07,01,36,04大安區,大安區光復南路280巷與延吉街口,0,0,3,1,B01,8,5,5,30,4,2,1,5,4,5,13,4,4,4,3,5,1,17,1,41,3,10,7,1,7,5,1,4,1,17,72,1,26,121.5548784,25.0397356
114,12,07,02,21,10文山區,文山區辛亥路4段與興隆路3段口,0,0,1,1,C04,7,5,5,50,4,1,1,5,4,5,13,2,1,1,4,5,2,16,2,23,2,8,6,1,7,5,1,10,1,14,8,1,21,121.5545575,25.0008747
114,12,07,06,22,02萬華區,萬華區堤外便道臺北農產採購專區30,0,0,2,1,C03,8,6,5,50,14,9,1,5,4,5,13,4,4,9,5,5,2,17,1,54,2,8,6,1,7,5,1,9,1,11,8,1,21,121.4988457,25.01622162
114,12,07,09,07,07信義區,信義區松高路與逸仙路口,0,0,1,1,C03,8,7,5,50,4,1,1,5,4,5,13,2,1,9,4,5,2,16,1,26,2,9,5,1,7,5,1,10,2,11,83,1,21,121.5615995,25.0392081
114,12,07,09,18,10文山區,文山區萬壽路13號,0,0,1,1,C03,8,7,5,50,14,9,1,5,4,5,13,4,4,10,5,5,2,9,1,19,3,10,6,1,7,1,1,10,9,17,42,1,21,121.575952,24.9880095
114,12,07,10,07,12內湖區,內湖區成功路4段與成功路4段61巷口,0,0,1,1,B03,8,6,5,50,4,1,1,5,4,4,8,1,1,1,4,4,1,17,1,77,3,10,7,1,7,11,1,8,1,5,10,1,21,121.5922022,25.0820802
114,12,07,11,00,07信義區,信義區松山路與虎林街119巷口,0,0,1,1,F01,8,6,5,50,3,2,1,5,4,5,13,2,1,1,5,5,2,17,1,81,3,10,3,4,7,9,8,20,2,17,81,1,22,121.5777936,25.0420266
114,12,07,11,26,05中正區,中正區濟南路1段1號,0,0,1,1,C03,8,7,5,40,14,8,1,5,3,4,13,4,4,4,3,4,2,29,1,28,2,9,5,1,7,9,1,10,2,12,108,1,26,121.5203795,25.0430677
114,12,07,11,35,08士林區,士林區社中街298巷與社中街346巷4弄口,0,0,1,1,F01,8,6,5,30,4,1,1,5,4,5,13,4,4,10,5,5,2,16,2,58,2,9,4,1,7,6,8,20,1,14,72,1,26,121.5058457,25.0928098
114,12,07,11,37,07信義區,信義區信安街與嘉興街181巷口口,0,0,1,1,C03,8,6,5,30,14,9,1,5,4,5,13,1,1,4,5,5,2,12,1,43,2,9,6,1,7,15,1,10,1,15,101,1,21,121.5575248,25.0263101
114,12,07,11,42,05中正區,中正區信義路2段253號,0,0,2,1,F01,8,6,7,0,14,23,1,5,4,5,13,4,4,10,5,5,2,11,1,15,2,2,2,4,7,15,8,20,2,15,108,1,15,121.5313859,25.0337661
114,12,07,11,51,12內湖區,內湖區康寧路1段與康寧路口側附近1段48巷口,0,0,1,1,C03,8,6,5,30,3,2,1,5,4,5,13,4,4,4,5,5,2,17,2,49,3,10,6,1,7,5,1,10,1,17,8,1,21,121.591922,25.0802517
114,12,07,11,55,05中正區,中正區愛國西路與延平南路口,0,0,2,1,C03,8,6,5,50,5,1,1,5,4,5,13,2,1,1,4,5,2,16,1,33,2,8,5,1,7,6,1,10,1,12,9,1,22,121.5081294,25.03703127
114,12,07,11,56,01大同區,大同區承德路2段與萬全街口,0,0,2,1,C03,8,6,5,50,4,1,1,5,4,5,13,2,1,1,5,5,2,13,2,21,2,9,6,1,7,9,3,18,2,11,16,1,22,121.5180925,25.0585829
114,12,07,12,02,05中正區,中正區重慶南路3段63號,0,0,2,1,C03,8,6,5,50,14,9,1,5,4,5,13,4,4,1,4,5,2,13,1,40,2,8,5,1,7,9,1,10,1,14,16,1,21,121.5163181,25.0263324
114,12,07,12,30,10文山區,文山區木柵路5段1之6號對面（停車格26號）,0,0,2,1,B03,8,7,5,50,14,9,1,5,4,5,13,4,4,4,4,5,2,17,1,59,3,10,7,1,7,1,1,8,1,17,19,1,21,121.5795572,25.0011722
114,12,07,12,50,11南港區,南港區南港路2段與南港路2段38巷口,0,0,1,1,C03,8,6,5,40,4,2,1,5,4,5,13,1,1,5,4,4,2,17,1,19,2,9,5,1,7,9,3,18,1,11,16,1,21,121.6052395,25.0541291
114,12,07,13,49,12內湖區,內湖區潭美街與成功路2段口,0,0,2,1,C03,8,6,5,40,3,2,1,5,4,5,13,2,1,5,4,4,2,13,2,41,2,7,5,1,7,9,1,10,1,11,16,1,21,121.5915863,25.0599768
114,12,07,13,59,02萬華區,萬華區堤外便道自行車道北向南近華江橋,0,0,2,1,F01,8,6,5,0,14,23,1,5,4,5,13,4,4,10,5,5,2,13,1,28,2,9,4,1,7,9,8,20,1,11,16,1,21,121.4906511,25.0360325
114,12,07,14,00,06松山區,松山區敦化北路60巷與敦化北路口,0,0,1,1,C03,8,6,5,40,3,1,1,5,4,1,13,4,4,1,4,4,2,13,2,55,2,9,6,1,7,9,1,10,1,11,42,1,22,121.5487176,25.05096343
114,12,07,14,10,01大同區,大同區環河北路2段與民權西路口,0,0,1,1,B03,8,6,5,50,4,1,2,5,4,5,13,4,4,9,4,5,2,12,1,57,3,10,7,4,7,7,1,8,1,7,102,1,21,121.5088301,25.06358
114,12,07,14,21,02萬華區,萬華區西寧南路36-93號,0,0,1,1,B01,8,7,5,50,14,9,1,5,4,5,13,1,1,10,4,5,2,17,1,39,3,10,7,1,7,14,1,4,1,6,40,1,21,121.5065613,25.0450665
114,12,07,14,21,05中正區,中正區市民大道2段與金山北路口,0,0,1,1,B03,8,6,5,40,4,1,1,5,4,5,13,2,1,10,5,5,2,12,1,56,3,10,3,4,7,7,1,8,1,4,100,1,21,121.5212412,25.0477769
114,12,07,14,25,05中正區,中正區古亭河濱公園,0,0,1,1,F01,8,6,8,50,22,22,1,5,4,5,13,4,4,9,4,5,1,10,1,9,3,10,4,4,7,15,8,20,1,11,4,1,14,121.526975,25.0122486
114,12,07,14,34,04大安區,大安區新生南路1段與忠孝東路3段口,0,0,1,1,B03,8,6,5,40,4,1,1,5,4,5,13,2,1,10,5,5,2,16,2,51,3,10,3,4,7,6,1,8,1,5,80,1,22,121.5331075,25.0422293
114,12,07,14,39,01大同區,大同區延平北路3段與迪化街2段口,0,0,1,1,C03,8,6,5,50,4,2,1,5,4,5,13,2,1,5,4,5,2,17,1,57,3,10,6,4,7,5,1,10,2,11,4,1,22,121.510869,25.0683608
114,12,07,14,42,04大安區,大安區復興南路1段與東豐街口,0,0,2,1,B03,8,6,5,50,4,1,1,5,4,5,13,2,1,1,4,5,2,16,2,64,3,10,7,1,7,5,1,8,1,6,8,1,21,121.5435779,25.0361025
114,12,07,15,36,04大安區,大安區復興南路2段與復興南路2段151巷口,0,0,2,1,C03,8,6,5,50,4,1,1,5,4,5,13,2,1,1,4,5,1,16,1,24,2,8,6,4,7,6,1,10,1,12,9,1,21,121.543575,25.0283785
114,12,07,15,59,12內湖區,內湖區成功路2段與成功交流道口,0,0,1,1,B03,8,6,5,50,4,1,1,5,4,5,13,2,1,1,4,5,2,12,1,60,3,10,7,1,7,8,1,8,2,2,100,1,21,121.5903936,25.064229
114,12,07,16,09,11南港區,南港區忠孝東路5段與玉成街口口,0,0,2,1,B03,8,6,5,50,4,1,1,5,4,5,13,2,1,5,5,5,2,17,1,34,3,10,7,1,7,6,3,18,2,1,68,1,21,121.5829871,25.0451663
114,12,07,16,12,05中正區,中正區中正河濱公園,0,0,1,1,F02,8,6,5,50,14,9,1,5,4,5,13,4,4,9,4,5,2,2,1,22,2,9,4,1,7,9,8,20,1,17,16,1,21,121.5140547,25.02228844
114,12,07,16,20,05中正區,中正區漢口街1段59號,0,0,2,1,H01,8,6,5,0,14,9,1,5,4,4,12,4,4,10,4,5,2,3,2,28,2,9,4,5,8,18,8,20,10,16,121,1,22,121.512279,25.04518729
114,12,07,16,30,07信義區,信義區林口街與福德街口,0,0,1,1,C03,8,7,5,40,4,1,1,5,4,5,13,1,1,9,4,5,2,17,2,19,3,10,5,1,7,5,3,18,9,17,8,1,21,121.5793097,25.0362053
114,12,07,16,53,01大同區,大同區西寧北路與鄭州路口,0,0,2,1,C04,7,6,5,50,4,1,1,5,4,5,13,2,1,1,4,5,2,17,2,22,2,9,6,4,7,5,1,10,1,12,108,1,22,121.5080486,25.0505251
114,12,07,17,27,04大安區,大安區樂利路與安和路2段181巷口,0,0,1,1,B03,8,5,5,30,4,1,1,5,4,5,13,4,4,10,5,5,1,3,1,71,3,10,3,4,7,5,1,8,1,1,70,1,21,121.5514177,25.0275126
114,12,07,17,27,07信義區,信義區市民大道6段與松信路口,0,0,2,1,C03,8,5,5,50,4,1,1,5,4,5,13,1,1,9,4,5,2,13,1,20,2,9,5,4,7,9,1,10,1,13,16,1,21,121.5720009,25.0492259
114,12,07,18,15,08士林區,士林區延平北路7段106巷94弄與延平北路7段106巷口,0,0,1,1,C03,7,5,5,30,3,1,1,5,4,5,13,4,4,10,5,5,1,17,1,25,2,9,6,1,7,9,1,10,1,14,107,1,21,121.496264,25.0995539
114,12,07,18,37,03中山區,中山區遼寧街185巷15號,0,0,1,1,B03,8,5,5,50,14,9,1,5,4,5,13,4,4,9,5,5,2,16,1,45,3,10,7,1,7,6,1,8,1,2,80,1,21,121.5432965,25.053292
114,12,07,18,45,08士林區,士林區仰德大道1段與至誠路1段口,0,0,1,1,H01,8,5,5,40,5,1,1,5,4,5,13,2,1,4,4,5,1,9,1,41,2,8,4,5,8,16,8,20,10,16,121,1,21,121.5375278,25.1008832
114,12,07,19,04,04大安區,大安區基隆路2段與和平東路3段98巷口,0,0,1,1,C03,7,5,6,50,3,2,1,5,4,5,13,4,4,1,4,5,2,17,1,50,2,9,3,4,7,9,1,10,1,15,14,1,22,121.551343,25.0234329
114,12,07,19,06,01大同區,大同區延平北路2段180號,0,0,1,1,B03,7,5,5,50,14,9,1,5,4,5,13,4,4,5,4,5,2,17,1,45,3,10,7,4,7,15,1,8,1,8,40,1,21,121.5114698,25.05853174
114,12,07,19,09,06松山區,松山區東寧路與八德路4段204巷6弄口,0,0,1,1,B03,8,5,5,50,3,1,1,5,4,5,13,4,4,5,4,5,2,16,1,27,3,10,7,1,7,11,1,8,1,4,10,1,22,121.5628087,25.0480649
114,12,07,19,22,12內湖區,內湖區舊宗路2段與港墘路口側附近口,0,0,1,1,C03,8,5,5,50,14,9,1,5,4,5,13,4,4,1,4,5,1,13,2,22,2,7,6,1,7,9,1,10,1,11,108,1,21,121.5727447,25.0742109