發生年度,發生月,發生日,發生時-Hours,發生分,區序,肇事地點,死亡人數,2-30日死亡人數,受傷人數,當事人序號,車種,天候,光線,道路類別,速限-速度限制,道路型態,事故位置,路面狀況1,路面狀況2,路面狀況3,道路障礙1,道路障礙2,號誌1,號誌2,車道劃分-分向,車道劃分-分道1,車道劃分-分道2,車道劃分-分道3,事故類型及型態,性別,年齡,受傷程度,主要傷處,保護裝置,行動電話,車輛用途,當事者行動狀態,駕駛資格情形,駕駛執照種類,飲酒情形,車輛撞擊部位1,肇因碼-個別,個人肇逃否,職業,座標-X,座標-Y
114,12,09,17,19,04大安區,大安區杭州南路2段與愛國東路口,0,0,2,1,C03,8,5,5,50,4,2,1,5,4,5,13,2,1,1,4,4,2,17,2,19,2,9,3,4,7,5,1,10,1,14,71,1,21,121.522588,25.0323823
114,12,09,17,19,08士林區,士林區德行西路57號,0,0,1,1,C03,8,5,5,50,14,9,1,5,4,5,13,4,4,5,4,5,2,13,1,20,2,9,6,1,7,9,1,10,1,11,108,1,21,121.5226931,25.1052437
114,12,09,17,20,05中正區,中正區三元街與寧波西街口,0,0,2,1,B03,8,5,5,50,4,2,1,5,4,5,13,1,1,3,4,5,2,15,1,60,3,10,7,1,7,9,1,8,2,8,81,1,21,121.5113804,25.0280104
114,12,09,17,26,12內湖區,內湖區內湖路1段91巷與內湖路1段91巷37弄口,0,0,1,1,B03,7,5,5,30,3,2,1,4,4,5,13,4,4,10,5,5,2,17,2,39,4,11,3,4,7,9,7,19,9,15,118,2,21,121.5626963,25.0879565
114,12,09,17,34,03中山區,中山區長安西路3號,0,0,1,1,B03,8,5,5,50,14,9,1,5,4,5,13,4,4,9,4,5,2,17,2,40,3,10,7,1,7,5,1,8,1,8,8,1,21,121.5214767,25.050034
114,12,09,17,35,05中正區,中正區忠孝西路1段M4,0,0,3,1,A02,7,5,5,50,14,9,1,5,4,5,13,4,4,1,4,5,2,13,1,45,2,8,7,1,7,9,1,2,1,1,16,1,21,121.5166051,25.0464863
114,12,09,17,57,04大安區,大安區辛亥路3段5號,0,0,1,1,B03,7,5,5,50,14,9,1,4,4,5,13,4,4,1,2,5,2,13,2,44,3,10,3,4,7,9,1,8,1,1,16,1,22,121.5437859,25.0214797
114,12,09,18,02,07信義區,信義區逸仙路50巷10號對面,0,0,1,1,B02,7,5,5,30,14,9,1,4,4,5,13,4,4,10,5,5,1,17,1,49,3,10,7,1,7,6,1,8,2,6,80,1,22,121.562205,25.0406509
114,12,09,18,25,06松山區,松山區復興北路地下道北往南第340號燈座,0,0,1,1,C03,8,5,5,40,7,9,1,5,4,5,13,4,4,7,4,5,2,13,1,20,2,8,6,1,7,9,1,10,1,11,16,1,21,121.5442424,25.0675214
114,12,09,18,27,12內湖區,內湖區南京東路6段與行善路59巷口口,0,0,1,1,B03,7,5,5,50,4,1,1,5,4,5,13,1,1,1,4,5,2,17,1,75,3,10,7,1,7,9,1,8,1,4,81,1,21,121.5789966,25.0558423
114,12,09,18,43,05中正區,中正區濟南路1段2-1號,0,0,2,1,B03,7,5,5,50,14,9,1,5,4,5,13,4,4,9,4,5,2,17,1,64,3,10,7,1,7,11,1,8,2,4,10,1,21,121.5193917,25.0432192
114,12,09,18,43,06松山區,松山區八德路3段與八德路3段74巷口,0,0,1,1,A02,7,5,5,50,4,2,1,5,4,5,13,1,1,5,4,5,2,16,1,49,3,10,7,1,7,5,1,2,1,4,8,1,21,121.5524076,25.0481612
114,12,09,18,48,07信義區,信義區市民大道5段82號,0,0,1,1,B03,8,5,5,40,22,9,1,5,4,5,13,4,4,8,5,5,2,17,1,40,3,10,3,4,7,9,1,8,1,1,80,1,22,121.5669104,25.0484586
114,12,09,18,56,02萬華區,萬華區華江橋機車道往新北市(001043燈桿旁),0,0,2,1,C03,8,5,7,40,14,11,1,5,4,5,13,4,4,10,5,5,2,13,1,21,2,9,3,4,7,15,1,10,1,11,16,1,21,121.4888178,25.0356699
114,12,09,19,11,03中山區,中山區新生北路3段與新生北路3段口新生高架停車場,0,0,1,1,B03,7,7,5,50,3,1,1,5,4,5,13,4,4,10,5,5,2,9,1,62,3,10,7,1,7,5,1,8,2,8,108,1,21,121.5278155,25.0669144
114,12,09,19,16,09北投區,北投區承德路7段188巷與尊賢街口,0,0,3,1,C03,8,5,5,30,4,1,1,5,4,5,13,4,4,10,5,5,2,15,1,19,2,9,6,1,7,9,1,10,2,12,75,1,21,121.5086217,25.1143681
114,12,09,19,40,12內湖區,內湖區行善路168巷與行善路口,0,0,2,1,C03,6,5,5,50,3,1,1,4,4,5,13,4,4,10,5,5,2,13,1,38,2,8,6,1,7,9,1,10,1,11,16,1,21,121.5789056,25.0582294
114,12,09,20,00,02萬華區,萬華區萬大路423巷與萬大路423巷28弄口,0,0,2,1,C03,8,5,5,30,4,1,1,5,4,5,13,2,1,5,5,5,2,16,1,54,2,9,5,1,7,5,6,10,1,11,8,1,26,121.4998877,25.02110443
114,12,09,20,54,01大同區,大同區鄭州路與西寧北路口,0,0,1,1,B03,7,5,5,40,4,1,1,5,4,5,13,2,1,1,4,5,2,17,1,34,3,10,7,4,7,5,1,8,1,1,44,1,21,121.5086295,25.050432
114,12,09,21,20,10文山區,文山區辛亥路5段與興隆路2段244巷口,0,0,1,1,C03,8,5,5,50,4,2,1,5,4,5,13,2,1,5,5,5,2,16,1,24,3,10,6,1,7,11,1,9,2,13,10,1,21,121.5539755,24.9999232
114,12,09,21,28,05中正區,中正區林森南路地下道與羅斯福路1段口,0,0,1,1,C03,8,5,5,30,4,1,1,5,4,5,13,1,1,1,4,5,2,17,2,58,2,9,5,1,7,6,1,10,1,12,98,1,22,121.5182373,25.0330886
114,12,09,21,31,07信義區,信義區永吉路與松隆路口側附近口,0,0,1,1,B03,8,5,5,50,4,1,1,5,4,5,13,1,1,1,5,5,2,12,2,32,3,10,3,4,7,9,1,8,1,2,17,1,22,121.5700395,25.0455714
114,12,09,22,20,12內湖區,內湖區民權東路6段190巷65弄與民權東路6段190巷口,0,0,2,1,C03,7,5,5,30,4,1,1,4,4,5,13,4,4,9,5,5,2,16,1,33,2,9,5,1,7,9,1,10,1,11,72,1,21,121.5943364,25.0657545
114,12,09,22,30,06松山區,松山區北寧路與八德路3段71巷9弄口,0,0,2,1,B01,8,5,5,50,3,1,1,5,4,5,13,4,4,9,4,5,1,17,1,52,3,10,7,4,7,5,1,4,1,4,17,1,22,121.552642,25.04866778
114,12,09,22,34,03中山區,中山區民生東路2段與中原街口,0,0,2,1,C03,8,5,5,50,4,1,1,5,4,5,13,2,1,9,4,5,2,16,1,18,2,7,6,1,7,5,1,10,2,13,96,1,21,121.528882,25.0580163
114,12,09,22,37,03中山區,中山區中山北路2段41號,0,0,2,1,C03,8,5,5,50,14,9,1,5,4,5,13,4,4,9,4,5,2,12,1,18,2,9,6,1,7,9,1,10,1,12,17,1,21,121.5228086,25.05408019
114,12,09,23,20,01大同區,大同區平陽街與南京西路107巷口,0,0,1,1,B02,8,5,5,30,5,1,1,5,4,5,13,4,4,9,5,5,1,16,1,35,3,10,7,1,7,5,1,4,2,4,44,1,21,121.5157654,25.0553715
114,12,10,00,25,05中正區,中正區重慶南路3段與汀州路2段口口,0,0,1,1,C03,8,5,5,50,4,1,1,5,4,5,13,1,1,1,4,5,2,16,1,53,2,7,6,1,7,5,1,10,1,14,96,1,21,121.5162948,25.0259209
114,12,10,07,23,01大同區,大同區塔城街64號,0,0,1,1,F01,8,6,5,50,14,9,1,5,4,5,13,4,4,5,2,5,2,17,2,13,2,9,3,4,7,15,8,20,2,14,101,1,21,121.5103426,25.05287977
114,12,10,07,40,01大同區,大同區哈密街與哈密街83巷口,0,0,1,1,B03,8,6,5,50,4,2,1,5,4,5,13,4,4,8,3,5,2,17,2,44,3,10,7,1,7,11,1,8,1,6,10,1,21,121.5147711,25.0729809
114,12,10,07,54,07信義區,信義區基隆路1段與一之六號道路口口,0,0,2,1,B03,8,6,5,0,3,1,1,5,4,5,13,4,4,1,4,5,2,17,1,41,3,10,3,4,7,1,1,8,2,8,19,1,22,121.5605436,25.0343863
114,12,10,08,00,05中正區,中正區中華路1段與忠孝西路1段口,0,0,2,1,C03,8,7,5,50,4,1,1,5,4,5,13,1,1,10,5,5,2,17,1,30,2,8,5,1,7,15,1,10,2,14,44,1,21,121.5101744,25.0481197
114,12,10,08,06,01大同區,大同區鄭州路與鄭州路83巷口,0,0,2,1,C03,8,6,5,30,3,2,1,5,4,5,13,4,4,1,4,5,2,17,1,55,2,5,3,4,7,6,1,10,1,12,72,1,21,121.5123779,25.04987404
114,12,10,08,18,05中正區,中正區羅斯福路1段與寧波西街口,0,0,2,1,C03,8,7,5,40,4,1,1,5,4,5,13,1,1,2,4,4,2,13,2,54,2,9,6,1,7,9,1,10,1,11,16,1,22,121.5188334,25.0317582
114,12,10,08,25,12內湖區,內湖區新湖三路219巷(新湖二路232號旁),0,0,1,1,B03,8,5,5,50,14,9,1,5,4,5,13,4,4,5,5,5,1,16,1,39,3,10,7,1,7,11,1,8,1,8,10,1,21,121.5941338,25.07089623
114,12,10,08,30,03中山區,中山區中山北路1段與長安西路口,0,0,1,1,F01,8,7,5,50,4,1,1,5,4,5,13,2,1,1,4,5,2,16,2,53,2,9,4,4,7,11,8,20,1,12,42,1,21,121.5216531,25.04997224
114,12,10,08,35,12內湖區,內湖區潭美街與安美街175巷口,0,0,1,1,C03,8,7,5,40,4,1,1,5,4,5,13,4,4,5,5,5,2,13,2,41,2,9,5,1,7,9,6,10,2,12,42,1,21,121.6005481,25.0608466
114,12,10,08,40,03中山區,中山區龍江路與龍江路384巷口,0,0,1,1,C03,8,6,5,50,4,2,1,5,4,5,13,4,4,9,5,5,2,13,2,42,2,9,6,1,7,9,1,10,1,11,16,1,21,121.540944,25.0669665
114,12,10,08,45,04大安區,大安區建國南路2段與建國南路2段151巷口,0,0,1,1,C03,8,6,5,50,14,7,1,5,4,5,13,4,4,1,4,4,1,13,1,25,2,8,6,4,7,9,1,10,1,11,16,1,21,121.5379749,25.0285729
114,12,10,08,48,02萬華區,萬華區忠孝橋往北市機車道288681燈桿,0,0,1,1,C03,8,6,7,40,14,11,1,5,4,5,13,4,4,10,5,5,1,17,1,19,3,10,3,4,7,9,1,10,1,11,42,1,22,121.5050832,25.0493237
114,12,10,09,01,06松山區,松山區市民大道4段與八德路2段346巷9弄口口,0,0,1,1,B01,8,6,5,30,3,1,1,5,4,5,13,4,4,1,4,1,1,13,1,33,3,10,7,1,7,6,1,4,2,4,72,1,21,121.5455491,25.045151
114,12,10,09,20,09北投區,北投區關渡河堤便道3014990燈桿,0,0,2,1,C03,8,6,5,30,11,9,1,5,4,5,13,4,4,10,5,5,1,11,1,18,2,7,5,1,7,9,1,10,1,11,5,1,21,121.5183568,25.04847309
114,12,10,09,28,08士林區,士林區中庸一路19號,0,0,1,1,B02,6,7,5,30,14,9,1,4,4,5,13,4,4,10,5,5,2,17,2,72,3,10,7,1,7,1,1,8,1,8,19,1,21,121.5501965,25.13420793
114,12,10,09,29,01大同區,大同區民生西路288號,0,0,1,1,,8,6,5,50,14,9,1,5,4,5,13,4,4,8,4,5,2,16,4,0,,,,,,,,,11,,119,2,,121.5127384,25.0569292
114,12,10,09,33,07信義區,信義區光復南路(國父紀念館旁),0,0,2,1,C03,8,6,5,40,14,8,1,5,4,5,13,4,4,1,4,4,2,17,1,37,2,8,3,4,7,9,1,10,1,12,108,1,22,121.5576616,25.0380285
114,12,10,09,36,01大同區,大同區台北橋機慢車道與延平北路2段口,0,0,1,1,C03,8,6,5,40,4,2,1,5,4,5,13,1,1,1,4,5,2,17,1,32,2,7,3,4,7,5,1,10,1,13,8,1,21,121.5111801,25.06279305
114,12,10,09,38,03中山區,中山區林森北路與錦州街口,0,0,1,1,B03,8,6,5,50,4,1,1,5,4,5,13,1,1,9,4,5,2,13,1,76,3,10,3,4,7,6,1,8,2,2,9,1,21,121.5251995,25.06030552
114,12,10,09,39,11南港區,南港區研究院路3段與研究院路3段161巷口口,0,0,1,1,B03,8,6,5,50,3,1,1,5,4,5,13,4,4,5,5,5,2,15,1,73,3,10,3,4,7,12,1,8,1,1,74,1,21,121.6133066,25.0338642
114,12,10,09,40,01大同區,大同區民生西路與太原路口,0,0,1,1,B01,8,7,5,50,3,1,1,5,4,5,13,1,1,5,4,5,2,16,1,67,3,10,7,1,7,11,1,2,1,2,10,1,21,121.5169647,25.0571493
114,12,10,10,20,12內湖區,內湖區成功路2段115巷47弄與成功路2段115巷49弄口,0,0,1,1,B12,8,7,5,30,3,1,1,5,4,5,13,4,4,9,5,5,2,14,1,51,3,10,3,4,7,2,1,8,2,3,12,1,21,121.5929725,25.0646464
114,12,10,11,00,03中山區,中山區民生東路2段與中原街口,0,0,1,1,B12,8,6,5,50,4,1,1,5,4,5,13,2,1,4,5,5,1,13,1,75,3,10,3,4,7,9,1,8,1,1,16,1,21,121.5290421,25.05802825
114,12,10,11,05,11南港區,南港區忠孝東路6段與忠孝東路6段322巷口,0,0,1,1,C03,8,6,4,30,3,2,1,5,4,5,13,4,4,8,3,5,2,15,2,31,2,7,3,4,7,9,1,10,2,14,72,1,21,121.5892121,25.0492242
114,12,10,11,19,03中山區,中山區中山北路3段25號,0,0,1,1,C03,8,5,5,50,14,9,1,5,4,5,13,1,1,9,4,5,2,13,1,51,3,10,6,4,7,9,1,10,2,11,16,1,21,121.5222534,25.06526144
114,12,10,11,28,12內湖區,內湖區堤頂大道2段與瑞光路478巷口,0,0,1,1,C03,8,6,5,50,3,2,1,5,4,5,13,1,1,1,4,1,2,12,2,25,2,9,5,1,7,8,1,10,1,12,100,1,21,121.5690368,25.0774668
114,12,10,11,50,01大同區,大同區重慶北路3段342巷北往南機車引道0802355燈桿,0,0,1,1,C03,8,5,5,30,11,9,1,5,4,5,13,4,4,10,4,5,2,13,1,30,2,9,5,1,7,12,1,10,2,12,118,1,21,121.5126392,25.077106
114,12,10,12,01,04大安區,大安區信義路4段與復興南路2段口,0,0,2,1,B03,8,6,8,50,4,1,1,5,4,5,13,2,1,1,4,5,2,12,4,0,,,,,,,,,11,,,,,121.5436409,25.0333534
114,12,10,12,08,11南港區,南港區市民大道7段與向陽路口,0,0,1,1,C03,8,6,5,50,4,1,1,5,4,5,13,2,1,1,4,5,2,16,1,24,3,10,3,4,7,5,1,10,1,13,71,1,21,121.5953594,25.0514398
114,12,10,12,18,03中山區,中山區林森北路263號,0,0,1,1,B03,8,5,5,50,14,9,1,5,4,5,13,1,1,9,4,5,2,12,1,64,3,10,3,4,7,9,1,8,2,1,16,1,21,121.525477,25.0547942
114,12,10,12,30,09北投區,北投區承德路7段與立賢路口,0,0,2,1,C03,8,5,5,50,4,1,1,5,4,5,13,2,1,4,3,5,1,13,1,33,2,9,5,1,7,9,1,10,1,11,99,1,21,121.5056986,25.1160435
114,12,10,12,35,04大安區,大安區仁愛路4段222巷與仁愛路4段266巷口,0,0,2,1,C03,8,7,5,50,4,1,1,5,4,5,12,4,4,5,4,5,2,15,1,48,2,9,6,1,7,9,1,10,1,11,72,1,21,121.5527571,25.0364267
114,12,10,12,46,12內湖區,內湖區內湖路1段285巷65弄與內湖路1段387巷口,0,0,1,1,C03,8,7,5,30,3,1,1,5,4,5,13,4,4,7,5,5,2,17,2,49,2,9,5,1,7,9,1,10,1,14,108,1,21,121.5706874,25.084248
114,12,10,12,53,03中山區,中山區北安路與大直街口,0,0,1,1,B01,8,6,5,50,5,2,1,5,4,5,13,2,1,8,3,5,1,17,1,55,2,9,7,1,7,9,1,4,2,2,17,1,21,121.5473317,25.0799416
114,12,10,13,23,07信義區,信義區永吉路222號,0,0,2,1,C03,8,6,5,40,14,8,1,5,4,5,13,4,4,1,4,4,1,17,2,47,2,7,3,4,7,2,1,10,1,13,12,1,22,121.5736457,25.0454813
114,12,10,14,38,09北投區,北投區石牌路1段166巷與石牌路1段166巷69弄口,0,0,2,1,C03,8,5,5,30,4,2,1,5,4,5,13,4,4,10,4,5,1,17,2,66,2,8,6,1,7,9,1,8,1,12,72,1,21,121.514693,25.1128534
114,12,10,14,44,12內湖區,內湖區永保街靠近康寧交流道出口,0,0,2,1,C03,8,7,5,50,14,9,1,5,4,5,13,4,4,10,5,5,1,12,2,44,2,8,5,1,7,15,1,10,1,12,101,1,21,121.6098957,25.0647785
114,12,10,14,55,05中正區,中正區汀州路1段與西藏路口口,0,0,1,1,B01,8,6,5,50,4,2,1,5,4,5,13,1,1,5,5,5,1,17,1,53,3,10,7,1,7,9,1,4,2,2,99,1,21,121.5067486,25.0310871
114,12,10,15,06,06松山區,松山區南京東路5段與寶清街口,0,0,1,1,B02,8,6,5,50,4,1,1,5,4,5,13,1,1,4,3,5,1,13,1,56,3,10,3,1,7,5,1,2,2,1,108,1,21,121.5684988,25.0512259
114,12,10,15,40,03中山區,中山區林森北路與中山北路2段77巷口,0,0,1,1,B01,8,7,5,50,4,2,1,5,4,5,13,4,4,9,5,5,2,16,1,62,3,10,7,1,7,5,1,4,1,4,8,1,21,121.5254901,25.0574848
114,12,10,16,10,06松山區,松山區南京東路4段16號,0,0,1,1,C03,8,6,5,50,14,9,1,5,4,5,13,4,4,1,3,4,2,13,2,48,2,9,6,1,7,9,1,10,1,11,16,1,21,121.5531536,25.0515889
114,12,10,16,20,01大同區,大同區鄭州路與鄭州路口中興醫院停車場出入口,0,0,2,1,C03,8,6,5,40,5,1,1,5,4,5,13,4,4,1,4,5,2,17,1,62,2,9,6,1,7,7,1,10,1,14,100,1,21,121.5088178,25.05050455
114,12,10,16,27,07信義區,信義區和平東路3段與信安街口,0,0,1,1,B03,8,6,8,50,4,2,1,5,4,5,13,1,1,1,4,5,2,17,1,61,3,10,7,1,7,5,1,8,1,1,8,1,22,121.5547393,25.0224449
114,12,10,16,32,10文山區,文山區指南路2段22號,0,0,1,1,C03,8,5,5,50,14,9,1,5,4,5,13,4,4,9,5,5,2,18,1,72,2,8,6,1,7,9,1,10,1,12,42,1,21,121.5746013,24.9878412
114,12,10,16,33,01大同區,大同區敦煌路80巷與哈密街23巷口,0,0,1,1,C03,7,6,5,30,4,2,1,5,4,5,13,4,4,10,5,5,2,17,2,65,2,8,6,4,7,9,1,10,1,11,72,1,21,121.5173226,25.07463167
114,12,10,17,03,02萬華區,萬華區西藏路284號,0,0,1,1,B01,8,5,5,50,14,9,1,5,4,4,13,1,1,9,4,5,2,17,1,58,3,10,7,4,7,9,1,4,1,4,108,1,21,121.5008924,25.02951977
114,12,10,17,24,11南港區,南港區重陽路223號,0,0,1,1,C03,8,5,6,50,14,9,1,5,4,5,13,4,4,9,4,5,2,16,2,61,2,8,3,4,7,5,1,10,1,11,8,1,21,121.6019538,25.0575989
114,12,10,17,30,10文山區,文山區木柵路2段138巷61號,0,0,1,1,B03,8,5,5,30,14,9,2,5,4,5,13,4,4,5,5,5,2,9,1,40,3,10,3,4,7,9,1,8,1,1,70,1,21,121.5623932,24.9873052
114,12,10,17,42,05中正區,中正區南海路與汀州路1段口,0,0,2,1,B01,8,5,5,50,4,2,1,5,4,5,13,1,1,5,4,5,2,13,1,53,3,10,7,1,7,9,1,4,1,5,108,1,22,121.5085682,25.02898565
114,12,10,17,42,09北投區,北投區明德路與振華街口,0,0,1,1,C03,8,5,5,50,4,1,1,5,4,5,13,2,1,5,5,5,2,13,2,23,2,9,6,1,7,5,1,10,1,13,8,1,22,121.5200607,25.1155396
114,12,10,18,00,08士林區,士林區承德路4段177號,0,0,2,1,B03,8,5,5,50,14,9,1,5,4,3,13,4,4,1,4,5,2,17,2,38,3,10,3,4,7,1,1,8,1,4,19,1,21,121.5228694,25.0869975
114,12,10,18,15,10文山區,文山區興隆路1段與興隆路1段202巷口,0,0,2,1,F01,8,5,5,50,3,1,1,5,4,5,13,4,4,1,4,5,2,16,1,74,2,9,4,1,7,5,8,20,1,14,8,1,21,121.5435117,25.0002834
114,12,10,18,30,07信義區,信義區忠孝東路4段516號,0,0,1,1,C03,8,5,5,50,14,9,1,5,4,5,13,2,1,1,4,5,2,18,2,24,2,8,5,1,7,9,1,10,1,14,116,1,21,121.5628192,25.0411582
114,12,10,18,39,02萬華區,萬華區永福街與柳州街口,0,0,1,1,C03,8,5,8,30,22,22,1,5,4,5,13,1,1,10,5,5,2,17,2,19,2,9,3,4,7,15,1,10,1,11,42,1,21,121.5053291,25.0382654
114,12,10,18,40,04大安區,大安區仁愛路4段與安和路1段口,0,0,1,1,B03,8,5,5,50,14,9,1,5,4,5,13,2,1,4,4,5,2,12,1,37,3,10,7,1,7,9,1,8,1,5,108,1,22,121.5517007,25.0379929
114,12,10,18,43,03中山區,中山區中山北路2段與錦西街口,0,0,1,1,C03,7,5,5,50,4,4,1,5,4,5,13,1,1,9,4,5,1,13,1,26,3,10,6,1,7,9,1,10,1,11,16,1,21,121.5228879,25.0605981
114,12,10,18,52,03中山區,中山區建國北路2段99號,0,0,2,1,C03,8,5,5,50,14,9,1,5,4,5,13,4,4,1,4,5,2,13,2,39,2,9,6,1,7,9,1,10,1,11,16,1,21,121.537217,25.058826
114,12,10,18,55,03中山區,中山區樂群三路與敬業四路口,0,0,1,1,B03,7,7,5,50,4,1,1,5,4,5,13,1,1,10,5,5,2,17,2,59,3,10,7,1,7,5,1,8,1,8,71,1,21,121.558584,25.08280312
114,12,10,19,00,12內湖區,內湖區內湖路1段739號,0,0,1,1,A02,8,5,5,50,14,9,1,5,4,5,13,4,4,1,4,5,2,12,1,52,3,10,3,4,7,9,1,2,1,5,17,1,22,121.5786201,25.0788001
114,12,10,19,03,07信義區,信義區信義路5段與基隆路1段口,0,0,1,1,C03,7,5,5,50,14,9,1,5,4,5,13,2,1,3,5,5,2,12,1,67,2,8,5,1,7,4,3,18,1,12,1,1,21,121.560181,25.0331253
114,12,10,19,20,11南港區,南港區忠孝東路7段99號,0,0,2,1,C03,8,5,5,40,14,8,1,5,4,5,13,4,4,1,4,4,2,13,1,26,2,8,6,1,7,9,1,10,2,11,107,1,21,121.5989334,25.0512585
114,12,10,19,21,07信義區,信義區松山路480號,0,0,1,1,,8,5,5,50,14,9,1,5,4,5,13,1,1,1,3,1,1,16,4,0,,,,,,,,,,,119,2,,121.5777966,25.0397126
114,12,10,19,50,07信義區,信義區東興路71號對面,0,0,1,1,C04,7,5,5,50,14,9,1,5,4,5,13,2,1,1,2,5,2,18,2,30,2,9,3,4,7,15,1,10,1,14,42,1,22,121.5668389,25.0458224
114,12,10,20,11,11南港區,南港區研究院路1段與富康街口,0,0,1,1,B03,8,5,5,50,5,1,1,5,4,5,13,1,1,3,5,5,2,16,2,64,3,10,3,4,7,5,1,8,1,5,71,1,21,121.6165422,25.0543138
114,12,10,22,32,02萬華區,萬華區堤外便道(中興橋下方）,0,0,2,1,C03,8,5,5,40,14,11,1,5,4,5,13,4,4,5,5,5,2,10,1,20,2,9,6,1,7,9,1,10,1,14,4,1,22,121.5008313,25.0445079
114,12,10,22,49,01大同區,大同區塔城街與忠孝西路1段口,0,0,2,1,C03,8,5,5,50,5,1,1,5,4,5,13,1,1,1,5,5,2,16,1,22,2,6,6,1,7,6,3,18,2,14,44,1,21,121.510177,25.0484788
114,12,11,00,44,04大安區,大安區和平東路3段與基隆路2段口,0,0,2,1,C03,8,5,5,50,4,1,1,5,4,5,13,1,1,1,3,5,2,12,1,25,2,9,3,4,7,15,1,10,1,11,101,1,22,121.5528899,25.0248798
114,12,11,03,18,06松山區,松山區東興路與東興路15巷口,0,0,1,1,B12,8,5,5,30,4,1,1,5,4,5,13,2,1,5,4,5,2,17,1,22,3,10,7,1,7,5,1,8,2,1,71,1,21,121.5653808,25.0500061
114,12,11,06,46,06松山區,松山區民生東路5段165-1號,0,0,1,1,A05,8,6,5,50,18,9,1,5,4,5,13,2,1,1,4,5,2,16,1,49,3,10,3,4,7,1,1,1,2,8,19,1,21,121.5636831,25.0592106
114,12,11,07,43,02萬華區,萬華區國興路110號,0,0,3,1,F01,7,5,5,50,14,9,1,5,4,5,13,4,4,9,5,5,2,17,1,75,2,9,4,1,7,1,8,20,1,12,19,1,21,121.505612,25.0270677
114,12,11,07,44,12內湖區,內湖區成功路2段115巷49弄8號,0,0,1,1,B03,8,6,5,30,14,9,1,5,4,5,13,4,4,9,4,5,2,12,2,46,3,10,7,1,7,9,1,8,1,5,16,1,21,121.5927526,25.0646962
114,12,11,07,45,08士林區,士林區雙溪街與雨農橋口,0,0,1,1,B03,8,6,5,30,3,2,1,5,4,5,13,4,4,3,5,5,1,17,1,59,3,10,7,1,7,6,1,8,1,5,17,1,21,121.5328217,25.1008628
114,12,11,08,07,02萬華區,萬華區西藏路與艋舺大道口,0,0,2,1,H01,8,6,5,50,4,2,1,5,4,5,13,1,1,10,4,4,1,9,1,68,2,9,4,5,8,16,8,20,1,16,122,1,22,121.4919123,25.0289667
114,12,11,08,10,11南港區,南港區興華路與重陽路口,0,0,1,1,B03,8,7,5,50,4,1,1,5,4,5,13,2,1,9,4,5,2,16,2,53,3,10,7,1,7,5,1,8,1,8,8,1,21,121.6053128,25.057873
114,12,11,08,30,07信義區,信義區崇德街與嘉興街口,0,0,1,1,B03,8,6,5,50,4,1,1,5,4,5,13,1,1,9,5,5,2,17,1,65,3,10,3,4,7,5,1,8,1,6,71,1,22,121.5555321,25.0241566
114,12,11,08,35,10文山區,文山區萬美街1段(120號停車格）,0,0,1,1,C03,8,6,5,40,14,9,2,5,4,5,13,4,4,5,5,5,2,17,1,27,2,9,5,4,7,9,1,10,1,11,16,1,21,121.564985,25.0014818
114,12,11,08,36,06松山區,松山區市民大道4段與八德路3段158巷口,0,0,2,1,C04,8,6,5,30,3,1,1,5,4,5,13,4,4,1,4,5,2,17,1,30,2,9,6,1,7,6,1,9,2,13,72,1,21,121.5554575,25.04477554
114,12,11,08,47,05中正區,中正區中山南路7號,0,0,3,1,C03,7,6,5,50,14,9,1,5,4,5,13,4,4,6,5,5,2,13,1,27,2,8,5,1,7,9,1,10,2,11,44,1,22,121.5184644,25.0413777
114,12,11,08,50,12內湖區,內湖區五分街15號與東湖路16巷口,0,0,1,1,B03,8,7,5,50,3,2,1,5,4,5,13,2,1,5,5,5,2,14,1,65,3,10,7,1,7,2,1,8,2,3,12,1,21,121.6125793,25.0676836
114,12,11,08,55,02萬華區,萬華區東園街與萬大路口,0,0,1,1,C03,8,6,5,30,4,2,1,5,4,5,13,1,1,5,4,5,1,17,1,23,2,9,3,4,7,9,1,10,1,11,42,1,22,121.4987717,25.0217451
114,12,11,08,59,12內湖區,內湖區舊宗路2段與舊宗路2段213巷口,0,0,1,1,C03,8,7,5,50,3,1,1,5,4,5,13,4,4,9,4,5,2,13,2,32,3,10,3,4,7,6,1,10,1,13,74,1,21,121.5737558,25.0727844
114,12,11,09,00,11南港區,南港區昆陽街157巷與昆陽街口,0,0,2,1,C03,8,7,5,50,3,1,1,5,4,5,13,1,1,5,4,5,2,16,2,23,2,8,5,1,7,5,1,10,1,12,8,1,21,121.5944889,25.0495262
114,12,11,09,05,03中山區,中山區遼寧街與龍江路45巷口,0,0,2,1,C03,8,6,5,30,4,1,1,5,4,5,13,4,4,9,5,5,2,15,1,43,2,8,6,1,7,9,1,10,1,11,72,1,21,121.5421429,25.0491614
114,12,11,09,17,03中山區,中山區林森北路67巷與長安東路1段30巷口,0,0,1,1,C03,8,7,5,30,4,1,1,5,4,5,13,4,4,10,5,5,2,15,1,32,3,10,6,4,7,9,1,10,2,13,72,1,21,121.5262475,25.04824347
114,12,11,09,25,08士林區,士林區文林路與文林路661巷口,0,0,1,1,A02,8,6,5,50,3,2,1,5,4,5,13,1,1,5,4,5,2,17,1,32,3,10,7,1,7,8,1,2,2,17,100,1,22,121.5223521,25.1008462