發生年度,發生月,發生日,發生時-Hours,發生分,區序,肇事地點,死亡人數,2-30日死亡人數,受傷人數,當事人序號,車種,天候,光線,道路類別,速限-速度限制,道路型態,事故位置,路面狀況1,路面狀況2,路面狀況3,道路障礙1,道路障礙2,號誌1,號誌2,車道劃分-分向,車道劃分-分道1,車道劃分-分道2,車道劃分-分道3,事故類型及型態,性別,年齡,受傷程度,主要傷處,保護裝置,行動電話,車輛用途,當事者行動狀態,駕駛資格情形,駕駛執照種類,飲酒情形,車輛撞擊部位1,肇因碼-個別,個人肇逃否,職業,座標-X,座標-Y
114,12,11,09,40,03中山區,中山區樂群二路與敬業四路口,0,0,2,1,C04,8,6,5,50,3,1,1,5,4,5,13,2,1,1,4,5,2,17,2,36,2,9,5,1,7,7,1,10,1,14,103,1,21,121.5442711,25.07964067
114,12,11,10,11,07信義區,信義區基隆路1段131號,0,0,2,1,C03,8,6,5,50,14,9,1,5,4,5,13,4,4,2,4,5,2,13,1,35,2,9,6,1,7,9,1,10,1,11,16,1,22,121.5664231,25.0441925
114,12,11,10,17,03中山區,中山區松江路362巷與民權東路2段92巷口,0,0,1,1,F01,8,7,5,30,4,1,1,5,4,5,13,4,4,10,5,5,2,17,2,60,2,9,4,1,7,9,8,20,1,11,4,1,21,121.5317148,25.0619744
114,12,11,11,35,07信義區,信義區基隆路2段107-4號,0,0,1,1,C03,8,7,5,50,14,9,1,5,4,5,13,1,1,1,4,5,2,18,1,83,2,9,5,1,7,9,1,10,1,12,101,1,21,121.5574401,25.0293035
114,12,11,11,40,09北投區,北投區文林北路123號,0,0,2,1,C03,8,6,5,50,14,7,1,5,4,5,13,4,4,1,4,4,2,13,1,35,2,9,5,1,7,8,1,10,2,13,80,1,21,121.5158363,25.1066024
114,12,11,11,45,03中山區,中山區民權東路3段與復興北路口,0,0,1,1,C01,8,7,5,50,4,1,1,5,4,5,13,2,1,9,5,5,2,17,1,33,3,10,5,1,7,9,1,9,1,11,16,1,21,121.5439688,25.0621874
114,12,11,11,50,07信義區,信義區松壽路與松壽路口1號停車場出入口,0,0,1,1,C03,8,7,5,50,4,1,1,5,4,5,13,4,4,5,4,5,2,17,2,54,2,8,3,4,7,5,1,10,1,11,44,1,21,121.5630866,25.0359856
114,12,11,11,52,07信義區,信義區林口街與林口街66巷口,0,0,1,1,C03,8,6,5,40,4,2,1,5,4,5,13,4,4,5,5,4,1,13,1,43,2,7,3,4,7,9,1,10,1,11,16,1,22,121.5793081,25.0386048
114,12,11,12,53,01大同區,大同區重慶北路3段與民族西路221巷口,0,0,1,1,B13,8,6,5,50,3,2,1,5,4,5,13,4,4,1,4,5,2,17,1,33,3,10,3,4,7,6,1,8,1,2,9,1,21,121.5136625,25.06960879
114,12,11,13,17,03中山區,中山區南京東路1段1巷與中山北路2段27巷口,0,0,1,1,B12,8,6,5,30,4,1,1,5,4,5,13,4,4,10,5,5,2,15,1,48,3,10,7,1,7,9,1,8,1,1,72,1,21,121.5230829,25.053198
114,12,11,13,20,02萬華區,萬華區桂林路242巷與環河南路1段348巷口,0,0,3,1,C03,8,7,5,50,5,1,1,5,4,5,13,1,1,1,1,5,2,15,1,22,2,5,5,1,7,1,1,10,1,11,98,1,22,121.495958,25.0389103
114,12,11,13,36,12內湖區,內湖區康樂街61巷與康樂街口,0,0,1,1,B03,8,7,5,50,4,1,1,5,4,5,13,1,1,9,4,5,2,16,1,48,3,10,3,4,7,5,1,8,2,2,71,1,21,121.6185228,25.0687154
114,12,11,13,45,08士林區,士林區文林路770巷與克強路口,0,0,1,1,C03,8,6,5,30,4,2,1,5,4,5,13,4,4,10,4,5,1,17,2,20,2,9,6,1,7,9,1,10,2,12,72,1,21,121.5225082,25.10921867
114,12,11,14,19,04大安區,大安區市民大道3段198號,0,0,3,1,B01,8,5,5,40,14,9,1,5,4,5,13,4,4,1,4,1,1,17,1,47,3,10,7,1,7,9,1,4,1,1,16,1,21,121.5381425,25.0445753
114,12,11,14,20,07信義區,信義區松山路292巷1號,0,0,1,1,F02,7,7,5,50,14,9,1,5,4,5,13,4,4,10,5,5,2,18,2,51,2,3,4,1,7,9,8,20,1,14,16,1,21,121.5775661,25.0432906
114,12,11,14,50,07信義區,信義區忠孝東路5段623號,0,0,1,1,C03,8,5,5,50,14,7,1,5,4,5,13,4,4,1,4,1,2,18,1,56,2,1,6,1,7,14,1,10,1,12,22,1,22,121.5792495,25.0416445
114,12,11,14,55,09北投區,北投區大度路3段156號到157號燈桿間,0,0,1,1,B03,8,6,5,50,14,9,1,5,4,5,13,4,4,9,4,5,1,17,1,55,3,10,7,1,7,8,1,8,1,17,100,1,21,121.4851935,25.1218612
114,12,11,15,26,08士林區,士林區至善路3段與至善路3段71巷11弄口,0,0,1,1,C03,8,6,5,50,3,1,1,5,4,5,13,4,4,1,4,5,2,13,1,58,2,9,3,4,7,9,1,10,2,11,16,1,21,121.5645699,25.1128208
114,12,11,15,32,05中正區,中正區羅斯福路4段76號(捷運公館站),0,0,1,1,A02,8,6,5,40,14,10,1,5,4,5,13,1,1,3,1,5,1,9,1,49,3,10,7,1,7,12,1,2,1,17,118,1,21,121.5349089,25.0141992
114,12,11,15,33,08士林區,士林區小北街與文林路口,0,0,2,1,B03,8,6,5,50,4,1,1,5,4,5,13,1,1,5,5,5,2,16,1,49,3,10,7,1,7,5,1,8,1,1,71,1,21,121.5269693,25.0902783
114,12,11,16,15,11南港區,南港區南港路1段與惠民街口,0,0,1,1,C03,8,7,5,50,3,1,1,5,4,5,13,2,1,5,4,5,2,17,1,21,2,8,5,1,7,9,1,10,1,11,108,1,21,121.6102935,25.0549684
114,12,11,16,17,01大同區,大同區民族西路34號,0,0,3,1,C03,8,6,5,50,14,9,1,5,4,5,13,2,1,9,4,5,2,17,2,52,2,9,6,4,7,5,1,10,1,11,8,1,21,121.5195357,25.0684398
114,12,11,16,37,02萬華區,萬華區艋舺大道206號,0,0,1,1,B03,8,6,5,50,3,1,1,5,4,5,13,4,4,1,4,4,2,16,1,49,3,10,3,4,7,6,1,8,2,5,9,1,22,121.4992817,25.0328977
114,12,11,16,48,01大同區,大同區民權西路91號,0,0,2,1,B03,8,5,5,50,14,9,1,5,4,5,13,4,4,1,5,5,2,17,1,58,3,10,7,1,7,1,1,8,2,17,19,1,21,121.5189583,25.0629665
114,12,11,16,48,12內湖區,內湖區民權東路6段180巷與民權東路6段180巷21弄口,0,0,1,1,B03,8,7,5,30,3,2,1,5,4,5,13,4,4,10,5,5,2,17,1,62,3,10,7,1,7,9,1,8,2,5,16,1,21,121.5928934,25.0681277
114,12,11,16,56,12內湖區,內湖區民權東路6段136巷與民權東路6段136巷33弄口,0,0,1,1,G06,8,6,5,50,3,1,1,5,4,5,13,4,4,10,3,5,1,16,2,44,2,9,4,1,7,9,8,20,2,16,4,1,21,121.5878077,25.0673181
114,12,11,17,25,04大安區,大安區建國南路1段與新生南路1段161巷口,0,0,1,1,C03,8,5,5,50,4,2,1,5,4,5,13,2,1,8,3,5,1,17,1,48,3,10,3,4,7,15,1,10,1,13,44,1,21,121.537536,25.034604
114,12,11,17,36,04大安區,大安區辛亥路3段與基隆路3段口,0,0,1,1,A02,8,5,5,50,4,1,1,5,4,5,13,2,1,1,4,5,2,9,1,43,3,10,7,1,7,9,1,2,9,17,44,1,21,121.5470331,25.0191019
114,12,11,17,42,05中正區,中正區和平西路2段與南海路口,0,0,2,1,C03,8,5,5,30,4,1,1,5,4,5,13,1,1,10,4,5,2,13,2,41,2,9,5,1,7,9,1,10,1,11,108,1,21,121.5096452,25.0306635
114,12,11,17,50,12內湖區,內湖區康寧路3段165巷與康寧路3段189巷口,0,0,1,1,C03,8,5,5,30,3,2,1,5,4,5,13,4,4,10,5,5,2,17,1,39,2,9,5,1,7,9,1,10,2,13,44,1,21,121.61273,25.0716933
114,12,11,17,56,12內湖區,內湖區南京東路6段與行善路59巷口,0,0,1,1,C02,8,5,5,30,3,1,1,5,4,5,13,4,4,10,4,5,2,18,1,26,2,9,6,1,7,9,1,9,2,14,13,1,22,121.5782416,25.0558756
114,12,11,18,03,06松山區,松山區民權東路3段與復興北路口,0,0,1,1,C03,7,5,5,50,4,1,1,5,4,5,13,1,1,1,4,5,2,17,4,0,,,,,,,,,9,,119,2,,121.5443584,25.0622084
114,12,11,18,10,08士林區,士林區至善路3段13號附近側附近,0,0,1,1,C03,7,5,5,40,14,9,1,5,4,5,13,4,4,5,4,5,1,17,1,19,2,9,6,1,7,9,1,10,2,12,108,1,21,121.5622212,25.11221101
114,12,11,18,10,12內湖區,內湖區南湖大橋下橋處,0,0,1,1,B03,7,5,5,50,14,9,1,4,4,5,13,2,1,1,4,5,2,17,2,43,3,10,7,1,7,9,1,8,1,1,118,1,21,121.6110664,25.0647354
114,12,11,18,15,07信義區,信義區信安街116號附近側附近,0,0,1,1,C03,8,5,5,50,14,9,1,5,4,5,13,4,4,8,3,5,2,17,2,45,2,8,3,4,7,9,1,10,1,11,116,1,21,121.5561818,25.0248924
114,12,11,18,30,12內湖區,內湖區康寧路3段35號,0,0,2,1,A04,8,5,5,50,14,9,1,5,4,4,13,4,4,1,4,4,2,17,1,48,3,10,7,1,7,14,1,2,9,17,38,1,21,121.6075001,25.0726482
114,12,11,18,32,03中山區,中山區建國北路1段與建國北路1段88巷口,0,0,2,1,C03,7,5,5,50,4,1,1,5,4,5,13,1,1,1,4,5,2,17,1,35,2,9,6,1,7,9,1,10,1,11,16,1,21,121.5365531,25.04967593
114,12,11,18,40,05中正區,中正區桃源街與延平南路121巷口口,0,0,1,1,C03,8,5,5,50,3,2,1,5,4,5,13,4,4,8,4,5,2,17,2,48,3,10,6,1,7,15,1,10,1,12,80,1,21,121.5101991,25.0394717
114,12,11,18,50,12內湖區,內湖區民權東路6段與民權東路6段190巷口,0,0,2,1,C03,7,5,5,50,3,2,1,5,4,5,13,4,4,1,3,5,1,17,1,33,2,9,6,1,7,9,5,18,2,14,101,1,21,121.5942204,25.0687534
114,12,11,19,35,02萬華區,萬華區桂林路與康定路口,0,0,1,1,C03,8,5,5,50,4,2,1,5,4,5,13,2,1,5,5,5,2,17,2,46,2,9,6,1,7,10,1,10,1,13,16,1,21,121.4955306,25.03699053
114,12,11,19,35,11南港區,南港區經貿二路196號,0,0,1,1,B03,8,5,8,50,22,22,1,5,4,5,13,2,1,5,4,5,2,16,1,61,3,10,3,4,7,6,1,8,1,2,9,1,21,121.6148758,25.0600355
114,12,11,20,07,01大同區,大同區承德路1段69巷19號,0,0,1,1,F02,8,5,5,30,14,9,1,5,4,5,13,4,4,10,5,5,2,18,1,62,2,1,4,1,7,15,8,20,6,15,44,1,21,121.5179775,25.0518108
114,12,11,20,11,03中山區,中山區林森北路與德惠街口,0,0,1,1,B03,7,5,5,50,4,1,1,5,4,5,13,1,1,9,5,5,2,2,2,71,3,10,7,1,7,5,1,8,1,8,44,1,21,121.5257043,25.06675403
114,12,11,20,26,03中山區,中山區中山北路2段與中山北路2段116巷口口,0,0,2,1,B03,8,5,5,50,3,1,2,5,4,5,13,4,4,5,4,5,2,17,1,34,3,10,3,4,7,6,1,8,1,5,9,1,21,121.5228221,25.0610001
114,12,11,20,26,10文山區,文山區羅斯福路6段389號,0,0,1,1,A02,8,5,5,50,14,9,1,5,4,5,13,4,4,1,4,5,2,18,1,58,3,10,7,1,7,1,1,1,11,17,36,1,21,121.5407698,24.9924713
114,12,11,20,28,07信義區,信義區信安街116號,0,0,2,1,H01,7,5,5,50,14,9,1,5,4,5,13,4,4,4,5,5,2,3,2,47,2,7,4,5,8,20,8,20,10,16,121,1,21,121.5561893,25.0249455
114,12,11,20,45,08士林區,士林區天母東路與天母東路43巷口,0,0,1,1,B01,8,5,5,50,3,1,1,5,4,5,13,1,1,1,5,5,1,16,1,60,3,10,7,1,7,5,1,8,1,4,44,1,21,121.532429,25.11812468
114,12,11,20,46,12內湖區,內湖區民權東路6段180巷與民權東路6段180巷77弄口,0,0,1,1,B03,8,5,5,50,4,1,1,5,4,5,13,4,4,5,5,5,2,17,2,63,3,10,7,1,7,5,1,8,5,2,80,1,22,121.5926461,25.0663773
114,12,11,21,10,04大安區,大安區忠孝東路4段222號,0,0,1,1,A02,7,5,5,50,14,9,1,5,4,5,13,4,4,1,4,5,1,9,1,59,3,10,3,4,7,14,1,2,1,2,40,1,22,121.553819,25.0413481
114,12,11,21,30,10文山區,文山區羅斯福路5段與汀州路4段口口,0,0,1,1,C03,6,5,5,50,4,1,1,4,4,5,13,1,1,1,4,5,2,18,1,25,2,8,6,1,7,9,1,10,1,12,44,1,22,121.5380566,25.0080665
114,12,11,21,35,07信義區,信義區松信路83號,0,0,1,1,C03,8,5,5,50,14,9,1,5,4,5,13,4,4,5,5,5,2,16,1,26,2,7,3,4,7,9,1,10,1,11,16,1,21,121.5721575,25.045924
114,12,11,21,53,03中山區,中山區林森北路與新生北路3段68巷口,0,0,2,1,C03,7,5,5,50,4,1,1,5,4,5,13,4,4,5,5,5,2,12,2,33,2,9,3,4,7,9,1,10,2,17,17,1,21,121.5257385,25.0661269
114,12,11,21,55,07信義區,信義區市民大道6段與松信路口,0,0,2,1,C03,8,5,5,40,4,1,1,5,4,5,13,1,1,1,4,1,1,16,1,47,2,8,6,1,7,5,1,10,1,14,86,1,21,121.5722375,25.049225
114,12,11,22,04,04大安區,大安區和平東路3段與臥龍街口,0,0,3,1,C03,8,5,5,50,4,2,1,5,4,5,13,2,1,1,4,5,2,17,1,20,2,9,5,1,7,11,1,10,1,12,10,1,22,121.5471868,25.024549
114,12,11,22,27,01大同區,大同區鄭州路與承德路1段口,0,0,2,1,H01,8,5,5,40,4,2,1,5,4,5,13,1,1,1,4,5,2,3,1,16,3,10,4,5,8,16,8,20,2,16,53,1,21,121.5162318,25.0489187
114,12,11,22,36,01大同區,大同區大龍街與酒泉街口,0,0,1,1,B12,7,5,5,30,4,2,1,5,4,5,13,2,1,5,2,5,2,9,1,66,3,10,7,4,7,9,1,8,9,6,44,1,21,121.5160574,25.0723151
114,12,11,23,16,03中山區,中山區北安路與大直街口,0,0,1,1,B03,7,5,5,50,4,1,1,5,4,5,13,1,1,3,4,5,2,17,1,27,3,10,7,1,7,5,1,8,1,6,85,1,21,121.5472554,25.07982964
114,12,11,23,25,05中正區,中正區三元街與南海路口,0,0,1,1,C03,8,6,5,50,5,1,1,5,4,5,13,1,1,5,4,5,2,16,1,19,3,10,5,1,7,6,1,10,1,12,9,1,21,121.5089027,25.0298208
114,12,12,00,50,04大安區,大安區敦化南路1段187巷與忠孝東路4段223巷口,0,0,2,1,B01,8,5,5,30,4,1,1,5,4,5,13,4,4,10,5,5,2,15,1,65,2,7,7,1,7,9,1,4,1,6,72,1,21,121.5529519,25.0425343
114,12,12,05,55,08士林區,士林區平菁街140號,0,0,1,1,C02,8,5,5,50,11,9,1,4,4,4,13,4,4,8,3,5,2,18,1,42,2,9,5,1,7,9,1,9,1,14,44,1,22,121.5719785,25.1218225
114,12,12,07,02,08士林區,士林區中山北路5段與文林路口,0,0,1,1,B02,8,6,5,50,3,2,1,5,4,5,13,1,1,10,4,5,1,17,1,62,3,10,7,1,7,9,1,8,1,1,16,1,21,121.5257741,25.0860761
114,12,12,07,15,08士林區,士林區陽明路1段與陽明路1段43巷口,0,0,1,1,B03,6,6,5,40,3,1,1,4,4,5,13,3,1,5,5,5,2,17,1,44,3,10,7,1,7,5,1,8,2,8,8,1,22,121.5493952,25.1490578
114,12,12,07,31,06松山區,松山區民生東路3段126號,0,0,1,1,A05,8,6,5,50,14,9,1,5,4,5,13,4,4,1,4,5,2,12,2,56,3,10,7,1,7,7,1,2,1,5,17,1,21,121.5456185,25.0576557
114,12,12,07,33,01大同區,大同區延平北路2段43巷與南京西路185巷口,0,0,2,1,C03,8,5,5,30,4,1,1,5,4,5,13,4,4,10,5,5,2,15,2,37,2,9,5,1,7,9,1,10,1,14,72,1,21,121.5122365,25.0551649
114,12,12,08,00,07信義區,信義區松壽路與松智路口,0,0,1,1,A02,7,5,5,50,4,1,1,5,4,5,13,1,1,5,4,5,2,17,2,65,3,10,7,1,7,6,1,2,1,2,107,1,21,121.5655587,25.0359511
114,12,12,08,28,11南港區,南港區東新街與東新街180巷口口,0,0,1,1,C03,7,6,5,30,3,1,1,5,4,5,13,4,4,5,4,5,2,17,1,24,3,10,6,1,7,5,1,10,1,13,72,1,21,121.5929972,25.0462211
114,12,12,08,30,01大同區,大同區民權西路136號,0,0,1,1,C03,7,6,5,50,14,9,1,5,4,5,13,4,4,1,4,5,2,18,1,23,2,8,5,4,7,9,1,10,1,14,42,1,21,121.5164825,25.0628729
114,12,12,08,30,05中正區,中正區青島東路1號對面,0,0,2,1,C03,8,7,5,40,14,7,1,5,4,5,13,4,4,9,4,4,2,16,1,45,2,9,6,1,7,11,1,9,2,13,10,1,21,121.5201801,25.0442784
114,12,12,08,33,08士林區,士林區大東路66號,0,0,1,1,C03,7,5,5,30,14,9,2,5,4,5,13,4,4,10,5,5,2,2,1,84,3,10,3,4,7,9,1,10,11,12,108,2,22,121.5255867,25.0901855
114,12,12,08,34,07信義區,信義區崇德街與崇德街146巷口,0,0,1,1,B03,7,6,5,30,4,1,1,5,4,5,13,4,4,10,5,5,2,17,2,33,3,10,3,4,7,5,1,8,2,4,72,1,22,121.5568012,25.0235903
114,12,12,08,42,05中正區,中正區汀州路2段與牯嶺街口,0,0,2,1,C03,8,7,5,50,4,1,1,5,4,5,13,2,1,5,4,5,2,16,1,35,2,9,5,1,7,6,1,10,1,12,42,1,21,121.5191197,25.0250807
114,12,12,08,56,02萬華區,萬華區水源路與中華路2段口,0,0,2,1,C04,8,6,5,40,4,2,1,5,4,5,13,2,1,1,5,4,2,17,2,74,2,9,6,1,7,5,1,11,1,14,8,1,21,121.5119666,25.0241571
114,12,12,09,05,01大同區,大同區長安西路328號,0,0,1,1,C03,7,6,5,50,14,9,1,5,4,5,13,4,4,5,2,5,2,17,1,54,2,9,5,4,7,9,1,10,1,11,108,1,21,121.511268,25.0520266
114,12,12,09,52,06松山區,松山區南京東路4段75號,0,0,1,1,C03,7,6,5,40,14,8,1,5,4,5,13,4,4,3,4,4,2,13,2,44,2,7,6,1,7,9,1,10,1,11,16,1,21,121.5534601,25.0517532
114,12,12,09,55,08士林區,士林區延平北路5段與中正路口,0,0,1,1,C03,7,6,5,50,4,1,1,5,4,5,13,1,1,10,2,5,2,13,1,19,3,10,6,1,7,9,1,10,1,11,16,1,22,121.5090306,25.0865262
114,12,12,10,03,08士林區,士林區中正路與基河路口,0,0,1,1,C03,8,5,5,50,4,2,1,5,4,5,13,1,1,10,4,4,1,17,2,57,2,9,6,1,7,9,1,10,9,11,16,1,21,121.5200874,25.09330251
114,12,12,10,04,05中正區,中正區羅斯福路4段與基隆路4段口,0,0,1,1,A02,7,7,5,40,4,1,1,5,4,5,13,1,1,2,1,5,2,16,1,61,3,10,7,1,7,9,1,2,1,2,81,1,22,121.5370397,25.0113588
114,12,12,10,15,08士林區,士林區文昌路與文昌路154巷口,0,0,2,1,C03,7,5,8,50,22,22,1,5,4,5,13,4,4,5,5,5,1,17,1,60,2,6,5,1,7,9,1,10,1,11,72,1,21,121.5204196,25.0976987
114,12,12,10,34,08士林區,士林區承德路4段與中正路口,0,0,1,1,B12,7,5,5,50,5,1,1,5,4,5,13,4,4,1,4,5,2,16,1,55,3,10,7,1,7,6,1,8,2,3,9,1,21,121.5161016,25.0906185
114,12,12,10,35,12內湖區,內湖區潭美街與成美橋口,0,0,1,1,B13,6,6,5,40,3,1,1,4,4,5,13,2,1,5,5,5,2,17,1,58,3,10,7,1,7,6,1,8,1,5,9,1,21,121.5866553,25.04649461
114,12,12,11,10,03中山區,中山區建國北路2段與錦州街口,0,0,2,1,B03,6,6,5,50,4,1,1,4,4,5,13,2,1,1,5,5,2,16,1,74,3,10,7,1,7,6,1,8,1,2,9,1,21,121.5366007,25.0603378
114,12,12,11,52,04大安區,大安區臥龍街131巷13弄9號,0,0,1,1,B03,6,6,8,30,22,22,1,4,4,5,13,4,4,1,5,5,2,16,1,33,3,10,7,1,7,5,1,8,1,8,8,1,21,121.5513871,25.0196492
114,12,12,11,55,12內湖區,內湖區康樂街136巷30弄61號,0,0,1,1,B03,6,6,6,30,14,9,1,4,4,5,13,4,4,10,5,5,2,38,1,34,2,9,3,4,7,9,1,8,6,5,21,1,22,121.6178926,25.0710426
114,12,12,12,22,04大安區,大安區基隆路4段156號前,0,0,1,1,B03,6,7,5,50,14,9,1,4,4,5,13,4,4,10,4,5,2,17,1,68,3,10,7,1,7,7,1,8,9,17,100,2,21,121.537595,25.0119365
114,12,12,13,18,06松山區,松山區撫遠街389巷與撫遠街口,0,0,1,1,C03,6,6,5,20,4,1,1,4,4,5,13,4,4,8,3,5,1,2,1,47,3,10,3,1,7,6,1,10,2,11,9,2,21,121.5657468,25.0649991
114,12,12,13,31,02萬華區,萬華區西園路2段與西藏路口,0,0,1,1,A41,8,7,5,50,4,1,1,5,4,5,13,1,1,1,1,5,2,12,1,34,3,10,7,1,7,9,1,1,1,5,44,1,22,121.49569,25.0287668
114,12,12,14,04,02萬華區,萬華區內江街與內江街55巷口,0,0,1,1,B12,6,6,5,50,4,1,1,4,4,5,13,4,4,10,4,5,2,17,1,45,3,10,3,4,7,8,1,4,9,17,42,1,22,121.5052086,25.0415697
114,12,12,14,17,05中正區,中正區忠孝東路2段5號,0,0,1,1,C03,7,6,5,50,14,9,1,5,4,5,13,4,4,3,4,5,2,13,1,20,2,9,5,1,7,9,1,10,2,11,44,1,22,121.5273732,25.0438964
114,12,12,14,33,05中正區,中正區忠孝東路2段與金山南路1段口,0,0,1,1,B03,6,6,5,50,4,1,1,4,4,5,13,2,2,1,4,5,2,16,1,42,3,10,7,1,7,6,1,8,2,2,9,1,22,121.5297459,25.04310963
114,12,12,14,44,05中正區,中正區新生南路1段與濟南路2段口,0,0,1,1,B03,6,7,6,50,4,1,1,4,4,5,13,1,2,10,5,5,2,17,2,36,3,10,7,1,7,5,1,8,2,2,44,1,21,121.5326846,25.0401945
114,12,12,14,49,01大同區,大同區哈密街59巷與敦煌路口口,0,0,2,1,C03,7,6,5,30,4,1,1,5,4,5,13,4,4,10,5,5,2,15,2,55,2,7,5,1,7,9,1,10,2,11,72,1,21,121.5157717,25.0762708
114,12,12,15,09,01大同區,大同區延平北路1段與甘谷街口,0,0,1,1,B01,7,5,5,50,4,2,1,4,4,5,13,4,4,5,5,5,2,12,1,66,3,10,7,1,7,1,1,4,2,8,19,1,21,121.5118034,25.0527211
114,12,12,15,10,05中正區,中正區愛國西路與延平南路口,0,0,1,1,B01,6,6,5,50,4,1,1,4,4,5,13,2,1,10,5,5,2,17,1,55,3,10,3,4,7,14,1,4,2,15,80,1,21,121.5081954,25.0370376
114,12,12,15,23,11南港區,南港區玉成街與南港路3段口,0,0,1,1,B12,6,6,5,50,4,18,1,4,4,5,13,2,1,5,5,5,2,3,1,58,3,10,3,4,7,5,1,8,1,8,70,1,22,121.58137,25.0515988
114,12,12,15,36,11南港區,南港區南港路2段與南港路2段86巷口,0,0,2,1,H01,6,6,5,50,3,18,1,4,4,5,13,2,1,5,4,4,2,3,2,57,2,9,4,5,8,16,8,20,10,16,122,1,21,121.6033834,25.0537386
114,12,12,15,37,12內湖區,內湖區環山路1段與環山路1段9巷口,0,0,1,1,C03,6,6,5,30,3,1,1,4,4,5,13,4,4,10,5,5,2,3,1,63,3,10,5,1,7,6,1,10,2,11,70,1,21,121.5656512,25.0830329
114,12,12,15,40,05中正區,中正區重慶南路1段與寶慶路口,0,0,1,1,C03,8,7,5,50,14,9,1,5,4,5,13,1,1,4,3,5,2,17,1,36,2,8,5,1,7,9,1,10,2,12,44,1,26,121.5129798,25.040691
114,12,12,15,40,06松山區,松山區市民大道4段與敦化南路1段口,0,0,1,1,C03,6,7,5,40,4,1,1,4,4,5,13,1,1,1,4,5,2,12,1,70,2,9,5,1,7,9,1,10,1,11,17,1,26,121.5491688,25.0449043
114,12,12,15,56,07信義區,信義區基隆路1段155號,0,0,1,1,B03,6,5,5,50,14,9,1,4,4,5,13,4,4,9,4,5,2,17,1,54,3,10,7,1,7,8,1,8,1,5,100,1,22,121.5652623,25.0421818
114,12,12,16,10,03中山區,中山區民權東路3段往西，榮星花園旁,0,0,1,1,C03,6,6,5,50,14,9,1,4,4,5,13,4,4,1,4,5,2,16,2,55,2,9,5,1,7,7,1,10,2,13,44,1,21,121.5380378,25.0624742
114,12,12,16,30,12內湖區,內湖區環山路2段109巷與環山路2段109巷6弄口,0,0,1,1,C03,6,6,5,30,4,1,1,4,4,5,13,4,4,10,5,5,2,15,1,50,2,9,6,1,7,9,1,10,2,12,72,1,21,121.5758208,25.0839215
114,12,12,16,57,05中正區,中正區重慶南路1段與開封街1段口,0,0,1,1,C03,6,5,5,50,4,1,1,4,4,5,13,2,1,10,4,5,2,12,1,38,3,10,5,1,7,8,1,10,2,13,100,1,22,121.5136261,25.04618835
114,12,12,17,00,03中山區,中山區中山北路2段92號,0,0,1,1,C03,6,5,5,50,14,9,1,4,4,5,13,4,4,10,5,4,2,17,2,35,3,10,5,1,7,8,1,10,9,15,44,1,21,121.5227405,25.0587572
114,12,12,17,05,03中山區,中山區北安路與北安路759巷口,0,0,1,1,B03,6,5,5,50,4,1,1,4,4,5,13,2,1,1,2,1,2,17,1,79,3,10,7,1,7,9,1,8,1,2,108,1,21,121.5525854,25.08554611
114,12,12,17,07,06松山區,松山區市民大道4段與敦化南路1段100巷5弄口,0,0,1,1,C03,6,5,5,40,3,2,1,4,4,5,13,4,4,1,4,5,2,16,1,30,2,9,6,1,7,9,3,18,2,14,44,1,22,121.5472779,25.0451625
114,12,12,17,22,02萬華區,萬華區環河快速道路往北第6010971燈桿前,0,0,2,1,B03,6,5,7,70,14,7,1,4,4,5,13,4,4,1,4,5,1,17,1,54,3,10,3,4,7,9,1,8,1,1,16,1,22,121.4945761,25.038048
114,12,12,17,25,03中山區,中山區民生東路2段與吉林路口,0,0,1,1,C03,8,5,5,50,4,1,1,5,4,5,13,2,1,4,1,5,2,17,2,54,2,9,5,1,7,5,3,18,1,12,4,1,21,121.5301313,25.0579221
114,12,12,17,33,06松山區,松山區光復南路55-2號,0,0,2,1,B03,6,5,5,50,14,9,1,4,4,5,13,4,4,1,4,5,2,17,1,48,3,10,7,1,7,14,1,8,1,4,40,1,25,121.5578616,25.0458679
114,12,12,17,37,12內湖區,內湖區文德路208巷20號對面,0,0,2,1,C03,6,5,5,50,14,9,1,4,4,5,13,4,4,9,4,4,2,13,1,30,2,9,6,1,7,9,1,10,1,11,16,1,21,121.5836177,25.0773026
114,12,12,17,40,03中山區,中山區民生東路3段與合江街口,0,0,1,1,B03,6,5,5,50,4,1,1,4,4,5,13,1,1,9,5,5,2,17,1,54,3,10,7,1,7,5,1,8,1,17,42,1,21,121.5386658,25.05778924
114,12,12,17,45,06松山區,松山區市民大道4段與敦化南路1段口,0,0,1,1,B03,6,5,5,40,14,9,1,4,4,5,13,4,4,1,4,5,2,17,2,53,3,10,7,1,7,1,1,8,1,7,19,1,21,121.5480913,25.0450718
114,12,12,17,47,09北投區,北投區立賢路178號旁,0,0,1,1,C03,6,5,5,50,14,9,1,4,4,5,13,1,1,1,4,5,2,13,1,19,3,10,6,1,7,9,1,10,9,11,108,1,21,121.502324,25.1143577
114,12,12,17,53,10文山區,文山區興隆路3段302-2號,0,0,1,1,B03,6,5,5,50,14,9,1,4,4,5,13,4,4,1,4,5,2,17,1,35,3,10,7,1,7,1,1,8,11,17,19,1,21,121.5588114,24.9928796