發生年度,發生月,發生日,發生時-Hours,發生分,區序,肇事地點,死亡人數,2-30日死亡人數,受傷人數,當事人序號,車種,天候,光線,道路類別,速限-速度限制,道路型態,事故位置,路面狀況1,路面狀況2,路面狀況3,道路障礙1,道路障礙2,號誌1,號誌2,車道劃分-分向,車道劃分-分道1,車道劃分-分道2,車道劃分-分道3,事故類型及型態,性別,年齡,受傷程度,主要傷處,保護裝置,行動電話,車輛用途,當事者行動狀態,駕駛資格情形,駕駛執照種類,飲酒情形,車輛撞擊部位1,肇因碼-個別,個人肇逃否,職業,座標-X,座標-Y
114,12,14,14,42,08士林區,士林區延平北路6段與中正路口,0,0,2,1,B02,8,6,5,50,4,1,1,5,4,5,13,1,2,5,4,5,2,16,1,60,3,10,3,4,7,5,1,8,2,2,71,1,21,121.5096939,25.0862314
114,12,14,14,45,05中正區,中正區忠孝東路1段與鎮江街口,0,0,1,1,B03,8,6,5,50,4,2,1,5,4,5,12,1,1,1,4,5,2,17,1,63,3,10,7,4,7,8,1,8,1,17,100,1,22,121.522029,25.04511834
114,12,14,15,17,10文山區,文山區秀明路1段與秀明路1段79巷口,0,0,2,1,C03,8,7,5,50,3,2,1,5,4,5,13,4,4,1,5,4,2,17,1,61,2,8,5,1,7,8,1,10,11,12,100,1,21,121.5659249,24.9903554
114,12,14,15,17,10文山區,文山區興隆路1段與萬盛街106巷口口,0,0,2,1,C03,8,6,5,50,4,1,1,5,4,5,13,1,1,1,4,5,2,13,2,18,2,8,6,1,7,9,1,10,1,11,16,1,22,121.5407987,25.0039266
114,12,14,15,38,08士林區,士林區士商路與承德路5段口,0,0,2,1,B03,8,7,5,50,4,1,1,5,4,5,13,1,1,1,5,5,2,17,1,33,3,10,7,1,7,5,1,8,1,1,71,1,21,121.5140574,25.096055
114,12,14,16,16,09北投區,北投區公館路與西安街2段口,0,0,2,1,C03,8,5,5,50,4,2,1,5,4,5,13,1,1,9,4,5,2,16,1,23,3,10,5,1,7,9,1,10,1,11,13,1,21,121.5027237,25.1215684
114,12,14,16,27,08士林區,士林區中山北路6段405巷67-2號,0,0,2,1,C03,8,6,5,50,14,9,1,5,4,5,13,4,4,9,5,5,2,16,1,65,2,9,3,4,7,1,1,10,2,14,19,1,21,121.5264478,25.11637952
114,12,14,16,28,05中正區,中正區古亭河濱公園籃球場旁自行車道,0,0,2,1,F01,7,7,5,50,11,23,1,5,4,5,13,4,4,9,5,5,1,17,2,19,2,8,2,1,7,12,8,20,1,14,116,1,22,121.5211334,25.0195498
114,12,14,16,35,07信義區,信義區林口街與林口街80巷口口,0,0,1,1,C03,8,6,5,30,3,2,1,5,4,5,13,4,4,10,5,5,2,16,1,73,2,7,3,4,7,5,1,10,1,12,72,1,22,121.5791732,25.0390549
114,12,14,16,53,08士林區,士林區文昌路76號,0,0,1,1,B03,8,7,5,50,14,9,1,5,4,5,13,1,1,5,4,5,1,16,2,72,3,10,7,1,7,11,1,8,2,5,99,1,21,121.521116,25.0964285
114,12,14,17,06,03中山區,中山區新生北路1段與吉林路14巷口,0,0,1,1,B03,7,5,5,50,3,1,1,5,4,5,13,4,4,5,4,5,2,16,2,28,3,10,3,4,7,6,1,8,1,8,72,1,21,121.5284019,25.0506352
114,12,14,17,53,08士林區,士林區中山北路6段與忠誠路1段口,0,0,1,1,B03,8,5,5,50,4,4,1,5,4,5,13,1,1,1,5,5,2,13,1,46,3,10,7,1,7,9,1,8,1,1,108,1,21,121.5249059,25.103931
114,12,14,18,04,05中正區,中正區羅斯福路4段與基隆路4段口,0,0,1,1,B03,8,5,5,50,5,1,1,5,4,5,13,1,1,1,4,5,2,17,1,47,3,10,7,1,7,5,1,8,2,4,8,1,21,121.519709,25.0424122
114,12,14,18,31,03中山區,中山區南京東路3段與建國北路1段口,0,0,1,1,B03,8,5,5,50,4,1,1,5,4,5,13,1,1,1,4,4,2,16,1,52,3,10,3,4,7,8,1,8,1,6,80,1,21,121.5370335,25.0518482
114,12,14,18,40,11南港區,南港區市民大道7段與中坡北路口口,0,0,2,1,C03,8,5,5,50,4,1,1,5,4,5,13,1,1,10,2,5,2,13,1,60,3,10,6,1,7,7,1,10,1,17,101,1,21,121.5803021,25.0494879
114,12,14,19,03,11南港區,南港區舊莊街1段與舊莊街1段3巷口,0,0,1,1,B01,8,5,5,50,3,1,1,5,4,5,13,4,4,4,3,5,2,17,1,57,3,10,3,4,7,9,1,4,2,5,44,1,21,121.6174265,25.0420469
114,12,14,19,23,02萬華區,萬華區中華路2段416巷84號,0,0,2,1,C03,8,5,5,50,14,9,1,5,4,5,13,4,4,8,5,5,2,16,1,67,2,8,5,1,7,11,1,10,3,12,10,1,21,121.5033695,25.0268556
114,12,14,20,16,03中山區,中山區市民大道2段與中山北路1段口,0,0,2,1,C03,7,5,5,50,14,9,1,5,4,5,13,2,1,8,3,5,1,17,1,34,2,9,5,1,7,9,1,10,1,11,108,1,21,121.5211373,25.0481077
114,12,14,20,56,04大安區,大安區和平東路1段與師大路口,0,0,3,1,C03,7,5,5,50,3,2,1,5,4,5,13,2,1,8,3,4,1,12,1,25,2,9,5,1,7,8,1,10,1,11,101,1,21,121.5287127,25.0266208
114,12,14,21,32,01大同區,大同區承德路3段27號,0,0,1,1,C03,7,5,5,50,14,9,1,5,4,5,13,4,4,1,4,5,2,17,2,55,2,1,6,4,7,9,1,10,1,11,108,1,22,121.5184546,25.0640898
114,12,14,22,03,06松山區,松山區八德路4段與中坡北路口,0,0,1,1,B03,8,5,5,50,4,1,1,5,4,5,13,2,1,8,3,4,2,9,2,18,3,10,7,1,7,5,3,18,1,1,70,1,21,121.5795815,25.0502559
114,12,14,22,11,10文山區,文山區羅斯福路5段與羅斯福路5段97巷口,0,0,1,1,C03,7,5,5,50,3,2,1,5,4,5,13,4,4,3,4,5,2,12,1,27,2,7,6,1,7,9,1,10,2,14,17,1,21,121.5390178,25.0052917
114,12,14,22,16,05中正區,中正區和平西路1段與牯嶺街口,0,0,1,1,C03,8,6,5,30,4,1,1,5,4,5,13,1,1,1,4,4,2,17,1,34,3,10,5,1,7,6,1,10,1,11,108,1,21,121.5191316,25.0263661
114,12,14,23,35,03中山區,中山區中山北路1段與南京東路1段口,0,0,2,1,C03,7,5,5,50,4,1,1,5,4,5,13,2,1,1,5,1,1,9,1,24,2,7,3,4,7,6,1,10,1,12,108,1,21,121.5227118,25.05228353
114,12,15,00,00,08士林區,士林區忠誠路1段173巷與德行東路190巷口,0,0,1,1,C03,8,5,5,30,4,2,1,5,4,5,13,4,4,10,5,5,1,15,1,24,3,10,5,1,7,9,1,10,1,11,72,1,21,121.5312054,25.10823441
114,12,15,00,19,01大同區,大同區昌吉街198號,0,0,1,1,B03,7,5,5,50,14,9,1,5,4,5,13,4,4,9,4,5,2,16,2,32,3,10,7,1,7,11,1,8,1,17,80,1,21,121.5115484,25.0659353
114,12,15,05,50,01大同區,大同區民族西路與承德路3段口,0,0,2,1,B03,8,5,5,50,4,1,1,5,4,5,13,1,1,5,4,5,2,16,1,79,3,10,7,1,7,5,1,8,1,8,8,1,21,121.518388,25.0684867
114,12,15,06,15,07信義區,信義區市民大道5段與光復南路口,0,0,1,1,C03,8,6,5,50,5,2,1,5,4,5,13,2,1,1,4,5,2,12,1,113,4,11,3,4,7,21,7,19,11,15,118,2,22,121.5583636,25.045197
114,12,15,07,10,10文山區,文山區辛亥路7段67號附近側附近,0,0,1,1,B03,8,6,5,50,14,9,1,5,4,5,13,4,4,5,5,5,2,17,1,57,3,10,7,1,7,14,1,8,1,2,40,1,21,121.5546199,24.9831915
114,12,15,07,17,09北投區,北投區中和街與雙全街19巷口,0,0,3,1,C03,8,6,5,50,3,1,1,5,4,5,13,4,4,5,5,5,2,16,2,27,2,9,6,1,7,5,1,10,1,12,74,1,21,121.5016299,25.1390934
114,12,15,07,26,03中山區,中山區錦州街與龍江路口口,0,0,3,1,C03,8,7,5,50,4,1,1,5,4,5,13,1,1,5,4,5,2,17,1,33,2,6,3,4,7,6,1,10,1,12,44,1,21,121.5407771,25.0602592
114,12,15,07,26,08士林區,士林區中正路與文昌路口,0,0,1,1,B03,8,5,5,50,4,1,1,5,4,5,13,2,1,3,4,5,2,17,1,42,3,10,3,4,7,14,1,8,1,3,44,2,22,121.5218538,25.0943717
114,12,15,07,46,03中山區,中山區松江路235巷與錦州街242巷口,0,0,1,1,C03,7,7,5,30,3,2,1,5,4,5,13,4,4,10,5,5,2,16,1,21,2,8,6,1,7,5,1,10,1,14,8,1,21,121.5333801,25.05901126
114,12,15,07,47,07信義區,信義區吳興街583巷23號,0,0,1,1,C03,8,6,5,30,14,9,1,5,4,5,13,4,4,10,5,5,2,11,1,27,3,10,6,1,7,9,1,10,2,14,5,1,22,121.5698538,25.0219692
114,12,15,07,48,10文山區,文山區木柵路4段77號,0,0,1,1,C03,8,6,5,50,14,9,1,5,4,5,13,1,1,5,4,5,2,3,2,57,3,10,6,1,7,9,1,10,11,12,81,2,21,121.5720807,24.9958197
114,12,15,07,50,10文山區,文山區興隆路3段34號,0,0,1,1,B03,8,6,5,50,14,9,1,5,4,5,13,4,4,1,4,5,2,12,1,48,3,10,7,1,7,9,1,8,1,5,17,1,21,121.5553793,25.0004816
114,12,15,08,00,12內湖區,內湖區堤頂大道2段與基湖路口,0,0,2,1,B12,8,7,5,50,4,1,1,5,4,5,13,2,1,1,4,1,2,16,1,57,3,10,7,1,7,6,1,8,1,5,9,1,21,121.5644238,25.0788908
114,12,15,08,05,09北投區,北投區裕民二路6號,0,0,2,1,C03,8,5,5,50,14,9,1,5,4,5,13,4,4,9,4,5,1,17,1,28,2,8,6,1,7,15,1,10,1,12,5,1,21,121.5171975,25.1162419
114,12,15,08,07,06松山區,松山區南京東路5段299號,0,0,1,1,B11,8,7,5,50,14,9,1,5,4,5,13,2,1,9,4,5,2,13,1,43,3,10,7,1,7,9,1,8,1,1,108,1,22,121.5665129,25.0513919
114,12,15,08,10,08士林區,士林區福林路254巷與至善路1段口,0,0,1,1,B03,7,5,5,40,4,2,1,5,4,5,13,3,1,9,4,4,2,16,1,59,3,10,7,1,7,9,1,8,1,17,80,1,21,121.5381102,25.0977376
114,12,15,08,25,03中山區,中山區建國北路3段與農安街口,0,0,2,1,C03,8,7,5,50,4,1,1,5,4,5,13,1,1,10,4,5,2,17,2,48,2,9,5,1,7,5,1,10,1,12,71,2,21,121.5367131,25.06478766
114,12,15,08,25,05中正區,中正區杭州南路1段71巷,0,0,1,1,F01,8,5,5,50,14,9,1,5,4,5,13,4,4,10,5,5,2,12,2,53,2,8,3,1,7,9,8,20,1,12,44,1,22,121.5257124,25.0400139
114,12,15,08,25,08士林區,士林區福林路與至善路1段口,0,0,2,1,C03,8,6,5,50,3,1,1,5,4,5,13,1,1,4,3,5,2,17,2,50,2,9,3,4,7,9,1,10,1,11,16,1,21,121.5364851,25.0994764
114,12,15,08,40,08士林區,士林區中山北路5段與文林路口,0,0,1,1,C03,7,6,5,50,3,2,1,5,4,5,13,1,1,10,4,5,1,12,1,47,3,10,6,1,7,9,1,10,2,14,17,1,22,121.5258816,25.0860341
114,12,15,08,47,02萬華區,萬華區華江橋機慢車道往臺北市（001078燈桿）,0,0,2,1,C03,8,7,5,40,8,8,1,5,4,5,13,4,4,1,5,5,2,13,2,49,2,1,5,1,7,9,1,10,1,11,16,1,21,121.4889846,25.0353831
114,12,15,08,52,02萬華區,萬華區中華路1段與忠孝西路2段口,0,0,1,1,C03,8,5,5,50,4,1,1,5,4,5,13,1,1,1,4,5,2,17,1,43,2,7,5,4,7,6,1,10,1,11,9,1,21,121.5097824,25.0480093
114,12,15,09,00,03中山區,中山區松江路與渭水路口,0,0,1,1,B03,8,7,5,50,4,2,1,5,4,5,13,1,1,3,4,5,2,16,1,62,3,10,7,1,7,6,1,8,1,2,9,1,21,121.5331964,25.04541018
114,12,15,09,11,03中山區,中山區長安東路1段與林森北路口,0,0,2,1,B03,8,7,5,50,4,1,1,5,4,5,13,1,1,10,4,5,2,17,1,72,3,10,7,1,7,6,1,8,1,2,9,1,21,121.5245028,25.04920418
114,12,15,09,18,09北投區,北投區明德路與明德路289巷口,0,0,1,1,B01,8,5,5,50,3,2,1,5,4,5,13,2,1,7,4,5,1,17,1,60,3,10,7,1,7,5,1,4,1,2,71,1,21,121.5216094,25.1152394
114,12,15,09,29,04大安區,大安區仁愛路4段300巷與仁愛路4段300巷19弄口,0,0,1,1,B03,8,6,5,30,4,1,1,5,4,5,13,4,4,10,5,5,2,3,1,52,3,10,7,1,7,5,1,8,2,8,70,1,21,121.5544815,25.0362541
114,12,15,09,31,03中山區,中山區建國北路1段33巷28號,0,0,1,1,B12,8,6,5,30,14,9,1,5,4,4,13,4,4,9,5,5,1,14,1,43,3,10,7,1,7,2,1,8,2,6,12,1,21,121.5383336,25.0477849
114,12,15,10,03,09北投區,北投區竹子湖路第1208394號燈桿前,0,0,1,1,C01,8,7,5,40,11,9,1,5,4,5,13,4,4,5,2,5,2,17,1,48,2,9,6,1,7,6,1,9,2,11,42,1,21,121.5443015,25.160799
114,12,15,10,19,09北投區,北投區中央北路2段263號,0,0,1,1,E05,8,6,5,50,22,9,1,5,4,5,13,1,1,5,4,5,2,12,1,29,3,10,7,1,7,9,1,8,2,2,118,1,21,121.4909207,25.1384781
114,12,15,10,26,04大安區,大安區麗水街9巷5號,0,0,1,1,B12,8,6,5,30,14,9,1,5,4,5,13,4,4,10,3,5,1,17,1,62,3,10,3,4,7,15,1,7,2,4,44,1,21,121.5288769,25.0305766
114,12,15,10,34,06松山區,松山區敦化北路與民生東路3段口,0,0,1,1,C03,8,6,5,50,5,2,1,5,4,5,13,2,1,1,4,4,2,17,1,62,2,9,6,1,7,5,1,10,1,12,8,1,21,121.5489912,25.0575642
114,12,15,10,47,01大同區,大同區民生西路與重慶北路2段口,0,0,2,1,C04,8,6,5,50,4,1,1,5,4,5,13,2,1,1,4,5,2,17,2,75,2,9,5,4,7,5,1,8,1,12,71,1,21,121.5144678,25.0567779
114,12,15,10,55,07信義區,信義區基隆路2段81-1號,0,0,1,1,F01,8,6,5,30,14,9,1,5,4,5,13,4,4,9,5,5,2,17,1,30,3,10,4,2,7,9,8,20,1,12,4,1,22,121.5582102,25.0302026
114,12,15,11,09,01大同區,大同區重慶北路1段與長安西路口口,0,0,1,1,B03,8,6,5,50,4,1,1,5,4,5,13,2,1,1,5,5,2,16,2,37,3,10,7,1,7,5,1,8,2,6,8,1,21,121.5138801,25.051635
114,12,15,11,14,06松山區,松山區光復北路與南京東路5段23巷7弄口,0,0,1,1,C03,8,6,5,30,4,1,1,5,4,5,13,4,4,5,4,5,2,15,1,28,2,9,6,1,7,9,1,10,1,12,72,1,22,121.5571741,25.0521681
114,12,15,11,37,06松山區,松山區敦化北路214號,0,0,2,1,C03,8,5,5,50,14,9,1,4,4,5,13,1,1,1,5,5,2,13,1,41,2,9,6,4,7,9,1,10,2,11,108,1,21,121.5488946,25.05813411
114,12,15,11,49,04大安區,大安區復興南路2段236號,0,0,1,1,C03,8,6,5,50,14,9,1,5,4,5,13,4,4,1,2,5,1,12,1,23,3,10,3,4,7,8,1,10,2,12,42,1,21,121.5433128,25.0252437
114,12,15,12,06,03中山區,中山區民生東路2段178號,0,0,1,1,B03,8,7,5,50,14,9,1,5,4,5,13,4,4,10,5,5,2,17,1,46,3,10,7,1,7,9,1,8,1,17,44,1,21,121.5361335,25.05819599
114,12,15,12,27,04大安區,大安區和平東路1段104巷與羅斯福路2段77巷口,0,0,1,1,B03,8,6,5,20,14,9,1,5,4,5,13,4,4,10,5,5,2,9,1,65,3,10,7,1,7,2,1,8,9,3,12,1,21,121.5247605,25.0259767
114,12,15,13,29,08士林區,士林區中山北路6段277巷,0,0,1,1,B12,8,6,5,50,14,9,1,5,4,5,13,4,4,1,4,5,1,16,1,24,3,10,3,4,7,6,1,8,1,2,9,1,21,121.5253473,25.1098356
114,12,15,13,30,02萬華區,萬華區萬大路497號,0,0,1,1,B01,8,6,5,30,14,9,1,5,4,5,13,4,4,1,4,5,2,2,1,58,3,10,3,4,7,1,1,8,2,5,108,1,21,121.4976631,25.0198815
114,12,15,13,48,04大安區,大安區和平東路2段134號與和平東路2段口,0,0,1,1,B03,8,6,5,50,3,1,1,5,4,5,13,4,4,10,5,5,2,16,1,31,3,10,3,4,7,11,1,8,1,6,10,1,22,121.5446114,25.0248431
114,12,15,14,30,11南港區,近福德街437號,0,0,1,1,C03,8,6,5,30,14,9,1,5,4,5,13,4,4,5,5,5,2,13,1,39,2,9,6,1,7,9,1,10,1,11,42,1,21,121.5936708,25.0395078
114,12,15,14,34,08士林區,士林區士東路286巷與士東路266巷5弄口,0,0,1,1,,8,6,5,30,4,1,1,5,4,5,13,4,4,9,5,5,2,3,4,0,4,11,3,4,,21,7,19,9,8,119,2,22,121.5374082,25.1124688
114,12,15,14,45,05中正區,中正區市民大道3段8號,0,0,1,1,C04,8,7,5,40,3,1,4,5,4,5,13,4,4,1,5,5,2,17,1,49,2,9,5,1,7,14,1,10,2,14,108,1,21,121.5316274,25.04564607
114,12,15,15,37,03中山區,中山區八德路2段與八德路2段210巷口,0,0,2,1,C03,8,6,5,50,4,1,1,5,4,5,13,1,1,9,4,5,1,17,2,27,2,9,6,1,7,5,1,10,2,12,98,1,21,121.5391651,25.0464778
114,12,15,15,42,12內湖區,內湖區金龍路100號,0,0,1,1,B03,8,6,5,50,14,7,1,5,4,5,13,3,1,5,4,4,2,17,1,69,3,10,7,1,7,11,1,8,1,3,10,1,21,121.5910774,25.0854527
114,12,15,15,45,01大同區,大同區環河北路2段與敦煌路口,0,0,1,1,B03,8,5,5,50,14,9,1,5,4,5,13,4,4,1,4,5,2,16,2,47,3,10,7,1,7,8,1,8,1,2,100,1,21,121.5092923,25.0757736
114,12,15,17,00,06松山區,松山區塔悠路與健康路口,0,0,1,1,B12,8,5,5,40,3,1,1,5,4,5,13,1,1,9,4,4,1,17,1,45,3,10,7,4,7,6,1,8,1,5,17,1,22,121.569641,25.0545591
114,12,15,17,03,09北投區,北投區大度路往北投方向662桿處,0,0,2,1,C03,8,7,5,50,14,8,1,5,4,5,13,4,4,1,4,1,2,13,1,21,2,8,5,1,7,9,1,10,1,11,16,1,21,121.4736792,25.1225778
114,12,15,17,05,07信義區,信義區信義路5段與基隆路1段口,0,0,1,1,C03,8,7,5,50,5,1,1,5,4,5,13,2,1,1,4,5,2,16,1,18,2,8,3,4,7,5,1,10,2,12,16,1,21,121.5598551,25.0330108
114,12,15,17,18,07信義區,信義區莊敬路325巷30號,0,0,3,1,C03,7,5,5,30,14,9,1,5,4,5,13,4,4,9,5,5,2,13,1,21,2,9,6,4,7,9,1,10,2,11,16,1,22,121.5640806,25.02842
114,12,15,17,30,03中山區,中山區北安路往西（忠烈祠前）,0,0,1,1,C03,7,5,8,50,14,9,1,5,4,5,13,3,1,9,4,5,1,13,1,32,2,7,6,1,7,4,1,10,1,14,16,1,21,121.5348988,25.0780122
114,12,15,17,30,08士林區,士林區百齡左岸河濱公園與百齡左岸河濱公園口堤外便道,0,0,1,1,B01,8,5,5,40,4,1,1,5,4,5,13,4,4,10,4,5,1,15,1,62,3,10,7,1,7,1,1,8,2,5,72,1,21,121.5126451,25.0859115
114,12,15,17,55,04大安區,大安區建國南路1段與新生南路1段103巷口,0,0,3,1,C03,8,5,5,50,4,1,1,5,4,5,13,1,1,5,4,5,1,17,1,41,2,9,5,1,7,9,1,10,1,11,44,1,21,121.5372727,25.0407269
114,12,15,18,14,09北投區,北投區東華街2段與立農街2段202巷口,0,0,1,1,C03,8,5,5,50,4,1,1,5,4,5,13,2,1,9,4,5,2,16,1,43,3,10,3,4,7,5,1,10,2,14,8,1,26,121.5135151,25.1177679
114,12,15,18,20,03中山區,中山區民生東路1段7號,0,0,1,1,C03,8,5,5,50,14,9,1,5,4,5,13,4,4,5,4,5,2,17,1,30,3,10,3,4,7,3,1,10,1,17,80,1,21,121.5240835,25.0579465
114,12,15,18,30,07信義區,信義區忠孝東路5段與忠孝東路5段71巷口,0,0,1,1,B02,8,5,5,50,3,2,1,5,4,5,13,4,4,1,4,5,2,12,1,50,3,10,3,4,7,8,1,8,1,2,100,1,22,121.5673234,25.04116168
114,12,15,18,34,07信義區,信義區基隆路1段333號,0,0,1,1,B03,8,5,5,50,14,9,1,5,4,5,13,4,4,1,4,5,2,17,1,38,3,10,3,4,7,14,1,8,1,2,44,1,22,121.5611389,25.0352918
114,12,15,18,40,11南港區,南港區南港路3段與南港路3段16巷口,0,0,2,1,C03,8,5,5,30,3,2,1,5,4,5,13,4,4,5,4,5,2,17,1,70,2,1,5,1,7,9,1,10,2,11,72,1,21,121.59273,25.0543367
114,12,15,18,43,02萬華區,萬華區忠孝西路2段24號,0,0,2,1,C03,7,5,5,50,14,9,1,5,4,5,13,4,4,1,4,5,2,12,1,76,2,9,5,1,7,9,1,10,1,14,44,1,21,121.5080652,25.0483807
114,12,15,18,46,12內湖區,內湖區麥帥一橋機車道（內湖往松山）,0,0,1,1,C03,8,5,5,40,8,11,1,5,4,5,13,4,4,1,4,5,2,17,1,23,3,10,6,1,7,9,1,10,1,11,16,1,21,121.5734752,25.05300566
114,12,15,19,00,09北投區,北投區石牌路1段與石牌路1段58巷口,0,0,2,1,C03,8,5,5,50,3,2,1,5,4,5,13,4,4,5,4,5,2,13,1,66,2,9,5,1,7,9,1,10,1,11,108,1,21,121.5109995,25.1134429
114,12,15,19,02,01大同區,大同區歸綏街與歸綏街250巷口,0,0,1,1,B01,8,5,5,30,4,1,1,5,4,5,13,4,4,5,5,5,2,7,1,66,3,10,7,1,7,9,1,4,9,1,108,1,21,121.5088344,25.0581063
114,12,15,19,05,11南港區,南港區研究院路1段與市民大道8段口,0,0,2,1,C03,8,5,5,50,4,1,1,5,4,5,13,2,1,4,3,5,2,11,1,20,2,8,3,4,7,6,1,10,1,12,9,1,21,121.6164393,25.0545992
114,12,15,19,07,04大安區,大安區信義路3段134巷與建國南路2段25巷口,0,0,2,1,C03,8,5,5,30,3,1,1,5,4,5,13,4,4,10,5,5,2,15,2,42,2,8,6,4,7,9,1,10,1,11,75,1,22,121.5394433,25.0324283
114,12,15,19,07,07信義區,信義區基隆路1段與松壽路口,0,0,2,1,C03,8,5,5,50,4,2,1,5,4,5,13,1,1,9,4,5,2,12,2,58,2,9,6,1,7,9,1,10,1,12,17,1,21,121.5613973,25.0358064
114,12,15,19,10,03中山區,中山區南京東路2段與伊通街口,0,0,1,1,B03,8,5,6,30,3,18,1,5,4,5,13,2,1,1,4,4,2,3,1,61,3,10,3,4,7,6,1,8,1,1,70,1,21,121.5341447,25.0523613
114,12,15,20,41,05中正區,中正區重慶南路3段與和平西路1段口,0,0,1,1,C03,8,5,5,50,5,1,1,5,4,5,13,1,1,2,4,5,2,16,2,32,2,9,5,1,7,6,1,10,1,12,71,1,22,121.5158259,25.0274417
114,12,15,23,48,07信義區,信義區信安街與崇德街口,0,0,1,1,B12,8,5,5,50,4,1,1,5,4,5,13,1,1,8,5,5,2,16,2,32,3,10,3,4,7,5,1,8,2,5,71,1,22,121.555728,25.0240573
114,12,16,00,10,02萬華區,萬華區桂林路與西昌街口,0,0,2,1,C03,8,5,5,50,4,2,1,5,4,5,13,2,1,5,4,4,2,16,2,60,2,9,5,1,7,5,3,18,1,11,8,1,26,121.5004227,25.03848293
114,12,16,01,15,02萬華區,萬華區華中橋機車道往新北,0,0,1,1,C03,8,5,5,40,8,11,1,5,4,5,13,4,4,1,3,1,2,13,1,35,3,10,5,1,7,14,1,10,2,17,42,1,21,121.4962121,25.0177892
114,12,16,05,44,12內湖區,內湖區安康路與永保街口口,0,0,2,1,C03,8,5,5,40,3,2,1,5,4,5,13,4,4,9,5,5,2,13,1,77,2,9,5,1,7,5,1,10,2,13,80,1,21,121.6047255,25.0642556
114,12,16,06,51,08士林區,士林區芝玉路1段與至誠路1段口,0,0,1,1,C03,8,6,5,30,5,1,1,5,4,5,13,2,1,10,5,5,1,17,1,71,2,9,6,1,7,9,1,10,1,12,5,1,21,121.5374162,25.10101601
114,12,16,07,15,09北投區,北投區大度路No.1208580燈桿往台北,0,0,1,1,C03,8,7,5,60,14,12,1,5,4,5,13,4,4,1,4,4,1,23,1,71,2,9,5,1,7,9,1,10,1,11,108,1,22,121.4751878,25.1224932
114,12,16,07,26,04大安區,大安區麗水街13巷與永康街口,0,0,1,1,B03,8,7,5,30,4,2,1,5,4,5,13,4,4,10,5,5,1,15,2,54,3,10,7,1,7,9,1,8,1,4,72,1,21,121.5295463,25.0301501
114,12,16,07,39,03中山區,中山區德惠街105巷與吉林路456巷口,0,0,1,1,C03,8,7,5,30,4,1,1,5,4,5,13,4,4,10,5,5,2,15,1,35,2,9,5,1,7,9,1,10,1,11,72,1,22,121.5294353,25.0670119
114,12,16,07,40,12內湖區,內湖區內湖路2段405號,0,0,2,1,C03,8,6,5,50,3,1,1,5,4,5,13,4,4,5,5,5,2,17,2,71,2,9,6,1,7,9,1,10,1,11,42,1,21,121.5934621,25.0844803
114,12,16,07,52,04大安區,大安區泰順街與溫州街12巷口,0,0,2,1,F01,8,5,5,30,4,1,1,5,4,5,13,1,1,10,4,5,1,17,2,59,2,9,5,1,7,5,8,20,1,14,8,1,21,121.5315423,25.0258346
114,12,16,08,00,08士林區,士林區福德路31號,0,0,2,1,B03,8,6,5,30,11,9,1,5,4,5,13,4,4,10,5,5,2,17,1,56,3,10,3,4,7,6,1,8,1,8,80,1,21,121.5241852,25.0917464
114,12,16,08,00,07信義區,信義區松仁路3號,0,0,1,1,B03,8,6,5,50,14,9,1,5,4,5,13,4,4,1,4,5,2,17,1,52,3,10,7,1,7,8,1,8,2,2,80,1,22,121.5685438,25.0393361
114,12,16,08,18,02萬華區,萬華區艋舺大道與和平西路2段190巷口,0,0,2,1,C03,8,7,5,50,4,1,1,5,4,5,13,2,1,3,4,5,2,12,1,70,2,9,5,4,7,9,1,10,1,12,44,1,22,121.5047629,25.0337663
114,12,16,08,20,12內湖區,內湖區安康路129巷與安康路口,0,0,1,1,B03,8,7,5,50,3,1,1,5,4,5,13,4,4,9,5,5,2,16,1,32,3,10,7,1,7,4,1,8,1,1,99,1,22,121.5997465,25.0630136
114,12,16,08,23,08士林區,士林區葫蘆街66號,0,0,2,1,C03,8,6,5,30,14,9,1,5,4,5,13,4,4,10,5,5,1,17,1,30,2,8,6,1,7,1,1,10,2,14,19,1,21,121.5085034,25.0810299
114,12,16,08,38,07信義區,信義區信義路5段與莊敬路口,0,0,2,1,,8,6,5,50,4,2,1,5,4,5,13,2,1,3,3,5,2,17,4,0,4,11,3,4,7,9,7,19,11,15,119,2,22,121.5613235,25.0329424
114,12,16,08,45,03中山區,中山區民族西路大同大學側門,0,0,1,1,C03,8,6,5,50,14,9,1,5,4,5,13,4,4,5,4,5,2,12,2,54,2,9,6,1,7,7,1,10,1,14,101,1,21,121.5209301,25.06838862
114,12,16,08,50,03中山區,中山區建國北路3段與建國北路3段86巷口,0,0,1,1,B03,8,7,5,50,3,1,1,5,4,5,13,3,1,1,4,5,2,3,2,38,3,10,7,1,7,9,1,8,1,1,70,1,22,121.5356014,25.06610625
114,12,16,08,50,12內湖區,內湖區金湖路289號對面,0,0,1,1,B03,8,6,5,50,14,7,1,5,4,5,13,4,4,3,4,4,2,13,1,70,3,10,7,1,7,9,1,8,1,7,44,1,21,121.6013919,25.0749921
114,12,16,08,55,08士林區,士林區文林路與福國路口,0,0,1,1,C03,8,6,5,50,5,2,1,5,4,5,13,2,1,1,4,5,1,17,1,36,3,10,5,1,7,11,1,10,1,14,10,1,21,121.5215203,25.10143108