發生年度,發生月,發生日,發生時-Hours,發生分,區序,肇事地點,死亡人數,2-30日死亡人數,受傷人數,當事人序號,車種,天候,光線,道路類別,速限-速度限制,道路型態,事故位置,路面狀況1,路面狀況2,路面狀況3,道路障礙1,道路障礙2,號誌1,號誌2,車道劃分-分向,車道劃分-分道1,車道劃分-分道2,車道劃分-分道3,事故類型及型態,性別,年齡,受傷程度,主要傷處,保護裝置,行動電話,車輛用途,當事者行動狀態,駕駛資格情形,駕駛執照種類,飲酒情形,車輛撞擊部位1,肇因碼-個別,個人肇逃否,職業,座標-X,座標-Y
114,12,22,18,20,12內湖區,內湖區民權大橋,0,0,2,1,C03,8,5,5,50,14,11,1,5,4,5,13,4,4,2,4,4,1,13,1,38,2,9,5,1,7,9,1,10,1,11,16,1,26,121.5773279,25.0665046
114,12,22,18,22,05中正區,中正區重慶南路1段與衡陽路口,0,0,2,1,F03,7,5,5,50,4,3,1,4,4,5,13,1,1,10,4,5,2,17,2,41,2,9,6,1,7,9,8,20,9,12,81,1,22,121.5132608,25.0423492
114,12,22,18,30,03中山區,中山區中山北路2段24號前,0,0,1,1,C03,8,7,5,50,14,9,1,5,4,5,13,4,4,5,5,5,2,13,1,52,3,10,3,4,7,12,1,10,1,13,44,1,21,121.5225612,25.0545695
114,12,22,18,40,03中山區,中山區民族東路240號對面,0,0,1,1,C03,8,5,4,50,14,9,1,5,4,5,13,4,4,3,4,5,2,13,2,27,2,9,6,1,7,9,1,10,1,11,16,1,21,121.5325465,25.06830056
114,12,22,18,55,02萬華區,萬華區西藏路與莒光路153巷口,0,0,1,1,C03,7,5,5,30,3,1,1,5,4,1,13,2,1,3,4,5,2,12,2,22,2,9,5,4,7,9,1,10,1,12,17,1,22,121.5028468,25.029871
114,12,22,19,06,12內湖區,內湖區環山路1段與環山路1段136巷口口,0,0,1,1,B03,8,5,8,50,4,1,1,5,4,5,13,1,1,5,4,5,2,12,2,31,3,10,7,1,7,11,1,8,1,4,98,1,21,121.5689753,25.0864123
114,12,22,20,05,12內湖區,內湖區康寧路3段與五分街口,0,0,2,1,C03,8,5,5,50,3,1,1,5,4,5,13,1,1,9,4,5,2,13,1,62,2,8,6,4,7,5,1,10,2,13,8,1,21,121.6116898,25.0676753
114,12,22,20,13,10文山區,文山區興隆路1段與興隆路1段251巷口,0,0,2,1,B01,8,5,5,50,3,1,1,5,4,5,13,2,1,1,4,5,2,16,1,64,3,10,7,1,7,11,1,4,1,5,10,1,21,121.5439868,24.9994279
114,12,22,20,32,01大同區,大同區鄭州路與西寧北路口,0,0,2,1,B03,8,5,5,40,4,2,1,5,4,5,13,2,1,1,4,5,2,3,1,35,3,10,3,4,7,5,1,8,2,1,70,1,21,121.5083361,25.0503742
114,12,22,21,16,04大安區,大安區復興南路2段與和平東路2段口,0,0,1,1,C03,8,5,5,50,4,1,1,5,4,5,13,2,1,1,4,5,2,17,1,53,3,10,5,1,7,9,1,10,1,12,101,1,21,121.5432511,25.0248284
114,12,22,21,24,09北投區,北投區中和街474巷與中和街口,0,0,1,1,C03,8,5,5,30,4,1,1,5,4,5,13,4,4,10,5,5,2,16,2,20,2,9,6,1,7,5,1,10,1,12,72,1,22,121.4952766,25.145169
114,12,22,21,54,01大同區,大同區鄭州路與西寧北路口,0,0,1,1,B03,8,5,5,40,4,1,1,5,4,5,13,2,1,1,4,5,2,16,1,31,3,10,3,4,7,9,1,8,1,5,87,1,21,121.5081226,25.0505914
114,12,22,22,06,04大安區,大安區和平東路2段與建國南路2段口口,0,0,1,1,B02,8,5,5,50,4,1,1,5,4,5,13,2,1,1,4,5,2,17,1,24,3,10,7,1,7,6,6,18,1,2,9,1,22,121.5374008,25.0256666
114,12,22,22,23,04大安區,大安區仁愛路4段85號,0,0,1,1,C03,8,5,5,50,18,9,1,5,4,5,13,2,1,10,5,5,2,17,2,19,2,9,6,1,7,6,1,10,2,12,44,1,21,121.547788,25.03807
114,12,22,22,27,02萬華區,萬華區西寧南路與內江街口,0,0,2,1,C03,8,5,5,50,4,2,1,5,4,5,13,2,1,10,4,5,2,3,1,25,2,8,5,1,7,9,1,10,1,11,70,1,21,121.5059679,25.0415777
114,12,22,22,35,03中山區,中山區中山橋往北,0,0,1,1,C03,8,5,5,40,8,11,1,5,4,5,13,4,4,1,5,4,2,13,1,20,2,8,3,4,7,9,1,21,1,11,44,1,21,121.5260951,25.07457559
114,12,23,03,52,03中山區,中山區南京東路2段與建國北路1段口,0,0,1,1,B13,8,5,5,50,14,7,1,5,4,5,13,1,1,1,4,4,2,13,1,57,3,10,7,1,7,9,1,3,1,8,108,1,22,121.5360993,25.0519267
114,12,23,05,09,10文山區,文山區羅斯福路6段與景文街口口,0,0,1,1,B12,7,5,5,50,3,1,1,5,4,4,13,1,1,5,5,5,2,12,2,64,3,10,7,1,7,9,1,8,1,4,17,1,22,121.5412488,24.9942167
114,12,23,06,40,07信義區,信義區光復南路133號市民大道五段側,0,0,1,1,C03,8,7,5,50,14,9,1,5,4,5,13,4,4,1,5,5,1,18,1,26,2,9,3,4,7,9,1,10,1,12,116,1,21,121.5587487,25.045408
114,12,23,07,08,10文山區,文山區景中街27號,0,0,1,1,A02,8,6,5,50,14,9,1,5,4,5,13,2,1,3,4,5,2,13,1,43,3,10,7,1,7,8,1,2,11,1,44,1,21,121.5431831,24.9928544
114,12,23,07,22,02萬華區,萬華區康定路與成都路口,0,0,1,1,,8,6,5,50,4,2,1,5,4,5,13,1,1,5,4,5,2,17,4,0,,,,,,,,,11,,119,2,,121.5026299,25.0433937
114,12,23,07,23,11南港區,南港區向陽路與南港路2段口,0,0,2,1,C03,8,6,5,50,4,1,1,5,4,5,13,1,1,1,3,5,2,13,1,53,2,7,3,4,7,15,1,10,2,13,44,1,21,121.5944818,25.0548249
114,12,23,07,40,08士林區,士林區天母西路與天母北路口,0,0,1,1,B03,8,6,5,50,4,1,1,5,4,5,13,1,1,5,4,5,1,16,2,70,3,10,3,4,7,5,1,8,1,5,71,1,22,121.5261795,25.1185127
114,12,23,07,46,08士林區,士林區天母東路與天母東路82巷口,0,0,2,1,B12,8,7,5,50,14,9,1,5,4,5,13,4,4,1,5,5,2,17,1,59,3,10,7,1,7,1,1,8,1,4,19,1,21,121.5354273,25.11807749
114,12,23,07,50,10文山區,文山區羅斯福路5段與景隆街口,0,0,1,1,C03,8,6,5,50,4,2,1,5,4,5,13,2,1,1,4,5,2,12,1,25,2,8,5,1,7,7,1,10,1,11,108,1,21,121.5396895,25.0002297
114,12,23,07,59,08士林區,士林區中正路與雨農路口,0,0,1,1,C04,8,5,5,50,5,2,1,5,4,5,13,2,1,5,4,5,2,12,1,83,2,9,5,1,7,8,1,8,1,13,100,1,21,121.5320908,25.0969093
114,12,23,08,09,05中正區,中正區信義路2段捷運東門站,0,0,1,1,A02,8,6,7,40,14,10,1,5,4,5,13,4,4,4,5,5,2,9,1,57,3,10,7,1,7,9,1,2,2,17,44,1,21,121.5286477,25.0340033
114,12,23,08,10,12內湖區,內湖區民權東路6段115號,0,0,2,1,C03,8,6,5,50,14,9,1,5,4,5,13,4,4,1,4,5,2,17,1,53,2,9,6,1,7,9,1,10,2,11,16,1,21,121.5921025,25.0689971
114,12,23,08,14,04大安區,大安區基隆路4段與羅斯福路4段口,0,0,3,1,C03,8,6,5,50,5,2,1,5,4,5,13,2,1,8,3,5,1,17,1,63,2,9,3,4,7,15,1,10,2,13,44,1,21,121.5374153,25.0108326
114,12,23,08,24,08士林區,士林區天母西路50巷與天母西路口,0,0,2,1,C03,8,6,5,30,4,1,1,5,4,5,13,4,4,5,4,5,1,15,1,60,2,8,3,4,7,1,1,10,1,14,19,1,22,121.5248749,25.1184654
114,12,23,08,32,08士林區,士林區中正路505號,0,0,1,1,B03,8,7,5,50,14,9,1,5,4,5,13,4,4,5,5,5,1,17,1,62,3,10,7,1,7,5,1,8,1,4,80,1,21,121.517986,25.0915076
114,12,23,08,43,05中正區,中正區金門街24巷與汀州路2段178巷口,0,0,1,1,C03,8,7,5,30,4,1,1,5,4,5,13,4,4,10,5,5,2,15,1,49,2,9,5,1,7,9,1,10,1,11,75,1,22,121.521476,25.0228903
114,12,23,08,47,03中山區,中山區北安路與大直街口,0,0,1,1,E01,8,6,5,50,4,1,1,5,4,5,13,2,1,1,4,5,2,17,1,27,3,10,7,1,7,9,1,8,2,1,44,1,27,121.549353,25.08405766
114,12,23,08,47,09北投區,北投區大業路與大興街口,0,0,1,1,B02,8,7,5,50,3,18,1,5,4,5,13,2,1,10,5,5,2,3,1,51,3,10,7,1,7,5,1,8,1,1,108,1,21,121.4970156,25.12956756
114,12,23,08,52,04大安區,大安區仁愛路3段128號,0,0,2,1,B03,8,5,5,50,14,9,1,5,4,5,13,4,4,9,4,5,2,13,1,36,3,10,3,4,7,9,1,8,1,8,16,1,22,121.540587,25.0376552
114,12,23,08,52,12內湖區,內湖區舊宗路2段與舊宗路2段213巷口,0,0,1,1,B03,8,6,5,50,3,1,1,5,4,5,13,4,4,1,4,5,2,17,1,22,3,10,7,1,7,6,1,10,2,6,9,1,22,121.5736336,25.0729973
114,12,23,08,55,05中正區,中正區詔安街與泉州街口,0,0,2,1,C03,8,7,5,30,4,1,1,5,4,5,13,1,1,10,5,5,2,17,1,77,2,7,5,1,7,9,6,18,1,11,5,1,22,121.5131361,25.0252104
114,12,23,09,09,08士林區,士林區延平北路7段106巷30號,0,0,1,1,H01,8,5,5,30,14,9,1,5,4,5,13,4,4,10,5,5,2,3,1,46,2,9,4,5,8,16,8,20,10,16,53,1,21,121.5236242,25.1157558
114,12,23,09,16,04大安區,大安區敦化南路2段與文昌街口,0,0,3,1,C03,8,6,5,50,3,2,1,5,4,5,13,4,4,1,4,5,1,13,1,22,2,9,6,4,7,9,1,10,1,11,16,1,21,121.5490137,25.0328524
114,12,23,09,16,10文山區,文山區萬盛街106巷與羅斯福路5段97巷口,0,0,3,1,C03,8,6,5,30,4,1,1,5,4,3,10,2,1,5,5,5,2,16,1,23,2,8,6,1,7,5,1,10,1,11,71,1,21,121.5408927,25.0053806
114,12,23,09,19,03中山區,中山區明水路526巷與樂群二路30巷口,0,0,2,1,C03,8,6,5,30,4,1,1,5,4,5,13,1,1,5,2,5,1,15,2,36,2,8,6,1,7,9,1,10,2,11,81,1,21,121.5533254,25.0792338
114,12,23,09,35,04大安區,大安區青田街9巷與青田街口,0,0,2,1,C03,8,7,5,30,4,2,1,5,4,5,13,4,4,8,3,5,1,15,1,20,2,8,5,1,7,9,1,10,1,14,72,1,21,121.5319917,25.0275485
114,12,23,09,40,05中正區,中正區汀州路3段與羅斯福路4段24巷口,0,0,1,1,B12,8,7,5,50,4,1,1,5,4,5,13,2,1,5,4,5,2,16,1,38,3,10,7,1,7,6,1,8,1,5,9,1,21,121.5325942,25.0148831
114,12,23,10,00,02萬華區,萬華區艋舺大道與西園路2段140巷口,0,0,1,1,B12,8,5,5,50,4,1,1,5,4,5,13,1,1,1,4,5,2,17,1,41,3,10,7,1,7,9,1,8,11,2,44,2,21,121.4949272,25.03170979
114,12,23,10,30,12內湖區,內湖區大湖山莊街61巷與大湖山莊街21巷口,0,0,1,1,B03,8,7,5,30,3,1,1,5,4,5,13,4,4,10,5,5,2,17,1,41,3,10,7,1,7,5,1,8,1,1,72,1,21,121.6030376,25.08666249
114,12,23,10,57,02萬華區,萬華區萬大路423巷28弄,0,0,2,1,C03,8,7,5,30,14,9,1,5,4,5,13,4,4,10,5,5,2,11,2,61,2,7,5,1,7,9,1,10,1,14,80,1,21,121.4998637,25.0209232
114,12,23,10,57,06松山區,松山區八德路4段36巷與光復南路17巷口口,0,0,2,1,C04,8,7,5,30,4,1,1,5,4,5,13,4,4,10,5,5,2,15,2,19,2,9,6,1,7,9,1,10,2,12,75,1,21,121.5592355,25.0473482
114,12,23,11,10,08士林區,士林區百齡橋與百齡橋口機車道往士林,0,0,1,1,,8,6,5,50,8,11,1,5,4,5,13,4,4,9,2,1,1,13,4,0,,,,,,,,,11,,119,2,,121.5149072,25.0897785
114,12,23,11,27,12內湖區,內湖區麗山街385巷與麗山街348巷口,0,0,1,1,B02,8,6,6,50,4,1,1,5,4,5,13,3,1,9,5,5,2,16,1,54,3,10,3,4,7,5,1,8,1,5,71,1,22,121.5728518,25.0822377
114,12,23,11,43,02萬華區,萬華區康定路與桂林路口,0,0,1,1,C03,8,7,5,50,4,1,1,5,4,5,13,2,1,9,4,5,2,16,2,21,2,9,3,4,7,5,1,10,1,14,8,1,22,121.5017616,25.0384396
114,12,23,11,44,02萬華區,萬華區中華路2段416巷與國興路口,0,0,1,1,B03,8,6,5,50,4,1,1,5,4,5,13,2,1,5,5,5,1,17,1,45,3,10,3,4,7,9,3,18,1,1,42,1,22,121.5052204,25.0275133
114,12,23,11,45,01大同區,大同區保安街與保安街49巷口,0,0,1,1,B01,8,6,5,50,4,1,1,5,4,5,13,4,4,9,3,5,2,3,1,49,3,10,7,1,7,2,1,4,1,3,12,1,21,121.5119725,25.0590816
114,12,23,12,08,02萬華區,萬華區環河南路1段與西園路1段34巷口,0,0,2,1,,8,6,5,40,3,1,1,5,4,5,13,4,4,5,4,5,2,17,4,0,,,,,,,,,11,,119,2,,121.5085354,25.05137203
114,12,23,12,23,09北投區,北投區承德路7段與承德路7段393巷口,0,0,1,1,C03,8,6,5,60,4,3,1,5,4,5,13,2,1,8,3,5,2,17,1,67,3,10,6,1,7,9,1,10,1,11,86,1,21,121.5014069,25.1193852
114,12,23,12,31,11南港區,南港區興中路與忠孝東路7段口,0,0,1,1,B01,8,6,5,50,3,2,1,5,4,1,13,1,1,1,4,5,2,16,1,55,3,10,3,4,7,6,1,4,1,8,16,1,21,121.6077801,25.0522455
114,12,23,12,33,04大安區,大安區和平東路2段24號,0,0,1,1,B03,8,7,5,40,14,8,1,5,4,5,13,4,4,1,4,4,2,12,1,68,3,10,7,1,7,13,1,8,1,4,40,1,21,121.5367297,25.0257905
114,12,23,12,59,02萬華區,萬華區中華路2段364巷24弄10號,0,0,1,1,B03,8,5,5,30,14,9,1,5,4,5,13,4,4,10,5,5,2,17,1,54,3,10,7,4,7,3,1,8,1,4,18,1,21,121.5039729,25.0288611
114,12,23,13,10,05中正區,中正區信義路1段與杭州南路1段口,0,0,1,1,B03,8,7,5,50,4,1,1,5,4,5,13,1,1,5,5,5,2,17,1,28,3,10,7,1,7,6,1,8,2,5,9,1,26,121.5244442,25.0354492
114,12,23,14,04,02萬華區,萬華區中華路1段與南寧路口,0,0,1,1,B03,8,6,5,50,5,1,1,5,4,5,13,2,1,1,2,1,2,16,1,29,3,10,7,1,7,6,1,8,1,5,98,1,21,121.5066729,25.037221
114,12,23,15,03,04大安區,大安區仁愛路4段91巷7號與敦化南路1段270巷口,0,0,1,1,C04,8,6,5,30,3,2,1,5,4,5,13,4,4,9,3,5,1,17,1,66,2,9,3,4,7,15,1,11,1,13,44,1,21,121.5479896,25.0385995
114,12,23,15,26,08士林區,士林區仰德大道1段北往南（國安局停車場前）,0,0,1,1,B03,8,5,5,40,14,9,1,5,4,5,13,4,4,5,5,5,1,17,1,58,3,10,3,4,7,5,1,8,1,2,8,1,22,121.5365379,25.1084422
114,12,23,15,26,11南港區,南港區忠孝東路7段與忠孝東路7段478巷口,0,0,1,1,B03,8,6,5,50,4,1,1,5,4,5,13,1,1,1,4,5,2,11,1,31,3,10,3,4,7,15,1,8,1,2,71,1,21,121.6091199,25.0523201
114,12,23,15,34,05中正區,中正區汀州路3段與羅斯福路4段52巷口,0,0,2,1,C03,8,7,5,50,4,1,1,5,4,5,13,1,1,5,5,5,2,17,1,24,2,9,5,1,7,5,1,10,1,12,71,1,22,121.5332672,25.0144119
114,12,23,16,00,08士林區,士林區仰德大道3段與仰德大道3段105巷口口,0,0,1,1,B03,8,6,5,40,4,1,1,5,4,5,13,4,4,4,5,5,1,12,1,74,3,10,7,1,7,9,1,8,1,5,44,1,21,121.5526494,25.121177
114,12,23,16,20,11南港區,南港區三重路與園區街口口,0,0,1,1,B03,8,6,5,50,3,2,1,5,4,5,13,2,1,5,4,5,2,12,1,47,3,10,3,4,7,6,1,8,1,6,9,1,21,121.6141434,25.0590928
114,12,23,16,48,02萬華區,萬華區漢口街2段90巷與昆明街74巷口,0,0,2,1,C03,8,5,5,30,4,1,1,5,4,5,13,4,4,10,5,5,2,15,1,45,2,9,5,4,7,9,1,10,1,11,75,1,21,121.5042309,25.04579764
114,12,23,17,30,03中山區,中山區吉林路與松江路90巷口,0,0,1,1,B03,7,7,5,50,4,1,1,5,4,5,13,1,1,10,4,4,2,9,1,55,3,10,7,1,7,5,1,8,2,1,70,1,21,121.5299785,25.04979338
114,12,23,17,39,07信義區,信義區文昌街與光復南路口,0,0,2,1,B03,8,5,5,30,4,19,1,5,4,5,13,1,1,10,4,5,2,1,1,49,3,10,3,4,7,6,1,10,2,5,70,1,22,121.5575278,25.0322005
114,12,23,17,40,06松山區,松山區八德路4段與八德路4段333巷口,0,0,1,1,B03,8,6,5,50,4,2,1,5,4,5,13,2,1,5,4,5,2,13,1,34,3,10,7,4,7,9,3,18,2,5,16,1,21,121.567568,25.0492456
114,12,23,17,43,12內湖區,內湖區康寧路3段75巷137號,0,0,2,1,C03,8,5,5,50,14,9,1,5,4,5,13,4,4,5,5,5,2,17,1,18,2,9,6,1,7,5,1,10,2,14,99,1,22,121.6103262,25.0753789
114,12,23,17,50,06松山區,松山區延壽街330巷0202623燈桿對面,0,0,1,1,F01,8,5,5,40,14,9,1,5,4,5,13,4,4,5,5,5,2,18,2,50,2,9,4,1,7,15,8,20,11,11,42,1,22,121.5605381,25.0541701
114,12,23,18,10,01大同區,大同區忠孝橋機慢車道往三重(環河快速道路橋下),0,0,1,1,C03,8,5,5,40,10,11,1,5,4,5,13,4,4,10,4,5,2,13,2,19,3,10,5,1,7,12,1,10,1,11,16,1,22,121.5054956,25.049506
114,12,23,18,18,03中山區,中山區伊通街33號,0,0,1,1,B03,8,5,5,30,14,9,1,5,4,5,13,4,4,10,5,5,2,14,1,43,3,10,7,1,7,2,1,8,1,4,12,1,22,121.5350361,25.0504792
114,12,23,18,32,04大安區,大安區四維路124巷30號與四維路124巷口,0,0,1,1,B03,8,5,5,30,4,1,1,5,4,5,13,4,4,10,5,5,2,17,1,44,3,10,3,4,7,1,1,8,1,1,19,1,21,121.5470067,25.0316935
114,12,23,18,50,05中正區,中正區汀州路3段230巷10號,0,0,1,1,C03,8,6,5,30,11,9,1,5,4,5,13,4,4,10,5,5,1,10,2,36,3,10,6,1,7,9,1,10,2,11,42,1,21,121.5343235,25.00999949
114,12,23,18,52,05中正區,中正區忠孝東路2段與臨沂街口,0,0,2,1,B01,8,5,5,50,4,1,1,5,4,5,13,1,1,1,4,5,1,17,1,43,3,10,7,1,7,6,1,4,1,5,9,1,21,121.5308028,25.0430129
114,12,23,19,01,01大同區,大同區延平北路2段73號,0,0,1,1,B03,8,5,5,50,14,9,1,5,4,5,13,4,4,5,4,5,2,17,1,35,3,10,7,1,7,5,1,8,1,5,80,1,21,121.5117082,25.0561497
114,12,23,19,13,11南港區,南港區研究院路2段12巷與研究院路2段2巷10弄口,0,0,1,1,B03,8,5,5,30,4,1,1,5,4,5,9,4,4,9,4,5,2,15,1,38,3,10,3,4,7,9,1,8,1,1,72,1,21,121.6148901,25.0476436
114,12,23,19,25,12內湖區,內湖區陽光街321巷與瑞湖街口,0,0,1,1,B03,8,5,5,50,4,1,1,5,4,5,13,2,1,5,5,5,2,16,1,36,3,10,7,1,7,5,1,8,1,8,71,1,21,121.5764605,25.0712129
114,12,23,19,27,03中山區,中山區中山北路2段92號,0,0,2,1,C03,7,5,5,50,14,9,1,5,4,5,13,4,4,1,5,5,1,16,1,53,2,9,3,4,7,6,1,10,1,12,101,1,21,121.522755,25.0589933
114,12,23,19,28,04大安區,大安區市民大道4段與忠孝東路4段205巷口,0,0,2,1,C03,8,5,5,40,3,1,1,5,4,5,13,4,4,10,4,5,2,16,2,24,2,8,5,1,7,6,1,10,1,12,9,1,21,121.551914,25.0443883
114,12,23,20,25,03中山區,中山區民生東路2段與建國北路2段口,0,0,1,1,B01,7,5,5,50,4,2,1,5,4,5,13,2,1,1,5,5,1,16,1,49,3,10,3,4,7,6,1,4,1,6,71,1,21,121.5362407,25.0578194
114,12,23,20,36,04大安區,大安區通化街與通化街162巷口口,0,0,1,1,C03,8,5,5,50,4,2,1,5,4,5,13,4,4,5,4,5,2,13,1,25,3,10,5,1,7,9,1,10,1,11,16,1,21,121.5537548,25.0286001
114,12,23,21,03,01大同區,大同區延平北路3段與民權西路口,0,0,1,1,,7,5,5,50,4,1,1,5,4,5,13,2,1,1,4,5,2,17,4,0,4,11,3,4,7,21,7,19,11,15,119,2,22,121.5112782,25.0629791
114,12,23,21,22,12內湖區,內湖區新明路22號,0,0,1,1,B01,8,5,5,30,14,9,1,5,4,5,13,3,1,5,4,5,2,17,1,52,3,10,7,1,7,11,1,3,1,8,10,1,21,121.5906667,25.06022
114,12,23,21,43,08士林區,士林區福林路與自祥街口,0,0,1,1,B03,7,5,5,50,3,2,1,5,4,5,13,2,1,5,4,5,1,13,1,25,3,10,7,1,7,12,1,8,2,1,108,1,21,121.5329401,25.09697989
114,12,23,22,03,10文山區,文山區忠順街1段26巷與忠順街1段26巷3弄口,0,0,2,1,C03,8,5,5,30,4,1,1,5,4,5,13,4,4,10,5,5,2,15,1,68,2,9,6,1,7,9,1,9,2,11,72,1,21,121.5593562,24.9835022
114,12,23,22,15,05中正區,中正區忠孝東路1段與林森北路口,0,0,1,1,C03,7,5,5,50,4,2,1,5,4,5,13,1,1,1,4,5,2,17,1,40,3,10,6,1,7,6,1,10,2,13,42,1,22,121.5234159,25.0450907
114,12,23,22,54,03中山區,中山區吉林路與吉林路6巷口,0,0,1,1,B03,7,5,5,50,4,1,1,5,4,5,13,4,4,4,5,5,1,16,2,65,3,10,3,4,7,6,1,8,2,5,74,1,21,121.5299762,25.0490244
114,12,23,22,57,01大同區,大同區延平北路3段與民權西路口,0,0,1,1,B03,8,5,5,50,4,2,1,5,4,5,13,2,1,1,4,5,2,16,2,29,3,10,3,4,7,8,1,8,1,2,118,1,21,121.5109697,25.0630688
114,12,23,23,39,10文山區,文山區景興路與景興路202巷口口,0,0,1,1,B03,7,5,5,50,3,2,1,5,4,5,13,1,1,5,5,5,2,17,1,24,3,10,7,1,7,11,1,8,11,7,10,1,22,121.5437456,24.9916533
114,12,24,00,29,10文山區,文山區興隆路3段112巷與興隆路3段口口,0,0,1,1,B03,7,5,5,50,4,1,1,5,4,5,13,1,1,1,4,5,2,17,1,24,3,10,7,1,7,11,1,8,2,1,10,1,22,121.5574608,24.9993038
114,12,24,01,28,03中山區,中山區龍江路與朱崙街口,0,0,1,1,B01,8,5,5,50,4,1,1,5,4,5,13,1,1,5,5,5,2,1,1,66,3,10,7,1,7,5,1,4,1,1,70,1,22,121.5404587,25.0500778
114,12,24,02,59,04大安區,大安區敦化南路1段187巷與忠孝東路4段147巷口,0,0,1,1,C03,8,5,5,30,4,1,1,5,4,5,13,4,4,10,5,5,2,15,1,42,2,9,3,4,7,9,1,10,1,11,72,1,21,121.5496609,25.0426054
114,12,24,05,25,07信義區,信義區光復南路與菸廠路口,0,0,1,1,B03,8,5,5,50,4,2,1,5,4,5,13,1,1,3,4,5,2,12,1,28,3,10,7,1,7,9,1,8,1,4,44,1,21,121.5578919,25.0450316
114,12,24,06,18,03中山區,中山區民生東路1段與民生東路1段61巷口,0,0,1,1,B02,8,6,5,50,4,1,1,5,4,5,13,4,4,5,4,5,2,17,1,36,3,10,7,1,7,5,1,8,1,4,8,1,21,121.526439,25.0580569
114,12,24,07,20,08士林區,士林區士商路149號,0,0,2,1,B03,8,7,5,50,14,9,1,5,4,5,13,4,4,9,4,5,2,17,1,63,3,10,7,1,7,6,1,8,2,2,44,1,21,121.5176366,25.0937669
114,12,24,07,28,05中正區,中正區愛國東路158號,0,0,2,1,B03,8,6,5,40,14,8,1,5,4,3,10,4,4,1,4,4,1,17,1,73,3,10,7,1,7,15,1,8,1,2,40,1,21,121.5222458,25.0322794
114,12,24,07,36,04大安區,大安區新生南路2段與新生南路2段30巷口,0,0,2,1,B03,8,5,5,30,3,2,1,5,4,5,13,2,1,10,3,5,1,9,2,45,3,10,3,4,7,15,1,8,1,2,44,1,21,121.5329615,25.0318159
114,12,24,07,42,05中正區,中正區延平南路與漢口街1段口,0,0,1,1,B12,8,7,5,50,4,1,1,5,4,5,13,1,1,10,4,5,2,3,2,59,3,10,7,1,7,5,1,8,2,4,70,1,22,121.5105539,25.0451657
114,12,24,07,43,02萬華區,萬華區中華路2段與中華路2段498巷口,0,0,2,1,C03,8,6,5,40,4,1,1,5,4,5,13,4,4,5,4,4,2,3,1,65,2,9,5,1,7,9,1,10,1,11,70,1,21,121.5075773,25.02632336
114,12,24,08,00,03中山區,中山區德惠街105巷與新生北路3段87巷口,0,0,1,1,F02,8,5,5,30,4,1,1,5,4,5,13,4,4,10,5,5,2,15,2,62,2,8,3,4,7,9,8,20,1,11,4,1,21,121.5294239,25.06731292
114,12,24,08,06,04大安區,大安區臥龍街195巷與樂業街口口,0,0,2,1,C03,8,7,5,30,4,1,1,5,4,5,13,4,4,9,5,5,1,17,2,45,2,9,6,1,7,9,1,10,1,12,72,1,21,121.5538799,25.0193918
114,12,24,08,07,03中山區,中山區濱江街337號,0,0,1,1,B03,8,6,5,40,14,9,1,5,4,5,13,4,4,9,4,4,1,17,1,63,3,10,7,1,7,6,1,8,2,5,9,1,21,121.5429861,25.0793037
114,12,24,08,07,07信義區,信義區嘉興街127巷與嘉興街口,0,0,1,1,B02,8,7,5,30,3,1,1,5,4,5,13,4,4,9,5,5,2,16,1,39,3,10,3,4,7,4,1,8,1,5,100,1,21,121.5574828,25.0290659
114,12,24,08,14,02萬華區,萬華區東園街35巷與東園街口,0,0,2,1,C03,8,6,7,50,3,1,1,5,4,5,13,1,1,9,4,5,1,17,1,83,2,8,5,1,7,5,3,18,1,11,71,1,21,121.4957767,25.0274745
114,12,24,08,15,09北投區,北投區公館路與西安街2段口,0,0,1,1,C03,8,7,5,50,4,2,1,5,4,5,13,1,1,4,5,5,2,16,2,48,2,9,5,1,7,5,1,10,1,14,17,1,21,121.50272,25.1215786
114,12,24,08,25,04大安區,大安區和平東路3段與基隆路2段口,0,0,1,1,A02,8,7,5,50,4,2,1,5,4,5,13,2,1,1,4,5,1,17,4,0,,,,,,,,,11,,,,,121.5521615,25.024302
114,12,24,08,26,04大安區,大安區辛亥路1段與泰順街口,0,0,1,1,B01,8,6,5,50,5,2,1,5,4,5,13,2,1,8,3,4,1,17,1,62,3,10,3,4,7,15,1,4,2,4,44,1,21,121.5317104,25.02181
114,12,24,08,30,03中山區,中山區吉林路與錦州街口,0,0,1,1,B03,8,6,5,50,4,1,1,5,4,5,13,1,1,9,4,5,2,16,1,55,3,10,2,1,7,5,1,8,2,6,8,1,21,121.5302069,25.0603467
114,12,24,08,49,09北投區,北投區北投路1段與三合街2段口附近,0,0,1,1,C03,8,7,5,50,14,9,1,5,4,5,13,4,4,5,4,5,2,12,2,20,2,9,5,1,7,9,1,10,2,12,108,1,21,121.5006189,25.1264893
114,12,24,08,50,08士林區,士林區忠誠路1段173巷與德行東路190巷口,0,0,1,1,B02,8,7,5,30,4,1,1,5,4,5,13,4,4,10,5,5,2,15,1,59,3,10,7,1,7,9,1,8,1,1,72,1,21,121.5313048,25.1080688
114,12,24,09,46,02萬華區,萬華區萬大路與德昌街口,0,0,1,1,C03,8,6,5,30,4,1,1,5,4,5,13,2,1,10,5,5,2,13,1,52,2,9,6,1,7,9,1,10,1,14,108,1,26,121.50042,25.0254676
114,12,24,09,46,09北投區,北投區大度路1208580號燈桿,0,0,2,1,C03,8,7,5,30,14,9,1,5,4,5,13,4,4,1,4,5,2,12,1,59,2,9,5,1,7,9,1,10,1,11,17,1,21,121.4612054,25.13934347