發生年度,發生月,發生日,發生時-Hours,發生分,區序,肇事地點,死亡人數,2-30日死亡人數,受傷人數,當事人序號,車種,天候,光線,道路類別,速限-速度限制,道路型態,事故位置,路面狀況1,路面狀況2,路面狀況3,道路障礙1,道路障礙2,號誌1,號誌2,車道劃分-分向,車道劃分-分道1,車道劃分-分道2,車道劃分-分道3,事故類型及型態,性別,年齡,受傷程度,主要傷處,保護裝置,行動電話,車輛用途,當事者行動狀態,駕駛資格情形,駕駛執照種類,飲酒情形,車輛撞擊部位1,肇因碼-個別,個人肇逃否,職業,座標-X,座標-Y
114,12,24,09,53,12內湖區,內湖區康寧路3段245巷與安康路414巷口,0,0,1,1,C03,8,6,5,30,3,2,1,5,4,5,13,4,4,10,5,5,2,17,1,43,3,10,6,1,7,5,1,10,1,14,80,1,22,121.6147179,25.06601771
114,12,24,10,01,04大安區,大安區復興南路1段與復興南路1段122巷口,0,0,1,1,B03,8,6,5,30,3,1,1,5,4,5,13,4,4,9,3,5,2,3,1,47,3,10,7,1,7,6,1,8,9,1,70,1,21,121.5436333,25.0428678
114,12,24,10,15,07信義區,信義區松平路30巷6弄與松平路30巷口,0,0,2,1,F01,8,6,5,30,4,1,1,5,4,5,13,4,4,10,5,5,2,15,2,26,2,9,4,1,7,15,8,20,1,11,74,1,21,121.5636116,25.0299352
114,12,24,10,37,05中正區,中正區水源快速道路往南近師大路匝道,0,0,1,1,B03,8,7,5,60,10,9,1,5,4,5,13,4,4,10,4,5,2,12,2,63,2,9,7,1,7,7,1,8,1,7,100,1,22,121.5200308,25.0208289
114,12,24,11,26,07信義區,信義區信義快速道路往北,0,0,2,1,B12,8,5,5,70,14,9,1,5,4,5,13,4,4,9,4,1,2,13,1,39,2,7,7,1,6,9,1,8,1,1,16,1,22,121.5669455,25.0331968
114,12,24,11,29,09北投區,北投區石牌路2段與石牌路2段324巷口,0,0,1,1,B03,8,7,5,50,4,1,1,5,4,5,13,2,1,10,5,5,2,16,1,75,3,10,7,1,7,5,1,8,1,1,71,1,21,121.5238439,25.1219876
114,12,24,11,40,12內湖區,內湖區康寧路3段190巷33號,0,0,2,1,C03,8,6,5,30,14,9,1,5,4,5,13,4,4,10,5,5,2,17,1,39,2,8,6,1,7,11,1,10,1,14,10,1,21,121.6119716,25.06810585
114,12,24,11,45,05中正區,中正區忠孝東路1段與林森南路口,0,0,1,1,C03,8,7,5,50,4,1,1,5,4,5,13,1,1,10,5,5,2,17,1,55,3,10,5,1,7,6,1,10,2,12,80,1,21,121.5232158,25.0446649
114,12,24,11,48,08士林區,士林區天母北路4巷與天母北路口,0,0,1,1,C03,8,6,5,30,3,1,1,5,4,5,13,4,4,10,5,5,2,15,1,67,2,9,3,4,7,9,1,10,1,14,72,1,21,121.5262501,25.11875004
114,12,24,12,00,03中山區,中山區民權東路1段12巷,0,0,1,1,B03,8,6,5,50,14,8,1,5,4,5,13,4,4,9,4,4,1,17,1,39,3,10,7,1,7,8,1,8,1,6,100,1,21,121.5235551,25.062637
114,12,24,12,05,04大安區,大安區市民高架道西往東,0,0,1,1,B03,8,7,5,80,10,9,1,5,4,5,13,4,4,1,4,5,2,13,1,20,3,10,3,4,7,9,1,8,1,1,16,1,21,121.5518936,25.0444824
114,12,24,12,06,04大安區,大安區和平東路3段228巷與安居街8巷口,0,0,1,1,B12,8,5,5,50,3,1,1,5,4,5,13,4,4,10,5,5,2,8,4,,,,,,,,,,11,,,,,121.5543509,25.0219183
114,12,24,12,10,03中山區,中山區錦西街與天祥路口,0,0,2,1,C03,8,7,5,50,3,18,1,5,4,5,13,4,4,5,4,5,2,3,2,58,2,9,5,4,7,9,1,10,1,11,70,1,21,121.5210926,25.06040253
114,12,24,12,15,12內湖區,內湖區港墘路82巷6號,0,0,2,1,H01,8,7,8,50,3,1,1,5,3,5,13,4,4,9,5,5,2,3,2,68,2,9,4,5,8,16,8,20,10,16,121,1,21,121.5773138,25.0809149
114,12,24,12,24,10文山區,文山區興隆路2段與興隆路2段95巷口,0,0,2,1,B03,8,6,5,50,5,1,1,5,4,5,13,2,1,1,4,5,2,16,1,47,3,10,7,1,7,5,1,8,1,2,80,1,21,121.5471581,24.9993563
114,12,24,12,37,04大安區,大安區復興南路1段191-1號,0,0,1,1,B01,8,6,5,50,14,7,1,5,4,5,13,2,1,1,4,4,2,12,1,65,3,10,7,1,7,8,1,4,1,7,100,1,21,121.5438409,25.0397678
114,12,24,12,39,12內湖區,內湖區成功路2段323巷與成功路2段口,0,0,1,1,C03,8,6,5,50,3,2,1,5,4,5,13,2,1,1,4,5,2,12,1,67,2,9,5,1,7,7,1,10,2,13,100,1,22,121.5901223,25.0706214
114,12,24,12,41,01大同區,大同區民生西路423巷與民生西路口,0,0,1,1,C02,8,6,5,30,4,2,1,5,4,5,13,1,1,5,5,5,2,16,1,27,3,10,6,1,7,11,1,9,2,14,44,1,21,121.5089182,25.0569121
114,12,24,13,39,03中山區,中山區市民大道3段林森抽水站前,0,0,1,1,C03,8,6,5,40,14,9,1,5,4,3,13,4,4,9,4,1,1,17,2,18,2,7,6,1,7,4,1,10,1,12,108,1,21,121.5319818,25.0458439
114,12,24,14,01,12內湖區,內湖區港墘路221巷41號附近側附近,0,0,1,1,B02,8,6,5,50,14,9,1,5,4,5,13,4,4,8,4,5,2,17,1,49,3,10,7,1,7,1,1,8,1,8,19,1,21,121.575024,25.0730631
114,12,24,14,03,08士林區,士林區天母西路62巷與天母西路62巷口,0,0,1,1,B03,8,7,5,30,3,1,1,5,4,5,13,4,4,10,5,5,1,17,1,53,3,10,7,1,7,11,1,8,1,2,80,1,21,121.5240231,25.1181056
114,12,24,14,15,01大同區,大同區延平北路4段與迪化街2段口,0,0,0,1,C03,8,6,5,50,4,2,1,5,4,5,13,1,1,5,4,5,2,12,1,56,4,11,3,4,7,6,1,10,11,12,108,1,21,121.5114379,25.0737802
114,12,24,14,35,12內湖區,內湖區瑞湖街與民權東路6段11巷口,0,0,1,1,B12,8,6,8,50,3,1,1,5,4,5,13,2,1,5,2,5,2,16,1,36,3,10,7,1,6,11,1,8,1,4,80,1,21,121.5767843,25.0675453
114,12,24,14,43,12內湖區,內湖區潭美街與安康路228巷口口,0,0,1,1,B13,8,5,5,40,3,1,1,5,4,5,13,1,1,5,5,5,2,17,1,43,3,10,7,1,7,6,1,8,1,6,80,1,21,121.6036016,25.061205
114,12,24,14,54,03中山區,中山區崇實路與大直街20巷口,0,0,1,1,B02,8,7,5,50,4,1,1,5,4,5,13,1,1,10,4,5,2,17,1,63,3,10,7,1,7,11,1,6,1,4,10,1,21,121.54453,25.08116588
114,12,24,15,03,08士林區,士林區中山北路4段北向南,0,0,1,1,C03,8,6,5,30,14,11,1,5,4,5,13,2,1,1,4,3,1,13,2,20,2,9,5,1,7,9,1,10,2,11,42,1,21,121.5250898,25.0769741
114,12,24,15,04,01大同區,大同區民權西路與承德路3段口,0,0,2,1,B03,8,5,5,50,3,1,1,5,4,5,13,4,4,1,5,5,2,16,1,31,3,10,7,1,7,6,1,8,1,5,9,1,21,121.518427,25.0632336
114,12,24,15,07,02萬華區,萬華區長順街與長順街14巷口,0,0,1,1,C03,8,6,5,30,4,1,1,5,4,5,13,4,4,10,5,5,2,15,2,32,2,9,3,4,7,9,1,10,1,14,44,1,21,121.4902671,25.0315877
114,12,24,15,07,10文山區,文山區萬壽路與指南路2段197巷口,0,0,2,1,C03,8,7,5,40,3,1,1,5,4,5,13,3,1,10,5,5,2,17,1,29,2,7,5,1,7,6,1,10,1,12,17,1,21,121.5775999,24.9887507
114,12,24,15,30,04大安區,大安區新生南路3段與辛亥路2段口,0,0,1,1,B03,8,7,5,50,4,1,1,5,4,5,13,2,1,1,4,5,1,17,1,37,3,10,7,1,7,6,1,8,1,1,71,1,21,121.5346594,25.0222614
114,12,24,15,40,12內湖區,內湖區民權東路6段123巷43弄40號,0,0,1,1,B03,8,6,5,30,14,9,1,5,4,5,13,4,4,9,5,5,2,17,1,74,3,10,7,1,7,5,1,8,2,1,80,1,22,121.5937078,25.0703566
114,12,24,15,58,12內湖區,內湖區金龍路與內湖路3段141巷口,0,0,2,1,C03,8,6,5,50,4,1,1,5,4,5,13,2,1,5,4,5,2,17,1,32,2,9,6,1,7,5,1,10,1,12,8,1,21,121.5892422,25.0862785
114,12,24,16,14,08士林區,士林區文林路與文林路615巷口,0,0,2,1,C03,8,7,5,30,4,2,1,5,4,5,13,2,1,10,5,5,2,11,1,72,2,9,5,1,7,9,1,10,1,14,5,1,21,121.5232287,25.0995746
114,12,24,16,18,08士林區,士林區通河西街1段堤外 百齡左岸NO.074燈桿,0,0,1,1,C03,8,6,5,40,14,9,1,5,4,5,13,4,4,9,5,5,1,11,1,36,2,9,5,1,7,4,1,10,2,11,5,1,21,121.5137435,25.08549045
114,12,24,16,20,09北投區,北投區中央北路4段532號,0,0,1,1,C03,8,6,5,50,14,9,1,5,4,5,13,4,4,5,4,5,2,12,2,20,2,9,5,1,7,1,1,10,2,14,80,1,21,121.4681008,25.1281025
114,12,24,16,21,08士林區,士林區復興橋與至誠路1段口,0,0,2,1,C03,8,5,8,0,22,22,1,5,4,5,13,4,4,4,5,5,1,17,1,30,2,9,5,1,7,7,1,10,1,11,14,1,21,121.5373606,25.100566
114,12,24,16,33,05中正區,中正區新生南路1段144號,0,0,1,1,B03,8,6,5,50,14,9,1,5,4,5,13,4,4,1,4,4,2,16,2,19,3,10,7,1,7,6,1,8,1,2,9,1,22,121.5325692,25.0354712
114,12,24,16,47,07信義區,信義區松智路與松高路口,0,0,2,1,C03,8,6,5,50,3,1,1,5,4,5,13,2,1,10,5,5,2,13,1,33,2,8,5,1,7,5,1,10,1,12,108,1,21,121.5654968,25.0391563
114,12,24,17,30,12內湖區,內湖區內湖路1段與內湖路1段120巷口口,0,0,1,1,A04,8,5,5,50,4,1,1,5,4,5,13,2,1,1,3,4,2,12,1,36,3,10,7,1,7,9,1,2,1,2,17,1,21,121.5636813,25.0830579
114,12,24,17,44,07信義區,信義區信義路6段15巷1號與信義路6段15巷口,0,0,1,1,C04,8,5,5,30,3,1,1,5,4,5,13,4,4,10,5,5,2,16,2,45,2,5,5,1,7,5,1,11,2,12,74,1,21,121.5751523,25.0343713
114,12,24,17,59,11南港區,南港區南港路2段138號,0,0,1,1,C03,8,6,5,40,14,9,1,5,4,5,13,4,4,5,4,5,2,16,1,50,3,10,6,1,7,11,1,10,9,12,80,1,21,121.6011508,25.0534268
114,12,24,18,00,01大同區,大同區承德路1段48號,0,0,2,1,B02,8,5,5,50,14,9,1,5,4,5,13,4,4,9,4,5,2,17,2,63,3,10,7,1,7,7,1,8,1,4,80,1,21,121.5170404,25.0511564
114,12,24,18,11,05中正區,中正區羅斯福路4段與基隆路4段口,0,0,1,1,C03,8,5,5,50,4,2,1,5,4,5,13,1,1,1,4,5,2,12,1,30,2,9,5,1,7,5,1,10,1,14,8,1,22,121.5370032,25.0112747
114,12,24,18,18,08士林區,士林區福華路與德行西路93巷6弄口口,0,0,2,1,C03,8,5,5,40,3,2,1,5,4,5,13,3,1,10,4,5,2,16,2,59,2,9,6,1,7,6,1,10,1,14,72,1,21,121.5215901,25.1052631
114,12,24,18,20,09北投區,北投區大業路與承德路7段口,0,0,1,1,B03,7,5,5,50,5,2,1,5,4,5,13,2,1,1,4,5,2,16,2,74,3,10,7,1,7,5,1,8,2,4,17,1,21,121.4998519,25.1208272
114,12,24,18,40,08士林區,士林區天母西路83巷與天母西路口,0,0,1,1,C03,8,5,5,50,3,1,1,5,4,5,13,4,4,5,5,5,1,13,1,58,2,7,6,1,7,9,1,10,1,11,16,1,21,121.5250914,25.1185028
114,12,24,18,46,07信義區,信義區忠孝東路5段8號,0,0,1,1,B01,8,6,5,50,14,9,1,5,4,5,13,4,4,3,4,5,2,13,1,45,3,10,3,4,7,15,1,4,9,8,116,1,21,121.5648599,25.0410553
114,12,24,18,48,04大安區,大安區和平東路1段83號,0,0,3,1,C03,8,5,5,50,14,9,1,5,4,5,13,4,4,10,5,5,2,17,1,46,2,9,3,4,7,9,1,10,1,15,80,1,21,121.5254038,25.0269494
114,12,24,18,56,12內湖區,內湖區民權大橋與行愛路口,0,0,1,1,C03,7,5,5,50,4,4,1,5,4,5,13,2,1,1,4,5,2,13,1,31,3,10,6,1,7,12,1,10,1,11,16,1,22,121.5783318,25.066587
114,12,24,19,15,03中山區,中山區長安西路與中山北路1段口,0,0,1,1,B01,7,5,5,50,4,1,1,5,4,5,13,2,1,4,5,5,1,16,1,67,3,10,3,4,7,6,1,4,1,2,44,1,21,121.5214263,25.04985448
114,12,24,19,16,05中正區,中正區基隆路4段與汀州路3段口,0,0,1,1,B03,8,5,5,50,4,1,1,5,4,5,13,1,1,1,4,5,2,12,1,55,3,10,7,1,7,9,1,8,1,2,17,1,21,121.5365008,25.0110644
114,12,24,19,17,05中正區,中正區辛亥車行地下道(往師大路方向),0,0,1,1,B03,8,6,5,40,7,9,1,5,4,5,13,4,4,2,3,5,1,13,1,37,3,10,7,1,7,9,1,8,1,5,108,1,21,121.5359573,25.03511464
114,12,24,19,22,12內湖區,內湖區成功路2段與安康路口,0,0,1,1,C04,8,5,5,50,3,1,1,4,4,5,13,4,4,1,3,5,1,12,2,67,2,9,3,4,7,15,1,21,1,14,101,1,21,121.5910364,25.062056
114,12,24,19,28,12內湖區,內湖區內湖路1段與文湖街口,0,0,1,1,B03,7,5,5,50,3,2,1,5,4,5,13,4,4,1,4,5,2,16,1,67,3,10,3,4,7,6,1,8,1,7,74,1,22,121.559615,25.0849545
114,12,24,19,30,11南港區,南港區忠孝東路7段99號,0,0,3,1,C03,7,5,5,40,14,5,1,5,4,4,12,4,4,1,4,4,2,17,2,52,2,9,3,4,7,11,1,10,1,13,10,1,21,121.598413,25.0511975
114,12,24,20,22,07信義區,信義區松仁路與松廉路口,0,0,1,1,C03,8,5,5,50,3,1,1,5,4,5,13,4,4,1,4,5,2,17,1,22,2,9,3,4,7,6,1,10,1,12,9,1,21,121.5682128,25.0340299
114,12,24,20,48,09北投區,北投區承德路7段401巷與承德路7段401巷620弄口,0,0,1,1,C03,8,5,5,50,5,2,1,5,4,5,13,4,4,5,5,5,1,17,1,36,2,9,6,1,7,5,1,10,1,14,44,1,22,121.4853372,25.1164869
114,12,24,21,06,10文山區,文山區辛亥路7段與辛亥路7段76巷口,0,0,2,1,C03,7,5,5,40,3,2,1,5,4,5,13,2,1,5,4,4,2,16,1,22,2,9,6,1,7,5,1,10,2,11,8,1,21,121.5537566,24.9822444
114,12,24,21,28,02萬華區,萬華區長沙街2段85號,0,0,3,1,C03,7,5,5,50,14,9,1,5,4,5,13,4,4,9,5,5,2,16,2,45,2,9,3,4,7,11,1,10,1,14,10,1,22,121.5048877,25.0404978
114,12,24,21,50,11南港區,南港區市民大道8段西往東(240燈桿),0,0,1,1,C03,7,5,5,50,14,9,1,5,4,5,13,4,4,1,4,5,2,13,2,25,2,8,6,1,7,9,1,10,1,11,108,1,21,121.6046825,25.0528719
114,12,24,21,51,09北投區,北投區石牌路1段與自強街5巷口,0,0,1,1,C03,8,5,5,50,4,2,1,5,4,5,13,1,1,5,4,5,2,16,1,47,2,9,5,1,7,5,1,10,2,12,71,1,21,121.5103519,25.1130286
114,12,24,21,54,01大同區,大同區大龍街91巷2-3號,0,0,2,1,C03,8,5,5,30,14,9,1,5,4,5,13,4,4,10,5,5,2,10,1,56,2,8,6,1,7,9,1,10,2,11,5,1,21,121.5166063,25.0670794
114,12,24,22,03,09北投區,北投區承德路7段97號,0,0,2,1,C03,8,5,5,60,14,9,1,5,4,5,13,4,4,1,4,5,2,13,1,19,2,9,6,1,7,9,1,10,1,14,42,1,22,121.5096668,25.1118873
114,12,24,22,25,10文山區,文山區景興路與景興路153巷口口,0,0,1,1,B03,7,5,5,50,3,1,1,5,4,5,13,1,1,1,4,5,2,17,1,27,3,10,7,1,7,6,1,8,2,2,17,1,22,121.5445592,24.9938278
114,12,24,22,45,06松山區,松山區市民大道4段129號,0,0,1,1,C03,8,5,5,40,14,9,1,5,4,5,13,4,4,1,4,5,2,17,1,37,2,9,6,1,7,9,1,10,2,11,116,1,21,121.5504037,25.044763
114,12,24,23,45,08士林區,士林區延平北路7段106巷與堤外便道口,0,0,1,1,B11,6,5,5,30,3,1,1,4,4,5,13,4,4,10,5,5,1,17,1,26,3,10,7,3,7,5,1,4,2,1,74,1,22,121.4961048,25.1016486
114,12,25,00,15,06松山區,松山區民權東路3段與復興北路口,0,0,1,1,C03,6,5,5,50,4,1,1,4,4,5,13,1,1,1,4,5,2,17,2,40,2,9,6,1,7,9,1,10,1,12,42,1,22,121.5443228,25.06226241
114,12,25,04,09,01大同區,大同區承德路2段235號28號停車格,0,0,3,1,F03,7,6,5,50,14,9,1,5,4,5,13,4,4,9,5,5,2,11,1,15,2,9,3,4,7,9,8,20,9,14,101,2,21,121.5183664,25.0619426
114,12,25,04,48,05中正區,中正區汀州路1段與寧波西街口,0,0,2,1,C03,6,5,5,50,4,18,1,4,4,5,13,2,1,5,4,5,2,3,1,44,2,9,6,1,7,9,1,10,2,14,70,1,22,121.5109782,25.0270099
114,12,25,06,50,10文山區,文山區木柵路1段與試院路口（雙號）,0,0,1,1,C03,6,6,5,50,4,2,1,4,4,5,11,2,1,5,4,5,2,18,2,62,2,9,3,4,7,9,1,10,2,17,118,1,21,121.550302,24.9875382
114,12,25,07,00,02萬華區,萬華區堤外便道（忠孝橋下）,0,0,2,1,C03,6,7,7,40,14,11,1,4,4,5,13,4,4,9,5,5,2,17,2,19,2,9,5,1,7,12,1,10,1,11,44,1,21,121.5048394,25.0496474
114,12,25,07,45,01大同區,大同區環河北路1段171號,0,0,1,1,,6,6,5,50,14,9,1,4,4,5,13,4,4,10,4,5,2,12,4,0,,,,,,,,,11,,119,2,,121.5079691,25.0555637
114,12,25,08,11,04大安區,大安區基隆路4段與羅斯福路4段113巷口,0,0,1,1,B03,6,6,5,50,5,2,1,4,4,5,13,4,4,1,4,5,2,17,1,43,3,10,3,4,7,6,1,8,1,5,17,1,21,121.5375794,25.0116793
114,12,25,09,09,11南港區,南港區忠孝東路6段與忠孝東路6段185巷口,0,0,1,1,B03,7,6,5,50,3,1,1,5,4,5,13,4,4,3,4,4,2,16,1,20,3,10,3,4,7,6,1,8,1,6,9,1,22,121.5873162,25.0489545
114,12,25,10,08,01大同區,大同區台北橋機慢車道東向西上橋處,0,0,1,1,B01,6,6,5,50,14,11,1,4,4,5,13,4,4,10,4,5,2,13,2,49,3,10,3,4,7,3,1,4,1,3,97,1,21,121.5109768,25.063064
114,12,25,11,30,05中正區,中正區中華路1段23號,0,0,1,1,B01,7,7,5,50,14,9,1,5,4,5,13,4,4,1,4,5,2,16,1,62,3,10,7,1,7,8,1,4,1,5,100,1,21,121.5097378,25.0465896
114,12,25,11,33,10文山區,文山區興隆路1段與興隆路1段202巷口,0,0,1,1,C03,7,6,5,30,3,1,1,5,4,5,13,4,4,10,5,5,2,16,1,77,2,8,5,1,7,5,1,10,2,14,72,1,21,121.5434541,25.0002301
114,12,25,11,35,05中正區,中正區愛國西路16號,0,0,1,1,C03,8,6,5,50,14,9,1,5,4,5,13,4,4,1,4,5,1,17,1,28,3,10,6,1,7,9,3,18,2,17,44,1,21,121.5120886,25.0350295
114,12,25,12,08,10文山區,文山區木柵路3段與木柵路3段48巷口口,0,0,1,1,B03,7,7,5,50,4,18,1,5,4,5,13,2,1,5,2,5,2,3,1,51,3,10,7,1,7,6,1,8,2,5,9,1,21,121.5653888,24.9883651
114,12,25,12,30,05中正區,中正區市民大道1段168號與市民大道1段口迴轉道,0,0,2,1,C03,7,7,5,40,3,1,1,5,4,5,13,4,4,1,4,5,2,16,1,28,2,9,5,1,7,5,1,10,2,14,103,1,21,121.5185886,25.0483437
114,12,25,12,33,03中山區,中山區吉林路與農安街口,0,0,1,1,B03,7,6,5,50,4,1,1,5,4,5,13,1,1,5,4,5,1,17,1,62,3,10,7,1,7,5,1,8,2,8,8,1,21,121.5303129,25.0648508
114,12,25,12,35,03中山區,中山區林森北路與民生東路1段23巷口,0,0,1,1,B03,7,6,5,50,4,1,1,5,4,5,13,1,1,9,4,5,2,16,1,57,3,10,7,1,7,6,1,8,1,2,9,1,21,121.52549,25.0590489
114,12,25,12,40,02萬華區,萬華區東園街73巷40弄與東園街73巷口,0,0,1,1,B03,6,7,5,30,4,1,1,4,4,5,13,4,4,10,5,5,2,15,1,58,3,10,7,1,7,9,1,8,1,1,72,1,21,121.497603,25.0263843
114,12,25,13,30,09北投區,北投區北投路1段55號與無名巷口,0,0,1,1,B03,8,6,5,50,3,2,1,5,4,5,13,1,1,5,4,5,2,16,1,26,3,10,7,1,7,11,1,8,2,4,10,1,21,121.500902,25.1253076
114,12,25,14,26,02萬華區,萬華區興義街與西園路2段320巷口,0,0,1,1,C03,6,6,5,30,4,1,1,4,4,5,13,4,4,10,5,5,2,15,1,75,2,6,5,1,7,9,1,10,1,11,72,1,21,121.4919042,25.0268198
114,12,25,14,32,11南港區,南港區興南街166號,0,0,1,1,B03,8,6,5,30,11,9,1,5,4,5,13,4,4,9,5,5,2,10,1,54,3,10,3,4,7,9,1,8,1,8,5,1,22,121.5978588,25.0547871
114,12,25,15,09,03中山區,中山區建國北路2段與民生東路2段口,0,0,2,1,B03,7,7,5,50,4,1,1,5,4,1,13,1,1,1,4,4,2,16,1,57,3,10,7,1,7,6,1,8,2,2,9,1,21,121.5365344,25.05794703
114,12,25,15,28,10文山區,文山區興隆路1段70巷11弄與景明街口,0,0,1,1,C03,7,6,5,30,4,1,1,5,4,5,13,4,4,10,5,5,2,15,1,76,2,7,6,1,7,9,1,10,1,11,72,1,21,121.5409218,25.0015344
114,12,25,16,08,03中山區,中山區撫順街與中山北路3段36巷口,0,0,1,1,B03,7,6,5,50,5,1,1,5,4,5,13,4,4,8,5,5,1,16,2,48,3,10,3,4,7,5,1,8,1,8,80,1,21,121.5221345,25.0638664
114,12,25,17,00,10文山區,文山區萬芳路13號,0,0,1,1,C03,6,5,5,50,14,9,1,4,4,5,13,4,4,5,4,5,2,18,1,65,2,9,6,1,7,9,1,10,1,14,42,1,21,121.5659116,24.9987083
114,12,25,17,04,04大安區,大安區基隆路3段與辛亥路3段口,0,0,1,1,B11,6,5,5,50,4,2,1,4,4,5,13,2,1,1,4,5,2,16,1,34,3,10,7,1,7,6,1,8,1,5,9,1,21,121.5465805,25.0188662
114,12,25,17,16,07信義區,信義區忠孝東路5段與基隆路1段口,0,0,1,1,B02,6,5,5,50,4,4,1,4,4,5,13,1,1,3,3,5,2,13,1,41,3,10,3,1,7,9,1,8,1,1,16,1,21,121.5649315,25.0412281
114,12,25,17,20,09北投區,北投區中央北路4段與中央北路4段180巷口,0,0,2,1,C03,6,5,5,30,3,1,1,4,4,5,13,4,4,5,4,5,2,16,1,31,2,9,5,1,7,5,1,10,2,14,72,1,21,121.4750849,25.1328052
114,12,25,17,25,12內湖區,內湖區星雲街與星雲街33巷口,0,0,1,1,C03,6,5,5,40,3,2,1,4,4,5,13,2,1,5,5,5,2,13,2,21,3,10,6,1,7,9,1,10,1,11,16,1,22,121.5914651,25.0785661
114,12,25,17,37,03中山區,中山區中山北路3段與中山北路3段36巷口,0,0,1,1,B01,6,5,5,50,3,1,1,4,4,5,13,4,4,5,4,3,2,17,1,62,3,10,7,1,7,7,1,4,1,7,100,1,21,121.5221616,25.06574683
114,12,25,17,40,01大同區,大同區重慶北路1段與天水路口,0,0,1,1,B03,6,6,5,50,5,1,1,4,4,5,13,4,4,1,4,5,2,9,1,55,3,10,7,1,7,6,1,8,2,5,70,1,21,121.5141207,25.0535713
114,12,25,17,43,04大安區,大安區基隆路3段與辛亥路3段口,0,0,1,1,B03,6,5,5,50,4,1,1,4,4,5,13,2,1,10,5,5,2,17,1,60,3,10,3,4,7,8,1,8,9,17,80,1,21,121.5467102,25.0191202
114,12,25,17,48,04大安區,大安區光復南路456巷與光復南路420巷1弄口,0,0,1,1,F03,6,6,5,30,4,1,1,4,4,5,13,4,4,10,5,5,2,3,1,65,3,10,6,1,7,9,8,20,9,14,108,2,21,121.5568757,25.0354433
114,12,25,17,56,09北投區,北投區公館路232號,0,0,2,1,C03,6,5,5,30,14,9,1,4,4,5,13,4,4,9,4,5,1,13,1,22,2,9,6,1,7,9,1,10,2,11,16,1,21,121.5080018,25.1263846
114,12,25,17,57,10文山區,文山區木柵路1段142號,0,0,2,1,C03,6,5,5,50,14,9,1,4,4,5,13,4,4,5,4,5,2,13,2,27,2,8,5,1,7,9,1,10,1,11,108,1,21,121.5515668,24.9876609
114,12,25,17,59,06松山區,松山區健康路與塔悠路口,0,0,2,1,C03,6,5,5,50,3,1,1,4,4,5,13,2,1,1,4,5,2,17,1,19,2,9,5,1,7,7,1,10,1,14,100,1,21,121.5699691,25.0543615
114,12,25,18,18,09北投區,北投區中央北路2段88號,0,0,1,1,C03,6,5,5,50,14,9,1,4,4,5,13,4,4,5,4,5,2,13,1,61,2,9,6,1,7,9,1,10,1,11,42,1,22,121.4922368,25.1382253
114,12,25,18,29,10文山區,文山區忠順街2段85巷與忠順街2段85巷1弄口,0,0,1,1,B03,6,5,5,30,3,1,1,4,4,5,13,4,4,10,5,5,2,16,2,36,3,10,7,1,7,5,1,8,1,1,72,1,21,121.5655676,24.9855338
114,12,25,19,49,03中山區,中山區內湖路1段與堤頂大道2段口,0,0,1,1,C03,6,5,5,50,14,7,2,4,4,5,13,1,1,5,4,4,1,12,1,56,2,7,6,1,7,9,1,10,1,14,99,1,21,121.5605035,25.0844528
114,12,25,20,10,01大同區,大同區民生西路與萬全街口,0,0,1,1,C03,7,5,5,50,4,4,1,4,4,5,13,2,1,5,4,5,2,18,1,28,2,9,5,4,7,9,1,10,1,14,44,1,21,121.5211355,25.0578545
114,12,25,20,15,07信義區,信義區忠孝東路5段790巷70弄與大道路口,0,0,3,1,F01,7,5,5,50,3,1,1,4,4,5,13,4,4,5,2,5,2,16,1,14,2,9,4,1,7,11,8,20,1,11,99,1,15,121.5828246,25.0401703
114,12,25,20,36,12內湖區,內湖區民權東路6段與瑞光路口,0,0,1,1,B03,6,5,5,50,4,1,1,4,4,5,13,2,1,3,4,5,2,17,1,77,3,10,7,1,7,5,1,8,1,5,44,1,21,121.5840144,25.0691199
114,12,25,20,53,01大同區,大同區延平北路4段與迪化街2段口口,0,0,2,1,C03,7,5,5,50,3,1,1,4,4,5,13,2,1,5,5,5,2,3,1,25,2,8,6,1,7,9,1,10,1,11,108,1,21,121.5114597,25.0742161
114,12,25,21,13,01大同區,大同區民族西路200號,0,0,1,1,C03,7,5,5,50,14,9,1,4,4,5,13,4,4,5,4,5,2,17,2,19,2,7,5,4,7,9,1,10,1,14,44,1,21,121.5147664,25.0684109
114,12,25,21,17,04大安區,大安區大安路1段170號,0,0,2,1,C03,8,5,5,50,14,9,1,5,4,5,13,4,4,8,3,5,1,16,2,55,2,9,6,1,7,5,1,10,1,14,101,1,21,121.5460341,25.0370241
114,12,25,21,25,08士林區,士林區忠誠路1段與德行東路132巷3弄口,0,0,1,1,B03,7,5,5,50,14,7,1,5,4,5,13,4,4,1,4,4,2,17,1,65,3,10,7,1,7,9,1,4,2,2,17,1,22,121.5299911,25.1074465
114,12,25,22,05,03中山區,中山區建國北路2段與民權東路口側附近3段口,0,0,1,1,C03,6,5,5,50,14,8,1,4,4,5,13,1,1,7,4,4,1,12,1,59,2,7,6,1,7,9,1,10,1,11,44,1,21,121.5373014,25.062274
114,12,25,22,12,07信義區,信義區松高路與無名巷口,0,0,1,1,C03,7,5,5,30,3,1,1,4,4,5,13,4,4,5,4,5,2,17,1,28,3,10,6,1,7,1,1,10,1,11,19,1,21,121.5625298,25.0391932